param_id,trial_type,trial_number,count,sd_sample,mean_sample,ub_sample,lb_sample
0,background,1,838,448.15365081280135,20.693675417661098,22.210834093933563,19.17651674138863
0,background,2,758,279.03366614461635,9.21721635883905,10.2104423551385,8.223990362539599
0,background,3,679,208.07621958766623,6.983726067746686,7.766278845536868,6.201173289956505
0,background,4,599,157.95467371169622,5.771285475792988,6.403763070281594,5.138807881304381
0,background,5,519,138.27595406897106,5.189884393063584,5.78470918374515,4.595059602382017
0,background,6,439,114.86329403159858,4.708997722095672,5.246246062157708,4.171749382033637
0,background,7,359,84.6063018680611,4.255988857938719,4.693593140892131,3.818384574985306
0,background,8,279,73.06257231773469,4.09910394265233,4.527769838006337,3.6704380472983225
0,background,9,200,53.661119905138804,3.8495,4.221352589355683,3.477647410644317
0,background,10,120,40.68317898876117,3.725,4.08895721577169,3.3610427842283097
0,background,11,40,27.44324286499991,3.6,4.025237453789366,3.1747625462106344
0,deviant,1,39,96.93934620217564,20.876923076923077,22.39814949368888,19.355696660157275
0,deviant,2,40,92.37412488012224,15.102500000000001,16.533851894281472,13.67114810571853
0,deviant,3,39,89.42524075567549,13.789743589743589,15.193054462910201,12.386432716576977
0,deviant,4,40,89.09375605743116,13.36125,14.741772052760439,11.980727947239561
0,deviant,5,40,85.62341047314473,12.49,13.816748490820599,11.163251509179402
0,deviant,6,40,84.68551731025362,11.8375,13.149715685697087,10.525284314302914
0,deviant,7,40,82.94614613045465,11.4175,12.702763850036455,10.132236149963546
0,deviant,8,40,66.67004377411271,9.6275,10.66056303114369,8.594436968856309
0,deviant,9,40,81.13599694340361,11.25125,12.508465297791115,9.994034702208886
0,deviant,10,40,73.86221169034592,10.53,11.674506827599142,9.385493172400857
0,deviant,11,40,75.51913316295554,9.64125,10.811431091810826,8.471068908189173
1,background,1,839,854.666347640688,39.371692491060784,42.26331568296522,36.48006929915635
1,background,2,759,506.4164294333275,15.010276679841898,16.811688361086027,13.208864998597768
1,background,3,679,357.218928890806,10.617378497790869,11.96084131942752,9.273915676154218
1,background,4,599,277.5187333648327,8.763606010016694,9.874838598325457,7.6523734217079316
1,background,5,520,240.8085776143192,7.825673076923077,8.86056823808441,6.790777915761744
1,background,6,440,183.2908674900721,6.947727272727272,7.804056099727831,6.091398445726713
1,background,7,360,154.5174747399141,6.320972222222222,7.119063247732471,5.522881196711974
1,background,8,280,111.466398052224,5.795357142857143,6.4481734997213636,5.142540785992923
1,background,9,200,119.88758989372637,5.89875,6.7295286123808635,5.067971387619136
1,background,10,120,64.75085855964016,5.223333333333334,5.802603262232043,4.6440634044346245
1,background,11,40,38.846120174755924,5.0125,5.6144268682629495,4.410573131737051
1,deviant,1,40,179.44045339830558,36.70375,39.48420863184854,33.92329136815146
1,deviant,2,40,182.5581017821882,29.82375,32.65251709404794,26.99498290595206
1,deviant,3,40,160.58495046482244,23.0175,25.505789586929353,20.529210413070643
1,deviant,4,40,179.5465853637698,24.44125,27.223353163691286,21.659146836308715
1,deviant,5,39,155.21880990192014,20.584615384615386,23.020395728226276,18.148835041004496
1,deviant,6,40,161.15069769759316,21.125,23.62205593112327,18.62794406887673
1,deviant,7,40,172.1354041689886,21.64625,24.313515721325473,18.978984278674524
1,deviant,8,40,169.02566762414955,20.53125,23.15032985434218,17.91217014565782
1,deviant,9,40,147.7301950391855,17.5775,19.866603087973196,15.288396912026805
1,deviant,10,40,153.1721254014581,18.8775,21.25092667255595,16.504073327444054
1,deviant,11,40,158.06366971638522,19.51375,21.962971936978956,17.064528063021047
2,background,1,839,231.5008070919203,19.526758045292013,20.31000299764039,18.743513092943637
2,background,2,759,144.4720788905156,7.9800395256917,8.493951941247053,7.466127110136347
2,background,3,679,97.44809684620508,5.885567010309279,6.2520590536022675,5.51907496701629
2,background,4,599,71.92812567527322,4.94465776293823,5.232670310045295,4.6566452158311655
2,background,5,519,58.185660197608655,4.482947976878613,4.73324654383298,4.232649409924246
2,background,6,439,47.12821258071042,4.076993166287016,4.297425238974328,3.856561093599704
2,background,7,359,39.190190770543325,3.8449860724233984,4.047687230047511,3.642284914799286
2,background,8,280,34.03546911524412,3.6051785714285716,3.8045113868799905,3.4058457559771527
2,background,9,200,26.9111109903854,3.48375,3.6702344848915405,3.2972655151084598
2,background,10,120,19.127893657940326,3.372916666666667,3.5440373876222275,3.201795945711106
2,background,11,40,11.640559762268623,3.23375,3.4141223422315776,3.0533776577684226
2,deviant,1,39,49.92489095473425,19.93846153846154,20.721910838976726,19.15501223794635
2,deviant,2,40,94.42559030931794,20.75875,22.2218896804385,19.295610319561497
2,deviant,3,40,93.69887377854883,18.5325,19.984379091130922,17.080620908869076
2,deviant,4,40,88.85741091031299,16.72625,18.103109846764216,15.349390153235785
2,deviant,5,40,89.1316737369937,16.39625,17.777359593292367,15.01514040670763
2,deviant,6,40,98.09338998064415,16.01625,17.53622282515528,14.496277174844717
2,deviant,7,40,88.31398828224094,13.78375,15.152189425903982,12.415310574096017
2,deviant,8,40,98.38027722754406,16.7225,18.24691818910139,15.19808181089861
2,deviant,9,40,83.82279240347336,14.01625,15.315097624769134,12.717402375230865
2,deviant,10,40,81.51506157243516,12.7425,14.005588965071032,11.479411034928967
2,deviant,11,40,85.97975587923376,13.27625,14.608520120093795,11.943979879906204
3,background,1,837,470.97928493948143,36.662186379928315,38.25757008775132,35.06680267210531
3,background,2,757,281.1967189297239,13.502113606340819,14.503699927956088,12.50052728472555
3,background,3,677,187.40901652184243,9.68751846381093,10.393384398066289,8.981652529555571
3,background,4,597,137.5365884333864,7.953015075376884,8.504656863672214,7.401373287081554
3,background,5,517,112.9973800348346,7.043230174081238,7.5302528450651725,6.556207503097303
3,background,6,438,87.28522513183883,6.274885844748859,6.683609484214823,5.866162205282895
3,background,7,359,73.32754562487702,5.844707520891365,6.223975345100821,5.465439696681909
3,background,8,279,63.44251438569368,5.555913978494623,5.928137969108921,5.183689987880326
3,background,9,199,48.87917434051567,5.294472361809046,5.634037736270955,4.954906987347137
3,background,10,119,39.630829307231856,5.1760504201680675,5.532079732454894,4.820021107881241
3,background,11,40,21.68627992169485,4.9225,5.258532388789815,4.586467611210185
3,deviant,1,40,98.43005798936356,36.93125,38.45643954999733,35.40606045000267
3,deviant,2,40,207.58631052116482,38.05625,41.27283320635749,34.83966679364251
3,deviant,3,40,196.65706860313702,33.78625,36.833482848313714,30.73901715168629
3,deviant,4,40,180.9632632099094,31.34625,34.15030481434335,28.542195185656652
3,deviant,5,40,194.89410755047146,30.50125,33.521165483786014,27.481334516213984
3,deviant,6,39,174.2642654433958,26.51153846153846,29.246190741304222,23.7768861817727
3,deviant,7,40,190.9671437708592,28.53625,31.49531654960648,25.57718345039352
3,deviant,8,40,177.2693163700808,25.732499999999998,28.479316515053092,22.985683484946904
3,deviant,9,40,173.57233438298252,25.60625,28.29578118566865,22.91671881433135
3,deviant,10,40,171.02305169340863,24.9025,27.55252964114505,22.25247035885495
3,deviant,11,39,158.95921357048599,22.45128205128205,24.945758900418397,19.956805202145702
4,background,1,836,229.41953640483743,19.530562200956936,20.308156977917847,18.752967423996026
4,background,2,756,142.4882728323171,7.915013227513228,8.422873568766926,7.407152886259529
4,background,3,676,97.3113289234203,5.919970414201184,6.286759269374076,5.553181559028292
4,background,4,597,73.95163782393266,4.9757956448911225,5.272406271933985,4.67918501784826
4,background,5,518,59.83928035733896,4.479633204633204,4.737293534092273,4.221972875174136
4,background,6,438,47.131339445158304,4.080821917808219,4.301520123739799,3.8601237118766396
4,background,7,358,40.52832018283148,3.8702513966480447,4.080166248051544,3.660336545244546
4,background,8,278,32.750612690130666,3.6591726618705036,3.851669281234299,3.466676042506708
4,background,9,199,26.983913336418954,3.501005025125628,3.6884632373428876,3.3135468129083683
4,background,10,120,23.80695387132884,3.4379166666666667,3.6508968924599254,3.224936440873408
4,background,11,40,10.61751284187443,3.2725,3.437020065965411,3.107979934034589
4,deviant,1,40,52.15992613814596,20.25,21.05822642899519,19.44177357100481
4,deviant,2,40,94.59947423910869,20.66875,22.134584039845038,19.20291596015496
4,deviant,3,40,90.93577837943482,17.78,19.189064484348616,16.370935515651386
4,deviant,4,40,94.4152641539659,17.6575,19.120479675003615,16.194520324996382
4,deviant,5,40,82.61953063353279,15.10625,16.386452890478488,13.826047109521513
4,deviant,6,40,91.74719270049114,16.435,17.85663747951364,15.013362520486359
4,deviant,7,40,84.91278807663406,14.55625,15.871987282707025,13.240512717292976
4,deviant,8,40,89.53984705440543,15.0025,16.389934304371693,13.615065695628305
4,deviant,9,40,87.82208390292635,14.25375,15.61456728857872,12.892932711421281
4,deviant,10,40,87.14549237972817,13.8475,15.197833394310262,12.497166605689738
4,deviant,11,40,85.83881774336682,13.47625,14.806336261053058,12.146163738946942
5,background,1,838,467.0078749476903,36.60805489260143,38.18904178867921,35.02706799652365
5,background,2,758,282.15650752169796,13.440105540897097,14.444447354441445,12.435763727352748
5,background,3,678,181.43668607156485,9.575737463126844,10.258604790222783,8.892870136030904
5,background,4,598,142.23814352586373,8.042307692307693,8.6123296154108,7.472285769204585
5,background,5,518,109.67479439832923,7.039671814671815,7.511917528344796,6.5674261009988335
5,background,6,439,91.01548451254124,6.425170842824602,6.850876185741661,5.999465499907543
5,background,7,359,76.05169640656142,5.955571030640669,6.348928822419384,5.562213238861953
5,background,8,279,62.078769995953735,5.601792114695341,5.966014871691423,5.237569357699258
5,background,9,200,48.888945042498335,5.30125,5.640033104733148,4.962466895266851
5,background,10,120,38.04339627320358,5.025833333333334,5.366174696281379,4.685491970385288
5,background,11,40,17.614886049200425,4.725,4.99794548713501,4.452054512864989
5,deviant,1,40,98.18079456315594,36.055,37.57632717319278,34.53367282680722
5,deviant,2,40,199.1667642956525,35.597500000000004,38.683620985962804,32.5113790140372
5,deviant,3,40,198.15657020595975,33.5525,36.62296786637168,30.482032133628323
5,deviant,4,40,196.78838487332692,32.6575,35.70676761500114,29.60823238499886
5,deviant,5,40,195.19447792016638,28.205,31.229569770884343,25.180430229115654
5,deviant,6,39,179.5030347199852,27.578205128205127,30.395067104313053,24.7613431520972
5,deviant,7,40,192.22843455803198,28.41375,31.39236045283482,25.435139547165182
5,deviant,8,40,168.66109743943235,25.33375,27.947180780803773,22.720319219196224
5,deviant,9,39,185.99209094673046,25.47692307692308,28.395614951196563,22.558231202649594
5,deviant,10,40,169.6849324948726,25.291249999999998,27.920545269349002,22.661954730650994
5,deviant,11,40,163.85742358269246,22.72375,25.262747083236647,20.18475291676335
6,background,1,837,450.4082271147269,20.585722819593787,22.11142462938912,19.060021009798454
6,background,2,757,277.3726355417355,9.091941875825627,10.079907307308524,8.103976444342731
6,background,3,677,196.83605922321817,6.791949778434269,7.533322159642761,6.050577397225776
6,background,4,597,162.54141982244013,5.80393634840871,6.455869339653003,5.152003357164417
6,background,5,517,129.57177446049778,5.108607350096712,5.667066242350903,4.55014845784252
6,background,6,437,108.73991181278672,4.705949656750572,5.215719727223614,4.1961795862775295
6,background,7,359,89.88901051033055,4.365041782729805,4.829969514131031,3.900114051328579
6,background,8,279,76.71504004053607,4.156810035842294,4.606905348433863,3.7067147232507245
6,background,9,199,55.88434956511339,3.8816582914572866,4.269888869053368,3.493427713861205
6,background,10,119,43.68584017251984,3.769747899159664,4.162205990629787,3.377289807689541
6,background,11,39,22.133268600624003,3.6192307692307693,3.9665583942223916,3.271903144239147
6,deviant,1,40,92.81654230963247,20.64,22.078207223375138,19.201792776624863
6,deviant,2,40,95.8088145598745,14.98125,16.46582296225654,13.49667703774346
6,deviant,3,40,84.04334721158075,13.1875,14.489765156927486,11.885234843072514
6,deviant,4,40,83.66126878512446,12.72125,14.017594790372652,11.424905209627347
6,deviant,5,40,87.21193182490329,12.52,13.871362884179094,11.168637115820905
6,deviant,6,40,88.03849337528143,12.23625,13.600420588094119,10.872079411905881
6,deviant,7,39,73.97622306489679,10.811538461538461,11.972414711974274,9.650662211102649
6,deviant,8,40,75.36818398963011,10.6425,11.810342110137551,9.47465788986245
6,deviant,9,40,74.03388271240192,9.82,10.967166897645077,8.672833102354923
6,deviant,10,40,77.9198305952984,10.97,12.177380283920522,9.76261971607948
6,deviant,11,40,70.16429966420544,9.72875,10.815957087110435,8.641542912889564
7,background,1,838,851.1400728929465,38.84337708830549,41.72478739026487,35.9619667863461
7,background,2,759,506.12344552022427,14.991172595520421,16.791542081818246,13.190803109222596
7,background,3,679,375.8894994402926,10.904270986745214,12.317951860571497,9.49059011291893
7,background,4,599,292.88427748856725,8.95025041736227,10.123009278727862,7.7774915559966775
7,background,5,519,234.7903039780504,7.859441233140656,8.86944397988102,6.849438486400291
7,background,6,439,187.15298414314483,7.118792710706151,7.994160520033477,6.243424901378825
7,background,7,359,171.10410804382715,6.569359331476323,7.454351215741245,5.684367447211401
7,background,8,280,121.27029401517221,5.958571428571428,6.668805480431132,5.248337376711724
7,background,9,200,105.41313460555294,5.7532499999999995,6.4837257545960245,5.0227742454039745
7,background,10,120,64.92761151345476,5.3675,5.948351184703904,4.786648815296095
7,background,11,40,40.50506790903812,5.22875,5.856382529724536,4.601117470275463
7,deviant,1,40,187.6446459611751,40.35625,43.26383391266882,37.44866608733118
7,deviant,2,40,198.20220934559154,29.56,32.631175052166945,26.488824947833056
7,deviant,3,40,177.63082650912762,25.2675,28.01991817269259,22.515081827307405
7,deviant,4,40,169.40209095832506,22.9025,25.527412594334283,20.277587405665717
7,deviant,5,40,171.91074795706606,21.235,23.898784637256586,18.571215362743413
7,deviant,6,40,160.4116989433587,19.92625,22.411855026791372,17.440644973208627
7,deviant,7,40,145.90455604155827,17.67125,19.932064518626326,15.410435481373675
7,deviant,8,40,165.67085313641437,19.46,22.027096465290168,16.892903534709834
7,deviant,9,40,154.7473917814381,18.30375,20.701585677998853,15.905914322001149
7,deviant,10,40,144.76852667548107,17.6425,19.88571156122668,15.399288438773315
7,deviant,11,40,127.6574466461339,16.02625,18.00432262924771,14.048177370752292
8,background,1,837,229.4384047602914,19.269115890083633,20.046309929414903,18.491921850752362
8,background,2,758,144.45368953769457,7.942744063324538,8.456929902232767,7.428558224416308
8,background,3,678,94.96750136646467,5.825073746312684,6.182499828232626,5.467647664392743
8,background,4,598,71.54016170545121,4.959030100334449,5.245728587418074,4.672331613250823
8,background,5,518,56.68256484929677,4.432142857142857,4.6762107711692265,4.188074943116487
8,background,6,438,46.60664059303589,4.103881278538813,4.322122518538997,3.8856400385386283
8,background,7,358,39.51415469237109,3.857821229050279,4.062483249907924,3.6531592081926347
8,background,8,280,31.460292433478756,3.6269642857142856,3.8112152694294346,3.4427133019991367
8,background,9,200,25.663203229526896,3.499,3.6768369252995563,3.321163074700444
8,background,10,120,18.295958713966257,3.3516666666666666,3.515344785214101,3.187988548119232
8,background,11,40,9.71948666610699,3.17,3.3206050062074195,3.0193949937925804
8,deviant,1,40,50.303107573776664,19.42625,20.205704727256244,18.646795272743756
8,deviant,2,40,80.67612312267653,19.0175,20.267589479113184,17.767410520886813
8,deviant,3,40,92.36550677663857,18.25125,19.682468355384486,16.82003164461551
8,deviant,4,40,92.95941389433858,16.86,18.300421041516024,15.419578958483976
8,deviant,5,40,87.8478649053069,15.98,17.341216769349355,14.618783230650646
8,deviant,6,40,89.70492564073908,15.435,16.824992223567797,14.045007776432204
8,deviant,7,40,86.80537819864921,14.5925,15.937563270474271,13.247436729525727
8,deviant,8,38,84.79223834886378,14.04078947368421,15.38879097945369,12.69278796791473
8,deviant,9,40,83.97015447231989,13.37375,14.674881023682655,12.072618976317344
8,deviant,10,40,85.01176389182852,12.8725,14.189770928852528,11.555229071147473
8,deviant,11,40,80.20468879849331,12.11375,13.356534528578338,10.87096547142166
9,background,1,840,462.26895509227694,36.286964285714284,37.85004412251983,34.723884448908734
9,background,2,760,276.5875563285331,13.29717105263158,14.280393798273927,12.313948306989232
9,background,3,680,181.10214477500048,9.555514705882352,10.236119827675559,8.874909584089146
9,background,4,600,140.56539965065147,8.018166666666668,8.580545390903,7.4557879424303355
9,background,5,520,109.26964474710208,7.039903846153846,7.509499355295999,6.570308337011694
9,background,6,440,88.36726590887899,6.391818181818182,6.8046671043925455,5.978969259243818
9,background,7,360,72.10949276876394,5.941111111111111,6.313560499956712,5.568661722265509
9,background,8,280,60.46573627400807,5.617142857142857,5.971267708750755,5.26301800553496
9,background,9,200,47.65346400398346,5.2915,5.621721657933609,4.961278342066391
9,background,10,120,36.300065245700395,5.1125,5.437245288041663,4.787754711958336
9,background,11,40,19.37680382095534,4.94125,5.2414966858575145,4.641003314142486
9,deviant,1,40,102.1705230948422,36.19,37.77314865728163,34.606851342718365
9,deviant,2,40,185.33630882377324,34.17,37.04181585815628,31.29818414184372
9,deviant,3,40,215.92677243137678,37.02875,40.37457000259082,33.68292999740918
9,deviant,4,40,195.6170735740728,31.80375,34.834867958382944,28.772632041617058
9,deviant,5,40,191.41691202849947,30.53125,33.49728578096209,27.565214219037916
9,deviant,6,40,189.6451117773739,29.8225,32.76108145163525,26.88391854836475
9,deviant,7,40,192.77140129670357,27.07875,30.065773809615607,24.091726190384392
9,deviant,8,40,180.405953046835,26.03875,28.83416920389882,23.24333079610118
9,deviant,9,40,179.7449948062386,25.265,28.050177549853963,22.479822450146038
9,deviant,10,40,187.71588273659464,24.517500000000002,27.42618773793993,21.608812262060074
9,deviant,11,40,170.51842777402774,23.34125,25.98346041250453,20.699039587495466
10,background,1,840,229.35466100848228,19.479583333333334,20.255105120272646,18.704061546394023
10,background,2,760,143.10957340443719,7.9008552631578945,8.409585986832537,7.392124539483252
10,background,3,680,93.36607351822462,5.861691176470588,6.212572873190265,5.510809479750911
10,background,4,600,70.90200798878762,4.976166666666667,5.259833777475068,4.692499555858266
10,background,5,520,57.808212856688534,4.487692307692308,4.736127975364363,4.239256640020253
10,background,6,440,46.7079673131503,4.129204545454545,4.347422612773239,3.9109864781358508
10,background,7,360,38.78310131189125,3.8881944444444443,4.0885112380664905,3.687877650822398
10,background,8,280,32.08594543934839,3.7076785714285716,3.8955937671671643,3.519763375689979
10,background,9,200,25.287556748641997,3.51825,3.693483827994723,3.343016172005277
10,background,10,120,19.592627507089986,3.444583333333333,3.61986162609168,3.269305040574986
10,background,11,40,11.320219451099554,3.3375,3.5129086176842366,3.1620913823157633
10,deviant,1,38,48.050713341547585,19.60657894736842,20.37047473782047,18.84268315691637
10,deviant,2,40,93.52603071366086,19.298750000000002,20.747950860093155,17.84954913990685
10,deviant,3,40,93.92878041087133,17.7575,19.212941531306782,16.302058468693218
10,deviant,4,40,95.41540756083371,17.2925,18.770977057650878,15.814022942349121
10,deviant,5,40,87.82286298657029,15.49875,16.85957936060485,14.137920639395148
10,deviant,6,40,90.7267151510803,15.2,16.605825016063335,13.794174983936665
10,deviant,7,40,102.43083674260147,17.06625,18.65343225904307,15.479067740956934
10,deviant,8,40,92.99701466628973,15.18625,16.62725367151364,13.74524632848636
10,deviant,9,40,89.01537418954808,14.37,15.74930751313457,12.990692486865429
10,deviant,10,40,85.92913236774642,13.6125,14.943985700656464,12.281014299343537
10,deviant,11,40,78.0410317178018,12.37125,13.580508314770713,11.161991685229287
11,background,1,838,461.7567512970668,36.28394988066826,37.84715986520627,34.72073989613025
11,background,2,759,274.5348841797321,13.27635046113307,14.252918989574708,12.299781932691433
11,background,3,679,183.8810041418376,9.658100147275405,10.34965726446638,8.96654303008443
11,background,4,599,138.15029954060145,8.03338898163606,8.586566466531526,7.480211496740594
11,background,5,520,104.95601835756571,7.023942307692308,7.474999643809998,6.572884971574618
11,background,6,440,86.54087868868982,6.330568181818182,6.734884284141706,5.926252079494659
11,background,7,360,76.38243460239711,5.929583333333333,6.32410269540164,5.535063971265027
11,background,8,280,58.62086030721398,5.535714285714286,5.8790343994948735,5.192394171933698
11,background,9,200,46.38792379148059,5.19575,5.517201911685583,4.874298088314418
11,background,10,120,34.402264307363325,4.9383333333333335,5.246100637776497,4.63056602889017
11,background,11,40,20.229668155563267,4.93875,5.252211955636691,4.625288044363309
11,deviant,1,39,105.50140931959653,36.743589743589745,38.39917684161156,35.088002645567926
11,deviant,2,40,189.664440525893,36.34,39.27888095369649,33.40111904630351
11,deviant,3,40,204.89558316371782,35.9575,39.13238995399841,32.782610046001594
11,deviant,4,40,208.65699630077864,33.6775,36.91067365439496,30.444326345605038
11,deviant,5,40,188.76553264775185,30.27,33.194952231818675,27.345047768181324
11,deviant,6,40,166.8527163320047,25.67875,28.26415962523604,23.09334037476396
11,deviant,7,40,199.19631284898722,28.77125,31.85782884554029,25.684671154459707
11,deviant,8,40,182.0288800105487,27.59125,30.41181671773786,24.770683282262137
11,deviant,9,40,171.4119000352199,23.85375,26.50980490862512,21.197695091374882
11,deviant,10,40,181.02869066008637,23.25375,26.058818623187225,20.448681376812775
11,deviant,11,40,177.75000925309027,23.60125,26.355514928443274,20.846985071556727
12,background,1,837,452.23906695929134,20.264277180406214,21.796180732301575,18.732373628510853
12,background,2,758,281.11313980036783,8.963390501319262,9.964018426289362,7.962762576349162
12,background,3,678,208.05574910788252,6.648082595870207,7.431135220763301,5.865029970977113
12,background,4,598,163.29694456805723,5.619648829431438,6.2740642771599155,4.96523338170296
12,background,5,518,135.37171048634943,4.916216216216216,5.499109581829238,4.333322850603194
12,background,6,438,107.58607325251138,4.500684931506849,5.004469751322572,3.996900111691126
12,background,7,358,89.80408500848127,4.175698324022346,4.64083507469301,3.7105615733516824
12,background,8,278,70.62633324312132,3.899640287769784,4.314757113705032,3.4845234618345358
12,background,9,199,55.33546022122465,3.669597989949749,4.054015413618612,3.2851805662808857
12,background,10,119,39.019563244473574,3.557142857142857,3.907680771955737,3.2066049423299767
12,background,11,40,25.655203637551004,3.5100000000000002,3.9075314989174808,3.1124685010825197
12,deviant,1,40,100.904019011294,20.035,21.59852397318904,18.47147602681096
12,deviant,2,40,94.8060207948175,14.76625,16.23528451188366,13.29721548811634
12,deviant,3,40,88.22002994904575,12.58,13.94698352644754,11.213016473552461
12,deviant,4,40,79.18853252972002,11.73875,12.965789024065227,10.511710975934772
12,deviant,5,40,85.88353497002419,12.32375,13.654529161658786,10.992970838341215
12,deviant,6,40,85.18432027698894,10.675,11.994944717741898,9.355055282258103
12,deviant,7,40,81.1283745547434,10.01125,11.268347187655166,8.754152812344834
12,deviant,8,40,81.10607090003872,10.725,11.981751588945002,9.468248411054997
12,deviant,9,39,68.22379967507865,8.762820512820513,9.83342651939928,7.692214506241745
12,deviant,10,40,86.63342311140661,10.07375,11.416148798792669,8.731351201207332
12,deviant,11,39,68.06908255588583,8.73846153846154,9.806639637507786,7.670283439415293
13,background,1,834,853.6235519367145,38.045323741007195,40.9420632273431,35.14858425467129
13,background,2,756,508.8591496775177,14.674140211640212,16.487828989448726,12.860451433831699
13,background,3,676,375.18994838404325,10.592381656804733,12.006559154559973,9.178204159049493
13,background,4,597,289.9019752660507,8.541457286432161,9.704217290062529,7.378697282801793
13,background,5,519,230.83487490776642,7.414547206165703,8.407534794452603,6.421559617878803
13,background,6,439,185.7964222645737,6.628246013667426,7.4972687967302845,5.759223230604568
13,background,7,359,150.15406999759315,6.070055710306407,6.846688924180964,5.293422496431849
13,background,8,280,129.51299467417812,5.831071428571429,6.589579847495667,5.07256300964719
13,background,9,200,98.73399936991788,5.51775,6.201941708783745,4.833558291216256
13,background,10,120,73.8810744229856,5.245416666666666,5.9063667402250575,4.584466593108275
13,background,11,40,42.20713334571727,5.165,5.819006306906657,4.510993693093343
13,deviant,1,40,188.26132453531042,37.4475,40.364639446173435,34.53036055382656
13,deviant,2,38,175.05433742878688,26.136842105263156,28.919803317757736,23.353880892768576
13,deviant,3,40,182.5162069227653,24.263749999999998,27.091867926475594,21.435632073524403
13,deviant,4,39,164.82233656752638,22.044871794871796,24.63135604799087,19.45838754175272
13,deviant,5,39,172.90338799152366,20.844871794871796,23.558168424833077,18.131575164910515
13,deviant,6,40,170.82823013344813,21.8425,24.48951084979782,19.19548915020218
13,deviant,7,40,145.69552787270192,17.61125,19.868825593593595,15.353674406406403
13,deviant,8,40,164.6260755070171,19.08125,21.632157468199463,16.53034253180054
13,deviant,9,40,176.21564988149572,18.94375,21.674239783662305,16.213260216337698
13,deviant,10,40,151.9943731645491,17.075,19.430177212574794,14.719822787425205
13,deviant,11,40,155.85085650609756,18.045,20.45993404105197,15.630065958948036
14,background,1,838,228.9563334602887,19.130727923627685,19.905826123021594,18.355629724233776
14,background,2,758,141.02038859682665,7.63542216358839,8.137387098135129,7.133457229041651
14,background,3,678,92.6916932632045,5.608333333333333,5.957194030654905,5.259472636011762
14,background,4,599,69.71245452420588,4.754257095158597,5.033397715105326,4.475116475211869
14,background,5,519,54.89497148862403,4.237186897880539,4.473329834988059,4.0010439607730195
14,background,6,439,46.246962915929615,3.9376993166287018,4.154009533647714,3.7213890996096897
14,background,7,360,37.96386786350801,3.7031944444444442,3.8992798534670916,3.507109035421797
14,background,8,280,30.773450621564923,3.4825,3.6627284120950847,3.302271587904915
14,background,9,200,25.066018095379548,3.4145,3.588198643451358,3.2408013565486415
14,background,10,120,18.532546051686875,3.3045833333333334,3.470377994168366,3.138788672498301
14,background,11,40,10.426307819014461,3.10625,3.267807313441131,2.944692686558869
14,deviant,1,40,52.71934130248994,19.36125,20.178144656772314,18.544355343227682
14,deviant,2,40,89.49688321535648,19.32875,20.715518572788437,17.941981427211562
14,deviant,3,40,99.55000066086866,19.00625,20.5487932414821,17.4637067585179
14,deviant,4,39,87.06236421759918,15.873076923076923,17.239308216587805,14.506845629566039
14,deviant,5,40,87.55686873774036,15.8425,17.199207737017893,14.485792262982107
14,deviant,6,40,90.72191460432084,15.59125,16.997000630820644,14.18549936917936
14,deviant,7,40,89.36297950081543,14.41,15.794693713235416,13.025306286764584
14,deviant,8,40,90.69635575572164,14.44125,15.846604592358512,13.035895407641489
14,deviant,9,40,79.0919518162579,11.69,12.915542490405564,10.464457509594435
14,deviant,10,40,86.69412351844603,13.23875,14.582089361344273,11.895410638655726
14,deviant,11,40,91.10632885752086,12.83,14.241707191385851,11.418292808614149
15,background,1,838,461.04061357804585,35.93926014319809,37.5000457481693,34.37847453822688
15,background,2,758,272.19679896799136,12.90547493403694,13.874364962899577,11.936584905174303
15,background,3,678,180.92230085693814,9.31873156342183,9.999662915692527,8.6378002111511325
15,background,4,599,131.48998360891866,7.6140233722871455,8.140531810297087,7.087514934277204
15,background,5,519,105.08115911047044,6.701830443159923,7.153860435600149,6.249800450719698
15,background,6,439,85.10692964550074,6.088154897494305,6.486224246500118,5.690085548488492
15,background,7,359,69.7627935824036,5.6250696378830085,5.985899701228197,5.26423957453782
15,background,8,280,55.966296248630506,5.283214285714286,5.610987626045038,4.955440945383534
15,background,9,200,44.81118281481931,5.105,5.415525654165219,4.794474345834782
15,background,10,120,32.52836818597124,4.8308333333333335,5.121836509900068,4.539830156766599
15,background,11,40,18.69365217337017,4.8275,5.117161141408552,4.5378388585914475
15,deviant,1,40,101.33258165695354,35.47875,37.048914620182764,33.90858537981723
15,deviant,2,40,181.2970519689484,34.7225,37.53172692474937,31.91327307525062
15,deviant,3,40,175.71728189877834,29.5575,32.28026749176468,26.83473250823532
15,deviant,4,40,203.21943027699214,31.6325,34.781417695937684,28.48358230406232
15,deviant,5,40,189.82016419980815,29.265,32.20629391702288,26.32370608297712
15,deviant,6,40,174.8493562139165,25.693749999999998,28.403068843945444,22.98443115605455
15,deviant,7,40,181.24176932310175,26.48,29.288370311277195,23.671629688722806
15,deviant,8,39,181.87005193124483,25.46153846153846,28.315544995060645,22.607531928016275
15,deviant,9,40,165.4426279950084,21.79,24.353560080085998,19.226439919914
15,deviant,10,40,173.71361792511138,23.795,26.486720396834865,21.103279603165138
15,deviant,11,40,185.78727932206425,25.11125,27.990053718423766,22.23244628157623
16,background,1,839,226.5563134364054,19.21466030989273,19.981176380185577,18.44814423959988
16,background,2,759,140.82100433940204,7.680566534914361,8.181491440659203,7.179641629169518
16,background,3,679,93.89876967973767,5.697349042709868,6.050492439824502,5.344205645595233
16,background,4,599,70.19600378489089,4.788313856427379,5.069390690517243,4.507237022337516
16,background,5,520,56.25919807836806,4.250673076923077,4.492451723011712,4.008894430834442
16,background,6,440,45.645833383378566,3.9495454545454547,4.162801267526801,3.7362896415641087
16,background,7,360,39.13283720059691,3.723611111111111,3.925734309313252,3.52148791290897
16,background,8,280,31.503257976880654,3.5423214285714284,3.726824045155356,3.3578188119875008
16,background,9,200,25.479506729092975,3.396,3.572563973496413,3.219436026503587
16,background,10,120,17.47968745956891,3.2279166666666668,3.384292312289186,3.0715410210441476
16,background,11,40,9.921799497226193,3.1425,3.2962398760038667,2.9887601239961334
16,deviant,1,40,50.25309626491213,19.37,20.14867979399683,18.59132020600317
16,deviant,2,40,91.7616047443764,18.73375,20.155610796447277,17.311889203552724
16,deviant,3,40,84.10585435534261,16.675,17.97823371515465,15.371766284845352
16,deviant,4,40,94.27194704682829,16.3975,17.85825895342113,14.93674104657887
16,deviant,5,40,99.77396823241074,16.76875,18.31476365495774,15.22273634504226
16,deviant,6,40,89.43668739746334,14.75,16.13583582892666,13.364164171073341
16,deviant,7,40,89.17577261259153,14.776250000000001,16.15804291244916,13.394457087550839
16,deviant,8,40,91.95964503949259,14.05375,15.478679462612467,12.628820537387535
16,deviant,9,40,80.38023126955638,12.51625,13.76175458734814,11.27074541265186
16,deviant,10,40,85.23640499717304,12.46625,13.787001778842562,11.145498221157439
16,deviant,11,40,78.19868419945644,12.67625,13.887951165282665,11.464548834717334
17,background,1,837,461.60496610938003,36.07258064516129,37.63621001471142,34.50895127561115
17,background,2,757,270.6618010106261,12.900660501981505,13.86472280935056,11.93659819461245
17,background,3,677,178.45817732071447,9.276809453471197,9.948962535525887,8.604656371416507
17,background,4,598,130.8889545418277,7.611454849498328,8.135994693252133,7.0869150057445225
17,background,5,518,102.97407696267922,6.656467181467182,7.099860458216263,6.213073904718101
17,background,6,438,85.13846307478681,6.092694063926941,6.491365230025271,5.694022897828611
17,background,7,358,68.70327120075295,5.677513966480447,6.033359876204327,5.321668056756567
17,background,8,279,54.887228885569016,5.3062724014336915,5.6283016205996,4.984243182267783
17,background,9,199,43.21592055566658,5.029145728643216,5.329368276265861,4.72892318102057
17,background,10,119,32.84324812451443,4.95546218487395,5.250514275567967,4.660410094179933
17,background,11,40,20.63313635367812,5.005,5.324713760137177,4.6852862398628226
17,deviant,1,40,100.06144165093343,36.72375,38.27421810172725,35.173281898272755
17,deviant,2,40,181.70372066983975,34.795,37.61052832155418,31.979471678445826
17,deviant,3,40,193.76934198870794,32.33,35.332487060842446,29.32751293915755
17,deviant,4,40,190.5381506210902,30.26875,33.22116923188247,27.31633076811753
17,deviant,5,40,189.08655773425426,27.3075,30.237426567069736,24.377573432930266
17,deviant,6,40,197.85405306889587,28.2825,31.34828031476834,25.21671968523166
17,deviant,7,40,171.3458183723321,24.57,27.225030962650262,21.91496903734974
17,deviant,8,40,181.5231897611229,25.009999999999998,27.82273096614211,22.197269033857886
17,deviant,9,40,172.1357175694745,23.6625,26.329770577516314,20.99522942248369
17,deviant,10,40,180.904591021432,25.30875,28.11189567936396,22.50560432063604
17,deviant,11,39,170.3208968234281,22.955128205128204,25.627898939878907,20.2823574703775
18,background,1,838,450.8906799470999,21.07780429594272,22.604228784265988,19.55137980761945
18,background,2,759,277.4485253349284,9.178260869565218,10.165193728440995,8.19132801068944
18,background,3,679,207.84490042235575,6.963254786450663,7.74493759718873,6.181571975712596
18,background,4,599,158.96239210977905,5.730217028380634,6.366729700106047,5.093704356655222
18,background,5,519,127.46915003453314,4.979576107899807,5.527913025899513,4.431239189900102
18,background,6,439,112.97938796640365,4.642824601366742,5.171261376212127,4.114387826521358
18,background,7,359,92.34635888869686,4.329108635097493,4.80674636742464,3.8514709027703473
18,background,8,279,75.85592298978095,4.067383512544803,4.512438293875382,3.6223287312142225
18,background,9,199,54.37058512022644,3.72035175879397,4.098066160584907,3.3426373570030328
18,background,10,120,41.821141719671424,3.67125,4.045387584107912,3.2971124158920877
18,background,11,40,28.611830457090004,3.58,4.023344906127806,3.1366550938721933
18,deviant,1,40,103.48495949704603,21.6225,23.226016060346595,20.018983939653403
18,deviant,2,40,91.8492615218286,15.74375,17.166969052285864,14.320530947714136
18,deviant,3,40,87.98314730973378,14.11375,15.477062991923486,12.750437008076513
18,deviant,4,40,91.99071749509923,12.98625,14.411660935300302,11.560839064699698
18,deviant,5,40,95.21923456728136,12.79875,14.274187325623188,11.323312674376812
18,deviant,6,40,90.00758739947253,12.71375,14.108432016107123,11.319067983892875
18,deviant,7,40,74.64993742726605,11.15875,12.315462764350132,10.002037235649867
18,deviant,8,40,78.79837695362967,10.7975,12.018493500780151,9.576506499219848
18,deviant,9,40,80.74056894575496,11.46375,12.714838077487583,10.212661922512416
18,deviant,10,39,77.15684640631977,10.705128205128204,11.915916575237937,9.494339835018472
18,deviant,11,40,68.5876887832764,8.59375,9.656527248409487,7.530972751590512
19,background,1,837,856.2134540798629,39.60143369175627,42.50175019980268,36.70111718370986
19,background,2,758,512.2410257106048,15.441160949868074,17.26449327437398,13.617828625362169
19,background,3,679,371.03149603858645,10.92422680412371,12.31963723808881,9.528816370158612
19,background,4,599,277.1528031894852,8.756510851419032,9.86627819256786,7.646743510270204
19,background,5,519,230.87970779972034,7.80606936416185,8.799249811111356,6.812888917212344
19,background,6,439,187.41471744713502,6.8798405466970385,7.756432557230617,6.0032485361634595
19,background,7,360,156.01381517774564,6.305555555555555,7.111375259498787,5.499735851612324
19,background,8,280,128.37734264761505,5.957142857142857,6.709000193484352,5.205285520801363
19,background,9,200,107.38082745659564,5.6795,6.423611170387018,4.935388829612982
19,background,10,120,78.60718461873704,5.355,6.058230493895039,4.651769506104962
19,background,11,40,36.36351555003854,4.935,5.4984585110584545,4.371541488941545
19,deviant,1,40,186.02932705978324,38.660000000000004,41.542554286976824,35.777445713023184
19,deviant,2,40,189.93551537298123,30.4475,33.39058130196908,27.504418698030925
19,deviant,3,39,171.6869703544031,24.871794871794872,27.566002796128323,22.17758694746142
19,deviant,4,40,171.67778877273184,23.09,25.750174897297267,20.429825102702733
19,deviant,5,40,164.1425567833291,22.48,25.023415267954324,19.936584732045677
19,deviant,6,40,169.45257060372535,21.255,23.8806947845435,18.629305215456498
19,deviant,7,40,177.00483936292457,21.29125,24.03396840136944,18.548531598630564
19,deviant,8,40,172.95418468484652,21.19125,23.87120285686148,18.51129714313852
19,deviant,9,40,167.82179615043424,20.05125,22.651675672593665,17.450824327406334
19,deviant,10,40,154.3007998751311,18.66,21.05091566471707,16.26908433528293
19,deviant,11,40,169.65194245556805,19.43125,22.06003408339393,16.802465916606067
20,background,1,840,236.16048290137482,19.768452380952382,20.56698683801908,18.969917923885685
20,background,2,760,149.35168668545222,8.007763157894736,8.538683555755156,7.476842760034317
20,background,3,680,100.20106103020538,5.950294117647059,6.3268625753591365,5.573725659934981
20,background,4,600,74.47776072160914,4.945333333333333,5.243306434556634,4.6473602321100325
20,background,5,520,60.464691741283374,4.416538461538462,4.6763905711439,4.156686351933024
20,background,6,440,48.869455534214076,4.049886363636364,4.2782028319188665,3.8215698953538606
20,background,7,360,43.10452412450463,3.8525,4.07513717369548,3.6298628263045205
20,background,8,280,34.32970939825185,3.63125,3.8323060690323394,3.430193930967661
20,background,9,200,26.335687214360505,3.448,3.630497001561525,3.2655029984384747
20,background,10,120,19.097189101513017,3.319583333333333,3.4904293671787276,3.1487372994879386
20,background,11,40,11.423774839296659,3.17625,3.353263225048597,2.999236774951403
20,deviant,1,40,50.90181467140543,19.68,20.46873178984734,18.89126821015266
20,deviant,2,40,89.31813336253965,19.77625,21.160248815123467,18.392251184876535
20,deviant,3,40,99.43973313678889,19.30375,20.844584628494708,17.762915371505294
20,deviant,4,40,86.77664917537012,16.95125,18.295868109646555,15.606631890353448
20,deviant,5,40,91.69277937478876,16.236250000000002,17.65704433629665,14.815455663703354
20,deviant,6,40,92.47052161862747,16.08625,17.519095577219645,14.653404422780357
20,deviant,7,40,89.51437696934792,15.34875,16.735789641314895,13.961710358685108
20,deviant,8,40,89.26131064995275,14.89125,16.274368338069905,13.508131661930092
20,deviant,9,40,85.46558248484406,14.44625,15.77055292080499,13.121947079195008
20,deviant,10,40,86.44458218693457,13.15625,14.49572267835243,11.816777321647571
20,deviant,11,40,86.12145646212619,13.3925,14.726965793373592,12.058034206626408
21,background,1,835,468.9125212996332,36.73473053892216,38.325014459294124,35.14444661855019
21,background,2,755,279.5400027865326,13.302847682119205,14.299850911516367,12.305844452722043
21,background,3,675,188.09267032922605,9.512296296296297,10.221785941431168,8.802806651161426
21,background,4,595,137.40742338025262,7.745882352941177,8.29793155790925,7.193833147973103
21,background,5,515,108.1000876381163,6.847864077669903,7.314683059677048,6.381045095662758
21,background,6,436,91.73342385756455,6.253669724770642,6.6842066793307735,5.823132770210511
21,background,7,356,74.09467627725745,5.712359550561798,6.097206529452685,5.327512571670911
21,background,8,277,59.795462774537064,5.4315884476534295,5.783679041131274,5.079497854175585
21,background,9,198,46.33240880057023,5.054292929292929,5.376977619020506,4.731608239565352
21,background,10,118,35.567319417216645,4.845338983050848,5.166214223576132,4.524463742525564
21,background,11,40,19.028233869976646,4.595,4.8898455385094834,4.300154461490516
21,deviant,1,40,104.90346439515362,37.225,38.85049602146221,35.59950397853779
21,deviant,2,40,209.36658231311338,39.84375,43.08791880356936,36.59958119643064
21,deviant,3,40,191.8675530013786,33.7425,36.715518535180415,30.769481464819584
21,deviant,4,40,204.4281497765233,33.205,36.37264699862449,30.037353001375507
21,deviant,5,40,188.13933106805933,28.42625,31.34149913781418,25.51100086218582
21,deviant,6,39,189.6930831355579,29.578205128205127,32.554975041030126,26.601435215380132
21,deviant,7,40,188.81556721057888,26.51875,29.44447752540197,23.59302247459803
21,deviant,8,39,179.52679025998495,26.72820512820513,29.54543988952781,23.91097036688245
21,deviant,9,40,181.38653115435702,24.21,27.02061341909181,21.399386580908192
21,deviant,10,40,174.21403200479696,24.45375,27.15322439333348,21.754275606666518
21,deviant,11,40,163.94751246086435,22.81625,25.356643024866326,20.275856975133674
22,background,1,839,234.39442130059768,19.849046483909415,20.642081504601226,19.056011463217605
22,background,2,759,149.05457319208185,8.038142292490118,8.568355440573665,7.507929144406571
22,background,3,679,98.53618090512957,5.906038291605302,6.276622504606429,5.535454078604175
22,background,4,600,75.1890074552475,4.974583333333333,5.2754020141350715,4.673764652531595
22,background,5,520,60.60688687634519,4.43,4.690463205184649,4.16953679481535
22,background,6,440,48.19693700684831,4.051931818181818,4.277106302307874,3.8267573340557623
22,background,7,360,42.80555792737298,3.788611111111111,4.009704108400244,3.5675181138219783
22,background,8,280,33.769224544188,3.578392857142857,3.7761663792650855,3.380619335020629
22,background,9,200,26.919910455782883,3.44375,3.6302954620757437,3.2572045379242565
22,background,10,120,19.719146453183647,3.2554166666666666,3.4318268150102256,3.0790065183231077
22,background,11,40,10.951928453112961,3.22125,3.3909518895469035,3.0515481104530964
22,deviant,1,40,48.49636448664016,19.90125,20.65270895307588,19.149791046924122
22,deviant,2,40,82.5509571496042,19.33375,20.61289033333658,18.054609666663417
22,deviant,3,40,89.21554325281406,16.91375,18.296159164903983,15.531340835096017
22,deviant,4,40,88.5011150688004,17.27,18.641338985502088,15.898661014497913
22,deviant,5,40,96.46901602396277,16.29375,17.788552889927914,14.798947110072085
22,deviant,6,40,89.03602168726282,16.11375,17.4933774494263,14.734122550573696
22,deviant,7,40,92.32655146415445,16.16625,17.596864736563862,14.73563526343614
22,deviant,8,40,89.83281254934812,14.77625,16.168223851746994,13.384276148253003
22,deviant,9,40,86.0375377073103,13.6275,14.960665458795837,12.294334541204162
22,deviant,10,40,93.86314225341175,15.045,16.499424457519737,13.590575542480263
22,deviant,11,40,90.83201672955353,13.258750000000001,14.666206680926349,11.851293319073653
23,background,1,840,470.1623123986011,37.07666666666667,38.66643648019314,35.486896853140195
23,background,2,760,282.83729282137887,13.376907894736842,14.382347413814717,12.371468375658967
23,background,3,680,187.47575281816273,9.515,10.21955795947974,8.810442040520261
23,background,4,600,139.85696640722472,7.90775,8.467294400963072,7.348205599036929
23,background,5,520,109.47097668716626,6.921923076923077,7.392383827048852,6.451462326797302
23,background,6,440,88.09313253597014,6.235909090909091,6.647477271497348,5.824340910320835
23,background,7,360,75.68210871102475,5.885694444444445,6.276596585808249,5.494792303080641
23,background,8,280,61.96524917454264,5.488035714285714,5.850942643415658,5.12512878515577
23,background,9,200,50.43416761638775,5.206,5.555490950865458,4.856509049134543
23,background,10,120,35.283028572716916,4.912916666666667,5.228563407224147,4.5972699261091865
23,background,11,40,20.142257229908207,4.7975,5.109607509311169,4.485392490688832
23,deviant,1,39,97.063367798676,35.93205128205128,37.45522391504648,34.408878649056085
23,deviant,2,40,202.95189344431253,38.46875,41.613522169766334,35.323977830233666
23,deviant,3,40,204.5167346131903,35.025,38.19401963488959,31.8559803651104
23,deviant,4,40,184.3445358418221,29.27875,32.13519817658685,26.422301823413154
23,deviant,5,40,185.35851463412308,29.9075,32.77965994075245,27.03534005924754
23,deviant,6,40,205.2522581451522,28.9775,32.15791669009449,25.79708330990551
23,deviant,7,40,190.3683548448003,26.4325,29.382288219070723,23.48271178092928
23,deviant,8,40,185.57591013127922,26.93375,29.80927851888044,24.05822148111956
23,deviant,9,40,171.80918117738094,24.825,27.48721084370036,22.162789156299638
23,deviant,10,40,155.28088302034783,22.4,24.806102210389678,19.99389778961032
23,deviant,11,40,166.53367764351356,23.14625,25.726716069541048,20.56578393045895
24,background,1,838,448.3019659019789,20.561097852028638,22.078758627355658,19.04343707670162
24,background,2,759,283.87042540753106,9.329710144927537,10.339486823897213,8.319933465957861
24,background,3,679,208.4063654447596,6.899779086892489,7.683573508528644,6.1159846652563346
24,background,4,599,156.60285841311412,5.631636060100167,6.258700754367785,5.004571365832549
24,background,5,519,134.1997921403991,5.114065510597302,5.691355783565561,4.536775237629044
24,background,6,440,110.46487891490317,4.632272727272727,5.148360961680159,4.116184492865295
24,background,7,360,85.17849679226254,4.319305555555555,4.759257049525952,3.879354061585159
24,background,8,280,71.5571725780751,4.039107142857143,4.458190324212273,3.6200239615020124
24,background,9,200,57.98016902355495,3.8785,4.2802820727708,3.4767179272292004
24,background,10,120,44.943121949040375,3.7966666666666664,4.198733907704518,3.3945994256288152
24,background,11,40,21.968518144692514,3.5925000000000002,3.9329057153642277,3.2520942846357728
24,deviant,1,40,97.14033527244027,21.53125,23.03645508945319,20.02604491054681
24,deviant,2,40,91.52034573913348,15.54,16.958122449430565,14.121877550569433
24,deviant,3,40,89.68361054284111,13.83625,15.225911942704052,12.446588057295948
24,deviant,4,40,82.369098702442,11.725,13.001322407503189,10.44867759249681
24,deviant,5,40,82.007332791519,11.29125,12.56196678663741,10.02053321336259
24,deviant,6,39,81.1299639629624,11.178205128205128,12.451341880276045,9.905068376134212
24,deviant,7,40,77.59862993907207,10.84,12.042403228188403,9.637596771811596
24,deviant,8,40,80.86021076036424,11.06,12.312941946611634,9.807058053388367
24,deviant,9,40,79.71770918619485,11.03625,12.271488701308588,9.801011298691414
24,deviant,10,40,72.49475480118689,9.8275,10.950817863577171,8.70418213642283
24,deviant,11,40,77.78966241697779,10.0775,11.28286330710092,8.872136692899081
25,background,1,839,856.1421979775868,38.824314660309895,41.720931149392506,35.927698171227284
25,background,2,759,512.2564941408492,15.121343873517786,16.94352968484913,13.299158062186441
25,background,3,679,369.9024942645805,10.75839469808542,12.149559075119413,9.3672303210514265
25,background,4,599,287.58949179250925,8.88864774624374,10.040205377904106,7.7370901145833715
25,background,5,519,225.84831309158744,7.7024084778420034,8.673945260683368,6.730871695000639
25,background,6,439,180.4895608586473,6.860933940774488,7.705135021610272,6.0167328599387035
25,background,7,359,158.95133316770097,6.463509749303621,7.2856445387878885,5.641374959819354
25,background,8,279,127.72933966213992,5.994623655913979,6.744025299085485,5.245222012742473
25,background,9,199,97.50989153603044,5.6522613065326635,6.329666014773139,4.974856598292188
25,background,10,120,66.52601390671013,5.365,5.96015070846759,4.76984929153241
25,background,11,40,55.31919339519274,5.73125,6.588429782315546,4.874070217684454
25,deviant,1,40,181.1862156369576,38.52875,41.33625949799209,35.721240502007916
25,deviant,2,40,188.3573591257907,28.9325,31.851127517569825,26.013872482430177
25,deviant,3,40,168.93477408377723,25.552500000000002,28.170171444342536,22.934828555657468
25,deviant,4,40,198.40955118138845,25.16625,28.240637847198204,22.0918621528018
25,deviant,5,40,160.3261642632556,22.19,24.674279653191878,19.705720346808125
25,deviant,6,40,170.91879419925215,21.11125,23.759664154536136,18.46283584546386
25,deviant,7,40,171.60413441222335,20.31,22.969033611157098,17.6509663888429
25,deviant,8,40,160.60453228185585,20.375,22.86359301032785,17.88640698967215
25,deviant,9,40,147.81482013868427,17.4325,19.722914367475205,15.142085632524797
25,deviant,10,39,149.1309209350877,19.18717948717949,21.527425273549113,16.846933700809863
25,deviant,11,40,138.76144808153384,16.32125,18.47138091406816,14.171119085931839
26,background,1,839,230.37748199536838,19.302979737783076,20.08242410419496,18.523535371371192
26,background,2,759,143.01081114818965,7.900461133069829,8.409175564066512,7.391746702073146
26,background,3,679,93.83148388691856,5.80780559646539,6.160695938789907,5.454915254140873
26,background,4,599,72.17854324702846,4.901001669449082,5.190016931446942,4.611986407451222
26,background,5,519,58.712995064752754,4.422157996146435,4.674725011393783,4.169590980899087
26,background,6,439,47.03335882227915,4.04123006833713,4.261218482981239,3.821241653693021
26,background,7,359,40.92776049269455,3.8285515320334262,4.040239821059751,3.6168632430071015
26,background,8,279,32.93805989237503,3.625089605734767,3.8183407121095367,3.431838499359997
26,background,9,200,25.062343318843492,3.4285,3.60217317854916,3.2548268214508402
26,background,10,120,20.112316205695823,3.2908333333333335,3.4707608314024267,3.1109058352642402
26,background,11,40,9.854467327856412,3.2075,3.3601965532303235,3.0548034467696765
26,deviant,1,40,51.12734359575016,19.0375,19.82972639673531,18.245273603264692
26,deviant,2,40,93.56528821039743,20.3075,21.757309161307283,18.85769083869272
26,deviant,3,40,91.34646307213802,17.86625,19.281678109591248,16.450821890408754
26,deviant,4,40,91.9411138775936,17.6675,19.092142319283944,16.242857680716057
26,deviant,5,40,93.83238134819814,17.265,18.718947812355257,15.811052187644746
26,deviant,6,40,83.16753858137325,14.27875,15.567444361604636,12.990055638395365
26,deviant,7,40,88.18000429742979,15.463750000000001,16.83011332255024,14.097386677449762
26,deviant,8,40,96.80456437694725,16.16125,17.661252265524602,14.661247734475394
26,deviant,9,39,89.11657061340914,14.5,15.898467048725056,13.101532951274944
26,deviant,10,40,80.91059068014845,12.401250000000001,13.654972591556422,11.14752740844358
26,deviant,11,40,79.4241114126196,12.1175,13.348189356674371,10.886810643325628
27,background,1,838,464.2836162474284,36.28180190930787,37.853566225772575,34.71003759284317
27,background,2,758,282.23352126619494,13.373153034300792,14.377768979831304,12.36853708877028
27,background,3,679,186.90723846195374,9.56921944035346,10.272157906543105,8.866280974163816
27,background,4,599,139.56747094996172,7.954257095158598,8.513109177347754,7.395405012969441
27,background,5,519,110.12566984084474,7.011368015414258,7.485098093451356,6.537637937377161
27,background,6,439,89.68629537977012,6.345558086560365,6.765046433341014,5.926069739779716
27,background,7,360,74.04344386201504,5.884444444444444,6.266882794175521,5.5020060947133675
27,background,8,280,61.934642971442045,5.598571428571429,5.961299108794485,5.235843748348373
27,background,9,200,48.53509310960366,5.30525,5.641581035940548,4.968918964059452
27,background,10,120,35.156978793615586,5.037916666666667,5.352435748870236,4.723397584463098
27,background,11,40,18.828240267718787,4.84625,5.137996605536561,4.55450339446344
27,deviant,1,40,105.17937060089302,36.27,37.8997712324127,34.64022876758731
27,deviant,2,40,191.91250747753722,37.0375,40.01121511200525,34.06378488799475
27,deviant,3,40,185.4955170404537,31.62375,34.49803281503221,28.749467184967795
27,deviant,4,40,194.77652511748457,31.990000000000002,35.00809352511081,28.971906474889195
27,deviant,5,40,187.19928165629156,29.08625,31.98693292126817,26.18556707873183
27,deviant,6,40,185.02014115111618,28.9825,31.84941678931254,26.115583210687465
27,deviant,7,40,169.35858873687914,26.075,28.699238520429358,23.45076147957064
27,deviant,8,40,176.85103008494258,25.15875,27.89908510191536,22.41841489808464
27,deviant,9,40,191.06121917773947,28.8075,31.76802426313847,25.84697573686153
27,deviant,10,40,203.97817220683712,27.295,30.455674523945135,24.13432547605487
27,deviant,11,40,175.0935839997992,24.3825,27.095603192694764,21.669396807305237
28,background,1,836,230.0152454901516,19.573145933014356,20.35275980686905,18.793532059159663
28,background,2,756,143.22337173285055,7.970701058201058,8.481181457730848,7.460220658671269
28,background,3,677,95.21648464088776,5.840177252584933,6.198804997049501,5.481549508120366
28,background,4,597,73.12967933746188,4.983668341708543,5.276982197655466,4.69035448576162
28,background,5,517,57.1725228446415,4.428916827852998,4.675332406462905,4.18250124924309
28,background,6,438,49.20464783352332,4.136415525114155,4.36682224871236,3.90600880151595
28,background,7,358,41.04163482944708,3.882122905027933,4.094696449594175,3.669549360461691
28,background,8,279,35.031489593762565,3.6799283154121865,3.8854617968640808,3.474394833960292
28,background,9,199,26.94140816075155,3.5479899497487435,3.73515287698857,3.360827022508917
28,background,10,120,19.58389510205825,3.4070833333333335,3.5822835048164667,3.2318831618502
28,background,11,40,11.97288603470358,3.33625,3.521771791172897,3.150728208827103
28,deviant,1,40,48.59364264246052,19.67,20.422966293716847,18.917033706283156
28,deviant,2,40,93.25773567462323,20.065,21.51004358539257,18.619956414607433
28,deviant,3,40,90.26510662312548,19.11,20.50867231781843,17.71132768218157
28,deviant,4,40,99.2064964978021,18.14875,19.685970589331003,16.611529410668997
28,deviant,5,40,92.10027430098017,16.85875,18.28585853559511,15.43164146440489
28,deviant,6,40,93.77296210023778,16.1075,17.560527101569253,14.65447289843075
28,deviant,7,40,91.53697843523476,15.571250000000001,16.989630175726784,14.15286982427322
28,deviant,8,39,91.17480319058608,14.685897435897436,16.116663420925605,13.255131450869266
28,deviant,9,40,93.9526336428152,14.71375,16.169561140965026,13.257938859034972
28,deviant,10,40,82.92642585607533,13.06625,14.351208281219154,11.781291718780846
28,deviant,11,40,83.20080338680947,12.99,14.27920980510503,11.70079019489497
29,background,1,836,458.04210907318424,36.395334928229666,37.94782325256732,34.84284660389201
29,background,2,756,274.8527787743831,13.285383597883598,14.26502089187448,12.305746303892716
29,background,3,677,181.00021808652167,9.50029542097489,10.182022962217154,8.818567879732626
29,background,4,597,133.94987279222266,7.844891122278057,8.382147049669495,7.307635194886617
29,background,5,517,108.7216508724047,6.968955512572534,7.437549640908413,6.500361384236655
29,background,6,438,88.39427226026044,6.263698630136986,6.677615517119733,5.849781743154239
29,background,7,358,71.42642515572452,5.8509776536312845,6.220928032902088,5.481027274360481
29,background,8,278,60.37137261632327,5.543345323741007,5.898187086395917,5.188503561086097
29,background,9,199,46.406442383971246,5.176884422110553,5.499271639124087,4.854497205097019
29,background,10,120,32.50226712740285,4.852083333333334,5.1428530063037075,4.56131366036296
29,background,11,40,18.33152303661933,4.73125,5.01529989230026,4.44720010769974
29,deviant,1,40,99.76416928779697,36.685,38.23086181873788,35.139138181262126
29,deviant,2,40,185.8240041714627,35.33375,38.21312277586082,32.454377224139186
29,deviant,3,39,180.981243576001,30.67948717948718,33.51954603539021,27.839428323584144
29,deviant,4,40,178.4133801331232,29.13375,31.89829396672351,26.369206033276487
29,deviant,5,40,176.24888950751316,28.22625,30.95725483700356,25.49524516299644
29,deviant,6,40,192.51380675025283,28.52875,31.511782340765453,25.545717659234544
29,deviant,7,40,172.86499143307734,27.095,29.77357079310669,24.41642920689331
29,deviant,8,40,177.52117738752364,25.4225,28.173219141950835,22.671780858049164
29,deviant,9,39,154.51714263608764,23.117948717948718,25.542718106541013,20.693179329356422
29,deviant,10,39,191.86417893367886,25.858974358974358,28.86981432086429,22.848134397084426
29,deviant,11,40,168.59263422756484,24.19875,26.81111993234516,21.58638006765484
30,background,1,833,453.5789172906143,20.357082833133255,21.897209480050606,18.816956186215904
30,background,2,753,279.39717532385214,8.876560424966799,9.874376735460702,7.878744114472897
30,background,3,673,208.06837185987933,6.682020802377415,7.468024542151945,5.896017062602884
30,background,4,594,165.60834424693252,5.558670033670034,6.224579315394503,4.892760751945565
30,background,5,514,133.26454694960782,4.9271400778210115,5.503188701581463,4.35109145406056
30,background,6,434,110.89479367020746,4.503571428571429,5.025237231568882,3.981905625573976
30,background,7,356,85.44080745725292,4.109550561797753,4.553329228174279,3.6657718954212264
30,background,8,277,76.10850979462083,3.9884476534296027,4.436593535055147,3.5403017718040584
30,background,9,197,53.84610135914158,3.6180203045685277,3.9939851403370312,3.2420554688000243
30,background,10,117,43.853434121064296,3.738034188034188,4.135350827065229,3.3407175490031475
30,background,11,40,21.324683004986447,3.3675,3.697929386516521,3.0370706134834795
30,deviant,1,40,98.17198925194604,20.263749999999998,21.784940733482024,18.742559266517972
30,deviant,2,40,88.34637275489791,14.44875,15.81769122850664,13.079808771493362
30,deviant,3,40,86.53526813721065,12.790000000000001,14.130877871710211,11.44912212828979
30,deviant,4,39,77.8118344401889,10.721794871794872,11.942861680318137,9.500728063271607
30,deviant,5,40,70.7825989618174,9.82875,10.925537733985502,8.731962266014497
30,deviant,6,40,76.54811008702134,10.67125,11.857375254435858,9.485124745564143
30,deviant,7,38,73.1350769035229,9.917105263157895,11.07978472191801,8.75442580439778
30,deviant,8,40,80.70079566554863,9.72125,10.97172178412579,8.470778215874208
30,deviant,9,40,84.72374612760424,10.34625,11.65905804735899,9.03344195264101
30,deviant,10,40,79.64141675760102,9.303749999999999,10.537806537879934,8.069693462120064
30,deviant,11,38,77.38269560403907,10.04342105263158,11.27362787610959,8.81321422915357
31,background,1,840,863.4798629291887,38.14035714285714,41.06005994436328,35.220654341351
31,background,2,760,512.5489167925957,14.529013157894736,16.351039282042677,12.706987033746797
31,background,3,680,383.4890343591119,10.554632352941177,11.99583340144677,9.113431304435583
31,background,4,600,293.0932759737975,8.5375,9.710117322855009,7.3648826771449905
31,background,5,520,220.57735246632328,7.2705769230769235,8.218526688781623,6.322627157372224
31,background,6,440,190.5786134243211,6.681477272727273,7.571854205958174,5.791100339496372
31,background,7,360,153.6753584328785,6.026944444444444,6.820685894165855,5.233202994723033
31,background,8,280,130.4435046092248,5.775892857142857,6.53985091933572,5.011934794949994
31,background,9,200,104.56096182056716,5.575,6.299570498476966,4.850429501523035
31,background,10,120,76.45421746654038,5.325833333333334,6.0098030922062176,4.64186357446045
31,background,11,40,43.85814453559639,4.99,5.669588990338626,4.310411009661374
31,deviant,1,40,185.81920330199856,38.48375,41.363048385617766,35.604451614382235
31,deviant,2,40,187.2346684047363,29.4375,32.33873124461613,26.536268755383873
31,deviant,3,40,178.8272468348331,23.66,26.430956897706526,20.889043102293474
31,deviant,4,40,165.74494514797507,21.38125,23.94949453290365,18.813005467096353
31,deviant,5,40,181.19914894653166,22.51,25.317709901700187,19.702290098299816
31,deviant,6,40,156.90371670482975,18.79375,21.22499827885205,16.36250172114795
31,deviant,7,40,145.99040163113827,17.17625,19.438394709818073,14.914105290181926
31,deviant,8,40,148.87064324793064,17.4575,19.764274516049355,15.150725483950644
31,deviant,9,40,155.8394585530419,18.3775,20.792257427939603,15.962742572060401
31,deviant,10,40,141.55752038993677,16.0525,18.24595650335384,13.859043496646157
31,deviant,11,40,141.57685285087354,15.57,17.763756062939592,13.37624393706041
32,background,1,838,229.44950711603062,19.153997613365156,19.930765380081258,18.377229846649055
32,background,2,758,139.7334680928773,7.662401055408971,8.159785170309988,7.165016940507955
32,background,3,678,93.3221923175156,5.651474926253687,6.002708612265011,5.3002412402423635
32,background,4,598,70.00917233139037,4.788628762541806,5.069191782122694,4.508065742960918
32,background,5,519,54.870301621186655,4.284489402697496,4.520526216879787,4.048452588515204
32,background,6,439,46.32405877136234,3.942255125284738,4.158925941577053,3.7255843089924237
32,background,7,359,37.91718815912827,3.7071030640668523,3.903219943892901,3.5109861842408034
32,background,8,279,31.280227486048556,3.589605734767025,3.7731301618002258,3.4060813077338246
32,background,9,200,24.656215187421218,3.45575,3.626608854182719,3.2848911458172814
32,background,10,120,18.35232668456079,3.32125,3.48543239402802,3.15706760597198
32,background,11,40,10.557362110718858,3.255,3.4185880207298682,3.0914119792701316
32,deviant,1,40,49.399738972248784,18.82125,19.586706885753447,18.05579311424655
32,deviant,2,40,87.29865556328971,18.57125,19.923956682427573,17.218543317572426
32,deviant,3,40,90.96696913541865,17.3,18.70954779011979,15.890452209880213
32,deviant,4,40,95.63067664609237,16.375,17.856812686685146,14.893187313314852
32,deviant,5,39,93.01046913343171,15.946153846153846,17.40572612742823,14.486581564879463
32,deviant,6,40,91.0223367612241,15.60375,17.014155720370077,14.193344279629924
32,deviant,7,40,91.16675005608937,15.14875,16.561393427557377,13.736106572442623
32,deviant,8,40,79.8369720446809,12.615,13.852086698446671,11.37791330155333
32,deviant,9,39,86.22308886041823,13.823076923076924,15.176137838466817,12.47001600768703
32,deviant,10,40,86.027413011630685,13.1425,14.475508575010915,11.809491424989085
32,deviant,11,40,87.99632169346027,12.09,13.453517131114275,10.726482868885725
33,background,1,838,464.5122909257114,36.10799522673031,37.68053368789197,34.53545676556865
33,background,2,758,274.4489550852187,12.918007915567282,13.894914539825958,11.941101291308605
33,background,3,678,177.13951533956725,9.209660766961651,9.876354972979549,8.542966560943754
33,background,4,598,132.51592754318844,7.676170568561873,8.207230535934304,7.145110601189442
33,background,5,518,103.67039114424142,6.748166023166023,7.194557540207383,6.301774506124663
33,background,6,438,86.81088035130406,6.126369863013698,6.532872325587823,5.719867400439574
33,background,7,358,70.09639978742055,5.719832402234637,6.082893967059371,5.356770837409903
33,background,8,279,55.54576112492623,5.331541218637993,5.657434116607542,5.005648320668444
33,background,9,199,45.498930004769846,5.0814070351758795,5.397489731193917,4.765324339157842
33,background,10,120,31.34829803153089,4.7941666666666665,5.074612776197316,4.513720557136017
33,background,11,40,17.2737251033866,4.55875,4.8264091435114125,4.291090856488587
33,deviant,1,40,99.7465472295183,35.79,37.3355887621159,34.2444112378841
33,deviant,2,40,207.55326519892878,39.4275,42.64357116378452,36.21142883621548
33,deviant,3,40,208.9623864415996,35.575,38.81290572365274,32.337094276347266
33,deviant,4,40,183.29912998329152,28.28625,31.126499444984866,25.446000555015132
33,deviant,5,40,193.24731903907355,29.965,32.959398231435,26.970601768565
33,deviant,6,40,185.80222224040725,26.84875,29.72778526134235,23.969714738657647
33,deviant,7,40,195.50877621975786,26.79875,29.828189873492335,23.769310126507662
33,deviant,8,39,176.01724646361103,24.17820512820513,26.940366166184287,21.41604409022597
33,deviant,9,40,165.2329296860392,22.905,25.46531077112464,20.344689228875364
33,deviant,10,40,174.95995782494134,22.58625,25.297282633663688,19.87521736633631
33,deviant,11,40,188.1579263893974,22.8575,25.773037275303512,19.94196272469649
34,background,1,838,229.1674175426297,19.265871121718376,20.04168391541798,18.490058328018772
34,background,2,758,142.01598316275604,7.670514511873351,8.17602328547836,7.165005738268342
34,background,3,678,94.28544286814427,5.686799410029499,6.041658450664926,5.331940369394072
34,background,4,598,70.4671816110913,4.799247491638796,5.081645991660742,4.5168489916168495
34,background,5,518,56.624013875461166,4.305405405405406,4.5492212063863215,4.06158960442449
34,background,6,439,45.834341296731445,3.9531890660592257,4.167569334247701,3.7388087978707505
34,background,7,359,38.25300125824323,3.7352367688022285,3.933090555303075,3.537382982301382
34,background,8,279,31.104450519262738,3.556451612903226,3.7389447377462686,3.3739584880601834
34,background,9,199,24.961971076018816,3.4236180904522615,3.5970297973826257,3.2502063835218973
34,background,10,119,19.446755919419406,3.3130252100840334,3.4877279669334147,3.138322453234652
34,background,11,40,9.59687449120806,3.225,3.3737051108738365,3.0762948891261637
34,deviant,1,40,47.08125674663013,19.07125,19.800781631470347,18.34171836852965
34,deviant,2,40,87.8604305882796,18.60125,19.96266147662425,17.239838523375752
34,deviant,3,40,81.42133756286687,16.21625,17.477886696496803,14.954613303503194
34,deviant,4,40,86.25883631318742,15.723749999999999,17.060344516220034,14.387155483779964
34,deviant,5,40,94.29579719383601,15.77125,17.232378515277794,14.310121484722204
34,deviant,6,39,88.14467772092831,15.112820512820512,16.496036074917782,13.72960495072324
34,deviant,7,40,90.99585010780496,14.39375,15.803745305423316,12.983754694576685
34,deviant,8,40,87.1513806998761,14.295,15.645424634776234,12.944575365223766
34,deviant,9,40,92.96541518786773,15.15,16.590514032522673,13.709485967477326
34,deviant,10,40,84.80193642277654,12.62,13.93401961853495,11.305980381465048
34,deviant,11,39,92.88912462545986,13.815384615384616,15.27305269079948,12.357716539969752
35,background,1,833,459.3248850214844,36.22454981992797,37.784186893095956,34.66491274675999
35,background,2,753,273.7600610984581,13.006839309428951,13.984523689413193,12.02915492944471
35,background,3,673,175.36699863579327,9.200297176820207,9.862767476984782,8.537826876655632
35,background,4,593,134.06599906487534,7.746795952782462,8.286328163785532,7.207263741779393
35,background,5,513,104.42235846488252,6.72953216374269,7.181347419529444,6.277716907955937
35,background,6,435,85.42286455904933,6.096666666666667,6.498046527572108,5.695286805761225
35,background,7,355,70.00998049150604,5.735070422535212,6.099213330275054,5.370927514795369
35,background,8,276,56.81671825866232,5.394746376811594,5.729902902569634,5.059589851053554
35,background,9,197,44.48234422069525,5.131979695431472,5.442564804054057,4.8213945868088866
35,background,10,118,33.34958375815364,4.967796610169492,5.2686642573567495,4.666928962982234
35,background,11,40,18.45592188517222,4.82,5.105977472428935,4.534022527571065
35,deviant,1,40,95.1311283384538,36.2825,37.756572105463384,34.808427894536614
35,deviant,2,40,193.40468888889566,34.47,37.466836702521334,31.473163297478663
35,deviant,3,40,194.33789754201993,33.40125,36.41254692041398,30.389953079586014
35,deviant,4,40,186.46859478771557,30.4175,33.30686081093889,27.528139189061104
35,deviant,5,40,188.0970704044506,29.67625,32.59084430204725,26.761655697952747
35,deviant,6,39,199.7011846682306,27.82051282051282,30.95433545784685,24.686690183178793
35,deviant,7,40,185.1626312191529,25.255,28.124124695791384,22.385875304208614
35,deviant,8,39,180.31154325660614,25.38974358974359,28.21929313382338,22.560194045663795
35,deviant,9,40,178.54554925254993,25.78375,28.55034194844678,23.017158051553224
35,deviant,10,40,178.57226165219208,24.1675,26.9345058613675,21.4004941386325
35,deviant,11,39,169.0899947240802,23.06153846153846,25.71499319238219,20.40808373069473
36,background,1,836,457.78159869665274,21.382834928229666,22.934440278469694,19.83122957798964
36,background,2,757,284.51645036151376,9.071862615587847,10.085273390938466,8.058451840237227
36,background,3,677,205.90563116964148,6.5392171344165435,7.3147495682952455,5.7636847005378415
36,background,4,597,157.4516299994182,5.339530988274707,5.97104947897045,4.708012497578965
36,background,5,517,141.68573452687835,4.854932301740813,5.465602786740806,4.244261816740819
36,background,6,437,104.52594742077453,4.24233409610984,4.732349203669307,3.752318988550372
36,background,7,358,90.08766198600816,4.003212290502793,4.46981781705241,3.536606763953176
36,background,8,278,75.76525380549137,3.7600719424460434,4.205393541794078,3.3147503430980088
36,background,9,199,55.488642745017756,3.498994974874372,3.8844765630213516,3.1135133867273925
36,background,10,120,39.57890187567374,3.370833333333333,3.7249115368569705,3.0167551298096957
36,background,11,40,22.661641599848856,3.29375,3.644895774572328,2.9426042254276723
36,deviant,1,39,99.8702711152402,21.288461538461537,22.855681667563836,19.721241409359237
36,deviant,2,39,89.48881141472967,14.382051282051282,15.786359741540405,12.97774282256216
36,deviant,3,40,94.21395024651409,14.0475,15.507360283689756,12.587639716310242
36,deviant,4,40,87.42145346718843,12.637500000000001,13.992109455661824,11.282890544338178
36,deviant,5,40,80.49445878280592,12.1675,13.414774561003437,10.920225438996564
36,deviant,6,40,79.50718272749425,11.71375,12.945726560034192,10.481773439965806
36,deviant,7,40,86.36023085705718,11.705,13.043165640954653,10.366834359045347
36,deviant,8,40,95.84727434830893,12.36,13.845168902852466,10.874831097147533
36,deviant,9,39,74.51296248940427,10.037179487179486,11.206478552741135,8.867880421617837
36,deviant,10,40,76.32580787236004,9.64625,10.828930645932433,8.463569354067568
36,deviant,11,40,74.11990641059789,9.33625,10.484749848658423,8.187750151341577
37,background,1,839,874.5319349590138,40.18629320619785,43.14512834949016,37.22745806290555
37,background,2,759,521.6634703674289,14.788208168642951,16.643856237268572,12.932560100017332
37,background,3,679,369.4539961391103,10.223490427098675,11.612968049852839,8.83401280434451
37,background,4,599,286.5085146158284,8.169031719532555,9.316260933246568,7.021802505818541
37,background,5,519,244.02952258842942,7.426685934489402,8.476433236333243,6.376938632645562
37,background,6,439,184.164407384729,6.3301822323462416,7.191571617006718,5.468792847685765
37,background,7,359,152.97937597494703,5.772701949860724,6.563948330473995,4.981455569247453
37,background,8,279,132.63654334902935,5.534408602150537,6.312601332131539,4.756215872169536
37,background,9,200,95.37790486712373,5.10825,5.769185160407704,4.447314839592296
37,background,10,120,74.88508740590129,4.96625,5.636182109351649,4.29631789064835
37,background,11,40,39.16449788694912,4.7775,5.384360182024094,4.170639817975906
37,deviant,1,40,192.8915566622317,41.71,44.69888563629358,38.72111436370642
37,deviant,2,40,187.08856613632852,28.195,31.093967366512647,25.296032633487354
37,deviant,3,40,186.89298936472767,25.09,27.985936873039808,22.19406312696019
37,deviant,4,40,180.01386642495947,24.27125,27.0605937587493,21.481906241250698
37,deviant,5,40,178.96216889258142,22.33,25.103047536651022,19.556952463348974
37,deviant,6,40,174.55700320646278,22.8425,25.547288787162113,20.13771121283789
37,deviant,7,40,167.4389755293426,19.892500000000002,22.48699380561381,17.298006194386193
37,deviant,8,40,144.04489431752646,17.93,20.16199876167198,15.698001238328018
37,deviant,9,40,155.85859819586133,19.36875,21.783803999777664,16.953696000222333
37,deviant,10,40,155.41823878608463,18.24125,20.649480560030156,15.833019439969846
37,deviant,11,40,156.57938964997246,17.9725,20.39872277907125,15.54627722092875
38,background,1,839,248.29465199743294,20.1515494636472,20.99161363152229,19.31148529577211
38,background,2,759,168.84151709439485,8.045586297760211,8.646185060942452,7.444987534577971
38,background,3,679,113.79857551601286,5.709425625920471,6.137410099855523,5.28144115198542
38,background,4,599,88.02628196050014,4.73338898163606,5.085861306499154,4.380916656772967
38,background,5,519,73.20652113604433,4.2244701348747595,4.539384278150555,3.909555991598964
38,background,6,439,58.55901207104542,3.821867881548975,4.095765059024897,3.547970704073052
38,background,7,359,50.336943637221786,3.6171309192200556,3.877485782156669,3.3567760562834423
38,background,8,280,42.672683238072125,3.418214285714286,3.6681319837460054,3.1682965876825664
38,background,9,200,32.389772589832305,3.21625,3.4406996728257337,2.9918003271742664
38,background,10,120,22.032511861959104,3.1075,3.3046058278398207,2.910394172160179
38,background,11,40,12.602631304194919,3.0225,3.217779795219712,2.827220204780288
38,deviant,1,40,55.6187208164945,20.3925,21.254321007793198,19.5306789922068
38,deviant,2,40,92.65974825871491,18.80375,20.239527674385265,17.367972325614737
38,deviant,3,40,93.043255362337,18.4775,19.919220178522135,17.035779821477863
38,deviant,4,40,91.27134213287783,17.075,18.489264098577884,15.660735901422115
38,deviant,5,40,92.83669873266145,15.8825,17.32101955038578,14.443980449614221
38,deviant,6,40,88.71445915496466,14.70875,16.08339478636636,13.334105213633642
38,deviant,7,40,87.78055773227621,14.72,16.0801738338981,13.359826166101902
38,deviant,8,40,86.84252232754716,14.24625,15.591888824714472,12.900611175285528
38,deviant,9,40,82.21041680698954,13.535,14.808863606059184,12.261136393940816
38,deviant,10,40,87.27299877848517,13.67125,15.02355912642822,12.318940873571782
38,deviant,11,40,88.87104791716331,13.1275,14.504571154374576,11.750428845625423
39,background,1,835,485.2057892221987,37.20670658682635,38.85224798233622,35.561165191316476
39,background,2,756,301.83418243169626,13.196825396825396,14.272630498850786,12.121020294800006
39,background,3,676,202.97238598805546,9.21819526627219,9.983245028842553,8.453145503701826
39,background,4,596,154.7403597881575,7.4473154362416105,8.068479822683802,6.826151049799419
39,background,5,516,126.79245370206175,6.490116279069768,7.037125479878195,5.943107078261341
39,background,6,436,102.73804194726452,5.829128440366972,6.311313906006264,5.34694297472768
39,background,7,357,80.71382194290875,5.330532212885154,5.749171401541254,4.9118930242290535
39,background,8,278,69.27029438518741,4.964388489208633,5.371534994150257,4.5572419842670095
39,background,9,200,51.75671835362868,4.724,5.082655759894168,4.365344240105832
39,background,10,120,40.304041850336596,4.4875,4.848065403707673,4.126934596292327
39,background,11,40,23.97773089655,4.27,4.641538789502876,3.8984612104971226
39,deviant,1,39,102.45472684377026,38.25,39.85777685329355,36.64222314670645
39,deviant,2,39,193.39836852302662,38.90128205128205,41.93619737393185,35.86636672863226
39,deviant,3,40,198.040911509665,34.41125,37.479925716305345,31.34257428369466
39,deviant,4,40,183.84892968785113,29.48375,32.33251867966902,26.634981320330983
39,deviant,5,40,182.64326028166434,28.56875,31.39883663866823,25.738663361331774
39,deviant,6,40,190.0492387722054,28.83875,31.783593464296622,25.89390653570338
39,deviant,7,39,175.32740801141162,26.25128205128205,29.002617758599314,23.499946343964787
39,deviant,8,40,174.99988721800878,24.06125,26.772901346019328,21.349598653980674
39,deviant,9,39,181.48166501562105,25.056410256410256,27.904322005315873,22.20849850750464
39,deviant,10,40,175.42464269069464,23.9,26.618233000256637,21.18176699974336
39,deviant,11,40,172.91285453417825,23.83625,26.515562439541945,21.156937560458054
40,background,1,836,248.821178655211,20.298803827751197,21.142158547892066,19.455449107610328
40,background,2,756,162.07226296023833,8.026256613756614,8.603918712809564,7.448594514703663
40,background,3,676,116.0568145803007,5.780325443786983,6.217770360281962,5.342880527292003
40,background,4,596,87.42632988919719,4.795973154362416,5.146923111043802,4.445023197681031
40,background,5,517,74.54101661430931,4.239651837524178,4.5609262334275815,3.918377441620775
40,background,6,438,57.664455895154425,3.8054794520547945,4.075500251631044,3.535458652478545
40,background,7,360,48.28751609397935,3.5880555555555556,3.837463160123608,3.338647950987503
40,background,8,280,39.24152607151069,3.394107142857143,3.623929856566737,3.164284429147549
40,background,9,200,32.528894038507076,3.24275,3.4681637352794445,3.0173362647205555
40,background,10,120,24.047978359061588,3.1258333333333335,3.3409697967576837,2.9106968699089832
40,background,11,40,12.79967104840466,2.95,3.148332957687983,2.7516670423120173
40,deviant,1,40,54.61135413080325,20.7975,21.643711699280978,19.95128830071902
40,deviant,2,40,95.5678733730778,20.20875,21.68958953988767,18.727910460112327
40,deviant,3,40,94.75603022055057,18.1,19.568259899910167,16.631740100089836
40,deviant,4,40,96.43901809188186,16.715,18.209338067154608,15.220661932845392
40,deviant,5,40,90.39391863569026,16.38625,17.786918280631937,14.985581719368065
40,deviant,6,39,101.65911821272833,16.47820512820513,18.073496846057143,14.882913410353114
40,deviant,7,39,93.09222930994153,14.65128205128205,16.112137358956126,13.190426743607976
40,deviant,8,40,96.05387742522969,15.125,16.61337025069634,13.636629749303658
40,deviant,9,40,89.9743238227908,14.61,16.004166591646477,13.215833408353522
40,deviant,10,40,92.01445824605929,14.43375,15.859528802047645,13.007971197952354
40,deviant,11,40,88.22774059515702,13.06125,14.428353004146858,11.69414699585314
41,background,1,837,476.43769405431146,37.49492234169654,39.108795731021246,35.88104895237183
41,background,2,758,302.8670413512209,13.201385224274405,14.279446603206466,12.123323845342345
41,background,3,678,199.6621093115488,9.053392330383481,9.804854087429332,8.30193057333763
41,background,4,598,148.69173339142748,7.3822742474916385,7.97815904826524,6.7863894467180375
41,background,5,519,125.51123875028716,6.417244701348747,6.957159228212798,5.877330174484697
41,background,6,439,98.41604757890158,5.853872437357631,6.314192321468614,5.393552553246648
41,background,7,359,80.98024450444686,5.355988857938718,5.774838294060191,4.937139421817245
41,background,8,279,64.12056899639188,4.953405017921147,5.329607227171517,4.577202808670777
41,background,9,199,51.682609311674256,4.724874371859296,5.083915309454276,4.365833434264316
41,background,10,119,40.99175141672439,4.598739495798319,4.966994849558119,4.230484142038519
41,background,11,40,22.665879759302477,4.39,4.741211445533433,4.038788554466566
41,deviant,1,40,109.65474525935818,37.9475,39.6466178811991,36.2483821188009
41,deviant,2,40,200.86221383667072,39.90125,43.01364224877957,36.788857751220426
41,deviant,3,40,210.31682866820867,37.045,40.30389302338919,33.78610697661081
41,deviant,4,40,198.5104332403291,30.44875,33.52470103089657,27.372798969103428
41,deviant,5,40,186.05828175742764,29.29,32.17300294466505,26.406997055334944
41,deviant,6,40,202.29982959120747,30.2575,33.392168335683515,27.122831664316486
41,deviant,7,40,188.81881457323607,28.17625,31.102027843807658,25.25047215619234
41,deviant,8,40,190.5651843167692,26.7925,29.745338123336865,23.839661876663136
41,deviant,9,40,187.03338429837936,24.57875,27.476862315075017,21.68063768492498
41,deviant,10,40,177.6755321839282,23.5175,26.270610894300443,20.764389105699554
41,deviant,11,39,189.6702193420548,26.257692307692306,29.234103429087124,23.281281186297488
42,background,1,840,452.2158310969848,20.961904761904762,22.490991757008864,19.43281776680066
42,background,2,760,282.5271947786152,9.09578947368421,10.100126645812454,8.091452301555966
42,background,3,680,214.24619999086656,6.8203676470588235,7.625532385553097,6.01520290856455
42,background,4,600,161.84702816646274,5.452916666666667,6.100439637809695,4.805393695523639
42,background,5,520,133.08843518107568,4.81326923076923,5.385227999596903,4.241310461941558
42,background,6,440,105.82338812230591,4.349772727272727,4.844176071317719,3.8553693832277354
42,background,7,360,96.7496770020448,4.155,4.654717258946386,3.6552827410536146
42,background,8,280,73.78628456206265,3.7682142857142855,4.200352529311108,3.3360760421174622
42,background,9,200,57.65336526444738,3.5835,3.9830174382598136,3.1839825617401862
42,background,10,120,39.2662303016888,3.339166666666667,3.690447668045655,2.9878856652876786
42,background,11,40,25.017783148876525,3.3825,3.7701545661172826,2.994845433882717
42,deviant,1,40,101.86483562467521,19.97875,21.55716198085791,18.400338019142094
42,deviant,2,40,100.22329018115921,16.40875,17.96172597068542,14.855774029314583
42,deviant,3,40,83.36891696423478,13.26625,14.558064751975317,11.974435248024681
42,deviant,4,40,77.58255365466484,11.775,12.97715412358071,10.57284587641929
42,deviant,5,40,81.8437857332974,11.9175,13.185682598715267,10.649317401284733
42,deviant,6,40,84.24619310468324,11.965,13.270408286604939,10.659591713395061
42,deviant,7,40,73.8610003210155,10.3125,11.4569880572369,9.1680119427631
42,deviant,8,40,80.12739856004312,11.5675,12.80908690392578,10.325913096074222
42,deviant,9,40,69.8056701059976,9.155000000000001,10.236650064533473,8.07334993546653
42,deviant,10,40,69.9879688909007,9.505,10.589474813470849,8.420525186529153
42,deviant,11,40,75.52618925351587,9.8475,11.017790427066808,8.677209572933192
43,background,1,839,881.3489795105057,39.80744934445769,42.78934883815967,36.825549850755706
43,background,2,759,533.333291666665,15.03768115942029,16.93484082045218,13.140521498388399
43,background,3,679,382.3737837853376,10.476141384388807,11.914208969662713,9.038073799114901
43,background,4,600,296.3440035179599,8.533,9.718622941689155,7.347377058310843
43,background,5,520,249.95351673124304,7.429326923076923,8.503523230962262,6.355130615191584
43,background,6,440,191.99372248509655,6.416363636363636,7.313351911985381,5.519375360741891
43,background,7,360,146.0580183928363,5.875138888888889,6.629536369687366,5.120741408090413
43,background,8,280,123.46066921131306,5.461785714285714,6.184847961733477,4.738723466837951
43,background,9,200,96.32222512292567,5.07775,5.7452289659213,4.4102710340787
43,background,10,120,56.888764962401574,4.67,5.178934577362442,4.161065422637558
43,background,11,40,40.62984384078182,4.87,5.499565952817788,4.240434047182212
43,deviant,1,40,187.11767336147196,38.76375,41.66316838763897,35.864331612361035
43,deviant,2,40,178.57580581101303,27.69125,30.458310778677394,24.924189221322607
43,deviant,3,40,187.36612062455353,25.245,28.148268117864855,22.341731882135146
43,deviant,4,39,165.47885061239703,21.737179487179485,24.33396612572988,19.14039284862909
43,deviant,5,40,178.18209934310403,23.30625,26.067210233753542,20.545289766246455
43,deviant,6,40,177.57378007020367,22.6375,25.389034228963524,19.885965771036474
43,deviant,7,40,162.04379687375618,20.43625,22.947144646231436,17.925355353768566
43,deviant,8,40,166.0837930557629,19.47,22.043495035631707,16.89650496436829
43,deviant,9,40,153.78967181802145,18.06,20.4429956534183,15.677004346581695
43,deviant,10,40,134.2464152221578,16.22,18.300169755092117,14.13983024490788
43,deviant,11,40,143.56088017210496,16.565,18.78949888478755,14.34050111521245
44,background,1,838,240.44102023266805,19.810978520286397,20.62495644798194,18.997000592590854
44,background,2,758,154.91338836503718,7.888654353562005,8.440071702675871,7.33723700444814
44,background,3,678,108.03753002886005,5.721017699115044,6.127635020860854,5.314400377369234
44,background,4,598,80.74247561488966,4.726254180602007,5.049831106489938,4.402677254714076
44,background,5,518,67.64288969519109,4.229826254826254,4.521087933448511,3.9385645762039974
44,background,6,439,53.186983963728366,3.845216400911162,4.0939870729376695,3.5964457288846536
44,background,7,359,43.95772490640717,3.51991643454039,3.747276433301822,3.2925564357789585
44,background,8,280,36.764757151667034,3.3889285714285715,3.6042457902867997,3.1736113525703433
44,background,9,200,31.71551172865616,3.2455,3.4652772834389154,3.0257227165610843
44,background,10,120,22.406178659139158,3.1216666666666666,3.3221153681586557,2.9212179651746775
44,background,11,40,11.641237951894617,2.95375,3.134132850888705,2.773367149111295
44,deviant,1,40,52.92223689428421,20.265,21.085038556538976,19.444961443461025
44,deviant,2,40,95.35690574722005,20.24875,21.726320562657357,18.771179437342646
44,deviant,3,40,92.89355821527529,19.16125,20.600650597196807,17.72184940280319
44,deviant,4,40,92.10040287928341,17.55,18.97711052793656,16.12288947206344
44,deviant,5,40,93.95690501501207,16.2575,17.71337732656292,14.801622673437079
44,deviant,6,39,91.96794349978119,17.314102564102566,18.757314950285878,15.870890177919254
44,deviant,7,40,94.18014652781126,15.84,17.29933648964178,14.380663510358218
44,deviant,8,39,87.40307413598822,14.48076923076923,15.852347134801155,13.109191326737305
44,deviant,9,40,85.21153245399296,13.6975,15.017866374793076,12.377133625206923
44,deviant,10,40,95.32524655923504,14.66875,16.145829998457128,13.191670001542873
44,deviant,11,40,77.40962472457801,11.56625,12.7657245620479,10.3667754379521
45,background,1,937,506.8974359042624,36.864567769477055,38.487410276519086,35.241725262435025
45,background,2,799,305.62856714095244,13.369712140175219,14.429323562912742,12.310100717437695
45,background,3,680,199.27638833381238,9.18220588235294,9.931112145837275,8.433299618868606
45,background,4,600,149.85737078618246,7.5145,8.11405435128131,6.9149456487186916
45,background,5,520,117.04834808519804,6.445192307692308,6.948217450132649,5.942167165251966
45,background,6,440,97.73122379906616,5.856704545454545,6.313301567353176,5.400107523555914
45,background,7,360,81.42094971585372,5.427361111111111,5.847904673359468,5.006817548862753
45,background,8,280,68.22459041168443,5.039642857142857,5.439208370511671,4.640077343774043
45,background,9,200,52.023223559038364,4.737,5.097502546746242,4.376497453253759
45,background,10,120,38.636463551798755,4.58875,4.934397022949257,4.243102977050743
45,background,11,40,21.825745299868615,4.3,4.638193427213667,3.9618065727863323
45,deviant,1,80,148.1443641573278,36.83,38.45317825682241,35.206821743177585
45,deviant,2,58,226.73079910580722,38.18706896551724,41.104647785618994,35.26949014541549
45,deviant,3,39,183.03451644574125,32.21410256410256,35.086382525806776,29.341822602398345
45,deviant,4,40,204.59484353228456,31.53625,34.70647994513016,28.366020054869836
45,deviant,5,40,194.75110971915439,30.1375,33.155199709433624,27.119800290566374
45,deviant,6,40,183.53076610002793,26.3625,29.206338683799363,23.51866131620064
45,deviant,7,40,187.73454803609218,26.87625,29.785226959752073,23.967273040247925
45,deviant,8,40,196.11569490857602,28.25875,31.29759417600716,25.21990582399284
45,deviant,9,40,181.4304129324577,25.5225,28.333793374288035,22.711206625711966
45,deviant,10,40,179.16293672168038,22.8325,25.60865846639314,20.056341533606858
45,deviant,11,40,175.5682203589249,22.555,25.27545775927508,19.834542240724918
46,background,1,835,238.0072367320834,20.001736526946107,20.808921373403507,19.194551680488708
46,background,2,755,159.93086499780884,8.059403973509934,8.629811025429657,7.4889969215902115
46,background,3,675,108.40946987184633,5.825555555555556,6.234478434761894,5.416632676349217
46,background,4,597,82.36181409520209,4.749916247906198,5.080259023834002,4.419573471978393
46,background,5,517,66.9597876183515,4.240135396518375,4.528734429561029,3.951536363475721
46,background,6,438,56.27718056754067,3.8789954337899544,4.142520148605155,3.6154707189747533
46,background,7,359,46.096923062059936,3.621727019498607,3.8601514691854497,3.3833025698117645
46,background,8,279,37.85846217023003,3.425806451612903,3.6479260823364474,3.203686820889359
46,background,9,199,28.8699898820466,3.2394472361809044,3.440008089699308,3.0388863826625006
46,background,10,119,21.67626642934132,3.111344537815126,3.3060764262133366,2.9166126494169156
46,background,11,39,12.57587498263828,3.0794871794871796,3.2768348405456176,2.8821395184287417
46,deviant,1,39,51.35362437883139,19.653846153846153,20.45971593801841,18.847976369673898
46,deviant,2,40,86.84549195948061,19.09375,20.43943483963801,17.74806516036199
46,deviant,3,40,95.4333192394178,19.46375,20.942504601985988,17.984995398014014
46,deviant,4,39,90.29498441511754,16.164102564102564,17.581061941023247,14.747143187181878
46,deviant,5,40,97.09653362558966,16.2925,17.797026375903553,14.787973624096448
46,deviant,6,39,90.88205195978496,15.053846153846154,16.480018122891313,13.627674184800993
46,deviant,7,39,95.03536737779035,16.035897435897436,17.527245552488026,14.544549319306846
46,deviant,8,40,90.76467548440567,15.1525,16.558913217522168,13.746086782477834
46,deviant,9,40,89.36412797325924,14.6375,16.022211509000304,13.252788490999697
46,deviant,10,40,85.20855220235264,13.19375,14.514070195315476,11.873429804684523
46,deviant,11,40,87.57245120770754,13.07875,14.435699189891562,11.721800810108437
47,background,1,838,477.9582039643656,37.08991646778043,38.707974102087285,35.47185883347357
47,background,2,758,297.6884675028753,13.337532981530343,14.397161121774754,12.277904841285931
47,background,3,678,203.15515848989074,9.406858407079646,10.171466839185955,8.642249974973337
47,background,4,598,151.62746071244896,7.571321070234114,8.178970851144218,6.963671289324009
47,background,5,519,120.57750292043004,6.572543352601156,7.0912343167566165,6.053852388445695
47,background,6,439,98.58655027303085,5.9381548974943055,6.3992722712661,5.477037523722511
47,background,7,360,78.63874764757479,5.446944444444444,5.853117784130033,5.040771104758855
47,background,8,280,64.1664365454976,5.11,5.485798447519272,4.734201552480728
47,background,9,200,54.999784688573754,4.92875,5.309879063027488,4.547620936972512
47,background,10,120,38.995748756148174,4.639166666666666,4.98802790359559,4.290305429737742
47,background,11,40,21.246547707184906,4.435,4.764218667533649,4.10578133246635
47,deviant,1,40,102.92667292786648,36.9175,38.51236532033272,35.322634679667274
47,deviant,2,40,192.44766205797083,35.71125,38.69325741814002,32.72924258185998
47,deviant,3,40,187.1023010351064,33.29625,36.195430190974136,30.39706980902586
47,deviant,4,40,197.95236667866394,30.38625,33.45355369993445,27.318946300065548
47,deviant,5,40,194.66778718735424,30.3125,33.32890861342722,27.296091386572787
47,deviant,6,40,188.5663501822439,27.240000000000002,30.16186586753991,24.318134132460095
47,deviant,7,40,190.26606025303232,27.855,30.803203147949432,24.90679685205057
47,deviant,8,40,172.58962583935462,23.2925,25.96680395902619,20.61819604097381
47,deviant,9,40,183.7119169271624,26.5025,29.349145644946827,23.655854355053176
47,deviant,10,40,186.13253625476545,24.675,27.55915353002174,21.790846469978263
47,deviant,11,40,178.76433324940763,24.26625,27.036232041600535,21.496267958399464
48,background,1,839,453.9445044913475,20.33688915375447,21.872735815610632,18.801042491898308
48,background,2,759,285.64973951364016,9.139393939393939,10.155499949382621,8.123287929405256
48,background,3,679,209.94219755873152,6.755522827687776,7.545093352375926,5.965952302999626
48,background,4,599,161.62478477211212,5.541318864774625,6.188492213180806,4.894145516368444
48,background,5,519,136.2937327207211,5.036512524084778,5.622810348480008,4.450214699689549
48,background,6,440,113.71251840543006,4.569545454545454,5.100806552464999,4.03828435662591
48,background,7,360,86.995886170130575,4.112222222222222,4.561560629580735,3.6628838148637084
48,background,8,280,74.44042124940906,3.9819642857142856,4.417933559438454,3.5459950119901174
48,background,9,200,56.15322083840175,3.693,4.0821219677549365,3.3038780322450636
48,background,10,120,39.67834488271379,3.5454166666666667,3.9003845007666227,3.1904488325667106
48,background,11,40,25.622872183800325,3.5225,3.9195305178512894,3.1254694821487106
48,deviant,1,40,96.34302749741893,20.55,22.04285067748357,19.05714932251643
48,deviant,2,40,92.50706943113505,14.465,15.898411891441645,13.031588108558354
48,deviant,3,40,85.63052517709595,13.18375,14.510608734300481,11.856891265699518
48,deviant,4,40,78.75249369485321,11.59625,12.816532532319549,10.37596746768045
48,deviant,5,40,78.31923538683806,10.93375,12.147319125283808,9.720180874716192
48,deviant,6,40,89.35704549137337,12.40375,13.788351764806496,11.019148235193505
48,deviant,7,40,74.89418851742911,10.35375,11.514247474203016,9.193252525796984
48,deviant,8,40,82.1675118279725,10.6875,11.96069878652157,9.41430121347843
48,deviant,9,40,74.04870374500685,9.54,10.687396551924582,8.392603448075416
48,deviant,10,40,71.32145539737674,9.17625,10.281387400959717,8.071112599040282
48,deviant,11,40,66.04079680095678,8.94375,9.967062748278586,7.920437251721413
49,background,1,838,857.7162394221189,38.93233890214797,41.836011854625205,36.02866594967073
49,background,2,758,507.3757716763884,14.820184696569921,16.626199050623903,13.01417034251594
49,background,3,678,380.23067098525183,10.780088495575221,12.21115024828592,9.349026742864522
49,background,4,598,292.8109233654122,8.738963210702341,9.9124082621136,7.5655181592910825
49,background,5,518,225.5716305884138,7.491409266409266,8.462692014245686,6.520126518572846
49,background,6,438,193.3401080180236,6.770662100456621,7.676000575376179,5.865323625537064
49,background,7,358,155.75460625105458,6.078631284916201,6.8853561844211875,5.271906385411215
49,background,8,278,115.1795851794287,5.589568345323741,6.266553566227586,4.912583124419896
49,background,9,198,88.95588794453124,5.360858585858586,5.980396914296819,4.741320257420353
49,background,10,119,81.99301960019459,5.432352941176471,6.1689491439526405,4.695756738400301
49,background,11,40,28.91725946103541,4.56625,5.014327577575933,4.118172422424068
49,deviant,1,40,195.8664690145062,37.7,40.73498238076911,34.665017619230895
49,deviant,2,40,200.8591808365149,30.4575,33.56984525195526,27.345154748044745
49,deviant,3,40,190.42361363964014,26.35,29.30064446296773,23.399355537032275
49,deviant,4,40,164.76237274840457,22.62875,25.181769415835213,20.075730584164788
49,deviant,5,40,167.0797477412004,19.9975,22.586427513367973,17.408572486632025
49,deviant,6,40,159.09690856766977,19.85,22.31523213885043,17.384767861149573
49,deviant,7,40,158.87489285266997,19.1375,21.599291969705252,16.675708030294746
49,deviant,8,40,156.43424715902373,18.5125,20.936473772873573,16.088526227126426
49,deviant,9,40,151.01610231327896,17.925,20.265018748687822,15.584981251312177
49,deviant,10,40,144.90648527130938,17.05,19.2953492518162,14.8046507481838
49,deviant,11,40,140.076501654594,17.195,19.365507880294622,15.024492119705378
50,background,1,840,229.14757942839944,19.37125,20.146071577594004,18.596428422405996
50,background,2,760,143.80277978427333,7.809013157894737,8.32020811491786,7.297818200871614
50,background,3,680,95.13177840846816,5.746691176470589,6.104208618964387,5.38917373397679
50,background,4,600,73.14394603865219,4.825333333333333,5.117970064428329,4.532696602238337
50,background,5,520,55.80633806675594,4.278269230769231,4.518101672784308,4.038436788754154
50,background,6,440,47.190543209641596,3.984318181818182,4.204790827649379,3.7638455359869845
50,background,7,360,38.967935536797434,3.743333333333333,3.9446048056177965,3.54206186104887
50,background,8,280,32.280554681205786,3.528035714285714,3.7170906624385003,3.338980766132928
50,background,9,200,25.434953157127357,3.407,3.583255232994356,3.230744767005644
50,background,10,120,19.38956583211431,3.2870833333333334,3.4605450089125136,3.113621657754153
50,background,11,40,9.867277126681751,3.1574999999999998,3.3103950431195406,3.004604956880459
50,deviant,1,40,46.923986683952904,18.71375,19.440844706601844,17.986655293398158
50,deviant,2,40,92.76942270745077,20.33125,21.768727097574995,18.893772902425006
50,deviant,3,40,94.54242990653232,17.90375,19.368700128754163,16.438799871245834
50,deviant,4,40,86.55387734937428,16.02,17.36116622444011,14.678833775559887
50,deviant,5,40,94.48099224043342,16.55,18.013998142255076,15.086001857744924
50,deviant,6,40,91.53850210933676,15.89375,17.312153785301597,14.475346214698405
50,deviant,7,40,91.04429228619847,15.15,16.56074592475418,13.739254075245821
50,deviant,8,40,86.32879314756919,13.93625,15.273928508599289,12.59857149140071
50,deviant,9,40,88.14343872049518,13.53625,14.902046733065589,12.170453266934413
50,deviant,10,40,89.86810510848372,14.39375,15.786270715616489,13.001229284383513
50,deviant,11,40,92.70847062871759,13.89125,15.327782635330092,12.454717364669907
51,background,1,837,462.40146318745036,36.24199522102748,37.80832262529446,34.6756678167605
51,background,2,758,279.53149714251686,13.212664907651716,14.2076629434893,12.217666871814131
51,background,3,679,176.53083076484484,9.226141384388807,9.89005527255148,8.562227496226134
51,background,4,599,136.45627794086158,7.7110183639399,8.257412695914098,7.164624031965701
51,background,5,519,107.01950142011744,6.7215799614643545,7.181948164740789,6.26121175818792
51,background,6,439,89.86339047336475,6.211047835990889,6.631364506962211,5.790731165019566
51,background,7,359,73.49500520085489,5.701392757660167,6.081526723351421,5.321258791968913
51,background,8,279,60.963535261490094,5.398566308243727,5.7562458642435494,5.040886752243905
51,background,9,200,47.35026260139487,5.0955,5.423620579408819,4.7673794205911815
51,background,10,120,34.30904438068466,4.766666666666667,5.073600013051198,4.459733320282135
51,background,11,40,19.474815045402398,4.6899999999999995,4.991765385514536,4.388234614485463
51,deviant,1,40,97.64169191487825,36.305,37.81797369111297,34.79202630888703
51,deviant,2,39,202.2363911236967,40.06153846153846,43.23514497593688,36.88793194714004
51,deviant,3,39,185.0395405824046,34.156410256410254,37.060154177821644,31.252666334998864
51,deviant,4,40,201.57585094502403,32.17375,35.29720017033711,29.050299829662883
51,deviant,5,40,166.55887215857595,25.53,28.11085646259654,22.94914353740346
51,deviant,6,40,194.73367778367947,26.71,29.72742959879501,23.692570401204993
51,deviant,7,40,187.0775170041046,27.15875,30.057546158435066,24.259953841564936
51,deviant,8,40,166.22567886999133,23.23875,25.814443579100793,20.663056420899206
51,deviant,9,39,179.60856561451976,25.982051282051284,28.80056930795571,23.16353325614686
51,deviant,10,40,179.29288006528665,24.355,27.133171959362752,21.57682804063725
51,deviant,11,40,177.84521655819583,23.2425,25.99824018091997,20.486759819080028
52,background,1,837,229.06924946974362,19.374313022700118,20.150256594431156,18.59836945096908
52,background,2,758,145.77673989610574,7.845250659630607,8.364145923134599,7.3263553961266155
52,background,3,678,97.22289907867975,5.788421828908555,6.1543364775049785,5.422507180312131
52,background,4,598,71.9728201622339,4.861789297658863,5.150221671303917,4.573356924013809
52,background,5,518,57.347807740414794,4.317857142857143,4.564789508151513,4.070924777562773
52,background,6,438,47.914699425673476,4.00810502283105,4.23247140675913,3.783738638902971
52,background,7,358,38.30569560508559,3.6966480446927372,3.8950508989086265,3.498245190476848
52,background,8,278,30.826210651941864,3.4944244604316546,3.675610119290587,3.313238801572722
52,background,9,200,25.618660961761528,3.3625,3.5400282631316102,3.1849717368683894
52,background,10,120,19.96734175703179,3.2316666666666665,3.4102972037311052,3.0530361296022277
52,background,11,40,10.390912021164405,3.24375,3.404758849871186,3.082741150128814
52,deviant,1,40,49.73902947014125,19.32875,20.09946424648623,18.558035753513767
52,deviant,2,40,97.04945836232704,20.94125,22.445046937142077,19.437453062857923
52,deviant,3,40,94.51939372146695,17.9875,19.452093179368468,16.522906820631533
52,deviant,4,40,86.76404785393545,16.01,17.354422850147976,14.665577149852028
52,deviant,5,40,93.23219457495975,16.87,18.31464782195305,15.425352178046953
52,deviant,6,40,93.03144629640023,15.98375,17.42528719514968,14.542212804850323
52,deviant,7,40,87.55790565166154,14.39125,15.74797380416556,13.034526195834438
52,deviant,8,40,81.87506528723793,13.3575,14.626167280425035,12.088832719574965
52,deviant,9,39,85.86904043520667,13.411538461538461,14.759043451101055,12.064033471975867
52,deviant,10,40,79.4489409024835,12.50625,13.73732409360581,11.275175906394189
52,deviant,11,40,87.9624172138605,13.38375,14.746741775760027,12.020758224239971
53,background,1,839,459.7045819127529,36.32139451728248,37.876729454890786,34.76605957967417
53,background,2,759,273.61661133783525,13.000592885375495,13.97389495694919,12.0272908138018
53,background,3,679,179.3314851858071,9.32319587628866,9.997642731174285,8.648749021403034
53,background,4,599,135.37919454550425,7.701669449081803,8.243750954477646,7.159587943685959
53,background,5,519,106.57480693711909,6.75028901734104,7.2087442683290766,6.291833766353004
53,background,6,440,87.59190661963672,6.053409090909091,6.462635560713425,5.644182621104758
53,background,7,360,70.28859681417221,5.636527777777777,5.999572141578842,5.273483413976713
53,background,8,280,56.30597799430124,5.296785714285714,5.626548441584888,4.96702298698654
53,background,9,200,46.62814826396516,5.0925,5.415616582349891,4.7693834176501095
53,background,10,120,37.50196486080498,4.989583333333333,5.325080977715473,4.654085688951193
53,background,11,40,18.790465107265664,4.79125,5.08241127336111,4.500088726638889
53,deviant,1,40,102.2261939858963,36.595,38.17901128667563,35.010988713324366
53,deviant,2,40,192.974486996543,34.905,37.895170655136944,31.914829344863058
53,deviant,3,40,218.44041100010486,35.51375,38.89851923573979,32.12898076426021
53,deviant,4,40,187.83869059437816,33.43,36.34059066541122,30.519409334588776
53,deviant,5,40,185.31303530143686,27.0125,29.883955231191468,24.14104476880853
53,deviant,6,39,168.6138612645067,26.226923076923075,28.872906055325863,23.580940098520287
53,deviant,7,40,187.33917313117854,27.65625,30.559100562128997,24.753399437871003
53,deviant,8,40,180.69258569823995,25.925,28.72486062284686,23.12513937715314
53,deviant,9,40,182.11877269633973,24.21,27.0319596193351,21.3880403806649
53,deviant,10,40,177.97036270120932,22.65625,25.41392934049628,19.89857065950372
53,deviant,11,40,166.42860014843728,23.2025,25.781337876886248,20.623662123113753
54,background,1,832,451.6457420543113,20.649819711538463,22.184303599707086,19.11533582336984
54,background,2,752,275.99346388141737,9.124800531914893,10.11111624634706,8.138484817482727
54,background,3,674,201.6598034209829,6.841320474777448,7.602549723652251,6.080091225902645
54,background,4,594,164.18994135483834,5.828787878787879,6.4889937785036365,5.168581979072122
54,background,5,514,133.03315771878664,5.152334630350195,5.727383052248872,4.577286208451518
54,background,6,435,108.30329003118487,4.663563218390805,5.172452257791599,4.154674178990011
54,background,7,355,90.33796194524783,4.32225352112676,4.79212835770131,3.8523786845522108
54,background,8,277,72.54956563401474,4.077797833935018,4.504987764999781,3.6506079028702563
54,background,9,198,59.81616574313776,3.9055555555555554,4.32214863550093,3.488962475610181
54,background,10,118,47.00727827184122,3.7932203389830508,4.217302669871747,3.369138008094355
54,background,11,40,20.915179579484978,3.58125,3.905334065198814,3.2571659348011854
54,deviant,1,40,98.69174497553375,20.00875,21.53799443185791,18.479505568142088
54,deviant,2,40,89.19852193724665,14.68375,16.06589541688675,13.301604583113248
54,deviant,3,39,82.79656425620317,12.914102564102564,14.21339253972607,11.614812588479056
54,deviant,4,40,79.24298076170531,12.08375,13.311632708160678,10.855867291839322
54,deviant,5,40,82.65171058821406,11.375,12.655701524042277,10.094298475957723
54,deviant,6,40,76.41336683839384,10.92875,12.11278738616739,9.744712613832611
54,deviant,7,40,79.45187222463672,10.645,11.876119514913153,9.413880485086846
54,deviant,8,40,75.09432664813528,9.9675,11.131098646667446,8.803901353332552
54,deviant,9,39,76.4097334664966,11.287179487179488,12.486243743346918,10.088115231012058
54,deviant,10,40,76.84012794860439,10.275,11.465650118080124,9.084349881919877
54,deviant,11,39,74.96630822190093,10.46923076923077,11.64564398948007,9.29281754898147
55,background,1,834,843.4831074962792,39.26378896882494,42.126117237531055,36.401460700118825
55,background,2,757,521.6720713245054,15.26664464993395,17.124773055542807,13.408516244325092
55,background,3,678,376.45599099748006,10.989306784660767,12.406161897635577,9.572451671685958
55,background,4,598,304.55935814152707,9.2564381270903,10.476965242556442,8.035911011624158
55,background,5,518,228.97488945297022,7.82046332046332,8.806400068064438,6.8345265728622024
55,background,6,438,206.5232368728058,7.300228310502283,8.267298383145702,6.333158237858864
55,background,7,359,149.24551478758255,6.497353760445682,7.269287706742982,5.725419814148382
55,background,8,280,132.78959415477357,6.090892857142857,6.868591074725731,5.313194639559984
55,background,9,200,100.93494517705322,5.694,6.39344348509519,4.99455651490481
55,background,10,120,80.46794065765701,5.43,6.149877068818368,4.7101229311816315
55,background,11,40,37.849146552291536,5.045,5.631478601933877,4.4585213980661225
55,deviant,1,40,191.42223926234516,39.77,42.73611832730573,36.803881672694274
55,deviant,2,38,189.9096253207659,28.682894736842105,31.702020848824745,25.663768624859465
55,deviant,3,39,183.45946060154688,25.153846153846153,28.03279457681803,22.274897730874276
55,deviant,4,40,165.49623942300894,23.3975,25.961890797769367,20.833109202230634
55,deviant,5,40,171.68206539690559,22.8675,25.527741164275387,20.207258835724613
55,deviant,6,40,165.16015353525643,22.14625,24.70543309298515,19.587066907014847
55,deviant,7,39,145.0372456701345,17.944871794871794,20.22087734032088,15.66886624942271
55,deviant,8,39,155.25353627636244,20.196153846153848,22.632479135447063,17.759828556860633
55,deviant,9,40,155.3640461693286,18.89375,21.30114083673372,16.486359163266282
55,deviant,10,40,159.01360418464034,17.7475,20.21144132406213,15.283558675937867
55,deviant,11,40,148.31417577845383,17.385,19.683151963277407,15.086848036722596
56,background,1,838,233.69449805473093,19.519510739856802,20.310649302887217,18.728372176826387
56,background,2,758,146.8611320440611,7.939775725593668,8.462530904950874,7.417020546236461
56,background,3,679,96.92351841040768,5.901178203240059,6.265697362207701,5.536659044272418
56,background,4,599,73.44267366994124,4.941569282136895,5.235646339080203,4.647492225193586
56,background,5,519,58.64226964804215,4.444508670520231,4.696771444647176,4.1922458963932865
56,background,6,440,48.302364549291276,4.082613636363637,4.308280674455911,3.856946598271363
56,background,7,360,41.27937550527217,3.861527777777778,4.0747379611882835,3.648317594367272
56,background,8,280,33.32092751599684,3.6039285714285714,3.799076588126289,3.408780554730854
56,background,9,200,25.004999500099974,3.48925,3.662525806158852,3.315974193841148
56,background,10,120,20.03930348616255,3.4,3.579274316415698,3.220725683584302
56,background,11,40,9.894575866551703,3.21625,3.3695680414762244,3.0629319585237758
56,deviant,1,40,50.90848342084575,19.6775,20.466335123190483,18.888664876809514
56,deviant,2,40,91.74204396883114,19.29125,20.712807699090018,17.869692300909986
56,deviant,3,39,96.87451188332034,18.342307692307692,19.862516692694907,16.822098691920477
56,deviant,4,40,93.1244074513116,17.83625,19.279227643168532,16.393272356831467
56,deviant,5,40,89.80588715903346,16.28625,17.677806638501607,14.89469336149839
56,deviant,6,40,91.27775713375313,14.87375,16.288113500046276,13.459386499953721
56,deviant,7,40,88.25458091584582,14.07375,15.44126889922474,12.70623110077526
56,deviant,8,40,93.38854883031205,14.93,16.377070556240035,13.482929443759966
56,deviant,9,40,87.74390067271433,13.723749999999999,15.083355826875453,12.364144173124545
56,deviant,10,40,82.70604254638357,12.43,13.711543406456284,11.148456593543715
56,deviant,11,40,84.9843329214583,13.1275,14.444345881563015,11.810654118436984
57,background,1,832,462.15805282335384,36.48828125,38.058481120852626,34.918081379147374
57,background,2,753,277.6239505063221,13.417662682602922,14.409146242441585,12.426179122764259
57,background,3,675,186.2839089584554,9.619851851851852,10.32251880973987,8.917184893963833
57,background,4,595,134.31769096162702,7.880840336134454,8.420476206485619,7.341204465783289
57,background,5,515,107.10800009434641,6.952135922330097,7.414670677493735,6.489601167166459
57,background,6,435,88.52901694984114,6.2941379310344825,6.710112795525941,5.878163066543024
57,background,7,355,73.32607420211951,5.804647887323943,6.186038793101253,5.423256981546634
57,background,8,275,59.72394829547022,5.4809090909090905,5.833855070808668,5.127963111009513
57,background,9,197,47.36465482103497,5.201522842639594,5.532232851749642,4.870812833529547
57,background,10,118,33.11971904279509,4.908474576271186,5.207268468757851,4.6096806837845214
57,background,11,40,20.549298873940355,4.7925,5.110914684929806,4.4740853150701945
57,deviant,1,40,105.19256777828684,35.98875,37.61872572479503,34.35877427520498
57,deviant,2,40,186.0502620261525,36.4075,39.2903786776415,33.5246213223585
57,deviant,3,40,191.2456741856841,34.38125,37.34463242309803,31.417867576901976
57,deviant,4,40,207.74965323930775,34.38625,37.605364227997306,31.167135772002684
57,deviant,5,40,189.25070395474998,32.13875,35.0712200391075,29.2062799608925
57,deviant,6,40,188.2084440747881,29.53375,32.45007005494849,26.617429945051516
57,deviant,7,40,168.82293745379008,24.9175,27.53343851780721,22.301561482192792
57,deviant,8,40,185.71702441589662,25.87125,28.748965107374342,22.993534892625657
57,deviant,9,39,186.21110685399375,27.68846153846154,30.610590332797656,24.76633274412542
57,deviant,10,39,174.97337391428263,24.644871794871793,27.390651801206037,21.89909178853755
57,deviant,11,38,165.16437585820853,23.511842105263156,26.137575682908768,20.886108527617544
58,background,1,838,231.74576019513503,19.55005966587112,20.334601061733302,18.76551827000894
58,background,2,758,147.0828534856244,7.998746701846966,8.522291103174197,7.475202300519736
58,background,3,678,97.12985068832775,5.895796460176991,6.2613609055869155,5.530232014767067
58,background,4,598,74.34432693466545,5.059030100334448,5.356966330101104,4.761093870567793
58,background,5,519,61.79782401210891,4.483333333333333,4.749170426847394,4.217496239819273
58,background,6,439,49.470193045914,4.099316628701595,4.330702811037217,3.8679304463659716
58,background,7,359,41.0494887460951,3.8831476323119776,4.095465529344661,3.6708297352792942
58,background,8,279,33.62823062156024,3.6369175627240145,3.8342179742927858,3.439617151155243
58,background,9,199,28.574970645101654,3.5545226130653265,3.753033957380306,3.356011268750347
58,background,10,119,19.51011883208571,3.3936974789915966,3.5689694657717013,3.218425492211492
58,background,11,40,10.726136303441237,3.27125,3.4374532039402372,3.105046796059763
58,deviant,1,40,48.740316177191865,19.32125,20.076489023683717,18.56601097631628
58,deviant,2,40,90.87401631987694,19.72625,21.134357471320804,18.318142528679196
58,deviant,3,40,93.31549484918014,19.23625,20.682188573074686,17.79031142692531
58,deviant,4,40,99.38338842450906,18.3175,19.85746155813264,16.777538441867357
58,deviant,5,39,86.45004642170987,15.294871794871794,16.651494255199296,13.938249334544292
58,deviant,6,40,91.21184133652824,15.355,16.768342124186496,13.941657875813503
58,deviant,7,40,93.81842765907483,15.61875,17.072481597702236,14.165018402297765
58,deviant,8,40,87.36413511998592,13.81625,15.16997129867033,12.46252870132967
58,deviant,9,40,89.89839293686833,14.2725,15.665490030379559,12.879509969620443
58,deviant,10,40,86.82345972083084,13.29625,14.641593446563192,11.950906553436809
58,deviant,11,40,84.93969997344557,13.5475,14.863654286868414,12.231345713131585
59,background,1,838,470.60767267326526,36.648389021479716,38.241562506559454,35.05521553639998
59,background,2,759,275.75993087046595,13.358695652173912,14.33962188563951,12.377769418708315
59,background,3,679,184.1398067259022,9.607363770250368,10.299894216740869,8.914833323759867
59,background,4,599,143.20269954820938,8.102253756260435,8.67566191700813,7.528845595512739
59,background,5,520,109.15258513706976,7.06375,7.5328424356005454,6.594657564399454
59,background,6,440,89.44577893014878,6.455227272727273,6.873114972208832,6.037339573245713
59,background,7,360,74.2846056163654,5.9006944444444445,6.284378407541694,5.517010481347195
59,background,8,280,62.045081233431866,5.539464285714286,5.90283876089179,5.176089810536782
59,background,9,200,49.496118933444485,5.32775,5.670740605134494,4.984759394865506
59,background,10,120,32.61102493587745,4.953333333333333,5.245075968352144,4.661590698314522
59,background,11,40,19.848770345049747,4.9625,5.2700598829154215,4.654940117084579
59,deviant,1,40,103.95827857467881,35.79375,37.40460021543871,34.18289978456129
59,deviant,2,40,191.42408141968036,37.225,40.191146871829375,34.25885312817063
59,deviant,3,40,188.09444716054642,32.48,35.39455365446183,29.56544634553816
59,deviant,4,40,182.23361235975165,29.255,32.07873907835543,26.43126092164457
59,deviant,5,40,207.4066879599747,32.66375,35.87754992593618,29.449950074063825
59,deviant,6,40,189.4399502133647,29.2225,32.15790244026535,26.287097559734647
59,deviant,7,40,183.47358192164313,25.54125,28.38420260577524,22.698297394224763
59,deviant,8,40,173.18057962108435,26.11625,28.799710882742755,23.432789117257247
59,deviant,9,40,178.45517644495496,25.49125,28.256441607285108,22.726058392714894
59,deviant,10,40,176.9354848227842,25.61875,28.36039374163614,22.877106258363856
59,deviant,11,40,158.46930634236895,22.0425,24.498007341617377,19.586992658382623
60,background,1,834,457.15200454898786,20.716966426858512,22.268294597022262,19.165638256694763
60,background,2,754,278.11201359391737,9.100994694960212,10.093562426701526,8.108426963218898
60,background,3,674,198.5983913646623,6.7025222551928785,7.452195227801438,5.952849282584319
60,background,4,594,159.2172960718183,5.708585858585859,6.348796807783006,5.068374909388711
60,background,5,515,125.75424027589851,4.984368932038835,5.527425535519122,4.441312328558548
60,background,6,435,111.22686631148825,4.688045977011495,5.210672142260175,4.165419811762814
60,background,7,356,85.39473359824821,4.270365168539326,4.713904527770795,3.8268258093078558
60,background,8,277,69.77026210130079,4.0830324909747295,4.493857189881693,3.6722077920677663
60,background,9,198,53.57159498721019,3.831818181818182,4.204920594452653,3.458715769183711
60,background,10,119,42.60460810263307,3.769747899159664,4.152492585258429,3.3870032130608987
60,background,11,40,21.14449038601334,3.5,3.827637272958342,3.172362727041658
60,deviant,1,40,93.35415024743705,20.07375,21.520287544676215,18.627212455323786
60,deviant,2,40,91.90537181482404,14.58125,16.005338490283485,13.157161509716516
60,deviant,3,40,86.85986899659281,13.13,14.47590761413608,11.784092385863921
60,deviant,4,40,85.03158855761532,12.35875,13.676328115231444,11.041171884768557
60,deviant,5,40,87.09352202631014,12.34875,13.698278105340998,10.999221894659003
60,deviant,6,40,85.28313524897368,11.77375,13.095225871596044,10.452274128403955
60,deviant,7,39,76.18015351437462,10.576923076923077,11.77238463612988,9.381461517716273
60,deviant,8,40,75.74738140341015,10.17375,11.347467834938463,9.000032165061537
60,deviant,9,39,70.81450936666938,9.607692307692307,10.718953179147093,8.496431436237522
60,deviant,10,40,70.53153456731998,9.79625,10.889147450888187,8.703352549111814
60,deviant,11,40,78.55447322182164,10.4925,11.709714173300743,9.275285826699257
61,background,1,838,852.6908352540886,38.67106205250597,41.55772223375737,35.784401871254566
61,background,2,758,518.0823090469011,14.914511873350923,16.758636364413366,13.07038738228848
61,background,3,679,375.45680948608964,10.785567010309279,12.197620582725271,9.373513437893287
61,background,4,599,289.0104214110807,8.897078464106844,10.054325741574921,7.739831186638768
61,background,5,520,231.66122611306903,7.71951923076923,8.715102877781565,6.723935583756896
61,background,6,440,190.7379505747969,6.98375,7.874871351089974,6.092628648910026
61,background,7,360,162.41119840830265,6.529583333333333,7.368445863996658,5.6907208026700085
61,background,8,280,127.92527629749118,6.0287500000000005,6.777959755430066,5.279540244569935
61,background,9,200,106.0764495912959,5.71875,6.453822292935944,4.983677707064056
61,background,10,120,70.47138276970081,5.466666666666667,6.097113178025252,4.836220155308082
61,background,11,40,40.15388163710099,5.10375,5.725940842063244,4.481559157936756
61,deviant,1,40,202.84537149474744,41.15125,44.294371595057335,38.00812840494266
61,deviant,2,40,200.4084841675017,27.98375,31.089111634716385,24.878388365283616
61,deviant,3,40,187.52379498135835,25.95,28.855711307335767,23.04428869266423
61,deviant,4,40,170.05829495855394,21.39875,24.033830580661423,18.763669419338576
61,deviant,5,40,179.47210602794314,22.6125,25.393449094426124,19.831550905573877
61,deviant,6,40,164.85026698891267,20.635,23.189381351201973,18.08061864879803
61,deviant,7,40,167.90002507758192,19.05625,21.657887842378283,16.454612157621714
61,deviant,8,40,162.66098099065462,20.805,23.325458013202322,18.284541986797677
61,deviant,9,40,147.0566933282249,17.94375,20.222417070841384,15.66508292915862
61,deviant,10,40,144.94899284339922,17.69,19.93600791346968,15.443992086530322
61,deviant,11,40,135.95863341472656,15.40625,17.51295085085662,13.299549149143381
62,background,1,839,228.44773097904417,19.32497020262217,20.09788557346893,18.552054831775408
62,background,2,759,142.88678808947424,7.795718050065876,8.303991309383031,7.2874447907487205
62,background,3,679,95.39169940717842,5.807437407952872,6.166195556755948,5.448679259149795
62,background,4,599,71.3423916203071,4.94474123539232,5.230408402920613,4.659074067864028
62,background,5,520,57.703256316031954,4.455480769230769,4.703465377322083,4.2074961611394555
62,background,6,440,47.10332986329657,4.069204545454546,4.289269733436931,3.8491393574721604
62,background,7,360,39.25627673580232,3.829861111111111,4.032621881118036,3.627100341104186
62,background,8,280,30.897751578902625,3.64125,3.8222063955909356,3.460293604409064
62,background,9,200,24.24127623876702,3.47275,3.640733473967875,3.304766526032125
62,background,10,120,18.519903944277445,3.35625,3.5219315628341246,3.190568437165876
62,background,11,40,10.820059344131451,3.195,3.3626585565336504,3.0273414434663493
62,deviant,1,40,48.81317768584088,18.925,19.681368024457047,18.168631975542954
62,deviant,2,40,91.88217569543244,18.77125,20.194979062689725,17.34752093731027
62,deviant,3,40,85.49710675314046,16.75125,18.076041394402985,15.426458605597013
62,deviant,4,40,99.8085667665857,18.62125,20.16779976479905,17.07470023520095
62,deviant,5,39,93.51384642759707,15.757692307692308,17.225163866891336,14.290220748493278
62,deviant,6,40,91.17936343158726,14.64875,16.061588873835603,13.235911126164398
62,deviant,7,40,88.60874971646868,13.965,15.338006801646817,12.591993198353183
62,deviant,8,40,84.2501132280982,13.90375,15.20921902954657,12.59828097045343
62,deviant,9,40,80.53518355025761,13.75,14.997905597812844,12.502094402187156
62,deviant,10,40,77.76244188823453,12.60875,13.8136915206382,11.403808479361802
62,deviant,11,40,93.02376606347207,14.315,15.75641818870751,12.873581811292489
63,background,1,838,467.44089409644545,36.45584725536993,38.038300074479544,34.87339443626032
63,background,2,759,276.837987011594,12.996903820816865,13.981664888250702,12.012142753383028
63,background,3,679,181.97439091083248,9.388365243004419,10.07275178835854,8.703978697650298
63,background,4,599,136.20511815099428,7.785893155258765,8.331281800373596,7.240504510143933
63,background,5,519,108.34072714309578,6.92514450867052,7.391196258442116,6.459092758898925
63,background,6,439,90.05777385422624,6.302619589977221,6.72384544738259,5.881393732571851
63,background,7,359,72.83055316063589,5.873259052924791,6.249956311749098,5.496561794100484
63,background,8,280,59.386978016184145,5.533035714285714,5.880842688505308,5.18522874006612
63,background,9,200,46.64036539533676,5.21125,5.534451242750998,4.888048757249002
63,background,10,120,35.97905092221247,5.0495833333333335,5.371456783866139,4.727709882800528
63,background,11,40,19.125210697153804,4.805,5.101348210014751,4.508651789985248
63,deviant,1,40,105.6836266758878,37.21625,38.8538347612454,35.5786652387546
63,deviant,2,40,190.77548115658448,37.895,40.851096706629775,34.93890329337023
63,deviant,3,40,205.49366746549893,33.925,37.10915736626786,30.740842633732136
63,deviant,4,40,183.8550272704872,27.38625,30.235113162690837,24.537386837309164
63,deviant,5,40,192.40688110027884,30.15125,33.13262551065382,27.16987448934618
63,deviant,6,40,191.1323597598492,27.9325,30.894126597878802,24.9708734021212
63,deviant,7,40,183.13380929053804,26.923750000000002,29.761437774310927,24.086062225689076
63,deviant,8,40,176.88243196214287,25.0975,27.838321679043673,22.356678320956327
63,deviant,9,40,191.30405668794154,27.9225,30.886787069342926,24.958212930657073
63,deviant,10,40,203.24181863510586,26.05,29.199264607140766,22.900735392859236
63,deviant,11,40,184.61332990590734,24.61375,27.474363183760655,21.753136816239344
64,background,1,839,228.95312091986733,19.255303933253874,20.029929207945422,18.480678658562326
64,background,2,759,143.65736832367557,7.854216073781291,8.365230421567436,7.343201725995148
64,background,3,680,97.84263681518075,5.881544117647059,6.249249314230446,5.513838921063672
64,background,4,600,73.52192655399158,4.985666666666667,5.279815634773979,4.6915176985593545
64,background,5,520,59.14320266144396,4.484519230769231,4.73869212965966,4.230346331878802
64,background,6,440,47.77397441681975,4.118409090909091,4.341607507904557,3.895210673913624
64,background,7,360,39.52420976938991,3.897222222222222,4.101366880685155,3.6930775637592896
64,background,8,280,33.1970591595416,3.69625,3.8906725667809274,3.5018274332190726
64,background,9,200,26.960497418494178,3.576,3.7628267153780404,3.3891732846219598
64,background,10,120,18.54042524919675,3.4116666666666666,3.577531815867149,3.2458015174661843
64,background,11,40,10.174917560767804,3.35625,3.5139119810327077,3.1985880189672926
64,deviant,1,40,50.39791662360658,19.46875,20.249673808703513,18.687826191296487
64,deviant,2,40,93.66123165851212,19.4475,20.898795820438085,17.996204179561918
64,deviant,3,39,97.31904936044664,17.993589743589745,19.520774674596883,16.466404812582606
64,deviant,4,40,86.64873127506799,16.47125,17.813886001246097,15.128613998753906
64,deviant,5,40,91.9480402469958,16.1225,17.547249644489753,14.697750355510243
64,deviant,6,40,99.29579680509087,16.12125,17.659854311928253,14.582645688071748
64,deviant,7,40,89.6909459726771,15.27875,16.668525606366952,13.888974393633047
64,deviant,8,40,88.60509668125607,14.59,15.962950197279758,13.217049802720242
64,deviant,9,40,79.37849039155446,13.04375,14.273732451629204,11.813767548370794
64,deviant,10,40,81.79385191153621,12.64625,13.91365886613096,11.37884113386904
64,deviant,11,40,91.99969965626032,13.62875,15.054300115329443,12.203199884670557
65,background,1,837,461.40417833985146,36.30513739545997,37.86808662143165,34.742188169488294
65,background,2,758,275.12539246486745,13.08542216358839,14.064736580424997,12.106107746751784
65,background,3,678,181.74317477954258,9.434587020648967,10.118607869280895,8.75056617201704
65,background,4,598,138.19023882048677,7.987792642140469,8.54159251419946,7.433992770081478
65,background,5,518,107.87665958960032,6.977220077220077,7.441723251135525,6.5127169033046295
65,background,6,438,88.50205171573562,6.383219178082192,6.797640755420437,5.968797600743947
65,background,7,358,73.52860166736407,5.936173184357542,6.317011704762101,5.555334663952983
65,background,8,280,61.296625647660846,5.614464285714286,5.973455340800035,5.255473230628537
65,background,9,200,46.521500405726385,5.33875,5.661127550397047,5.016372449602954
65,background,10,120,34.379997244419854,5.160833333333334,5.468401433622993,4.8532652330436745
65,background,11,40,21.39558488641007,4.98375,5.315278022551401,4.6522219774485984
65,deviant,1,40,100.77909662122136,36.8525,38.41408828070047,35.29091171929953
65,deviant,2,40,170.83510054712812,32.2975,34.944617307960726,29.65038269203927
65,deviant,3,40,189.49175096613183,33.96375,36.899955101245304,31.027544898754694
65,deviant,4,40,196.85475543364987,32.9175,35.96779603748813,29.867203962511866
65,deviant,5,40,172.80990468689788,26.19,28.8677172151313,23.512282784868702
65,deviant,6,40,167.30121747441365,25.53125,28.123609222437718,22.938890777562282
65,deviant,7,40,191.07084660160123,27.24,30.200673441616743,24.279326558383254
65,deviant,8,38,168.53821993526384,24.83421052631579,27.513580462485045,22.154840590146534
65,deviant,9,40,185.7691620774217,24.50875,27.387272988809585,21.630227011190414
65,deviant,10,40,183.66304960299902,24.9975,27.843388437914008,22.15161156208599
65,deviant,11,40,176.18865487103068,23.3175,26.047571491641506,20.587428508358492
66,background,1,840,449.226706920377,19.935892857142857,21.454872663177273,18.41691305110844
66,background,2,760,286.3669940184411,8.87282894736842,9.890815966949717,7.854841927787124
66,background,3,680,210.95327494619832,6.516764705882353,7.309554209097846,5.7239752026668596
66,background,4,600,165.48027390789383,5.579833333333333,6.241892314831549,4.917774351835117
66,background,5,520,125.6055018908932,4.7942307692307695,5.334031001472981,4.254430536988558
66,background,6,440,109.9910044168684,4.468863636363636,4.982737944902286,3.9549893278249857
66,background,7,360,88.22747215071541,4.1154166666666665,4.571116281519047,3.659717051814286
66,background,8,280,71.35253471689929,3.837142857142857,4.255027552269459,3.4192581620162557
66,background,9,200,57.55164728540059,3.73975,4.138562568626838,3.3409374313731615
66,background,10,120,40.99499327581614,3.4975,3.8642467485116394,3.1307532514883607
66,background,11,40,23.83926438285774,3.495,3.864393228644518,3.125606771355482
66,deviant,1,40,92.85974143269713,20.3825,21.82137660072199,18.94362339927801
66,deviant,2,40,88.06217898974027,13.0825,14.447037600492523,11.717962399507476
66,deviant,3,40,80.367265527832,11.51125,12.75655368109867,10.265946318901332
66,deviant,4,40,80.44156100450877,11.43375,12.680204901436786,10.187295098563213
66,deviant,5,40,77.43267024359054,10.57625,11.776081656064607,9.376418343935393
66,deviant,6,40,85.61208411999102,10.97875,12.305322987160208,9.652177012839791
66,deviant,7,40,79.99008162200322,10.22625,11.4657091559267,8.986790844073301
66,deviant,8,40,76.05951616990474,8.95125,10.129804413253796,7.772695586746204
66,deviant,9,40,66.42936493988023,8.72625,9.755583673969923,7.696916326030077
66,deviant,10,40,67.13127359686274,8.58125,9.621459861290651,7.5410401387093495
66,deviant,11,40,65.06891083992983,8.1725,9.180753219290931,7.164246780709068
67,background,1,839,857.9792737651217,38.32497020262217,41.227802135856976,35.42213826938736
67,background,2,759,521.488171637569,14.636166007905139,16.491190508334068,12.78114150747621
67,background,3,679,372.2372015402631,10.352356406480117,11.752301372028901,8.952411440931334
67,background,4,599,287.4264482574538,8.3779632721202,9.528868049512784,7.227058494727614
67,background,5,519,234.47717316797005,7.406840077071291,8.415495821942704,6.398184332199879
67,background,6,439,185.42489613119164,6.556378132118451,7.423663181642218,5.689093082594684
67,background,7,359,164.2818822697904,6.1364902506963785,6.986195931072502,5.286784570320255
67,background,8,279,131.9669615751171,5.785304659498208,6.559568881879195,5.011040437117221
67,background,9,199,103.61293101579655,5.424874371859296,6.144677113909946,4.705071629808646
67,background,10,119,80.78646317037864,5.3201680672268905,6.045924995038298,4.594411139415483
67,background,11,40,44.75377079085068,5.18,5.873466862942996,4.486533137057004
67,deviant,1,40,192.97840757316266,39.34625,42.336481405101054,36.35601859489894
67,deviant,2,40,195.76108559052014,29.66625,32.69959944769674,26.632900552303262
67,deviant,3,40,178.51205178244675,23.8,26.566072899770017,21.033927100229985
67,deviant,4,40,170.1608449611565,22.41375,25.050419609414597,19.777080390585404
67,deviant,5,40,151.2888053742872,19.04875,21.392994326396483,16.704505673603514
67,deviant,6,40,166.82281807828014,19.2425,21.827446346994865,16.657553653005134
67,deviant,7,40,152.8137152841569,17.545,19.91287305025106,15.17712694974894
67,deviant,8,40,130.7429378187353,15.75,17.775882810295954,13.724117189704046
67,deviant,9,40,140.71274397079134,15.20375,17.384116557123146,13.02338344287685
67,deviant,10,40,130.6736896161379,15.00625,17.03105979827996,12.98144020172004
67,deviant,11,39,120.05069104779294,14.330769230769231,16.214671791779015,12.446866669759448
68,background,1,837,229.20019977946666,19.109916367980883,19.886303517587525,18.33352921837424
68,background,2,757,140.6489096632949,7.572126816380449,8.073100030452924,7.071153602307976
68,background,3,677,95.09517393255643,5.599630723781388,5.957801558017938,5.241459889544838
68,background,4,597,71.19188303821099,4.744891122278057,5.030432723379582,4.459349521176532
68,background,5,517,57.263794017364575,4.274468085106383,4.521277045671781,4.027659124540985
68,background,6,439,46.3629275675251,3.9111617312072893,4.128014347929364,3.6943091144852143
68,background,7,359,38.079072854701764,3.6715877437325903,3.868541930408879,3.474633557056302
68,background,8,280,32.10640205055028,3.5228571428571427,3.7108921451978323,3.334822140516453
68,background,9,200,25.565344552836816,3.38025,3.5574087992674785,3.203091200732522
68,background,10,120,18.467467839989666,3.2666666666666666,3.4318791290274047,3.1014542043059286
68,background,11,40,10.563093645728086,3.1825,3.3461768317849474,3.018823168215053
68,deviant,1,40,48.019924592763964,19.07375,19.817826440435073,18.329673559564927
68,deviant,2,40,99.59681880356156,20.5675,22.110768696119067,19.02423130388093
68,deviant,3,40,93.38089796774904,18.32875,19.775702004896388,16.88179799510361
68,deviant,4,40,102.10318568152411,18.40375,19.985855253252268,16.82164474674773
68,deviant,5,40,89.11701355668937,15.1975,16.578382431445082,13.816617568554918
68,deviant,6,40,91.15934574024475,15.235,16.647528696494714,13.822471303505287
68,deviant,7,40,93.4004254470193,14.64125,16.08850458632252,13.193995413677476
68,deviant,8,40,86.41935699342999,12.8825,14.221581809929555,11.543418190070446
68,deviant,9,40,84.05012602138396,13.35375,14.656120195673621,12.051379804326379
68,deviant,10,40,84.21459118478846,13.20875,14.513668609782961,11.90383139021704
68,deviant,11,40,89.7295497885906,12.96375,14.354123778691788,11.57337622130821
69,background,1,834,457.51743711377594,36.03117505995204,37.58374331180943,34.47860680809465
69,background,2,754,280.12609472765735,12.796087533156498,13.795843418752174,11.796331647560823
69,background,3,676,181.33493291348148,9.20473372781065,9.888226936484541,8.521240519136759
69,background,4,597,134.02235673671441,7.594556113902848,8.13210276518978,7.057009462615916
69,background,5,517,106.00376110507142,6.6012572533849125,7.058137181502003,6.144377325267822
69,background,6,438,85.26327647815016,6,6.399255619978121,5.600744380021879
69,background,7,358,69.06314806792862,5.630865921787709,5.988575799688803,5.273156043886615
69,background,8,278,56.5681470719865,5.301978417266187,5.634466153543341,4.969490680989033
69,background,9,199,44.48870347450131,5.041457286432161,5.350521902569138,4.732392670295184
69,background,10,120,32.167857445462225,4.812916666666666,5.100694665441672,4.52513866789166
69,background,11,40,18.551776762688565,4.7725,5.0599627591440965,4.485037240855903
69,deviant,1,40,100.84323425365156,36.175,37.737582103611295,34.6124178963887
69,deviant,2,40,192.17967196295626,36.27,39.24785486859603,33.29214513140398
69,deviant,3,39,193.51370820476228,31.352564102564102,34.389289399982985,28.31583880514522
69,deviant,4,39,201.4566950984752,31.98717948717949,35.14855057564322,28.825808398715758
69,deviant,5,40,181.35299251662994,27.416249999999998,30.226343732516106,24.60615626748389
69,deviant,6,39,209.40116372270012,30.097435897435897,33.383476029088065,26.811395765783725
69,deviant,7,40,175.39661072162022,25.51375,28.231548640395726,22.795951359604278
69,deviant,8,40,181.40629740128122,26.13375,28.94466970026107,23.32283029973893
69,deviant,9,39,191.34092609789468,27.2525641025641,30.255192888418428,24.249935316709774
69,deviant,10,39,175.26704436974242,23.70769230769231,26.45808075499682,20.957303860387796
69,deviant,11,40,162.11647859356847,20.075,22.587020861147874,17.562979138852125
70,background,1,839,229.57020483365937,19.25947556615018,20.036188642896175,18.482762489404184
70,background,2,759,141.50055793083234,7.642885375494071,8.14622757204246,7.139543178945683
70,background,3,679,93.67550373496798,5.640500736377025,5.992804453755015,5.2881970189990355
70,background,4,599,71.89444016275381,4.770450751252087,5.058328415791724,4.482573086712449
70,background,5,519,57.55086994632616,4.287957610789981,4.5355254862015695,4.040389735378392
70,background,6,439,47.65177966522509,3.960706150341686,4.183587095398871,3.7378252052845005
70,background,7,359,38.52319875224878,3.699442896935933,3.8986942103113673,3.5001915835604986
70,background,8,280,32.150386753833196,3.5253571428571426,3.713649746898943,3.3370645388153424
70,background,9,200,26.2995897506526,3.4135,3.5957468589000845,3.2312531410999155
70,background,10,120,18.267601461546466,3.2825,3.4459244307360546,3.119075569263946
70,background,11,40,9.847254493138257,3.2025,3.3550847891984548,3.0499152108015455
70,deviant,1,39,48.733863726203886,19.394871794871793,20.159630830245835,18.630112759497752
70,deviant,2,40,82.85628013551379,18.1525,19.43637136201822,16.86862863798178
70,deviant,3,40,85.03010302859002,16.84125,18.158805096720716,15.523694903279281
70,deviant,4,40,95.52948015637567,17.34375,18.823994630831425,15.863505369168575
70,deviant,5,40,93.07357022100425,15.7275,17.169689912123772,14.285310087876226
70,deviant,6,40,94.40853273211896,15.40125,16.86412537054147,13.93837462945853
70,deviant,7,40,88.14778260936214,14.0075,15.373364042320928,12.641635957679073
70,deviant,8,40,89.77090725548943,15.075,16.4660146192807,13.6839853807193
70,deviant,9,40,84.63452387518318,13.18125,14.492675534234447,11.869824465765554
70,deviant,10,40,82.60736235826366,11.86625,13.14626434109976,10.586235658900241
70,deviant,11,40,84.5799683886887,12.51625,13.82683018821316,11.205669811786839
71,background,1,839,463.2124157503369,36.31489868891538,37.88210180608417,34.74769557174658
71,background,2,759,277.73540513077904,12.872266139657444,13.860219480068421,11.884312799246468
71,background,3,679,175.59531824474615,9.144182621502209,9.804578145467804,8.483787097536613
71,background,4,599,134.23866216948315,7.587061769616026,8.124576387836763,7.04954715139529
71,background,5,519,103.47743206790757,6.6269749518304435,7.072106155476726,6.181843748184161
71,background,6,439,86.02856012914974,6.0338268792710705,6.436206956535772,5.631446802006369
71,background,7,359,70.86761193276257,5.671448467966574,6.037992919381301,5.304904016551847
71,background,8,279,55.09938389186542,5.262007168458782,5.585281123648113,4.93873321326945
71,background,9,199,43.91271246221842,5.040703517587939,5.345766703536879,4.735640331639
71,background,10,119,31.43652753021387,4.81890756302521,5.1013221749047934,4.536492951145626
71,background,11,40,17.194934994750174,4.75875,5.025188278129535,4.492311721870465
71,deviant,1,40,97.81926136879609,36.18875,37.7044751583075,34.673024841692495
71,deviant,2,40,191.1542914974569,35.57,38.53196643367384,32.608033566326164
71,deviant,3,40,200.19502333579885,32.295,35.397054024861255,29.19294597513875
71,deviant,4,40,179.17744806402627,29.695,32.47138332197237,26.918616678027632
71,deviant,5,40,203.0644569692356,31.53,34.67651635965538,28.383483640344622
71,deviant,6,40,187.27720798746162,27.505,30.40689040227954,24.603109597720458
71,deviant,7,40,176.49039783035164,25.68125,28.415997047236438,22.94650295276356
71,deviant,8,40,195.25000842374803,24.50625,27.531680224951923,21.48081977504808
71,deviant,9,40,168.176810154326,22.30875,24.91467667157608,19.70282332842392
71,deviant,10,40,167.99673399080993,21.96625,24.5693863625139,19.363113637486098
71,deviant,11,39,181.06622806964424,23.03846153846154,25.879854018551352,20.197069058371728
72,background,1,838,451.6623010729654,20.86915274463007,22.398189443483766,19.340116045776377
72,background,2,758,284.28630398170606,9.321174142480212,10.333097009738022,8.309251275222401
72,background,3,679,206.8466950742938,6.918630338733432,7.696559004142067,6.140701673324797
72,background,4,599,161.604789207303,5.730801335559265,6.377894618295759,5.083708052822772
72,background,5,519,135.60483417869585,5.167341040462428,5.75067541446008,4.584006666464775
72,background,6,439,110.57811004467675,4.64248291571754,5.1596882298221205,4.12527760161296
72,background,7,359,94.15189295690458,4.396378830083566,4.883355221870123,3.909402438297008
72,background,8,279,74.05691268065036,4.0835125448028675,4.518012340996038,3.6490127486096964
72,background,9,199,63.35491091337833,3.9369346733668342,4.377063508163254,3.4968058385704146
72,background,10,119,46.20617411467638,3.7588235294117647,4.173923406982372,3.3437236518411573
72,background,11,39,21.221203398587235,3.496153846153846,3.8291688340841716,3.1631388582235207
72,deviant,1,39,100.15396042830102,21.674358974358974,23.24603091476483,20.102687033953117
72,deviant,2,40,102.2847676059858,16.3375,17.92241889432202,14.752581105677974
72,deviant,3,39,89.84316744662394,13.682051282051281,15.091920494503743,12.27218206959882
72,deviant,4,40,79.95347331252621,12.3775,13.616391904294444,11.138608095705555
72,deviant,5,40,91.2464707320378,13.06875,14.482628712229141,11.654871287770858
72,deviant,6,40,77.49033895640763,10.84,12.040725242027545,9.639274757972455
72,deviant,7,40,79.74033516753975,11.0625,12.298089294521784,9.826910705478216
72,deviant,8,40,75.80199275258637,10.29,11.464564046560971,9.115435953439027
72,deviant,9,40,73.59558768238615,10.685,11.825375445793368,9.544624554206633
72,deviant,10,40,72.61546159846327,9.995,11.120188234778611,8.869811765221387
72,deviant,11,40,79.93986226500124,9.91875,11.157430998927998,8.680069001072
73,background,1,839,866.8375067784584,39.81263408820024,42.74543639770103,36.879831778699455
73,background,2,759,519.9190397501678,15.405731225296442,17.25517404956502,13.556288401027864
73,background,3,679,371.03265213100656,10.835714285714285,12.231129067621385,9.440299503807186
73,background,4,599,293.3138565104837,8.89941569282137,10.073894662240999,7.724936723401739
73,background,5,520,231.39070399377945,7.772884615384616,8.767305670785747,6.778463559983484
73,background,6,440,189.50598518530398,6.977613636363636,7.862979286193989,6.092247986533284
73,background,7,360,163.70288394077338,6.579027777777778,7.424561933336484,5.733493622219072
73,background,8,280,123.829944937232,5.93875,6.663974955118283,5.213525044881717
73,background,9,200,95.29832659932484,5.58625,6.246633711146306,4.925866288853693
73,background,10,120,75.52854113721375,5.4070833333333335,6.082771866699711,4.731394799966956
73,background,11,40,40.095149988889915,5.1625,5.783780785745738,4.541219214254261
73,deviant,1,40,183.0969113539833,38.9125,41.74961603486061,36.075383965139395
73,deviant,2,40,190.04586703990006,28.91,31.85479121876327,25.96520878123673
73,deviant,3,40,170.42403771645286,25.767500000000002,28.408247823409518,23.126752176590486
73,deviant,4,40,177.54997813810655,24.25,27.001165414204642,21.498834585795358
73,deviant,5,39,158.72892317606008,21.706410256410255,24.197273259928153,19.215547252892357
73,deviant,6,40,167.4365315731999,21.83625,24.430705936121036,19.241794063878963
73,deviant,7,40,156.94949740869544,19.78125,22.213207658207846,17.349292341792154
73,deviant,8,40,147.52870371914963,18.87375,21.15973094762287,16.587769052377134
73,deviant,9,40,167.83761732541868,20.78875,23.3894208242399,18.1880791757601
73,deviant,10,40,163.01358516199934,20.08625,22.612171671442557,17.560328328557443
73,deviant,11,40,157.8830429880229,18.30625,20.7526730968261,15.859826903173897
74,background,1,840,235.142549150622,19.429583333333333,20.224675829386907,18.63449083727976
74,background,2,760,152.30875843081662,8.021447368421052,8.562879664355025,7.48001507248708
74,background,3,680,99.3757091997203,5.884705882352941,6.25817256187345,5.511239202832432
74,background,4,600,72.94713298359517,4.934833333333334,5.226682648214303,4.642984018452364
74,background,5,520,59.00265382077943,4.402788461538462,4.656357339938626,4.149219583138297
74,background,6,440,48.862670069448626,4.079886363636364,4.308171130453525,3.851601596819203
74,background,7,360,40.70044613747462,3.827777777777778,4.037997760024168,3.617557795531388
74,background,8,280,33.10859325565526,3.6514285714285712,3.845333027011048,3.4575241158460943
74,background,9,200,27.063959332234496,3.4605,3.6480436698618837,3.2729563301381166
74,background,10,120,21.42250415358873,3.3870833333333334,3.5787319497984216,3.1954347168682453
74,background,11,40,10.653761381734967,3.25125,3.416331742909703,3.0861682570902973
74,deviant,1,40,52.524079690827705,19.8525,20.666369046753317,19.03863095324668
74,deviant,2,40,88.86987826681151,18.16625,19.543303030454606,16.789196969545397
74,deviant,3,40,101.03725211915392,18.82,20.385588441583884,17.254411558416116
74,deviant,4,40,92.21984602025748,17.65,19.078961318580735,16.221038681419262
74,deviant,5,40,87.44583285789281,15.1,16.45498721823453,13.745012781765471
74,deviant,6,40,93.12289559614503,15.6575,17.10045421673002,14.21454578326998
74,deviant,7,40,94.65400984082699,15.50625,16.972929077748525,14.039570922251475
74,deviant,8,40,86.85883889816192,13.68,15.025891652595526,12.334108347404474
74,deviant,9,40,87.62889754076863,14.22125,15.579073834883946,12.863426165116053
74,deviant,10,40,79.41480042357212,12.685,13.915545081404343,11.454454918595658
74,deviant,11,40,84.60998759011846,12.63625,13.947295340558442,11.325204659441559
75,background,1,839,473.8987650054432,36.6064958283671,38.209854452802745,35.00313720393146
75,background,2,759,285.02715937072963,13.408366271409749,14.422257655101246,12.394474887718252
75,background,3,679,190.30118787139284,9.545949926362297,10.261652679327716,8.830247173396879
75,background,4,599,142.37646538222825,7.907512520868114,8.47761229835937,7.3374127433768574
75,background,5,519,112.56146858728492,6.919267822736031,7.403476031184516,6.435059614287546
75,background,6,440,95.00976404116524,6.264204545454546,6.708086998023426,5.820322092885665
75,background,7,360,73.01050753505498,5.744583333333333,6.121686511661577,5.367480155005089
75,background,8,280,58.17439751570954,5.4105357142857144,5.751241065069396,5.0698303635020325
75,background,9,200,47.8071509735785,5.16075,5.492036654297739,4.829463345702261
75,background,10,120,35.04883810672729,4.918333333333333,5.231884974341552,4.604781692325114
75,background,11,40,21.299061012166714,4.73375,5.0637823696245565,4.403717630375443
75,deviant,1,40,104.18229216138413,36.00625,37.62057134192669,34.39192865807331
75,deviant,2,40,215.1605214717607,40.60125,43.93519682096161,37.26730317903839
75,deviant,3,40,186.8270449823636,32.39875,35.293665054248706,29.503834945751294
75,deviant,4,40,204.3846412501374,34.29625,37.46322282702351,31.129277172976494
75,deviant,5,40,186.9011911764018,29.58625,32.482313961428375,26.690186038571625
75,deviant,6,40,171.38847071707255,26.48875,29.144441867579204,23.833058132420796
75,deviant,7,40,191.34118053472193,26.7975,29.762362309308457,23.83263769069154
75,deviant,8,40,171.73763649670298,24.06,26.721102247387844,21.398897752612154
75,deviant,9,40,204.68943098727573,27.6525,30.824195592929833,24.480804407070167
75,deviant,10,40,174.57386462619857,24.36125,27.066300057567762,21.656199942432234
75,deviant,11,40,171.6758650235348,23.60125,26.26139508849463,20.94110491150537
76,background,1,838,235.84398835269317,19.7777446300716,20.576159978305487,18.97932928183771
76,background,2,758,147.66893091606903,7.978693931398417,8.504324487230962,7.453063375565872
76,background,3,678,98.7765687109843,5.889970501474926,6.261732645701773,5.51820835724808
76,background,4,598,74.07917173005193,4.9930602006688964,5.289933816175354,4.6961865851624385
76,background,5,518,58.72402001154029,4.420463320463321,4.673321480738283,4.167605160188359
76,background,6,439,48.96343963665781,4.1003416856492025,4.329357637962789,3.871325733335616
76,background,7,359,41.448160393436034,3.861142061281337,4.075521984623131,3.646762137939543
76,background,8,280,33.08485899526915,3.65125,3.8450154530340064,3.457484546965994
76,background,9,200,27.801268429979768,3.538,3.730652961237776,3.3453470387622235
76,background,10,120,19.22094526401096,3.3895833333333334,3.5615365065286246,3.217630160138042
76,background,11,40,10.739989218851788,3.28,3.4464178570883988,3.113582142911601
76,deviant,1,40,53.02834396016809,20.19,21.011682702558726,19.368317297441276
76,deviant,2,40,95.84532495531263,20.66,22.145138696695042,19.174861303304958
76,deviant,3,40,86.67842868903428,17.06625,18.409346167442973,15.723153832557028
76,deviant,4,40,92.34851037467281,17.4075,18.83845499340751,15.976545006592486
76,deviant,5,40,96.03858873554834,16.8875,18.37563334999536,15.399366650004636
76,deviant,6,40,86.65472927234359,14.805,16.14772894117677,13.462271058823232
76,deviant,7,40,91.24701869679157,15.69125,17.10513720303097,14.277362796969031
76,deviant,8,40,90.94173959189477,14.88,16.289156854292667,13.470843145707335
76,deviant,9,40,88.77289178453901,13.7275,15.103050209342083,12.351949790657915
76,deviant,10,40,87.43003217611091,14.225,15.579742384133759,12.87025761586624
76,deviant,11,40,80.18394969988498,13.12125,14.363713172916055,11.878786827083944
77,background,1,838,468.02732151468507,36.64355608591885,38.227994169332284,35.05911800250542
77,background,2,758,288.9626956437185,13.598746701846967,14.627315280110778,12.570178123583155
77,background,3,678,184.67518426743348,9.580604719764011,10.275660676704884,8.885548762823138
77,background,4,598,136.4052495517059,7.878846153846154,8.42549264924761,7.332199658444697
77,background,5,518,111.35520454360173,7.00530888030888,7.484790226313529,6.525827534304232
77,background,6,438,88.58529936257989,6.272260273972603,6.687071668500914,5.857448879444292
77,background,7,360,74.2400799681965,5.857777777777778,6.241231763519596,5.4743237920359595
77,background,8,280,60.05561019413153,5.54375,5.895472898929795,5.192027101070205
77,background,9,200,47.420792685776235,5.1885,5.517109327958067,4.859890672041933
77,background,10,120,44.08959180195659,5.089583333333334,5.484014778358399,4.695151888308268
77,background,11,40,22.272593496327083,4.8725,5.217617411752489,4.5273825882475105
77,deviant,1,40,106.45828192054239,36.45375,38.10333816862047,34.80416183137953
77,deviant,2,40,213.42399731890256,39.68125,42.98828910044047,36.37421089955953
77,deviant,3,40,204.38636013816168,35.5375,38.70449946146939,32.370500538530614
77,deviant,4,40,187.4643474875886,29.56125,32.46604015887642,26.65645984112359
77,deviant,5,40,173.74286051215853,28.94375,31.635923515415616,26.251576484584387
77,deviant,6,40,181.04657731615572,25.7425,28.54784577979445,22.93715422020555
77,deviant,7,38,184.34061008447324,28.25657894736842,31.187170529889894,25.32598736484695
77,deviant,8,40,177.73510004912836,25.55875,28.31278390793444,22.80471609206556
77,deviant,9,40,164.96807506143026,22.90125,25.457456806197932,20.34504319380207
77,deviant,10,40,179.2999691783811,25.28,28.0582818063082,22.5017181936918
77,deviant,11,40,171.0716839591859,22.07,24.720783205910443,19.419216794089557
78,background,1,834,446.23764025342746,20.679616306954436,22.193906991505852,19.16532562240302
78,background,2,754,277.9124388799655,9.184018567639257,10.175874027305085,8.192163107973428
78,background,3,676,207.62710121247366,6.849038461538462,7.631632919954709,6.066444003122215
78,background,4,597,159.77452863332124,5.716582914572864,6.357418256668158,5.075747572477571
78,background,5,517,124.21979671025406,4.954352030947776,5.4897437113943415,4.4189603505012105
78,background,6,438,106.61049370686287,4.583675799086758,5.08289234950885,4.0844592486646665
78,background,7,358,93.17425666600813,4.342458100558659,4.825050523694961,3.859865677422356
78,background,8,280,70.30138128462566,4.025,4.43672848871684,3.613271511283161
78,background,9,200,57.17132608498589,3.87125,4.267427077168384,3.4750729228316155
78,background,10,120,44.99611094305818,3.787916666666667,4.190457954404128,3.385375378929206
78,background,11,40,22.602864280533353,3.545,3.8952350105737272,3.1947649894262726
78,deviant,1,40,103.73947632106314,21.185,22.792459839393555,19.577540160606443
78,deviant,2,40,91.35048180669762,14.5275,15.942990380528395,13.112009619471605
78,deviant,3,39,93.28339672880249,14.060256410256411,15.524111623943774,12.596401196569047
78,deviant,4,40,93.85352529620994,13.0025,14.456775441224037,11.548224558775962
78,deviant,5,40,84.2745981582638,11.66875,12.97459842747017,10.362901572529829
78,deviant,6,39,73.09568350708831,10.833333333333334,11.980391664742212,9.686275001924455
78,deviant,7,40,79.59142376438622,11.5725,12.805781888424455,10.339218111575544
78,deviant,8,39,75.22943852676711,10.45897435897436,11.63951676707664,9.278431950872077
78,deviant,9,40,77.27176920317972,10.7875,11.984838468613221,9.590161531386778
78,deviant,10,40,74.62994671958717,10.24375,11.400153005125444,9.087346994874556
78,deviant,11,40,68.44294589002773,9.115,10.175534434042325,8.054465565957676
79,background,1,837,864.8888261383353,39.193488649940264,42.123191901064274,36.26378539881625
79,background,2,757,528.6730334675577,15.226354029062087,17.10941895579152,13.343289102332655
79,background,3,677,354.970684482684,10.620014771048744,11.956992673637712,9.283036868459776
79,background,4,597,286.7025140785259,8.849916247906197,9.999843619062752,7.699988876749642
79,background,5,518,238.828180916742,7.702702702702703,8.731066469974692,6.674338935430713
79,background,6,438,185.66279563824978,6.864611872146119,7.734000401900975,5.995223342391263
79,background,7,359,163.0856733195938,6.379108635097493,7.222627233089026,5.53559003710596
79,background,8,280,116.60269925556699,5.851071428571428,6.5339691507431805,5.168173706399676
79,background,9,200,96.99135881206392,5.55675,6.228865825818579,4.884634174181421
79,background,10,120,78.81138376228598,5.47875,6.1838072870217395,4.77369271297826
79,background,11,40,39.032206674677475,4.93625,5.541060308452598,4.331439691547403
79,deviant,1,40,188.34282851394045,39.94,42.85840236340653,37.02159763659346
79,deviant,2,40,187.5936397754746,29.4825,32.389293563633125,26.57570643636688
79,deviant,3,40,187.57420286102078,27.07125,29.977742385523356,24.164757614476642
79,deviant,4,40,167.47785399552794,22.1575,24.752596233688696,19.562403766311302
79,deviant,5,40,162.8160650938094,21.04875,23.5716110662771,18.525888933722896
79,deviant,6,40,175.43071056837886,21.85375,24.57207702299546,19.13542297700454
79,deviant,7,39,148.70131666850622,18.45,20.783504196038326,16.116495803961673
79,deviant,8,39,150.52557048030428,18.77948717948718,21.141618586231107,16.417355772743253
79,deviant,9,40,141.34312486770773,16.7325,18.922634410318956,14.542365589681047
79,deviant,10,40,177.40087669634437,19.06625,21.81510506342856,16.31739493657144
79,deviant,11,40,147.5204000165829,17.2,19.48585228041856,14.914147719581438
80,background,1,836,227.2546508122318,19.305322966507177,20.075580078350686,18.535065854663667
80,background,2,756,142.5386651145281,7.8295634920634924,8.337603442776492,7.321523541350492
80,background,3,677,96.20931129026627,5.844165435745938,6.206532608138914,5.481798263352963
80,background,4,597,72.62982930768291,4.980820770519263,5.272129791480474,4.6895117495580525
80,background,5,518,56.979590067062844,4.436872586872587,4.682219453704041,4.191525720041133
80,background,6,438,46.69951538123395,4.095091324200913,4.31376746164668,3.876415186755146
80,background,7,358,39.05081035617167,3.879469273743017,4.081731420708944,3.6772071267770903
80,background,8,278,32.32202280017044,3.67068345323741,3.8606609714872375,3.480705934987583
80,background,9,200,25.119765754858214,3.50175,3.675821095729363,3.3276789042706367
80,background,10,120,19.224367760461554,3.3445833333333335,3.516567124644271,3.172599542022396
80,background,11,40,10.576413679304979,3.25875,3.4226332278435505,3.0948667721564496
80,deviant,1,40,50.775175243938165,19.39875,20.185519491588696,18.611980508411303
80,deviant,2,40,94.1206532511385,19.45125,20.909664631768997,17.992835368231006
80,deviant,3,40,90.60849849765751,18.1925,19.596493230040657,16.78850676995934
80,deviant,4,40,97.44636851541522,17.3275,18.837447123682082,15.817552876317919
80,deviant,5,39,88.44949495556622,15.03974358974359,16.427742514301855,13.651744665185326
80,deviant,6,40,90.34429758021896,15.13875,16.5386493944115,13.7388506055885
80,deviant,7,40,92.47252792615022,15.2175,16.65037666527679,13.784623334723209
80,deviant,8,40,93.70552980368593,14.9125,16.364482227308947,13.460517772691052
80,deviant,9,39,88.52405263394148,13.924358974358974,15.313527899689479,12.535190049028468
80,deviant,10,40,90.48029736095211,13.7625,15.164506732846661,12.360493267153338
80,deviant,11,40,81.9145575391951,12.5525,13.821779219208992,11.283220780791009
81,background,1,837,465.78337522026186,36.43882915173238,38.01661236208461,34.86104594138015
81,background,2,757,279.31263374294593,13.321664464993395,14.316539919003176,12.326789010983614
81,background,3,677,182.33838554211576,9.452511078286559,10.139278754943668,8.76574340162945
81,background,4,597,136.4665758190975,7.791624790619766,8.338974894216731,7.2442746870228
81,background,5,517,107.99969541867382,6.947098646034816,7.412581121044759,6.481616171024873
81,background,6,437,89.10766698657011,6.286384439359268,6.7041190220177285,5.868649856700808
81,background,7,357,72.7828240293286,5.880252100840337,6.2577555031856,5.502748698495073
81,background,8,277,60.71768146187126,5.53971119133574,5.8972320383792125,5.182190344292267
81,background,9,197,46.8826081545003,5.167005076142132,5.494349333763364,4.8396608185209
81,background,10,117,34.278695240169526,5.032051282051282,5.342619798660374,4.72148276544219
81,background,11,39,18.60821833152449,4.811538461538461,5.103549026947303,4.5195278961296195
81,deviant,1,40,103.43767510718203,36.1625,37.765283381134864,34.55971661886514
81,deviant,2,40,203.72674552474763,37.29125,40.448028627143415,34.13447137285658
81,deviant,3,40,194.65219995512103,34.865,37.88116708676147,31.848832913238535
81,deviant,4,40,200.81952489473568,32.691250000000004,35.80298077677123,29.579519223228775
81,deviant,5,40,197.27097313620482,30.445,33.501745397606655,27.388254602393346
81,deviant,6,40,181.87390802710718,26.95375,29.77191540197603,24.135584598023968
81,deviant,7,40,183.98135632091697,28.22125,31.07207065160746,25.37042934839254
81,deviant,8,40,182.5474487705363,26.94875,29.777352023922212,24.12014797607779
81,deviant,9,40,160.27531411851754,23.50125,25.984741722035942,21.017758277964056
81,deviant,10,40,178.15179069073594,25.80625,28.566740596319505,23.045759403680492
81,deviant,11,39,173.2347889578279,21.52948717948718,24.247984338689005,18.810990020285356
82,background,1,832,230.15423890124313,19.316466346153845,20.098424280222446,18.534508412085245
82,background,2,752,145.04583667531486,7.943882978723404,8.462232167192925,7.425533790253883
82,background,3,675,96.16946391383127,5.881259259259259,6.24401256966528,5.518505948853239
82,background,4,596,72.07589202033034,4.967365771812081,5.256695441882478,4.678036101741684
82,background,5,516,57.197119912769985,4.417829457364341,4.664589812089768,4.171069102638914
82,background,6,436,49.04498472133301,4.11651376146789,4.3466989815372665,3.8863285413985134
82,background,7,356,41.50906685989157,3.871488764044944,4.087086426120328,3.6558911019695604
82,background,8,277,32.53322188649304,3.6129963898916966,3.8045601117906678,3.4214326679927254
82,background,9,197,25.33917291883312,3.43756345177665,3.614486901097488,3.2606400024558115
82,background,10,120,19.496760864577638,3.3645833333333335,3.539003990155614,3.190162676511053
82,background,11,40,9.98683343734455,3.1975000000000002,3.3522475873462128,3.0427524126537877
82,deviant,1,40,51.101472839007194,19.38125,20.17307552520642,18.58942447479358
82,deviant,2,40,89.56215131051968,19.315,20.702779912400796,17.927220087599206
82,deviant,3,37,92.58991362596228,18.914864864864864,20.406590292275137,17.42313943745459
82,deviant,4,39,95.45443939388049,17.703846153846154,19.201770582805036,16.205921724887272
82,deviant,5,40,87.60842905854017,15.5475,16.905006672465912,14.189993327534086
82,deviant,6,40,88.24247395968858,14.27875,15.646081299995496,12.911418700004505
82,deviant,7,40,80.29221303267342,13.59875,14.842890730637649,12.354609269362353
82,deviant,8,39,80.8597388594661,13.298717948717949,14.56761417738927,12.029821720046627
82,deviant,9,40,91.91023939291617,14.83875,16.262913914187436,13.41458608581256
82,deviant,10,38,85.45497429394587,12.886842105263158,14.245379587783512,11.528304622742803
82,deviant,11,40,91.3878806890832,14.17125,15.587319882214784,12.755180117785217
83,background,1,840,459.68350381997664,36.400535714285716,37.954873309787246,34.84619811878419
83,background,2,760,275.9235353651823,13.081118421052631,14.061980682646396,12.100256159458866
83,background,3,680,185.42428586750356,9.564191176470588,10.261039459648355,8.867342893292822
83,background,4,600,139.60850336038385,7.946083333333333,8.504633675078066,7.387532991588601
83,background,5,520,110.01065737846538,6.990288461538461,7.463068534927265,6.517508388149658
83,background,6,440,88.55441383988897,6.328863636363637,6.7425869078372775,5.915140364889996
83,background,7,360,74.48813045678733,5.883472222222222,6.268207402011193,5.498737042433252
83,background,8,280,59.5332724307659,5.496071428571429,5.844735193612523,5.147407663530334
83,background,9,200,49.572780094682905,5.33775,5.681271839878754,4.994228160121246
83,background,10,120,34.72868524645539,4.992916666666667,5.303604176932348,4.682229156400986
83,background,11,40,17.80235052487526,4.70875,4.984600279280169,4.432899720719831
83,deviant,1,40,99.97469416649503,36.88375,38.43287393552988,35.33462606447012
83,deviant,2,40,205.14802101486575,38.065,41.24380151902701,34.886198480972986
83,deviant,3,40,200.20191123752514,34.6175,37.71966075400425,31.51533924599575
83,deviant,4,40,193.9263696409162,31.145,34.14992022952182,28.140079770478177
83,deviant,5,40,215.95729962925054,32.77375,36.12004302642255,29.427456973577446
83,deviant,6,40,189.22730692003867,27.9775,30.909607498298612,25.045392501701386
83,deviant,7,40,179.82701483135924,26.52625,29.31269846331028,23.739801536689722
83,deviant,8,40,189.47309210433798,27.585,30.520915979186412,24.64908402081359
83,deviant,9,40,179.95691735874775,24.97625,27.76471132382604,22.18778867617396
83,deviant,10,40,174.34317338302395,24.5775,27.278975459720797,21.876024540279204
83,deviant,11,40,166.17450402957033,23.53625,26.111150616733124,20.961349383266874
84,background,1,837,452.66795080302563,20.11816009557945,21.651516438114918,18.584803753043985
84,background,2,758,277.3146322557789,8.671108179419525,9.658215239712064,7.684001119126986
84,background,3,678,201.31891432043318,6.553392330383481,7.3110897503067385,5.795694910460224
84,background,4,598,166.75392364988474,5.546571906354515,6.214841260043121,4.878302552665909
84,background,5,518,130.17601444521995,4.84054054054054,5.401061899910635,4.280019181170445
84,background,6,438,107.77347100577016,4.450913242009133,4.955575574503823,3.9462509095144425
84,background,7,359,93.46816232504544,4.199303621169917,4.682743592544735,3.7158636497950988
84,background,8,279,76.43366577077074,3.9172043010752686,4.365648760850515,3.4687598413000225
84,background,9,199,58.99979928601008,3.8128140703517586,4.222687788720303,3.402940351983214
84,background,10,120,36.26898776757094,3.45625,3.7807172647235663,3.1317827352764334
84,background,11,40,17.122392233256242,3.31375,3.5790642163945474,3.048435783605453
84,deviant,1,40,101.44681001962503,19.62375,21.19568460699999,18.051815393000012
84,deviant,2,39,98.34365096034684,15.01025641025641,16.55351996239617,13.466992858116653
84,deviant,3,40,80.96111802327675,12.33375,13.588255520849593,11.079244479150407
84,deviant,4,40,88.49522734677782,11.43,12.801247754304162,10.058752245695837
84,deviant,5,40,86.21170393129256,11.4825,12.818364192396187,10.146635807603813
84,deviant,6,40,77.72398871038871,10.33625,11.540595682474404,9.131904317525596
84,deviant,7,40,86.70294112658462,10.305,11.648475991597914,8.961524008402085
84,deviant,8,40,64.67810985748457,8.790000000000001,9.792197695330776,7.787802304669226
84,deviant,9,40,71.78170489682407,9.46875,10.581019040839728,8.356480959160272
84,deviant,10,40,72.16465091792008,9.2925,10.410702850912783,8.174297149087218
84,deviant,11,40,72.1367123118173,8.6,9.7177699377261,7.482230062273899
85,background,1,837,843.1771806060324,38.2037037037037,41.0598614579027,35.347545949504706
85,background,2,757,514.0797731460507,14.414861294583885,16.245946916642108,12.583775672525661
85,background,3,677,371.36962364795164,10.26152141802068,11.660265038874005,8.862777797167354
85,background,4,597,284.94396494380203,8.452261306532662,9.595135360455352,7.309387252609973
85,background,5,517,236.4356371749314,7.501160541586073,8.520206430059112,6.482114653113035
85,background,6,437,209.60631644761295,6.954576659038902,7.937205989206611,5.971947328871193
85,background,7,357,150.97867573374657,6.2063025210084035,6.9893851305551955,5.4232199114616115
85,background,8,278,123.02499745986583,5.794064748201439,6.5171625519686405,5.070966944434238
85,background,9,198,110.28769793494412,5.634595959595959,6.402700888957374,4.8664910302345445
85,background,10,119,71.11843346803532,5.436134453781513,6.075037232278771,4.797231675284254
85,background,11,39,37.53854159744565,5.1179487179487175,5.707024499477092,4.528872936420343
85,deviant,1,40,188.99645638560472,38.56375,41.492280432208005,35.63521956779199
85,deviant,2,40,193.34707679523672,28.076249999999998,31.07219399388134,25.080306006118658
85,deviant,3,40,208.10242291009646,26.67125,29.895830450678,23.446669549322
85,deviant,4,40,167.69058285708047,21.6875,24.285892501548844,19.089107498451156
85,deviant,5,40,157.43214912763966,20.72375,23.163186424075295,18.284313575924703
85,deviant,6,40,170.05458102125854,20.44625,23.081273032606816,17.811226967393182
85,deviant,7,40,145.98761663417318,17.975,20.23710155584301,15.712898444156991
85,deviant,8,39,154.5348793876917,17.00128205128205,19.426329774896654,14.576234327667448
85,deviant,9,40,142.18245320713805,16.73125,18.934389937679857,14.528110062320144
85,deviant,10,40,132.63476760995724,14.59625,16.651447016615503,12.541052983384496
85,deviant,11,40,148.60601390395024,17.9475,20.250174041882154,15.644825958117847
86,background,1,839,229.7700853141314,19.15202622169249,19.92941556120996,18.37463688217502
86,background,2,759,140.94773200692077,7.535441370223979,8.036817068414202,7.034065672033757
86,background,3,679,93.91701263965915,5.594992636229749,5.948204643197975,5.241780629261523
86,background,4,599,70.0369075634599,4.753255425709516,5.033695211252107,4.472815640166925
86,background,5,519,57.144599597493844,4.256454720616571,4.502274933704427,4.010634507528714
86,background,6,439,44.96998999332777,3.887243735763098,4.0975811867322065,3.676906284793989
86,background,7,360,38.260017608051626,3.6665277777777776,3.864142816078442,3.4689127394771133
86,background,8,280,30.68876015742571,3.485,3.6647324122132674,3.3052675877867324
86,background,9,200,24.89483142298714,3.3595,3.5320123803337635,3.186987619666237
86,background,10,120,17.97534861677895,3.27875,3.4395598973016757,3.1179401026983244
86,background,11,40,9.598245453700052,3.1625,3.3112263541577374,3.013773645842263
86,deviant,1,40,49.763625481395856,19.36625,20.13734536562914,18.59515463437086
86,deviant,2,40,92.18915052046096,18.95375,20.382235686883693,17.525264313116306
86,deviant,3,40,94.48854010157166,18.0225,19.486615097575108,16.558384902424894
86,deviant,4,40,83.67741945301485,15.7125,17.009095047564358,14.415904952435643
86,deviant,5,40,88.26877316350031,14.58375,15.951488810380496,13.216011189619504
86,deviant,6,40,91.72785836374901,15.715,17.136337890861988,14.293662109138014
86,deviant,7,40,90.44022451612068,14.18125,15.582635797682912,12.77986420231709
86,deviant,8,40,88.49366614265915,13.25125,14.622473563195717,11.880026436804284
86,deviant,9,40,81.02978659597638,13.2575,14.51306955140727,12.00193044859273
86,deviant,10,40,79.89652848001528,11.91375,13.15175953497306,10.67574046502694
86,deviant,11,40,89.06211611182269,12.48875,13.868781786723922,11.108718213276077
87,background,1,838,458.16904487777265,35.96945107398568,37.52051540287171,34.41838674509965
87,background,2,759,278.9476134557016,12.80296442687747,13.795229804003094,11.810699049751845
87,background,3,679,180.7079353396991,9.159646539027982,9.839270078176481,8.480022999879482
87,background,4,599,134.53084169966772,7.583138564273789,8.121823119426859,7.04445400912072
87,background,5,519,108.15164791795095,6.689017341040462,7.15425572444423,6.223778957636695
87,background,6,439,86.96075945051615,6.089066059225512,6.495806298213186,5.682325820237839
87,background,7,359,72.34258773364414,5.661142061281337,6.035315444743289,5.286968677819385
87,background,8,279,56.29221223130901,5.342114695340502,5.672387101472781,5.011842289208223
87,background,9,199,43.253414833245735,4.9557788944723615,5.256261916183985,4.655295872760738
87,background,10,120,31.780041734264277,4.83875,5.123058547026432,4.554441452973569
87,background,11,40,17.811808620007948,4.72875,5.004746833982604,4.452753166017396
87,deviant,1,40,101.78778232960451,35.730000000000004,37.30721802768105,34.152781972318955
87,deviant,2,40,188.6776560558691,34.8075,37.7310905699202,31.883909430079797
87,deviant,3,40,187.7563440654992,31.03125,33.94056469272676,28.12193530727324
87,deviant,4,40,191.87644050547902,31.4025,34.37565624848321,28.429343751516793
87,deviant,5,40,201.11320457053927,32.1075,35.22378139049362,28.991218609506383
87,deviant,6,40,202.30287351290625,28.43,31.56471550173889,25.29528449826111
87,deviant,7,40,185.79730041662407,25.7175,28.59645899689271,22.83854100310729
87,deviant,8,40,174.5485379636941,24.18625,26.890907616866446,21.481592383133556
87,deviant,9,40,192.03212450552454,25.0225,27.998068597056616,22.046931402943386
87,deviant,10,40,185.61782327079874,24.03125,26.907427969705815,21.155072030294185
87,deviant,11,40,180.41442788611357,23.173750000000002,25.96930052289395,20.378199477106055
88,background,1,839,228.66399735028352,19.25119189511323,20.024838967701182,18.477544822525278
88,background,2,759,141.16020201026546,7.5438076416337285,8.045939132732107,7.041676150535351
88,background,3,679,93.45366146976409,5.634977908689249,5.986447300639708,5.283508516738791
88,background,4,599,71.70148277113208,4.84398998330551,5.131095013367015,4.556884953244004
88,background,5,519,56.455058978009426,4.283622350674373,4.526476351325565,4.040768350023182
88,background,6,440,46.1050573775749,3.9223863636363636,4.137787655820605,3.7069850714521215
88,background,7,360,39.219389672912925,3.7379166666666666,3.940486913019882,3.5353464203134513
88,background,8,280,31.187590312072594,3.5248214285714288,3.7074752995376565,3.342167557605201
88,background,9,200,25.57188011530593,3.4095,3.5867040884047783,3.2322959115952217
88,background,10,120,18.764187614765138,3.316666666666667,3.4845336242211435,3.14879970911219
88,background,11,40,10.231787413947307,3.245,3.4035431885373164,3.086456811462684
88,deviant,1,40,50.97723950321773,19.395,20.184900509724585,18.605099490275414
88,deviant,2,40,87.83923712639682,19.4675,20.828583080530084,18.10641691946992
88,deviant,3,40,93.66793250065558,18.20625,19.657649651062815,16.754850348937186
88,deviant,4,40,95.31624647511704,16.63625,18.113190540708892,15.159309459291109
88,deviant,5,40,88.64919033679,15.647499999999999,17.021133435550823,14.273866564449175
88,deviant,6,40,87.24528338932834,13.90375,15.25562967202395,12.55187032797605
88,deviant,7,40,89.87570364265949,13.7875,15.18013845612337,12.39486154387663
88,deviant,8,40,88.5101243093871,13.9575,15.328978585131274,12.586021414868725
88,deviant,9,40,84.02986624440523,13.46875,14.770806267176937,12.166693732823063
88,deviant,10,40,93.7684437997751,14.06,15.512957089778237,12.607042910221764
88,deviant,11,40,85.54849348084457,12.81875,14.14433763999812,11.493162360001879
89,background,1,840,463.7843872908369,36.29595238095238,37.86415638083988,34.72774838106488
89,background,2,760,272.37871757806937,12.753881578947368,13.722142603075095,11.78562055481964
89,background,3,680,184.43030348103113,9.278382352941177,9.971495122638164,8.585269583244191
89,background,4,600,133.64801571764227,7.61025,8.144953424618027,7.075546575381973
89,background,5,520,108.81963590223381,6.777980769230769,7.245642327428783,6.3103192110327555
89,background,6,440,85.92279276064924,6.1125,6.513928425457827,5.7110715745421725
89,background,7,360,68.68026606943525,5.6386111111111115,5.993348360551244,5.283873861670979
89,background,8,280,56.52216612230901,5.351964285714286,5.682993144767867,5.020935426660705
89,background,9,200,44.33395989532178,5.072,5.3792186680525775,4.764781331947423
89,background,10,120,34.465314371652575,4.946666666666666,5.254998025503397,4.638335307829935
89,background,11,40,18.52217731886775,4.68125,4.968254111010352,4.394245888989649
89,deviant,1,40,102.78658267958599,36.09875,37.69144459944626,34.50605540055375
89,deviant,2,40,192.99987046627774,38.15875,41.14931397607541,35.168186023924584
89,deviant,3,40,183.8028763877787,30.90125,33.74930507639124,28.053194923608764
89,deviant,4,40,181.2719315224912,29.41125,32.220087679398816,26.602412320601182
89,deviant,5,40,195.91260806798527,29.41375,32.449447312809696,26.378052687190305
89,deviant,6,40,172.36387458849345,25.2525,27.92330590715316,22.581694092846842
89,deviant,7,40,183.7677166539611,26.645,29.49251027067137,23.79748972932863
89,deviant,8,40,185.30805788143556,26.19375,29.065128105269498,23.322371894730505
89,deviant,9,40,174.99798495080483,24.385,27.096621870083624,21.67337812991638
89,deviant,10,40,179.6897618850773,24.005,26.78932170687376,21.220678293126237
89,deviant,11,40,186.62952324690866,23.6575,26.549354423248715,20.765645576751282
90,background,1,839,458.0651729083748,21.399106078665078,22.94889434521144,19.849317812118716
90,background,2,759,287.31960931119346,9.126218708827404,10.148264737315952,8.104172680338856
90,background,3,679,209.13199055544868,6.5974963181148745,7.384019739475886,5.810972896753863
90,background,4,599,166.91987520017534,5.479048414023373,6.147424212333973,4.810672615712773
90,background,5,519,131.89696935985972,4.820038535645472,5.387422703914371,4.252654367376573
90,background,6,439,112.74373596790196,4.388041002277904,4.915375565610946,3.8607064389448635
90,background,7,359,93.37314783620663,4.034679665738161,4.51762819916639,3.5517311323099316
90,background,8,280,73.21707091713115,3.7080357142857143,4.136840289759634,3.2792311388117947
90,background,9,200,55.85519341635965,3.50175,3.888806743086102,3.1146932569138976
90,background,10,120,41.885966749334024,3.2354166666666666,3.6101341842481856,2.8606991490851477
90,background,11,40,25.44690033858948,3.2712499999999998,3.665553805860138,2.8769461941398617
90,deviant,1,40,100.79473670469318,21.5075,23.069330626304644,19.945669373695356
90,deviant,2,40,90.02932270859546,14.03,15.425018808211258,12.634981191788741
90,deviant,3,40,89.53890656845036,13.7975,15.18491973139084,12.410080268609159
90,deviant,4,40,84.9641255564897,11.92375,13.24028276519884,10.60721723480116
90,deviant,5,40,87.26815902118807,12.3675,13.71973413361195,11.015265866388049
90,deviant,6,40,75.77447494131239,10.74875,11.922887653657714,9.574612346342285
90,deviant,7,40,81.87133680033375,10.81,12.078609506921902,9.541390493078099
90,deviant,8,40,73.79928326566808,9.86375,11.007281741556556,8.720218258443444
90,deviant,9,40,78.71659692580052,10.26375,11.483476306120396,9.044023693879604
90,deviant,10,40,73.69806824576813,9.335,10.476963398574672,8.19303660142533
90,deviant,11,40,68.98356020783045,9.215,10.283911339684103,8.146088660315897
91,background,1,837,868.1876025133591,39.863859020310635,42.80473646582653,36.92298157479474
91,background,2,757,527.4382677771771,14.729458388375166,16.608125239513274,12.850791537237058
91,background,3,677,376.55914472189386,10.359231905465288,11.777521577032608,8.940942233897967
91,background,4,599,299.0413102953468,8.410016694490817,9.607429370823146,7.212604018158489
91,background,5,519,239.01370804114757,7.174566473988439,8.20273713325351,6.146395814723368
91,background,6,439,188.4999720787359,6.398063781321184,7.279731836854934,5.516395725787435
91,background,7,359,176.6855071052876,6.081058495821727,6.994918727718439,5.167198263925016
91,background,8,279,129.65623576860546,5.448924731182796,6.209631679088717,4.688217783276875
91,background,9,200,104.4586798187383,5.2315,5.9553617203655165,4.507638279634483
91,background,10,120,81.06946339243181,5.053333333333334,5.778591705806279,4.328074960860389
91,background,11,40,32.36095763334838,4.475,4.9764382335894055,3.973561766410594
91,deviant,1,40,187.7564071371537,39.43,42.33931567003217,36.52068432996783
91,deviant,2,40,196.58921906511455,28.2575,31.30368150882984,25.21131849117016
91,deviant,3,40,184.38253285236274,25.73125,28.588286946365017,22.874213053634982
91,deviant,4,40,177.44120597805733,23.36375,26.11322997212296,20.61427002787704
91,deviant,5,40,156.8433932303175,20.96375,23.394063556930465,18.533436443069537
91,deviant,6,40,164.359250296096,21.1975,23.744272968721504,18.6507270312785
91,deviant,7,40,152.15770039493134,18.73875,21.096457994229276,16.381042005770723
91,deviant,8,40,147.79571605500115,17.915,20.205118346631664,15.624881653368336
91,deviant,9,40,155.5518444628333,19.65375,22.064050801439738,17.24344919856026
91,deviant,10,40,160.44591644932308,18.10625,20.59238523253939,15.62011476746061
91,deviant,11,40,139.28834159850982,16.475,18.633295213698464,14.31670478630154
92,background,1,838,246.61690406057144,20.081085918854416,20.91597139849372,19.246200439215112
92,background,2,758,162.8647242991945,7.99967018469657,8.579390475402516,7.419949893990624
92,background,3,678,113.639133363375,5.730825958702065,6.158525851890913,5.303126065513216
92,background,4,599,86.74710673167023,4.78338898163606,5.130739269571418,4.436038693700702
92,background,5,519,66.80076425657987,4.145857418111754,4.433215772525778,3.8584990636977285
92,background,6,439,54.694293938889864,3.8030751708428245,4.058895960915675,3.5472543807699743
92,background,7,359,44.5278150798967,3.4885793871866295,3.718888030388019,3.25827074398524
92,background,8,279,39.7940752003691,3.367383512544803,3.6008595911225934,3.1339074339670123
92,background,9,199,30.599621600687538,3.214572864321608,3.427149531325934,3.001996197317282
92,background,10,120,22.31408570953853,3.0745833333333334,3.2742081588558927,2.8749585078107742
92,background,11,40,13.176134725927383,2.9425,3.1466663228067278,2.738333677193272
92,deviant,1,40,51.455652852979284,19.9575,20.754813601381144,19.160186398618855
92,deviant,2,40,97.11836240273757,20.04625,21.55111461630974,18.541385383690262
92,deviant,3,40,95.57124650173157,18.165,19.645891807057666,16.684108192942332
92,deviant,4,39,92.06962468411437,17.425641025641024,18.870449049816088,15.980833001465962
92,deviant,5,40,88.04533820110731,14.89375,16.258026649769125,13.529473350230877
92,deviant,6,40,91.88587028425394,15.10375,16.527536310936625,13.679963689063374
92,deviant,7,40,94.75703001277584,15.515,16.983275391851198,14.046724608148804
92,deviant,8,40,91.39302057885118,14.105,15.52114952563187,12.688850474368131
92,deviant,9,40,88.80528670844107,13.8775,15.25355217388846,12.501447826111539
92,deviant,10,39,91.77188538636666,13.633333333333333,15.073469065990166,12.1931976006765
92,deviant,11,40,91.23093888876907,13.695,15.10863804382429,12.28136195617571
93,background,1,839,484.4183707238371,37.24910607866508,38.88805606100193,35.610156096328225
93,background,2,759,302.8925378309678,13.308036890645587,14.385478545571635,12.230595235719539
93,background,3,679,204.1464580045156,9.276067746686303,10.043841104468559,8.508294388904048
93,background,4,599,153.40423036779924,7.509181969949917,8.123438809127048,6.894925130772785
93,background,5,520,123.44087653609726,6.514326923076923,7.04482449539066,5.983829350763186
93,background,6,440,100.07419615886064,5.8889772727272724,6.356520583440135,5.42143396201441
93,background,7,360,82.2635687096184,5.326388888888889,5.751284623329939,4.90149315444784
93,background,8,280,65.26436119433993,5.051071428571428,5.43330000375153,4.668842853391327
93,background,9,200,53.84925352558898,4.788,5.161156288831821,4.41484371116818
93,background,10,120,39.106433714859975,4.5495833333333335,4.899434772857086,4.199731893809581
93,background,11,40,19.387597771988695,4.325,4.6254139398615814,4.024586060138419
93,deviant,1,40,115.77373577256995,38.2575,40.05143262151239,36.46356737848761
93,deviant,2,40,195.17860241867,37.66125,40.68557377744009,34.636926222559914
93,deviant,3,40,198.3322106705658,34.17375,37.24693944356716,31.10056055643284
93,deviant,4,40,188.74086244874144,30.77875,33.703319963124585,27.854180036875416
93,deviant,5,40,184.15096781545415,29.585,32.43844880894387,26.731551191056134
93,deviant,6,40,211.65919727116443,30.075,33.3546932403889,26.7953067596111
93,deviant,7,40,181.87022556583693,25.3775,28.19560834164749,22.559391658352514
93,deviant,8,40,177.11699226039386,25.18125,27.92570622852017,22.436793771479827
93,deviant,9,40,175.71988774002907,24.925,27.64780786969319,22.202192130306813
93,deviant,10,40,199.049762357901,27.69875,30.783058022154453,24.614441977845548
93,deviant,11,40,178.36048653750288,24.3375,27.101224371968108,21.57377562803189
94,background,1,839,244.60889836204805,20.00911799761621,20.836712023521695,19.181523971710728
94,background,2,759,164.86303725405398,8.061923583662715,8.648370199241839,7.4754769680835915
94,background,3,679,113.53549178444968,5.784904270986745,6.211899314676792,5.357909227296698
94,background,4,600,88.58639850451081,4.81075,5.165169408328607,4.456330591671392
94,background,5,520,67.97495668878433,4.174423076923077,4.466551183215214,3.88229497063094
94,background,6,440,57.95218083176763,3.8673863636363635,4.138137021938965,3.596635705333762
94,background,7,360,48.092618976304436,3.6333333333333333,3.881734283859337,3.3849323828073294
94,background,8,280,39.54547681900049,3.3994642857142856,3.631067123507099,3.167861447921472
94,background,9,200,32.729794892180585,3.27925,3.506055907168036,3.0524440928319643
94,background,10,120,23.298407445009715,3.1416666666666666,3.3500973674224426,2.9332359659108906
94,background,11,40,14.768743666056507,3.055,3.2838440540032265,2.8261559459967738
94,deviant,1,40,54.513397677229676,20.395,21.239693848307432,19.550306151692567
94,deviant,2,40,95.40396107853009,20.6325,22.110799692570026,19.154200307429974
94,deviant,3,40,95.04181905046354,19.080000000000002,20.55268824370873,17.607311756291274
94,deviant,4,39,91.53924956283133,16.726923076923075,18.16340815817661,15.290437995669542
94,deviant,5,40,84.16581378758428,14.7925,16.096662796182812,13.48833720381719
94,deviant,6,40,98.7585172875844,16.58125,18.111529079552415,15.050970920447584
94,deviant,7,40,92.1498921951564,15.77375,17.20162737283077,14.345872627169229
94,deviant,8,40,88.56265994674112,14.74625,16.118542633265875,13.373957366734125
94,deviant,9,40,90.4289485554383,14.265,15.666211074861954,12.863788925138048
94,deviant,10,40,85.29297805366603,13.26625,14.587878387434865,11.944621612565134
94,deviant,11,40,92.68798820718213,14.4925,15.928715256920258,13.056284743079742
95,background,1,836,475.91083861978746,37.182057416267945,38.79511002812925,35.56900480440664
95,background,2,756,304.28734688396787,13.41005291005291,14.494601643474185,12.325504176631634
95,background,3,677,207.39923361782965,9.280797636632201,10.061955643426566,8.499639629837835
95,background,4,599,157.49740181649784,7.594657762938231,8.225304362360301,6.96401116351616
95,background,5,519,124.37531274755716,6.549036608863198,7.08406469721845,6.0140085205079465
95,background,6,439,102.67679233502834,5.882574031890661,6.362822632716205,5.402325431065116
95,background,7,360,82.96411716424221,5.4309722222222225,5.859486326918878,5.002458117525567
95,background,8,280,70.85713944639818,5.13375,5.548733353185465,4.718766646814535
95,background,9,200,57.88848171950508,4.8542499999999995,5.255396712169263,4.453103287830736
95,background,10,120,39.19972475735808,4.607083333333334,4.9577693671274465,4.256397299539221
95,background,11,40,29.328224236085372,4.56125,5.01569554273949,4.106804457260511
95,deviant,1,40,109.77228822957959,37.23125,38.932189228392424,35.53031077160758
95,deviant,2,40,184.52445280832166,36.3375,39.19673601886569,33.478263981134305
95,deviant,3,40,205.59822214058275,34.30875,37.494527457742954,31.12297254225705
95,deviant,4,40,196.7037178895685,32.1925,35.24045568649581,29.1445443135042
95,deviant,5,40,197.1000413896189,29.48,32.53409678275281,26.425903217247193
95,deviant,6,40,198.9850959771928,29.8125,32.895806006204175,26.729193993795825
95,deviant,7,40,196.7793313921914,27.7925,30.841627329857545,24.743372670142456
95,deviant,8,40,180.13516124230014,25.46125,28.252473241416038,22.670026758583962
95,deviant,9,40,173.98930699145976,23.9775,26.673492243175627,21.28150775682437
95,deviant,10,40,194.64245899110824,26.32125,29.337266148960325,23.305233851039674
95,deviant,11,40,177.28510342027283,23.38125,26.128311137930194,20.63418886206981
96,background,1,838,463.09169831970837,20.961217183770884,22.528946436319078,19.39348793122269
96,background,2,759,289.49351869846936,9.146574440052701,10.17635344388841,8.116795436216993
96,background,3,679,211.06600364515566,6.656701030927835,7.450498072112544,5.862903989743127
96,background,4,600,164.01876497266363,5.583916666666667,6.240128394626691,4.927704938706643
96,background,5,520,132.47955155021984,4.79,5.359342040098465,4.220657959901535
96,background,6,440,107.49298630730824,4.369318181818182,4.871521832964686,3.8671145306716768
96,background,7,360,92.08941592993077,4.094027777777778,4.569674538908629,3.618381016646927
96,background,8,280,70.80629618153577,3.7807142857142857,4.195399869208449,3.3660287022201225
96,background,9,200,60.20519736263379,3.65925,4.0764507325143695,3.2420492674856307
96,background,10,120,38.88776021753944,3.3691666666666666,3.7170618235393063,3.021271509794027
96,background,11,40,20.52931152228314,3.1475,3.465604977707211,2.829395022292789
96,deviant,1,40,97.97995229959842,20.01125,21.52946509007678,18.49303490992322
96,deviant,2,39,98.84486782194026,15.816666666666666,17.367795594015313,14.26553773931802
96,deviant,3,40,90.63087367535356,14.19875,15.603089937011054,12.794410062988947
96,deviant,4,40,90.92569262286302,13.49375,14.902658203931422,12.084841796068579
96,deviant,5,40,85.53628039117609,12.23875,13.564148396213081,10.913351603786918
96,deviant,6,40,84.19776219054005,10.795,12.099657841815441,9.490342158184559
96,deviant,7,40,80.55651824389474,10.9575,12.205736182315713,9.709263817684286
96,deviant,8,40,75.3136074934949,10.15625,11.323246438568507,8.989253561431493
96,deviant,9,40,69.1505223179269,9.22,10.291498444383281,8.14850155561672
96,deviant,10,40,70.13284387128247,9.0825,10.169219674549343,7.995780325450656
96,deviant,11,40,72.37924608033642,9.27375,10.39527803740442,8.15222196259558
97,background,1,838,867.7346171436707,39.841825775656325,42.779414481480345,36.904237069832305
97,background,2,758,520.0095014314135,14.900065963060687,16.751050334518983,13.049081591602391
97,background,3,679,389.8844295699081,10.673637702503681,12.139952036653364,9.207323368353999
97,background,4,599,294.2739459468981,8.567529215358931,9.745852547486978,7.3892058832308845
97,background,5,519,220.95516930387754,7.165606936416185,8.116094772252291,6.215119100580079
97,background,6,439,192.79784203858935,6.550455580865604,7.4522259982652646,5.648685163465943
97,background,7,360,155.82225028605683,5.999444444444444,6.804274705471158,5.19461418341773
97,background,8,280,129.4783867353117,5.619642857142857,6.377948590513743,4.861337123771971
97,background,9,200,97.8558956618837,5.1602500000000004,5.838356760535692,4.482143239464309
97,background,10,120,81.52129202013164,5.155,5.88430049242107,4.425699507578931
97,background,11,40,37.412881260476674,4.71875,5.298468601201434,4.139031398798566
97,deviant,1,40,195.4019945488894,39.71625,42.74403527436005,36.68846472563995
97,deviant,2,40,178.3473621306112,27.743750000000002,30.507271007176403,24.9802289928236
97,deviant,3,40,163.54718456441665,23.75375,26.2879398798443,21.219560120155702
97,deviant,4,40,185.45194440665898,23.66125,26.53485765007663,20.787642349923367
97,deviant,5,40,174.44186937049741,23.12625,25.829254769890838,20.42324523010916
97,deviant,6,40,162.74532898139705,22.385,24.906764998859668,19.863235001140335
97,deviant,7,40,154.61451215335853,18.765,21.16077668682995,16.36922331317005
97,deviant,8,40,157.5604478822084,17.92,20.361424433873758,15.478575566126246
97,deviant,9,40,159.22056862630598,19.13,21.59714827131074,16.662851728689258
97,deviant,10,40,149.67149994149466,17.232499999999998,19.55168391908152,14.913316080918479
97,deviant,11,40,147.52296877364378,16.805,19.090892083721595,14.519107916278404
98,background,1,839,240.53601874935376,19.812932061978547,20.626746168763063,18.99911795519403
98,background,2,759,159.25540559279708,8.022793148880105,8.589292439310228,7.456293858449982
98,background,3,679,110.02024933237466,5.850147275405007,6.263921861942726,5.436372688867288
98,background,4,599,86.87341062537037,4.847245409015025,5.1951014393952555,4.499389378634795
98,background,5,519,68.86871568426407,4.298458574181118,4.594712681897979,4.002204466464256
98,background,6,439,55.5055473756784,3.899886104783599,4.15950135823101,3.6402708513361888
98,background,7,359,46.87898754969236,3.6079387186629526,3.850408195277782,3.365469242048123
98,background,8,279,35.2400788576691,3.3659498207885306,3.5727071176733785,3.1591925239036827
98,background,9,199,31.800695126464063,3.270854271356784,3.4917748391540195,3.0499337035595486
98,background,10,119,20.598543637840034,3.1201680672268908,3.305218076365915,2.9351180580878666
98,background,11,40,11.341238213287221,3.05625,3.231984306778578,2.880515693221422
98,deviant,1,40,53.758230703968046,20.4925,21.325492414826147,19.659507585173852
98,deviant,2,40,99.15504870762017,20.98375,22.520173397562974,19.447326602437027
98,deviant,3,40,94.99065050946082,18.34625,19.81814537895156,16.874354621048443
98,deviant,4,40,94.2973739657797,17.65,19.111152947612187,16.18884705238781
98,deviant,5,40,91.45454723810248,16.11875,17.535852891094137,14.70164710890586
98,deviant,6,40,88.78686780564367,15.40375,16.77951677003274,14.027983229967262
98,deviant,7,40,81.5592293657612,13.43125,14.695023352119088,12.167476647880912
98,deviant,8,40,92.2016097587524,15.0375,16.46617874478116,13.608821255218839
98,deviant,9,40,91.74095394957993,14.72875,16.150290809066735,13.307209190933266
98,deviant,10,40,83.82847462464493,12.64875,13.947685671698382,11.349814328301617
98,deviant,11,40,75.90979757858041,11.428749999999999,12.604984499646177,10.252515500353821
99,background,1,838,472.5231517580575,36.811515513126494,38.411173572653944,35.211857453599045
99,background,2,758,298.32788390592907,13.28957783641161,14.351481992316598,12.227673680506621
99,background,3,678,197.58395284296904,9.272787610619469,10.016427878066317,8.529147343172621
99,background,4,598,149.18347058148507,7.537541806020067,8.135397252443209,6.939686359596926
99,background,5,519,117.71314374582946,6.608477842003854,7.114847127687158,6.10210855632055
99,background,6,439,96.60614560379196,5.952619589977221,6.404474047077769,5.500765132876674
99,background,7,360,85.07690019839941,5.523611111111111,5.963037853237608,5.084184368984615
99,background,8,280,64.33395600098632,5.1189285714285715,5.495708116772362,4.742149026084781
99,background,9,200,55.03702103321477,4.877,5.258387097731149,4.49561290226885
99,background,10,120,35.19707673268215,4.55375,4.8686278037839275,4.2388721962160725
99,background,11,40,19.702724898375163,4.34125,4.646546885273818,4.035953114726182
99,deviant,1,40,103.1505032260603,36.245,37.84333360673579,34.646666393264205
99,deviant,2,40,198.53860820346364,37.545,40.621387606473405,34.4686123935266
99,deviant,3,40,191.33961264835114,35.0325,37.997338014657444,32.06766198534255
99,deviant,4,40,201.56877499412346,31.51625,34.63959052734197,28.392909472658026
99,deviant,5,39,196.55671472952318,31.371794871794872,34.45627272886278,28.287317014726963
99,deviant,6,40,190.6650341912693,28.95375,31.908135313171627,25.999364686828372
99,deviant,7,39,179.06029563720767,27.223076923076924,30.03299118997448,24.413162656179367
99,deviant,8,40,184.5982194702293,24.81625,27.67662904513407,21.95587095486593
99,deviant,9,40,191.00839744560145,26.74875,29.708455781919263,23.78904421808074
99,deviant,10,40,168.65922509761012,23.14375,25.757151768566665,20.530348231433337
99,deviant,11,40,173.6254286493894,22.44,25.130353889850106,19.749646110149897
100,background,1,839,240.54222739031653,19.940166865315852,20.75400197801718,19.126331752614526
100,background,2,759,159.09940619823692,8.082213438735177,8.64815781207475,7.516269065395605
100,background,3,679,108.23065039170062,5.895876288659794,6.3029203817998045,5.488832195519784
100,background,4,600,83.81103431937952,4.8518333333333334,5.187147305865703,4.516519360800964
100,background,5,520,67.77334517189979,4.273653846153846,4.564915509957409,3.9823921823502837
100,background,6,440,55.779500101551164,3.8954545454545455,4.156054511763429,3.634854579145662
100,background,7,360,46.2626938483403,3.6405555555555558,3.879504844873388,3.4016062662377236
100,background,8,280,37.37554787487895,3.3964285714285714,3.615322959565624,3.1775341832915185
100,background,9,200,30.730064140923353,3.2865,3.499448480055376,3.0735515199446244
100,background,10,120,21.301161322430534,3.0954166666666665,3.2859797337700787,2.9048535995632543
100,background,11,40,10.864476154203809,2.9725,3.140846802136167,2.804153197863833
100,deviant,1,40,51.435524279380466,19.91375,20.71075170590189,19.11674829409811
100,deviant,2,40,92.803088083828,20.90625,22.344248747986427,19.468251252013573
100,deviant,3,40,95.53650445882205,18.80625,20.286603473525474,17.325896526474523
100,deviant,4,40,89.48626769098797,16.46625,17.852854083534186,15.079645916465811
100,deviant,5,40,86.95136269020867,15.19375,16.54107532360658,13.846424676393418
100,deviant,6,40,96.3918128211487,16.00625,17.49985661390651,14.512643386093494
100,deviant,7,40,91.76299563778993,14.58,16.001882348564006,13.158117651435994
100,deviant,8,40,91.70529170290988,15.56875,16.989738216829547,14.14776178317045
100,deviant,9,40,78.67712166623922,12.525,13.74411463063634,11.305885369363661
100,deviant,10,40,87.76664634430504,13.865,15.224958274708223,12.505041725291777
100,deviant,11,40,82.98343208134983,13.03625,14.322091601831268,11.750408398168734
101,background,1,837,474.9300918085346,36.94605734767025,38.554823922029414,35.33729077331108
101,background,2,758,295.0515120056871,13.32401055408971,14.374252397737443,12.273768710441978
101,background,3,678,201.27145194592558,9.371312684365781,10.128831471700893,8.61379389703067
101,background,4,598,148.19349016173348,7.540969899665551,8.13485798171854,6.947081817612563
101,background,5,519,124.42537395648253,6.6342967244701345,7.169540162257041,6.099053286683228
101,background,6,440,98.41654225522093,5.926363636363637,6.386162443259616,5.466564829467657
101,background,7,360,81.4874546366365,5.477777777777778,5.898664841500763,5.056890714054792
101,background,8,280,67.77311219681522,5.196785714285714,5.5937070912279045,4.799864337343524
101,background,9,200,51.51829005825324,4.87375,5.230753536102199,4.516746463897801
101,background,10,120,40.74077228423376,4.799166666666666,5.163639119840849,4.434694213492484
101,background,11,40,19.254596170374764,4.48875,4.787103058693185,4.1903969413068145
101,deviant,1,40,103.14722487784145,36.90875,38.50703280820385,35.31046719179614
101,deviant,2,40,211.42292361893718,39.9375,43.21353214221749,36.66146785778251
101,deviant,3,40,205.68357788245106,36.38625,39.57335005866577,33.19914994133423
101,deviant,4,40,183.17244535366694,30.64875,33.48703644631154,27.81046355368846
101,deviant,5,39,200.71966572941056,31.23076923076923,34.38057444232045,28.080964019218005
101,deviant,6,40,196.91147490019065,29.32875,32.37992491472763,26.27757508527237
101,deviant,7,40,177.7809636958681,25.71875,28.473494572503384,22.964005427496616
101,deviant,8,40,182.83859001862814,27.49125,30.324363304299705,24.658136695700296
101,deviant,9,40,183.32255151709194,24.83,27.670612365411074,21.989387634588923
101,deviant,10,40,186.7870233856281,24.16875,27.06304491318243,21.274455086817568
101,deviant,11,40,162.26560422896,21.6175,24.131831586808122,19.103168413191877
102,background,1,830,445.2351123430835,20.237951807228917,21.75247677062697,18.723426843830865
102,background,2,752,285.2304100934984,9.069348404255319,10.088674122164432,8.050022686346205
102,background,3,672,203.16816990650358,6.607142857142857,7.3752063230877605,5.839079391197953
102,background,4,593,160.2483434514921,5.590893760539629,6.235793613261605,4.945993907817653
102,background,5,514,132.5439549734351,4.946692607003891,5.519626403710422,4.37375881029736
102,background,6,434,105.92754475037218,4.466474654377881,4.964773770710491,3.96817553804527
102,background,7,355,90.12447532513897,4.190704225352112,4.659468653981049,3.7219397967231758
102,background,8,277,80.64517801358063,4.010649819494585,4.485508734710127,3.535790904279043
102,background,9,199,52.46911372166334,3.6319095477386933,3.996414359633868,3.2674047358435185
102,background,10,120,40.3058373727155,3.4879166666666666,3.8484981333601267,3.1273351999732064
102,background,11,40,24.077615723891107,3.52,3.893086520937521,3.146913479062479
102,deviant,1,39,98.29114914375556,20.603846153846153,22.146285818127616,19.06140648956469
102,deviant,2,39,94.3750496688611,15.037179487179488,16.518165529115823,13.556193445243151
102,deviant,3,40,82.03885472268934,12.65,13.921205224021262,11.378794775978738
102,deviant,4,39,86.08287010965533,12.296153846153846,13.647014370514265,10.945293321793427
102,deviant,5,39,85.530080888785,11.712820512820512,13.055006359677561,10.370634665963463
102,deviant,6,40,71.28476990951596,9.54625,10.650818953436017,8.441681046563984
102,deviant,7,40,77.11790358037217,9.91125,11.106204296087029,8.716295703912973
102,deviant,8,39,74.98980632480377,9.585897435897436,10.76267940151464,8.409115470280232
102,deviant,9,39,73.86844636528544,9.73076923076923,10.88995418897971,8.57158427255875
102,deviant,10,39,71.18180947405031,9.252564102564103,10.369588852651447,8.135539352476759
102,deviant,11,40,78.2353904303511,9.32125,10.533519934223005,8.108980065776993
103,background,1,834,858.9170016884484,38.820383693045564,41.73508630244665,35.905681083644474
103,background,2,754,505.9200867830081,14.62606100795756,16.431664248505818,12.8204577674093
103,background,3,676,371.63063156283215,10.510207100591716,11.910968711867007,9.109445489316425
103,background,4,596,294.0645829530792,8.666442953020134,9.846887708961614,7.485998197078653
103,background,5,516,230.15132893495596,7.475484496124031,8.468405532272893,6.482563459975171
103,background,6,437,182.18816906530566,6.600114416475972,7.454208136394314,5.746020696557631
103,background,7,357,159.4054166021509,6.159803921568628,6.9865935923751294,5.333014250762126
103,background,8,279,126.30436297002235,5.691935483870968,6.432976636982957,4.950894330758979
103,background,9,199,93.65635674045163,5.398241206030151,6.0488752700541975,4.747607142006104
103,background,10,119,73.57654446042461,5.1609243697478995,5.821909945437225,4.499938794058574
103,background,11,40,41.93469233287199,4.90125,5.551034789676349,4.251465210323651
103,deviant,1,40,187.69349314353187,38.015,40.923340807601114,35.10665919239889
103,deviant,2,40,186.0184625811444,28.535,31.41738594013618,25.65261405986382
103,deviant,3,38,159.30246801537467,21.338157894736842,23.87070062434385,18.805615165129833
103,deviant,4,40,156.8605481915302,20.325,22.755579375808423,17.894420624191575
103,deviant,5,40,157.75107806788182,20.35625,22.80062827920355,17.911871720796448
103,deviant,6,40,163.5194821806612,19.4475,21.98126062696081,16.913739373039192
103,deviant,7,40,145.66343687454744,18.375,20.63207833842547,16.11792166157453
103,deviant,8,39,144.7507112972252,17.04102564102564,19.31253472890143,14.769516553149852
103,deviant,9,40,158.49449600272527,17.4925,19.948397659448418,15.036602340551584
103,deviant,10,40,142.66903178888873,16.31,18.52067955091689,14.099320449083109
103,deviant,11,40,129.49646408503332,15.821250000000001,17.8278184996898,13.814681500310202
104,background,1,836,229.57978202748927,19.147787081339715,19.925924994953927,18.369649167725502
104,background,2,756,144.48925474526507,7.783399470899471,8.29839176299342,7.268407178805521
104,background,3,676,97.43010990340449,5.773224852071006,6.140461420168453,5.405988283973558
104,background,4,597,73.36640203368582,4.831239530988275,5.125502851604654,4.536976210371895
104,background,5,518,57.735741005668956,4.304247104247104,4.55284986083523,4.055644347658979
104,background,6,438,47.54452207086921,3.975228310502283,4.197861294127219,3.7525953268773473
104,background,7,360,38.49398449245366,3.7245833333333334,3.9234068231118786,3.525759843554788
104,background,8,280,32.42140293727359,3.517857142857143,3.7077369857495417,3.327977299964744
104,background,9,200,25.14735520256972,3.353,3.52726228084791,3.1787377191520902
104,background,10,120,20.537962282973503,3.27625,3.4599853853837232,3.092514614616277
104,background,11,40,10.052624689994884,3.12625,3.2820170333678167,2.9704829666321837
104,deviant,1,40,51.774256964349824,19.1975,19.999750423233888,18.395249576766115
104,deviant,2,40,86.43365268105632,18.33375,19.673053323904277,16.99444667609572
104,deviant,3,40,81.75002011910263,15.42375,16.690479685470674,14.157020314529326
104,deviant,4,40,94.3278437433145,17.0175,18.47912508170655,15.555874918293446
104,deviant,5,40,94.51890649076789,15.60375,17.068335629650566,14.139164370349434
104,deviant,6,40,87.69335028501607,15.19375,16.552572540502972,13.83492745949703
104,deviant,7,39,82.33124686609766,13.303846153846154,14.595834108837783,12.011858198854524
104,deviant,8,40,88.78268856862628,13.83625,15.211952012084241,12.460547987915758
104,deviant,9,40,90.19691907446904,13.9575,15.355115740805521,12.559884259194478
104,deviant,10,40,82.12607445423869,12.60875,13.881306707763425,11.336193292236576
104,deviant,11,40,85.16250719406366,12.955,14.274606720520211,11.63539327947979
105,background,1,834,461.95894098706947,36.134652278177455,37.70229260673574,34.56701194961917
105,background,2,757,274.32862544189976,13.015984147952445,13.9931072094018,12.03886108650309
105,background,3,679,186.4455261209728,9.386082474226804,10.087284488861865,8.684880459591742
105,background,4,599,136.25192417762497,7.6526711185308844,8.198247183001126,7.107095054060643
105,background,5,519,106.50809210670583,6.692678227360308,7.150846489657482,6.234509965063134
105,background,6,440,90.07619581571807,6.143863636363636,6.564696622533689,5.723030650193583
105,background,7,360,70.9392994786833,5.6497222222222225,6.0161275001056325,5.283316944338813
105,background,8,280,58.690916539193054,5.370178571428571,5.713908977951505,5.026448164905638
105,background,9,200,47.28819814933244,5.0485,5.376190494698564,4.720809505301435
105,background,10,120,34.500419524527835,4.798333333333333,5.1069787476106,4.489687919056066
105,background,11,40,16.53942657950835,4.56,4.816281070003434,4.303718929996565
105,deviant,1,40,102.36365771626487,35.90125,37.4873913092454,34.31510869075459
105,deviant,2,39,210.56787879196426,39.54358974358974,42.84793862038758,36.2392408667919
105,deviant,3,39,198.7474660546843,34.016666666666666,37.13552301831869,30.897810315014635
105,deviant,4,40,190.17358414160248,29.94125,32.888020215757194,26.99447978424281
105,deviant,5,40,188.8924436370018,28.56875,31.49566873797074,25.641831262029264
105,deviant,6,40,206.60658648491184,29.138749999999998,32.340152225135924,25.937347774864072
105,deviant,7,40,181.7276881258851,26.515,29.330899701133212,23.69910029886679
105,deviant,8,40,176.79676854632,25.68375,28.423244310663538,22.94425568933646
105,deviant,9,40,175.77618095030306,23.72625,26.449930142023405,21.002569857976596
105,deviant,10,40,181.28969256849368,24.8325,27.641612889657893,22.023387110342107
105,deviant,11,40,178.25608426908565,23.2825,26.044606642058785,20.520393357941213
106,background,1,833,227.44542433874457,19.390276110444177,20.162566764595297,18.617985456293056
106,background,2,754,141.65850337677358,7.739522546419098,8.245094591155926,7.23395050168227
106,background,3,674,97.12519050987206,5.7579376854599404,6.124567695825998,5.391307675093883
106,background,4,596,73.12404745218547,4.833221476510067,5.126758690278926,4.539684262741208
106,background,5,517,57.740845708717295,4.30174081237911,4.5506058824653515,4.052875742292869
106,background,6,438,47.82261631883966,3.9649543378995435,4.188889531525924,3.741019144273163
106,background,7,358,39.05579679327891,3.7272346368715086,3.9295226108936685,3.5249466628493487
106,background,8,279,32.169084537798106,3.5281362007168457,3.716875646765158,3.3393967546685337
106,background,9,199,25.57234320202404,3.378140703517588,3.5557926874641756,3.200488719571
106,background,10,120,20.295967968773347,3.32,3.5015704715540243,3.1384295284459753
106,background,11,40,10.37012409203528,3.1887499999999998,3.349436737572143,3.0280632624278563
106,deviant,1,40,50.465830023888444,19.345,20.126976137743345,18.563023862256653
106,deviant,2,39,87.04164157701217,19.115384615384617,20.481290717633943,17.74947851313529
106,deviant,3,40,97.36799430916442,18.6375,20.146232702774434,17.128767297225565
106,deviant,4,40,90.77224245329627,16.8725,18.27903046891989,15.46596953108011
106,deviant,5,40,99.76241513558203,17.79125,19.337084637867708,16.245415362132295
106,deviant,6,39,97.97821992130379,16.753846153846155,18.29137515781866,15.216317149873651
106,deviant,7,40,90.0193254105385,13.74,15.13486389847295,12.34513610152705
106,deviant,8,39,89.1906591757821,14.615384615384615,16.015014303251334,13.215754927517894
106,deviant,9,40,84.78662071713661,13.57625,14.890032299217356,12.262467700782643
106,deviant,10,39,80.62140240851551,12.356410256410257,13.621566376245811,11.091254136574703
106,deviant,11,40,83.74558904330739,13.09875,14.396401346309535,11.801098653690467
107,background,1,836,461.66848153421216,36.526973684210525,38.09175323853321,34.96219412988784
107,background,2,756,274.6330039199681,13.037632275132275,14.016486241973887,12.058778308290663
107,background,3,676,180.9055874729891,9.363313609467456,10.045188516096415,8.681438702838497
107,background,4,596,137.103207379274,7.761241610738255,8.311606297802404,7.210876923674104
107,background,5,516,107.5641424306544,6.726453488372093,7.190507727159013,6.262399249585173
107,background,6,437,88.88147045067201,6.201601830663615,6.618276009445309,5.7849276518819215
107,background,7,357,71.58818632325192,5.688795518207283,6.060102681197611,5.317488355216955
107,background,8,278,60.4631466702086,5.383992805755396,5.739373984124002,5.028611627386789
107,background,9,198,46.471270128633456,5.084848484848485,5.408500282173557,4.761196687523413
107,background,10,118,32.57053075533481,4.810593220338983,5.104432538606395,4.516753902071572
107,background,11,40,18.964648552948248,4.745,5.038860273814471,4.451139726185529
107,deviant,1,40,100.11008414424803,36.95125,38.50247182496997,35.40002817503003
107,deviant,2,40,194.20832547604786,36.245,39.25428918045091,33.235710819549084
107,deviant,3,40,195.0191960861937,33.44625,36.4681037507281,30.4243962492719
107,deviant,4,40,193.50803056911317,32.18,35.17843799844624,29.181562001553758
107,deviant,5,40,191.45988998660846,30.072499999999998,33.03920173132244,27.105798268677553
107,deviant,6,40,205.08658633547157,31.00625,34.18409957880739,27.82840042119261
107,deviant,7,40,173.97368222022305,25.885,28.580750134836997,23.189249865163006
107,deviant,8,39,180.50903899221981,25.352564102564102,28.185212860141657,22.519915344986547
107,deviant,9,40,177.1473145510018,24.69375,27.438676077280924,21.94882392271908
107,deviant,10,40,163.88086976119027,21.70375,24.2431103855364,19.164389614463598
107,deviant,11,39,188.12062199836737,25.148717948717948,28.100811922257744,22.196623975178152
108,background,1,836,437.9379582351341,20.247906698564595,21.732253996501967,18.763559400627223
108,background,2,756,275.3226337073996,9.124867724867725,10.106179687811204,8.143555761924246
108,background,3,677,200.2004258894465,6.793796159527327,7.547840245993704,6.039752073060949
108,background,4,598,160.09535809701208,5.743561872909699,6.38514690516756,5.1019768406518375
108,background,5,518,129.6520749016991,5.093146718146718,5.651412060489301,4.534881375804135
108,background,6,438,112.82528412036952,4.667009132420091,5.195327191745779,4.138691073094403
108,background,7,358,91.63437070628487,4.353631284916201,4.82824792887006,3.879014640962342
108,background,8,278,70.1174578456524,3.989568345323741,4.4016941800791605,3.5774425105683214
108,background,9,199,61.21465682764476,3.9595477386934674,4.384808151715763,3.534287325671172
108,background,10,119,43.56438066996815,3.7071428571428573,4.098509799527279,3.3157759147584356
108,background,11,40,23.35903972431455,3.56625,3.9282020704676097,3.2042979295323906
108,deviant,1,40,97.5112544111812,20.78125,22.29220254105342,19.27029745894658
108,deviant,2,40,92.66706108713232,14.9,16.335890987835555,13.464109012164444
108,deviant,3,39,88.67841071149047,13.055128205128206,14.446719403709029,11.663537006547383
108,deviant,4,40,80.32833936577525,12.5025,13.747200513968595,11.257799486031404
108,deviant,5,40,82.47806726001384,11.645,12.923010892796013,10.366989107203986
108,deviant,6,40,78.55505947054621,11.01625,12.233473257318842,9.799026742681157
108,deviant,7,40,78.4785756885614,10.78125,11.997288128838678,9.565211871161322
108,deviant,8,40,79.38642996859032,11.2125,12.442605476649955,9.982394523350045
108,deviant,9,40,71.46775128464733,9.88625,10.99365427921856,8.77884572078144
108,deviant,10,40,72.31437216109003,9.48,10.600522805611174,8.359477194388827
108,deviant,11,39,69.4834891406433,9.211538461538462,10.301912219469111,8.121164703607812
109,background,1,839,865.7272026878243,39.15840286054827,42.08744863854713,36.22935708254941
109,background,2,759,522.1280595086951,15.101054018445323,16.95835471178336,13.243753325107285
109,background,3,679,372.39124162915687,10.924153166421208,12.324677460543404,9.523628872299012
109,background,4,599,279.7920468377975,8.735058430717864,9.855393755926478,7.61472310550925
109,background,5,520,228.89334450327442,7.769038461538462,8.752726904015217,6.785350019061705
109,background,6,440,182.8555009031074,6.8435227272727275,7.697817536082223,5.989227918463232
109,background,7,360,157.67272901070814,6.469722222222222,7.2841103048838525,5.655334139560591
109,background,8,280,127.05883427932528,6.008214285714286,6.752349619330989,5.264078952097583
109,background,9,200,103.09926233847091,5.6745,6.388941437841663,4.960058562158337
109,background,10,120,68.25650152183307,5.242083333333333,5.85271521780493,4.631451448861736
109,background,11,40,44.9087671665684,5.24375,5.9396185566670585,4.547881443332942
109,deviant,1,40,199.73765688759684,41.685,44.77996705832312,38.59003294167688
109,deviant,2,40,190.69092518357667,29.65125,32.606036498253836,26.696463501746166
109,deviant,3,40,164.40144223980008,22.60375,25.151176739662475,20.05632326033753
109,deviant,4,40,193.68499928329095,25.4575,28.45868015708207,22.456319842917928
109,deviant,5,39,158.40770183296013,20.22051282051282,22.706335039128646,17.734690601896993
109,deviant,6,40,156.0974897805518,19.9975,22.416255663232864,17.578744336767134
109,deviant,7,40,146.3410220575287,18.0725,20.340077629611784,15.80492237038822
109,deviant,8,40,140.0426438812948,17.385,19.554983248662,15.215016751338002
109,deviant,9,40,145.9031672395302,17.83375,20.094542998915948,15.572957001084049
109,deviant,10,40,143.89852967318762,17.65875,19.88848081801133,15.429019181988672
109,deviant,11,40,142.35598447479993,16.7275,18.933328832530087,14.521671167469911
110,background,1,835,229.11310697878844,19.39940119760479,20.17642222695369,18.622380168255887
110,background,2,755,145.8152760750468,7.873377483443709,8.39344008519333,7.353314881694088
110,background,3,676,97.41949442866579,5.82396449704142,6.191161052964852,5.456767941117987
110,background,4,599,74.31299383440006,4.964941569282137,5.262503537378226,4.667379601186047
110,background,5,520,58.05063579143187,4.431057692307692,4.680535192976752,4.181580191638632
110,background,6,440,49.2579141383713,4.100227272727273,4.330358606667795,3.870095938786751
110,background,7,360,40.83239168266188,3.8619444444444446,4.072845932492345,3.651042956396544
110,background,8,280,34.317557267994836,3.692857142857143,3.8938420414781194,3.4918722442361667
110,background,9,200,26.606835291152645,3.46525,3.6496259618708184,3.280874038129182
110,background,10,120,19.638241426252744,3.3645833333333335,3.5402696943752208,3.188896972291446
110,background,11,40,9.986042891535114,3.155,3.309735337711985,3.0002646622880147
110,deviant,1,39,49.05418593652061,18.71153846153846,19.48132417212026,17.94175275095666
110,deviant,2,40,98.2823403315806,20.84125,22.364150641176153,19.318349358823845
110,deviant,3,40,88.79977477448915,16.9875,18.36346676558702,15.611533234412983
110,deviant,4,38,89.3879186467612,17.028947368421054,18.450009617511316,15.607885119330792
110,deviant,5,39,78.37991149724391,14.523076923076923,15.753058314375982,13.293095531777864
110,deviant,6,40,101.43031053258608,17.07375,18.64542894479958,15.502071055200423
110,deviant,7,40,94.60427274205236,15.7375,17.203408393418478,14.271591606581525
110,deviant,8,40,85.01140790319972,13.88625,15.203515412751576,12.568984587248424
110,deviant,9,40,85.62938809347615,14.17625,15.50309111500725,12.84940888499275
110,deviant,10,40,90.15384511751944,13.945,15.341948302927719,12.548051697072282
110,deviant,11,40,85.17197772432952,12.85375,14.173503467907029,11.53399653209297
111,background,1,839,468.7090473338779,36.2660905840286,37.85189065123316,34.680290516824044
111,background,2,759,285.90474122097305,13.275230566534914,14.292243662130675,12.258217470939153
111,background,3,679,188.36785819242112,9.679307805596466,10.387739508974086,8.970876102218845
111,background,4,599,136.7730448205117,7.828631051752922,8.376293772622155,7.280968330883688
111,background,5,519,113.77063722567809,7.072639691714836,7.562049408170073,6.5832299752595995
111,background,6,439,88.50729972868433,6.274031890660592,6.688005738994836,5.860058042326348
111,background,7,359,73.10477340596061,5.859192200557103,6.237307792900038,5.481076608214168
111,background,8,279,58.074226550800326,5.501075268817204,5.841802942805047,5.160347594829362
111,background,9,200,46.40122502920075,5.241,5.562544084560406,4.919455915439594
111,background,10,120,34.53800347748153,4.9191666666666665,5.228148312064872,4.610185021268461
111,background,11,40,20.443374940243316,4.9275,5.24427337657269,4.61072662342731
111,deviant,1,40,98.0095994224411,35.44125,36.95992447700462,33.92257552299537
111,deviant,2,40,191.8882967276864,39.49875,42.472089962549646,36.52541003745036
111,deviant,3,40,191.8418688179902,31.87875,34.85137055463561,28.906129445364392
111,deviant,4,40,178.33666417614097,30.22125,32.98460524065449,27.45789475934551
111,deviant,5,40,191.52954286342793,30.73125,33.69903101383047,27.763468986169528
111,deviant,6,40,190.49468151161207,27.11375,30.0654956710528,24.162004328947198
111,deviant,7,40,175.0045638502638,26.02125,28.732973811186877,23.30952618881312
111,deviant,8,40,184.1532399646384,26.675,29.528484016260233,23.82151598373977
111,deviant,9,39,166.8664215220634,23.398717948717948,26.017279125736117,20.78015677169978
111,deviant,10,40,174.92757147790596,22.89375,25.60428080201724,20.183219197982762
111,deviant,11,40,176.51535642156347,24.33625,27.07138378461399,21.60111621538601
112,background,1,838,232.0969228123185,19.530131264916466,20.315861470488166,18.744401059344767
112,background,2,760,146.1386958373881,7.910855263157894,8.430354013113066,7.391356513202722
112,background,3,680,99.33389997483495,5.874632352941177,6.247941908024366,5.501322797857988
112,background,4,600,74.49666188212028,5.0023333333333335,5.300382054948006,4.704284611718661
112,background,5,520,60.473700242771905,4.476538461538461,4.7364292859384145,4.216647637138508
112,background,6,440,49.85236097455004,4.128636363636364,4.361544933392886,3.895727793879842
112,background,7,360,40.90241917951605,3.834861111111111,4.046124294927547,3.623597927294675
112,background,8,280,33.39894420014218,3.6185714285714288,3.814176359356336,3.4229664977865215
112,background,9,200,26.270004908540397,3.4667499999999998,3.6487918464038014,3.284708153596198
112,background,10,120,18.829428255288384,3.3691666666666666,3.537617275805661,3.2007160575276723
112,background,11,40,10.868229895094766,3.28625,3.4546549669538784,3.1178450330461214
112,deviant,1,40,50.839504946034786,19.45125,20.239016290649843,18.66348370935016
112,deviant,2,39,88.42018404961857,18.973076923076924,20.360615884512125,17.585537961641723
112,deviant,3,40,91.5262976302152,17.6525,19.070714674938362,16.234285325061638
112,deviant,4,40,88.33085233192426,16.98125,18.349950737061093,15.612549262938906
112,deviant,5,40,99.82300125195277,16.5025,18.049273429467053,14.955726570532951
112,deviant,6,40,96.11188655334004,16.025,17.514269111448897,14.5357308885511
112,deviant,7,40,90.17488855726847,14.8975,16.294774374404835,13.500225625595167
112,deviant,8,40,83.40648718932573,13.76,15.052396908644432,12.467603091355567
112,deviant,9,40,93.56788979131676,14.32625,15.776099473221272,12.876400526778728
112,deviant,10,40,95.22344912445617,15.2025,16.678002630863197,13.726997369136805
112,deviant,11,40,83.66192934096506,12.91125,14.207605025791445,11.614894974208557
113,background,1,838,461.48356588176324,36.5458830548926,38.108168210139794,34.9835978996454
113,background,2,758,280.3866831810368,13.321042216358839,14.319084304252458,12.32300012846522
113,background,3,678,188.6626479641429,9.61401179941003,10.324075243179614,8.903948355640445
113,background,4,599,137.30700330971732,7.864357262103506,8.414158044309412,7.3145564798976
113,background,5,519,109.88485600367044,6.928612716763006,7.401306880484741,6.45591855304127
113,background,6,439,89.09924980486352,6.298519362186788,6.715261929618879,5.881776794754697
113,background,7,360,74.15987353080682,5.899861111111111,6.282900826311836,5.516821395910386
113,background,8,280,60.10582772340623,5.5425,5.894517003925424,5.190482996074577
113,background,9,200,48.276070131778745,5.2795,5.614036098280337,4.944963901719662
113,background,10,120,35.67945745398221,5.03375,5.3529432468891684,4.714556753110832
113,background,11,40,17.78105141642879,4.79875,5.0742702461755425,4.523229753824458
113,deviant,1,40,101.22885744167702,36.25625,37.82480739681571,34.687692603184296
113,deviant,2,40,193.73122999063472,37.0525,40.054396509314,34.050603490686
113,deviant,3,40,186.39814489702582,32.76,35.648269178572995,29.871730821427
113,deviant,4,39,194.01699599994356,29.04102564102564,32.08564881190107,25.99640247015021
113,deviant,5,40,196.45983920652242,30.6775,33.72167674715098,27.633323252849017
113,deviant,6,40,178.56497416906822,26.39375,29.160642940646603,23.626857059353398
113,deviant,7,39,192.2157162641686,27.51153846153846,30.52789494375343,24.49518197932349
113,deviant,8,40,186.77500537164747,26.666249999999998,29.56035869212649,23.772141307873508
113,deviant,9,40,185.1509412685541,25.45625,28.325193558130213,22.58730644186979
113,deviant,10,40,188.21276454279635,25.98375,28.90013700129386,23.06736299870614
113,deviant,11,40,168.8863445291568,23.82625,26.44317102061906,21.209328979380942
114,background,1,839,451.48561788599045,20.25792610250298,21.785453525449196,18.730398679556767
114,background,2,759,279.0315771604202,8.956126482213438,9.948690532900365,7.963562431526512
114,background,3,679,201.23189032608747,6.646097201767305,7.402909177045922,5.889285226488688
114,background,4,599,156.29323822798435,5.590901502504174,6.2167264244669,4.965076580541448
114,background,5,520,132.63431127093693,5.031826923076923,5.601834056120579,4.4618197900332675
114,background,6,440,112.06886980311425,4.6440909090909095,5.167672935494801,4.120508882687018
114,background,7,360,93.98944509610473,4.3180555555555555,4.803516069003312,3.8325950421077994
114,background,8,280,73.86611287714379,4.043035714285714,4.4756414820040344,3.610429946567393
114,background,9,200,56.75199973290996,3.833,4.226271293798971,3.43972870620103
114,background,10,120,42.186428348962004,3.6675,4.044905487645931,3.290094512354069
114,background,11,40,29.289885087194396,3.90375,4.357601471472655,3.4498985285273447
114,deviant,1,40,95.9037071891988,20.4075,21.89354333878149,18.921456661218507
114,deviant,2,40,92.87816014316255,15.1125,16.551662001597496,13.673337998402507
114,deviant,3,40,92.08978742167028,13.93875,15.365696039716696,12.511803960283306
114,deviant,4,40,89.95820667047795,12.7825,14.176416853784026,11.388583146215975
114,deviant,5,40,87.44602846748869,12.61625,13.97124024923662,11.261259750763381
114,deviant,6,40,83.04928783876667,11.8475,13.134362047364585,10.560637952635416
114,deviant,7,40,86.69568677427476,11.7075,13.050863584244297,10.364136415755702
114,deviant,8,40,69.02080159366145,9.76375,10.833238400936093,8.694261599063907
114,deviant,9,40,68.73976478835154,10.52625,11.59138369052162,9.461116309478378
114,deviant,10,40,75.97485733694023,9.5825,10.75974261104632,8.405257388953679
114,deviant,11,40,78.26599382537529,10.30375,11.516494138741818,9.091005861258184
115,background,1,838,861.0006922792008,38.96378281622912,41.87857480375135,36.04899082870689
115,background,2,758,521.9394979053457,14.800065963060685,16.657920196128018,12.942211729993353
115,background,3,678,368.1425889373215,10.712463126843659,12.098029360117177,9.32689689357014
115,background,4,598,286.05529461792406,8.889130434782608,10.035502182261762,7.742758687303453
115,background,5,518,233.65591548707962,7.799710424710424,8.805803074972012,6.793617774448837
115,background,6,439,199.42535867890652,7.186788154897494,8.1195573551874,6.254018954607588
115,background,7,359,151.3299201639983,6.477298050139276,7.260013045838227,5.694583054440325
115,background,8,279,134.90736587903956,6.282974910394265,7.074490798076089,5.491459022712442
115,background,9,199,108.68209313599483,5.8947236180904525,6.64974201091216,5.139705225268745
115,background,10,119,66.0492041467651,5.454201680672269,6.04756430115051,4.860839060194028
115,background,11,40,55.311748062090864,5.6975,6.554564415683896,4.840435584316103
115,deviant,1,40,197.0759738620723,39.84375,42.897473852549794,36.790026147450206
115,deviant,2,40,184.75927439152872,28.13,30.992874616994527,25.26712538300547
115,deviant,3,40,169.8799653625434,24.60875,27.241067334943132,21.97643266505687
115,deviant,4,40,165.48039317791032,22.13375,24.697895257657688,19.56960474234231
115,deviant,5,40,176.43376571453246,22.3375,25.07136952351039,19.603630476489606
115,deviant,6,40,157.1121540408902,19.61125,22.045728048835755,17.17677195116424
115,deviant,7,40,156.0593257639374,19.84375,22.26191430566877,17.42558569433123
115,deviant,8,40,147.88727036781125,17.43375,19.72528699540631,15.142213004593687
115,deviant,9,40,150.78686596440824,18.1925,20.528966694661655,15.856033305338345
115,deviant,10,40,156.79869763154085,17.265,19.69462099145222,14.835379008547783
115,deviant,11,39,135.25698736693403,17.015384615384615,19.13791287966252,14.892856351106712
116,background,1,837,229.0647862849927,19.182616487455196,19.958544940703398,18.406688034206994
116,background,2,758,144.33609352735317,7.782387862796834,8.296155116320202,7.268620609273466
116,background,3,678,95.0675798410904,5.809218289085546,6.1670210330904665,5.451415545080626
116,background,4,598,71.60437725520183,4.913294314381271,5.200250146437591,4.62633848232495
116,background,5,518,58.53379590593704,4.428764478764479,4.680803558237866,4.176725399291092
116,background,6,438,47.60586540598365,4.085730593607306,4.308650824829382,3.8628103623852303
116,background,7,358,39.4421294930607,3.826675977653631,4.030964946804658,3.622387008502604
116,background,8,280,32.97359390082983,3.6325,3.8256138156359447,3.439386184364055
116,background,9,200,25.70290788382144,3.48575,3.6638620645164606,3.3076379354835392
116,background,10,120,18.23198461928637,3.3633333333333333,3.526439130986483,3.2002275356801837
116,background,11,40,11.29636643956109,3.27625,3.4512890114412094,3.101210988558791
116,deviant,1,40,49.79579352346521,19.21,19.981593814605095,18.438406185394907
116,deviant,2,39,88.53940544068203,19.43076923076923,20.820179080926447,18.04135938061201
116,deviant,3,40,100.93846483977515,18.9425,20.50655771683111,17.378442283168887
116,deviant,4,40,93.07171824373988,16.55875,18.000911215438755,15.116588784561245
116,deviant,5,40,84.97812411996024,14.786249999999999,16.10299967518707,13.469500324812925
116,deviant,6,40,93.86217499470617,15.75875,17.213159469690815,14.304340530309185
116,deviant,7,40,87.91009163074689,14.755,16.117180982449604,13.392819017550396
116,deviant,8,40,87.73016344990684,14.55375,15.913142966402749,13.194357033597253
116,deviant,9,40,93.18867392214797,14.52625,15.970223462451148,13.08227653754885
116,deviant,10,40,83.45498313777503,12.37125,13.664398361150942,11.078101638849057
116,deviant,11,40,82.05053000245769,13.0125,14.283886134355562,11.741113865644436
117,background,1,839,462.7083143952854,36.1061978545888,37.67169542763109,34.540700281546506
117,background,2,759,275.1700096495371,12.900592885375493,13.879420666033026,11.921765104717961
117,background,3,679,179.56864249757248,9.399042709867452,10.07438148845999,8.723703931274914
117,background,4,599,137.07185015627078,7.836310517529215,8.385169706192281,7.287451328866149
117,background,5,519,104.67483485839172,6.8271676300578035,7.277449728297487,6.37688553181812
117,background,6,439,87.5824573879111,6.364806378132118,6.7744544754369445,5.955158280827292
117,background,7,359,70.47168150921931,5.872144846796657,6.236641450175616,5.507648243417698
117,background,8,279,60.01466925940514,5.536379928315412,5.88849238639558,5.184267470235245
117,background,9,199,49.63474483400556,5.336934673366835,5.681749023103304,4.992120323630365
117,background,10,119,34.59936111366342,5.039495798319328,5.350324185163437,4.728667411475218
117,background,11,39,18.432023049144945,4.901282051282052,5.190527661813786,4.612036440750317
117,deviant,1,40,101.27919981807455,36.50625,38.07558746001969,34.93691253998031
117,deviant,2,40,196.44111210822388,38.214999999999996,41.25888656775649,35.1711134322435
117,deviant,3,40,196.84077187839975,32.19,35.24007936005468,29.139920639945316
117,deviant,4,40,208.61718277114286,31.65125,34.8838067373618,28.4186932626382
117,deviant,5,40,179.7768426630492,27.93625,30.721921037507936,25.150578962492066
117,deviant,6,40,182.50876691271571,26.52625,29.3542526423255,23.698247357674504
117,deviant,7,40,181.58796621385517,24.3025,27.116234687676073,21.488765312323924
117,deviant,8,40,161.31210350386638,24.0875,26.587056940002725,21.587943059997272
117,deviant,9,40,176.25101716765093,24.755,27.486037805438958,22.02396219456104
117,deviant,10,40,170.42436198470787,22.255,24.895752847998185,19.614247152001813
117,deviant,11,40,180.94808066054978,25.05625,27.860069558303692,22.252430441696305
118,background,1,837,227.38890867734443,19.313859020310634,20.084110646749156,18.54360739387211
118,background,2,757,140.8411666045348,7.783685601056803,8.285343609472946,7.2820275926406595
118,background,3,677,94.82830745477246,5.829615952732644,6.1867816488005065,5.472450256664782
118,background,4,597,75.85106598147658,4.9753768844221105,5.279605876566951,4.67114789227727
118,background,5,517,57.95000113527994,4.431818181818182,4.681584719128388,4.182051644507975
118,background,6,437,46.71334757973636,4.081693363844393,4.300684404859324,3.862702322829463
118,background,7,357,39.58182730283657,3.8515406162464987,4.056840076347721,3.646241156145276
118,background,8,277,32.109147737382465,3.6694945848375453,3.8585612524131485,3.480427917261942
118,background,9,199,24.99915788055353,3.4778894472361808,3.651559492229273,3.3042194022430884
118,background,10,120,18.564468042047704,3.3670833333333334,3.5331635726069837,3.201003094059683
118,background,11,40,11.772179514699722,3.36,3.542411811425051,3.1775881885749486
118,deviant,1,40,51.07909243722451,19.27,20.061478737287963,18.478521262712036
118,deviant,2,40,88.99305117757642,17.9275,19.306461614480448,16.54853838551955
118,deviant,3,40,95.67120228871602,19.005,20.487440638023376,17.522559361976622
118,deviant,4,40,93.92519419869815,17.0025,18.45788596237345,15.547114037626555
118,deviant,5,40,91.35702087501481,16.0675,17.48309170444172,14.65190829555828
118,deviant,6,40,92.32833288125363,15.94,17.370642339907793,14.509357660092208
118,deviant,7,40,91.10552008234015,15.115,16.52669465928459,13.703305340715412
118,deviant,8,40,88.77277320866963,13.5625,14.938048371989954,12.186951628010046
118,deviant,9,38,91.57197341866927,14.944736842105263,16.400520537150307,13.488953147060219
118,deviant,10,40,78.35880698159555,12.19125,13.405432293497194,10.977067706502806
118,deviant,11,40,85.80840039848876,12.731250000000001,14.06086493941113,11.401635060588871
119,background,1,839,466.0727608657822,36.276936829559,37.85381745455936,34.700056204558635
119,background,2,759,280.39164339225675,13.119762845849802,14.11716488964852,12.122360802051086
119,background,3,679,181.01270673629512,9.441678939617084,10.122448691934343,8.760909187299825
119,background,4,599,137.316691207626,7.868781302170284,8.418620876380382,7.318941727960185
119,background,5,519,109.33061881525369,6.96242774566474,7.432737734771245,6.492117756558234
119,background,6,439,87.76714107586953,6.300341685649203,6.710853601161828,5.889829770136577
119,background,7,359,71.40910674637925,5.890111420612813,6.259456614341101,5.5207662268845255
119,background,8,279,58.638365382544926,5.477777777777778,5.821815314390798,5.133740241164758
119,background,9,200,46.469089896289915,5.24875,5.570764364096092,4.926735635903908
119,background,10,120,40.87815656570788,5.132916666666667,5.498618178184347,4.767215155148986
119,background,11,40,23.200272230707714,4.9325,5.29199194266646,4.57300805733354
119,deviant,1,40,101.68699394141862,36.38375,37.959406295426064,34.808093704573935
119,deviant,2,40,187.01661901947026,36.0725,38.970352534386905,33.17464746561309
119,deviant,3,40,186.10128114041893,31.79625,34.6799192270074,28.912580772992598
119,deviant,4,40,185.18186651022427,29.44625,32.315672749714466,26.57682725028553
119,deviant,5,40,193.6142393632517,29.0225,32.02258372076163,26.02241627923837
119,deviant,6,40,195.26187543911382,29.9925,33.018114106260086,26.966885893739917
119,deviant,7,40,163.00537608183035,24.475,27.000794470427497,21.949205529572506
119,deviant,8,40,193.54978279774076,26.05375,29.052834955931516,23.054665044068486
119,deviant,9,40,176.36319433427565,24.56875,27.301526008644153,21.83597399135585
119,deviant,10,40,173.7530764589432,24.0375,26.72983181315106,21.345168186848944
119,deviant,11,40,177.17098491213753,24.6075,27.35279285332664,21.862207146673363
120,background,1,838,450.42691445245356,20.032696897374702,21.557551375406447,18.507842419342957
120,background,2,758,282.3868567092053,8.671635883905013,9.676797630056132,7.6664741377538945
120,background,3,678,205.51975190003674,6.425663716814159,7.199171691877387,5.652155741750931
120,background,4,598,168.62070485341692,5.5168896321070235,6.19264014510545,4.841139119108597
120,background,5,518,128.50317423890226,4.748359073359073,5.301677395591719,4.195040751126427
120,background,6,438,106.49105472687411,4.342808219178083,4.841465482108833,3.844150956247332
120,background,7,358,93.32936865012846,4.17304469273743,4.656440512337012,3.6896488731378487
120,background,8,279,81.13152090408838,3.9919354838709675,4.4679427601894,3.515928207552535
120,background,9,199,57.99807165578415,3.6605527638190956,4.063467444469514,3.2576380831686773
120,background,10,120,42.654116849496795,3.546666666666667,3.9282561588258664,3.1650771745074673
120,background,11,40,20.676836773243835,3.3325,3.6528909051537872,3.012109094846213
120,deviant,1,40,97.02958040558669,20.25375,21.757238925011283,18.750261074988718
120,deviant,2,40,89.4870175823816,13.785,15.171615703221715,12.398384296778286
120,deviant,3,40,85.81370581243512,11.48875,12.818447147651932,10.159052852348067
120,deviant,4,40,85.54753987665204,11.74625,13.071822863748071,10.420677136251928
120,deviant,5,40,85.48830329349155,11.66625,12.990904983382466,10.341595016617534
120,deviant,6,40,80.8060217922819,10.00625,11.25835227985198,8.75414772014802
120,deviant,7,40,79.63378349472171,10.24375,11.477688259246214,9.009811740753786
120,deviant,8,39,76.06681619678709,10.155128205128205,11.348811211783602,8.96144519847281
120,deviant,9,40,86.19833311369163,10.2875,11.623157009430978,8.951842990569022
120,deviant,10,39,70.89033413438119,9.134615384615385,10.247066140716678,8.022164628514092
120,deviant,11,40,67.95344768760138,8.68625,9.739199580814219,7.63330041918578
121,background,1,839,874.4450917130551,38.57216924910608,41.53071057254135,35.61362792567081
121,background,2,759,522.5973593503893,14.32213438735178,16.181104462186347,12.463164312517213
121,background,3,679,370.19612156403343,10.136082474226804,11.528351152652265,8.743813795801342
121,background,4,599,284.4658059184656,8.375125208681135,9.51417506655344,7.2360753508088305
121,background,5,519,232.1460860388516,7.438728323699422,8.43735637848564,6.440100268913205
121,background,6,439,179.67067827438876,6.500455580865603,7.340826514631274,5.660084647099932
121,background,7,359,165.70209476806963,6.19108635097493,7.048137714334812,5.334034987615048
121,background,8,280,132.0616582469998,5.729821428571428,6.5032564020229104,4.956386455119946
121,background,9,200,106.67110051091878,5.57225,6.311443013573444,4.8330569864265565
121,background,10,120,77.62248385616115,5.297083333333333,5.991504561167467,4.602662105499199
121,background,11,40,46.90755185524642,5.1137500000000005,5.840590046292674,4.386909953707327
121,deviant,1,40,200.81534461185714,39.77875,42.890416002616945,36.66708399738306
121,deviant,2,40,177.46135235297675,26.5225,29.27229214343653,23.77270785656347
121,deviant,3,40,180.05719851436683,25.35,28.14001519643098,22.559984803569023
121,deviant,4,40,175.73908590802867,22.145,24.868105348388315,19.421894651611684
121,deviant,5,40,184.58772696842124,22.83125,25.691466462134144,19.971033537865857
121,deviant,6,40,159.51708372459672,18.6825,21.154242820359755,16.210757179640247
121,deviant,7,40,143.88359695838926,17.16,19.38949943319831,14.930500566801692
121,deviant,8,39,153.6503121410843,17.783333333333335,20.1944999331766,15.37216673349007
121,deviant,9,40,161.64851408306592,17.4825,19.98726967593304,14.977730324066966
121,deviant,10,40,142.69719504490692,15.78,17.991115945090076,13.568884054909924
121,deviant,11,40,133.68929020602016,14.637500000000001,16.709037013529098,12.565962986470904
122,background,1,837,229.69529014716315,19.027598566308242,19.805662772914587,18.249534359701897
122,background,2,757,142.83013466499656,7.50885072655218,8.017593181796403,7.0001082713079565
122,background,3,677,94.71609933735769,5.573338257016248,5.93008132727293,5.216595186759566
122,background,4,598,71.42793571145678,4.684866220735786,4.97111496012633,4.398617481345242
122,background,5,519,57.272065386924936,4.1764932562620425,4.422861791811516,3.930124720712569
122,background,6,439,46.487491243400754,3.871640091116173,4.089075327626932,3.6542048546054144
122,background,7,360,38.791819539148904,3.638333333333333,3.838695157065692,3.4379715096009744
122,background,8,280,31.871782603359186,3.4725,3.6591609253503035,3.285839074649697
122,background,9,200,24.865850605112822,3.33,3.5023115535118996,3.1576884464881005
122,background,10,120,18.7693759535103,3.2183333333333333,3.3862467064671993,3.0504199601994673
122,background,11,40,10.51740412239086,3.1275,3.290468865286077,2.9645311347139227
122,deviant,1,40,49.6102971060179,18.99125,19.759969517838115,18.222530482161886
122,deviant,2,40,88.78688262528306,18.235,19.61076699966543,16.85923300033457
122,deviant,3,40,98.62233920098268,17.63625,19.164418978239198,16.108081021760803
122,deviant,4,40,97.74103808695604,17.475,18.989513075997834,15.960486924002167
122,deviant,5,40,94.26461913704755,15.71375,17.17439540628269,14.253104593717305
122,deviant,6,40,93.7887744377029,15.76625,17.219522116276703,14.312977883723295
122,deviant,7,39,94.26852742648467,14.85,16.329314435355265,13.370685564644733
122,deviant,8,40,86.42241729161663,12.95875,14.297879229741241,11.61962077025876
122,deviant,9,40,84.4225431355493,13.07375,14.38189085864353,11.765609141356471
122,deviant,10,40,91.32836937464492,13.80125,15.216397744843924,12.386102255156075
122,deviant,11,40,91.92903441471064,12.8825,14.306955146067398,11.458044853932602
123,background,1,835,465.70331926984073,35.87874251497006,37.458142651793104,34.29934237814701
123,background,2,755,275.6468850960551,12.554172185430463,13.537290278993263,11.571054091867664
123,background,3,677,179.16525009639915,9.0294682422452,9.704284475703478,8.354652008786921
123,background,4,598,131.40888378204153,7.446321070234114,7.9729445397864405,6.919697600681787
123,background,5,518,104.87572846494383,6.558783783783784,7.010365330005088,6.107202237562479
123,background,6,438,85.51992688687731,6.013926940639269,6.414384357244105,5.613469524034434
123,background,7,358,68.53458596711744,5.504748603351955,5.859720814496845,5.149776392207065
123,background,8,280,55.88597413719437,5.2225,5.549802924231554,4.895197075768446
123,background,9,200,45.24954201571084,4.9825,5.296063328447969,4.668936671552031
123,background,10,120,35.90183985902614,4.844166666666666,5.165349376596536,4.522983956736796
123,background,11,40,18.95805619616215,4.75625,5.050008124187767,4.4624918758122325
123,deviant,1,39,103.3183633751828,35.83076923076923,37.45209875134948,34.209439710188974
123,deviant,2,40,194.4312759116485,35.76,38.772743833241854,32.74725616675814
123,deviant,3,40,187.16233454860574,32.33125,35.231360419903275,29.431139580096715
123,deviant,4,39,178.8698880250817,29.115384615384617,31.922310899580957,26.308458331188277
123,deviant,5,40,189.2592624445436,27.9025,30.83510265428079,24.96989734571921
123,deviant,6,40,178.9534120496464,27.73125,30.504161847963967,24.95833815203603
123,deviant,7,40,184.8668653240403,26.34,29.204541755765888,23.47545824423411
123,deviant,8,39,178.78684750871713,23.471794871794874,26.27741803778272,20.666171705807027
123,deviant,9,40,178.07341035001326,26.50375,29.263026080357236,23.744473919642765
123,deviant,10,40,183.83487298746064,24.66125,27.509800868839875,21.812699131160123
123,deviant,11,40,183.43396201645058,22.43375,25.276088688983904,19.591411311016095
124,background,1,840,229.5079691312195,19.184107142857144,19.96014731380825,18.408066971906038
124,background,2,760,142.38546643752505,7.482368421052631,7.988525064932808,6.9762117771724546
124,background,3,680,96.2523683919135,5.601985294117647,5.9637140577038075,5.240256530531486
124,background,4,600,72.38275456139218,4.708666666666667,4.998257997592454,4.41907533574088
124,background,5,520,57.55244747642204,4.238076923076923,4.485413417467641,3.9907404286862045
124,background,6,440,46.93133281721282,3.9076136363636365,4.126875259876404,3.6883520128508693
124,background,7,360,37.62533441012432,3.6395833333333334,3.8339201989537846,3.4452464677128822
124,background,8,280,31.423005317090453,3.4889285714285716,3.6729611786652128,3.3048959641919304
124,background,9,200,24.857435613175348,3.34575,3.518003240592846,3.1734967594071537
124,background,10,120,18.721504662876466,3.243333333333333,3.4108184434334943,3.075848223233172
124,background,11,40,9.55909597134968,3.04875,3.196869726643863,2.9006302733561373
124,deviant,1,40,49.522403223719174,19.6075,20.374857588021868,18.840142411978135
124,deviant,2,40,97.41645543476567,20.06875,21.578233615695325,18.559266384304678
124,deviant,3,40,92.05203048162203,17.10375,18.530110989869346,15.677389010130659
124,deviant,4,40,92.84973712515577,17.225,18.663721582370595,15.786278417629406
124,deviant,5,40,90.06022838546492,15.88625,17.281747696635787,14.490752303364212
124,deviant,6,40,84.41478107036642,13.56875,14.87677058419744,12.26072941580256
124,deviant,7,40,92.06659489052932,14.2425,15.669086667723455,12.815913332276544
124,deviant,8,40,88.21279594492543,14.24875,15.615621434392384,12.881878565607614
124,deviant,9,40,93.29803687222217,14.34125,15.786918058919111,12.89558194108089
124,deviant,10,40,89.85905630485999,13.47125,14.86363050295169,12.07886949704831
124,deviant,11,40,86.55416618632823,12.62125,13.962420700015082,11.280079299984918
125,background,1,837,459.57476340405657,36.00501792114695,37.561770231719706,34.4482656105742
125,background,2,757,274.82191362867405,12.655085865257595,13.633965955389105,11.676205775126085
125,background,3,678,180.53079632310005,9.082005899705015,9.761463759153745,8.402548040256285
125,background,4,598,138.9061117976341,7.5562709030100335,8.112939648923925,6.999602157096142
125,background,5,520,107.71951882942156,6.639038461538462,7.101972173882132,6.176104749194792
125,background,6,440,87.23015533632855,6.039090909090909,6.446627288950538,5.6315545292312805
125,background,7,360,72.16481501615444,5.600138888888889,5.972874020102645,5.227403757675133
125,background,8,280,57.85778844901112,5.316964285714286,5.655815377446953,4.978113193981618
125,background,9,200,46.45087954523913,5.0755,5.397388172801477,4.753611827198522
125,background,10,120,34.094682406807266,4.91,5.2150156352046535,4.604984364795347
125,background,11,40,18.642692938521517,4.78125,5.07012151988384,4.49237848011616
125,deviant,1,40,96.18660591732477,35.995,37.4854268999889,34.50457310001109
125,deviant,2,40,215.18040778550642,38.59875,41.93300496258554,35.26449503741446
125,deviant,3,40,192.14619571127554,31.37375,34.35108614870213,28.396413851297872
125,deviant,4,40,217.11367384027437,32.885,36.249211230460695,29.520788769539298
125,deviant,5,39,176.20902659237288,27.51794871794872,30.28311927692748,24.75277815896996
125,deviant,6,40,189.40065442003322,27.34625,30.28104354563934,24.411456454360664
125,deviant,7,40,182.70511904792323,27.95125,30.782295150181895,25.12020484981811
125,deviant,8,40,196.66691718687582,27.29125,30.338635453699787,24.243864546300216
125,deviant,9,40,167.54056068213515,21.33875,23.934817883864284,18.742682116135718
125,deviant,10,40,170.14702620473795,23.2625,25.8989554855655,20.626044514434497
125,deviant,11,40,170.96610159542402,22.96125,25.610397190234305,20.312102809765694
126,background,1,838,452.8071420535865,20.88084725536993,22.413759646017166,19.347934864722692
126,background,2,759,283.775666587832,9.181357048748353,10.190796654047457,8.17191744344925
126,background,3,679,202.0648215431454,6.7838733431516935,7.543817885135475,6.023928801167912
126,background,4,599,158.74679441438212,5.7376460767946575,6.373295458383998,5.101996695205317
126,background,5,519,132.69342386434272,5.118015414258188,5.688825708834487,4.54720511968189
126,background,6,440,107.33459735552972,4.630909090909091,5.13237275414925,4.129445427668932
126,background,7,360,89.69072591851106,4.310277777777777,4.773535176641885,3.8470203789136694
126,background,8,280,74.69474722601247,4.085357142857143,4.522815907229645,3.6478983784846415
126,background,9,200,58.494511663376095,3.87425,4.279596285421815,3.4689037145781856
126,background,10,120,42.68557009970515,3.6641666666666666,4.04603754385175,3.2822957894815827
126,background,11,40,20.375682100303575,3.47,3.7857244651507655,3.154275534849235
126,deviant,1,40,96.19856110095793,20.5475,22.038112147478518,19.05688785252148
126,deviant,2,39,95.85504407011771,16.04871794871795,17.552928890223566,14.544507007212335
126,deviant,3,40,90.62929118697019,13.775,15.17931541609951,12.370684583900491
126,deviant,4,40,81.52101763220007,12.08875,13.351931255173243,10.825568744826755
126,deviant,5,40,84.98721266043188,12.0925,13.409390503580708,10.77560949641929
126,deviant,6,40,72.80545453828522,10.00125,11.129382205881639,8.873117794118363
126,deviant,7,40,83.15750749410168,11.41875,12.707288928297023,10.130211071702975
126,deviant,8,40,76.84673742346892,10.41,11.6007525329542,9.2192474670458
126,deviant,9,40,77.57941601658061,10.06125,11.263355505374895,8.859144494625104
126,deviant,10,40,74.6319918702852,10.29125,11.447684695063828,9.134815304936172
126,deviant,11,40,72.9519849302482,9.03125,10.161652717828334,7.900847282171665
127,background,1,836,863.1432246827814,39.17117224880383,42.09671064801914,36.245633849588515
127,background,2,756,523.2247529554228,15.29642857142857,17.161319599345187,13.431537543511954
127,background,3,677,378.46931670111684,10.950443131462334,12.375927362575009,9.52495890034966
127,background,4,597,293.5932381266371,8.87755443886097,10.055119629014255,7.699989248707685
127,background,5,518,228.64898402297104,7.7662162162162165,8.750749656492035,6.781682775940398
127,background,6,438,189.90863454220337,6.955936073059361,7.845206257776885,6.066665888341836
127,background,7,358,154.73261317171432,6.4526536312849165,7.254085157553179,5.651222105016654
127,background,8,278,135.33538262211286,5.987589928057554,6.783043859913708,5.1921359962014
127,background,9,198,101.4586252202293,5.7161616161616164,6.422775967690288,5.009547264632945
127,background,10,119,62.07794336663853,5.134033613445379,5.691719835796818,4.576347391093939
127,background,11,40,42.25271713467854,5.17875,5.833462635034397,4.5240373649656025
127,deviant,1,40,189.96830067976578,37.60875,40.552339315560886,34.665160684439115
127,deviant,2,40,197.91141692021813,29.30125,32.36791917685347,26.234580823146526
127,deviant,3,39,199.02660493935028,27.120512820512822,30.243749575602017,23.997276065423627
127,deviant,4,40,184.09193927291645,24.055,26.907534152201105,21.202465847798894
127,deviant,5,39,156.68496720288266,21.73846153846154,24.197249642127947,19.279673434795132
127,deviant,6,40,156.96644797367904,18.98625,21.418470309933422,16.554029690066574
127,deviant,7,40,153.72630326586753,19.44125,21.82326374752982,17.059236252470182
127,deviant,8,40,177.24145736967498,19.11625,21.862634835369466,16.369865164630536
127,deviant,9,40,141.06381534610497,17.6225,19.808306464442815,15.436693535557183
127,deviant,10,39,154.8374784632006,17.926923076923078,20.35671935440551,15.497126799440647
127,deviant,11,39,149.15332979680232,18.464102564102564,20.804700002858404,16.123505125346725
128,background,1,838,233.84680095265253,19.50739856801909,20.29905273024765,18.715744405790534
128,background,2,758,146.2792840677326,7.896767810026385,8.41745188970602,7.37608373034675
128,background,3,678,97.26154376081448,5.835176991150442,6.201237085474339,5.469116896826546
128,background,4,598,74.8122738311667,4.9469063545150505,5.246717889901153,4.647094819128948
128,background,5,519,58.71496715847717,4.40616570327553,4.658741201922936,4.153590204628124
128,background,6,439,49.09236729182845,4.062756264236902,4.2923752479132276,3.8331372805605763
128,background,7,359,40.11486796162923,3.7759052924791088,3.9833891044709717,3.568421480487246
128,background,8,279,32.68687166045978,3.5727598566308245,3.764537214889143,3.380982498372506
128,background,9,199,27.298110595886737,3.4736180904522613,3.6632590422821587,3.283977138622364
128,background,10,120,19.918848518822305,3.31625,3.4944467100036936,3.1380532899963067
128,background,11,40,10.357046927219725,3.2199999999999998,3.380484104803986,3.0595158951960135
128,deviant,1,40,48.76924721260531,19.66625,20.42193731472189,18.910562685278112
128,deviant,2,40,93.0893458769019,19.63,21.07243435844445,18.187565641555548
128,deviant,3,40,87.67795437971012,17.99375,19.352333978478676,16.63516602152132
128,deviant,4,40,97.39358565283337,17.485,18.994129244752887,15.975870755247112
128,deviant,5,39,89.04537577756871,16.56153846153846,17.958888281096407,15.164188641980516
128,deviant,6,40,92.18379809694838,15.68,17.108402750222115,14.251597249777884
128,deviant,7,40,95.12652239600635,15.05125,16.52525073564575,13.57724926435425
128,deviant,8,40,86.64848830946671,14.51625,15.858882236455099,13.1736177635449
128,deviant,9,40,90.4216438924361,14.3225,15.72359788793608,12.92140211206392
128,deviant,10,40,85.4438874041721,13.7625,15.086466752047162,12.438533247952837
128,deviant,11,40,85.36583810746235,12.68,14.002757365665015,11.357242634334984
129,background,1,835,468.7629633295208,36.347185628742515,37.936962333750785,34.757408923734246
129,background,2,755,286.4587919294575,13.284834437086092,14.306514117260432,12.263154756911751
129,background,3,675,187.8127356816107,9.578592592592592,10.287026318145642,8.870158867039542
129,background,4,596,143.60113802510497,7.881291946308725,8.457740863164554,7.304843029452894
129,background,5,516,106.94494402556666,6.928875968992248,7.390258856174089,6.467493081810407
129,background,6,437,87.29045585979333,6.182951945080092,6.592167486029595,5.773736404130588
129,background,7,357,73.7367294037232,5.822128851540616,6.204579884445038,5.439677818636194
129,background,8,278,62.165187414788576,5.469064748201439,5.834449925348665,5.103679571054213
129,background,9,199,47.87920656248004,5.1731155778894475,5.505734140389415,4.84049701538948
129,background,10,119,37.96480364481653,4.954621848739496,5.295684177463006,4.613559520015986
129,background,11,40,18.70427758562196,4.64125,4.931075783877143,4.351424216122858
129,deviant,1,40,102.73275242615,35.82125,37.41311049102763,34.22938950897237
129,deviant,2,40,198.79236721553946,39.4725,42.55281964310267,36.39218035689732
129,deviant,3,40,198.01138989036917,35.25,38.31821827407511,32.18178172592489
129,deviant,4,39,183.38994261581408,29.944871794871794,32.82272930274593,27.067014286997658
129,deviant,5,40,193.58166371409195,29.54625,32.54582895584837,26.546671044151626
129,deviant,6,39,179.8720451642749,27.343589743589742,30.1662424378932,24.520937049286285
129,deviant,7,40,191.25353797897097,27.6525,30.616004273837415,24.688995726162585
129,deviant,8,40,160.76974381492246,23.1925,25.683652989554922,20.701347010445076
129,deviant,9,39,165.63699211798894,23.726923076923075,26.326191360391846,21.127654793454305
129,deviant,10,40,196.73055979662828,26.83125,29.879621606154757,23.782878393845245
129,deviant,11,39,176.03381852120884,24.27179487179487,27.03421596776684,21.5093737758229
130,background,1,840,236.40887862924438,19.74535714285714,20.544731505674605,18.945982780039678
130,background,2,760,150.6003337523386,7.952302631578948,8.487661762019165,7.41694350113873
130,background,3,680,100.00107894154782,5.872794117647059,6.248611016983192,5.496977218310926
130,background,4,600,75.97485733694023,4.9896666666666665,5.2936294018018755,4.6857039315314575
130,background,5,520,60.62850640972183,4.462115384615385,4.72267150156713,4.201559267663639
130,background,6,440,49.52973588504289,4.078863636363637,4.310264912449493,3.84746236027778
130,background,7,360,42.17151695285888,3.843888888888889,4.061707030616104,3.6260707471616738
130,background,8,280,33.38921193565687,3.6226785714285716,3.8182265040368413,3.427130638820302
130,background,9,200,28.121072825233846,3.5255,3.7203690926318433,3.330630907368157
130,background,10,120,20.1914520736401,3.365,3.545635458235447,3.1843645417645536
130,background,11,40,10.481813824554965,3.2175000000000002,3.379917387907628,3.0550826120923724
130,deviant,1,40,49.243621013551746,19.82125,20.58428781292107,19.05821218707893
130,deviant,2,40,92.65477804590998,20.51375,21.949450660139963,19.07804933986004
130,deviant,3,40,91.16399335379363,18.495,19.90760071201276,17.082399287987243
130,deviant,4,40,103.08108714170503,17.5725,19.16975799336501,15.975242006634991
130,deviant,5,40,88.13424270306123,16.30125,17.666904239299168,14.935595760700831
130,deviant,6,40,94.39594661235252,16.2725,17.73518034659518,14.809819653404823
130,deviant,7,40,88.48951766645642,15.32,16.691159281890982,13.94884071810902
130,deviant,8,40,92.00875244407887,14.0125,15.438190389729979,12.58680961027002
130,deviant,9,40,90.30575257074392,14.15125,15.550552133301867,12.751947866698131
130,deviant,10,40,84.74084331841281,12.1425,13.455572971075265,10.829427028924735
130,deviant,11,40,85.82919083854863,12.77125,14.101187090617447,11.441312909382553
131,background,1,837,473.56308699942076,36.768876941457584,38.3730129571686,35.16474092574657
131,background,2,757,279.46746350495744,13.259577278731836,14.255004216316532,12.26415034114714
131,background,3,678,188.95115631740444,9.608038348082596,10.319187641314615,8.896889054850577
131,background,4,598,140.8174443440121,7.833110367892977,8.397438813425895,7.268781922360059
131,background,5,518,113.57976561824174,6.976061776061776,7.4651217990821035,6.487001753041449
131,background,6,438,89.08256076011145,6.227511415525115,6.644651296780222,5.810371534270007
131,background,7,358,72.69096447144908,5.816899441340782,6.193399452606119,5.440399430075445
131,background,8,278,58.942657236548676,5.47158273381295,5.818027008358499,5.125138459267401
131,background,9,199,47.054056260075136,5.1904522613065325,5.5173384751078185,4.8635660475052465
131,background,10,119,34.67275587547088,4.96218487394958,5.273672613298508,4.650697134600652
131,background,11,40,21.71399015430035,4.85125,5.187711763292495,4.514788236707505
131,deviant,1,40,103.16212330216224,36.67875,38.27726366168042,35.08023633831958
131,deviant,2,40,190.30615915026584,36.43125,39.38007448679934,33.48242551320066
131,deviant,3,39,181.46137039978626,31.00128205128205,33.84887532572982,28.153688776834283
131,deviant,4,40,194.18540380943048,30.12375,33.132684005546956,27.114815994453046
131,deviant,5,40,199.31176979533188,32.17125,35.259617869458765,29.082882130541236
131,deviant,6,40,197.07982619927597,28.3475,31.401283545133204,25.293716454866797
131,deviant,7,40,174.42073301435,25.64125,28.343927258659214,22.938572741340785
131,deviant,8,40,181.35295623959954,24.995,27.8050931703977,22.1849068296023
131,deviant,9,40,180.68992777684096,26.06375,28.863569437928096,23.263930562071902
131,deviant,10,40,200.08037200874526,25.66125,28.761527484143024,22.560972515856974
131,deviant,11,39,181.84715241681755,23.696153846153845,26.54980102769314,20.84250666461455
132,background,1,837,457.6854499026941,20.561230585424134,22.111583081662317,19.01087808918595
132,background,2,757,279.2573139031833,9.103566710700132,10.098245122599925,8.10888829880034
132,background,3,678,208.09425369541708,6.828244837758112,7.611442381109209,6.0450472944070155
132,background,4,599,158.11038782079467,5.647579298831386,6.28068039930963,5.0144781983531415
132,background,5,519,132.00897098702285,5.055491329479769,5.623357297674634,4.487625361284904
132,background,6,440,106.13830351802414,4.594204545454546,5.090079163737652,4.09832992717144
132,background,7,360,86.35937763360245,4.2347222222222225,4.680773028928972,3.788671415515472
132,background,8,280,76.65594700038815,4.119821428571429,4.568766195130805,3.670876662012053
132,background,9,200,60.58059008244176,3.91925,4.339052071344655,3.4994479286553446
132,background,10,120,44.501448823250925,3.720833333333333,4.118949306915219,3.3227173597514477
132,background,11,40,25.55298931941026,3.6237500000000002,4.019697671648933,3.227802328351068
132,deviant,1,39,96.43388790690805,19.97179487179487,21.4850893544033,18.45850038918644
132,deviant,2,40,92.60248945158861,14.27,15.70489043997681,12.83510956002319
132,deviant,3,39,79.77869059895762,12.524358974358975,13.776290789341612,11.272427159376338
132,deviant,4,40,83.3801219526699,12.75375,14.045738375069911,11.461761624930089
132,deviant,5,40,85.21719927709182,12.31125,13.631704183126715,10.990795816873284
132,deviant,6,39,76.83613801632119,11.057692307692308,12.263447942446813,9.851936672937804
132,deviant,7,40,81.1704995672689,10.71875,11.97649992148678,9.46100007851322
132,deviant,8,40,75.31311830932034,10.33875,11.505738858581191,9.171761141418807
132,deviant,9,40,70.00654104777414,9.3675,10.45226259202308,8.282737407976919
132,deviant,10,40,69.69386063726357,9.74375,10.823667558866124,8.663832441133877
132,deviant,11,40,70.72195371199884,9.7325,10.828348026103889,8.636651973896111
133,background,1,839,864.17507363655,38.65709177592372,41.580886180244555,35.73329737160288
133,background,2,759,516.024384878732,14.874110671936759,16.709699528656003,13.038521815217514
133,background,3,679,372.98584352986416,10.677245949926363,12.080006479260827,9.274485420591898
133,background,4,599,291.7834137272299,8.763188647746244,9.93153946187101,7.594837833621477
133,background,5,519,233.14718075657015,7.734971098265896,8.737905584780817,6.732036611750974
133,background,6,440,191.0138600647662,7.017045454545454,7.909455845581276,6.124635063509633
133,background,7,360,154.28149256268046,6.318333333333333,7.1152054982703845,5.521461168396282
133,background,8,280,130.3633484978771,6.071607142857143,6.835095761150277,5.3081185245640095
133,background,9,200,98.35947764249902,5.55425,6.235846405622781,4.872653594377218
133,background,10,120,69.17456940691123,5.325833333333334,5.944678377141244,4.706988289525423
133,background,11,40,42.80761737428466,5.30875,5.9720609033279075,4.645439096672092
133,deviant,1,40,197.48177797351062,39.5125,42.57251185240223,36.452488147597776
133,deviant,2,40,196.49756928990777,29.7225,32.76726138085003,26.67773861914997
133,deviant,3,40,175.03150844167578,25.03625,27.748391321956355,22.324108678043643
133,deviant,4,40,176.9205664757641,24.06625,26.807662579454153,21.324837420545848
133,deviant,5,40,173.0966873105743,21.7975,24.479660957923763,19.115339042076236
133,deviant,6,39,143.87499142621954,19.206410256410255,21.464177058478978,16.948643454341532
133,deviant,7,40,170.94247262564215,19.80125,22.450031055554263,17.152468944445737
133,deviant,8,40,125.67950048478576,15.44,17.387424035948378,13.492575964051621
133,deviant,9,40,147.42768967941714,18.19625,20.48066571886094,15.91183428113906
133,deviant,10,40,154.0511876651804,18.44,20.827047883452433,16.05295211654757
133,deviant,11,40,143.7040727547963,17.07375,19.30046767684375,14.847032323156252
134,background,1,834,232.2269930817462,19.31121103117506,20.099264616536797,18.52315744581332
134,background,2,754,145.43457563273483,7.857957559681697,8.37700621560679,7.338908903756604
134,background,3,674,96.82565721303862,5.84933234421365,6.214831670612484,5.483833017814816
134,background,4,594,74.48523343589653,4.974158249158249,5.273662531517475,4.674653966799022
134,background,5,515,58.92374644179408,4.425339805825243,4.679795874557481,4.170883737093005
134,background,6,436,47.45416070716093,4.077637614678899,4.300356542774193,3.8549186865836043
134,background,7,357,39.29674554624488,3.824229691876751,4.028050515575838,3.620408868177663
134,background,8,278,32.66359634693935,3.6485611510791367,3.840546318884691,3.4565759832735825
134,background,9,199,26.364499655886956,3.451507537688442,3.6346626608864105,3.2683524144904736
134,background,10,119,20.61514517354452,3.3899159663865546,3.5751151178333,3.2047168149398093
134,background,11,40,9.967315005609716,3.1925,3.346945146113093,3.0380548538869068
134,deviant,1,40,48.91959030684409,19.33,20.08801690510242,18.571983094897575
134,deviant,2,40,91.03090857389853,19.105,20.515538541983542,17.69446145801646
134,deviant,3,40,91.15440919554835,17.3425,18.754952203942157,15.930047796057845
134,deviant,4,40,93.54149093485623,15.975,17.42444041870248,14.52555958129752
134,deviant,5,39,88.24609727467003,16.023076923076925,17.407884017512433,14.638269828641414
134,deviant,6,40,89.37708407581184,15.17,16.55491226588926,13.78508773411074
134,deviant,7,40,90.96225359426496,14.7775,16.186974722052604,13.368025277947396
134,deviant,8,40,91.17334559710102,15.575000000000001,16.987745626524166,14.162254373475836
134,deviant,9,39,85.98153106458692,13.065384615384616,14.414654870793907,11.716114359975325
134,deviant,10,40,90.10613624761459,13.5275,14.923709046329607,12.131290953670392
134,deviant,11,39,78.11767439338922,11.424358974358974,12.650225194414688,10.19849275430326
135,background,1,839,467.2695660626968,36.3030989272944,37.88402874608032,34.72216910850848
135,background,2,759,278.1262729125218,13.034189723320159,14.02353344869286,12.044845997947458
135,background,3,679,181.36018973593028,9.340574374079528,10.022650973412455,8.658497774746602
135,background,4,599,136.75000240546518,7.812186978297162,8.359757433385983,7.264616523208341
135,background,5,519,110.18916748745738,6.95587668593449,7.429879913230325,6.481873458638654
135,background,6,439,91.65806020203573,6.355353075170843,6.784063927597757,5.926642222743929
135,background,7,359,75.14617334516146,5.781894150417827,6.170568357626215,5.393219943209439
135,background,8,279,57.54981823557193,5.410931899641577,5.748582814177249,5.073280985105905
135,background,9,199,46.153262985519525,5.198241206030151,5.5188695766965195,4.877612835363782
135,background,10,119,32.52104581732623,4.847478991596638,5.139636531057418,4.555321452135859
135,background,11,40,19.664220781596416,4.74625,5.05095025780308,4.44154974219692
135,deviant,1,40,101.50759629339649,37.09125,38.664126500070395,35.51837349992961
135,deviant,2,40,205.2036087709755,39.675,42.8546628602317,36.495337139768296
135,deviant,3,40,207.48284012748724,35.39625,38.61122991599686,32.181270084003145
135,deviant,4,40,178.01221129018384,29.02,31.778327791100597,26.2616722088994
135,deviant,5,40,164.6068921624135,24.03875,26.589360219195235,21.488139780804765
135,deviant,6,40,182.51291230456746,26.6425,29.47056687583772,23.814433124162278
135,deviant,7,40,166.97662931333267,24.9425,27.529829676774064,22.355170323225934
135,deviant,8,40,169.40375314303805,23.64,26.26493835015325,21.01506164984675
135,deviant,9,40,168.22090739325637,24.62,27.226609965372447,22.013390034627555
135,deviant,10,40,180.94220507926659,25.39875,28.202478515228474,22.595021484771525
135,deviant,11,39,192.96057001094124,25.326923076923077,28.354968220559947,22.298877933286207
136,background,1,836,227.874030297905,19.376913875598085,20.14927031281102,18.60455743838515
136,background,2,756,142.60827834537372,7.787698412698413,8.295986480666752,7.279410344730074
136,background,3,676,96.9606132732039,5.831139053254438,6.196605980207283,5.465672126301592
136,background,4,596,73.23969300576668,4.929026845637584,5.223028287998346,4.635025403276822
136,background,5,517,59.20777420504666,4.438781431334623,4.693969014688026,4.18359384798122
136,background,6,437,48.052849195333614,4.07700228832952,4.3022728804457735,3.8517316962132657
136,background,7,358,40.55876178946711,3.8308659217877095,4.040938444303768,3.620793399271651
136,background,8,278,32.46909461723807,3.6053956834532372,3.796237638281918,3.4145537286245564
136,background,9,198,25.53810362658326,3.43989898989899,3.6177605614923345,3.262037418305645
136,background,10,118,18.980738158792235,3.3796610169491523,3.5508982375731435,3.208423796325161
136,background,11,40,9.88486349505088,3.2225,3.3756675467206456,3.0693324532793547
136,deviant,1,40,47.896516739628076,19.01625,19.75841421593947,18.274085784060528
136,deviant,2,40,92.59544151562584,19.935,21.369781231077624,18.500218768922373
136,deviant,3,40,105.92025302084582,19.9375,21.578751324447296,18.296248675552704
136,deviant,4,40,95.45482535844128,18.12625,19.605337842752736,16.647162157247262
136,deviant,5,40,84.75593442970606,14.775,16.0883068102674,13.461693189732598
136,deviant,6,40,92.87885431543269,15.59625,17.035422757908258,14.157077242091741
136,deviant,7,40,92.59417680905948,15.51125,16.946011634246354,14.076488365753649
136,deviant,8,40,96.86598175341346,15.08375,16.584703937632575,13.582796062367423
136,deviant,9,40,92.06425101954328,14.97,16.396550349066256,13.543449650933747
136,deviant,10,40,88.61543170826457,13.9325,15.305610340182385,12.559389659817613
136,deviant,11,39,81.15526055524359,12.437179487179487,13.71071320751912,11.163645766839853
137,background,1,838,463.0255079934922,36.379713603818615,37.94721877869273,34.8122084289445
137,background,2,758,277.21369773250075,13.22816622691293,14.214914008721875,12.241418445103983
137,background,3,678,183.07144133255446,9.538643067846607,10.227663069904256,8.849623065788958
137,background,4,599,138.69223785816303,7.939232053422371,8.494579552255367,7.3838845545893745
137,background,5,519,113.53931616752624,7.03747591522158,7.525890552663102,6.549061277780058
137,background,6,439,87.82546987004822,6.2957858769931665,6.706570612888617,5.885001141097716
137,background,7,359,71.3406948160873,5.839275766016713,6.208267116673741,5.470284415359685
137,background,8,279,58.77803922160759,5.528673835125448,5.873530853032104,5.183816817218792
137,background,9,199,45.789535692638,5.236934673366834,5.5550362175048145,4.918833129228854
137,background,10,119,32.75362575349483,4.902521008403362,5.196767963507804,4.60827405329892
137,background,11,40,18.9885006752702,4.8625,5.156729866278946,4.568270133721054
137,deviant,1,40,104.91634512164543,36.36875,37.994445610387004,34.74305438961299
137,deviant,2,40,216.67750715121113,41.7925,45.14995275759372,38.43504724240628
137,deviant,3,40,192.89800959383473,34.255,37.2439856255047,31.26601437449531
137,deviant,4,40,200.00128289062232,29.423750000000002,32.52280198556115,26.324698014438848
137,deviant,5,40,183.12202575274628,27.39875,30.23625518650117,24.561244813498828
137,deviant,6,40,193.4514218908172,29.5075,32.50506083788838,26.509939162111618
137,deviant,7,40,200.01335481728003,28.9925,32.09173904200268,25.89326095799732
137,deviant,8,40,197.48884045753866,29.1725,32.232621286726015,26.112378713273984
137,deviant,9,40,178.30500184854748,24.31,27.072864627805522,21.547135372194475
137,deviant,10,40,157.22819487343196,21.2875,23.723776120164587,18.851223879835416
137,deviant,11,39,157.30156254451947,21.54230769230769,24.010771754796806,19.073843629818576
138,background,1,835,461.55797662858515,20.280299401197606,21.845640899261017,18.714957903134195
138,background,2,756,279.88326513970617,8.667989417989418,9.665556499964827,7.670422336014008
138,background,3,676,201.04431954435475,6.34741124260355,7.105193677809194,5.589628807397905
138,background,4,596,163.21625144832277,5.431963087248322,6.08715170660457,4.776774467892074
138,background,5,517,139.9378809555004,4.950483558994197,5.55362073380099,4.347346384187404
138,background,6,438,111.2640529267391,4.444292237442922,4.96529964259381,3.923284832292034
138,background,7,358,92.69356702825206,4.1266759776536315,4.606778687586289,3.6465732677209743
138,background,8,278,72.89361389976781,3.8780575539568347,4.306500660706515,3.4496144472071544
138,background,9,198,54.244378801668915,3.63989898989899,4.0176870435791665,3.262110936218814
138,background,10,119,47.42509329125469,3.6752100840336133,4.101260299100469,3.249159868966758
138,background,11,39,18.12565788279726,3.2858974358974358,3.570335392958381,3.0014594788364906
138,deviant,1,39,90.77592423684062,19.34102564102564,20.765532194509227,17.916519087542056
138,deviant,2,40,95.22574287062905,13.9875,15.463038172828371,12.51196182717163
138,deviant,3,40,84.01101118305861,12.15875,13.460514104974475,10.856985895025524
138,deviant,4,40,80.41522178503796,10.75625,12.002296771002724,9.510203228997275
138,deviant,5,39,76.12807767523304,10.42051282051282,11.615157176537624,9.225868464488018
138,deviant,6,39,82.3014196974179,10.867948717948718,12.159468608333864,9.576428827563571
138,deviant,7,40,74.35952846598889,10.16375,11.315962830874392,9.011537169125608
138,deviant,8,40,73.8263075347164,9.53125,10.675200486943796,8.387299513056204
138,deviant,9,40,65.3348863044932,8.5375,9.549874551812664,7.525125448187334
138,deviant,10,40,77.96105640503772,10.22,11.428019084460612,9.01198091553939
138,deviant,11,40,66.06551771975263,8.27,9.293695802883896,7.246304197116103
139,background,1,840,870.8360456601764,38.33970238095238,41.28427879937785,35.39512596252691
139,background,2,760,504.5558442828701,14.125526315789473,15.919138397008469,12.331914234570478
139,background,3,680,364.4636578518314,10.253235294117648,11.622936533987696,8.8835340542476
139,background,4,600,285.3363481559042,8.4085,9.550083148150126,7.266916851849874
139,background,5,520,245.65647280619123,7.528942307692308,8.584671707092118,6.473212908292497
139,background,6,440,184.04340163181755,6.559772727272727,7.419617368714579,5.699928085830875
139,background,7,360,152.03155835826357,6.160555555555556,6.945806689929196,5.375304421181916
139,background,8,280,135.1858175370401,5.839285714285714,6.631017702098709,5.04755372647272
139,background,9,200,102.33068171888935,5.53,6.239115445875315,4.820884554124685
139,background,10,120,82.54354512683148,5.416666666666667,6.155112373492717,4.678220959840617
139,background,11,40,47.58286400972961,5.29875,6.03605411653751,4.56144588346249
139,deviant,1,40,193.0028019976585,40.73625,43.72685940062477,37.74564059937523
139,deviant,2,40,188.0507700203941,28.35375,31.267626870163475,25.439873129836528
139,deviant,3,40,175.28012917672817,23.62875,26.34474374015828,20.91275625984172
139,deviant,4,40,195.32247290328016,25.1,28.126553073695344,22.07344692630466
139,deviant,5,40,151.95754254673278,18.625,20.979606516239134,16.270393483760866
139,deviant,6,40,171.23557180863904,20.7925,23.445822674447427,18.139177325552573
139,deviant,7,40,161.55850333547906,19.37375,21.87712494494932,16.870375055050683
139,deviant,8,40,153.88715961618385,18.005,20.389506242501014,15.620493757498982
139,deviant,9,40,147.70864814506325,17.86625,20.155019215389746,15.577480784610255
139,deviant,10,40,147.84008964169072,16.05875,18.349555922480924,13.767944077519076
139,deviant,11,40,128.76175470101444,15.0875,17.082684059837984,13.092315940162017
140,background,1,838,229.2315767722101,19.098448687350835,19.87447868274375,18.32241869195792
140,background,2,758,145.7744201804533,7.5640501319261215,8.082937138355181,7.045163125497062
140,background,3,678,95.93287126670229,5.584365781710915,5.945425194781834,5.223306368639995
140,background,4,598,72.23752851749423,4.726003344481605,5.015496541630022,4.4365101473331885
140,background,5,518,58.50685969678212,4.243629343629344,4.495552439212487,3.9917062480462007
140,background,6,439,46.80429579924432,3.8986332574031892,4.1175502790498,3.6797162357565782
140,background,7,360,38.840598672821166,3.667361111111111,3.8679748816791366,3.4667473405430855
140,background,8,280,30.870229228685357,3.494464285714286,3.67525949335338,3.3136690780751916
140,background,9,200,24.86950150813559,3.37225,3.544586852979091,3.1999131470209092
140,background,10,120,17.640488715034603,3.254583333333333,3.4123975287124493,3.096769137954217
140,background,11,40,9.521582133017047,3.10125,3.248788443696621,2.9537115563033787
140,deviant,1,40,49.57644283538832,19.61125,20.379444940479917,18.84305505952008
140,deviant,2,40,92.53628022508111,18.822499999999998,20.256364517383187,17.38863548261681
140,deviant,3,40,95.65845218110216,17.63375,19.115993073059062,16.151506926940936
140,deviant,4,40,96.40097182301149,16.7775,18.27124853411071,15.28375146588929
140,deviant,5,40,95.72854988538107,16.06375,17.54707924823999,14.58042075176001
140,deviant,6,40,98.80966551911813,15.38125,16.912321629611103,13.850178370388896
140,deviant,7,39,86.07800929511862,14.514102564102565,15.864886809843723,13.163318318361407
140,deviant,8,40,85.41530122999347,13.3075,14.631023804689189,11.98397619531081
140,deviant,9,40,90.64675510202399,13.51125,14.915836022266834,12.106663977733167
140,deviant,10,40,78.33601712461113,11.7625,12.976329161004653,10.548670838995346
140,deviant,11,40,88.97836815765955,13.65125,15.0299840987297,12.272515901270298
141,background,1,839,467.2832680843377,36.098927294398095,37.679903471723414,34.517951117072776
141,background,2,759,283.56696507916865,12.73274044795784,13.741437665542508,11.724043230373171
141,background,3,679,178.0681936196,8.974594992636229,9.64429074080599,8.304899244466467
141,background,4,599,135.91118423441108,7.535475792988314,8.079687476306887,6.991264109669741
141,background,5,520,107.43490072940378,6.626538461538462,7.088249003605535,6.164827919471389
141,background,6,440,84.37277872319771,6.043522727272728,6.437709538782729,5.649335915762727
141,background,7,360,71.52345953012824,5.600833333333333,5.9702558291417995,5.231410837524867
141,background,8,280,58.485355791901156,5.2525,5.595026515300948,4.909973484699052
141,background,9,200,44.584780268371254,4.95075,5.259706764561679,4.641793235438321
141,background,10,120,32.89756829919196,4.74875,5.043056090660727,4.454443909339274
141,background,11,40,17.555850726662097,4.63125,4.903280725335054,4.359219274664945
141,deviant,1,40,101.0012636710942,35.13375,36.698780794803795,33.5687192051962
141,deviant,2,40,174.63027108421772,32.31,35.01592408468997,29.60407591531003
141,deviant,3,40,197.22775373183478,34.20625,37.26232570599772,31.150174294002277
141,deviant,4,40,205.4241184015466,32.255,35.43807969235688,29.071920307643126
141,deviant,5,40,207.43960440013427,30.46,33.67430997146069,27.245690028539318
141,deviant,6,40,161.69071353081864,24.48125,26.986673563150443,21.975826436849555
141,deviant,7,40,174.2004516883382,24.78875,27.488013964149836,22.089486035850165
141,deviant,8,40,175.77792508551357,25.0725,27.79620716767849,22.348792832321514
141,deviant,9,40,158.27468627607345,22.19625,24.64874167244683,19.74375832755317
141,deviant,10,40,169.69572615031944,22.98125,25.61071251877291,20.35178748122709
141,deviant,11,40,171.71665002188004,21.87875,24.539527058591403,19.217972941408597
142,background,1,838,228.65010617236024,19.18752983293556,19.961591344608753,18.413468321262368
142,background,2,758,144.0079402050639,7.512467018469657,8.02506620358403,6.9998678333552835
142,background,3,678,96.8755169765493,5.601843657817109,5.966450875746125,5.237236439888092
142,background,4,598,72.53385779286657,4.770484949832776,5.061165691891667,4.479804207773884
142,background,5,518,57.171510203486555,4.2632239382239385,4.50939718874994,4.017050687697937
142,background,6,438,47.047512379005035,3.91986301369863,4.140168689239045,3.6995573381582156
142,background,7,358,40.921651713333475,3.7294692737430166,3.9414213704457324,3.517517177040301
142,background,8,278,31.800984758006283,3.5217625899280574,3.708677629236636,3.334847550619479
142,background,9,198,24.844887221571994,3.3464646464646464,3.519498273076154,3.1734310198531386
142,background,10,119,18.82572428186608,3.299579831932773,3.4687034608483835,3.1304562030171623
142,background,11,39,10.87754809833443,3.307692307692308,3.4783888737937163,3.1369957415908996
142,deviant,1,40,50.25990344933864,19.1875,19.96628527241231,18.40871472758769
142,deviant,2,40,90.96333847967774,19.25375,20.663241532526236,17.844258467473765
142,deviant,3,40,99.89767132842539,18.40375,19.95168045428914,16.855819545710858
142,deviant,4,40,92.64953773282012,17.45,18.88561946064738,16.01438053935262
142,deviant,5,40,95.55947445384335,16.08625,17.566959397285817,14.605540602714182
142,deviant,6,40,97.10555840776681,15.785,17.289666216352177,14.280333783647823
142,deviant,7,40,90.31281893041482,14.1425,15.541911627679365,12.743088372320635
142,deviant,8,40,89.7318373353569,14.60125,15.991659224596164,13.210840775403836
142,deviant,9,40,83.69851913423055,12.025,13.32192199051203,10.728078009487971
142,deviant,10,40,84.55843510477486,12.99375,14.303996526522074,11.683503473477927
142,deviant,11,40,86.90833041047816,12.7125,14.059158531523979,11.365841468476022
143,background,1,838,460.74400073199695,36.13287589498807,37.692657360526155,34.57309442944998
143,background,2,758,275.1047934304692,12.679683377308708,13.658924471464415,11.700442283153
143,background,3,678,181.6127821260907,9.107005899705015,9.790535993767602,8.423475805642429
143,background,4,599,136.7071206708168,7.612020033388982,8.159418782660302,7.0646212841176625
143,background,5,519,108.25655443873767,6.674084778420038,7.13977444057063,6.208395116269447
143,background,6,439,86.0405045374133,6.050113895216401,6.452549839880402,5.6476779505524
143,background,7,359,70.78811972878529,5.628133704735376,5.994267003219957,5.262000406250794
143,background,8,280,58.77139028293845,5.342678571428571,5.686880282103546,4.9984768607535965
143,background,9,200,46.443287430676385,5.1105,5.432335562131707,4.788664437868293
143,background,10,120,34.58646677835893,4.920416666666666,5.2298318713022,4.611001462031132
143,background,11,40,18.710818711165615,4.7225,5.01242713966752,4.43257286033248
143,deviant,1,40,103.33359366124535,36.1175,37.71867062242138,34.51632937757862
143,deviant,2,40,191.77067582209528,36.46625,39.437767407735265,33.49473259226474
143,deviant,3,40,192.94811137767206,33.595,36.58476196068833,30.605238039311665
143,deviant,4,40,198.09993490793053,31.0775,34.14709029333678,28.007909706663224
143,deviant,5,40,197.9967968906249,29.095,32.16299215320138,26.027007846798615
143,deviant,6,40,184.1388777955092,26.5475,29.400761472143948,23.69423852785605
143,deviant,7,40,179.4572005858368,25.55375,28.334468132207842,22.77303186779216
143,deviant,8,39,178.0157813820242,25.283333333333335,28.07685649857894,22.48981016808773
143,deviant,9,40,182.79694659433054,23.94375,26.776218032754997,21.111281967245006
143,deviant,10,40,165.06855035345006,21.985,24.542763686977562,19.427236313022437
143,deviant,11,40,192.8534076497101,23.85,26.83829451122032,20.861705488779684
144,background,1,840,458.07871077267725,20.892738095238094,22.441649369921738,19.34382682055445
144,background,2,760,295.8612672751947,9.360263157894737,10.412000739299197,8.308525576490277
144,background,3,680,215.5600294947777,6.824117647058824,7.634219925584088,6.014015368533559
144,background,4,600,167.76387698504303,5.56175,6.23294529661119,4.89055470338881
144,background,5,520,136.14510447931727,4.8567307692307695,5.441825832028364,4.271635706433175
144,background,6,440,108.76923907254778,4.369318181818182,4.8774844433684645,3.8611519202678988
144,background,7,360,85.3397544185037,3.9530555555555558,4.393839953794643,3.512271157316469
144,background,8,280,75.48159413149395,3.8544642857142857,4.296531313556516,3.4123972578720556
144,background,9,200,58.990565704231585,3.68675,4.095533764547829,3.2779662354521713
144,background,10,120,39.02910519896118,3.41625,3.765409648172982,3.0670903518270176
144,background,11,40,23.39196893222791,3.3425,3.7049623138305114,2.980037686169488
144,deviant,1,40,100.78021944597533,20.855,22.416605679050285,19.293394320949716
144,deviant,2,40,101.82566370750395,15.65625,17.234055005712882,14.078444994287116
144,deviant,3,40,89.76621683133652,13.065,14.455941940405474,11.674058059594525
144,deviant,4,40,89.37343300061707,12.74,14.124855691892993,11.355144308107008
144,deviant,5,40,80.90860665948307,11.02375,12.277441848837706,9.770058151162294
144,deviant,6,40,75.86296509947532,10.77,11.9455088228642,9.594491177135799
144,deviant,7,40,81.43680145719715,10.727500000000001,11.989376312021946,9.465623687978056
144,deviant,8,40,85.05041848345326,10.685,12.00286988795516,9.36713011204484
144,deviant,9,40,74.92152034313183,10.47875,11.639670985229989,9.31782901477001
144,deviant,10,40,78.00106274579652,10.14875,11.35738898913308,8.94011101086692
144,deviant,11,40,79.99146336032561,9.90375,11.143230566183822,8.664269433816179
145,background,1,836,872.1655760836143,39.579246411483254,42.53536517641256,36.62312764655395
145,background,2,756,523.3043041451521,14.822883597883598,16.688058164182426,12.957709031584768
145,background,3,677,383.16588066431916,10.444387001477105,11.88756058698266,9.00121341597155
145,background,4,597,287.3132207924051,8.41214405360134,9.564520891824118,7.259767215378561
145,background,5,517,243.51870672766754,7.445938104448743,8.495512271110844,6.396363937786643
145,background,6,437,176.61211587454648,6.3511441647597255,7.179097482496129,5.523190847023322
145,background,7,358,155.9587917907871,6.0641061452513965,6.871888615784205,5.256323674718588
145,background,8,278,139.94793204692422,5.732194244604317,6.554759124867008,4.909629364341626
145,background,9,199,101.75415418908872,5.248994974874372,5.955884727748791,4.542105221999953
145,background,10,120,75.83524385486156,5.0008333333333335,5.679265670649141,4.322400996017526
145,background,11,40,48.562033036432666,4.95125,5.703726497797002,4.1987735022029975
145,deviant,1,40,199.19560606018453,41.2925,44.37906789373433,38.205932106265664
145,deviant,2,40,189.0151553377888,28.00375,30.932570175473934,25.074929824526066
145,deviant,3,39,176.00583124311237,23.67948717948718,26.441469083444332,20.917505275530026
145,deviant,4,40,166.8612723507954,22.35,24.935542202120743,19.76445779787926
145,deviant,5,40,158.8969212381013,20.7075,23.169633303073834,18.245366696926165
145,deviant,6,40,157.4871673970195,19.55625,21.996538940991684,17.115961059008313
145,deviant,7,40,141.08547241412134,17.490000000000002,19.676142044188445,15.303857955811559
145,deviant,8,40,165.14407585340047,18.36625,20.92518396672377,15.807316033276233
145,deviant,9,39,151.9870406525365,17.603846153846153,19.988911767601113,15.218780540091192
145,deviant,10,40,165.61612240358727,19.205,21.771248403798822,16.638751596201175
145,deviant,11,40,136.38932278012473,15.38,17.493374451714107,13.266625548285896
146,background,1,835,244.08461647551667,20.042874251497008,20.870670105007896,19.21507839798612
146,background,2,756,163.40316623873017,8.04378306878307,8.626188807293184,7.4613773302729545
146,background,3,676,112.00273727858054,5.790458579881657,6.212622743470153,5.3682944162931605
146,background,4,596,86.48471115265345,4.818624161073825,5.165794237538127,4.471454084609523
146,background,5,517,68.15672728120248,4.200290135396519,4.494048020365019,3.906532250428018
146,background,6,437,56.60858220223655,3.860640732265446,4.126020393307435,3.595261071223457
146,background,7,358,46.984179868278396,3.5495810055865924,3.7929337300733805,3.3062282810998043
146,background,8,278,36.79477222592764,3.375,3.5912667712743693,3.1587332287256307
146,background,9,198,29.608364749811745,3.1845959595959594,3.3908050957053764,2.9783868234865425
146,background,10,118,22.350556333591626,3.107627118644068,3.3092655962388564,2.9059886410492792
146,background,11,38,11.299045138976638,2.931578947368421,3.1112077690352327,2.7519501257016095
146,deviant,1,40,51.85498504178948,19.99375,20.797251317753478,19.19024868224652
146,deviant,2,40,93.16082585338225,18.51875,19.962291952155038,17.075208047844963
146,deviant,3,40,99.48770090608662,18.53125,20.072827896780474,16.989672103219526
146,deviant,4,40,96.18778235142032,17.64,19.13044512902407,16.14955487097593
146,deviant,5,39,91.46139536495858,15.755128205128205,17.190391554782547,14.319864855473863
146,deviant,6,40,90.79233100004124,16.09,17.496841744176614,14.683158255823386
146,deviant,7,39,83.59743763386155,14.266666666666667,15.578524395078992,12.954808938254343
146,deviant,8,40,100.45698215235163,15.895,17.451597065294745,14.338402934705256
146,deviant,9,40,89.45673755920703,13.60125,14.987396509401627,12.215103490598374
146,deviant,10,40,88.31559735880239,12.79375,14.162214358803615,11.425285641196384
146,deviant,11,40,88.69520547179654,13.64125,15.015596447454781,12.266903552545218
147,background,1,837,483.55794025012915,36.90507765830346,38.54306999540303,35.26708532120389
147,background,2,757,306.21995448748254,13.369682959048877,14.46039880732648,12.278967110771273
147,background,3,677,202.62740631383917,9.26698670605613,10.030171883151324,8.503801528960937
147,background,4,597,149.8157991808958,7.453768844221106,8.0546609872967,6.8528767011455125
147,background,5,517,122.65143164354227,6.459574468085107,6.988206440088589,5.930942496081625
147,background,6,437,102.76412695816416,5.898512585812357,6.380268321753683,5.416756849871031
147,background,7,357,81.5723605150666,5.440476190476191,5.863568369743147,5.017384011209234
147,background,8,277,67.21401404625769,5.0344765342960285,5.430249407311614,4.638703661280443
147,background,9,198,52.61741256716412,4.74520202020202,5.111658975237225,4.378745065166816
147,background,10,118,37.468407745023924,4.497881355932203,4.835907514334917,4.15985519752949
147,background,11,40,22.352852167005445,4.36375,4.710111032738961,4.017388967261038
147,deviant,1,40,105.06932548510406,37.0875,38.71556606567747,35.459433934322526
147,deviant,2,40,211.0238138220424,39.48875,42.758597871843584,36.21890212815642
147,deviant,3,40,190.2991205002217,33.27875,36.22746542178696,30.33003457821305
147,deviant,4,40,193.05141120546375,30.485,33.47636260810319,27.49363739189681
147,deviant,5,40,202.5336554228639,29.73375,32.87204150448222,26.595458495517782
147,deviant,6,40,197.6583708800297,28.53,31.59274818783805,25.46725181216195
147,deviant,7,40,178.8410791148034,25.625,28.396171231105228,22.853828768894772
147,deviant,8,40,179.99576749409826,26.59375,29.3828133129101,23.8046866870899
147,deviant,9,40,165.0755329506689,23.7175,26.275371883442418,21.159628116557585
147,deviant,10,40,186.34801200696342,26.56875,29.456242361393407,23.681257638606596
147,deviant,11,40,173.38977994528307,21.7925,24.479202475350153,19.105797524649848
148,background,1,839,243.30360068289818,20.031585220500595,20.85476298612885,19.20840745487234
148,background,2,759,160.65479500436567,8.04703557312253,8.618512736082241,7.475558410162818
148,background,3,679,112.6865003823486,5.817378497790869,6.241180574108908,5.3935764214728295
148,background,4,599,87.19400631260216,4.798330550918197,5.147470301395459,4.4491908004409355
148,background,5,519,67.22358608640118,4.22504816955684,4.514225386173715,3.935870952939965
148,background,6,439,58.17851384905092,3.894874715261959,4.1669921941850365,3.622757236338882
148,background,7,359,46.74693910610054,3.627158774373259,3.868945264458749,3.3853722842877687
148,background,8,280,41.74502806827482,3.445357142857143,3.6898419168960226,3.2008723688182634
148,background,9,200,31.671338528873804,3.273,3.49247117878161,3.05352882121839
148,background,10,120,22.21260903180894,3.109166666666667,3.3078836681201578,2.910449665213176
148,background,11,40,13.176234587116946,3.06875,3.2729178701718915,2.8645821298281087
148,deviant,1,40,54.27105460944214,19.9825,20.823438703567565,19.14156129643244
148,deviant,2,40,90.21245391909734,19.56875,20.966606455716924,18.17089354428308
148,deviant,3,40,101.23926843712478,18.3225,19.8912187168615,16.753781283138505
148,deviant,4,40,92.20706103798753,16.357499999999998,17.78626321322803,14.92873678677197
148,deviant,5,40,100.13946853211645,17.19375,18.74542714077721,15.642072859222795
148,deviant,6,40,92.63594562076123,15.40125,16.83665884868902,13.965841151310979
148,deviant,7,40,97.07681440352708,15.20875,16.71297082339207,13.704529176607931
148,deviant,8,39,89.60427621374703,14.52051282051282,15.926633218181363,13.114392422844277
148,deviant,9,40,87.29764571492419,13.5875,14.940191034665034,12.234808965334967
148,deviant,10,40,85.41308293722985,13.78,15.103489431886702,12.456510568113297
148,deviant,11,40,91.21400515733373,13.67,15.083375652937248,12.256624347062752
149,background,1,837,485.8333209954559,36.98494623655914,38.63064614273078,35.339246330387496
149,background,2,757,299.1422826401476,13.216512549537649,14.282018646655448,12.15100645241985
149,background,3,677,205.10450481336798,9.267060561299852,10.039575596045777,8.494545526553926
149,background,4,597,159.70916824356908,7.626214405360134,8.266787595233264,6.985641215487004
149,background,5,517,124.74913774620265,6.591876208897485,7.12954936777399,6.0542030500209805
149,background,6,437,100.14896799005817,5.9016018306636155,6.371097764759923,5.432105896567308
149,background,7,357,85.64476817523342,5.4789915966386555,5.923206173503573,5.034777019773738
149,background,8,278,68.61091673150011,5.132014388489209,5.535285302753499,4.728743474224919
149,background,9,198,52.673023156270915,4.851010101010101,5.217854359148166,4.484165842872036
149,background,10,118,38.54020457160357,4.538983050847458,4.886678565000284,4.191287536694632
149,background,11,39,20.174306222989365,4.506410256410256,4.8229967485692615,4.189823764251251
149,deviant,1,40,97.75499718011459,35.98375,37.498479374387244,34.46902062561276
149,deviant,2,40,189.39833406703562,36.49375,39.42850759139714,33.558992408602855
149,deviant,3,40,208.0361178156078,36.505,39.728553042594626,33.28144695740538
149,deviant,4,40,211.37566334048856,34.39125,37.66654983661601,31.115950163383992
149,deviant,5,40,204.67712699710603,31.375,34.54650494062693,28.203495059373065
149,deviant,6,40,196.10373194870755,29.78,32.81865880802353,26.741341191976474
149,deviant,7,40,203.62991456380658,29.225,32.380278215858894,26.06972178414111
149,deviant,8,39,192.45268044515853,26.547435897435896,29.567510954059212,23.52736084081258
149,deviant,9,40,174.17153522952748,23.77375,26.472565898978466,21.074934101021533
149,deviant,10,40,189.16239890077185,24.92875,27.859851738120078,21.997648261879924
149,deviant,11,39,168.12431960339725,22.106410256410257,24.74471107337744,19.468109439443072
150,background,1,1408,591.1043255502456,20.823757102272726,22.367549456463326,19.279964748082126
150,background,2,1248,365.68398781922116,9.156570512820513,10.171006686667699,8.142134338973328
150,background,3,1089,262.2027740830406,6.739577594123048,7.518240377763593,5.960914810482503
150,background,4,930,204.09016970060333,5.52758064516129,6.183433915145306,4.871727375177274
150,background,5,772,162.8591496710545,4.904468911917099,5.4788889592422425,4.330048864591955
150,background,6,612,129.05588344834024,4.465849673202614,4.97709361269635,3.954605733708878
150,background,7,452,103.82482716981568,4.1329646017699115,4.611548491487245,3.6543807120525784
150,background,8,320,80.10856120882069,3.8454687499999998,4.284332811684433,3.4066046883155665
150,background,9,200,55.17424551746089,3.65275,4.035088014892031,3.270411985107969
150,background,10,120,39.108553378620655,3.430833333333333,3.780703735655468,3.0809629310111983
150,background,11,40,23.295018667879237,3.3725,3.7334600539205356,3.0115399460794645
150,deviant,1,80,140.66414835194837,21.053125,22.59434452878915,19.511905471210852
150,deviant,2,80,136.12856732554437,14.833125,16.324649378075915,13.341600621924089
150,deviant,3,80,133.9686432282609,13.728125,15.19598366624786,12.26026633375214
150,deviant,4,79,125.60873880092059,12.308227848101266,13.693172396401097,10.923283299801435
150,deviant,5,80,125.47510761732366,12.721875,14.096672263570543,11.347077736429458
150,deviant,6,80,115.75092360663683,11.074375,12.342626974849843,9.806123025150157
150,deviant,7,80,102.66689878078112,9.709375,10.834268807093292,8.584481192906708
150,deviant,8,53,96.53648069648675,11.619811320754717,12.91932125290365,10.320301388605785
150,deviant,9,40,73.24035772714385,10.54625,11.68112110061011,9.411378899389891
150,deviant,10,40,81.94242201885291,10.00125,11.27096098379451,8.731539016205492
150,deviant,11,40,66.31450186719898,9.37875,10.406303852219205,8.351196147780795
151,background,1,838,870.6092527952093,39.29158711217184,42.238907476796236,36.344266747547444
151,background,2,758,525.0185861371708,14.83179419525066,16.700608505354587,12.962979885146733
151,background,3,678,376.3983507151069,10.412610619469026,11.829248793596411,8.995972445341641
151,background,4,598,290.00070780312905,8.525083612040135,9.687266673949571,7.362900550130698
151,background,5,519,237.39490749648175,7.383815028901734,8.405022057348855,6.362608000454611
151,background,6,439,193.0560731197572,6.465831435079727,7.368809672792043,5.56285319736741
151,background,7,359,164.12853595822227,6.051949860724234,6.900862396839993,5.2030373246084745
151,background,8,280,131.58751340537796,5.6189285714285715,6.389586658629647,4.848270484227496
151,background,9,200,104.72460124184367,5.1895,5.915204461812615,4.463795538187385
151,background,10,120,70.64296813815527,4.917916666666667,5.549898203913644,4.2859351294196895
151,background,11,40,47.87351756671455,5.015,5.756807840063009,4.273192159936991
151,deviant,1,40,198.28482305166875,40.58625,43.658705164804985,37.513794835195014
151,deviant,2,40,191.2903070700326,28.263749999999998,31.227824016806135,25.29967598319386
151,deviant,3,40,175.04049155612688,22.535,25.247280516756877,19.822719483243123
151,deviant,4,40,187.17777927048814,24.2525,27.152849738348266,21.352150261651737
151,deviant,5,40,163.2473663848178,20.76125,23.290794149020158,18.231705850979843
151,deviant,6,40,162.27556971496293,19.37125,21.885736003613545,16.856763996386455
151,deviant,7,40,147.01605712517113,17.87,20.148037406351538,15.591962593648462
151,deviant,8,39,163.83403829870994,19.01923076923077,21.590206093384797,16.448255445076743
151,deviant,9,40,150.8840265690315,17.5475,19.885472213827953,15.209527786172046
151,deviant,10,40,138.77494085938682,15.99,18.14033998682705,13.839660013172947
151,deviant,11,40,145.92269943544193,17.49125,19.7523456534272,15.230154346572803
152,background,1,839,240.5534627085061,19.712991656734207,20.52686478228901,18.899118531179404
152,background,2,759,159.19039411643962,8.07292490118577,8.639192934440732,7.506656867930808
152,background,3,679,111.61812246744654,5.8278350515463915,6.247619070891399,5.408051032201384
152,background,4,599,83.36022022397418,4.866777963272121,5.200566576957159,4.5329893495870826
152,background,5,519,66.38418882773061,4.290847784200385,4.57641414669552,4.0052814217052495
152,background,6,440,53.13696304932436,3.8675,4.115754121230915,3.619245878769085
152,background,7,360,46.20324094351187,3.640972222222222,3.879614434105195,3.402330010339249
152,background,8,280,36.114401559488705,3.379107142857143,3.5906154760263114,3.1675988096879744
152,background,9,200,27.396695920647453,3.2045,3.394349416782437,3.0146505832175627
152,background,10,120,19.792343017067562,3.0633333333333335,3.2403983080266867,2.88626835863998
152,background,11,40,10.037167769949114,3.03375,3.1892775259103336,2.8782224740896662
152,deviant,1,40,51.12301984326372,19.6625,20.45465939949642,18.87034060050358
152,deviant,2,40,87.38426932987304,19.875,21.229033281484774,18.520966718515226
152,deviant,3,40,94.15711952844958,18.1525,19.611479682590037,16.693520317409963
152,deviant,4,40,89.58696157483256,16.40125,17.789414351429237,15.013085648570767
152,deviant,5,40,89.80033407510241,15.3675,16.758970592574634,13.976029407425367
152,deviant,6,39,96.2713544322013,15.166666666666666,16.677410583121937,13.655922750211394
152,deviant,7,40,95.35112396875698,15.2925,16.769980973071895,13.815019026928105
152,deviant,8,40,96.73173702238796,15.69875,17.197623793974383,14.199876206025618
152,deviant,9,40,86.88699557471186,14.20125,15.547577944818794,12.854922055181206
152,deviant,10,40,81.09898110853246,12.87875,14.135391731487456,11.622108268512545
152,deviant,11,40,81.48516171026091,12.3175,13.580125661906674,11.054874338093327
153,background,1,838,481.01517647575304,36.89689737470167,38.52530394259496,35.26849080680839
153,background,2,758,290.5208888223103,13.156002638522427,14.190117637021537,12.121887640023317
153,background,3,678,202.3884163005175,9.40051622418879,10.162238893769528,8.638793554608052
153,background,4,598,150.28952759677952,7.640133779264214,8.242421769105675,7.037845789422751
153,background,5,518,113.61679592291573,6.5576254826254825,7.046844953427355,6.06840601182361
153,background,6,438,97.68656913554533,6.013812785388128,6.471241978057525,5.55638359271873
153,background,7,358,83.84266279921673,5.549022346368715,5.983282143551891,5.114762549185539
153,background,8,279,64.65977762183583,5.158243727598566,5.537609531297861,4.778877923899271
153,background,9,199,51.349217182574044,4.827638190954774,5.184363041490429,4.470913340419119
153,background,10,119,38.91877506591874,4.675210084033614,5.02484255360286,4.325577614464367
153,background,11,40,18.752613852895003,4.61875,4.909324762098192,4.328175237901808
153,deviant,1,40,97.27009331049074,35.87375,37.38096571108347,34.36653428891653
153,deviant,2,40,194.07712791297016,38.6775,41.68475625314925,35.67024374685075
153,deviant,3,40,222.50981645997695,36.48125,39.929075326621806,33.0334246733782
153,deviant,4,40,204.11021274636997,33.02,36.1827205133023,29.857279486697706
153,deviant,5,40,209.89229694247823,31.90875,35.16106483614687,28.656435163853132
153,deviant,6,40,195.74019435008879,28.92875,31.961775734572484,25.895724265427518
153,deviant,7,40,182.79767360030655,27.1,29.932479297829303,24.2675207021707
153,deviant,8,40,165.22467159980422,23.70875,26.268932810752716,21.14856718924728
153,deviant,9,40,178.24154958931433,24.63125,27.393131424862407,21.869368575137596
153,deviant,10,40,182.3619448990617,24.89,27.715727611653882,22.06427238834612
153,deviant,11,39,177.1735025335335,23.137179487179488,25.9174851418393,20.356873832519675
154,background,1,835,244.45000565178535,19.919640718562874,20.748675763831933,19.090605673293815
154,background,2,755,156.73581527357965,7.958013245033112,8.517024879977134,7.3990016100890905
154,background,3,675,106.93486704285786,5.778296296296296,6.181656941546241,5.374935651046351
154,background,4,597,82.33517825903681,4.807621440536013,5.137857383507858,4.4773854975641685
154,background,5,517,67.78848683492221,4.274661508704062,4.566832264434199,3.982490752973925
154,background,6,438,54.234262815658255,3.9154109589041095,4.169369463889207,3.6614524539190123
154,background,7,358,46.026536967961846,3.6175977653631284,3.855990415852013,3.3792051148742437
154,background,8,278,38.5761038659127,3.3888489208633095,3.615585735000914,3.1621121067257048
154,background,9,199,29.706281455186154,3.2603015075376884,3.466672108561526,3.053930906513851
154,background,10,119,19.721348304499074,3.0823529411764707,3.2595225386074915,2.90518334374545
154,background,11,39,11.329862729692898,3.0012820512820513,3.1790765914555887,2.823487511108514
154,deviant,1,40,51.87905976504646,19.3875,20.191374359455178,18.58362564054482
154,deviant,2,40,93.25121700913192,20.56,22.004942577624305,19.115057422375692
154,deviant,3,40,99.36791020720607,17.56875,19.108471720670742,16.02902827932926
154,deviant,4,40,94.88536019295796,17.1,18.570263888594585,15.629736111405418
154,deviant,5,40,96.7760300901003,15.6375,17.137060122169164,14.137939877830835
154,deviant,6,39,91.80193209754414,16.446153846153845,17.886761088600778,15.005546603706913
154,deviant,7,40,87.977882986219,13.53625,14.899481420385518,12.173018579614483
154,deviant,8,40,91.34941592300243,14.425,15.840473864489429,13.009526135510573
154,deviant,9,39,82.85118237570681,13.78076923076923,15.0809163044595,12.480622157078962
154,deviant,10,40,90.85325067324086,13.61375,15.02153570429257,12.20596429570743
154,deviant,11,40,89.31907617312807,12.55875,13.942763424124887,11.174736575875112
155,background,1,836,469.544930869521,36.73732057416268,38.328796572738156,35.145844575587205
155,background,2,756,293.48704804202345,13.272486772486772,14.318540804930327,12.226432740043217
155,background,3,676,200.4158965225746,9.405473372781065,10.160887136596923,8.650059608965208
155,background,4,596,146.84353470347452,7.598406040268457,8.187870703928022,7.008941376608891
155,background,5,517,120.91665245988773,6.702321083172147,7.22347609605206,6.1811660702922335
155,background,6,437,97.67529451143075,5.969107551487414,6.427006964283445,5.511208138691384
155,background,7,358,80.01207145767049,5.524581005586592,5.939000404534146,5.110161606639038
155,background,8,278,70.82015770133602,5.2,5.616256058147768,4.783743941852232
155,background,9,198,52.75679053324245,4.937373737373737,5.304801398161203,4.569946076586271
155,background,10,119,37.03948817425162,4.619747899159663,4.952497521931964,4.286998276387363
155,background,11,40,20.280856931962635,4.38625,4.700505133944581,4.0719948660554195
155,deviant,1,40,104.69202955636871,36.7675,38.38971980469258,35.145280195307414
155,deviant,2,40,201.11858245951893,36.645,39.7613647217467,33.528635278253304
155,deviant,3,40,186.6667026942321,31.325,34.21743052475359,28.43256947524641
155,deviant,4,40,201.50142352899277,32.00875,35.13104690557752,28.886453094422482
155,deviant,5,40,205.07555732101844,30.13,33.3076786824579,26.9523213175421
155,deviant,6,40,183.05928001606475,27.4425,30.279032931238415,24.605967068761583
155,deviant,7,39,184.3519588635882,26.349999999999998,29.242954004671418,23.457045995328578
155,deviant,8,40,182.0996546139677,26.6025,29.424163381579625,23.780836618420373
155,deviant,9,40,169.5553860759617,23.27625,25.90353792679127,20.648962073208732
155,deviant,10,39,164.6236137694903,22.275641025641026,24.859006809512785,19.692275241769266
155,deviant,11,40,166.44363673786484,22.67,25.249070871253323,20.09092912874668
156,background,1,840,454.43680586668586,20.313095238095237,21.84969206236336,18.776498413827113
156,background,2,760,282.67760602383856,8.879013157894736,9.883885016975158,7.874141298814313
156,background,3,680,208.85272448861133,6.639485294117647,7.424380658907586,5.854589929327709
156,background,4,600,163.20044988328087,5.55875,6.211687785744271,4.905812214255729
156,background,5,520,134.57973570771307,4.9823076923076925,5.560675450857177,4.403939933758208
156,background,6,440,116.38841505018762,4.597045454545454,5.140808252447973,4.053282656642936
156,background,7,360,94.7014700047081,4.255277777777778,4.744415937980069,3.766139617575487
156,background,8,280,69.79590547483879,3.8860714285714284,4.294839537457268,3.477303319685589
156,background,9,200,57.24437457997629,3.71325,4.109933277412784,3.316566722587216
156,background,10,120,40.5141300886753,3.5216666666666665,3.884111548138682,3.159221785194651
156,background,11,40,18.288549768409165,3.28125,3.564634014610638,2.997865985389362
156,deviant,1,40,98.96311114966552,20.73625,22.2696992942898,19.202800705710196
156,deviant,2,40,87.10158920539432,12.95125,14.30090310757597,11.60159689242403
156,deviant,3,40,88.83969892600469,12.67125,14.047835396723968,11.294664603276033
156,deviant,4,40,78.98210989971416,10.845,12.068840472275268,9.621159527724734
156,deviant,5,40,84.46704433651843,11.93625,13.245080411896538,10.62741958810346
156,deviant,6,40,74.81494714152696,10.60375,11.763019616362412,9.444480383637588
156,deviant,7,40,74.04909466733965,10.0875,11.234902609328886,8.940097390671115
156,deviant,8,40,87.44005465400132,10.9175,12.272397684037628,9.562602315962373
156,deviant,9,40,70.83500101236007,9.14625,10.243849712171015,8.048650287828986
156,deviant,10,40,74.85442011348638,9.685,10.84488125639971,8.525118743600292
156,deviant,11,40,71.92814396838585,9.44,10.554538137762147,8.325461862237852
157,background,1,839,878.0264907285264,38.46358760429082,41.434246002981475,35.49292920560017
157,background,2,759,532.2510141890413,14.668511198945982,16.561821009978495,12.77520138791347
157,background,3,679,372.1803573820796,10.48357879234168,11.883309972990027,9.083847611693333
157,background,4,599,287.58558451537965,8.563606010016695,9.715147996269543,7.412064023763848
157,background,5,519,231.2535462032506,7.475818882466282,8.470607478508851,6.481030286423712
157,background,6,439,189.7239545955344,6.72870159453303,7.6160945648967,5.84130862416936
157,background,7,359,157.10617428987317,6.2491643454039,7.061755526317187,5.436573164490612
157,background,8,279,146.97592892787077,6.018458781362007,6.880782214150037,5.156135348573977
157,background,9,199,101.47266938234624,5.405276381909548,6.1102106497518145,4.700342114067282
157,background,10,120,65.42428327544187,5.191666666666666,5.776961144056602,4.606372189276731
157,background,11,40,44.60502095882079,5.37375,6.064911960416165,4.682588039583836
157,deviant,1,38,185.78566456509697,39.01973684210526,41.97330146618963,36.06617221802089
157,deviant,2,40,197.44890078461472,28.9425,32.00200241508235,25.882997584917646
157,deviant,3,40,185.15171588385792,25.15,28.018955560918695,22.281044439081302
157,deviant,4,40,175.77460148245476,22.965,25.688655667915533,20.241344332084466
157,deviant,5,40,159.77756742619277,20.78875,23.26452905713269,18.31297094286731
157,deviant,6,40,161.6070201054658,20.736250000000002,23.240376720088896,18.232123279911107
157,deviant,7,40,173.6584442610203,20.40875,23.09961547205248,17.717884527947522
157,deviant,8,40,163.35970964972392,18.9475,21.478784925944883,16.41621507405512
157,deviant,9,40,158.1962804805939,17.825,20.276276762059013,15.373723237940984
157,deviant,10,40,149.37869572613795,17.1225,19.437146870759292,14.807853129240705
157,deviant,11,40,136.89926184876543,15.67125,17.792526039445672,13.549973960554329
158,background,1,837,228.26809607172564,19.31021505376344,20.083444818073353,18.536985289453526
158,background,2,757,145.3556527606466,7.692007926023778,8.209745949883533,7.174269902164022
158,background,3,677,97.9982948294188,5.711595273264401,6.080700555491512,5.342489991037291
158,background,4,597,73.67071116943642,4.828140703517588,5.123624569428511,4.532656837606664
158,background,5,517,57.92317961612695,4.336170212765958,4.585821148387933,4.0865192771439824
158,background,6,437,48.04819400735498,3.971052631578947,4.19630140028681,3.745803862871085
158,background,7,357,39.47000860080182,3.746358543417367,3.9510780323368317,3.541639054497902
158,background,8,278,32.08799578789878,3.547661870503597,3.736263860022761,3.3590598809844328
158,background,9,199,25.778918355488607,3.3839195979899497,3.5630066669249225,3.204832529054977
158,background,10,119,18.406449098646178,3.2172268907563026,3.382583900154984,3.0518698813576215
158,background,11,40,10.610198668708973,3.11125,3.2756567316780325,2.9468432683219676
158,deviant,1,39,52.12543070628566,19.76025641025641,20.57823781081508,18.94227500969774
158,deviant,2,40,89.14644958541093,19.5625,20.943838547435632,18.181161452564368
158,deviant,3,40,90.08443407802423,17.3775,18.773372767727853,15.98162723227215
158,deviant,4,40,96.54971449165997,17.2275,18.723553325639795,15.731446674360203
158,deviant,5,40,84.85247259369145,14.6175,15.932302684616092,13.302697315383908
158,deviant,6,40,91.09262203643985,15.42125,16.832744801992778,14.009755198007221
158,deviant,7,40,85.63286076095591,14.37375,15.700644924547333,13.046855075452665
158,deviant,8,39,88.52852647593318,14.776923076923078,16.16616220828332,13.387683945562834
158,deviant,9,39,80.93528929108477,13.597435897435897,14.867517705718377,12.327354089153417
158,deviant,10,40,87.48833004885189,13.35875,14.714395719030719,12.003104280969282
158,deviant,11,39,84.1853531453692,13.192307692307692,14.513391319614222,11.871224065001162
159,background,1,836,468.0582228740348,36.22571770334928,37.812154652547044,34.63928075415152
159,background,2,756,278.6331581885137,12.798148148148147,13.791259566999734,11.80503672929656
159,background,3,676,186.51540785795964,9.269600591715976,9.972620205949823,8.566580977482129
159,background,4,596,137.98399029940893,7.712835570469799,8.26673592840174,7.158935212537858
159,background,5,516,111.29844894176247,6.790213178294573,7.270377997487287,6.3100483591018595
159,background,6,437,89.6197376051785,6.206064073226544,6.626199230531272,5.785928915921817
159,background,7,359,73.52394883731137,5.692339832869081,6.072623502057568,5.312056163680594
159,background,8,279,58.73439322380388,5.350358422939068,5.694959365126876,5.005757480751259
159,background,9,199,48.96040290511895,5.069849246231156,5.409978918440085,4.729719574022227
159,background,10,120,35.283811704818014,4.8133333333333335,5.128987079896397,4.49767958677027
159,background,11,40,18.477724854252855,4.7025,4.988815312934975,4.416184687065025
159,deviant,1,40,100.49815395005233,37.4275,38.984735028909625,35.87026497109038
159,deviant,2,40,203.4645837537955,36.2875,39.440216388416424,33.13478361158358
159,deviant,3,40,191.74791565462905,32.7475,35.71866473528657,29.77633526471343
159,deviant,4,40,191.62938462728408,30.67,33.639328077989504,27.700671922010496
159,deviant,5,40,194.2621059019841,29.568749999999998,32.57887251678443,26.558627483215567
159,deviant,6,39,191.84032560000466,28.851282051282052,31.861747693324215,25.84081640923989
159,deviant,7,40,193.47043837836253,26.2625,29.260355501415706,23.264644498584293
159,deviant,8,40,186.03367691729483,24.63125,27.513871688717263,21.74862831128274
159,deviant,9,40,163.54254234875626,22.7025,25.236617947967403,20.168382052032598
159,deviant,10,40,150.46815539998383,21.17625,23.507778223301752,18.844721776698247
159,deviant,11,40,171.3372098339535,22.49625,25.151147571966117,19.841352428033883
160,background,1,840,231.53644705702268,19.352857142857143,20.135756249305217,18.56995803640907
160,background,2,760,145.28188571115626,7.724605263157895,8.241058195665635,7.2081523306501545
160,background,3,680,99.17984727384474,5.741617647058823,6.114348252304337,5.368887041813309
160,background,4,600,74.18332554876253,4.81475,5.111545115194824,4.517954884805176
160,background,5,520,59.18385715183168,4.304711538461539,4.559059153451363,4.050363923471714
160,background,6,440,48.15640636181455,3.9692045454545455,4.194189671757188,3.7442194191519023
160,background,7,360,40.44687874237022,3.732638888888889,3.9415491819707653,3.5237285958070124
160,background,8,280,33.47689698253031,3.5226785714285715,3.7187400420523478,3.3266171008047953
160,background,9,200,26.38191166609984,3.3605,3.543317320669684,3.177682679330316
160,background,10,120,21.708111508446745,3.2983333333333333,3.4925370317822253,3.1041296348844414
160,background,11,40,10.947722666333275,3.125,3.294636720205577,2.955363279794423
160,deviant,1,40,48.205426643633565,19.21,19.956950824492836,18.463049175507166
160,deviant,2,40,91.43995729151278,19.43125,20.848126817529536,18.01437318247046
160,deviant,3,40,85.66091352106373,15.81875,17.146079606568648,14.491420393431351
160,deviant,4,40,97.75200899806558,17.54375,19.058433072026688,16.02906692797331
160,deviant,5,40,91.39497855606271,15.46,16.876179864803085,14.043820135196915
160,deviant,6,40,94.91594619506914,16.5875,18.058237823607413,15.116762176392584
160,deviant,7,40,93.0396915865821,14.9075,16.349164957244703,13.465835042755298
160,deviant,8,40,96.21159520884986,14.37125,15.862064113072734,12.880435886927266
160,deviant,9,40,82.80686152602014,13.16375,14.446855612730712,11.880644387269289
160,deviant,10,40,91.13929477800221,13.31125,14.723468003615887,11.899031996384112
160,deviant,11,40,91.95748445541787,13.08,14.50489598401538,11.65510401598462
161,background,1,839,460.4023840763188,36.24082240762813,37.79851824422948,34.68312657102678
161,background,2,759,279.72842562968674,13.028260869565218,14.023303731956572,12.033218007173863
161,background,3,679,179.7636459939902,9.2100147275405,9.88608689377389,8.53394256130711
161,background,4,599,137.00980564217022,7.696410684474124,8.245021436265349,7.147799932682899
161,background,5,519,108.89218472754068,6.738246628131021,7.206670595432741,6.269822660829301
161,background,6,439,89.89344569515274,6.179043280182232,6.599500527985796,5.758586032378668
161,background,7,359,73.98502693468666,5.717827298050139,6.100495774820715,5.335158821279563
161,background,8,279,58.823643653139854,5.310752688172043,5.65587727213687,4.965628104207216
161,background,9,199,47.99128210305217,5.0311557788944725,5.364552934188117,4.697758623600828
161,background,10,119,34.812845481608015,4.98781512605042,5.3005613807270215,4.675068871373819
161,background,11,40,19.978541119490128,4.9025,5.212070701898103,4.592929298101897
161,deviant,1,40,95.00072021887655,36.335,37.807051410715495,34.86294858928451
161,deviant,2,40,196.319603815068,34.77375,37.815753777247735,31.731746222752268
161,deviant,3,40,188.816180450723,32.40625,35.33198702765645,29.48051297234355
161,deviant,4,40,191.98464165546926,30.27875,33.25358284267236,27.30391715732764
161,deviant,5,40,196.39161333792663,31.65375,34.69686957636446,28.610630423635534
161,deviant,6,40,193.0479896704171,26.56,29.55130959086836,23.568690409131637
161,deviant,7,40,201.94644287402957,28.31875,31.44794255176997,25.189557448230033
161,deviant,8,40,188.0566124168044,27.1675,30.08146739903376,24.253532600966242
161,deviant,9,40,166.23719578709785,23.6525,26.228372035580225,21.076627964419774
161,deviant,10,40,172.20596603149994,23.055,25.723359088712723,20.386640911287277
161,deviant,11,39,167.17876502021483,23.421794871794873,26.045257517608817,20.79833222598093
