param_id,trial_type,trial_number,count,sd_sample,mean_sample,ub_sample,lb_sample
0,background,1,840,1004.6413971373588,41.63357142857143,45.0305867240764,38.23655613306646
0,background,2,760,650.2601746507638,17.85986842105263,20.171435155250066,15.548301686855197
0,background,3,680,473.7231481072372,12.425441176470589,14.20575361459415,10.645128738347028
0,background,4,600,384.47024044712964,10.103916666666667,11.642117986955023,8.56571534637831
0,background,5,520,292.6152359597659,8.447211538461538,9.7047501808842,7.189672896038875
0,background,6,440,232.5373654185268,7.370454545454545,8.4568613702432,6.28404772066589
0,background,7,360,213.2562765165054,6.906527777777778,8.008007857671876,5.80504769788368
0,background,8,280,155.30536134711477,6.295178571428571,7.204743085647499,5.385614057209643
0,background,9,200,135.59930328962457,6.11725,7.056905231426596,5.177594768573405
0,background,10,120,97.8432285261533,5.467083333333333,6.342402074927483,4.591764591739183
0,background,11,40,48.6395983362917,5.485,6.23867838457025,4.731321615429751
0,deviant,1,40,206.06514682702192,42.57625,45.769262530717,39.383237469283
0,deviant,2,40,229.56659393873397,31.865,35.422171226513676,28.307828773486317
0,deviant,3,40,215.8758354142248,26.23625,29.581280725332885,22.89121927466711
0,deviant,4,40,192.7422535817963,23.29625,26.282822161093893,20.309677838906108
0,deviant,5,40,244.3639811084234,26.62625,30.412709116203978,22.83979088379602
0,deviant,6,40,195.77056926278192,21.81,24.843496398720895,18.776503601279103
0,deviant,7,40,202.54686267367202,21.5025,24.640996152953715,18.364003847046288
0,deviant,8,40,194.87709352037086,20.07125,23.090901848658262,17.051598151341736
0,deviant,9,40,183.43829451544966,19.13875,21.981155821751415,16.29634417824859
0,deviant,10,40,180.40046096335087,17.435,20.230334103183562,14.639665896816435
0,deviant,11,40,181.40776980980837,17.0625,19.873442515467573,14.251557484532428
1,background,1,839,1860.634168912931,78.5289630512515,84.82411311692412,72.23381298557887
1,background,2,759,1103.1898308650136,28.054115525969074,31.978354418008436,24.12987663392971
1,background,3,679,761.3663890418151,19.244438415626696,22.107857329337435,16.381019501915958
1,background,4,599,596.5613577787042,15.513110544865224,17.901844500413844,13.124376589316604
1,background,5,519,511.02320124618836,13.46735737867469,15.665637410523686,11.269077346825693
1,background,6,439,425.30113589308746,12.056187640703886,14.045442182038926,10.066933099368846
1,background,7,360,348.40242914132926,10.797147498375569,12.596664688464873,8.997630308286265
1,background,8,280,268.6371167236504,9.622856221435942,11.19616178187827,8.049550660993614
1,background,9,200,217.7671931113519,9.159078603371173,10.668128261267347,7.650028945474999
1,background,10,120,131.64630056333667,8.229876160990711,9.407601752024572,7.052150569956851
1,background,11,40,100.92305337284628,8.499055727554179,10.06287464123115,6.935236813877208
1,deviant,1,40,428.6499614763592,79.7875,86.42949996632275,73.14550003367724
1,deviant,2,40,448.51860255969905,60.12,67.06986774951793,53.17013225048206
1,deviant,3,40,376.7950126779113,47.56375,53.40224921016568,41.72525078983432
1,deviant,4,40,368.50688417478784,42.53125,48.24132332847652,36.82117667152348
1,deviant,5,40,397.9044097496855,45.68671052631579,51.85230323290198,39.521117819729604
1,deviant,6,40,328.48816769526036,38.175592105263156,43.26556899749175,33.085615213034565
1,deviant,7,40,312.1553532039515,34.56122807017544,39.39812537987569,29.72433076047519
1,deviant,8,40,312.34786846667055,31.467302631578946,36.30718299618043,26.62742226697746
1,deviant,9,40,304.08192933063623,30.37951754385965,35.09131585457719,25.667719233142112
1,deviant,10,40,264.25940751451844,28.8831260749914,32.977868017266616,24.788384132716182
1,deviant,11,40,276.6992184960772,28.576198830409357,32.86369764086671,24.288700019952007
2,background,1,839,690.235564289849,43.91436233611442,46.24966098346081,41.57906368876804
2,background,2,759,398.52799214900296,15.824703557312253,17.24233722524699,14.407069889377514
2,background,3,679,262.2558262861907,10.979013254786452,11.965329835117494,9.99269667445541
2,background,4,599,196.06691258477642,8.987729549248748,9.772815082436392,8.202644016061104
2,background,5,519,156.63737874802626,7.721965317919075,8.395775863317523,7.048154772520627
2,background,6,439,132.64030307564892,7.036560364464693,7.656956838843305,6.4161638900860805
2,background,7,359,107.61339184907777,6.320334261838441,6.876936785959372,5.763731737717509
2,background,8,279,91.95917286320169,5.983512544802867,6.523046808666306,5.443978280939428
2,background,9,199,68.55335993147774,5.530653266331658,6.0068959126085,5.054410620054816
2,background,10,119,50.55411378960798,5.265126050420168,5.719286275689531,4.810965825150805
2,background,11,40,24.7707382547273,4.7675,5.1513265658231315,4.383673434176869
2,deviant,1,40,148.73018665036574,42.9925,45.29709811852191,40.68790188147809
2,deviant,2,40,249.94943172780498,41.64375,45.51675657021063,37.77074342978936
2,deviant,3,40,284.81045405118493,39.945,44.35818370751953,35.53181629248047
2,deviant,4,40,263.01052110234355,34.76875,38.84414024682881,30.69335975317119
2,deviant,5,40,299.75759943836727,36.22125,40.86604212483128,31.57645787516871
2,deviant,6,40,239.1831218741692,29.87125,33.577430870660876,26.165069129339123
2,deviant,7,40,243.57307344052447,29.6225,33.396703874921656,25.84829612507834
2,deviant,8,40,216.18573885483409,27.6175,30.96733272889542,24.267667271104578
2,deviant,9,40,213.82460840112566,23.8075,27.120746633471548,20.494253366528454
2,deviant,10,40,226.2224627033729,26.40875,29.91410337617224,22.903396623827764
2,deviant,11,39,213.18465556512515,24.547435897435896,27.89284869832715,21.202023096544643
3,background,1,840,1346.9970997897897,79.1842261904762,83.73885609526116,74.62959628569124
3,background,2,760,737.1113070272143,26.122631578947367,28.74293963893275,23.502323518961983
3,background,3,680,487.2012633939198,18.283455882352943,20.11442080892512,16.452490955780764
3,background,4,600,372.9404829207598,14.73636403508772,16.228436718139964,13.244291352035477
3,background,5,520,301.47108567336284,12.76540991902834,14.061007322095534,11.469812515961145
3,background,6,440,232.30447415719374,11.152757177033493,12.238075941607436,10.06743841245955
3,background,7,360,204.06273616806592,10.185884502923976,11.239879454957254,9.131889550890698
3,background,8,280,160.91183703583033,9.432218045112782,10.374617558021095,8.489818532204469
3,background,9,200,126.0127697047207,8.879184210526315,9.752408153474521,8.005960267578109
3,background,10,120,89.22494734136957,8.431842105263158,9.230060538997444,7.633623671528872
3,background,11,40,43.88576345374578,7.474605263157895,8.154622213067045,6.794588313248745
3,deviant,1,40,299.69008553574315,81.0925,85.7362459860718,76.44875401392821
3,deviant,2,40,485.3261708431383,74.73625,82.25645692896636,67.21604307103364
3,deviant,3,40,432.6681176144136,59.875,66.5792619407359,53.17073805926409
3,deviant,4,40,410.5381384937272,54.815,61.17635436162854,48.453645638371455
3,deviant,5,40,441.14125318672916,51.84,58.675554536662275,45.00444546333773
3,deviant,6,40,393.7514403575252,48.379276315789475,54.480518094947925,42.278034536631026
3,deviant,7,40,364.59601130839087,45.26894736842105,50.91842109400146,39.619473642840646
3,deviant,8,40,349.3383365618679,40.530328947368425,45.943382553363314,35.117275341373535
3,deviant,9,40,338.11452997485475,40.08046052631579,45.319599447433085,34.841321605198495
3,deviant,10,40,322.5614570391997,34.937105263157896,39.93524682232737,29.93896370398842
3,deviant,11,40,345.03299952357304,38.882134502923975,44.228476220353954,33.535792785493996
4,background,1,838,686.7521444413089,44.21020286396181,46.535101863441504,41.88530386448212
4,background,2,758,396.8408702689148,15.730013192612137,17.142576322327475,14.3174500628968
4,background,3,678,271.00548644669635,11.126991150442478,12.146965644934712,10.107016655950245
4,background,4,599,205.15671801666247,9.018030050083473,9.839512722645555,8.19654737752139
4,background,5,519,165.02142604107985,7.886223506743738,8.596099897499993,7.176347115987482
4,background,6,439,138.16095685829623,6.998291571753986,7.644509716195174,6.352073427312799
4,background,7,359,108.55569756435726,6.334679665738162,6.896156023223194,5.773203308253129
4,background,8,279,100.58751099625167,6.037275985663083,6.627433628554791,5.4471183427713745
4,background,9,199,71.63325822696135,5.526381909547739,6.024020719571635,5.028743099523843
4,background,10,120,50.35231139836477,5.232916666666667,5.6833752473316785,4.782458086001656
4,background,11,40,25.825884608072453,4.79375,5.19392622795595,4.39357377204405
4,deviant,1,40,150.53349863245163,42.67875,45.011290727178704,40.3462092728213
4,deviant,2,40,256.7414376166685,44.01125,47.98949979181205,40.03300020818794
4,deviant,3,40,265.81157750715465,37.2,41.31879306548846,33.08120693451155
4,deviant,4,39,261.64972064917146,37.388461538461534,41.49441523615606,33.28250784076701
4,deviant,5,40,254.57158025530708,33.895,37.83962750366009,29.95037249633992
4,deviant,6,40,222.52109894049198,27.90125,31.349250150468613,24.45324984953139
4,deviant,7,40,222.4281137569478,28.08625,31.532809330122237,24.639690669877762
4,deviant,8,40,215.52072192470814,25.87625,29.21577818480474,22.536721815195257
4,deviant,9,40,236.3711009586854,27.05875,30.72135815514817,23.39614184485183
4,deviant,10,39,237.71543137917965,25.287179487179486,29.017542936636822,21.55681603772215
4,deviant,11,40,196.97110394541045,23.1375,26.18959887635585,20.08540112364415
5,background,1,840,1365.2074095362336,80.22875,84.84495481193174,75.61254518806827
5,background,2,760,760.3101998526655,26.978157894736842,29.680934159013418,24.275381630460267
5,background,3,680,486.18917695633013,18.416617647058825,20.24377902280074,16.58945627131691
5,background,4,600,374.9193281648454,14.81175,16.31173971289455,13.31176028710545
5,background,5,520,293.2883478264355,12.621406882591094,13.88183828000047,11.360975485181719
5,background,6,440,240.53131733702162,11.188062200956939,12.311816502808707,10.06430789910517
5,background,7,360,189.15046302036566,10.063187134502924,11.04015939774861,9.086214871257237
5,background,8,280,146.12000495467146,9.091381578947368,9.947150949505112,8.235612208389625
5,background,9,200,117.5611760614833,8.684907894736842,9.499565281750778,7.870250507722906
5,background,10,120,85.67083579178598,8.15265350877193,8.919076380402139,7.386230637141722
5,background,11,40,48.04436607044692,7.6801973684210525,8.424652533476529,6.935742203365575
5,deviant,1,40,285.32106107810694,76.51625,80.93734564537189,72.09515435462811
5,deviant,2,40,450.8955941702084,69.1125,76.09919961611271,62.12580038388729
5,deviant,3,40,454.8233462739017,63.26625,70.31381076550043,56.218689234499564
5,deviant,4,40,404.5127673477914,52.7725,59.040490268440365,46.50450973155964
5,deviant,5,40,444.43706854259676,56.77375,63.66037372469459,49.88712627530541
5,deviant,6,40,396.4310751800634,47.863223684210524,54.00598683511891,41.72046053330214
5,deviant,7,40,374.55196939513985,42.50171052631579,48.30545342072836,36.69796763190322
5,deviant,8,40,353.62044318203283,40.45190789473684,45.931313430238426,34.97250235923526
5,deviant,9,40,358.7539151527505,42.56980263157895,48.128752139367826,37.01085312379008
5,deviant,10,40,315.9636799950643,36.87322368421053,41.76913162890814,31.977315739512914
5,deviant,11,40,322.4999364538354,35.722616959064325,40.71980524688738,30.725428671241264
6,background,1,840,941.8109445441562,39.55375,42.73831535158391,36.369184648416095
6,background,2,760,612.8922932766367,16.903815789473683,19.082545922447217,14.725085656500148
6,background,3,680,442.16538939513043,11.934558823529411,13.596273150965445,10.272844496093377
6,background,4,600,358.90561360012777,9.920583333333333,11.356504844596666,8.48466182207
6,background,5,520,299.09582164636765,8.472692307692308,9.75808181338155,7.1873028020030665
6,background,6,440,248.17054831835236,7.616590909090909,8.776035443604071,6.457146374577747
6,background,7,360,182.36016272028385,6.720972222222223,7.6628722210580955,5.77907222338635
6,background,8,280,154.11383352642463,6.314285714285714,7.21687190261812,5.411699525953308
6,background,9,200,140.53031139598545,6.144,7.117825374273513,5.170174625726487
6,background,10,120,91.32201556205268,5.4383333333333335,6.255312422696177,4.62135424397049
6,background,11,40,37.212971705547716,4.85,5.426620970555364,4.273379029444635
6,deviant,1,40,217.9894432499451,39.42875,42.80653141805504,36.050968581944964
6,deviant,2,40,220.69884815953927,29.21625,32.63601408208304,25.796485917916957
6,deviant,3,40,219.1131226702677,27.028750000000002,30.423943011062615,23.63355698893739
6,deviant,4,40,212.96996946691067,24.20375,27.50375386598657,20.903746134013428
6,deviant,5,40,207.56804210972157,23.51875,26.735050134389464,20.302449865610537
6,deviant,6,40,180.52955728254463,21.405,24.202334471373927,18.607665528626075
6,deviant,7,40,196.8963259126354,21.6775,24.728440178733518,18.62655982126648
6,deviant,8,40,186.8612770000924,19.0225,21.917945484858848,16.127054515141154
6,deviant,9,40,193.69574622397658,18.9025,21.903846682653253,15.901153317346749
6,deviant,10,40,170.9272236639725,17.0575,19.706044770445203,14.408955229554799
6,deviant,11,40,162.07627346731735,16.93375,19.44514787626229,14.42235212373771
7,background,1,840,1785.196533482488,75.39392857142857,81.43025152905534,69.35760561380181
7,background,2,760,1083.1642680493796,26.89671052631579,30.747179288360126,23.046241764271453
7,background,3,680,754.9729118722202,18.728475232198143,21.56576040777545,15.891190056620836
7,background,4,600,610.041483825735,15.183171052631579,17.623845302893745,12.742496802369411
7,background,5,520,503.391944711077,13.348102226720648,15.511471542341361,11.184732911099935
7,background,6,440,379.97707972264743,11.451472620946305,13.226712879349343,9.676232362543267
7,background,7,360,300.57988411646284,10.483148148148148,12.035659334122716,8.93063696217358
7,background,8,280,262.0592344552298,9.80705409356725,11.341835495936936,8.272272691197566
7,background,9,200,191.69178046982196,8.943350877192982,10.271707144298736,7.614994610087228
7,background,10,120,118.41063035969763,8.364924463937621,9.424241961112358,7.305606966762884
7,background,11,40,98.34526086028411,8.524736842105263,10.048612446974612,7.000861237235913
7,deviant,1,40,406.142767224065,77.53,83.82324737819498,71.23675262180502
7,deviant,2,40,437.01273450204974,56.86111842105263,63.63270089792477,50.08953594418049
7,deviant,3,40,395.47217947264267,48.58125,54.70915490798574,42.45334509201425
7,deviant,4,40,402.2987761144171,46.652499999999996,52.886184118856534,40.41881588114346
7,deviant,5,40,381.78594512466907,42.988749999999996,48.904584509646654,37.07291549035334
7,deviant,6,40,318.69373112009276,35.08347953216374,40.02169005731195,30.145269007015532
7,deviant,7,40,297.5188322704221,33.41894736842105,38.029049436584934,28.808845300257172
7,deviant,8,40,297.59416368153114,31.25809210526316,35.86936144573549,26.64682276479083
7,deviant,9,40,336.44647155970324,36.523150584795324,41.73644267298838,31.30985849660227
7,deviant,10,40,276.53233739606475,28.83703947368421,33.12195243470664,24.55212651266178
7,deviant,11,40,283.7530637790372,28.68438596491228,33.081185240416914,24.287586689407647
8,background,1,840,633.9095880245649,41.821845238095236,43.965297192815235,39.678393283375236
8,background,2,760,370.41231294187213,15.097434210526316,16.41418835588578,13.780680065166854
8,background,3,680,249.09321865307243,10.729264705882352,11.665389016446778,9.793140395317927
8,background,4,600,188.54769046304264,8.862833333333333,9.617181201897312,8.108485464769354
8,background,5,520,147.562636120894,7.624423076923077,8.258585944386661,6.990260209459493
8,background,6,440,126.61769020829674,6.98125,7.572803630676464,6.389696369323536
8,background,7,360,103.29426539337936,6.443611111111111,6.97713151931019,5.910090702912032
8,background,8,280,85.69496085412183,5.971071428571428,6.472954266125751,5.469188591017105
8,background,9,200,67.54343631674126,5.554,6.022052134073253,5.085947865926747
8,background,10,120,53.10766125720965,5.2995833333333335,5.774691646099643,4.824475020567024
8,background,11,40,25.60381344952144,4.91875,5.315485199704048,4.522014800295953
8,deviant,1,40,142.37472794669262,42.22,44.426119265636046,40.01388073436395
8,deviant,2,40,239.65378536986486,43.005,46.71847387708457,39.291526122915435
8,deviant,3,40,256.37833371796455,38.41375,42.38637343861081,34.44112656138919
8,deviant,4,40,261.84974598743497,34.92,38.977403850078474,30.862596149921533
8,deviant,5,40,254.26298548839878,32.41125,36.351095778206634,28.47140422179337
8,deviant,6,40,227.0648875495609,27.9725,31.490906884402445,24.454093115597555
8,deviant,7,40,240.56697830881023,30.20125,33.928873948272795,26.47362605172721
8,deviant,8,40,219.6379437068866,26.815,30.21832519727708,23.411674802722924
8,deviant,9,40,224.6824425717328,26.055,29.53649051700561,22.57350948299439
8,deviant,10,40,231.25562297573381,25.2825,28.865843002589973,21.699156997410025
8,deviant,11,40,205.74558254514753,23.22625,26.41431083086816,20.03818916913184
9,background,1,840,1261.6182121219929,75.91958333333334,80.18551979173321,71.65364687493346
9,background,2,760,693.9305914783364,24.92453947368421,27.391347274061605,22.457731673306814
9,background,3,680,457.6177041569685,17.633529411764705,19.353315522853737,15.913743300675673
9,background,4,600,341.1447138524556,14.159166666666668,15.524029779730945,12.79430355360239
9,background,5,520,276.77311152486953,12.422596153846154,13.612051931104237,11.233140376588072
9,background,6,440,230.74292928539478,11.219808612440191,12.29783189139236,10.141785333488023
9,background,7,360,189.8587671454451,10.213201754385965,11.19383244634018,9.23257106243175
9,background,8,280,152.1863056829586,9.529558270676691,10.420855660532482,8.638260880820901
9,background,9,200,120.39642244689705,8.954407894736843,9.788712536816295,8.12010325265739
9,background,10,120,85.94300947251605,8.595811403508772,9.364669177659067,7.826953629358478
9,background,11,40,45.465358575616186,7.794078947368421,8.498571977270979,7.089585917465863
9,deviant,1,40,270.15879346082835,76.515,80.70115387457018,72.32884612542982
9,deviant,2,40,448.2960282529485,66.80875,73.75516892490391,59.862331075096094
9,deviant,3,40,440.2797077456916,59.5875,66.40970475174535,52.765295248254645
9,deviant,4,40,371.7843107020662,52.3175,58.078357578657794,46.55664242134221
9,deviant,5,40,421.7229104019543,52.65375,59.18841419789193,46.119085802108074
9,deviant,6,40,382.0925005118112,44.3075,50.22808463458324,38.386915365416755
9,deviant,7,40,402.7008129329293,48.21875,54.458663743900296,41.978836256099704
9,deviant,8,40,368.00484121529536,43.8125,49.51479409222381,38.11020590777619
9,deviant,9,40,362.7231638140188,40.20855263157895,45.82900628457681,34.58809897858108
9,deviant,10,40,347.41639618645127,39.23453947368421,44.617812305023655,33.85126664234476
9,deviant,11,40,322.8420607647498,36.367171052631576,41.36966061157512,31.364681493688032
10,background,1,840,634.5756932993226,42.301071428571426,44.44677569920555,40.1553671579373
10,background,2,760,360.4893749802956,14.786973684210526,16.068453436040038,13.505493932381013
10,background,3,680,243.06628942046157,10.658529411764706,11.572003748141933,9.745055075387478
10,background,4,600,193.2057329976465,8.831916666666666,9.604900586666913,8.05893274666642
10,background,5,520,153.5012857823742,7.596826923076923,8.256511638056843,6.937142208097004
10,background,6,440,124.27607213483671,6.863636363636363,7.444250032679235,6.283022694593492
10,background,7,360,102.44826679071275,6.277777777777778,6.806928557923338,5.7486269976322175
10,background,8,280,80.81199754596109,5.847142857142857,6.320428033220385,5.373857681065329
10,background,9,200,65.40483243051051,5.58325,6.036482365233041,5.130017634766959
10,background,10,120,48.54783316753856,5.312916666666666,5.747232141283019,4.878601192050313
10,background,11,40,29.284314105534023,5.25375,5.7075151482174915,4.799984851782509
10,deviant,1,40,131.51700910608685,41.13875,43.17662716915886,39.10087283084114
10,deviant,2,40,261.6249072723451,42.63625,46.6901699380937,38.58233006190629
10,deviant,3,40,239.57625420510143,35.50625,39.2185225192401,31.7939774807599
10,deviant,4,40,267.35902335328245,35.9725,40.11527098729315,31.829729012706842
10,deviant,5,40,248.8757087806133,32.13625,35.99261906077397,28.279880939226025
10,deviant,6,40,211.81757295023073,28.322499999999998,31.60464729696084,25.040352703039154
10,deviant,7,40,236.9111758933248,28.375,32.04597670296124,24.704023297038756
10,deviant,8,40,222.0598662760255,25.2375,28.6783532762888,21.796646723711202
10,deviant,9,40,244.69562188241346,28.1025,31.894097943236847,24.31090205676315
10,deviant,10,40,232.34266889547794,25.66,29.260186953625137,22.059813046374863
10,deviant,11,40,196.81383803509667,23.15125,26.200912015828884,20.10158798417112
11,background,1,839,1245.4799455378002,75.9207389749702,80.1346157767313,71.70686217320912
11,background,2,759,691.4608734221231,24.90718050065876,27.366827585765567,22.447533415551955
11,background,3,679,450.91864127870303,17.45184094256259,19.147698527774793,15.755983357350388
11,background,4,599,351.5912885873687,14.411435726210351,15.819267525190682,13.00360392723002
11,background,5,520,284.0636279724001,12.444326923076924,13.66511430931947,11.223539536834377
11,background,6,440,233.20790927275272,11.034204545454546,12.123744128792522,9.94466496211657
11,background,7,360,188.3116755129721,10.300511695906433,11.273151576791562,9.327871815021304
11,background,8,280,159.95716714682536,9.564718045112782,10.50152641907843,8.627909671147133
11,background,9,200,115.96490445099107,8.888947368421052,9.69254315752712,8.085351579314983
11,background,10,120,85.77122774434288,8.45890350877193,9.22622450037326,7.691582517170602
11,background,11,40,50.59651174087001,8.147521929824562,8.931523001751502,7.36352085789762
11,deviant,1,40,270.86941891853195,73.74249999999999,77.93966513011742,69.54533486988257
11,deviant,2,40,455.97650851309163,70.23625,77.30167919951938,63.17082080048062
11,deviant,3,40,458.0554407952222,61.28625,68.38389258897203,54.18860741102798
11,deviant,4,40,407.66954496839327,52.0125,58.32940504444434,45.69559495555566
11,deviant,5,39,400.7827834047818,50.016666666666666,56.305974170646905,43.727359162686426
11,deviant,6,40,397.71400727023354,47.8925,54.055142389600846,41.72985761039915
11,deviant,7,40,411.8921039096986,50.3925,56.77483427310762,44.010165726892374
11,deviant,8,40,348.27789578159917,43.76440789473684,49.16102980060379,38.36778598886989
11,deviant,9,40,342.3982830134028,37.86855263157895,43.17406899372009,32.56303626943781
11,deviant,10,40,320.58972387247786,36.655328947368425,41.622918184587704,31.687739710149142
11,deviant,11,40,372.0859608755775,40.893223684210525,46.65875538073223,35.12769198768882
12,background,1,840,879.8285419091009,37.01559523809524,39.99057817509481,34.04061230109566
12,background,2,760,558.0977182876621,15.246447368421054,17.23039190372666,13.262502833115448
12,background,3,680,414.8484694820252,10.787794117647058,12.346847951318246,9.22874028397587
12,background,4,600,311.21135143686183,8.552999999999999,9.798104721531063,7.307895278468935
12,background,5,520,259.73446460811294,7.397788461538462,8.514019217405782,6.281557705671142
12,background,6,440,216.73418718498675,6.6776136363636365,7.690188538891674,5.6650387338355985
12,background,7,360,180.24982662959758,6.008333333333334,6.939333333333334,5.077333333333334
12,background,8,280,139.47068169558642,5.358392857142857,6.175219666879942,4.541566047405773
12,background,9,200,103.9649232345116,5.012,5.732440161801687,4.291559838198312
12,background,10,120,69.8013346275662,4.6225,5.246952170151579,3.99804782984842
12,background,11,40,49.61666209948768,4.85875,5.627568144433732,4.089931855566268
12,deviant,1,40,185.65447533126238,37.144999999999996,40.02174589926663,34.268254100733365
12,deviant,2,40,220.96157679798685,28.92375,32.34758510451288,25.499914895487116
12,deviant,3,40,214.870689387582,24.37875,27.708205826289113,21.049294173710887
12,deviant,4,40,186.32507670876277,22.14375,25.030886975265872,19.25661302473413
12,deviant,5,40,168.83081690509619,18.19375,20.80981061117012,15.57768938882988
12,deviant,6,40,182.20158009598515,19.64,22.463242733286076,16.816757266713925
12,deviant,7,40,187.5597238215071,19.30625,22.212518030481704,16.399981969518294
12,deviant,8,40,162.95116317150783,16.26125,18.786204432678986,13.736295567321013
12,deviant,9,40,140.18348877922745,14.58,16.752165662965975,12.407834337034023
12,deviant,10,40,169.38528178153652,15.615,18.23965213344149,12.990347866558514
12,deviant,11,40,156.6260548332607,16.12,18.546945863577687,13.693054136422315
13,background,1,838,1693.0210284079694,71.67428400954654,77.40575922502751,65.94280879406557
13,background,2,758,988.4564362255878,24.69788918205805,28.21631992281297,21.179458441303126
13,background,3,678,699.6168443851019,16.907005899705016,19.540130957600482,14.273880841809552
13,background,4,598,552.2848058068829,13.665477028692132,15.878768339327259,11.452185718057006
13,background,5,518,422.24334638600465,11.454435074171917,13.272561212922758,9.636308935421075
13,background,6,438,380.45488893510066,10.620181446767605,12.401707548387886,8.838655345147323
13,background,7,358,266.76515944252856,9.176095266098207,10.557794989930601,7.794395542265813
13,background,8,278,243.77872660234257,8.760800833017797,10.193646721665955,7.327954944369639
13,background,9,198,188.247573695939,8.193028235572095,9.504089142668635,6.8819673284755565
13,background,10,120,146.01681501908558,8.083126218323587,9.389412373220122,6.776840063427053
13,background,11,40,60.66638541991307,6.700058479532164,7.6400938606812865,5.760023098383041
13,deviant,1,40,363.6310123709125,74.08125,79.71577091212825,68.44672908787174
13,deviant,2,40,399.9446343261975,53.8225,60.019706313926335,47.62529368607366
13,deviant,3,40,361.77994547427363,43.62875,49.234588333404126,38.02291166659587
13,deviant,4,40,349.6735394772191,40.015,45.43324762898,34.59675237102
13,deviant,5,40,319.821027253813,33.5875,38.54317815971049,28.631821840289504
13,deviant,6,40,307.9984558896511,32.47230263157895,37.24478815006733,27.69981711309057
13,deviant,7,40,299.6763912517705,32.37875,37.02228379094323,27.73521620905677
13,deviant,8,40,283.5775036648629,28.572894736842105,32.9669736801941,24.178815793490113
13,deviant,9,40,282.74570007013847,28.112156432748538,32.493346445866834,23.730966419630246
13,deviant,10,39,290.01284151846454,27.76970310391363,32.3207467513413,23.218659456485966
13,deviant,11,40,280.89701865224436,26.79592105263158,31.148465450401858,22.443376654861304
14,background,1,840,579.5256862751053,39.56392857142857,41.523491084006764,37.604366058850374
14,background,2,760,331.4338506677027,13.43532894736842,14.61352114436386,12.25713675037298
14,background,3,680,219.48610434376025,9.427720588235294,10.252577560329103,8.602863616141486
14,background,4,600,165.21698651040373,7.604,8.265005612524941,6.942994387475059
14,background,5,520,130.074148894107,6.631153846153846,7.1901584655752,6.072149226732492
14,background,6,440,108.08412902627484,5.952272727272727,6.457238177509685,5.447307277035769
14,background,7,360,87.67586837172954,5.449166666666667,5.90201721848338,4.996316114849954
14,background,8,280,72.3647013398107,5.116607142857143,5.540419713458818,4.692794572255468
14,background,9,200,60.77655365092867,4.96,5.381160029592452,4.5388399704075475
14,background,10,120,41.572131353385736,4.54,4.911909903728347,4.168090096271653
14,background,11,40,22.707580463940136,4.48375,4.835607604646209,4.13189239535379
14,deviant,1,40,127.83293991110344,38.81625,40.79704192556119,36.835458074438804
14,deviant,2,40,233.97063468464765,38.0925,41.71791254487353,34.467087455126475
14,deviant,3,40,221.04913719042554,32.3425,35.767691866850214,28.91730813314979
14,deviant,4,40,234.36151785784196,30.5575,34.18896934239253,26.92603065760747
14,deviant,5,40,225.50671013473078,29.81375,33.30801267521791,26.319487324782084
14,deviant,6,40,202.35028253527415,26.7925,29.92795011215128,23.65704988784872
14,deviant,7,40,209.68165720544337,26.42625,29.6753009396065,23.177199060393498
14,deviant,8,40,196.60951146879944,23.7925,26.838995942882576,20.746004057117425
14,deviant,9,40,201.21906104123389,21.685,24.80292165350068,18.56707834649932
14,deviant,10,40,198.46602519800393,22.15,25.225262921151703,19.074737078848294
14,deviant,11,40,194.96181137529686,22.18125,25.202214565420505,19.160285434579492
15,background,1,840,1166.1746100188561,72.57678571428572,76.51999669359793,68.63357473497351
15,background,2,760,625.0697876826906,23.030986842105264,25.253005941668253,20.808967742542276
15,background,3,680,411.0975745361116,15.827941176470588,17.37289866515001,14.282983687791166
15,background,4,600,313.33132791444837,12.8,14.053586393904489,11.546413606095513
15,background,5,520,247.91616261190094,11.02701923076923,12.092459837588738,9.961578623949723
15,background,6,440,194.71130451327974,9.728068181818182,10.637752910145613,8.818383453490751
15,background,7,360,167.50881359372988,8.969861111111111,9.835053096988755,8.104669125233467
15,background,8,280,127.05278407622741,8.294661654135338,9.03876155401045,7.550561754260225
15,background,9,200,98.58068800116797,7.755552631578947,8.438681946779626,7.072423316378267
15,background,10,120,74.8234061324607,7.421666666666667,8.091046967012613,6.752286366320721
15,background,11,40,40.23457533802959,7.14,7.763441203913281,6.516558796086718
15,deviant,1,40,247.93836245919533,71.205,75.04684472904687,67.36315527095313
15,deviant,2,40,426.6903228091157,66.69,73.30163505058357,60.078364949416425
15,deviant,3,40,407.3015532294934,56.53375,62.844952953374595,50.2225470466254
15,deviant,4,40,365.3917760431945,49.38625,55.04805422789414,43.72444577210585
15,deviant,5,40,415.9136043889278,52.18,58.624648068624154,45.735351931375845
15,deviant,6,40,351.2038806583345,41.12125,46.56321051125444,35.67928948874557
15,deviant,7,40,342.8173596906422,38.5175,43.829510022531366,33.20548997746863
15,deviant,8,40,353.6124104752338,41.6425,47.1217810674202,36.163218932579795
15,deviant,9,40,347.0991212895821,39.085,44.463356605878786,33.706643394121215
15,deviant,10,40,328.3481072462026,34.736447368421054,39.824254001506915,29.648640735335192
15,deviant,11,40,333.7351253885762,34.35460526315789,39.52588460716385,29.183325919151933
16,background,1,840,584.7489227280192,39.93827380952381,41.91549776246584,37.961049856581774
16,background,2,760,332.3383461410818,13.578486842105264,14.75989437002362,12.397079314186907
16,background,3,680,220.98186398554566,9.598235294117647,10.428713523068659,8.767757065166634
16,background,4,600,168.62352180304845,7.765416666666667,8.440051258845953,7.090782074487381
16,background,5,520,131.0230795257883,6.732115384615384,7.295198113416121,6.1690326558146475
16,background,6,440,108.79000776483883,6.065113636363637,6.573376928552442,5.556850344174832
16,background,7,360,89.44958886081263,5.595694444444445,6.0577063575019086,5.133682531386981
16,background,8,280,72.88408244386571,5.176428571428572,5.603282959888347,4.7495741829687965
16,background,9,200,55.2258997210548,4.9075,5.290195960260884,4.524804039739116
16,background,10,120,41.29218735841085,4.762083333333333,5.131488820260544,4.392677846406122
16,background,11,40,24.49108323236718,4.54625,4.9257432663572915,4.166756733642708
16,deviant,1,40,131.20719853486858,39.558749999999996,41.59182660462245,37.525673395377545
16,deviant,2,40,236.90556635170284,37.8525,41.523389782213286,34.18161021778671
16,deviant,3,40,217.69768390809162,32.47625,35.849510560215485,29.10298943978452
16,deviant,4,40,212.8476907877654,29.85125,33.14935913822323,26.55314086177677
16,deviant,5,40,226.46891270338327,30.169999999999998,33.6791721584862,26.660827841513793
16,deviant,6,40,215.72087227906835,26.86,30.202629546676658,23.51737045332334
16,deviant,7,40,204.49196998775693,25.38625,28.554885903042923,22.217614096957078
16,deviant,8,40,199.54973657818007,23.90625,26.998305202960953,20.814194797039047
16,deviant,9,40,213.16229300205686,24.9125,28.21548395003829,21.609516049961712
16,deviant,10,40,217.66665726337266,22.37,25.742779797374705,18.997220202625297
16,deviant,11,40,213.98251281231765,25.025,28.340693387672122,21.709306612327875
17,background,1,839,1159.215778469493,72.23647199046484,76.15848815349408,68.3144558274356
17,background,2,759,638.0272803934922,23.329117259552042,25.598691722488336,21.059542796615748
17,background,3,680,419.2490404219633,16.092352941176472,17.66794468567283,14.516761196680113
17,background,4,600,310.8823690215015,12.8535,14.097288517746161,11.60971148225384
17,background,5,520,244.66232906427962,10.99125,12.042706982867994,9.939793017132008
17,background,6,440,196.23818771021467,9.826818181818181,10.743636457577097,8.909999906059266
17,background,7,360,165.29921832527634,8.985833333333334,9.839612641410419,8.132054025256249
17,background,8,280,132.40175106172325,8.34875,9.124176767895216,7.5733232321047845
17,background,9,200,100.37745867736596,7.93825,8.633830300748572,7.242669699251429
17,background,10,120,76.0860489321483,7.53375,8.214426073422466,6.853073926577536
17,background,11,40,40.539908861840274,7.3225,7.950672395881392,6.694327604118608
17,deviant,1,40,247.95578977755392,71.045,74.88711476814254,67.20288523185746
17,deviant,2,40,437.059055987921,65.51375,72.28605023573193,58.74144976426807
17,deviant,3,40,421.0158860610719,57.56875,64.09245874222793,51.04504125777208
17,deviant,4,40,407.13908137017177,50.6925,57.00118542583202,44.383814574167985
17,deviant,5,40,425.5248307431041,51.74875,58.34232556391866,45.15517443608134
17,deviant,6,40,341.42790330887533,39.58875,44.87923017283975,34.29826982716025
17,deviant,7,40,351.3037934084372,40.35625,45.799758675356756,34.91274132464325
17,deviant,8,40,354.3180180215745,39.625,45.11521456962534,34.13478543037466
17,deviant,9,40,319.3955516613414,36.84875,41.7978353471015,31.899664652898508
17,deviant,10,40,319.8937488078124,36.832499999999996,41.78930499186405,31.875695008135942
17,deviant,11,40,343.1512824274142,37.48375,42.80093420894388,32.16656579105612
18,background,1,839,997.2520704943479,41.975864123957095,45.3499026866975,38.60182556121669
18,background,2,760,646.3136887073691,17.67644736842105,19.97398500168419,15.378909735157913
18,background,3,680,479.397582498351,12.534558823529412,14.336196514949503,10.732921132109322
18,background,4,600,365.1877635293643,9.965083333333334,11.426138678893341,8.504027987773327
18,background,5,520,311.543120273059,8.748653846153847,10.087536666931408,7.409771025376285
18,background,6,440,243.01564818578638,7.568863636363636,8.704224649181073,6.4335026235461985
18,background,7,360,211.50214009120072,6.990694444444444,8.083114315835182,5.8982745730537065
18,background,8,280,161.2409524185531,6.247678571428572,7.192005588130775,5.303351554726368
18,background,9,200,129.76537531860703,5.9165,6.815728173139844,5.017271826860156
18,background,10,120,90.42430681602097,5.51875,6.327698065635079,4.70980193436492
18,background,11,40,52.0869970641224,5.53875,6.345846381285538,4.731653618714462
18,deviant,1,40,222.57116543750791,42.16625,45.61502593887729,38.71747406112271
18,deviant,2,39,238.81958616671733,34.65128205128205,38.39897251496845,30.903591587595656
18,deviant,3,40,223.52062191451745,28.544999999999998,32.00848791940938,25.081512080590613
18,deviant,4,40,235.82987846951744,25.985,29.639221825793456,22.330778174206543
18,deviant,5,40,199.4069958652404,22.50375,25.593593412699096,19.413906587300904
18,deviant,6,40,204.4336786035227,21.18125,24.348982668686414,18.013517331313583
18,deviant,7,40,186.50120643041427,20.0225,22.91236613357782,17.132633866422182
18,deviant,8,40,195.87381813703163,19.9375,22.972596256602433,16.902403743397567
18,deviant,9,40,184.34397910314013,17.71625,20.57268954983159,14.859810450168407
18,deviant,10,40,172.5118760213947,16.8875,19.56059921311535,14.214400786884651
18,deviant,11,40,173.75847574934824,17.76375,20.456165476022658,15.071334523977344
19,background,1,840,1915.4106774156537,79.4122619047619,85.88888071311955,72.93564309640426
19,background,2,760,1102.2739717383922,28.323518005540166,32.24191858483229,24.40511742624804
19,background,3,680,775.6733991972541,19.165371517027864,22.08045178285403,16.2502912512017
19,background,4,600,650.0577614911259,15.714521929824562,18.315294634173437,13.113749225475688
19,background,5,520,514.9553198161456,13.496887651821863,15.709951546686739,11.283823756956988
19,background,6,440,395.9611765415561,11.55021202739469,13.4001294536623,9.700294601127078
19,background,7,360,314.90365994995943,10.313023783587509,11.93951803823037,8.686529528944648
19,background,8,280,272.90964113094685,9.660500393139712,11.258828506269873,8.06217228000955
19,background,9,200,208.19260762069598,8.722498022015824,10.165199187502566,7.2797968565290825
19,background,10,120,173.48077201630713,8.398883012269236,9.950865437006028,6.846900587532444
19,background,11,40,78.02600736893689,7.812520209838321,9.02154571991144,6.603494699765201
19,deviant,1,40,411.40598465570037,78.5575,84.93230177722785,72.18269822277216
19,deviant,2,40,450.6756428826827,58.631052631578946,65.6143440671816,51.64776119597629
19,deviant,3,40,400.44800897836524,48.74875,54.953756184970835,42.54374381502917
19,deviant,4,40,407.5548196183576,44.626315789473686,50.941443146201806,38.31118843274557
19,deviant,5,40,376.1733526289045,41.63473684210526,47.46360333001349,35.80587035419703
19,deviant,6,40,336.85114888987385,38.11022660818713,43.32978923657599,32.890663979798276
19,deviant,7,40,313.1155388495988,32.85904841761266,37.71082395803545,28.007272877189877
19,deviant,8,40,271.5803420053496,29.338092105263158,33.546273102738745,25.12991110778757
19,deviant,9,40,264.1322658468085,26.692583849329207,30.785355711052595,22.59981198760582
19,deviant,10,40,272.0786388129623,29.2537209752322,33.46962316173573,25.037818788728664
19,deviant,11,40,298.1550174933911,28.277244582043345,32.89720444236701,23.657284721719677
20,background,1,840,715.2177401249731,44.02988095238095,46.44826188884643,41.61150001591547
20,background,2,760,406.78006148415477,15.899671052631579,17.345706493394296,14.45363561186886
20,background,3,680,276.0556961347132,11.23779411764706,12.275246881792405,10.200341353501713
20,background,4,600,204.61872116849813,8.932333333333332,9.750978715849957,8.113687950816708
20,background,5,520,162.26662594241878,7.700769230769231,8.398123733957824,7.003414727580638
20,background,6,440,139.1543349930876,7.001022727272727,7.65114714475429,6.350898309791164
20,background,7,360,112.8703261549101,6.310277777777777,6.893259052240576,5.727296503314979
20,background,8,280,90.63374821659684,5.884821428571429,6.415628867885893,5.3540139892569645
20,background,9,200,82.99571961061733,5.617,6.1921309942320235,5.0418690057679765
20,background,10,120,50.86949246019556,5.145,5.600085352318372,4.689914647681627
20,background,11,40,34.64204169259628,5.39375,5.930533997280882,4.856966002719117
20,deviant,1,40,148.324918941314,43.02625,45.32456843031057,40.727931569689424
20,deviant,2,40,269.96328210371587,42.2375,46.42062439470534,38.05437560529465
20,deviant,3,40,262.8147286187503,38.34875,42.42110641086402,34.276393589135985
20,deviant,4,40,252.3277213216344,32.375,36.28485854926532,28.465141450734674
20,deviant,5,40,270.2986214112867,36.07375,40.262070531109785,31.88542946889021
20,deviant,6,40,268.274648153912,30.64625,34.80320874056857,26.489291259431422
20,deviant,7,40,253.5246121136337,31.49375,35.422154564230006,27.56534543576999
20,deviant,8,40,225.17192846449814,26.21375,29.702825179493544,22.724674820506458
20,deviant,9,40,193.69491746721587,24.18,27.1813338409342,21.1786661590658
20,deviant,10,40,237.7160679200471,27.36875,31.052198634128505,23.685301365871492
20,deviant,11,40,206.4156511813762,23.5625,26.760943651955877,20.364056348044123
21,background,1,839,1388.6122294161928,79.62854588796186,84.32668726000297,74.93040451592076
21,background,2,759,768.5162293256022,26.7635046113307,29.497251054513775,24.029758168147623
21,background,3,679,505.14814542905094,18.240830168204017,20.1406392150255,16.341021121382532
21,background,4,599,382.85897347097847,14.80586064493454,16.338893614957833,13.272827674911248
21,background,5,519,289.9067731780389,12.630427948483927,13.877526454033069,11.383329442934786
21,background,6,439,247.2888472548008,11.19184150581465,12.348481874033133,10.035201137596168
21,background,7,359,184.2954123672314,9.901085699392398,10.85430620424714,8.947865194537657
21,background,8,279,154.54997026610366,9.235189377266344,10.141950517470184,8.328428237062505
21,background,9,200,123.76316301483189,8.613533625730994,9.471168589654056,7.755898661807934
21,background,10,120,92.42643324523294,8.460255847953217,9.287115207123156,7.633396488783278
21,background,11,40,45.722775749315815,7.861673976608187,8.57015572694164,7.153192226274732
21,deviant,1,40,307.53750734024726,81.98125,86.74659304671708,77.21590695328292
21,deviant,2,40,477.083924538054,70.04125,77.43374199930152,62.64875800069849
21,deviant,3,40,443.58271643041894,62.2375,69.11088540156312,55.36411459843687
21,deviant,4,40,449.08505524243986,57.55125,64.50989502477239,50.592604975227616
21,deviant,5,40,415.9218455178177,53.077828947368424,59.52260471360772,46.63305318112913
21,deviant,6,40,384.1791458185508,47.68953947368421,53.642457012274626,41.7366219350938
21,deviant,7,40,351.8869772197348,43.472434210526316,48.924979412660434,38.0198890083922
21,deviant,8,40,316.1087647781862,37.55888157894737,42.45703763565062,32.66072552224412
21,deviant,9,39,328.04462638577814,39.27847503373819,44.42633471184394,34.130615355632436
21,deviant,10,40,333.15574430827434,37.23835526315789,42.400657004313736,32.07605352200205
21,deviant,11,40,340.3524741193266,37.81366959064327,43.087485815547126,32.53985336573942
22,background,1,839,722.207161561367,44.57651966626937,47.01998896103595,42.13305037150279
22,background,2,760,396.72892773941146,15.930657894736843,17.340963227288956,14.520352562184728
22,background,3,680,268.7795026646034,11.101176470588236,12.111284365079676,10.091068576096795
22,background,4,600,201.00653956368782,8.881083333333333,9.68527697959287,8.076889687073795
22,background,5,520,161.55424378273244,7.718461538461538,8.412754519268907,7.0241685576541695
22,background,6,440,131.7624257597941,6.938409090909091,7.553998754697137,6.322819427121045
22,background,7,360,106.10371043663389,6.256805555555555,6.804836897740967,5.708774213370144
22,background,8,280,87.23991421120809,5.7908928571428575,6.301823899714316,5.279961814571399
22,background,9,200,70.96693077171855,5.411,5.902775740289048,4.919224259710951
22,background,10,120,58.27730893617262,5.28875,5.810106679352306,4.767393320647694
22,background,11,40,32.02876996175716,5.2275,5.72379093229041,4.73120906770959
22,deviant,1,40,156.1325347935293,45.0825,47.5017986913349,42.66320130866511
22,deviant,2,39,258.9968451342095,41.43974358974359,45.50406688170653,37.37542029778066
22,deviant,3,40,258.96824637700075,37.5725,41.585254551033756,33.55974544896624
22,deviant,4,40,219.57447483712673,31.88375,35.286091736951185,28.481408263048817
22,deviant,5,40,245.21632769540662,30.525,34.324666363400596,26.725333636599405
22,deviant,6,40,239.6250525080249,29.69875,33.41177865677773,25.98572134322227
22,deviant,7,40,251.73981451198046,28.30375,32.20449883887022,24.40300116112978
22,deviant,8,40,241.26170547004716,28.67,32.40838885716406,24.93161114283594
22,deviant,9,40,213.55870633769902,26.445,29.75412643831221,23.13587356168779
22,deviant,10,40,208.2080942862592,24.075,27.30121784561558,20.84878215438442
22,deviant,11,40,212.061020264898,23.32125,26.607169552183382,20.035330447816616
23,background,1,840,1390.5147163247818,80.05946428571428,84.76124123163702,75.35768733979155
23,background,2,760,746.5182833450372,26.24421052631579,28.89795882203042,23.590462230601158
23,background,3,680,496.9915518714366,18.424632352941178,20.292390441128916,16.55687426475344
23,background,4,600,379.2285486421915,14.732802631578947,16.25003281702596,13.215572446131935
23,background,5,520,304.99289273667193,12.61873987854251,13.929472544333608,11.308007212751411
23,background,6,440,235.58523556533453,10.978881578947368,12.079527951529135,9.8782352063656
23,background,7,360,196.01708139555186,10.065942982456141,11.078381697053457,9.053504267858825
23,background,8,280,161.11162222497006,9.412373642439432,10.355943221319272,8.468804063559592
23,background,9,200,117.682342834129,8.570190058479533,9.385687088390073,7.754693028568992
23,background,10,120,90.38266744120473,7.847989766081872,8.65656532024412,7.039414211919624
23,background,11,40,47.06404634330047,7.512324561403509,8.241589514911396,6.783059607895622
23,deviant,1,40,297.72604415539644,79.07625,83.68956284958628,74.46293715041372
23,deviant,2,40,492.0256331576746,73.90125,81.52526617302712,66.27723382697289
23,deviant,3,40,423.0100627147003,59.051249999999996,65.6058588296107,52.496641170389296
23,deviant,4,40,410.1265144985591,51.88184210526316,58.23681828700659,45.52686592351973
23,deviant,5,40,441.57838012007977,55.60875,62.451077888668635,48.766422111331366
23,deviant,6,40,423.5919471841954,49.867171052631576,56.43079627550982,43.30354582975333
23,deviant,7,40,406.763241696348,48.15861842105263,54.46148015080339,41.85575669130187
23,deviant,8,40,365.6928251930311,43.04125,48.70771903279973,37.374780967200266
23,deviant,9,40,369.4154201323747,43.201184210526314,48.925335449517306,37.47703297153532
23,deviant,10,40,332.9863408855899,34.55572368421053,39.71540049213672,29.39604687628433
23,deviant,11,40,310.0770174642841,35.438845029239765,40.243538193008604,30.63415186547093
24,background,1,840,961.9143850730821,40.66880952380952,43.921351065866595,37.41626798175245
24,background,2,760,616.4227658967417,17.029342105263158,19.220622481020687,14.83806172950563
24,background,3,680,433.85550590029396,11.95735294117647,13.587837659072997,10.326868223279943
24,background,4,600,361.64610864039,9.87625,11.323135774932409,8.429364225067593
24,background,5,520,287.7155301956944,8.404615384615385,9.641097128498192,7.168133640732578
24,background,6,440,244.11252258786433,7.57625,8.716735573484101,6.435764426515899
24,background,7,360,201.3488070619322,6.905833333333334,7.94581069630672,5.865855970359948
24,background,8,280,157.63952049233288,6.18875,7.111984797785539,5.265515202214461
24,background,9,200,125.15787924394569,5.7835,6.650799854296746,4.916200145703254
24,background,10,120,87.32623347329015,5.510416666666667,6.291648949609634,4.7291843837237
24,background,11,40,43.84095057555688,5.03625,5.715572567167585,4.356927432832415
24,deviant,1,40,204.40104413164147,39.39125,42.55847699230564,36.224023007694356
24,deviant,2,40,211.66368557093983,28.502499999999998,31.782262787314444,25.22273721268555
24,deviant,3,40,209.28054075054874,25.90125,29.14408557574475,22.658414424255252
24,deviant,4,40,212.70676627943135,24.8625,28.1584254903433,21.5665745096567
24,deviant,5,40,226.67606146681052,23.63,27.1423819618301,20.117618038169898
24,deviant,6,40,195.75516394344825,22.345,25.37825769082473,19.31174230917527
24,deviant,7,40,185.10310071615987,20.73,23.59820226109079,17.86179773890921
24,deviant,8,40,211.10764901747214,19.60375,22.874896911655235,16.33260308834477
24,deviant,9,40,178.7981882046436,17.27375,20.044256629566817,14.503243370433182
24,deviant,10,40,180.85673306442544,16.55,19.352404112637277,13.747595887362726
24,deviant,11,40,200.65739326943375,17.8775,20.986718521209404,14.7682814787906
25,background,1,838,1822.868380934435,76.46867541766109,82.6397298647722,70.29762097054997
25,background,2,758,1060.582670045103,27.182717678100264,30.957883211593735,23.407552144606793
25,background,3,679,787.3508957516559,19.445147662971863,22.40629157353995,16.484003752403776
25,background,4,599,603.3780656093488,15.547122396977418,17.963151619388018,13.131093174566818
25,background,5,519,495.4337592319702,13.415868911199,15.547087488687506,11.284650333710495
25,background,6,439,415.14060439064343,12.062741611051166,14.004472452758243,10.121010769344089
25,background,7,360,327.33325737894233,10.4868932748538,12.177587065345108,8.796199484362493
25,background,8,280,245.99241722590824,9.42657999164578,10.86726414790965,7.985895835381912
25,background,9,200,201.74623350401893,8.922273047815617,10.320303119753074,7.52424297587816
25,background,10,120,142.91639216562527,8.352884990253411,9.631434343417414,7.074335637089408
25,background,11,40,71.81449545757414,7.550694444444444,8.66347158028702,6.437917308601868
25,deviant,1,40,365.2615717393135,73.915,79.57478669130319,68.25521330869682
25,deviant,2,40,428.24630763148446,59.72,66.35574528519592,53.08425471480407
25,deviant,3,40,374.9397916578355,47.7225,53.53225226263202,41.91274773736797
25,deviant,4,40,389.58783213463994,43.9925,50.029226001340724,37.955773998659275
25,deviant,5,40,377.7589983292435,42.199342105263156,48.052778427849496,36.345905782676816
25,deviant,6,40,315.0471745980627,33.71565789473684,38.597364441176886,28.8339513482968
25,deviant,7,40,328.74365378464836,34.759963450292396,39.85389914049047,29.66602776009432
25,deviant,8,40,291.1540352154204,32.250855263157895,36.76233377918294,27.739376747132848
25,deviant,9,40,321.4723880597364,33.5400730994152,38.52133935991439,28.55880683891601
25,deviant,10,40,312.06007275729445,29.211922514619882,34.04734343850335,24.376501590736417
25,deviant,11,40,288.52310206733284,27.99766425868593,32.468376043224964,23.526952474146892
26,background,1,840,651.095307923502,42.464642857142856,44.66620525159518,40.26308046269053
26,background,2,760,371.9785895083636,15.082302631578948,16.404624629543868,13.759980633614028
26,background,3,680,250.5608550936542,10.636911764705882,11.578551641525094,9.69527188788667
26,background,4,600,190.26159968787582,8.64075,9.401954933572252,7.879545066427748
26,background,5,520,152.49042918869384,7.575627530364373,8.230968003923195,6.9202870568055515
26,background,6,440,120.79756276345412,6.701058612440192,7.265420801578491,6.136696423301892
26,background,7,360,99.80439202092597,6.144188596491228,6.659683621972848,5.628693571009608
26,background,8,280,83.39301897662111,5.83125,6.319651238288155,5.342848761711845
26,background,9,200,63.364941327785374,5.4006842105263155,5.83978085160949,4.961587569443141
26,background,10,120,48.66955350726458,5.20046052631579,5.63586492753647,4.76505612509511
26,background,11,40,25.531250201314176,4.86875,5.264360820524148,4.473139179475853
26,deviant,1,40,140.02574011494045,43.01125,45.180971322088695,40.8415286779113
26,deviant,2,40,264.7802514896973,41.698750000000004,45.80156250328422,37.59593749671579
26,deviant,3,40,234.82332664546362,36.35,39.98862514369312,32.71137485630688
26,deviant,4,40,236.52093486957756,33.6625,37.327429855651005,29.997570144348995
26,deviant,5,40,244.1695269576792,33.54,37.32344601792153,29.756553982078465
26,deviant,6,40,216.7368037626816,28.285,31.64337156810763,24.92662843189237
26,deviant,7,40,213.94196212499955,27.035,30.35006504826233,23.71993495173767
26,deviant,8,40,226.1480651441021,26.85,30.354200574047937,23.345799425952066
26,deviant,9,40,236.88447106464986,26.9125,30.583062907353874,23.24193709264613
26,deviant,10,40,222.97764225896827,25.89625,29.351324362479502,22.441175637520494
26,deviant,11,40,213.19098183751132,24.7775,28.080928488149212,21.474071511850788
27,background,1,840,1287.7797795144616,77.98863095238096,82.34302807429702,73.6342338304649
27,background,2,760,705.7798094828752,25.666776315789473,28.175706114765745,23.1578465168132
27,background,3,680,469.3835683218215,17.767279411764704,19.53128315165582,16.00327567187359
27,background,4,600,360.3149499505879,14.537833333333333,15.979393364323151,13.096273302343516
27,background,5,520,287.1070220410207,12.473653846153846,13.707520474947989,11.239787217359703
27,background,6,440,233.25565812383553,11.133905502392345,12.223668166771937,10.044142838012753
27,background,7,360,186.47851811749857,10.168735380116958,11.131906904959266,9.20556385527465
27,background,8,280,155.87045826327036,9.294032999164578,10.206907071389562,8.381158926939595
27,background,9,200,112.06429728127598,8.565855263157895,9.342421223615549,7.789289302700239
27,background,10,120,81.49529638778752,8.112609649122808,8.841677581104763,7.383541717140853
27,background,11,40,49.31934071356847,7.7588230994152045,8.523034201243682,6.994611997586728
27,deviant,1,40,278.3367801026209,76.135,80.44787309043642,71.8221269095636
27,deviant,2,40,447.7182502187591,70.9375,77.87496616151064,64.00003383848936
27,deviant,3,40,450.66610933734876,60.47,67.45314371178723,53.486856288212756
27,deviant,4,40,430.23795741426625,56.7575,63.424106218309284,50.09089378169072
27,deviant,5,40,437.4584401312943,53.75875,60.53723875714856,46.98026124285144
27,deviant,6,40,368.6883293657752,45.9975,51.71038485083915,40.28461514916086
27,deviant,7,40,389.6168191819671,46.17125,52.208425160292485,40.134074839707516
27,deviant,8,40,336.8358984945338,40.76125,45.98057632106484,35.541923678935156
27,deviant,9,40,366.7596656383868,40.891513157894735,46.5745130546603,35.20851326112917
27,deviant,10,40,347.43632299748356,39.46940789473684,44.85298949521218,34.0858262942615
27,deviant,11,40,338.96952113325756,36.74263157894737,41.995018725319966,31.490244432574766
28,background,1,838,648.2782338017005,42.77828162291169,44.97293282181864,40.583630424004745
28,background,2,758,367.2473209389579,15.041160949868074,16.348385240283463,13.733936659452684
28,background,3,678,244.8086417033345,10.611283185840708,11.532661471729403,9.689904899952014
28,background,4,598,197.37871025811748,8.7564381270903,9.54743686492524,7.965439389255359
28,background,5,518,154.84470148812767,7.622876447876448,8.289618035712556,6.956134860040341
28,background,6,438,128.8013566453561,6.842009132420091,7.445137086512297,6.238881178327885
28,background,7,358,104.13093983816219,6.229050279329609,6.768392415002289,5.6897081436569295
28,background,8,279,89.03256352830152,5.841397849462366,6.363761384577841,5.319034314346891
28,background,9,200,65.32163339563462,5.37,5.822655825335902,4.917344174664098
28,background,10,120,47.6114205671397,5.06,5.485938200978301,4.634061799021699
28,background,11,40,25.117932365459332,4.59,4.97920639430567,4.200793605694329
28,deviant,1,40,136.48994564860044,41.43,43.54493361921461,39.31506638078539
28,deviant,2,40,255.29804048148162,41.83,45.78588412148682,37.87411587851317
28,deviant,3,40,251.43574045657743,38.37,42.26603716256727,34.47396283743272
28,deviant,4,40,251.45554697652457,33.39625,37.29259406777349,29.49990593222651
28,deviant,5,40,253.78549790594505,35.2525,39.184947031463125,31.32005296853687
28,deviant,6,40,234.76628916076473,28.7575,32.39524133871121,25.11975866128879
28,deviant,7,40,240.64001286044197,29.4725,33.201255630374916,25.743744369625084
28,deviant,8,40,208.47432001391243,25.795,29.02534305600407,22.564656943995935
28,deviant,9,39,199.49938662351295,23.474358974358974,26.605014883955477,20.343703064762472
28,deviant,10,40,219.20694380088946,25.03,28.42664678454316,21.633353215456843
28,deviant,11,40,210.6000574798742,24.0475,27.310781699294036,20.784218300705962
29,background,1,840,1292.073532411331,77.62922619047619,81.99814187026509,73.26031051068729
29,background,2,760,699.3416245975468,25.484144736842104,27.970187859700577,22.998101613983632
29,background,3,680,488.2800680488619,18.235081269349845,20.07010048238274,16.40006205631695
29,background,4,600,354.0325459152749,14.569662280701754,15.98608746075886,13.153237100644649
29,background,5,520,282.9188273436341,12.557707489878542,13.77357499891845,11.341839980838634
29,background,6,440,235.24748695142125,11.346866028708133,12.445934451017015,10.247797606399251
29,background,7,360,184.44411743436103,10.229904970760234,11.182568707210084,9.2772412343103845
29,background,8,280,154.19488409380438,9.620968045112782,10.524028915834169,8.717907174391396
29,background,9,200,125.06014810192276,8.91946052631579,9.786083138350612,8.052837914280968
29,background,10,120,85.13989040040221,8.444730392156863,9.206403354581887,7.683057429731838
29,background,11,40,46.50210961698844,8.346578947368421,9.06713660109169,7.626021293645153
29,deviant,1,40,267.6049720252439,77.055,81.20158200144853,72.90841799855149
29,deviant,2,40,432.5713601002122,68.19875,74.90151266752041,61.4959873324796
29,deviant,3,40,443.38887826423996,61.433749999999996,68.3041318480604,54.56336815193959
29,deviant,4,40,413.2559134483135,54.56875,60.972216720847385,48.16528327915262
29,deviant,5,40,419.5160463652073,52.36625,58.866718485364004,45.865781514636
29,deviant,6,40,386.18128412770903,44.58,50.56394099310374,38.596059006896255
29,deviant,7,40,387.28848405683453,41.60940789473684,47.61050512848653,35.60831066098715
29,deviant,8,40,387.08302862904173,42.70875,48.706663668913286,36.71083633108672
29,deviant,9,40,370.39879527862894,42.378750000000004,48.11813879474816,36.639361205251845
29,deviant,10,40,338.1832641859124,38.280986842105264,43.52119081085713,33.0407828733534
29,deviant,11,40,309.6843266355963,34.199934210526315,38.99854256686408,29.40132585418855
30,background,1,840,883.712956493048,37.065238095238094,40.053355485778354,34.07712070469783
30,background,2,760,567.1178472165894,15.356578947368421,17.372588540297276,13.340569354439566
30,background,3,680,411.56315304867667,10.84389705882353,12.390604251354567,9.297189866292491
30,background,4,600,322.9024213043478,8.6195,9.911378742544592,7.327621257455409
30,background,5,520,272.6766496478162,7.715673076923077,8.887523963954889,6.543822189891264
30,background,6,440,213.75634185728975,6.680227272727273,7.678889781084369,5.681564764370178
30,background,7,360,171.65580616301236,5.971666666666667,6.858278091076897,5.085055242256437
30,background,8,280,155.05075569665973,5.708928571428571,6.617001957055642,4.800855185801501
30,background,9,200,126.40149066409485,5.4385,6.314417641766562,4.562582358233438
30,background,10,120,81.60956471291571,4.84,5.570090191856878,4.109909808143121
30,background,11,40,42.360234580136726,4.6475,5.303878635112066,3.991121364887934
30,deviant,1,40,186.73839708899834,36.18625,39.079791440909936,33.292708559090066
30,deviant,2,40,217.11220722547083,29.52,32.884188505028874,26.155811494971125
30,deviant,3,40,206.7708367912855,24.8475,28.05144731000108,21.64355268999892
30,deviant,4,40,170.96054484803457,20.31875,22.967811087541456,17.669688912458547
30,deviant,5,40,180.34956553724683,19.99375,22.78829547038559,17.199204529614406
30,deviant,6,40,158.54570153013992,17.12125,19.57794109731598,14.664558902684023
30,deviant,7,40,150.35013521076309,16.4775,18.807199481523426,14.147800518476572
30,deviant,8,40,168.4283074095388,17.1575,19.76732366191967,14.547676338080331
30,deviant,9,40,168.31561831399085,15.4575,18.06557752629363,12.84942247370637
30,deviant,10,40,143.38200723940227,14.3775,16.599227219979987,12.155772780020012
30,deviant,11,40,165.6116414672401,14.9825,17.548678970970776,12.416321029029223
31,background,1,839,1668.9071550284825,71.03617401668653,76.68264722571998,65.38970080765309
31,background,2,759,997.1104674059571,25.076021080368907,28.62291715063624,21.529125010101573
31,background,3,679,700.8961504693044,17.0705798000155,19.706576506314327,14.434583093716677
31,background,4,599,571.3660119316194,13.901568403479484,16.189415874575236,11.613720932383732
31,background,5,519,436.0666240206826,11.686968867254842,13.562806500072343,9.811131234437342
31,background,6,439,357.08183166176894,10.273876034048675,11.944049460154854,8.603702607942495
31,background,7,359,304.1475748705249,9.434911792014857,11.008036706761654,7.8617868772680595
31,background,8,279,244.80518370119586,8.676049592320107,10.11234768489497,7.239751499745243
31,background,9,199,200.0430168307091,8.272189896852684,9.661895898132352,6.882483895573016
31,background,10,119,119.65339197250664,7.41015037593985,8.485074004877987,6.335226747001712
31,background,11,39,80.37027431925343,8.04527665317139,9.306491930631335,6.784061375711445
31,deviant,1,40,363.2479434505481,69.6825,75.31108519771131,64.0539148022887
31,deviant,2,40,401.1060136803315,50.67375,56.88895207346047,44.458547926539524
31,deviant,3,40,350.4773023659081,43.52375,48.95445206397217,38.09304793602783
31,deviant,4,40,355.3860317724197,39.3175,44.82426361414809,33.81073638585192
31,deviant,5,40,363.35004508484366,39.488749999999996,45.11891727892557,33.85858272107442
31,deviant,6,40,317.32048984402786,31.970065789473683,36.88699772059622,27.053133858351146
31,deviant,7,40,281.7805090192682,28.18625,32.55248422283828,23.82001577716172
31,deviant,8,40,305.3432140437595,30.15013157894737,34.88147369877487,25.418789459119868
31,deviant,9,40,316.23368136248575,31.239802631578947,36.13989429080938,26.339710972348513
31,deviant,10,40,252.82997518812755,24.137119883040935,28.054760936596807,20.219478829485062
31,deviant,11,40,258.3441056044918,26.25562134502924,30.258704734596638,22.252537955461843
32,background,1,840,578.7334037634072,39.43702380952381,41.3939073604165,37.48014025863112
32,background,2,760,340.943443372867,13.771578947368422,14.98357616427736,12.559581730459483
32,background,3,680,223.95825503874593,9.59279411764706,10.434458006479595,8.751130228814525
32,background,4,600,167.7383457399618,7.822,8.493093150357042,7.150906849642957
32,background,5,520,132.60548928861766,6.752884615384615,7.322767883529716,6.1830013472395144
32,background,6,440,107.15817133662985,6.110681818181818,6.611321224938902,5.610042411424733
32,background,7,360,90.93064158438219,5.6090277777777775,6.078689407405991,5.139366148149564
32,background,8,280,73.17488064831221,5.283214285714286,5.711771768808199,4.854656802620373
32,background,9,200,55.64672402520065,4.9535,5.33911212390855,4.56788787609145
32,background,10,120,42.47203414260407,4.816666666666666,5.196627222329552,4.43670611100378
32,background,11,40,22.514439810930224,4.495,4.843864859222021,4.14613514077798
32,deviant,1,40,123.45240932610852,39.36125,41.27416490091898,37.448335099081014
32,deviant,2,40,237.36700431366216,39.455,43.13303983751071,35.77696016248929
32,deviant,3,40,245.1075274241899,33.7075,37.50548048573186,29.909519514268144
32,deviant,4,40,218.60452155000192,30.1675,33.554812155055906,26.780187844944095
32,deviant,5,40,233.44132024986493,29.44375,33.060960732733164,25.82653926726684
32,deviant,6,40,195.95625183080773,25.145,28.181373579920972,22.108626420079027
32,deviant,7,40,226.22456239670117,27.017500000000002,30.522885911257436,23.512114088742567
32,deviant,8,40,186.5429469388526,23.58625,26.476762909456873,20.695737090543126
32,deviant,9,40,206.75220994173065,23.80625,27.009908683976967,20.60259131602303
32,deviant,10,40,204.1197081693923,23.20375,26.366617646406375,20.040882353593624
32,deviant,11,40,205.3847929080796,23.28625,26.46872033752249,20.103779662477507
33,background,1,839,1169.1727383518921,72.62926102502979,76.58496492619952,68.67355712386006
33,background,2,759,632.4780254139893,22.936363636363637,25.18619843020297,20.686528842524304
33,background,3,679,416.5821931914642,15.711855670103093,17.278577485339447,14.14513385486674
33,background,4,599,316.1137952999638,12.826878130217029,14.092651963544128,11.56110429688993
33,background,5,519,244.95454465546945,11.1378612716763,12.191587761811466,10.084134781541135
33,background,6,439,193.96733311511363,9.696583143507972,10.603823603751843,8.7893426832641
33,background,7,360,157.1252684961906,9.00625,9.817810419808655,8.194689580191344
33,background,8,280,133.19696425425656,8.481983082706767,9.26206711223734,7.701899053176195
33,background,9,200,98.95408735119923,7.76725,8.452966840683157,7.081533159316842
33,background,10,120,72.04371642290111,7.491052631578947,8.135565452230644,6.846539810927251
33,background,11,40,43.369344011640294,7.2475,7.91951494775042,6.575485052249579
33,deviant,1,40,252.086221674043,73.2475,77.1536164734568,69.34138352654321
33,deviant,2,40,456.3595016397074,67.2775,74.34886373950003,60.206136260499974
33,deviant,3,40,442.2443388706721,56.27625,63.128897026418635,49.42360297358136
33,deviant,4,40,389.67725174343417,48.67375,54.71186157253395,42.63563842746605
33,deviant,5,40,401.13595280350893,49.82,56.035665984980376,43.604334015019624
33,deviant,6,40,381.6271016802162,44.40125,50.31462320497495,38.487876795025045
33,deviant,7,39,385.4121990257894,43.4948717948718,49.542975495499725,37.44676809424387
33,deviant,8,40,325.87319942772706,35.0375,40.08695753912969,29.98804246087031
33,deviant,9,40,361.37838417607054,40.341776315789474,45.94139239241337,34.74216023916558
33,deviant,10,40,331.03715008566957,34.785,39.914473783568425,29.655526216431568
33,deviant,11,40,355.5096703761997,36.42184210526316,41.93052151942511,30.913162691101206
34,background,1,840,597.3659197721804,39.831428571428575,41.851314644470854,37.811542498386295
34,background,2,760,341.5491064331207,13.729407894736843,14.94355814305812,12.515257646415566
34,background,3,680,226.15882867903628,9.614705882352942,10.464639809579143,8.76477195512674
34,background,4,600,170.91787039702038,7.711916666666666,8.395730564979882,7.028102768353451
34,background,5,520,130.99543985634728,6.649615384615385,7.2125793296068235,6.086651439623946
34,background,6,440,112.91592121201462,6.026363636363636,6.553903058732344,5.498824213994928
34,background,7,360,86.34054362629537,5.457222222222223,5.903175750273394,5.011268694171052
34,background,8,280,69.096576196692,5.041785714285714,5.44645811720468,4.637113311366748
34,background,9,200,58.79218530239865,4.853,5.260409058499401,4.4455909415005985
34,background,10,120,42.262681061739514,4.64125,5.019337654716632,4.2631623452833685
34,background,11,40,22.26644868051718,4.3775,4.722522196845057,4.0324778031549435
34,deviant,1,40,128.09556465471596,40.1875,42.172361338123885,38.202638661876115
34,deviant,2,40,217.71708464741215,35.57375,38.94731117778574,32.20018882221425
34,deviant,3,40,230.31830948539576,34.23125,37.800069179585734,30.662430820414276
34,deviant,4,40,248.3003539858002,30.92875,34.77620384586386,27.081296154136137
34,deviant,5,40,219.9757642153,29.12,32.5285597802869,25.7114402197131
34,deviant,6,40,201.43666237149688,24.34125,27.462543421045698,21.2199565789543
34,deviant,7,40,212.93000456043126,27.31375,30.613134603344914,24.014365396655084
34,deviant,8,40,193.0514589156831,22.40125,25.392613347380696,19.409886652619306
34,deviant,9,40,207.0082441785707,25.00375,28.211375975579216,21.796124024420784
34,deviant,10,40,190.80723946323144,21.48875,24.445338806689577,18.532161193310422
34,deviant,11,40,211.93798745462266,23.9725,27.256513139037118,20.688486860962882
35,background,1,838,1160.633540696405,72.57112171837709,76.50027691558849,68.64196652116568
35,background,2,758,635.5462900860216,23.14439313984169,25.406633054784255,20.882153224899124
35,background,3,679,412.20661975327494,15.917746686303387,17.46801243003255,14.367480942574222
35,background,4,599,311.4423111234162,12.830300500834724,14.077368910604257,11.583232091065192
35,background,5,519,245.4858984051619,11.144508670520231,12.200520897066088,10.088496443974375
35,background,6,439,196.09353970946987,9.89373576309795,10.810921097142261,8.97655042905364
35,background,7,359,159.64334426596386,9.092061281337047,9.917775319810632,8.266347242863462
35,background,8,279,135.74418234655832,8.608262591963781,9.404688171009001,7.811837012918561
35,background,9,200,99.55091559258325,8.029631578947368,8.719484228338052,7.339778929556685
35,background,10,120,76.7362289300781,7.667609649122807,8.354102320649917,6.981116977595697
35,background,11,40,43.246630535009075,7.630986842105263,8.301100324835495,6.9608733593750305
35,deviant,1,40,260.4226322123733,74.7175,78.75279049303242,70.68220950696758
35,deviant,2,40,429.035635251653,64.29375,70.94172604338502,57.64577395661499
35,deviant,3,40,443.55456259630563,58.73875,65.61169915338387,51.86580084661614
35,deviant,4,40,420.3268152032979,53.42,59.93303147866685,46.906968521333155
35,deviant,5,40,391.3694411597362,47.89375,53.95808231919488,41.829417680805115
35,deviant,6,40,391.08089417596676,42.68125,48.74111123735953,36.621388762640464
35,deviant,7,40,373.58202086796075,43.115,48.90371338627342,37.32628661372659
35,deviant,8,40,343.2581428481762,38.48,43.7988400283184,33.16115997168159
35,deviant,9,39,357.74770586634315,40.54615384615385,46.160130853655374,34.932176838652325
35,deviant,10,40,318.2736244177327,36.46,41.391700904353385,31.528299095646616
35,deviant,11,40,337.75684573684845,36.74375,41.977346546428606,31.51015345357139
36,background,1,840,1063.0099754446037,37.318154761904765,40.91253297103401,33.72377655277552
36,background,2,760,658.8285057585166,17.02578947368421,19.367815199418235,14.683763747950183
36,background,3,680,500.13397678706247,12.10735294117647,13.986920665827004,10.227785216525938
36,background,4,600,381.2547877179968,9.549583333333333,11.074920163440277,8.024246503226388
36,background,5,520,317.3192242182617,8.242803643724697,9.606509758101165,6.87909752934823
36,background,6,440,237.54105646976464,6.988367224880383,8.09815112757398,5.8785833221867865
36,background,7,360,228.38051375791127,6.660774853801169,7.840372428369388,5.48117727923295
36,background,8,280,176.1012193986294,6.063223684210526,7.0945816404737085,5.031865727947344
36,background,9,200,152.06294191581839,5.614986842105263,6.668729268584605,4.561244415625921
36,background,10,120,106.46956707646692,5.5298026315789475,6.482293763313589,4.577311499844306
36,background,11,40,63.34439423265293,4.9965789473684215,5.978110504984626,4.015047389752217
36,deviant,1,40,253.1463483525104,37.315,41.237543306526895,33.3924566934731
36,deviant,2,40,239.2706901354504,30.2425,33.95003775492719,26.534962245072812
36,deviant,3,40,214.99358007550882,25.76125,29.092610037226777,22.429889962773224
36,deviant,4,40,242.71598086739374,26.2175,29.978423087907796,22.456576912092206
36,deviant,5,40,220.6817785147225,22.3875,25.806999585196333,18.968000414803665
36,deviant,6,40,179.50842965105977,18.89125,21.67276193479752,16.109738065202478
36,deviant,7,40,245.09016063911105,22.47375,26.271461384609086,18.67603861539091
36,deviant,8,40,183.14778329621078,18.405,21.24290430377214,15.567095696227863
36,deviant,9,40,188.55861855555406,18.0675,20.989246064743153,15.145753935256845
36,deviant,10,40,188.05201548059992,17.28875,20.202646168769302,14.374853831230698
36,deviant,11,40,163.7791195482501,15.965,18.50278374965244,13.42721625034756
37,background,1,839,1948.9542317274718,70.11972586412396,76.71369235406553,63.52575937418239
37,background,2,759,1179.9303266426348,27.72637473129464,31.923592968954686,23.529156493634595
37,background,3,679,824.2960435359746,18.68120042373976,21.78129114947865,15.581109698000867
37,background,4,600,651.6184850312334,14.771659356725147,17.37867625570195,12.164642457748345
37,background,5,520,505.3112673568488,12.217370670265407,14.388988436744867,10.045752903785946
37,background,6,440,421.75002013107724,10.575121610845295,12.545523655267228,8.604719566423363
37,background,7,360,358.1591243495454,9.614388198505523,11.464299241441715,7.764477155569331
37,background,8,280,257.37512493704696,8.585357142857143,10.092705494870428,7.0780087908438585
37,background,9,200,198.86394871378576,7.647109477124183,9.02516633448089,6.269052619767477
37,background,10,120,156.3443994303286,7.4461194243779385,8.844797544735222,6.047441304020655
37,background,11,40,79.47459185119482,7.2509309425524595,8.482402501726423,6.019459383378496
37,deviant,1,40,404.807355092323,66.4875,72.76005495283347,60.21494504716652
37,deviant,2,40,446.02721378700255,55.576184210526314,62.487447491056656,48.66492092999597
37,deviant,3,40,406.1456077299896,47.60111842105263,53.894409813342904,41.30782702876236
37,deviant,4,40,360.7261309088487,41.5675,47.157009307538935,35.97799069246107
37,deviant,5,40,389.90291826622007,39.292565789473684,45.33417410100554,33.25095747794183
37,deviant,6,40,305.9223208173425,32.190065789473685,36.93038126172466,27.44975031722271
37,deviant,7,40,313.6329465802318,30.533099415204678,35.39289227147558,25.673306558933774
37,deviant,8,40,335.8197044662638,32.69591374269006,37.89949397415232,27.492333511227795
37,deviant,9,40,290.2920590236042,28.151125730994153,32.64924778754981,23.653003674438494
37,deviant,10,40,285.128336695343,26.064299105607155,30.482408455729146,21.646189755485164
37,deviant,11,40,287.33571149878185,25.689191606467148,30.14150458352895,21.236878629405346
38,background,1,839,821.58752456833,40.69100119189511,43.47070761976528,37.911294764024944
38,background,2,759,433.544103262499,15.386166007905139,16.928358098366132,13.843973917444144
38,background,3,679,301.38947088094284,10.803166421207658,11.936660523041942,9.669672319373374
38,background,4,599,228.3699618463082,8.610100166944909,9.524532647655432,7.695667686234384
38,background,5,520,180.81998172069834,7.350480769230769,8.127569882824305,6.573391655637233
38,background,6,440,139.23118790059408,6.36375,7.014233471705255,5.713266528294744
38,background,7,360,116.5914368978045,5.8052777777777775,6.407478788350247,5.203076767205308
38,background,8,280,98.88616528215925,5.521071428571428,6.100210140253198,4.941932716889658
38,background,9,200,78.35743003765033,5.11125,5.654239287332535,4.568260712667465
38,background,10,120,56.37783719083049,4.98375,5.488113748488601,4.479386251511398
38,background,11,40,31.145175064920753,4.882171052631579,5.364770540147756,4.3995715651154015
38,deviant,1,40,177.667341429218,41.2625,44.01548397724131,38.509516022758696
38,deviant,2,40,247.72246248786692,39.35375,43.19224932433168,35.51525067566832
38,deviant,3,40,267.90364528668647,37.4125,41.56370999158204,33.261290008417966
38,deviant,4,40,224.40845044600914,31.6225,35.099744965032244,28.145255034967754
38,deviant,5,40,249.18257415629589,32.05375,35.914873989032756,28.192626010967246
38,deviant,6,40,248.6398050022943,28.725,32.57771369385815,24.872286306141852
38,deviant,7,40,224.4066269309494,26.36375,29.840966709373657,22.886533290626343
38,deviant,8,40,217.7893538067895,26.53875,29.913431000012018,23.164068999987983
38,deviant,9,40,230.22426709166592,25.34375,28.911111977597805,21.776388022402195
38,deviant,10,40,220.75345857694782,24.1725,27.59311027926766,20.75188972073234
38,deviant,11,40,252.8941842373063,26.56,30.478635983080686,22.64136401691931
39,background,1,840,1524.0523768455016,72.47214285714286,77.62545353102804,67.31883218325767
39,background,2,760,813.3677327712539,25.96348684210526,28.854873808488982,23.07209987572154
39,background,3,680,540.7831523228674,17.686304179566562,19.718636727078316,15.653971632054809
39,background,4,600,418.46705523349084,14.189978070175439,15.86419497733773,12.515761163013147
39,background,5,520,330.5637502547068,11.732601214574899,13.153226796035073,10.311975633114725
39,background,6,440,262.53678884506087,10.530873205741626,11.757436337417358,9.304310074065894
39,background,7,360,205.0790027487481,9.33468567251462,10.393929695819182,8.275441649210059
39,background,8,280,175.97223610836159,8.664288847117794,9.694891397239571,7.633686296996017
39,background,9,200,122.04786086022679,7.778434210526315,8.624182736953385,6.932685684099245
39,background,10,120,82.77114380206443,7.271064814814815,8.011546650139426,6.530582979490203
39,background,11,40,58.43225432390262,7.139634502923976,8.045051664084573,6.2342173417633795
39,deviant,1,40,315.35354011515057,71.53625,76.42270372930965,66.64979627069035
39,deviant,2,40,461.8951720899451,67.08375,74.24088984179434,59.92661015820565
39,deviant,3,40,440.96228207243115,62.01875,68.85153135051513,55.18596864948486
39,deviant,4,40,444.03473963193466,55.26875,62.14913957363607,48.388360426363924
39,deviant,5,40,411.13734952621206,48.27493421052632,54.64557344329746,41.90429497775518
39,deviant,6,40,363.97356797868514,43.17203947368421,48.811868339947,37.53221060742142
39,deviant,7,40,375.98525851405793,44.15526315789474,49.98121509729776,38.32931121849171
39,deviant,8,40,366.09446740469525,40.73315789473684,46.405850438083874,35.06046535138981
39,deviant,9,40,378.68837077964605,40.01848684210526,45.88632394000723,34.15064974420329
39,deviant,10,40,347.71693132127655,38.44552631578947,43.83345598728939,33.05759664428955
39,deviant,11,40,338.5156198331194,36.558377192982455,41.80373106584245,31.31302332012246
40,background,1,839,817.7751315548024,40.78444576877235,43.55125359113991,38.01763794640479
40,background,2,759,434.8544190754804,15.445520421607378,16.99237353425177,13.89866730896299
40,background,3,680,294.7008384964765,10.732205882352941,11.839729486375669,9.624682278330214
40,background,4,600,231.39118734071806,8.780916666666666,9.706674221937131,7.8551591113962
40,background,5,520,184.6053828262357,7.428076923076923,8.221434117010395,6.634719729143452
40,background,6,440,145.898712161987,6.560568181818182,7.2422021047594525,5.878934258876911
40,background,7,360,121.49541901695409,5.888333333333334,6.515863673971181,5.260802992695487
40,background,8,280,99.31965642332227,5.498496240601503,6.0801737452509474,4.916818735952059
40,background,9,200,74.56820732631066,5.039894736842105,5.55662605044342,4.52316342324079
40,background,10,120,55.925890812376835,4.848333333333334,5.348653908459659,4.348012758207008
40,background,11,40,30.20221323364442,4.6,5.067988142562338,4.132011857437662
40,deviant,1,40,184.45923811594741,40.1325,42.99072550673813,37.27427449326187
40,deviant,2,40,270.65674026824377,40.89125,45.08511964028889,36.69738035971111
40,deviant,3,40,252.45025565237077,35.42,39.33175723839111,31.50824276160889
40,deviant,4,40,252.97652793136857,33.30125,37.22116191183922,29.381338088160792
40,deviant,5,40,252.56996425170047,31.75125,35.664862142355126,27.837637857644875
40,deviant,6,40,233.79069023830968,27.99875,31.621374276790167,24.376125723209835
40,deviant,7,40,247.42541672614246,31.490000000000002,35.32389655256757,27.656103447432436
40,deviant,8,40,233.36329256288246,25.85,29.466001681197213,22.23399831880279
40,deviant,9,40,218.14089483634197,24.14625,27.52637818469951,20.766121815300487
40,deviant,10,40,216.6620303147669,23.789934210526315,27.14714715205476,20.43272126899787
40,deviant,11,40,238.18487954130347,25.16,28.850712945460465,21.469287054539535
41,background,1,840,1520.5918177853607,73.78363095238095,78.92524036441111,68.64202154035078
41,background,2,760,796.497414671854,25.729342105263157,28.56075789759359,22.897926312932725
41,background,3,680,541.0520958908081,17.83999613003096,19.87333940201559,15.806652858046334
41,background,4,600,396.8748108840819,13.791305068226121,15.379135006327756,12.203475130124486
41,background,5,520,323.88476357445313,11.71741452991453,13.109336603113773,10.325492456715287
41,background,6,440,254.5032387574108,10.275412679425838,11.464443332711285,9.08638202614039
41,background,7,360,204.06266266967515,9.260095029239766,10.314089601649922,8.20610045682961
41,background,8,280,162.68013407724925,8.533674812030075,9.486430569085543,7.580919054974607
41,background,9,200,130.38228198832982,7.836640350877193,8.740143469134335,6.9331372326200515
41,background,10,120,87.92447808141505,7.282365841073271,8.06895010110691,6.4957815810396315
41,background,11,40,50.23241887897446,6.998815789473684,7.77717518405597,6.220456394891398
41,deviant,1,40,336.328407019718,72.81125,78.022712659192507,67.5997873408075
41,deviant,2,40,468.1307734518545,69.1375,76.39126148592831,61.883738514071695
41,deviant,3,40,456.0027267924012,61.92875,68.99458545596623,54.86291454403377
41,deviant,4,40,415.4662979554925,52.676249999999996,59.113966983629815,46.23853301637018
41,deviant,5,40,366.4330807003906,44.60875,50.286689410723056,38.930810589276945
41,deviant,6,40,365.0848072635563,42.843472222222225,48.5005199195967,37.18642452484775
41,deviant,7,40,360.5282085791437,42.53769736842105,48.12413983768778,36.95125489915432
41,deviant,8,40,372.12227286862617,40.64697368421053,46.41306804089387,34.88087932752719
41,deviant,9,40,373.347719412672,39.52717105263158,45.31225390024176,33.7420882050214
41,deviant,10,40,358.22062609384227,39.09105263157895,44.64173873978857,33.54036652336932
41,deviant,11,40,366.07238548853775,38.523390092879254,44.19574047339051,32.851039712368
42,background,1,840,1040.6888293210818,40.24470238095238,43.76360562457566,36.725799137329105
42,background,2,760,642.7138124677596,16.93282894736842,19.217569619527215,14.648088275209625
42,background,3,680,482.9490819842953,12.114705882352942,13.929690565014813,10.29972119969107
42,background,4,600,355.2275216044828,9.299083333333334,10.720289411856635,7.877877254810032
42,background,5,520,297.1334451227701,8.034230769230769,9.311186796392096,6.757274742069441
42,background,6,440,239.87757294086504,6.945568181818182,8.066268211629096,5.8248681520072685
42,background,7,360,214.28884834800857,6.4775,7.584313368658392,5.370686631341608
42,background,8,280,165.56916983544974,5.87875,6.848425742194266,4.9090742578057345
42,background,9,200,130.55477777546096,5.39225,6.296948453077046,4.487551546922954
42,background,10,120,97.16161251939174,5.0425,5.911720912707304,4.173279087292697
42,background,11,40,43.94542069431126,4.8025,5.4834413484287765,4.121558651571224
42,deviant,1,39,219.44037674814638,39.156410256410254,42.59999133150965,35.71282918131086
42,deviant,2,40,261.0187127794723,32.53,36.574526857111316,28.485473142888686
42,deviant,3,40,234.12292093099975,27.0875,30.715272244707993,23.459727755292004
42,deviant,4,40,204.77304510115584,22.41,25.58299120704738,19.23700879295262
42,deviant,5,40,232.77958289018028,25.15375,28.76070700611296,21.54679299388704
42,deviant,6,40,206.66560200631258,21.18125,24.383566680114075,17.978933319885922
42,deviant,7,40,229.36575020787447,22.0875,25.641559120661597,18.5334408793384
42,deviant,8,40,174.2433869469279,16.415,19.114929252874287,13.71507074712571
42,deviant,9,40,197.72950023493686,19.15625,22.220100348611076,16.092399651388924
42,deviant,10,40,168.5070824686763,17.6575,20.268544294107144,15.046455705892853
42,deviant,11,40,182.2279876245255,16.34625,19.169901922180138,13.522598077819865
43,background,1,839,1928.6237668893657,74.82497020262217,81.35015190445274,68.29978850079159
43,background,2,759,1138.2600040597515,27.718625615421953,31.767615238252073,23.669635992591832
43,background,3,679,800.6860172662031,18.642663359429502,21.653959259514018,15.631367459344988
43,background,4,599,608.9281862132121,14.454630524558475,16.892883381421704,12.016377667695245
43,background,5,519,509.45907267613364,12.432670227270167,14.624221811967624,10.24111864257271
43,background,6,440,416.81476486709795,10.926564992025519,12.8739096882608,8.979220295790237
43,background,7,360,342.96657261989924,9.723573175859038,11.49501387613373,7.952132475584346
43,background,8,280,282.55637292152693,9.18607634281783,10.840901700079108,7.531250985556551
43,background,9,200,187.2767412472182,8.091897660818713,9.389659267024092,6.794136054613334
43,background,10,120,190.32489896349,8.172495986698774,9.875168246846293,6.469823726551255
43,background,11,40,79.2210188197641,7.278781389748882,8.506323794093523,6.05123898540424
43,deviant,1,40,417.0487917940083,74.1825,80.644737979703,67.72026202029701
43,deviant,2,40,426.9352533187156,56.7875,63.402930288149705,50.1720697118503
43,deviant,3,40,397.7343863752078,45.8725,52.03545816710398,39.70954183289602
43,deviant,4,40,374.4803709750539,41.71822368421053,47.52085714960983,35.915590218811225
43,deviant,5,40,355.38170567032034,37.07815789473684,42.5848544752384,31.57146131423528
43,deviant,6,40,328.03975208405524,32.18921052631579,37.27223914666244,27.10618190596914
43,deviant,7,40,320.12302551048765,32.285526315789475,37.24588398696838,27.32516864461057
43,deviant,8,40,280.8031311599147,28.4418932748538,32.79298287085822,24.090803678849387
43,deviant,9,40,299.70311579885026,29.441915204678363,34.08586309676881,24.797967312587915
43,deviant,10,40,275.85905747436186,27.03453947368421,31.30901985423498,22.76005909313344
43,deviant,11,40,282.0955545413378,26.259166666666665,30.630282570445193,21.888050762888138
44,background,1,840,740.3076209821231,42.236785714285716,44.74000359782205,39.73356783074938
44,background,2,760,407.8453976950735,15.231052631578947,16.680875165326743,13.78123009783115
44,background,3,680,287.41468757107555,10.654485294117647,11.734626607090497,9.574343981144796
44,background,4,600,213.82681137583728,8.527166666666666,9.382652082622005,7.671681250711327
44,background,5,520,172.73371657584772,7.249615384615384,7.9919530921204025,6.507277677110366
44,background,6,440,135.84621723420236,6.375909090909091,7.010578092423466,5.741240089394716
44,background,7,360,114.36298398198238,5.879861111111111,6.4705520431252594,5.289170179096963
44,background,8,280,86.96118311304791,5.3932142857142855,5.902512906109866,4.883915665318705
44,background,9,200,75.1771066776386,5.21725,5.738200770833079,4.696299229166921
44,background,10,120,52.425661655338196,4.89625,5.365257052185785,4.427242947814215
44,background,11,40,30.340740371912307,4.87625,5.3463846428082284,4.406115357191771
44,deviant,1,40,171.16695450871782,42.58,45.23225943836968,39.927740561630316
44,deviant,2,40,276.97151193047387,42.27625,46.5679680409359,37.98453195906409
44,deviant,3,40,264.57330095636513,36.445,40.54460577154746,32.34539422845254
44,deviant,4,40,258.08896364992967,33.48625,37.48537992402229,29.48712007597771
44,deviant,5,40,247.54591280683354,31.395,35.230763658681695,27.559236341318307
44,deviant,6,40,227.63898588496838,27.40125,30.92855263027236,23.87394736972764
44,deviant,7,40,269.12931249142156,29.90375,34.073951901681674,25.733548098318323
44,deviant,8,40,258.45711239462617,27.9225,31.927334447922057,23.917665552077942
44,deviant,9,40,252.59555773899447,27.8625,31.77650871754939,23.94849128245061
44,deviant,10,40,210.69370385017504,22.935000000000002,26.199732764835353,19.67026723516465
44,deviant,11,40,229.61825871833912,25.36875,28.926721780567657,21.81077821943234
45,background,1,840,1442.1924665336169,76.01547619047619,80.89199221085566,71.13896017009672
45,background,2,760,759.8160742355134,25.593289473684212,28.294309203601696,22.89226974376673
45,background,3,680,505.99855072256213,17.417585139318884,19.31919268609629,15.515977592541478
45,background,4,600,384.7394595754198,13.850907894736842,15.390186315864268,12.311629473609417
45,background,5,520,299.1914943516906,11.613502024291497,12.899302691496557,10.327701357086438
45,background,6,440,250.72073418388766,10.481232057416268,11.652590975339642,9.309873139492893
45,background,7,360,189.3206699805157,9.196937134502924,10.174788525805834,8.219085743200015
45,background,8,280,159.866775675599,8.606071428571429,9.542350414022076,7.669792443120783
45,background,9,200,124.25855687914752,7.810783625730994,8.671851493990049,6.949715757471939
45,background,10,120,83.35415467437234,7.1411013645224175,7.886798893878915,6.39540383516592
45,background,11,40,42.02105083705418,6.694539473684211,7.34566240224641,6.043416545122011
45,deviant,1,40,306.0497293612678,73.695,78.4372896880926,68.95271031190738
45,deviant,2,40,453.62395160935256,65.36,72.38897595262863,58.331024047371365
45,deviant,3,40,430.5016840849754,57.3325,64.00319270540923,50.661807294590766
45,deviant,4,40,410.11063975725534,52.5775,58.93223020007848,46.22276979992152
45,deviant,5,40,447.5675338632384,54.48875,61.423880787386636,47.55361921261337
45,deviant,6,40,369.8879809091567,45.01875,50.75022364408969,39.28727635591031
45,deviant,7,40,406.3422084289019,48.544934210526314,54.84127196220749,42.248596458845135
45,deviant,8,40,333.6556454881018,37.66598684210526,42.83603463229408,32.495939051916444
45,deviant,9,40,354.2387233200447,41.13815789473684,46.627143780232416,35.64917200924127
45,deviant,10,40,324.3573479686973,36.49997807017544,41.52594724760051,31.474008892750362
45,deviant,11,40,328.1059645550629,36.88934210526316,41.97339669847748,31.805287512048842
46,background,1,839,759.3259684192226,42.9253873659118,45.494442046206075,40.35633268561753
46,background,2,759,411.20532392109493,15.328129117259552,16.790858268306497,13.865399966212607
46,background,3,679,274.45603616877094,10.525331369661266,11.557531656223398,9.493131083099135
46,background,4,599,207.90186829873664,8.424624373956593,9.25709909889748,7.592149649015705
46,background,5,520,164.95050294270894,7.217115384615385,7.926004075449074,6.508226693781695
46,background,6,440,141.0609890493433,6.368295454545454,7.0273276962620566,5.709263212828852
46,background,7,360,106.71734678702974,5.784861111111111,6.336061917882985,5.233660304339237
46,background,8,280,92.83186555896576,5.419821428571429,5.963502406283833,4.876140450859024
46,background,9,200,72.16187942470222,5.0985,5.598556311986854,4.598443688013145
46,background,10,120,54.00353302282516,4.870416666666666,5.353539569285749,4.387293764047584
46,background,11,40,30.186917696247164,4.58875,5.0565011357549015,4.120998864245099
46,deviant,1,40,172.47298034001855,42.76625,45.43874651828831,40.09375348171169
46,deviant,2,40,256.24513859316744,38.78875,42.75930955876963,34.81819044123037
46,deviant,3,40,246.07028841797475,33.39625,37.20914862188722,29.58335137811278
46,deviant,4,40,228.9051918199001,31.76625,35.313172694504274,28.219327305495725
46,deviant,5,39,249.92013987630023,31.788461538461537,35.71034809697744,27.86657497994563
46,deviant,6,40,217.82986480278595,28.22625,31.60155872439841,24.850941275601592
46,deviant,7,40,229.78129762198256,27.39375,30.954248094553037,23.833251905446964
46,deviant,8,40,252.1370606801409,28.76625,32.67315423201771,24.85934576798229
46,deviant,9,40,210.32926567646263,24.895,28.15408573682866,21.63591426317134
46,deviant,10,40,248.89603621212055,25.4225,29.27918403758844,21.56581596241156
46,deviant,11,40,223.06241161093055,23.31875,26.775137877196595,19.862362122803408
47,background,1,1564,1971.7432635534522,76.98321611253196,81.86926791462541,72.09716431043852
47,background,2,1404,1057.1171585222262,25.804166666666667,28.568978909514115,23.03935442381922
47,background,3,1244,691.8903003506398,17.43421898798443,19.356660464490737,15.511777511478122
47,background,4,1084,517.138675452845,13.81274276558555,15.352025695837046,12.273459835334055
47,background,5,924,405.14741378982626,11.842908407382092,13.149088802678849,10.536728012085335
47,background,6,764,320.21025165218856,10.392938826122899,11.528249257727014,9.257628394518784
47,background,7,604,263.0636115898397,9.455149878006274,10.50413272007518,8.406167035937369
47,background,8,444,207.68227321605272,8.758991228070176,9.724895350045626,7.793087106094726
47,background,9,284,145.1688470438709,7.929280948851001,8.773471201413795,7.085090696288208
47,background,10,160,102.36239775775185,7.364170321637427,8.157231214630418,6.571109428644435
47,background,11,40,44.84499524151178,6.643355263157895,7.338235663608586,5.948474862707204
47,deviant,1,80,429.8517216803708,76.638125,81.34789558262088,71.92835441737913
47,deviant,2,80,666.2374458183256,71.059375,78.35916086822749,63.75958913177252
47,deviant,3,80,653.4922844146469,62.145625,69.30576553654161,54.9854844634584
47,deviant,4,80,598.3517052352192,53.7725,60.32847992805845,47.21652007194155
47,deviant,5,80,585.0820522753512,51.646875,58.057462882383575,45.23628711761643
47,deviant,6,80,542.1972359668191,45.83782894736842,51.7785393438565,39.89711855088034
47,deviant,7,80,557.1795433854794,45.398519736842104,51.503387276785006,39.2936521968992
47,deviant,8,80,488.2659740382374,40.50473684210527,45.854536796448535,35.154936887762
47,deviant,9,80,481.11055373196785,38.42776315789474,43.69916308179724,33.15636323399224
47,deviant,10,44,366.3291772188933,38.44090909090909,43.85307682719447,33.028741354623705
47,deviant,11,40,321.888869711962,35.946052631578944,40.93377234213918,30.958332921018705
48,background,1,840,934.2816843915297,39.49208333333333,42.651189837635826,36.33297682903084
48,background,2,760,599.64396673535,16.215723684210527,18.347358220512973,14.084089147908081
48,background,3,680,418.3051045903166,11.22625,12.79829431239686,9.65420568760314
48,background,4,600,330.6554376099879,8.957083333333333,10.279980601274541,7.634186065392124
48,background,5,520,276.82187888889666,7.845576923076923,9.035242282192739,6.655911563961107
48,background,6,440,231.54027159097186,7.001022727272727,8.08277116291493,5.919274291630524
48,background,7,360,178.6458345736791,6.235694444444444,7.158409739643431,5.312979149245458
48,background,8,280,154.614818517706,5.8846428571428575,6.790163124287954,4.979122589997761
48,background,9,200,114.7778288695164,5.43775,6.233119775010341,4.64238022498966
48,background,10,120,99.2075177541872,5.2508333333333335,6.1383571906850225,4.363309475981644
48,background,11,40,35.76108587777914,4.68375,5.237873766575853,4.129626233424147
48,deviant,1,40,209.32734375161132,38.84,42.08356079575973,35.596439204240276
48,deviant,2,40,218.19272625244338,28.53875,31.91968132081275,25.15781867918725
48,deviant,3,40,201.28167616028722,24.53875,27.657641884822322,21.41985811517768
48,deviant,4,40,203.84961562258016,23.118750000000002,26.277432519034264,19.96006748096574
48,deviant,5,40,184.73372729417872,20.75375,23.616228760619894,17.891271239380107
48,deviant,6,40,166.67169904683246,17.94375,20.526354733342718,15.361145266657283
48,deviant,7,40,190.43936042740748,19.29625,22.24713846197209,16.345361538027912
48,deviant,8,40,179.80328432103673,18.955,21.741080755243257,16.16891924475674
48,deviant,9,40,167.05948357585564,17.37625,19.964863516872853,14.787636483127145
48,deviant,10,40,193.0621593384396,16.88875,19.8802791521491,13.897220847850905
48,deviant,11,40,181.5528123830929,17.38375,20.196939973425,14.570560026574999
49,background,1,839,1787.778410412442,75.68825983313468,81.73691440787643,69.63960525839293
49,background,2,759,1033.3952163133986,25.799355107135426,29.47532236611995,22.1233878481509
49,background,3,679,778.8583138796268,18.457607937369197,21.386812140710113,15.528403734028283
49,background,4,599,570.2240523540207,14.49228099464019,16.775555863801028,12.209006125479352
49,background,5,519,471.40529550650876,12.472347857440647,14.50020265051608,10.444493064365215
49,background,6,439,381.09156077218296,10.905690098442767,12.68816386573854,9.123216331146994
49,background,7,359,319.87284937312495,9.80659564417078,11.461055486943236,8.152135801398325
49,background,8,279,254.88874644639654,9.197987801043828,10.69344723047571,7.702528371611946
49,background,9,199,204.38320127949916,8.7407902083517,10.160647626415132,7.3209327902882695
49,background,10,120,148.34639742565696,8.218026315789475,9.545153229635565,6.890899401943384
49,background,11,40,61.63769464180822,7.236827485380117,8.191913458851461,6.2817415119087725
49,deviant,1,40,381.6787951033944,72.37375,78.2879242028657,66.4595757971343
49,deviant,2,40,419.3349935816295,53.525,60.02266304341718,47.027336956582815
49,deviant,3,40,363.1787837241713,45.76375,51.391263556648546,40.13623644335146
49,deviant,4,40,381.3778034277406,42.90677631578947,48.81628660432127,36.99726602725767
49,deviant,5,40,360.95487033845745,39.25625,44.849303661721365,33.66319633827864
49,deviant,6,40,319.8111280151758,32.852302631578944,37.80782740099758,27.896777862160306
49,deviant,7,40,333.60787991871484,36.68526315789474,41.85457081291786,31.515955502871613
49,deviant,8,40,275.6702539065267,29.549736842105265,33.82129168106288,25.27818200314765
49,deviant,9,40,268.7224486081595,25.886184210526316,30.050081691021024,21.72228673003161
49,deviant,10,40,239.1618521429951,24.103355263157894,27.809206555919697,20.39750397039609
49,deviant,11,40,252.1865000791149,25.000891812865497,28.908562116307053,21.09322150942394
50,background,1,838,634.6569587290115,42.012231503579955,44.160769866808906,39.863693140351
50,background,2,758,351.2739858826651,14.379089709762534,15.629456589942382,13.128722829582685
50,background,3,678,237.82780148227994,10.168141592920355,11.063246318561399,9.27303686727931
50,background,4,598,175.98912944898194,8.206688963210702,8.911968570544085,7.501409355877319
50,background,5,518,140.0312934950425,7.1314671814671815,7.734424118800856,6.528510244133507
50,background,6,438,117.57223983129417,6.35296803652968,6.9035142909665375,5.802421782092823
50,background,7,358,97.32566059640345,5.889664804469274,6.393759262114621,5.385570346823927
50,background,8,278,78.09147807135182,5.437410071942446,5.896404401974848,4.978415741910044
50,background,9,198,64.40159772454162,5.186111111111111,5.634639692242169,4.7375825299800525
50,background,10,118,45.57241201474972,4.862288135593221,5.273425632209616,4.451150638976825
50,background,11,40,25.225196259212524,4.5725,4.9633684655589665,4.181631534441033
50,deviant,1,40,136.27538874994036,42.14625,44.25785902562602,40.034640974373986
50,deviant,2,40,246.04470603616136,41.058749999999996,44.87125221877416,37.24624778122583
50,deviant,3,40,238.53932148544575,35.58375,39.27995508028523,31.887544919714777
50,deviant,4,40,223.53868145192044,30.919999999999998,34.383767754840626,27.45623224515937
50,deviant,5,40,258.92131501369494,32.645,36.657027342025216,28.63297265797479
50,deviant,6,40,201.66977959029958,25.6475,28.77240560977448,22.52259439022552
50,deviant,7,40,222.4744751769586,28.103749999999998,31.551027707767926,24.65647229223207
50,deviant,8,40,197.94401787001874,22.92625,25.99342433380422,19.85907566619578
50,deviant,9,40,208.83711229971604,24.32375,27.55971458071339,21.08778541928661
50,deviant,10,40,232.90981991003798,24.89,28.49897504964323,21.28102495035677
50,deviant,11,38,195.9631410025338,22.2,25.315363083822543,19.084636916177455
51,background,1,840,1232.5645333804514,75.80875,79.97644663734837,71.64105336265163
51,background,2,760,671.871876492127,24.595065789473683,26.98345852808192,22.206673050865447
51,background,3,680,447.3356416783592,16.878014705882354,18.559159505493636,15.19686990627107
51,background,4,600,337.2825342272215,13.596583333333333,14.945994509748843,12.247172156917824
51,background,5,520,262.2922385833265,11.591057692307693,12.718280697440038,10.463834687175348
51,background,6,440,220.49535739234724,10.46625,11.496396964442106,9.436103035557895
51,background,7,360,175.46721841085332,9.401805555555555,10.308103128180683,8.495507982930427
51,background,8,280,142.0960849862552,8.766625939849623,9.598828739494543,7.934423140204704
51,background,9,200,108.79780726419573,8.111828947368421,8.865759286856871,7.357898607879971
51,background,10,120,82.43315917150181,7.906052631578947,8.643510810734822,7.168594452423072
51,background,11,40,42.50947262855533,7.149407894736842,7.8080989973670585,6.4907167921066256
51,deviant,1,40,263.6701537906784,76.12125,80.20686136122858,72.03563863877143
51,deviant,2,40,468.5991132592639,70.63374999999999,77.89476848642896,63.372731513571026
51,deviant,3,40,441.7319650504913,57.87125,64.7159577118211,51.02654228817891
51,deviant,4,40,401.82189691716064,53.0775,59.30379479913933,46.85120520086067
51,deviant,5,40,410.8948418423277,49.49875,55.86563153727842,43.131868462721584
51,deviant,6,40,349.5569263179349,41.09375,46.51019068935641,35.67730931064359
51,deviant,7,40,397.6296809317619,46.4225,52.583835739448915,40.261164260551084
51,deviant,8,40,357.2880858855911,41.65375,47.1899862479776,36.117513752022404
51,deviant,9,40,338.39364729012834,39.109802631578944,44.35326652030445,33.866338742853436
51,deviant,10,40,342.6774453898992,36.535000000000004,41.84484202798024,31.22515797201977
51,deviant,11,40,345.3055977651582,36.28809210526316,41.638657776208014,30.937526434318304
52,background,1,840,633.5489139094074,42.068214285714284,44.2104466853877,39.925981886040866
52,background,2,760,366.02113470758974,14.743618421052632,16.044762658369134,13.442474183736131
52,background,3,680,240.19133820221,10.19,11.092669900424916,9.287330099575083
52,background,4,600,179.97261487588383,8.285666666666666,9.005707087729895,7.565626245603436
52,background,5,520,144.60123024882498,7.127884615384615,7.749320591482446,6.506448639286784
52,background,6,440,114.49824176999861,6.320681818181818,6.855613789486062,5.785749846877573
52,background,7,360,95.63192871355096,5.8429166666666665,6.336860695890473,5.34897263744286
52,background,8,280,76.7103403446333,5.40625,5.855513327717252,4.956986672282748
52,background,9,200,61.99910865233635,5.154,5.583631903524768,4.7243680964752315
52,background,10,120,43.96676376297753,4.7995833333333335,5.1929159421268976,4.4062507245397695
52,background,11,40,23.437992100097027,4.47625,4.839425450204965,4.113074549795035
52,deviant,1,40,136.9416414312854,40.34625,42.46818271788022,38.22431728211978
52,deviant,2,40,247.16763435709825,41.39875,45.228652173376176,37.56884782662382
52,deviant,3,40,233.13257466175992,36.37375,39.98617667028106,32.76132332971894
52,deviant,4,40,232.17904275523415,31.99125,35.58890154031437,28.393598459685638
52,deviant,5,40,263.86524670947597,31.395,35.48363435732455,27.306365642675452
52,deviant,6,40,244.9805309127968,31.03375,34.82976265440046,27.23773734559954
52,deviant,7,40,233.87852785040715,29.556250000000002,33.180235334690614,25.93226466530939
52,deviant,8,40,195.81747677499655,23.0125,26.04672323815295,19.97827676184705
52,deviant,9,40,217.6384314456095,23.75375,27.12609243379724,20.38140756620276
52,deviant,10,40,192.38556407162645,21.575,24.556045199872724,18.593954800127275
52,deviant,11,40,211.25749441704644,23.47875,26.752218790177047,20.205281209822957
53,background,1,840,1253.4956301227546,76.08238095238096,80.32085235173685,71.84390955302507
53,background,2,760,666.5913053896313,24.32144736842105,26.691068555312086,21.951826181530016
53,background,3,680,450.357948279974,17.042279411764707,18.734782427786094,15.34977639574332
53,background,4,600,328.8989886528113,13.481416666666666,14.797286675224143,12.16554665810919
53,background,5,520,260.7113037789667,11.586756072874493,12.70718487742083,10.466327268328158
53,background,6,440,220.38765686454758,10.33011961722488,11.3597634083889,9.300475826060861
53,background,7,360,170.35418985161476,9.282945906432749,10.162834412943027,8.40305739992247
53,background,8,280,142.67620582144147,8.696682330827068,9.532282677865506,7.861081983788629
53,background,9,200,109.79087377788862,8.104592105263158,8.865404044598424,7.343780165927893
53,background,10,120,81.7731135842531,7.719912280701754,8.451465602858038,6.98835895854547
53,background,11,40,47.231819114259245,7.618355263157895,8.35021988268516,6.886490643630629
53,deviant,1,40,269.45282274307414,77.05125,81.2264647449657,72.8760352550343
53,deviant,2,40,479.5654310222734,76.16375000000001,83.5946933406427,68.73280665935731
53,deviant,3,40,441.28052600537336,61.63625,68.4739625913453,54.798537408654695
53,deviant,4,40,382.96958103745015,48.6175,54.55167513812999,42.68332486187001
53,deviant,5,40,397.52398471168084,48.17875,54.338447959550834,42.01905204044917
53,deviant,6,40,393.20121071184803,49.86375,55.95646588246766,43.771034117532345
53,deviant,7,40,383.381691076441,42.972500000000004,48.913060849342166,37.03193915065784
53,deviant,8,40,365.4375967720111,40.45217105263158,46.11468528007455,34.7896568251886
53,deviant,9,40,328.0083920620902,37.815,42.897542691771925,32.73245730822807
53,deviant,10,40,387.61370751988375,42.01703947368421,48.02317609720353,36.01090285016488
53,deviant,11,40,328.2102984368407,35.01407894736842,40.09975021083011,29.92840768390673
54,background,1,840,979.415259223584,40.83470238095238,44.14642000050672,37.522984761398035
54,background,2,760,612.9782837228325,16.854276315789473,19.033312130492618,14.675240501086328
54,background,3,680,448.6055177171989,11.953676470588235,13.639593627463153,10.267759313713317
54,background,4,600,349.50219862270575,9.730583333333334,11.128883349323928,8.332283317342739
54,background,5,520,282.0450785172284,8.29076923076923,9.502881730575348,7.078656730963113
54,background,6,440,261.9895236957306,7.725909090909091,8.94991541803803,6.501902763780151
54,background,7,360,197.22600581166026,6.919583333333334,7.938266207231338,5.900900459435329
54,background,8,280,164.14167500572248,6.461785714285714,7.423101161445161,5.500470267126267
54,background,9,200,141.4821729517818,5.8695,6.849921438329886,4.8890785616701145
54,background,10,120,114.84810334570292,5.8654166666666665,6.892863315855725,4.837970017477608
54,background,11,40,54.02287527179185,5.55375,6.390843124889246,4.716656875110754
54,deviant,1,40,204.60865084350664,39.02,42.190443891634104,35.8495561083659
54,deviant,2,40,236.71832584207263,31.26875,34.936738460457946,27.60076153954206
54,deviant,3,40,224.72293467383574,27.68375,31.16586794862809,24.20163205137191
54,deviant,4,40,218.1225271312096,25.4675,28.84734357415983,22.087656425840173
54,deviant,5,40,259.6868407585527,26.05375,30.077639286335327,22.029860713664675
54,deviant,6,40,191.72078793473543,19.40625,22.376994386911875,16.435505613088125
54,deviant,7,40,200.6682389050723,20.6,23.709386576074724,17.49061342392528
54,deviant,8,40,170.88464868997082,18.13,20.77788506438828,15.482114935611719
54,deviant,9,40,178.57092796922313,18.48875,21.255735195735795,15.721764804264204
54,deviant,10,40,184.17966057201065,16.24,19.093893407812892,13.386106592187105
54,deviant,11,40,156.99487085151608,16.1225,18.55516072698837,13.689839273011629
55,background,1,840,1860.5891865354458,77.44190476190477,83.73315449869807,71.15065502511146
55,background,2,760,1091.8618104677416,27.49546052631579,31.376847604608468,23.61407344802311
55,background,3,680,756.3886265577802,19.00888544891641,21.851491062124023,16.166279835708796
55,background,4,600,612.2768278861189,15.532995126705654,17.982612615802076,13.083377637609233
55,background,5,520,526.085752488554,13.485481893837157,15.746379761347127,11.224584026327188
55,background,6,440,401.87915002048817,11.917017543859648,13.794583545077176,10.039451542642121
55,background,7,360,310.29828442677143,10.48630604288499,12.089013286509534,8.883598799260447
55,background,8,280,275.86393193733835,9.914866516782151,11.530496789083566,8.299236244480737
55,background,9,200,184.97314552113636,8.88560197368421,10.167400475931146,7.603803471437274
55,background,10,120,144.94950400649984,8.594984305125559,9.891722151503467,7.29824645874765
55,background,11,40,126.91735912581706,9.167902046783626,11.134506901094205,7.201297192473046
55,deviant,1,40,428.0371725126587,80.25,86.88250470295625,73.61749529704375
55,deviant,2,40,459.66843313529006,61.64,68.76263616422281,54.51736383577718
55,deviant,3,40,414.03966177223634,51.86565789473684,58.28126892168231,45.45004686779137
55,deviant,4,40,375.77915196645966,44.20125,50.024008285360715,38.37849171463929
55,deviant,5,40,371.13999699361574,41.87375,47.62462383431057,36.12287616568943
55,deviant,6,40,356.4483066612009,38.34342105263158,43.86664478671344,32.82019731854972
55,deviant,7,40,345.0539219663029,35.99638157894737,41.34304749298623,30.64971566490851
55,deviant,8,40,304.8075444107101,30.183676900584796,34.90671873345457,25.460635067715025
55,deviant,9,40,300.2575935572989,32.38081011351909,37.03334972748969,27.72827049954849
55,deviant,10,40,281.02326448285123,27.549934210526317,31.904434807708697,23.195433613343937
55,deviant,11,40,290.7669867933344,29.053568111455107,33.559049250045184,24.548086972865033
56,background,1,839,676.356309865397,42.53182359952324,44.8201640694582,40.243483129588284
56,background,2,759,392.72060176750534,15.407575757575758,16.80455152370727,14.010599991444245
56,background,3,679,260.4028559144869,10.858321060382917,11.837668814029135,9.878973306736698
56,background,4,599,205.0705398534599,8.913856427378965,9.734994027800548,8.092718826957382
56,background,5,519,159.41416689926626,7.649345908122909,8.335101425747,6.963590390498816
56,background,6,439,135.23949732761835,6.943675818247213,7.576229464411141,6.311122172083285
56,background,7,360,109.36218863982911,6.305599415204679,6.870460971676003,5.740737858733354
56,background,8,280,89.88656594198102,5.933571428571429,6.460002905093952,5.407139952048905
56,background,9,200,71.29469973656049,5.50725,6.001297063334531,5.013202936665469
56,background,10,120,51.07357953302069,5.2525,5.709411142845237,4.795588857154764
56,background,11,40,27.766981527668705,5.1175,5.547753836338749,4.687246163661251
56,deviant,1,40,137.75623015808912,41.027499999999996,43.162054900971896,38.8929450990281
56,deviant,2,40,252.53464066706195,40.70375,44.61681479774049,36.79068520225951
56,deviant,3,40,258.0227601139909,38.58875,42.58685408960494,34.590645910395054
56,deviant,4,40,255.38197912765474,34.29625,38.25343476428435,30.339065235715648
56,deviant,5,40,256.03784156993174,33.05375,37.0210974581162,29.086402541883803
56,deviant,6,40,218.61365224378926,29.13625,32.52370363662193,25.74879636337807
56,deviant,7,40,241.86601880510537,28.90375,32.651502789304125,25.155997210695876
56,deviant,8,40,216.70830166769315,25.614802631578947,28.97273255514915,22.256872708008743
56,deviant,9,40,227.75235858735974,25.75,29.27905935849618,22.22094064150382
56,deviant,10,40,210.16917371238668,23.74125,26.997855086144966,20.484644913855035
56,deviant,11,40,231.28918444688517,26.24375,29.827613042973248,22.65988695702675
57,background,1,840,1337.9095526427154,78.1610119047619,82.68491389335189,73.63710991617192
57,background,2,760,711.2278523052493,25.651842105263157,28.180138790057782,23.12354542046853
57,background,3,680,489.22978850935937,18.181122291021673,20.019710675532295,16.34253390651105
57,background,4,600,358.1229541545719,14.523666666666667,15.956456887999497,13.090876445333837
57,background,5,520,291.4379770113091,12.579691295546558,13.83217056840165,11.327212022691466
57,background,6,440,226.9754276058139,11.010520334928229,12.070941971539037,9.95009869831742
57,background,7,360,187.28879020291762,10.146118421052632,11.113475044575091,9.178761797530173
57,background,8,280,153.2338617090524,9.332744360902256,10.230176888526158,8.435311833278353
57,background,9,200,124.27589685056266,8.859144736842106,9.72033276497262,7.997956708711593
57,background,10,120,89.64186867688024,8.377083333333333,9.179031601663636,7.575135065003029
57,background,11,40,54.83678333944784,7.975723684210527,8.825428445268692,7.126018923152362
57,deviant,1,40,290.5768944340678,79.075,83.57753562696679,74.57246437303321
57,deviant,2,40,474.0140182248667,71.57000000000001,78.91492330815181,64.2250766918482
57,deviant,3,40,464.4282874788381,60.22125,67.41764087139848,53.02485912860152
57,deviant,4,40,417.9684985611639,56.89125,63.36773898370503,50.41476101629497
57,deviant,5,40,439.5705320327774,55.47,62.28121596022635,48.65878403977365
57,deviant,6,40,372.86076842647174,46.415,52.19253746390641,40.63746253609359
57,deviant,7,40,386.83882094719087,44.451644736842105,50.44577436852127,38.45751510516294
57,deviant,8,40,335.2113010837627,38.872368421052634,44.06652134443311,33.678215497672156
57,deviant,9,40,335.1738302601026,38.30565789473684,43.499230201689336,33.11208558778434
57,deviant,10,40,352.90355357895584,37.43342105263158,42.901718268647734,31.965123836615422
57,deviant,11,40,343.22318473664285,35.73781432748538,41.05611267425358,30.419515980717183
58,background,1,839,682.0027531199249,43.15476758045292,45.46221186360298,40.84732329730286
58,background,2,759,387.09064625879654,15.381159420289855,16.75810845144829,14.00421038913142
58,background,3,679,250.40216599870328,10.74941089837997,11.691147109059274,9.807674687700667
58,background,4,599,193.72548401770675,8.856761268781302,9.63247132055413,8.081051217008474
58,background,5,519,153.38844737943498,7.5585741811175335,8.218408725162217,6.898739637072851
58,background,6,439,128.9438984495521,6.896469248291572,7.4995765854718215,6.293361911111322
58,background,7,359,106.84952528032859,6.367409470752089,6.920061091988613,5.814757849515566
58,background,8,280,86.47418233511266,5.81,6.316446441809054,5.303553558190945
58,background,9,200,68.98710787264227,5.5605,6.038556267553694,5.082443732446307
58,background,10,120,50.60697372372393,5.329583333333333,5.782320157567395,4.876846509099271
58,background,11,40,27.63445599056976,4.9575,5.385700331866436,4.5292996681335636
58,deviant,1,40,151.18575190456065,43.2225,45.5651474963394,40.879852503660594
58,deviant,2,40,276.8092303374293,45.08625,49.37545346159983,40.79704653840017
58,deviant,3,40,248.74006724416472,35.55,39.40426727339151,31.695732726608483
58,deviant,4,40,245.3974434731501,32.8625,36.664972781452114,29.06002721854788
58,deviant,5,40,257.03275953404113,35.56375,39.54651387168905,31.580986128310943
58,deviant,6,40,230.2033083122281,27.015,30.582037217945803,23.447962782054198
58,deviant,7,40,240.69715630358326,28.8975,32.6271410771999,25.1678589228001
58,deviant,8,39,218.23087123020593,25.093589743589742,28.518190581899862,21.668988905279623
58,deviant,9,40,223.21039166528155,27.009999999999998,30.468680851894714,23.551319148105282
58,deviant,10,40,221.2894567850229,24.84125,28.270165657548162,21.412334342451835
58,deviant,11,40,238.46494832353739,25.4225,29.117552656201973,21.727447343798026
59,background,1,840,1339.0095170842162,78.27827380952381,82.80589513124394,73.75065248780368
59,background,2,760,714.2424547802561,25.7475,28.286513095040412,23.208486904959585
59,background,3,680,494.63869500524436,18.19205882352941,20.05097457340047,16.333143073658352
59,background,4,600,352.0368368550714,14.404491228070176,15.812931908968785,12.996050547171567
59,background,5,520,288.1353995598807,12.684337044534413,13.922623212402533,11.446050876666293
59,background,6,440,239.38853209426222,11.12491028708134,12.243325534348195,10.006495039814485
59,background,7,360,192.6437755781533,10.165358187134503,11.160373596673935,9.17034277759507
59,background,8,280,152.07730475632127,9.418950501253132,10.309609514081712,8.528291488424552
59,background,9,200,118.71893075716206,8.649038011695906,9.47171822943324,7.826357793958572
59,background,10,120,90.62478990640271,8.379334795321638,9.190076409769725,7.568593180873552
59,background,11,40,49.16416533491415,8.061615497076023,8.823422131501198,7.299808862650846
59,deviant,1,40,292.540141195232,77.15875,81.69170645070051,72.62579354929949
59,deviant,2,40,447.13881336901704,69.33624999999999,76.26473769450409,62.40776230549589
59,deviant,3,40,480.5863414402737,65.6875,73.13426251146129,58.24073748853871
59,deviant,4,40,400.86007351445176,54.590065789473684,60.80145698058189,48.37867459836548
59,deviant,5,40,412.9737247918093,49.99875,56.397844162313746,43.59965583768626
59,deviant,6,40,371.5804482641191,45.00861842105263,50.766317118507416,39.250919723597846
59,deviant,7,40,379.39063637728356,44.46421052631579,50.34292934239124,38.58549171024034
59,deviant,8,40,356.1027177852411,42.67881578947368,48.196684568443494,37.16094701050387
59,deviant,9,40,367.70242664606326,43.280986842105264,48.97859497203075,37.58337871217978
59,deviant,10,40,334.9970864846684,37.37486842105263,42.56570205483124,32.18403478727402
59,deviant,11,40,334.91982631441743,35.63381578947369,40.82345226451131,30.444179314436063
60,background,1,840,918.0046339178996,38.51255952380952,41.61662809160832,35.40849095601072
60,background,2,760,586.2738066089848,16.066118421052632,18.150224262559036,13.98201257954623
60,background,3,680,431.61983150379984,11.480588235294118,13.102671001646634,9.858505468941601
60,background,4,600,339.39092504072636,9.431833333333334,10.789679829812224,8.073986836854443
60,background,5,520,294.7543089279255,8.370480769230769,9.637212258046407,7.10374928041513
60,background,6,440,237.1411915649454,7.345340909090909,8.453256656269769,6.23742516191205
60,background,7,360,205.16111127342657,6.824861111111111,7.884529229339395,5.7651929928828265
60,background,8,280,172.7985136388316,6.389285714285714,7.40130097732851,5.377270451242919
60,background,9,200,128.9414697898971,5.92425,6.817768799113047,5.030731200886953
60,background,10,120,95.43749676868983,5.6425,6.4962967402632845,4.788703259736716
60,background,11,40,46.231027402998976,5.37125,6.087607191299366,4.654892808700634
60,deviant,1,40,196.80407703307904,40.36625,43.41576076753564,37.316739232464364
60,deviant,2,40,233.539684444692,31.435,35.05373490172289,27.81626509827711
60,deviant,3,40,207.07023344495312,23.90125,27.10983650921325,20.692663490786753
60,deviant,4,40,216.38963395738372,25.05,28.402992116241695,21.697007883758307
60,deviant,5,40,224.31336164064396,24.1275,27.60327154872805,20.651728451271953
60,deviant,6,40,206.39983552625026,20.86625,24.064448585840736,17.668051414159265
60,deviant,7,40,182.02314051848057,18.84125,21.661727783386876,16.02077221661312
60,deviant,8,40,195.51265943667175,19.4325,22.462000044561808,16.402999955438194
60,deviant,9,40,167.8601077965628,17.6775,20.278519317700777,15.076480682299218
60,deviant,10,40,151.79764057524255,16.38875,18.74087880952106,14.036621190478943
60,deviant,11,40,164.7447946625964,16.6725,19.22524704057372,14.119752959426277
61,background,1,838,1771.602893011388,74.76229116945107,80.75979380089646,68.76478853800569
61,background,2,758,1053.6620027702775,26.55707887793362,30.307610155840408,22.806547600026832
61,background,3,678,752.4436770513144,18.693036795528645,21.524984477463285,15.861089113594003
61,background,4,599,605.9965177558071,15.193849398119673,17.62036335185198,12.767335444387363
61,background,5,520,483.74862860013843,13.200020242914979,15.27897075172337,11.121069734106587
61,background,6,440,393.6687779404742,11.583534688995215,13.42274210536455,9.74432727262588
61,background,7,360,351.3601592968498,10.985812215724497,12.800606240339961,9.171018191109033
61,background,8,280,284.5757435221238,9.951190476190476,11.617842520073696,8.284538432307256
61,background,9,200,237.22683285631535,9.506601049191607,11.150499130674268,7.862702967708946
61,background,10,120,146.99391311178863,8.657114866414402,9.972142272859992,7.342087459968811
61,background,11,40,106.27082351236655,8.626932297041623,10.273615767533805,6.980248826549443
61,deviant,1,40,360.427542174422,70.04875,75.6336326271651,64.4638673728349
61,deviant,2,40,395.75336218939515,54.92125,61.05351187932144,48.78898812067856
61,deviant,3,40,391.7802955739351,48.339999999999996,54.41069857429933,42.26930142570066
61,deviant,4,40,377.7862978485393,45.16875,51.022609333020355,39.31489066697965
61,deviant,5,40,371.58634762688746,41.72927631578948,47.48706642481741,35.97148620676155
61,deviant,6,40,316.6326694585084,34.21,39.11627404382979,29.303725956170215
61,deviant,7,40,319.95481908749235,32.19453947368421,37.15229075933581,27.236788188032605
61,deviant,8,40,298.70681072237005,32.09559210526316,36.72410209025188,27.467082120274434
61,deviant,9,40,279.49286525832133,28.075855263157894,32.40664207867381,23.745068447641977
61,deviant,10,40,286.35580551338785,26.510592105263157,30.947721281772246,22.07346292875407
61,deviant,11,40,263.3852680789198,25.953680340557277,30.034877351948076,21.872483329166478
62,background,1,838,628.1744268324809,41.37124105011933,43.49783374919226,39.2446483510464
62,background,2,758,359.84258254204224,14.403166226912928,15.68403320076064,13.122299253065217
62,background,3,678,242.6328881686335,10.373672566371681,11.286862039772505,9.460483092970858
62,background,4,598,187.38767161604903,8.582692307692307,9.333651778145262,7.831732837239352
62,background,5,518,151.0936272995202,7.516023166023166,8.166613105552502,6.865433226493829
62,background,6,438,122.288410175118,6.777739726027397,7.350370019364968,6.2051094326898255
62,background,7,358,102.0783110114356,6.207402234636872,6.736112859474534,5.67869160979921
62,background,8,278,86.98554023817013,5.833812949640288,6.3450834589223035,5.322542440358273
62,background,9,199,66.80600351213323,5.52713567839196,5.991239377052387,5.063031979731533
62,background,10,119,48.014115249142044,5.237394957983193,5.668736737376466,4.806053178589921
62,background,11,40,26.025796918887192,5.0125,5.415773901304912,4.609226098695088
62,deviant,1,40,134.03277289725193,40.8125,42.88935933297067,38.73564066702933
62,deviant,2,40,250.3610603235171,40.95375,44.83313482138192,37.07436517861808
62,deviant,3,40,260.2529488179165,38.89125,42.923911221595226,34.85858877840477
62,deviant,4,40,233.51396329262963,33.66875,37.28708634834254,30.05041365165746
62,deviant,5,40,254.0441735314218,34.125,38.061455251806336,30.188544748193664
62,deviant,6,40,212.47469818409212,27.77875,31.07107955795101,24.48642044204899
62,deviant,7,40,225.34558255920473,29.14,32.63176597756855,25.64823402243145
62,deviant,8,40,229.16250841522464,27.75375,31.304659856457103,24.202840143542897
62,deviant,9,39,218.531486349944,24.982051282051284,28.411369540886103,21.552733023216465
62,deviant,10,40,209.231658317056,23.16875,26.410828134590446,19.926671865409553
62,deviant,11,40,217.8236853391679,24.9275,28.302712972617623,21.552287027382373
63,background,1,839,1241.8305344594285,75.10148986889153,79.30301948775471,70.89996025002836
63,background,2,759,682.3703655563256,24.633860342555995,27.0611709035966,22.20654978151539
63,background,3,679,448.53086498267317,17.32842415316642,19.015301562859754,15.641546743473086
63,background,4,599,333.531278507264,13.844912573587559,15.180428995862078,12.50939615131304
63,background,5,519,278.65531434108044,12.33223810972518,13.530935960998468,11.133540258451893
63,background,6,439,219.7007208116219,10.982226351756385,12.009829195307134,9.954623508205636
63,background,7,359,186.62731649776757,10.091240287347896,11.05652196509908,9.125958609596712
63,background,8,280,148.53248212298223,9.281503759398497,10.151402092437802,8.411605426359191
63,background,9,200,115.07026584600966,8.931236842105264,9.728633101973255,8.133840582237273
63,background,10,120,82.40077854057915,8.288552631578947,9.025721129235773,7.55138413392212
63,background,11,40,46.073152487288716,7.823223684210526,8.537134578346539,7.1093127900745134
63,deviant,1,40,268.0340905262062,75.6375,79.790731261509407,71.4842687384906
63,deviant,2,40,443.3071941904989,69.03,75.89911614022465,62.16088385977535
63,deviant,3,40,416.9461248802196,55.21375,61.67439713939222,48.753102860607775
63,deviant,4,40,425.6547804327624,58.29625,64.89183915522136,51.70066084477863
63,deviant,5,40,428.5555144288408,55.10625,61.74678649415943,48.465713505840576
63,deviant,6,40,394.26528939414976,46.86625,52.97545395247161,40.75704604752839
63,deviant,7,40,369.5366195086689,43.29375,49.01977924278339,37.56772075721661
63,deviant,8,40,327.91571847206814,39.89125,44.972356699617194,34.810143300382805
63,deviant,9,40,358.1519467475562,41.72973684210526,47.27935875281876,36.18011493139176
63,deviant,10,40,329.0607100174571,36.14578947368421,41.24463800110823,31.046940946260197
63,deviant,11,40,323.3457810951718,35.7096052631579,40.719900049485986,30.699310476829808
64,background,1,840,632.4287207599809,41.775535714285716,43.9139803810692,39.63709104750223
64,background,2,760,360.11404260901924,14.50953947368421,15.789684981379557,13.229393965988864
64,background,3,680,246.28894562452876,10.501985294117647,11.427570786444969,9.576399801790325
64,background,4,600,183.67561509070092,8.609333333333334,9.34418884076797,7.874477825898698
64,background,5,520,148.33149220225414,7.569423076923077,8.206890168206726,6.931955985639428
64,background,6,440,122.61262277252658,6.7810227272727275,7.35386481630887,6.208180638236585
64,background,7,360,104.70957328173054,6.2924999999999995,6.8333305491778145,5.751669450822185
64,background,8,280,84.39771136832165,5.8567857142857145,6.351071054315561,5.362500374255868
64,background,9,200,69.87743028444804,5.59475,6.07897588709903,5.110524112900971
64,background,10,120,46.63937798628289,5.1625,5.5797421767212505,4.745257823278749
64,background,11,40,25.382598680778802,5.02625,5.419557441349706,4.632942558650294
64,deviant,1,40,132.38029349288797,41.9925,44.043753899319555,39.941246100680445
64,deviant,2,40,248.09627800088967,41.615,45.45929165571637,37.770708344283634
64,deviant,3,40,255.78670699175169,37.84125,41.804706087511455,33.87779391248855
64,deviant,4,40,238.27801652249568,32.47875,36.170906117935765,28.78659388206423
64,deviant,5,40,223.92065088940956,29.385,32.85468643259392,25.915313567406084
64,deviant,6,40,217.87217401615635,27.665,31.04096431245168,24.289035687548317
64,deviant,7,40,262.43619776002095,31.135,35.20149101444062,27.06850898555938
64,deviant,8,40,210.81476029418516,25.4975,28.76410855386906,22.230891446130936
64,deviant,9,40,220.0151848826516,26.53125,29.940420609855902,23.122079390144098
64,deviant,10,40,234.27665269932473,26.31125,29.941404343137496,22.681095656862507
64,deviant,11,40,225.43861925728604,24.46375,27.956957596140953,20.97054240385905
65,background,1,838,1252.8345419382738,75.77840095465393,80.0196891641512,71.53711274515666
65,background,2,758,663.8223585299085,24.388852242744065,26.751741397040618,22.02596308844751
65,background,3,679,461.04296237758007,17.261929307805598,18.99586339986162,15.527995215749577
65,background,4,599,348.75364971156125,14.166004744750023,15.562474151165294,12.769535338334752
65,background,5,519,274.3026549110089,12.261915627218334,13.441889545239214,11.081941709197455
65,background,6,439,228.1806545505362,11.10297326459657,12.17023917338916,10.035707355803982
65,background,7,359,183.33427192742195,10.287135317402141,11.235384571136176,9.338886063668106
65,background,8,279,149.06316511124552,9.401518581399737,10.276088051234897,8.526949111564576
65,background,9,199,115.19810549124468,8.87788944723618,9.678174811222227,8.077604083250133
65,background,10,119,82.02969259869415,8.4265590446705,9.16348470465621,7.68963338468479
65,background,11,39,43.579174435095084,7.607287449392713,8.291156218563593,6.923418680221833
65,deviant,1,40,273.26188999989694,76.50375,80.7379868535981,72.26951314640189
65,deviant,2,40,418.74217981700235,66.12125,72.60972729896703,59.63277270103297
65,deviant,3,40,426.16760046278796,57.36875,63.97228538391208,50.76521461608792
65,deviant,4,40,420.19374290789636,56.44375,62.95471950208686,49.93278049791314
65,deviant,5,40,457.3885512800963,57.62375,64.71105902887615,50.536440971123845
65,deviant,6,40,404.42578201432065,46.98625,53.25289241673406,40.71960758326593
65,deviant,7,40,373.5832852961058,43.71625,49.504982978790515,37.92751702120949
65,deviant,8,40,340.2257162703841,40.993815789473686,46.26566788115913,35.72196369778824
65,deviant,9,40,352.1657288618461,40.58828947368421,46.045153977262196,35.13142497010623
65,deviant,10,40,324.37405038227627,36.1225,41.14872798400481,31.0962720159952
65,deviant,11,40,333.3417762088662,38.264736842105265,43.42992117742537,33.09955250678516
66,background,1,839,881.5313619521789,36.8854588796186,39.86797543435216,33.90294232488503
66,background,2,759,555.4431208740601,14.941567852437418,16.9173760372723,12.965759667602534
66,background,3,679,400.4859810937599,10.378350515463918,11.884536169893813,8.872164861034022
66,background,4,599,316.63301437069646,8.401419031719533,9.669271907224699,7.133566156214366
66,background,5,519,270.0515204256598,7.391233140655106,8.552919857568368,6.229546423741844
66,background,6,439,225.52843793142694,6.613097949886105,7.6679586861811195,5.55823721359109
66,background,7,359,176.13580286992072,5.865181058495821,6.776198086961548,4.954164030030094
66,background,8,280,134.25934251526627,5.357321428571429,6.143627404070321,4.571015453072537
66,background,9,200,110.36090316488183,5.03875,5.803512041456447,4.273987958543554
66,background,10,120,95.76863567445956,5.179166666666666,6.035925820319792,4.32240751301354
66,background,11,40,39.92328169192296,4.385,5.003617658893388,3.7663823411066115
66,deviant,1,40,186.8623121022817,35.61625,38.51171152393344,32.72078847606656
66,deviant,2,40,214.59994604404088,28.07,31.39526061471721,24.74473938528279
66,deviant,3,40,190.55463369084634,22.62,25.572674639694448,19.667325360305554
66,deviant,4,40,172.1617966057694,19.99,22.657674676370295,17.322325323629702
66,deviant,5,40,192.34214306802346,21.31,24.29037238445131,18.329627615548688
66,deviant,6,40,178.34894832440435,19.165,21.928545585503862,16.401454414496136
66,deviant,7,40,198.23084629051206,19.8375,22.90911878622571,16.765881213774286
66,deviant,8,39,140.87647631505897,14.929487179487179,17.140199606043033,12.718774752931324
66,deviant,9,40,144.88941336503217,14.754999999999999,17.0000847198878,12.509915280112198
66,deviant,10,40,159.53209543438027,15.885,18.356975429212753,13.413024570787245
66,deviant,11,40,170.86526701961463,15.48875,18.13633474229468,12.84116525770532
67,background,1,839,1695.582444564638,71.58283671036949,77.31956137962065,65.84611204111833
67,background,2,759,1007.5387520299681,24.494861660079053,28.078852959974014,20.91087036018409
67,background,3,679,698.541791312822,16.57621502209131,19.20335723121851,13.94907281296411
67,background,4,599,531.8684619515557,13.226412441788947,15.35610495100506,11.096719932572833
67,background,5,519,449.8959814802159,11.384474191258493,13.31980188300572,9.449146499511265
67,background,6,440,342.6803337092912,9.9247009569378,11.52569206042162,8.323709853453979
67,background,7,360,301.27008146894383,9.322383040935673,10.878459133169375,7.7663069487019705
67,background,8,280,230.37653755104398,8.543771929824562,9.892999809966556,7.194544049682568
67,background,9,200,185.36125152590947,8.109868421052632,9.39435636069995,6.825380481405312
67,background,10,120,139.04805664626727,7.519537037037037,8.763479738009844,6.275594336064231
67,background,11,40,66.90620459477802,7.111959064327485,8.14868144529942,6.07523668335555
67,deviant,1,40,381.2028331479188,73.13,79.03679909595712,67.22320090404287
67,deviant,2,40,409.3374139033136,50.84625,57.18899894134197,44.503501058658024
67,deviant,3,40,388.0079387413559,47.38375,53.39599529958387,41.371504700416125
67,deviant,4,40,349.0281205681978,38.30125,43.709496759372506,32.8930032406275
67,deviant,5,40,343.15500180407963,36.38125,41.6984918412824,31.064008158717606
67,deviant,6,40,346.2795835737359,35.45875,40.82440773740741,30.09309226259259
67,deviant,7,40,319.0005352980898,30.920526315789473,35.863490820928504,25.977561810650442
67,deviant,8,40,298.39791420966463,30.202236842105265,34.82596042604097,25.578513258169554
67,deviant,9,40,331.3398605908656,32.17296052631579,37.307124857757806,27.038796194873775
67,deviant,10,40,278.0935846309035,28.477697368421055,32.78680210598186,24.168592630860246
67,deviant,11,40,268.2657749758471,24.935328947368422,29.092150196618427,20.778507698118418
68,background,1,839,591.7937229527831,39.29654350417163,41.298780352314346,37.294306656028915
68,background,2,759,338.1931867719209,13.51725955204216,14.72027178023908,12.31424732384524
68,background,3,679,222.50921920580953,9.277908689248896,10.114742460635581,8.441074917862212
68,background,4,600,174.62034758147087,7.717083333333333,8.415710225460675,7.018456441205991
68,background,5,520,130.26420520578455,6.531923076923077,7.0917444793645865,5.972101674481567
68,background,6,440,106.98958385110011,5.827386363636363,6.327238135277157,5.32753459199557
68,background,7,360,90.57628363923267,5.448055555555555,5.915886907434809,4.980224203676302
68,background,8,280,70.16362455379793,5.02625,5.437171699866353,4.615328300133648
68,background,9,200,53.332201194124046,4.6762500000000005,5.04582329897571,4.306676701024291
68,background,10,120,43.35165267292222,4.702916666666667,5.090746408543448,4.3150869247898855
68,background,11,40,22.55572047875637,4.62625,4.975754509796971,4.276745490203028
68,deviant,1,40,132.2675219712725,40.35125,42.40075648648837,38.30174351351163
68,deviant,2,40,251.73074587950646,41.925,45.8256083189542,38.02439168104579
68,deviant,3,40,239.95972249744884,36.0425,39.76071442199004,32.324285578009956
68,deviant,4,39,230.828826987491,31.879487179487178,35.501782182716255,28.257192176258098
68,deviant,5,40,235.69760398934002,29.63125,33.28342221148845,25.979077788511553
68,deviant,6,40,196.21461129133712,24.73,27.77037690123757,21.689623098762432
68,deviant,7,40,219.11731416850898,26.14375,29.539007959000745,22.748492040999256
68,deviant,8,40,211.43448033299634,24.17125,27.44746121535709,20.89503878464291
68,deviant,9,40,206.70388176529752,23.835,27.037909831124786,20.632090168875216
68,deviant,10,40,185.77281683196873,21.17125,24.049829619818006,18.292670380181995
68,deviant,11,40,202.1048841827587,21.6725,24.80414762528407,18.54085237471593
69,background,1,839,1170.5112648123604,73.4305125148987,77.39074510046878,69.47027992932861
69,background,2,759,627.6368439589385,22.856719367588934,25.089333233517397,20.62410550166047
69,background,3,679,405.5824531655546,15.492930780559647,17.018283730438377,13.967577830680916
69,background,4,600,307.4298251120425,12.639583333333334,13.869558798621373,11.409607868045295
69,background,5,520,247.8565002916851,11.025288461538462,12.09047266450763,9.960104258569295
69,background,6,440,196.3793053734211,9.718409090909091,10.635886663689497,8.800931518128685
69,background,7,360,160.25314677918675,9.066805555555556,9.894521634073683,8.239089477037428
69,background,8,280,127.8138551916316,8.23017857142857,8.978735775760942,7.4816213670962
69,background,9,200,101.62854188817136,7.96525,8.669499865086026,7.261000134913975
69,background,10,120,76.6582470586516,7.670416666666666,8.356211701836182,6.98462163149715
69,background,11,40,45.64282576549844,7.367171052631579,8.074413965131027,6.6599281401321315
69,deviant,1,40,254.85070965278146,74.63,78.57895265848393,70.68104734151606
69,deviant,2,40,438.42635761622677,67.73375,74.52723679396206,60.94026320603795
69,deviant,3,40,430.7404335010025,59.945,66.61939216593817,53.27060783406183
69,deviant,4,40,382.4902957145311,50.8725,56.79924853510937,44.945751464890634
69,deviant,5,40,401.4668433579409,51.935,58.15579318724076,45.714206812759244
69,deviant,6,40,394.080996216447,44.4525,50.55884830009764,38.346151699902364
69,deviant,7,40,378.94550712262185,45.09125,50.96307146681572,39.219428533184285
69,deviant,8,40,339.65376333461757,39.1825,44.44548958912738,33.91951041087262
69,deviant,9,40,333.0912234777355,37.1575,42.318801980528804,31.996198019471198
69,deviant,10,40,335.3951832501004,34.71625,39.91325220706737,29.519247792932628
69,deviant,11,40,323.19938263504235,34.9925,40.00052631868633,29.984473681313666
70,background,1,838,594.7845142747519,39.96020286396181,41.973758894818246,37.946646833105376
70,background,2,758,336.67625008072815,13.531728232189973,14.730134175591388,12.333322288788558
70,background,3,678,221.46780091495296,9.34240412979351,10.175935255846804,8.508873003740215
70,background,4,599,167.58443276528754,7.665108514190317,8.336145314928414,6.99407171345222
70,background,5,519,129.2116277153187,6.522447013487476,7.0782795870313375,5.966614439943614
70,background,6,439,105.89734353807494,5.928929384965832,6.424241421003721,5.4336173489279425
70,background,7,359,85.3655298361729,5.342061281337047,5.783592475209009,4.900530087465086
70,background,8,279,72.09118859946899,5.104838709677419,5.527805393272062,4.681872026082776
70,background,9,199,56.707304829736266,4.757035175879397,5.150982853168086,4.363087498590708
70,background,10,119,41.72756251788751,4.608403361344537,4.98326898102356,4.233537741665515
70,background,11,39,22.653685653425374,4.535897435897436,4.891391736232688,4.180403135562184
70,deviant,1,40,133.43991354282193,40.015,42.0826728820992,37.9473271179008
70,deviant,2,40,217.41376390845662,37.98375,41.35261117424209,34.61488882575791
70,deviant,3,40,233.93516870683368,33.9525,37.57736299385377,30.32763700614623
70,deviant,4,40,227.45809330627546,31.45,34.974499670725955,27.925500329274044
70,deviant,5,40,224.26977410910138,28.165,31.640096152929477,24.68990384707052
70,deviant,6,40,211.85940596239016,26.51875,29.801545506199908,23.235954493800094
70,deviant,7,40,218.19572937110723,26.41875,29.79972785461855,23.03777214538145
70,deviant,8,40,217.63203493874457,25.05625,28.4284933188965,21.684006681103497
70,deviant,9,40,206.77469940925917,23.83875,27.04275716188667,20.634742838113333
70,deviant,10,40,216.5360307929813,23.2075,26.562760558711066,19.852239441288933
70,deviant,11,40,211.43466080440473,21.7275,25.003714011790535,18.451285988209463
71,background,1,840,1174.7965534956522,72.90190476190476,76.87426930183184,68.92954022197767
71,background,2,760,621.2155550124878,22.580197368421054,24.788515312087352,20.371879424754756
71,background,3,680,415.6797571765023,15.691691176470588,17.253869096072663,14.129513256868515
71,background,4,600,302.3804504959031,12.579,13.788773759449523,11.369226240550478
71,background,5,520,237.10166595787555,10.682115384615384,11.7010797804605,9.66315098877027
71,background,6,440,192.13620442964822,9.531590909090909,10.429244855611142,8.633936962570676
71,background,7,360,168.30877795540582,8.890138888888888,9.759462733501968,8.020815044275809
71,background,8,280,123.95881107087651,8.141964285714286,8.867943960832129,7.415984610596442
71,background,9,200,101.47128191085189,7.6655,8.368660109041581,6.962339890958418
71,background,10,120,78.29623234868968,7.716666666666667,8.41711533954237,7.016217993790964
71,background,11,40,40.7640192223227,7.125657894736842,7.757302916631427,6.494012872842258
71,deviant,1,40,252.61995587297366,71.35,75.26438677055215,67.43561322944784
71,deviant,2,40,440.4963916454159,65.22625,72.05181230355689,58.4006876964431
71,deviant,3,40,377.2980777497868,53.02625,58.87254428421385,47.17995571578614
71,deviant,4,40,360.33654590644767,47.155,52.738472625384766,41.571527374615236
71,deviant,5,40,386.56617531120963,46.56375,52.55365494378052,40.573845056219476
71,deviant,6,40,401.0399409167699,45.81625,52.0304282653821,39.602071734617894
71,deviant,7,40,393.8483010126187,45.2925,51.39524265055863,39.189757349441365
71,deviant,8,40,375.2331029892583,39.67875,45.4930471687991,33.8644528312009
71,deviant,9,40,337.9176752748484,37.94125,43.17733862593866,32.70516137406133
71,deviant,10,40,345.3160337399565,36.055,41.40572737804969,30.70427262195031
71,deviant,11,40,350.00201127241667,40.40625,45.82958735217775,34.98291264782225
72,background,1,839,981.1162493490983,40.58951132300358,43.908956985517094,37.27006566049006
72,background,2,759,636.3143236019857,17.329973649538868,19.593454826012994,15.066492473064743
72,background,3,679,462.0093898567314,12.331737849779087,14.069306573941754,10.59416912561642
72,background,4,599,360.49621138238433,9.825459098497495,11.268947735076555,8.381970461918435
72,background,5,519,297.6186848619343,8.416088631984586,9.696361641980392,7.1358156219887805
72,background,6,439,246.5882034998087,7.647608200455581,8.800971458283682,6.49424494262748
72,background,7,360,188.64662732209118,6.563472222222222,7.537842147125261,5.589102297319183
72,background,8,280,153.35626735429537,6.1901785714285715,7.088327982425252,5.292029160431891
72,background,9,200,130.82867351183188,5.814486842105263,6.721083295801064,4.907890388409463
72,background,10,120,91.4450926554303,5.418355263157895,6.236435416826538,4.600275109489251
72,background,11,40,53.26244192015839,5.24578947368421,6.071099561713861,4.42047938565456
72,deviant,1,40,232.57593553391047,43.058749999999996,46.66255145763506,39.45494854236493
72,deviant,2,40,243.13104004133024,33.82375,37.591104496439385,30.056395503560605
72,deviant,3,40,219.8385532013987,26.0225,29.428933673599353,22.61606632640065
72,deviant,4,40,223.20449674776054,26.1375,29.596089509201388,22.67891049079861
72,deviant,5,40,203.08348685104596,23.23375,26.380561230728993,20.086938769271008
72,deviant,6,40,200.50811769890487,21.1625,24.26940547228013,18.055594527719872
72,deviant,7,40,189.20265520558138,21.21125,24.142975516025636,18.279524483974363
72,deviant,8,40,188.92884346953707,18.96125,21.888732759219312,16.033767240780687
72,deviant,9,40,173.05675217593853,17.228749999999998,19.910292156601603,14.547207843398395
72,deviant,10,40,189.06952216189237,18.52,21.449662598141185,15.590337401858813
72,deviant,11,40,176.34637715825667,16.81625,19.548765423801996,14.083734576198006
73,background,1,839,1881.8921140563214,77.08587604290823,83.45294887394836,70.71880321186809
73,background,2,759,1147.1512020694381,28.31039109631787,32.39100826324806,24.229773929387672
73,background,3,679,797.0803869590906,19.41826215022091,22.415997653936696,16.420526646505127
73,background,4,599,615.8012236720735,15.48447851682629,17.95025219404046,13.018704839612122
73,background,5,519,474.0724554142076,12.959791096237705,14.99911927125068,10.92046292122473
73,background,6,439,379.5418026317526,11.23089024763884,13.006115354729772,9.455665140547907
73,background,7,359,338.4420205990821,10.624343937839027,12.374848031216434,8.8738398444616209
73,background,8,280,253.24805573740952,9.416024927514865,10.899202602745614,7.932847252284117
73,background,9,200,198.45587619556696,8.764983875129,10.140212934206192,7.3897548160518065
73,background,10,120,155.53951811924333,8.414811339009288,9.806288882413375,7.023333795605201
73,background,11,40,83.48988803147823,7.752716288269694,9.046405506352018,6.4590270701873695
73,deviant,1,40,377.3509360626636,74.16625,80.01336333225748,68.31913666774253
73,deviant,2,40,447.39712071685364,60.374736842105264,67.30722705043142,53.442246633779114
73,deviant,3,40,407.888730383997,49.4746052631579,55.79490662080391,43.15430390551189
73,deviant,4,40,372.6507010985486,44.489342105263155,50.263624542200276,38.715059668326035
73,deviant,5,40,379.338389492403,41.64401315789473,47.521922400101516,35.76610391568795
73,deviant,6,40,339.9732875643466,37.93289473684211,43.200835405203904,32.66495406848031
73,deviant,7,40,342.4582503260423,35.39223684210526,40.69868240738259,30.085791276827933
73,deviant,8,39,293.3748058858943,32.5210751237067,37.12487659557124,27.917273651842162
73,deviant,9,40,294.94608522381594,29.253333333333334,33.82357027299456,24.683096393672113
73,deviant,10,40,286.44013413755295,27.131988304093568,31.570424166171776,22.69355244201536
73,deviant,11,40,277.76199190783245,27.865707774337807,32.16967442942245,23.561741119253163
74,background,1,840,698.2968491076582,43.1197619047619,45.48092787301765,40.758595936506154
74,background,2,760,392.69353257510585,15.375,16.770960174129705,13.979039825870297
74,background,3,680,268.93102226563985,10.951323529411765,11.962000854025888,9.940646204797641
74,background,4,600,200.07134253876325,8.858166666666667,9.658618745576815,8.05771458775652
74,background,5,520,161.299003161993,7.647115384615384,8.340311447339717,6.953919321891051
74,background,6,440,139.0107341557706,6.967727272727273,7.617180791880622,6.318273753573924
74,background,7,360,112.43564241027181,6.371388888888889,6.952124998550005,5.7906527792277736
74,background,8,280,88.09477551866632,5.8117857142857146,6.32772335484644,5.295848073724989
74,background,9,200,71.82200219988302,5.536,6.033701082980537,5.038298917019462
74,background,10,120,50.203821410431765,5.175416666666667,5.624546835837754,4.72628649749558
74,background,11,40,30.816647927276,4.96125,5.438758906778325,4.483741093221674
74,deviant,1,40,147.214406832169,43.20125,45.482360866903505,40.9201391330965
74,deviant,2,40,251.40416715551456,42.51375,46.409297929198694,38.61820207080131
74,deviant,3,40,272.5211821801052,37.5975,41.82025946702103,33.37474053297896
74,deviant,4,40,241.8031223950592,33.16125,36.908028199333394,29.414471800666607
74,deviant,5,40,253.34284031099457,33.13,37.05558798096742,29.204412019032592
74,deviant,6,40,227.06490493387912,28.22625,31.744657153775247,24.707842846224754
74,deviant,7,40,216.72205095103044,28.025,31.38314297092275,24.666857029077246
74,deviant,8,40,229.57993677240407,26.23,29.78737797586339,22.67262202413661
74,deviant,9,40,204.9212236317577,24.29625,27.471537257166872,21.12096274283313
74,deviant,10,40,222.87219018508063,25.83375,29.287190365665886,22.38030963433411
74,deviant,11,40,226.90632776312646,24.48125,27.997199975057278,20.96530002494272
75,background,1,839,1368.485233464551,78.65095351609058,83.28099850357438,74.02090852860678
75,background,2,759,734.6193514470383,25.879380764163372,28.492550092902356,23.26621143542439
75,background,3,679,492.850169692658,18.145891791334005,19.999449444830574,16.292334137837436
75,background,4,600,370.19175961775363,14.406855263157894,15.887930762633914,12.925779763681874
75,background,5,520,290.0922967665202,12.466918016194333,13.71361411476386,11.220221917624805
75,background,6,440,226.24696437496982,11.025992822966508,12.083011103629886,9.96897454230313
75,background,7,360,204.88360481128754,10.194831871345029,11.253066653846547,9.13659708884351
75,background,8,280,157.22407743827216,9.446052631578947,10.36685433718805,8.525250925969845
75,background,9,200,113.5450190234219,8.535578947368421,9.32240578599831,7.7487521087385325
75,background,10,120,83.71331962741017,8.074035087719299,8.822945755270982,7.325124420167614
75,background,11,40,44.39440128548956,7.6859868421052635,8.373885216871368,6.998088467339159
75,deviant,1,40,287.58843033605837,75.145,79.60122889601557,70.68877110398442
75,deviant,2,40,454.1769363075191,72.135,79.17254453930003,65.09745546069998
75,deviant,3,40,438.9250385586179,59.0025,65.80371393522006,52.201286064779936
75,deviant,4,39,438.8279395461458,58.27307692307692,65.15941028724316,51.38674355891068
75,deviant,5,40,417.0859308154742,54.0875,60.55031345480271,47.624686545197285
75,deviant,6,40,399.86430593126806,47.79,53.9859616125514,41.5940383874486
75,deviant,7,40,374.6292682059041,45.12256578947368,50.9275064413682,39.317625137579164
75,deviant,8,40,371.1302800841258,43.48605263157895,49.236775900817065,37.735329362340835
75,deviant,9,40,340.590903787359,38.45881578947368,43.73632652035997,33.1813050585874
75,deviant,10,40,348.349200091917,39.13348684210526,44.531213619707415,33.73576006450311
75,deviant,11,40,336.4467602974056,37.88322368421053,43.09652024644063,32.66992712198042
76,background,1,839,701.3519313290204,43.54362336114422,45.91653241029117,41.17071431199727
76,background,2,759,395.875561921061,15.577140974967062,16.98533948535439,14.16894246457973
76,background,3,679,270.70715387276846,11.04300441826215,12.061105552791634,10.024903283732666
76,background,4,599,202.67616768472917,8.947495826377295,9.759045950125959,8.135945702628632
76,background,5,520,161.63625505241208,7.7299999999999995,8.424645431151923,7.035354568848075
76,background,6,440,127.45436747900668,6.769772727272727,7.365235286285972,6.174310168259482
76,background,7,360,107.94556376638226,6.314861111111111,6.8724057243052075,5.757316497917015
76,background,8,280,85.40944727728031,5.865357142857143,6.3655678358340335,5.365146449880253
76,background,9,200,69.38893055963989,5.63275,6.113590756712437,5.151909243287562
76,background,10,120,53.06897200317419,5.355,5.829762193472561,4.88023780652744
76,background,11,40,28.755823208892018,5.10125,5.54682609693283,4.6556739030671705
76,deviant,1,40,143.19201315568876,42.49,44.70878323115218,40.27121676884782
76,deviant,2,40,229.62236160132232,38.92375,42.48178535539814,35.36571464460186
76,deviant,3,40,259.4524041129702,36.77875,40.799006652876784,32.75849334712322
76,deviant,4,40,238.82156408851407,31.80625,35.50682847472954,28.105671525270463
76,deviant,5,39,264.48431950336465,33.82435897435897,37.97479478202089,29.67392316669705
76,deviant,6,40,232.01780784649858,29.18,32.77515317951969,25.584846820480312
76,deviant,7,40,249.26437032955482,28.5525,32.41489143386853,24.690108566131464
76,deviant,8,40,238.68422213195583,28.095,31.7934503390645,24.3965496609355
76,deviant,9,40,232.4440057077697,27.06,30.661757183799683,23.458242816200315
76,deviant,10,40,204.05489457496478,23.655,26.816863349355884,20.493136650644118
76,deviant,11,40,228.84633433123216,25.49875,29.044760688268692,21.95273931173131
77,background,1,1529,1858.8598726950322,79.16834532374101,83.82709081410367,74.50959983337835
77,background,2,1369,1005.0933342363365,26.108692476260043,28.77083157775088,23.446553374769206
77,background,3,1209,663.6368907821638,18.183283270210264,20.05372182200638,16.312844718414148
77,background,4,1049,481.4353833720298,14.35245848176208,15.809179335512821,12.895737628011338
77,background,5,889,375.1095512494939,12.442134864720858,13.675050379645928,11.209219349795788
77,background,6,729,293.06850535396893,10.94640459172623,12.010134722270266,9.882674461182194
77,background,7,569,232.4149841421614,9.914258625474055,10.86910623842844,8.95941101251967
77,background,8,409,178.24986159291885,9.17927551151718,10.043036574829781,8.315514448204578
77,background,9,249,128.81535132445237,8.467575565419573,9.267583002766104,7.667568128073041
77,background,10,129,90.33497926900831,8.209812321501428,8.989260362330414,7.430364280672441
77,background,11,40,46.78406286345486,8.10171052631579,8.82663709085637,7.376783961775209
77,deviant,1,80,420.5623115481662,79.04625,83.6542389952411,74.4382610047589
77,deviant,2,80,675.7985004111023,74.654375,82.05891879145706,67.24983120854294
77,deviant,3,80,630.722841838136,62.67838815789474,69.58904998952315,55.76772632626633
77,deviant,4,80,617.7279710348483,55.136315789473684,61.9045962901747,48.36803528877267
77,deviant,5,80,605.6727707790387,53.8625,60.498694889154635,47.22630511084536
77,deviant,6,80,573.8399235803804,49.62,55.907410878912174,43.33258912108782
77,deviant,7,80,515.7255407029337,41.316184210526316,46.96685130757483,35.665517113477804
77,deviant,8,80,508.16161072814134,40.66265716374269,46.230448298947856,35.09486602853753
77,deviant,9,80,484.19121114221855,40.19851973684211,45.50367360172969,34.89336587195453
77,deviant,10,40,342.6561052027945,37.47894736842105,42.788458726776256,32.16943601006585
77,deviant,11,40,331.6584972105039,36.12888157894737,41.26798323596296,30.989779921931785
78,background,1,840,937.5892518918706,39.35333333333333,42.523623785880034,36.18304288078663
78,background,2,760,605.6363986489097,16.411184210526315,18.564120845293836,14.258247575758794
78,background,3,680,454.013293916193,11.817720588235295,13.52396086266975,10.11148031380084
78,background,4,600,351.0460308698474,9.533333333333333,10.937809964705382,8.128856701961285
78,background,5,520,293.77533933262674,8.392788461538462,9.655312745996449,7.130264177080474
78,background,6,440,236.48122769605115,7.385113636363636,8.489946054332197,6.280281218395075
78,background,7,360,199.77244949929246,6.845,7.876835391808923,5.813164608191077
78,background,8,280,169.99126138530895,6.360892857142857,7.356467109971211,5.365318604314503
78,background,9,200,133.4692749977352,5.8905,6.815394888423317,4.965605111576684
78,background,10,120,93.0949383364082,5.590372807017544,6.42321270305213,4.757532910982958
78,background,11,40,66.16488574208496,5.754671052631579,6.779906578973543,4.729435526289615
78,deviant,1,40,199.26924393630688,39.015,42.10270892444629,35.92729107555371
78,deviant,2,40,249.91600694296432,33.48,37.35248864780368,29.607511352196312
78,deviant,3,40,210.39774363408887,25.96,29.220146813775173,22.69985318622483
78,deviant,4,40,201.35319845067224,24.8725,27.992500134193655,21.752499865806342
78,deviant,5,40,201.93676055428318,21.93625,25.065292522671147,18.807207477328856
78,deviant,6,40,178.3392686338096,20,22.76339559714417,17.23660440285583
78,deviant,7,40,208.8651919805036,21.0925,24.328899679874958,17.856100320125044
78,deviant,8,40,166.96606967001597,18.155,20.742166053405683,15.567833946594318
78,deviant,9,40,181.38195378232848,18.07375,20.884292491977398,15.263207508022601
78,deviant,10,40,179.39009243310483,17.575,20.354678280608063,14.795321719391934
78,deviant,11,40,153.64402637950252,16.20375,18.584488853967287,13.823011146032712
79,background,1,1842,2684.202297949207,75.45480456026058,81.58390172923234,69.32570739128883
79,background,2,1602,1557.0588147631336,27.054681647940075,30.86709373070474,23.24226956517541
79,background,3,1362,1121.5361826817389,19.15200363242909,22.130182729577953,16.173824535280225
79,background,4,1122,800.9393569483099,15.08779669762642,17.431104194719847,12.74448920053299
79,background,5,882,650.4814925261312,13.317285608200395,15.463765022074407,11.170806194326383
79,background,6,682,542.1631449873676,12.007787552948843,14.042316532502882,9.973258573394803
79,background,7,522,373.0749298880503,10.526500902169028,12.126747417780066,8.92625438655799
79,background,8,362,310.05008188448153,9.855985219521559,11.452980529841195,8.258989909201922
79,background,9,240,220.77351967576197,8.977150484462792,10.373735687276234,7.580565281649349
79,background,10,120,159.58439594448004,8.599809081527347,10.027472648442933,7.172145514611762
79,background,11,40,98.35833085565254,7.871763845889233,9.395841972435006,6.34768571934346
79,deviant,1,120,670.1079312123416,75.51208333333334,81.50695942150595,69.51720724516072
79,deviant,2,120,760.1952311568945,58.016666666666666,64.8174759114706,51.215857421862744
79,deviant,3,120,679.9045308369635,47.051249999999996,53.133767791993066,40.96873220800693
79,deviant,4,120,653.1398975188962,43.159780701754386,49.00285846802368,37.31670293548509
79,deviant,5,120,653.9811396318337,41.97802631578947,47.828629947657895,36.12742268392105
79,deviant,6,80,464.25302639252646,35.95671052631579,41.043407022606885,30.87001403002469
79,deviant,7,80,465.2378522514334,35.73698099415205,40.83446796451907,30.639494023785026
79,deviant,8,80,423.8149044333083,31.34907529239766,35.99270207973089,26.705448505064435
79,deviant,9,42,305.6290867742966,32.193517699477454,36.81515770912008,27.571877689834828
79,deviant,10,40,272.08748378124517,27.423684210526314,31.639723451233316,23.207644969819313
79,deviant,11,40,252.69065137174678,25.501374269005847,29.416856477660577,21.585892060351117
80,background,1,840,659.9178816537068,42.34797619047619,44.57937054088078,40.116581840071596
80,background,2,760,367.8010868304824,14.769934210526316,16.077405881501125,13.462462539551506
80,background,3,680,249.12355843721596,10.494558823529411,11.430797154899652,9.55832049215917
80,background,4,600,189.4065593817757,8.605583333333334,9.363367393221804,7.847799273444863
80,background,5,520,152.83878675533285,7.507115384615385,8.1639529541815,6.850277815049268
80,background,6,440,123.9910968790225,6.698522727272727,7.2778050014137285,6.1192404531317255
80,background,7,360,103.32816908431015,6.265833333333333,6.799528855910311,5.732137810756355
80,background,8,280,82.92210993329508,5.83875,6.324393302879366,5.3531066971206345
80,background,9,200,65.58584170062123,5.42975,5.8842366954801,4.975263304519901
80,background,10,120,46.52497914250502,5.160833333333334,5.577052082542187,4.74461458412448
80,background,11,40,27.81271954378163,4.9025,5.333462554240962,4.471537445759037
80,deviant,1,40,135.38009843633435,40.24125,42.33898635849142,38.143513641508584
80,deviant,2,40,246.09689469586442,41.52375,45.33706089043436,37.71043910956564
80,deviant,3,40,244.4927778504973,35.63375,39.42220484239878,31.84529515760122
80,deviant,4,40,241.96944674461432,33.97625,37.7256054218306,30.2268945781694
80,deviant,5,40,245.8580142234431,33.7925,37.60210939916555,29.982890600834445
80,deviant,6,40,212.34944511843034,27.86875,31.1591387415911,24.578361258408897
80,deviant,7,40,224.43724360228066,28.00625,31.48394111961098,24.528558880389024
80,deviant,8,40,219.07538957123754,25.055,28.449608330635666,21.660391669364333
80,deviant,9,40,218.98996612438182,27.2275,30.6207846806132,23.8342153193868
80,deviant,10,40,214.06630797611828,24.36,27.676991807187253,21.043008192812746
80,deviant,11,40,214.65230146987892,25.337500000000002,28.66357187044544,22.011428129554563
81,background,1,1905,1928.7490409998609,76.08871391076116,80.41937610653984,71.75805171498247
81,background,2,1665,1026.5799902179022,24.78033033033033,27.245868620883588,22.31479203977707
81,background,3,1425,678.5563157794718,17.49161218836565,19.25320098919353,15.730023387537768
81,background,4,1186,491.0646150358941,14.157437649773675,15.554842905070483,12.760032394476866
81,background,5,946,386.00315159456323,12.43232168688105,13.662226094949583,11.202417278812517
81,background,6,746,293.8950970502494,10.978418230563003,12.032924103681932,9.923912357444074
81,background,7,570,230.71452829687937,9.942271468144044,10.889301150536909,8.99524178575118
81,background,8,410,174.68272994303385,9.30596919127086,10.151411772973441,8.460526609568278
81,background,9,250,132.0013755909185,8.730336842105263,9.548489844344871,7.912183839865655
81,background,10,130,88.18143178856137,8.366437246963562,9.12437151962407,7.608502974303053
81,background,11,40,43.31886735598991,7.876907894736842,8.548140698604698,7.2056750908689855
81,deviant,1,120,489.22331839678077,75.50875,79.88540790334301,71.132092096657
81,deviant,2,120,812.1258263931378,71.04916666666666,78.31455403258475,63.78377930074858
81,deviant,3,120,750.165151991985,58.07791666666667,64.78899546813827,51.36683786519507
81,deviant,4,119,742.8239714976752,54.43949579831933,61.1127628569581,47.76622873968056
81,deviant,5,120,694.1460941329283,51.37,57.57992474135825,45.16007525864175
81,deviant,6,80,563.6654382839075,47.96875,54.14468175919315,41.79281824080685
81,deviant,7,80,562.4902723005514,45.093552631578945,51.2566084107563,38.93049685240159
81,deviant,8,80,502.8003079828039,41.6125,47.12154877201116,36.103451227988835
81,deviant,9,80,488.508972365781,40.80667763157895,46.15914005373837,35.45421520941953
81,deviant,10,40,349.8378241648182,37.77625,43.197043246587754,32.35545675341224
81,deviant,11,40,310.29369788535575,34.03223684210526,38.84028750378336,29.224186180427168
82,background,1,840,655.1218126987411,42.34107142857143,44.55624872914637,40.125894127996496
82,background,2,760,365.32286369298345,14.923815789473684,16.222477789507725,13.625153789439645
82,background,3,680,257.61392982931886,10.639117647058823,11.60726388466933,9.670971409448317
82,background,4,600,185.43102704098268,8.591416666666667,9.333295284593374,7.84953804873996
82,background,5,520,147.76180155913096,7.504903846153846,8.139922643876826,6.8698850484308664
82,background,6,440,122.71579274679245,6.823522727272727,7.39684682299177,6.250198631553684
82,background,7,360,99.57135764444456,6.234305555555555,6.748596946012605,5.7200141650985055
82,background,8,280,85.52860401797258,5.868214285714286,6.369122834463981,5.367305736964591
82,background,9,200,64.35747206444886,5.4075,5.853474528184597,4.961525471815403
82,background,10,120,47.19614725578216,5.12125,5.543473109829015,4.699026890170985
82,background,11,40,28.18374858336851,5.00875,5.445461708772443,4.572038291227557
82,deviant,1,40,142.7047190603915,43.5125,45.72373253091788,41.30126746908213
82,deviant,2,40,253.22833985409918,41.41875,45.34256377800651,37.4949362219935
82,deviant,3,40,249.32595448317724,35.3525,39.21584569021532,31.48915430978468
82,deviant,4,40,252.73527860714577,32.6025,36.51867371483146,28.686326285168537
82,deviant,5,40,246.52158547531525,33.75875,37.57864154223961,29.938858457760393
82,deviant,6,40,248.1830447154086,31.006249999999998,34.85188611988692,27.160613880113075
82,deviant,7,40,234.1934085997703,28.9625,32.59136446245132,25.333635537548677
82,deviant,8,40,217.8956413660351,25.41,28.786327942805382,22.033672057194618
82,deviant,9,40,220.21525952194094,25.89875,29.311020798510636,22.486479201489363
82,deviant,10,40,236.45549264079278,26.05,29.71391581781023,22.386084182189773
82,deviant,11,40,196.82830482160685,22.09625,25.14613618100828,19.046363818991722
83,background,1,839,1251.179662306106,75.85351609058402,80.08667694774289,71.62035523342516
83,background,2,759,673.1697213067523,24.37733860342556,26.771920866048404,21.982756340802716
83,background,3,679,464.30395273604523,17.440132547864508,19.186330881689344,15.693934214039672
83,background,4,599,349.20674392113347,14.215609348914859,15.613893022227163,12.817325675602554
83,background,5,519,269.50254531233026,12.116037927187913,13.275363105473042,10.956712748902783
83,background,6,439,230.74916826495985,10.98891619709867,12.068195776064439,9.9096366181329
83,background,7,359,180.49949053078052,10.003386600205248,10.936973678037287,9.06979952237321
83,background,8,279,141.5248299252825,9.184540652707037,10.014881906925636,8.354199398488438
83,background,9,199,116.20359603297206,8.609560962708278,9.416831505493398,7.802290419923158
83,background,10,119,84.21793991489444,8.146041574524547,8.902625672163948,7.3894574768851475
83,background,11,39,51.19003409496105,7.72476383265857,8.528066466637437,6.921461198679704
83,deviant,1,40,287.03955348202084,76.61749999999999,81.0652239610484,72.16977603895158
83,deviant,2,40,475.2048090311332,74.115,81.47837480285828,66.7516251971417
83,deviant,3,40,429.49138524538523,60.08625,66.74128796270163,53.43121203729836
83,deviant,4,40,422.14468709449045,57.465,64.00619969545262,50.923800304547385
83,deviant,5,40,459.83522220350557,56.605000000000004,63.730220587610276,49.47977941238973
83,deviant,6,40,382.9725563893167,46.95,52.884221241684806,41.0157787583152
83,deviant,7,40,374.56131494719364,43.74190789473684,49.545795599978774,37.93802018949491
83,deviant,8,40,353.3545036689895,40.4425,45.917784760054424,34.96721523994558
83,deviant,9,40,323.6725969247319,37.79625,42.811608850072446,32.780891149927555
83,deviant,10,40,391.535849000614,41.655,47.72191083540354,35.58808916459646
83,deviant,11,40,316.91186305875084,38.944802631578945,43.855402825064786,34.034202438093104
84,background,1,1661,1245.9701884581007,36.75635159542444,39.752400587890804,33.76030260295808
84,background,2,1501,788.9006524738605,14.932078614257161,16.92760762012536,12.936549608388962
84,background,3,1342,569.0455860011291,10.447093889716841,11.969382074814435,8.924805704619247
84,background,4,1182,436.6249414241976,8.378045685279188,9.62263445471108,7.1334569158472965
84,background,5,1022,370.6320171076202,7.325782778864971,8.461953415192191,6.189612142537751
84,background,6,862,298.50266242310835,6.486136890951276,7.482506911802758,5.489766870099795
84,background,7,702,243.44137411619042,5.952920227920228,6.853354279689954,5.052486176150502
84,background,8,542,200.12220608523438,5.469833948339484,6.312240458012413,4.627427438666555
84,background,9,382,152.64940912189329,5.105235602094241,5.870637477132041,4.33983372705644
84,background,10,222,110.99109731960726,4.936711711711712,5.666736712712566,4.206686710710858
84,background,11,80,63.77264303759096,4.679375,5.378114828190722,3.9806351718092783
84,deviant,1,80,269.0518879715446,36.709375,39.65730472379725,33.76144527620275
84,deviant,2,80,313.69017987078973,28.294375,31.731394573719587,24.85735542628041
84,deviant,3,80,301.3176065217564,23.77,27.071456589900887,20.468543410099112
84,deviant,4,80,264.91413703311497,20.9175,23.820093491173026,18.014906508826975
84,deviant,5,80,264.07108293432145,19.515,22.408356372432323,16.62164362756768
84,deviant,6,80,234.06622432213726,17.400625,19.965226145222967,14.836023854777036
84,deviant,7,80,261.9770580554114,18.96625,21.83666270075081,16.095837299249187
84,deviant,8,80,237.37065730070432,17.480625,20.08143193538209,14.879818064617911
84,deviant,9,80,215.42040904143448,15.46875,17.829053923951545,13.108446076048457
84,deviant,10,80,243.0467033308619,16.27875,18.941747856739653,13.615752143260343
84,deviant,11,62,198.52689066166698,15.580645161290322,18.051513313334816,13.109777009245828
85,background,1,839,1675.104373810151,70.26233611442193,75.92977659519111,64.59489563365274
85,background,2,760,1001.0598212841602,24.71125,28.269851113877053,21.152648886122947
85,background,3,680,694.3090165958645,16.781323529411765,19.390625994545136,14.172021064278393
85,background,4,600,568.772799941432,13.81247807017544,16.088043197912096,11.536912942438782
85,background,5,520,464.54114472907423,11.807980769230769,13.804385497016007,9.81157604144553
85,background,6,440,354.5715742836552,10.107601674641149,11.76414825795911,8.451055091323187
85,background,7,360,301.9513188141568,9.347831384015594,10.907426103591428,7.78823666443976
85,background,8,280,257.22302142020266,8.772273391812865,10.278730931299078,7.265815852326652
85,background,9,200,183.53126677978585,7.877369883040936,9.149176675378426,6.605563090703446
85,background,10,120,144.17394488807236,7.644463937621833,8.934263527343662,6.354664347900004
85,background,11,40,79.92849509083342,7.254137426900585,8.492642289640026,6.015632564161145
85,deviant,1,40,382.6510675193317,71.82125,77.75048972003424,65.89201027996577
85,deviant,2,39,426.6921576129811,54.39871794871795,61.09460983800219,47.70282605943371
85,deviant,3,40,362.2338769068229,43.03125,48.64412207382328,37.41837792617672
85,deviant,4,40,389.4930781088886,42.42,48.45525777250039,36.384742227499615
85,deviant,5,40,334.91269090065225,34.38,39.569525910655855,29.19047408934415
85,deviant,6,40,316.74226567589153,33.05809210526316,37.96606436007531,28.15011985045101
85,deviant,7,40,342.2012646901755,33.50861842105263,38.811081952647065,28.2061548894582
85,deviant,8,40,320.88243643380656,30.96144736842105,35.93357223376868,25.98932250307342
85,deviant,9,40,260.2241324758467,24.106776315789475,28.138991023538303,20.074561608040646
85,deviant,10,40,292.5293872376942,27.948618421052632,32.48140823745471,23.415828604650557
85,deviant,11,40,278.0984862904784,25.958684210526314,30.267864900089123,21.649503520963506
86,background,1,839,588.7793304795949,39.50441001191895,41.4964481583004,37.512371865537496
86,background,2,759,337.4112631882877,13.380566534914362,14.580797324367335,12.180335745461388
86,background,3,679,217.08510943139828,9.315243004418262,10.131677269415336,8.498808739421188
86,background,4,599,166.73411705309059,7.579382303839733,8.24701429468162,6.911750312997846
86,background,5,519,129.32967868773855,6.543256262042389,7.099596658117162,5.9869158659676165
86,background,6,439,108.55958829383202,5.939179954441913,6.446944067428562,5.431415841455265
86,background,7,359,88.78437807110937,5.4895543175487465,5.948768622457862,5.0303400126396305
86,background,8,279,70.53021002602918,5.011469534050179,5.4252777900589155,4.597661278041443
86,background,9,200,57.20121456200401,4.858,5.254384193747217,4.461615806252782
86,background,10,120,38.83138313000805,4.605416666666667,4.952807466497372,4.258025866835961
86,background,11,40,21.672866859156795,4.31375,4.649574551232524,3.9779254487674756
86,deviant,1,40,129.662476818611,40.3175,42.326640893647415,38.30835910635259
86,deviant,2,40,232.46170595786762,39.26625,42.868281452016454,35.664218547983545
86,deviant,3,40,242.2457918813256,33.11125,36.86488743408696,29.357612565913037
86,deviant,4,40,246.27062029615433,30.94625,34.76225279649986,27.13024720350014
86,deviant,5,40,235.51481683191062,30.39625,34.045589895140374,26.746910104859623
86,deviant,6,40,215.17668382786712,26.3975,29.731697259264095,23.063302740735907
86,deviant,7,40,216.39508823105552,25.66875,29.021826631087837,22.31567336891216
86,deviant,8,40,202.51257920643377,24.04375,27.181714925125167,20.90578507487483
86,deviant,9,40,204.61657981904133,22.21875,25.38931675238289,19.04818324761711
86,deviant,10,40,187.12636456627234,21.46375,24.36330305925259,18.56419694074741
86,deviant,11,40,191.8182596543982,21.87625,24.848504726855655,18.903995273144343
87,background,1,840,1173.8751625996786,72.60553571428571,76.57478473560518,68.63628669296624
87,background,2,760,619.1454169808744,22.53986842105263,24.740827368434644,20.33890947367062
87,background,3,680,412.5082090269477,15.686962074303406,17.237220908588835,14.136703240017978
87,background,4,600,309.4386173294097,12.55557894736842,13.793591255345104,11.317566639391737
87,background,5,520,243.70298107010544,10.810652834008097,11.857986938003267,9.763318730012928
87,background,6,440,198.92060701379546,9.688546650717702,10.617897100104326,8.75919620133108
87,background,7,360,165.18038075732386,8.940124269005848,9.793289774685269,8.086958763326427
87,background,8,280,129.88727794037504,8.150234962406016,8.910935416262246,7.389534508549785
87,background,9,200,105.75243074363414,7.799078947368421,8.531905904245107,7.066251990491733
87,background,10,120,74.44765027574039,7.405,8.071018737684886,6.738981262315114
87,background,11,40,40.948105797717346,7.14,7.774497472932631,6.505502527067368
87,deviant,1,40,247.36391261289083,71.715,75.54794353645919,67.88205646354082
87,deviant,2,40,421.73857891751896,64.26125,70.79615698405595,57.72634301594406
87,deviant,3,40,423.99979518366456,59.410000000000004,65.97994489310383,52.84005510689617
87,deviant,4,40,405.44318831048133,53.1125,59.394907290622214,46.83009270937778
87,deviant,5,40,408.6231341829213,49.69625,56.027931062407724,43.364568937592274
87,deviant,6,40,396.6618675074564,43.45480263157895,49.60114194665049,37.30846331650741
87,deviant,7,40,360.8533927409185,40.16875,45.76023125005681,34.577268749943194
87,deviant,8,40,330.547938238441,37.051249999999996,42.17314336746008,31.929356632539914
87,deviant,9,40,348.4889033950345,38.52,43.9198915027112,33.120108497288804
87,deviant,10,40,376.3794930744999,38.028026315789475,43.86008698299493,32.19596564858402
87,deviant,11,40,358.501024002061,37.9175,43.4725309188111,32.36246908118889
88,background,1,840,592.1793691637337,40.175357142857145,42.17770582216072,38.17300846355357
88,background,2,760,333.54499814788676,13.53453947368421,14.720236448730681,12.34884249863774
88,background,3,680,221.94801430206928,9.413823529411765,10.247932675349789,8.57971438347374
88,background,4,600,163.9101486855078,7.593666666666667,8.24944383897392,6.937889494359412
88,background,5,520,131.4985491214737,6.559230769230769,7.124356868698485,5.994104669763053
88,background,6,440,109.3974766378861,6.012840909090909,6.523942275618165,5.501739542563653
88,background,7,360,88.02785145383793,5.511527777777777,5.966196341048762,5.056859214506793
88,background,8,280,73.57885136655132,5.149285714285714,5.580209100442513,4.718362328128915
88,background,9,200,56.16095290839488,4.941,5.330175548266359,4.551824451733641
88,background,10,120,42.407732661316416,4.703333333333333,5.082718639257109,4.323948027409557
88,background,11,40,21.411322631778383,4.44125,4.7730218814423395,4.109478118557661
88,deviant,1,40,121.40723120750957,38.55,40.43122453764898,36.668775462351014
88,deviant,2,40,233.64063160512575,38.01375,41.634049094179346,34.39345090582066
88,deviant,3,40,242.60190479575033,34.025,37.7841554608645,30.2658445391355
88,deviant,4,40,204.6636521864979,29.05,32.22129614627339,25.878703853726616
88,deviant,5,40,229.65915820486768,29.84375,33.40235552467721,26.285144475322788
88,deviant,6,40,213.37258616400513,27.13625,30.442492476342053,23.830007523657947
88,deviant,7,40,221.9903506674866,28.2275,31.667276120774815,24.787723879225183
88,deviant,8,40,208.81367292397303,24.36375,27.599351383823414,21.128148616176585
88,deviant,9,40,202.91970799983145,23.42625,26.570523451137213,20.281976548862787
88,deviant,10,40,210.06012297234784,23.56125,26.816165327421626,20.306334672578377
88,deviant,11,40,205.2770271967539,23.715,26.895800490525353,20.534199509474647
89,background,1,962,1263.1872053616887,73.37411642411642,77.36534185185319,69.38289099637966
89,background,2,802,627.5353187795804,22.35779301745636,24.529379177971226,20.186206856941492
89,background,3,682,414.67525975470454,15.621774193548386,17.17789035687539,14.065658030221382
89,background,4,600,314.5928153561111,12.751583333333333,14.010216728134523,11.492949938532142
89,background,5,520,243.54720713911527,10.9075,11.954164652395837,9.860835347604164
89,background,6,440,187.82061710719165,9.652727272727272,10.53021893904084,8.775235606413705
89,background,7,360,164.3951753678025,8.999166666666667,9.848276544491608,8.150056788841727
89,background,8,280,133.1003875197016,8.448035714285714,9.227554130563218,7.66851729800821
89,background,9,200,102.08718181073702,7.774907894736842,8.482335972336683,7.067479817137
89,background,10,120,75.92002948624942,7.558859649122807,8.238050490152052,6.879668808093563
89,background,11,40,41.44557835176486,7.529013157894736,8.171219047914002,6.8868072678754695
89,deviant,1,80,356.72878537593436,72.2975,76.20608208679445,68.38891791320555
89,deviant,2,80,594.1044543105016,66.620625,73.13006893331114,60.11118106668888
89,deviant,3,40,414.4486699218614,54.6175,61.03944867388397,48.19555132611603
89,deviant,4,40,368.50926932568115,47.47875,53.18886028677251,41.768639713227486
89,deviant,5,40,407.41496368147676,50.4775,56.7904602665344,44.164539733465595
89,deviant,6,40,377.4430978376252,42.79875,48.64729139375568,36.95020860624432
89,deviant,7,40,362.9306407566052,40.78125,46.40491854153052,35.15758145846948
89,deviant,8,40,350.10314269699984,38.9525,44.37740439983678,33.527595600163224
89,deviant,9,40,348.8315232013118,40.495,45.90020045161188,35.089799548388115
89,deviant,10,40,334.089812223568,35.83625,41.01302527345375,30.659474726546254
89,deviant,11,40,326.04510773925404,33.83618421052632,38.8883054965404,28.784062924512245
90,background,1,840,1036.0054650841428,35.72922619047619,39.23229347512681,32.22615890582557
90,background,2,760,646.4814789547949,16.59296052631579,18.891094625992515,14.294826426639064
90,background,3,680,496.9435475722411,12.138529411764706,14.006107093630137,10.270951729899275
90,background,4,600,394.0946853899854,9.6985,11.275207119595283,8.121792880404715
90,background,5,520,315.9129585319682,8.109903846153847,9.467566415202858,6.752241277104836
90,background,6,440,259.645933005537,7.202272727272727,8.415329876768407,5.989215577777047
90,background,7,360,208.9197900031751,6.568384502923976,7.647466397924355,5.489302607923597
90,background,8,280,168.07643502792388,5.833731203007519,6.8180910451390275,4.84937136087601
90,background,9,200,146.0392370971919,5.66975,6.681750281733197,4.657749718266802
90,background,10,120,99.8236822796056,5.238004385964913,6.131040534408468,4.344968237521357
90,background,11,40,63.87419790412038,4.918223684210526,5.9079646347680574,3.928482733652994
90,deviant,1,40,228.4280665306857,37.28875,40.82827956155268,33.749220438447324
90,deviant,2,40,268.5157890094518,33.41375,37.57444525683667,29.253054743163332
90,deviant,3,40,243.7580767892625,27.8725,31.649570531509834,24.095429468490163
90,deviant,4,40,216.30790675866612,23.4625,26.8142257401775,20.1107742598225
90,deviant,5,40,212.96557665995056,21.5975,24.897435798737526,18.297564201262475
90,deviant,6,40,181.7091516392988,18.055,20.870612475297804,15.239387524702195
90,deviant,7,40,203.0943713750101,19.95125,23.09822988817516,16.80427011182484
90,deviant,8,40,202.40971346569106,19.43125,22.567621003958823,16.294878996041174
90,deviant,9,40,209.28863222580287,19.7925,23.035460954452777,16.549539045547224
90,deviant,10,40,217.02689016025542,19.80875,23.171616503407,16.445883496592998
90,deviant,11,40,171.97612628413256,17.05559210526316,19.72038979019314,14.390794420333178
91,background,1,840,1931.6750891389577,68.67172619047619,75.20334019966259,62.140112181289794
91,background,2,760,1145.2780463375573,27.245050400123116,31.316323309835543,23.17377749041069
91,background,3,680,836.2629762493834,18.957095373237014,22.09987905207464,15.814311694399386
91,background,4,600,620.5072905644373,14.741376705653021,17.22392290346731,12.25883050783873
91,background,5,520,531.3161678496509,12.593410865020772,14.87678688344085,10.310034846600693
91,background,6,440,429.81989257115566,11.075592535259718,13.083696754892484,9.067488315626951
91,background,7,360,370.35664213857564,10.261725229809272,12.1746371048346,8.348813354783944
91,background,8,280,277.768890991316,9.004448928694284,10.63123582264423,7.377662034744338
91,background,9,200,195.17285021300555,8.19429033367733,9.54676918339073,6.841811483963929
91,background,10,120,137.38316210560217,7.3069574160073385,8.53600574548225,6.0779090865324275
91,background,11,40,95.37365610757388,7.342450120399037,8.820280232579092,5.864620008218981
91,deviant,1,40,403.02210661581904,67.53625,73.7811422410955,61.291357758904496
91,deviant,2,40,429.2929192594676,57.496842105263156,64.1488048056523,50.844879404874014
91,deviant,3,40,389.1532752495177,44.99796052631579,51.027952998960025,38.96796805367155
91,deviant,4,40,354.7942868267643,36.91434210526316,42.41193653648264,31.41674767404368
91,deviant,5,40,371.43260429338153,40.68986842105263,46.445276252446725,34.934460589658535
91,deviant,6,40,327.0165019837064,34.32258771929825,39.38976091507271,29.25541452352378
91,deviant,7,40,353.9319213786179,34.278618421052634,39.7628503612134,28.79438648089187
91,deviant,8,40,314.3967696643364,29.08531798245614,33.95694640003545,24.21368956487683
91,deviant,9,40,286.2860341701165,29.481461988304094,33.91751004664846,25.045413929959725
91,deviant,10,40,308.32976379268695,28.839868421052632,33.61748760868501,24.062249233420257
91,deviant,11,40,294.71702013953035,27.389285668214654,31.955973207621945,22.822598128807364
92,background,1,838,789.7761858173559,39.14445107398568,41.81812290607499,36.470779241896366
92,background,2,758,431.56521736825033,15.394591029023747,16.930756176804213,13.858425881243281
92,background,3,678,305.28744005057194,11.036430678466077,12.185431041606902,9.887430315325252
92,background,4,599,227.0123924277912,8.737729549248748,9.646726089255536,7.828733009241961
92,background,5,519,180.5868066522084,7.355876685934489,8.132711025570817,6.57904234629816
92,background,6,439,147.37775487358653,6.596924829157175,7.286252562924954,5.907597095389397
92,background,7,360,121.38774324669816,5.989722222222222,6.616696411744794,5.362748032699651
92,background,8,280,97.17178223722098,5.577678571428572,6.146776792763268,5.008580350093875
92,background,9,200,83.75982093067763,5.125947368421053,5.706373314657373,4.545521422184732
92,background,10,120,55.76350438281863,4.9525,5.4513678441881295,4.45363215581187
92,background,11,40,26.051214740846234,4.38875,4.792417754536613,3.9850822454633867
92,deviant,1,40,175.8523079476818,40.05875,42.783609742068826,37.33389025793118
92,deviant,2,40,255.62964575626532,38.1275,42.08852239845379,34.166477601546205
92,deviant,3,40,290.1801754264518,37.941250000000004,42.437638402256574,33.44486159774343
92,deviant,4,40,265.5173500129412,34.325,38.439233963231864,30.210766036768142
92,deviant,5,40,251.38672242289633,31.3325,35.22777762026629,27.437222379733715
92,deviant,6,40,231.36435152783312,28.080000000000002,31.665027768959472,24.49497223104053
92,deviant,7,40,252.59205721562398,28.68,32.59395447637781,24.76604552362219
92,deviant,8,40,240.02115038383374,26.6475,30.366666256950893,22.92833374304911
92,deviant,9,40,247.88519732455097,25.97625,29.817270926750705,22.135229073249295
92,deviant,10,40,218.07252267582643,24.102236842105263,27.481305589201472,20.723168095009054
92,deviant,11,40,250.29681327744086,25.96,29.83838930308908,22.08161069691092
93,background,1,839,1504.886020338592,71.23998808104886,76.33152272447593,66.1484534376218
93,background,2,759,802.6459374326846,26.000932667637475,28.856084443049497,23.145780892225453
93,background,3,679,539.8693674567293,17.749058212541662,19.779450123661015,15.71866630142231
93,background,4,599,421.7062643497401,14.183142957560847,15.871727140536812,12.494558774584881
93,background,5,519,317.46044925644725,11.831122604198358,13.196749379656755,10.46549582873996
93,background,6,439,260.29661162487656,10.454040282939696,11.671521669820056,9.236558896059336
93,background,7,359,221.72961578151867,9.368208473830817,10.515047744443542,8.221369203218092
93,background,8,280,175.65550655514366,8.660036549707602,9.688784135134583,7.631288964280621
93,background,9,200,117.8504144050355,7.651986842105264,8.46864854858143,6.835325135629099
93,background,10,120,90.3965635391656,7.387373294346978,8.196073164879028,6.578673423814927
93,background,11,40,52.929685753714125,7.321184210526316,8.14133818833796,6.5010302327146725
93,deviant,1,40,319.028257286668,69.95625,74.89964406180239,65.0128559381976
93,deviant,2,40,445.90195110584574,62.27375,69.18307231517679,55.364427684823205
93,deviant,3,40,417.09134112578425,59.36625,65.82914728842951,52.90335271157049
93,deviant,4,40,413.18049133647713,53.29125,59.69354804311661,46.88895195688339
93,deviant,5,40,463.1841398066444,54.9825,62.15961260348881,47.80538739651119
93,deviant,6,40,420.0929255318058,49.49763157894737,56.00703889960701,42.98822425828773
93,deviant,7,40,400.4846406148693,45.38,51.58557379805912,39.17442620194088
93,deviant,8,40,367.0175131662797,41.52842105263158,47.21541633823535,35.84142576702781
93,deviant,9,40,371.9235041387631,42.32303362573099,48.0860480290358,36.560019222426185
93,deviant,10,40,347.4020078479103,39.748033625731,45.131083507454925,34.36498374400707
93,deviant,11,40,334.88965800832915,35.4525,40.64166901229172,30.26333098770828
94,background,1,840,805.3139449928827,39.840535714285714,42.5635608619845,37.11751056658693
94,background,2,760,416.2720138006931,15.063552631578947,16.54333038360851,13.583774879549384
94,background,3,680,298.6984529412124,10.785661764705882,11.908208917286922,9.663114612124842
94,background,4,600,222.44684758386666,8.622666666666667,9.51263941006952,7.732693923263815
94,background,5,520,187.7195206180024,7.555096153846153,8.361836617444755,6.748355690247552
94,background,6,440,148.79482517883474,6.664545454545454,7.359709921024104,5.9693809880668045
94,background,7,360,125.07205291771872,5.9373611111111115,6.5833649572378405,5.2913572649843825
94,background,8,280,99.99460511763411,5.423214285714286,6.008844708511175,4.837583862917397
94,background,9,200,78.91776199243576,5.14775,5.6946221896769895,4.600877810323011
94,background,10,120,57.48391079249915,4.8175,5.331758832366218,4.303241167633781
94,background,11,40,41.95078570244699,5.0775,5.7275341590214595,4.42746584097854
94,deviant,1,40,189.27888085267756,39.135,42.06790664466426,36.202093355335734
94,deviant,2,40,267.2049430286561,39.97875,44.11913348792781,35.838366512072184
94,deviant,3,40,263.3730494145039,35.3375,39.41850768122415,31.256492318775848
94,deviant,4,40,235.2120096289392,33.2425,36.88714784891923,29.59785215108077
94,deviant,5,40,254.04352092961508,33.0275,36.96394513963658,29.09105486036343
94,deviant,6,40,240.89757596385886,27.905,31.637746612010208,24.172253387989795
94,deviant,7,40,226.20256990489509,26.55625,30.061295134066334,23.051204865933663
94,deviant,8,40,220.55576929298638,26.5075,29.925047052076664,23.089952947923337
94,deviant,9,40,225.91949544263028,25.94875,29.449408849830235,22.448091150169766
94,deviant,10,40,240.64815985605472,26.665,30.39388186937981,22.936118130620187
94,deviant,11,40,239.25087031684635,25.26,28.967230643656148,21.552769356343855
95,background,1,840,1482.5299899336364,70.82267857142857,75.83558871648088,65.80976842637625
95,background,2,760,783.7488185166957,25.622105263157895,28.40820191719755,22.836008609118238
95,background,3,680,561.1163246819337,17.824272445820434,19.93301966675904,15.715525224881825
95,background,4,600,416.6721462797582,14.195855263157895,15.862891038903571,12.52881948741222
95,background,5,520,319.8564773173608,11.910374493927126,13.284984667373719,10.535764320480533
95,background,6,440,270.96870786730125,10.630161483253588,11.896118259711265,9.36420470679591
95,background,7,360,214.22242422683868,9.61562296946069,10.722093253978777,8.509152684942602
95,background,8,280,171.02867006894516,8.780171261487052,9.78182122295285,7.778521300021253
95,background,9,200,124.33968697538988,7.977730994152047,8.839361065294973,7.116100923009121
95,background,10,120,91.93478725900837,7.63129873294347,8.45375976069636,6.808837705190578
95,background,11,40,47.8089088064757,6.896030701754386,7.636837418705539,6.155223984803233
95,deviant,1,40,333.0419287654176,72.275,77.43553815104792,67.11446184895209
95,deviant,2,40,452.69463101230656,65.55125,72.56582598078909,58.53667401921091
95,deviant,3,40,429.3388031551968,57.92625,64.57892367871943,51.27357632128057
95,deviant,4,40,463.00606705382916,58.76394736842105,65.93830070601811,51.58959403082399
95,deviant,5,40,424.8542970057035,53.085,59.668185536013624,46.50181446398638
95,deviant,6,40,390.5128211087217,44.23796052631579,50.289019380302854,38.18690167232872
95,deviant,7,40,382.5615774307658,44.22875,50.156603056745624,38.30089694325437
95,deviant,8,40,405.78645537822126,44.79342105263158,51.08114732157475,38.50569478368841
95,deviant,9,40,360.10303106535514,38.02039473684211,43.60024901227688,32.44054046140733
95,deviant,10,40,366.8576771217387,37.29177631578948,42.976294916223836,31.607257715355118
95,deviant,11,40,318.30103316266235,36.639722222222225,41.57184782947835,31.7075966149661
96,background,1,840,1021.3008719533292,38.785892857142855,42.239239188703266,35.332546525582444
96,background,2,760,634.0814616435338,16.755131578947367,19.009185680128756,14.501077477765978
96,background,3,680,465.2147862744915,11.855514705882353,13.603851627378925,10.107177784385781
96,background,4,600,372.2473710627891,9.546333333333333,11.035632991420632,8.057033675246034
96,background,5,520,320.09751392513607,8.419326923076923,9.794972971663515,7.043680874490331
96,background,6,440,264.5358745942947,7.370568181818182,8.606470975519397,6.134665388116967
96,background,7,360,202.76453806012736,6.4752777777777775,7.522567467114884,5.427988088440671
96,background,8,280,172.25918354557902,6.010714285714286,7.019570897246163,5.00185767418241
96,background,9,200,125.67897701349217,5.3945,6.265410877608519,4.52358912239148
96,background,10,120,96.84220752282933,5.122916666666667,5.9892801391212185,4.256553194212115
96,background,11,40,53.421979509719044,4.77625,5.604032148591232,3.9484678514087688
96,deviant,1,40,221.04517875907536,38.28625,41.71138053032098,34.861119469679025
96,deviant,2,40,266.9095105875871,32.13875,36.27455571482625,28.00294428517375
96,deviant,3,40,218.03968132332915,26.03125,29.409809865067082,22.652690134932918
96,deviant,4,40,216.08080847098313,23.39,26.73820681575267,20.041793184247332
96,deviant,5,40,239.39441140203402,23.315,27.024454835814474,19.60554516418553
96,deviant,6,40,205.00064826598404,22.03125,25.20776795462463,18.85473204537537
96,deviant,7,40,192.90380749837058,19.1375,22.12657546496624,16.148424535033758
96,deviant,8,40,160.681713825484,16.62125,19.111038950736692,14.131461049263306
96,deviant,9,40,180.33514851374287,18.83875,21.633072076291967,16.044427923708035
96,deviant,10,40,168.72676448219943,15.6,18.2144483021733,12.9855516978267
96,deviant,11,40,198.49829200732322,18.005131578947367,21.080894479489423,14.92936867840531
97,background,1,840,1921.0558500333539,73.89297619047619,80.38868314091391,67.39726924003847
97,background,2,760,1145.4023315715708,27.390650969529087,31.462365692570543,23.31893624648763
97,background,3,680,798.2143032899168,18.588525541795665,21.58831742047642,15.588733663114908
97,background,4,600,636.776869079077,14.967100877192983,17.514738945635933,12.419462808750033
97,background,5,520,523.2501386384331,12.492957152496626,14.741668730458754,10.244245574534498
97,background,6,440,380.3537260197997,10.515750930356193,12.292750867712423,8.738750992999963
97,background,7,360,349.20955370822935,9.95386371020143,11.757549741869306,8.150177678533554
97,background,8,280,252.96152506129198,8.550542532802595,10.03204210669176,7.06904295891343
97,background,9,200,240.15889337279913,8.389067853457172,10.053284077705573,6.724851629208772
97,background,10,120,155.5598345521844,7.577529526430455,8.969188823388503,6.185870229472407
97,background,11,40,77.15264769113003,6.930838923288614,8.126331584949474,5.735346261627754
97,deviant,1,40,435.172663857027,70.3775,77.12057028683209,63.634429713167904
97,deviant,2,40,457.91181925183616,59.92125,67.016667150101,52.825832849899
97,deviant,3,40,388.84437648345516,44.74539473684211,50.7706007735172,38.720188700167014
97,deviant,4,40,372.55464609569077,42.87671052631579,48.649504575563455,37.103916477068125
97,deviant,5,40,372.2816067667622,39.699342105263156,45.46790536627675,33.93077884424956
97,deviant,6,40,352.309789417351,36.949342105263156,42.408438850275424,31.490245360250892
97,deviant,7,40,298.4637174654146,30.652763157894736,35.277506373842,26.028019941947466
97,deviant,8,40,313.4057923486332,32.775233918128656,37.631506983114775,27.918960853142536
97,deviant,9,40,302.7172559903109,30.04608488132095,34.73673735955255,25.355432403089353
97,deviant,10,40,304.8442632784832,28.338969298245615,33.06258009586619,23.615358500625042
97,deviant,11,40,284.63535940303944,27.667054523563813,32.077525111401535,23.25658393572609
98,background,1,839,742.9007176707997,41.36513706793802,43.87861961048743,38.85165452538861
98,background,2,759,406.47556410013914,15.18155467720685,16.627459246554338,13.735650107859364
98,background,3,680,279.5894593676121,10.524632352941177,11.57536545321122,9.473899252671135
98,background,4,600,212.23573661081866,8.52025,9.369369791137714,7.671130208862287
98,background,5,520,169.54088933910523,7.277788461538462,8.00640472485547,6.549172198221453
98,background,6,440,135.60338840666344,6.391363636363637,7.024898149685033,5.7578291230422405
98,background,7,360,115.58898372204307,5.895416666666667,6.492439952943446,5.2983933803898875
98,background,8,280,91.90116258356328,5.499821428571429,6.038051632451164,4.961591224691694
98,background,9,200,74.08311477480439,5.03725,5.550619793721118,4.523880206278882
98,background,10,120,55.45448584199479,4.901666666666666,5.397769989238353,4.40556334409498
98,background,11,40,29.35665440568351,4.71375,5.168636072781445,4.258863927218555
98,deviant,1,40,163.78218847957152,40.9925,43.53033130323593,38.45466869676407
98,deviant,2,40,261.2789948654402,41.13625,45.18480996981772,37.08769003018227
98,deviant,3,40,249.82349032024484,33.871249999999996,37.74230508788251,30.00019491211749
98,deviant,4,40,238.5658245255991,33.175,36.87161574914706,29.478384250852933
98,deviant,5,40,250.80442684752558,33.16375,37.050004856847195,29.277495143152805
98,deviant,6,40,250.79866636932414,29.89375,33.77991559731271,26.007584402687293
98,deviant,7,40,238.17102435457022,29.195,32.885498257117796,25.504501742882205
98,deviant,8,40,230.2028853447598,27.75,31.31703066399698,24.18296933600302
98,deviant,9,40,237.86238834560137,28.05,31.735715892611996,24.364284107388006
98,deviant,10,40,213.06884852208293,23.82375,27.12528601282,20.522213987180002
98,deviant,11,40,216.44765381520142,24.55125,27.905141143252784,21.197358856747215
99,background,1,840,1399.0212669088198,74.70690476190477,79.43744508800306,69.97636443580647
99,background,2,760,755.1995170326285,25.498947368421053,28.183556005559495,22.81433873128261
99,background,3,680,529.8677690061731,17.658823529411766,19.650134664389128,15.667512394434404
99,background,4,600,380.773008005729,13.836421052631579,15.359830362448172,12.313011742814986
99,background,5,520,314.7158441723255,11.930091093117408,13.282608962295573,10.577573223939243
99,background,6,440,248.0090146446882,10.553947368421053,11.712637222991978,9.395257513850128
99,background,7,360,197.37575335308,9.32031432748538,10.339770655448051,8.30085799952271
99,background,8,280,156.15420853151946,8.619323308270676,9.533859198044397,7.704787418496956
99,background,9,200,117.01589710564369,7.942986842105263,8.753865638735537,7.13210804547499
99,background,10,120,91.41256327850235,7.719692982456141,8.537482123923875,6.901903840988407
99,background,11,40,46.02940517050895,6.875855263157895,7.5890882855974375,6.162622240718353
99,deviant,1,40,304.7092488189183,74.255,78.9765187268951,69.5334812731049
99,deviant,2,40,502.8101713579914,73.535,81.32612432373497,65.74387567626502
99,deviant,3,40,422.34802000246196,58.50625,65.05060037150365,51.96189962849635
99,deviant,4,40,470.97366112521007,57.6725,64.97031248680942,50.37468751319057
99,deviant,5,40,413.87067823668497,53.15125,59.56424259993436,46.738257400065635
99,deviant,6,40,383.0656086446756,46.43125,52.36691310131972,40.49558689868028
99,deviant,7,40,370.86066329411017,42.4025,48.14904551379394,36.65595448620606
99,deviant,8,40,369.7379849100983,41.42756578947368,47.15671522147838,35.698416357468986
99,deviant,9,40,335.0972931947269,38.59368421052631,43.78607056336395,33.401297857688675
99,deviant,10,40,343.3638974642957,38.22921052631579,43.549689239388265,32.908731813243314
99,deviant,11,40,333.3529678427817,35.2975,40.46285775148428,30.13214224851572
100,background,1,839,757.698716335749,42.00887961859356,44.57242875877076,39.44533047841636
100,background,2,759,407.04751112835686,15.093214756258234,16.541153841071257,13.64527567144521
100,background,3,679,279.142568742588,10.708689248895434,11.758515091569226,9.658863406221641
100,background,4,599,216.560365961233,8.6728714524207,9.540016286480718,7.8057266183606835
100,background,5,519,165.62137384312516,7.2205202312138725,7.932977430963089,6.508063031464656
100,background,6,440,133.54363568354327,6.478068181818182,7.101979599033078,5.854156764603286
100,background,7,360,107.60121306301143,5.863888888888889,6.419654912273315,5.308122865504463
100,background,8,280,93.68547604112725,5.569285714285714,6.117965964378703,5.020605464192725
100,background,9,200,76.05763050407722,5.166,5.693052489646056,4.638947510353945
100,background,10,120,52.34955888820338,4.897083333333334,5.365409559882397,4.42875710678427
100,background,11,40,33.340705325156925,4.8862499999999995,5.402869581357603,4.369630418642396
100,deviant,1,40,154.59726115909922,41.90125,44.296759379904515,39.50574062009548
100,deviant,2,40,246.62872159541655,39.3625,43.18405163361965,35.54094836638034
100,deviant,3,40,249.70778711800006,34.11,37.97926224818933,30.240737751810666
100,deviant,4,40,263.2033884360354,34.73125,38.80962875712629,30.652871242873715
100,deviant,5,40,256.00581819046306,31.5975,35.56435125071046,27.630648749289538
100,deviant,6,40,257.6032700429909,30.86375,34.85535402361204,26.872145976387966
100,deviant,7,40,227.06203650335883,26.625,30.14336270698385,23.10663729301615
100,deviant,8,40,235.8177206412212,26.90875,30.562783438292254,23.25471656170775
100,deviant,9,40,231.21329865231414,25.1175,28.700187180404058,21.534812819595942
100,deviant,10,40,219.63058098831127,23.06875,26.47196111077078,19.66553888922922
100,deviant,11,40,230.69793989909016,26.17875,29.753451613789824,22.604048386210177
101,background,1,840,1430.2006493385536,75.68982142857143,80.5257892627537,70.85385359438916
101,background,2,760,755.6670615388349,25.484144736842104,28.170415416912647,22.797874056771562
101,background,3,680,505.31777738404446,17.391934984520123,19.290984097649208,15.492885871391039
101,background,4,600,393.84164820349963,14.051622807017544,15.627317567024523,12.475928047010566
101,background,5,520,317.96950182929044,11.92414979757085,13.290650534795608,10.557649060346092
101,background,6,440,247.8006597228191,10.412745215311006,11.570461642627823,9.255028787994188
101,background,7,360,196.69376337267946,9.313486842105263,10.329420655324784,8.297553028885742
101,background,8,280,155.86266165520723,8.417941729323308,9.33077013977613,7.505113318870487
101,background,9,200,119.69308460777496,7.792789473684211,8.62222023319968,6.963358714168741
101,background,10,120,87.74428223153623,7.562719298245614,8.347691501860712,6.7777470946305165
101,background,11,40,43.220036060001895,6.721681286549708,7.391382683620365,6.051979889479051
101,deviant,1,40,317.94370984748065,75.65375,80.58033882512456,70.72716117487545
101,deviant,2,40,472.3077080173809,70.38375,77.7022337575646,63.065266242435406
101,deviant,3,40,434.0866636732202,56.6325,63.35874253964316,49.90625746035684
101,deviant,4,40,408.82900491912005,50.79125,57.12612106251455,44.45637893748545
101,deviant,5,40,430.90789642878246,53.050526315789476,59.72751334667723,46.373539284901724
101,deviant,6,40,399.9740448450469,49.18611842105263,55.38378045568995,42.988456386415315
101,deviant,7,40,399.2246447290853,47.38592105263158,53.57197101216726,41.1998710930959
101,deviant,8,40,382.3357664463182,45.060986842105265,50.98534092139634,39.13663276281419
101,deviant,9,40,375.23610734750713,40.41368421052631,46.22802793233878,34.59934048871384
101,deviant,10,40,352.70617876358745,37.523421052631576,42.98865991419807,32.058182191065086
101,deviant,11,40,345.45730307176024,36.02611842105263,41.37903479007727,30.67320205202799
102,background,1,839,934.1998870409739,39.23688915375447,42.397601011310684,36.07617729619825
102,background,2,760,585.8256768734285,15.840723684210527,17.92323649906437,13.758210869356684
102,background,3,680,421.85779906454144,11.211544117647058,12.796939912205149,9.626148323088968
102,background,4,600,330.7439142933777,8.976666666666667,10.299917915064325,7.653415418269008
102,background,5,520,266.83139265323166,7.771442307692308,8.918172710066267,6.624711905318348
102,background,6,440,230.7898280619016,7.01625,8.094492388473684,5.9380076115263165
102,background,7,360,186.6033296369037,6.310972222222222,7.274788405241123,5.3471560392033215
102,background,8,280,155.79919599819576,5.8428571428571425,6.755313859062009,4.930400426652276
102,background,9,200,118.09843129222423,5.48525,6.303630375819408,4.666869624180592
102,background,10,120,92.63086049362529,5.36375,6.192438192953387,4.535061807046612
102,background,11,40,49.578512960439035,5.09125,5.859477017399907,4.323022982600092
102,deviant,1,40,194.28039286719488,35.67625,38.68665587624607,32.665844123753935
102,deviant,2,39,204.07877735918805,29.094871794871796,32.29739006410576,25.89235352563783
102,deviant,3,40,195.57159141455347,25.35,28.38041320501972,22.31958679498028
102,deviant,4,40,219.83436348401275,24.37,27.776368753255863,20.96363124674414
102,deviant,5,40,203.21638713450253,22.4175,25.566370541956275,19.268629458043726
102,deviant,6,40,184.9817202917771,19.535,22.401321451929192,16.668678548070808
102,deviant,7,40,181.65658752017137,18.78,21.594797985833555,15.965202014166447
102,deviant,8,40,167.15281378994115,17.435,20.025059683522855,14.84494031647714
102,deviant,9,40,197.58071635077195,17.77875,20.840294918440943,14.717205081559053
102,deviant,10,40,154.00563045072838,15.29125,17.67759196710098,12.904908032899021
102,deviant,11,40,144.97901844568295,15.31,17.55647316499722,13.06352683500278
103,background,1,840,1782.2040228176363,74.07404761904762,80.10025193680006,68.04784330129517
103,background,2,760,1025.6803065419901,25.255879501385042,28.902002344133717,21.609756658636368
103,background,3,680,736.0216128755209,17.785750773993808,20.551814533735246,15.01968701425237
103,background,4,600,548.3693429225509,13.943701754385964,16.13763605293701,11.749767455834917
103,background,5,520,484.80723304873896,12.275,14.358499950660898,10.191500049339103
103,background,6,440,399.23570706238394,10.806142344497607,12.671358268275084,8.94092642072013
103,background,7,360,313.55549339346703,9.831881091617934,11.45141199385395,8.212350189381917
103,background,8,280,249.9319623619867,8.875385338345865,10.339141914176318,7.411628762515411
103,background,9,200,198.6415332641442,8.194638888888889,9.57115448581331,6.818123291964468
103,background,10,120,154.08822448633964,8.137175925925925,9.515670000411697,6.758681851440153
103,background,11,40,74.08998412872022,7.7303874269005854,8.878423624997746,6.582351228803425
103,deviant,1,40,397.9307232751899,76.55125,82.71725043888812,70.38524956111188
103,deviant,2,40,416.64519172729416,56.125,62.580984131877386,49.669015868122614
103,deviant,3,40,366.52943444666147,43.3275,49.00693242748966,37.64806757251034
103,deviant,4,40,393.7757837097874,41.69157894736842,47.793197930678126,35.589959964058714
103,deviant,5,40,350.718506024185,37.939013157894735,43.373452711273494,32.504573604515976
103,deviant,6,40,289.8284570274699,30.222631578947368,34.71357004814866,25.731693109746075
103,deviant,7,40,305.1261645873547,31.760855263157897,36.488834166814414,27.032876359501383
103,deviant,8,40,307.8791814184213,30.68296052631579,35.45359786772475,25.912323184906825
103,deviant,9,40,274.50696842483666,28.629649122807017,32.88317866647802,24.37611957913602
103,deviant,10,40,262.8406772884039,24.985394736842103,29.058153226508068,20.91263624717614
103,deviant,11,40,272.08403076447104,25.914627192982454,30.13061292864021,21.698641457324698
104,background,1,840,637.2622570108213,41.57035714285714,43.725145548433666,39.415568737280616
104,background,2,760,353.535786917787,14.196710526315789,15.45347142948255,12.939949623149028
104,background,3,680,238.82286983849508,9.969264705882352,10.866791726423026,9.07173768534168
104,background,4,600,183.8352738043949,8.089583333333334,8.825077608657818,7.354089058008849
104,background,5,520,140.79666189224798,7.035,7.640085522880857,6.429914477119143
104,background,6,440,117.80609625901998,6.385568181818182,6.935954339101581,5.835182024534783
104,background,7,360,96.92756383804837,5.803333333333334,6.303969387306688,5.302697279359979
104,background,8,280,76.97272244113496,5.419642857142857,5.870442857142857,4.968842857142857
104,background,9,200,65.22505572812369,5.21975,5.671736576244542,4.767763423755459
104,background,10,120,46.075795678082656,4.78,5.192200293248787,4.367799706751214
104,background,11,40,22.5376293527537,4.38625,4.735474184895304,4.0370258151046965
104,deviant,1,40,135.23739361426246,42.3525,44.44802512436432,40.25697487563568
104,deviant,2,40,253.9701080628854,43.480000000000004,47.41530759548128,39.54469240451873
104,deviant,3,40,260.5398898643475,35.86375,39.90085741917371,31.8266425808263
104,deviant,4,40,253.92631028042675,33.91125,37.845878941811016,29.97662105818899
104,deviant,5,40,259.95204517270815,31.53875,35.56674867130721,27.51075132869279
104,deviant,6,40,202.67382403104847,26.6575,29.79796343956798,23.517036560432018
104,deviant,7,40,223.24071855522376,26.23625,29.69540077192289,22.777099228077105
104,deviant,8,40,203.58881418967468,25.03,28.18464135896368,21.87535864103632
104,deviant,9,40,208.66724328713556,25.18375,28.41708243309356,21.950417566906438
104,deviant,10,40,218.45857128623052,24.53,27.91505063228867,21.144949367711334
104,deviant,11,40,204.25820218021784,23.46125,26.626263633337228,20.29623636666277
105,background,1,840,1249.3292832134916,75.8475,80.07188364205516,71.62311635794484
105,background,2,760,685.565882280739,24.049868421052633,26.486941071906553,21.612795770198712
105,background,3,680,446.2268098058134,16.69625,18.373227667009953,15.019272332990043
105,background,4,600,326.6518560910367,13.3475,14.654379605894933,12.040620394105067
105,background,5,520,256.7388899297089,11.476077935222673,12.579434956398769,10.372720914046576
105,background,6,440,209.7713388904286,10.226232057416269,11.206276764663384,9.246187350169153
105,background,7,360,175.2516219444261,9.383318713450292,10.28850271878941,8.478134708111174
105,background,8,280,138.293334948681,8.684201127819549,9.494132664833094,7.874269590806004
105,background,9,200,109.12081265453426,8.03075,8.786918652646758,7.274581347353241
105,background,10,120,81.09070439440815,7.655701754385965,8.381150151732376,6.930253357039555
105,background,11,40,44.681399769704136,7.171578947368421,7.863924409720682,6.47923348501616
105,deviant,1,40,277.55044112452975,74.295,78.5956886417361,69.9943113582639
105,deviant,2,40,450.6036798737772,70.96625,77.9484263572271,63.984073642772906
105,deviant,3,40,428.92033366533116,56.5625,63.20868942679503,49.91631057320497
105,deviant,4,40,425.5188721153455,55.660000000000004,62.253483234024976,49.06651676597503
105,deviant,5,40,425.77036373094234,51.45125,58.048630136981814,44.85386986301819
105,deviant,6,40,362.94658154145986,43.7675,49.391415546550895,38.1435844534491
105,deviant,7,40,390.6449682615536,45.71118421052631,51.764290705860724,39.6580777151919
105,deviant,8,40,345.2413064062914,37.98789473684211,43.33746420286032,32.6383252708239
105,deviant,9,40,360.3759075421692,40.8375,46.42158254024918,35.253417459750814
105,deviant,10,40,341.346928268875,35.59217105263158,40.88139650422721,30.302945601035944
105,deviant,11,40,285.77636586420107,31.455723684210525,35.88387435033522,27.027573018085832
106,background,1,1055,711.5187518333772,41.681943127962086,43.82871648193428,39.53516977398989
106,background,2,895,383.57627389443246,14.2068156424581,15.463326640002848,12.950304644913352
106,background,3,735,240.84249603161163,9.8678231292517,10.738416840361861,8.99722941814154
106,background,4,615,185.42664175809304,8.106910569105692,8.839668707649409,7.374152430561974
106,background,5,520,147.8401074418611,7.074519230769231,7.709874554624006,6.439163906914455
106,background,6,440,117.04097348229894,6.278636363636363,6.825447892795225,5.731824834477502
106,background,7,360,99.008798120486,5.8374999999999995,6.348885740412339,5.32611425958766
106,background,8,280,76.17239795704425,5.333392857142857,5.77950566061419,4.887280053671524
106,background,9,200,62.52816207623235,5.14875,5.582048056708507,4.715451943291493
106,background,10,120,43.006792609148576,4.741666666666666,5.126411243820293,4.35692208951304
106,background,11,40,25.427606216369185,4.53,4.924004840338957,4.135995159661044
106,deviant,1,80,192.5173744722388,41.608125,43.717486487231575,39.49876351276843
106,deviant,2,80,345.38803883229804,40.744375,44.52869955387734,36.96005044612266
106,deviant,3,80,337.5217731768146,34.68125,38.37938598067715,30.983114019322848
106,deviant,4,40,235.3982515697712,31.3075,34.95503369769074,27.65996630230926
106,deviant,5,40,243.5495464560494,31.42625,35.20008932052032,27.65241067947968
106,deviant,6,40,207.04173873629293,27.03625,30.244394979128167,23.82810502087183
106,deviant,7,40,240.68223755334375,28.45125,32.18065990876996,24.72184009123004
106,deviant,8,40,204.8018426109543,23.8825,27.05593742908471,20.70906257091529
106,deviant,9,40,221.01179416016407,26.55875,29.983363230601455,23.134136769398545
106,deviant,10,40,207.45048236043934,23.02375,26.2382285272019,19.8092714727981
106,deviant,11,40,246.9612957103752,25.40875,29.235454922920667,21.582045077079336
107,background,1,840,1233.0504151557589,75.32285714285715,79.49219670257287,71.15351758314142
107,background,2,760,670.8543747381117,24.222434210526316,26.607209899685333,21.8376585213673
107,background,3,680,438.5143279181124,16.493970588235292,18.141963757678816,14.845977418791769
107,background,4,600,315.364525922822,13.118333333333334,14.380054213426533,11.856612453240135
107,background,5,520,265.6791347313126,11.545865384615384,12.68764386144077,10.404086907789997
107,background,6,440,199.5420414744459,10.039318181818182,10.971571952303307,9.107064411333056
107,background,7,360,167.43577716152603,9.220138888888888,10.084953637685903,8.355324140091874
107,background,8,280,137.4948898571947,8.558035714285714,9.363291061659256,7.752780366912171
107,background,9,200,107.30934133076255,7.966,8.709615796808512,7.222384203191488
107,background,10,120,81.28270282032814,7.685921052631579,8.413087093836394,6.9587550114267644
107,background,11,40,43.009733020595746,7.114407894736842,7.780850612450939,6.447965177022745
107,deviant,1,40,273.4605523365491,77.6125,81.84981515839675,73.37518484160324
107,deviant,2,40,457.8160168268012,70.7775,77.87143267614546,63.68356732385455
107,deviant,3,40,431.22546307007434,58.9225,65.60440777697508,52.24059222302492
107,deviant,4,40,430.95440899424494,53.29125,59.96895775055648,46.61354224944352
107,deviant,5,40,462.77814964567386,57.0175,64.18832172076901,49.846678279230986
107,deviant,6,40,379.059896669587,42.1675,48.04109395120945,36.29390604879055
107,deviant,7,40,388.9702701398033,44.07875,50.105906779090525,38.051593220909474
107,deviant,8,40,354.1736606120577,43.00815789473684,48.49613562312732,37.52018016634636
107,deviant,9,40,337.309486189885,37.4525,42.67916463843162,32.22583536156838
107,deviant,10,40,329.7240322252847,34.81078947368421,39.91991628520483,29.701662662163592
107,deviant,11,40,353.5619266336695,35.89717105263158,41.37566986482233,30.418672240440827
108,background,1,840,961.3506616926223,39.858690476190475,43.10932588840728,36.60805506397367
108,background,2,760,610.3958185170981,16.49046052631579,18.660316106868805,14.320604945762774
108,background,3,680,447.64303506488847,11.852279411764705,13.534579435205817,10.169979388323593
108,background,4,600,350.51539871572277,9.545083333333332,10.947436993941473,8.142729672725192
108,background,5,520,290.6925532694563,8.23798076923077,9.48725652072005,6.9887050177414896
108,background,6,440,246.84881906479563,7.4235227272727276,8.576792186743639,6.2702532678018175
108,background,7,360,207.09925156793793,6.868055555555555,7.937734272117995,5.798376838993116
108,background,8,280,155.79705084702846,6.102857142857143,7.015301295726382,5.190412989987904
108,background,9,200,142.62509744449832,5.93775,6.92609150098989,4.949408499010111
108,background,10,120,97.32048250902517,5.690416666666667,6.561058851765507,4.819774481567826
108,background,11,40,43.16312388089971,4.85125,5.520069533719083,4.182430466280918
108,deviant,1,40,216.2514435607431,39.41375,42.76460083386137,36.06289916613863
108,deviant,2,40,227.69278702488114,30.2225,33.75063628757226,26.694363712427734
108,deviant,3,40,237.18584762963715,26.177500000000002,29.852732785609785,22.50226721439022
108,deviant,4,40,224.05541490302892,23.89875,27.370524622619268,20.42697537738073
108,deviant,5,40,223.44102601192816,24.41125,27.873504568120847,20.94899543187915
108,deviant,6,40,195.7337208395227,21.855,24.887925426487037,18.822074573512964
108,deviant,7,40,182.20680846947403,18.51,21.333323747772624,15.686676252227379
108,deviant,8,40,199.09191873419462,20.63125,23.71621124197269,17.546288758027313
108,deviant,9,40,191.95315355027316,18.88125,21.855594929427408,15.906905070572595
108,deviant,10,40,186.71415670963324,16.22375,19.11691583234025,13.330584167659747
108,deviant,11,40,175.2489432357957,17.42875,20.1442605089971,14.713239491002902
109,background,1,839,1843.492707649773,75.86591179976162,82.1030665470641,69.62875705245914
109,background,2,759,1101.6178879505505,27.060394563483808,30.979041780048636,23.14174734691898
109,background,3,679,763.6847672202258,18.56507635067049,21.437214440878567,15.692938260462416
109,background,4,599,616.5514140757692,15.195343115719181,17.66412068392808,12.726565547510283
109,background,5,519,486.8869574723943,12.892931751343678,14.987384358914516,10.79847914377284
109,background,6,439,396.5695955970993,11.63302361827119,13.48789256269658,9.778154673845801
109,background,7,359,352.9684362322844,10.782142566257798,12.607780799252414,8.956504333263183
109,background,8,280,278.6339415337138,9.941998746867167,11.573851913285404,8.31014558044893
109,background,9,200,201.9194728831564,8.730106725146198,10.129337284733271,7.330876165559126
109,background,10,120,135.3322566642648,8.136220760233918,9.346921412541164,6.925520107926673
109,background,11,40,99.69947342749602,8.439269005847953,9.984128351844529,6.894409659851377
109,deviant,1,40,391.60067603833915,74.9,80.96791534076009,68.83208465923992
109,deviant,2,40,432.3836563930111,57.575,64.27485416844435,50.875145831555656
109,deviant,3,40,404.5442952781628,46.97375,53.242228798782804,40.7052712012172
109,deviant,4,40,382.16801095394055,45.62059210526316,51.54234678626925,39.698837424257064
109,deviant,5,40,341.46721178635323,39.113026315789476,44.40411557979813,33.82193705178082
109,deviant,6,40,328.3490395315112,36.40475877192983,41.49257985092621,31.316937692933443
109,deviant,7,40,355.1685918757046,36.46407894736842,41.96747329541023,30.960684599326616
109,deviant,8,40,317.498529719854,33.452763157894736,38.3724538454748,28.533072470314675
109,deviant,9,40,328.520834446296,33.20369883040936,38.294181899189404,28.113215761629316
109,deviant,10,40,290.94874586603436,28.66578947368421,33.17408699828443,24.15749194908399
109,deviant,11,40,245.72116781356365,25.985838923288615,29.79332786536447,22.178349981212758
110,background,1,839,671.1085193445554,42.33605482717521,44.60664025993313,40.06546939441729
110,background,2,759,370.929749342606,14.857444005270093,16.1769059037208,13.537982106819385
110,background,3,679,258.3579524205658,10.56539027982327,11.53704736649826,9.593733193148278
110,background,4,600,198.37582620131076,8.746166666666667,9.539835267443873,7.95249806588946
110,background,5,520,157.10533677155996,7.558173076923077,8.233346504831076,6.882999649015079
110,background,6,440,128.78415234312348,6.733863636363636,7.335538905963315,6.132188366763957
110,background,7,360,109.01566763302279,6.2572222222222225,6.820293979150496,5.694150465293949
110,background,8,280,91.07036030628073,5.883214285714286,6.41657879620653,5.349849775222041
110,background,9,200,67.38063520033037,5.43725,5.904173979893944,4.9703260201060555
110,background,10,120,51.32758568870718,5.1625,5.621683516231743,4.703316483768257
110,background,11,40,27.2124681176227,5.05625,5.477911562031373,4.6345884379686275
110,deviant,1,40,145.2533720960142,43.55,45.80072431885242,41.29927568114758
110,deviant,2,40,258.60447853003143,42.94625,46.95336790984756,38.93913209015244
110,deviant,3,40,231.09802545331505,34.07125,37.6521510036802,30.490348996319796
110,deviant,4,39,229.22975718468,32.22692307692308,35.82412458280986,28.6297215710363
110,deviant,5,40,224.98632122162917,31.16375,34.64994916546886,27.67755083453114
110,deviant,6,40,210.30716257792776,26.56125,29.819993245768543,23.30250675423146
110,deviant,7,40,233.17219749406345,29.3325,32.94554063242845,25.719459367571552
110,deviant,8,40,211.28020805506011,26.0875,29.361320741644395,22.813679258355602
110,deviant,9,40,212.1323444902907,25.475,28.762024732505868,22.187975267494135
110,deviant,10,40,241.4750722669232,27.6325,31.374195009934457,23.890804990065543
110,deviant,11,40,217.71444358923094,23.38,26.753520254165245,20.006479745834753
111,background,1,838,1312.2134143259025,77.597553699284,82.03986040158343,73.15524699698459
111,background,2,759,706.1618405360348,25.116857360793286,27.62879835333556,22.60491636825101
111,background,3,679,478.42417286471465,17.735326718859003,19.534629715516505,15.9360237222015
111,background,4,599,368.13402164800885,14.370450751252086,15.844522489618813,12.89637901288536
111,background,5,519,289.8900033376242,12.474465064395092,13.721491430743448,11.227438698046736
111,background,6,439,238.67477443839016,11.146697038724373,12.263046935031811,10.030347142416934
111,background,7,359,188.63838359698136,10.189224453892392,11.164907857714702,9.21354105007008
111,background,8,279,160.0809800552164,9.477409922656102,10.416622086527038,8.538197758785167
111,background,9,199,121.56507343584903,8.835405095653707,9.679922013946197,7.990888177361218
111,background,10,119,92.76329349786498,8.257545825347682,9.090898348290702,7.424193302404661
111,background,11,39,52.490697326417305,7.945689008846903,8.769402377419345,7.121975640274463
111,deviant,1,40,280.04147249253896,76.4975,80.83678757268069,72.15821242731931
111,deviant,2,40,452.1599012692186,65.24125,72.24754025757719,58.2349597424228
111,deviant,3,40,447.8019504670622,59.43125,66.3700131102949,52.49248688970509
111,deviant,4,40,393.2279237287199,51.35,57.44312980495246,45.25687019504754
111,deviant,5,40,435.1336273884272,53.195,59.93746541048443,46.45253458951557
111,deviant,6,40,415.99033741027375,48.29328947368421,54.73912653279245,41.847452414575976
111,deviant,7,40,366.66042299309277,44.113749999999996,49.79521211604483,38.43228788395516
111,deviant,8,40,370.20393028707844,44.646118421052634,50.3824877514741,38.909749090631166
111,deviant,9,40,353.6596147419369,41.08638157894737,46.56639408405806,35.606369073836674
111,deviant,10,40,336.2684130483193,37.74078947368421,42.95132251665878,32.53025643070964
111,deviant,11,40,356.1500369653349,36.474934210526314,41.993536207788054,30.95633221326457
112,background,1,840,677.8974732291941,42.76690476190476,45.05909388720406,40.47471563660547
112,background,2,760,384.46398435114577,14.949144736842106,16.315850236222282,13.582439237461932
112,background,3,680,253.6680279835292,10.498676470588235,11.451993502229513,9.545359438946956
112,background,4,600,196.2363303988867,8.770916666666666,9.55602550150669,7.9858078318266426
112,background,5,520,157.9044347898937,7.632692307692308,8.311299926693746,6.954084688690869
112,background,6,440,131.10631483446429,6.856022727272728,7.468547062674457,6.2434983918709985
112,background,7,360,110.17932750986601,6.396111111111111,6.965193233572591,5.827028988649631
112,background,8,280,90.17081742886371,5.894107142857143,6.42220337237557,5.366010913338716
112,background,9,200,68.55944404982476,5.56725,6.042342708459705,5.092157291540294
112,background,10,120,53.150357725191185,5.39125,5.866740281137417,4.915759718862583
112,background,11,40,29.48286746034399,4.95625,5.413091764325,4.499408235674999
112,deviant,1,40,145.13580754444763,42.53375,44.78265263725269,40.28484736274731
112,deviant,2,40,266.69821304632933,43.230000000000004,47.36253162550385,39.09746837449616
112,deviant,3,40,251.9677872059714,37.92125,41.825531312361164,34.01696868763884
112,deviant,4,40,243.64998082884128,34.23875,38.01414556724995,30.46335443275006
112,deviant,5,40,244.76870930049776,30.2775,34.07023044451314,26.48476955548686
112,deviant,6,40,212.86411529176866,27.03,30.328363638549465,23.731636361450537
112,deviant,7,40,237.09575569465824,28.56375,32.237586796614394,24.889913203385607
112,deviant,8,40,243.23685121599829,27.05875,30.827744057577252,23.289755942422747
112,deviant,9,40,207.16241403660487,24.86875,28.078764862279087,21.65873513772091
112,deviant,10,40,226.3007198165169,24.615,28.121565982703395,21.108434017296602
112,deviant,11,40,235.56469666694431,25.59,29.24011279119167,21.93988720880833
113,background,1,839,1308.3867396631306,77.00613825983314,81.43284986586997,72.5794266537963
113,background,2,759,696.626923864296,24.88820816864295,27.366231797383698,22.410184539902204
113,background,3,679,483.0046977118294,17.54770947988528,19.36423934874351,15.731179611027054
113,background,4,599,351.5198134383979,14.145975749055443,15.553521349285052,12.738430148825834
113,background,5,520,276.45784605121065,12.094711538461539,13.282812435771394,10.906610641151683
113,background,6,440,234.17695800573279,11.032087320574163,12.126154267310994,9.9380203738373325
113,background,7,360,186.23495425707418,9.99981725146199,10.961730755931711,9.037903746992267
113,background,8,280,154.47075746652084,9.233806390977444,10.13848294726219,8.329129834692697
113,background,9,200,119.85398889887128,8.607986842105262,9.438532611471222,7.777441072739301
113,background,10,120,82.48105045530474,7.88265350877193,8.620540129823102,7.144766887720758
113,background,11,40,42.298106630928565,7.314078947368421,7.9694948999338076,6.658662994803035
113,deviant,1,38,278.77026478144285,78.88026315789473,83.31206899303551,74.44845732275395
113,deviant,2,40,435.88922723675176,66.09875,72.8529235514343,59.34457644856569
113,deviant,3,40,453.63198624806915,60.5925,67.62160045064539,53.563399549354614
113,deviant,4,40,417.7701836127005,54.3625,60.83591606174213,47.88908393825786
113,deviant,5,39,426.85972674379747,55.0025641025641,61.701085580332474,48.30404262479573
113,deviant,6,40,405.95733542717824,47.188355263157895,53.47872934589185,40.89798118042394
113,deviant,7,40,378.85233085793624,47.12809210526316,52.998469790899534,41.25771441962678
113,deviant,8,40,346.68382379945353,39.605,44.97692150459953,34.23307849540046
113,deviant,9,40,306.31794054830414,34.428026315789474,39.174471979282444,29.681580652296503
113,deviant,10,40,342.7934940050113,37.39644736842105,42.70808758832229,32.08480714851981
113,deviant,11,40,313.80478855753205,33.949276315789476,38.811731891085266,29.086820740493682
114,background,1,839,911.0789872742272,38.17079856972586,41.25328466097247,35.08831247847925
114,background,2,759,579.0967649347516,15.885902503293808,17.945850830980298,13.825954175607317
114,background,3,679,420.81586171826325,11.302061855670104,12.884706052966525,9.719417658373683
114,background,4,600,343.25156111884803,9.285916666666667,10.65920892431972,7.912624409013612
114,background,5,520,281.2232069109219,8.054326923076923,9.262907360375596,6.84574648577825
114,background,6,440,228.03187104114707,7.303295454545455,8.368652759693159,6.237938149397751
114,background,7,360,204.45643597237603,6.863472222222223,7.919500654812271,5.807443789632174
114,background,8,280,167.58881384601958,6.342142857142857,7.323646887217432,5.360638827068282
114,background,9,200,138.34211026901465,6.13875,7.097411914089798,5.180088085910202
114,background,10,120,96.18875358267972,5.644583333333333,6.505100918553812,4.784065748112854
114,background,11,40,44.8600161907191,5.09,5.785113152470044,4.394886847529956
114,deviant,1,40,228.04730580344625,40.485,44.01862961295874,36.95137038704126
114,deviant,2,40,205.11736050112233,29.07,32.248326429444475,25.891673570555525
114,deviant,3,40,210.519714041227,25.65125,28.913286764814277,22.389213235185725
114,deviant,4,39,197.9575313306526,21.91794871794872,25.02440897228015,18.811488463617287
114,deviant,5,40,184.87527089763435,20.53625,23.400922001478115,17.671577998521883
114,deviant,6,40,185.7596494624736,19.5225,22.40087558931386,16.644124410686143
114,deviant,7,40,225.08092112089724,20.91,24.3976650060946,17.4223349939054
114,deviant,8,40,182.7308057455585,18.6175,21.44894316968536,15.786056830314637
114,deviant,9,40,173.79624337288283,16.29375,18.986750691412343,13.600749308587654
114,deviant,10,40,171.0115877883564,18.3675,21.017352006095912,15.71764799390409
114,deviant,11,40,159.44410008724557,17.0825,19.553111927182584,14.611888072817415
115,background,1,840,1726.0179185811364,73.02541666666667,78.8616377167277,67.18919561660564
115,background,2,760,1055.6847578205986,26.17217105263158,29.924954727701298,22.41938737756186
115,background,3,680,755.7345112286383,18.320023219814242,21.160170583596866,15.479875856031619
115,background,4,600,570.3541401179084,14.668973196881092,16.950865002969895,12.38708139079229
115,background,5,520,503.038847005027,13.037542735042734,15.199394583507466,10.875690886578003
115,background,6,440,399.4627063313546,11.506583599149389,13.37286005594954,9.640307142349238
115,background,7,360,360.57271797810824,10.751576510721247,12.613953893904243,8.88919912753825
115,background,8,280,261.787463391569,9.685593149540518,11.218782892012866,8.152403407068169
115,background,9,200,191.87837589710546,8.924309511523909,10.253958818970974,7.594660204076843
115,background,10,120,175.17357174345136,9.105796783625731,10.672923223428816,7.538670343822646
115,background,11,40,81.40759892063335,8.033340643274855,9.29476445730472,6.77191682924499
115,deviant,1,40,372.3494361907628,70.67625,76.44586428882747,64.90663571117253
115,deviant,2,40,404.92797930132303,54.485,60.75942404431632,48.21057595568368
115,deviant,3,40,377.7458244570506,44.91875,50.77198219132185,39.06551780867816
115,deviant,4,40,341.4880979662858,39.57,44.861412898719664,34.27858710128034
115,deviant,5,40,378.0146930836611,40.761315789473684,46.61871414332764,34.90391743561973
115,deviant,6,40,319.61052092776816,33.734013157894736,38.68642948828957,28.781596827499904
115,deviant,7,40,306.6826426044581,34.16921052631579,38.921307306716244,29.41711374591533
115,deviant,8,40,317.6342005831818,31.746973684210527,36.668766613597754,26.8251807548233
115,deviant,9,40,319.4618017210476,33.02308479532164,37.97319669773372,28.072972892909554
115,deviant,10,40,281.2645238385763,27.65720760233918,32.01544655196905,23.298968652709313
115,deviant,11,40,277.0123709731582,28.433941778465773,32.72629293682737,24.141590620104175
116,background,1,840,632.058037808155,41.31630952380952,43.453500792454406,39.17911825516464
116,background,2,760,357.2556102465453,14.200723684210526,15.47070794042742,12.930739427993633
116,background,3,680,241.42530718085123,10.10735294117647,11.0146602555207,9.20004562683224
116,background,4,600,183.86011559134613,8.399333333333333,9.134926996504955,7.663739670161711
116,background,5,520,153.0794599305589,7.4326923076923075,8.090564190516407,6.774820424868207
116,background,6,440,118.7347109271226,6.673863636363636,7.228588250441752,6.119139022285521
116,background,7,360,100.0028552223964,6.112916666666667,6.629436765203967,5.596396568129367
116,background,8,280,82.72424070367767,5.796428571428572,6.2809130293836235,5.31194411347352
116,background,9,200,62.069316090963994,5.346,5.776118416253013,4.915881583746987
116,background,10,120,49.88228247848286,5.328333333333333,5.774586971777393,4.882079694889273
116,background,11,40,25.77473262917121,4.9350000000000005,5.334383619831202,4.535616380168799
116,deviant,1,40,133.94350733758895,40.39,42.465476148793456,38.314523851206545
116,deviant,2,40,255.0080494085587,39.435,43.38639066325822,35.483609336741786
116,deviant,3,40,241.86184072730447,34.75875,38.50643804931787,31.011061950682127
116,deviant,4,40,252.59290109623137,33.935,37.8489675524433,30.02103244755671
116,deviant,5,40,247.2506771849595,32.11875,35.94993893532515,28.287561064674843
116,deviant,6,40,240.06422934399515,30.06875,33.788583772354265,26.348916227645734
116,deviant,7,40,224.42460344529727,28.30375,31.781245258349337,24.826254741650665
116,deviant,8,40,216.29799741146599,26.85125,30.20282219325184,23.49967780674816
116,deviant,9,40,208.96147340699204,24.56875,27.80664157603492,21.330858423965083
116,deviant,10,40,232.07167676796482,25.2425,28.838487887105646,21.646512112894353
116,deviant,11,40,221.37242375688982,23.46125,26.891451244096327,20.031048755903672
117,background,1,840,1238.5028079351123,74.74107142857143,78.92884727980504,70.55329557733782
117,background,2,760,676.6089771017945,24.11769736842105,26.522929711564096,21.712465025278007
117,background,3,680,432.4184894289322,16.680514705882352,18.305598931301414,15.05543048046329
117,background,4,600,337.78498299486625,13.829666666666666,15.181088056816455,12.478245276516878
117,background,5,520,272.74066147359224,12.196730769230768,13.368856752479706,11.02460478598183
117,background,6,440,228.4974893332068,10.813295454545454,11.88082811284266,9.745762796248247
117,background,7,360,181.60023733142634,9.910745614035088,10.848720557572681,8.972770670497495
117,background,8,280,145.57523225334052,9.223524436090226,10.076103279848715,8.370945592331738
117,background,9,200,110.50523260347691,8.568131578947368,9.333893772386418,7.802369385508317
117,background,10,120,80.39865583235283,8.208464912280702,8.927722149691109,7.489207674870294
117,background,11,40,43.500672173337314,7.680592105263158,8.354642003961818,7.006542206564499
117,deviant,1,40,273.65270441122806,74.35125,78.59154258564101,70.11095741435898
117,deviant,2,40,430.8179246625264,68.67,75.34559290392602,61.994407096073985
117,deviant,3,40,429.68926655139256,57.56375,64.22185416530506,50.90564583469494
117,deviant,4,40,445.9185139155265,54.99,61.89957895857171,48.080421041428295
117,deviant,5,40,435.47947259616217,52.45875,59.20657433749849,45.710925662501516
117,deviant,6,40,370.3221748125472,43.64625,49.38445154832597,37.908048451674034
117,deviant,7,40,385.8130273918484,44.38375,50.36198479586355,38.40551520413645
117,deviant,8,40,369.6849247227312,42.32348684210526,48.0518140979887,36.595159586221826
117,deviant,9,40,348.19168193456466,39.4675,44.86278600846683,34.072213991533175
117,deviant,10,40,351.31384978766715,37.4425,42.88616450056732,31.998835499432683
117,deviant,11,40,333.50318874125446,36.24493421052632,41.41261965894812,31.077248762104517
118,background,1,839,638.1309901002423,41.39064362336114,43.549655003112534,39.23163224360975
118,background,2,759,355.9134023888397,14.12536231884058,15.391408448686784,12.859316188994375
118,background,3,679,238.31013075623258,10.165022091310751,11.061281429203323,9.26876275341818
118,background,4,599,183.6011194209652,8.483555926544241,9.218726286673881,7.748385566414601
118,background,5,519,149.52834619492546,7.430828516377649,8.074057976085395,6.787599056669903
118,background,6,439,123.88607882371524,6.737927107061504,7.317377581349014,6.1584766327739935
118,background,7,359,101.27649750740997,6.148885793871866,6.672712365808272,5.62505922193546
118,background,8,279,80.9870847403266,5.731720430107527,6.20688028406597,5.2565605761490835
118,background,9,200,65.51361851192709,5.45275,5.906736214316552,4.998763785683448
118,background,10,120,49.11273283289975,5.2370833333333335,5.676452476677295,4.797714189989372
118,background,11,40,28.269055054674375,4.93125,5.369283546239988,4.493216453760013
118,deviant,1,40,131.67088156700245,41.26,43.30026144764264,39.219738552357356
118,deviant,2,40,252.4638848585967,39.14625,43.058218425129546,35.23428157487046
118,deviant,3,40,231.7551793550572,35.225,38.81608370888379,31.633916291116215
118,deviant,4,40,252.12787586753208,34.81875,38.725511911871855,30.911988088128147
118,deviant,5,40,253.88016236426446,30.9175,34.85141387244173,26.983586127558272
118,deviant,6,40,218.2601718857084,28.03625,31.418226401727562,24.654273598272436
118,deviant,7,40,230.2228325591946,29.0275,32.59483974928687,25.46016025071313
118,deviant,8,40,218.6673573213312,26.59875,29.98703580541998,23.21046419458002
118,deviant,9,40,211.6970899533974,26.1175,29.397780393583194,22.837219606416806
118,deviant,10,40,215.70447009983968,24.66625,28.00862539227639,21.323874607723614
118,deviant,11,40,202.9922606769451,23.0825,26.22789766651632,19.93710233348368
119,background,1,839,1255.569247079,75.65083432657926,79.89884662274373,71.40282203041478
119,background,2,759,665.6977562164224,23.86844532279315,26.236448500668228,21.500442144918072
119,background,3,679,463.80186615906547,17.23379970544919,18.978109744464145,15.489489666434235
119,background,4,599,335.21890552276875,13.871777523943415,15.214051494127588,12.529503553759241
119,background,5,519,262.8031221164468,11.966053138626913,13.09655925703276,10.835547020221066
119,background,6,439,226.79020627182882,11.006162330655796,12.066924716839393,9.945399944472198
119,background,7,360,185.70031743305356,10.160489766081872,11.119641842746251,9.201337689417493
119,background,8,280,145.97639098548157,9.311738721804511,10.166666999891342,8.45681044371768
119,background,9,200,119.46157595082602,8.881697368421053,9.70952385479245,8.053870882049656
119,background,10,120,84.58626863803168,8.40609649122807,9.162816678569351,7.649376303886788
119,background,11,40,45.45927745172319,8.126776315789474,8.831175117701077,7.42237751387787
119,deviant,1,40,290.6204026235127,75.85625,80.35945979334683,71.35304020665318
119,deviant,2,40,470.98833654125104,72.29125,79.5892898847369,64.99321011526311
119,deviant,3,40,464.47693274546106,61.0325,68.22964463761406,53.83535536238594
119,deviant,4,40,402.6137106458249,55.31,61.54856407997866,49.071435920021344
119,deviant,5,40,424.1495546818859,53.09625,59.66851544057038,46.523984559429614
119,deviant,6,40,373.0910182445255,45.14875,50.92985522180027,39.36764477819973
119,deviant,7,39,400.6204482640039,46.97591093117409,53.26267098136807,40.689150880980115
119,deviant,8,40,332.7345393616517,38.545,43.700775102889864,33.38922489711014
119,deviant,9,40,348.1717437672028,38.1825,43.57747706336278,32.78752293663722
119,deviant,10,40,343.868848673036,38.08914473684211,43.41744774995627,32.76084172372795
119,deviant,11,40,356.5255324141006,39.172302631578944,44.696722991099406,33.64788227205848
120,background,1,840,883.3463080808116,36.33869047619048,39.325568110666545,33.35181284171441
120,background,2,760,549.9489593541723,14.575,16.529977053042423,12.620022946957576
120,background,3,680,405.5490300684661,10.361911764705882,11.886017110591144,8.83780641882062
120,background,4,600,318.7653525714488,8.290916666666666,9.56624368708143,7.015589646251902
120,background,5,520,284.20397604537476,7.436923076923077,8.658313620839817,6.215532533006337
120,background,6,440,217.2563910997423,6.465795454545455,7.480810076367209,5.4507808327237
120,background,7,360,170.75133504910764,5.720972222222223,6.602912004929431,4.839032439515014
120,background,8,280,174.22229448247103,5.649464285714286,6.6698180923860075,4.629110479042565
120,background,9,200,113.88879617739772,5.1115,5.900709092766463,4.322290907233538
120,background,10,120,74.42318540828383,4.6075,5.27329987167527,3.941700128324729
120,background,11,40,50.87544128865901,4.935,5.723323130047838,4.146676869952161
120,deviant,1,40,195.1891053366075,38.10625,41.130736521839616,35.08176347816039
120,deviant,2,40,215.39811976895248,28.37125,31.708878444719392,25.033621555280607
120,deviant,3,40,190.78883339275498,23.4525,26.40880360167273,20.49619639832727
120,deviant,4,40,158.91202465184114,18.005,20.467367332894355,15.542632667105643
120,deviant,5,40,176.07422178998084,19.5425,22.270798332680148,16.814201667319853
120,deviant,6,40,166.7580582760545,17.02875,19.612692883463176,14.444807116536822
120,deviant,7,40,188.3171596843446,17.79,20.708004620771206,14.871995379228794
120,deviant,8,40,166.0623376928074,17.34,19.91316258133838,14.76683741866162
120,deviant,9,40,142.35659450829806,13.6275,15.833338285097074,11.421661714902925
120,deviant,10,40,152.87243564144376,13.93625,16.305032931613884,11.567467068386117
120,deviant,11,40,148.85446795974565,14.52,16.82652387736223,12.213476122637768
121,background,1,840,1666.5812477233612,69.64470238095238,75.27994895336091,64.00945580854385
121,background,2,760,995.3918733739731,24.21046052631579,27.748913028373902,20.672008024257675
121,background,3,680,723.6773288668021,16.716397058823528,19.436069413694295,13.996724703952761
121,background,4,600,561.82293182563,13.355267543859648,15.603027408179496,11.1075076795398
121,background,5,520,438.66238833033395,11.256047570850203,13.141236161572323,9.370858980128084
121,background,6,440,387.2453953229533,10.336178229665071,12.145375816425545,8.526980642904597
121,background,7,360,279.25796150571506,8.819875730994152,10.262258045713835,7.3774934162744685
121,background,8,280,226.26515069946728,8.438956766917293,9.764105815832963,7.113807718001623
121,background,9,200,165.1442408279434,7.673059941520468,8.81745114464123,6.5286687383997055
121,background,10,120,153.9361693626488,7.766968810916179,9.144102579721865,6.389835042110492
121,background,11,40,64.73150999824512,6.767426900584796,7.770452039669237,5.764401761500354
121,deviant,1,40,396.0982766143298,73.60625,79.74385638370659,67.46864361629342
121,deviant,2,40,374.0945771213197,49.86,55.65665552770234,44.06334447229766
121,deviant,3,40,375.45933622417056,42.62375,48.44155268909238,36.80594731090762
121,deviant,4,40,378.7191363141376,39.6475,45.51581381479786,33.77918618520214
121,deviant,5,40,356.8239135248055,38.0575,43.58654382273139,32.5284561772686
121,deviant,6,40,270.4299771005793,27.839868421052632,32.03022432965517,23.64951251245009
121,deviant,7,40,336.47383960248993,34.55861842105263,39.77233458146219,29.34490226064307
121,deviant,8,40,290.57427410548553,29.563684210526315,34.06617923508107,25.061189185971557
121,deviant,9,40,281.23484149036625,27.32559210526316,31.68337112214246,22.967813088383856
121,deviant,10,40,280.75514399061865,25.54263157894737,29.89297760605993,21.192285551834807
121,deviant,11,40,270.68487235233346,25.565197368421053,29.75950291986909,21.370891816973018
122,background,1,838,591.6022668189017,39.70811455847255,41.71089755573006,37.70533156121505
122,background,2,758,331.1736823703491,13.12565963060686,14.304479072594807,11.946840188618912
122,background,3,678,223.63465271450406,9.233185840707964,10.074872276079402,8.391499405336527
122,background,4,598,166.44299640607176,7.530852842809365,8.197876149965937,6.863829535652793
122,background,5,518,128.26534995859174,6.52027027027027,7.072564551403954,5.967975989136586
122,background,6,439,103.61389614180237,5.798519362186788,6.283151064410387,5.313887659963188
122,background,7,360,85.09666330275917,5.331111111111111,5.770639930729181,4.891582291493042
122,background,8,280,70.38776059873807,5.024642857142857,5.436877236694357,4.612408477591357
122,background,9,200,55.21100672110494,4.78025,5.162842757036567,4.397657242963432
122,background,10,120,39.90825003746258,4.516666666666667,4.873691263342552,4.159642069990781
122,background,11,40,21.68907073790125,4.2275,4.563575632934956,3.8914243670650435
122,deviant,1,40,129.39930041297916,39.6625,41.66756293299317,37.65743706700683
122,deviant,2,40,246.30523425427367,39.6775,43.494039145337666,35.86096085466234
122,deviant,3,40,224.89341920118517,32.87625,36.36100963374807,29.391490366251926
122,deviant,4,40,218.3654469485789,29.767500000000002,33.15110765572706,26.383892344272947
122,deviant,5,40,225.90008853473256,28.99875,32.499108136676874,25.498391863323125
122,deviant,6,40,220.92338514802626,26.39,29.813243318765654,22.966756681234347
122,deviant,7,39,229.33436862271418,27.756410256410255,31.35525338346809,24.157567129352422
122,deviant,8,40,195.42743302552833,22.67375,25.701929447639333,19.645570552360663
122,deviant,9,40,186.24359402618245,22.42875,25.314624388018483,19.54287561198152
122,deviant,10,40,205.96672572350894,22.90625,26.097737479918052,19.714762520081948
122,deviant,11,40,197.15324656616474,21.17625,24.23117120550467,18.12132879449533
123,background,1,840,1182.1918781831082,72.2520238095238,76.24939431789903,68.25465330114858
123,background,2,760,638.575952701338,22.38578947368421,24.655820742807563,20.115758204560855
123,background,3,680,408.18805972892335,15.20654411764706,16.740567275967415,13.672520959326704
123,background,4,600,313.4696572611004,12.418179824561403,13.672319651114949,11.164039998007857
123,background,5,520,243.6740818945143,10.639822874493927,11.687032781845948,9.592612967141905
123,background,6,440,197.7749437177853,9.533678229665071,10.45767617829787,8.609680281032272
123,background,7,360,154.1617656878644,8.580972222222222,9.377225991444071,7.784718453000374
123,background,8,280,126.51522687636832,7.999821428571429,8.740773060098856,7.258869797044
123,background,9,200,98.27876570996244,7.5025,8.183537100465552,6.821462899534448
123,background,10,120,67.6437844812616,7.277083333333334,7.8822337683782795,6.671932898288388
123,background,11,40,36.90417891042465,6.80875,7.380586176622935,6.236913823377065
123,deviant,1,40,257.07561861096536,75.1875,79.17092797996636,71.20407202003364
123,deviant,2,40,402.603595690796,62.04125,68.27965734712669,55.80284265287331
123,deviant,3,40,419.6687384116192,56.246249999999996,62.74908447313554,49.74341552686445
123,deviant,4,40,423.2197108881042,55.27125,61.829107361713426,48.71339263828658
123,deviant,5,40,402.3360830005315,49.87625,56.110512195045935,43.64198780495406
123,deviant,6,40,357.4779787107982,45.394999999999996,50.934178667788586,39.855821332211406
123,deviant,7,40,366.0795854257611,40.31901315789474,45.991475102589106,34.64655121320037
123,deviant,8,40,363.96638074936186,40.6375,46.27721749899062,34.99778250100938
123,deviant,9,40,347.521911463678,38.87,44.25490780749895,33.48509219250104
123,deviant,10,40,345.72297626248314,35.77125,41.128283017764694,30.414216982235313
123,deviant,11,40,314.8752677021908,34.50875,39.38779282149146,29.629707178508536
124,background,1,840,598.7627506608496,39.77059523809524,41.79520444509115,37.74598603109933
124,background,2,760,333.84224134351723,13.048947368421052,14.235700993574312,11.862193743267792
124,background,3,680,214.97099559561147,9.117720588235294,9.925609201708825,8.309831974761762
124,background,4,600,164.85618134093664,7.46425,8.123812091207412,6.804687908792587
124,background,5,520,129.55845053589965,6.450865384615384,7.007653746871753,5.894077022359015
124,background,6,440,106.86932502630931,5.809772727272727,6.309062653690244,5.31048280085521
124,background,7,360,85.99389513215452,5.317638888888889,5.761801958918104,4.873475818859674
124,background,8,280,72.11124446955112,5.041428571428572,5.46375674140767,4.619100401449473
124,background,9,200,54.42754720485611,4.7165,5.093663659576666,4.339336340423334
124,background,10,120,38.53204408090273,4.482916666666667,4.8276295389216,4.1382037944117345
124,background,11,40,22.57455484202932,4.2575,4.607296351279457,3.9077036487205437
124,deviant,1,40,120.86984082496606,38.72625,40.5991475874016,36.8533524125984
124,deviant,2,40,223.27795988055124,36.4825,39.94222783223737,33.02277216776263
124,deviant,3,40,221.3516552076309,31.20625,34.63612943209149,27.776370567908515
124,deviant,4,40,213.08032831725566,27.965,31.266713894089108,24.663286105910892
124,deviant,5,40,224.84839336762008,30.39,33.87406195122877,26.905938048771233
124,deviant,6,40,220.70395150637046,26.30625,29.726093159261453,22.886406840738545
124,deviant,7,40,206.6196034414832,24.46875,27.670353924967674,21.267146075032326
124,deviant,8,40,205.3337014407728,25.55125,28.732928667034614,22.369571332965386
124,deviant,9,40,216.85545149270578,24.68625,28.046460033731446,21.326039966268556
124,deviant,10,40,194.16786009722836,21.3675,24.376162162910006,18.358837837089993
124,deviant,11,40,192.78788452870327,21.8025,24.789779219941572,18.815220780058425
125,background,1,1274,1436.1880237189296,72.51895604395604,76.46219106756509,68.57572102034699
125,background,2,1114,758.4885836839911,22.37271095152603,24.599774084909455,20.145647818142606
125,background,3,954,489.74045757878093,15.48805031446541,17.041931724522858,13.934168904407962
125,background,4,794,356.04403556745336,12.537468513853904,13.775750455166369,11.299186572541439
125,background,5,634,269.5581325838739,10.711593059936908,11.760734123692703,9.662451996181112
125,background,6,480,201.23690542557836,9.414479166666666,10.31462543878367,8.514332894549662
125,background,7,360,158.47354917926742,8.672083333333333,9.490607695018747,7.853558971647919
125,background,8,280,124.0754144846277,8.077904135338345,8.80456671236289,7.3512415583138
125,background,9,200,102.24567506831494,7.691434210526316,8.399960590366772,6.982907830685858
125,background,10,120,75.93756861715669,7.484890350877193,8.164238099341175,6.805542602413213
125,background,11,40,43.73667549809577,7.014407894736842,7.692114702839386,6.3367010866342985
125,deviant,1,80,362.5131467670481,72.814375,76.78633479065154,68.84241520934846
125,deviant,2,80,624.8215513669735,68.560625,75.40662796705081,61.7146220329492
125,deviant,3,80,606.3556820529471,57.781875,64.42555236570684,51.13819763429317
125,deviant,4,80,542.9784768439625,49.0025,54.95177024425774,43.05322975574226
125,deviant,5,80,588.9732703254832,49.280625,55.733847919952886,42.827402080047115
125,deviant,6,74,479.8381360856026,40.5527027027027,46.019147632023,35.08625777338241
125,deviant,7,40,342.56180003337397,40.31375,45.62180008461577,35.00569991538423
125,deviant,8,40,316.8331953634444,35.3825,40.291881224918164,30.473118775081836
125,deviant,9,40,348.1068083218138,39.36625,44.76022087821208,33.97227912178792
125,deviant,10,40,334.31652194007,37.535000000000004,42.71528817690575,32.354711823094256
125,deviant,11,40,326.91547005518646,34.366052631578945,39.43166032140185,29.300444941756037
126,background,1,840,968.3184162573582,39.70517857142857,42.97937420015564,36.4309829427015
126,background,2,760,603.0605625517746,16.539736842105263,18.683516808100812,14.395956876109715
126,background,3,680,453.0244736040322,12.00764705882353,13.710171219515512,10.305122898131547
126,background,4,600,350.5637902759378,9.696583333333333,11.099130600504434,8.294036066162231
126,background,5,520,300.25905919984984,8.492788461538462,9.783177078668443,7.202399844408481
126,background,6,440,248.02930111284485,7.391931818181818,8.550716450456173,6.2331471859074625
126,background,7,360,202.32497959575105,6.74375,7.788769346347123,5.698730653652878
126,background,8,280,170.8215879573794,6.3420582706766915,7.342495430867789,5.341621110485594
126,background,9,200,112.68555198307814,5.563355263157895,6.344226299057936,4.7824842272578545
126,background,10,120,86.32957046598867,5.278333333333333,6.050649334357912,4.506017332308755
126,background,11,40,33.829526188010135,4.5325,5.056693939100285,4.008306060899715
126,deviant,1,40,229.42345931532486,41.61875,45.17370333254586,38.063796667454135
126,deviant,2,40,213.36305851023533,28.3125,31.61859484381737,25.00640515618263
126,deviant,3,40,218.2744771346871,26.6575,30.039698063856978,23.27530193614302
126,deviant,4,40,196.2998847091921,23.21625,26.25794822653658,20.174551773463417
126,deviant,5,40,214.6883972056637,23.48375,26.81038117966605,20.157118820333952
126,deviant,6,40,195.8222744171223,21.11,24.144297578387874,18.075702421612124
126,deviant,7,40,178.49323295443534,18.70125,21.467031299008905,15.9354687009911
126,deviant,8,40,163.0956371032201,16.96125,19.488443079443964,14.434056920556035
126,deviant,9,40,176.89573943874103,17.87625,20.617277880529876,15.135222119470122
126,deviant,10,40,187.22925013272678,17.42125,20.322397287621516,14.520102712378483
126,deviant,11,40,176.43335554074918,17.17125,19.905113167801776,14.437386832198225
127,background,1,840,1866.552892366033,76.56547619047619,82.8768911324682,70.25406124848418
127,background,2,760,1082.7114181130078,26.913756925207757,30.762615881070953,23.06489796934456
127,background,3,680,787.129416007215,18.943854489164085,21.9019879376342,15.98572104069397
127,background,4,600,647.7220570259242,15.763473684210526,18.354901624480917,13.172045743940137
127,background,5,520,493.1281825626726,13.13269118308592,15.251951115694094,11.013431250477744
127,background,6,440,415.60042967766867,11.697943248272196,13.639614610955244,9.756271885589149
127,background,7,360,319.9527982150732,10.37112897985705,12.023702303826733,8.718555655887366
127,background,8,280,253.77918946159457,9.569113408521304,11.05540173224244,8.082825084800167
127,background,9,200,220.89529979366293,8.934678878568972,10.465405209849049,7.4039525472888945
127,background,10,120,154.25905660462095,8.570333820662768,9.950356182359116,7.190311458966421
127,background,11,40,76.11689214195391,7.888141984864121,9.067585448015661,6.708698521712581
127,deviant,1,40,407.272839493961,75.69625,82.00700802943297,69.38549197056705
127,deviant,2,40,396.9719100495916,53.86125,60.01239347403455,47.71010652596544
127,deviant,3,40,370.2965880991813,47.57,53.3078050780948,41.8321949219052
127,deviant,4,40,385.49946564385266,43.24986842105263,49.2232445272934,37.27649231481186
127,deviant,5,40,355.3416554602952,40.32769736842105,45.83377336448882,34.82162137235328
127,deviant,6,40,355.84248108542243,39.9853947368421,45.49923110637117,34.47155836731304
127,deviant,7,40,321.3273517667988,34.57041666666667,39.549435566523414,29.591397766809916
127,deviant,8,40,302.86470706860797,30.789342105263156,35.482279361624,26.09640484890231
127,deviant,9,40,274.743196947633,28.990065789473686,33.247255732028314,24.732875846919054
127,deviant,10,40,291.21792532562233,27.964627192982455,32.47709569652167,23.45215868944324
127,deviant,11,40,315.47128675322875,31.48575292397661,36.37403115634572,26.5974746916075
128,background,1,840,696.2282690551849,42.346964285714286,44.70113572030036,39.992792851128215
128,background,2,760,389.06632501818746,15.111973684210525,16.495039738950087,13.728907629470966
128,background,3,680,259.18656661908506,10.63404411764706,11.608100526311395,9.659987708982724
128,background,4,600,202.03500869117235,8.705416666666666,9.51372504640449,7.897108286928843
128,background,5,520,160.75276047396508,7.619711538461538,8.3105600771887609,6.928862999734315
128,background,6,440,131.1136509814452,6.815,7.427558609636037,6.202441390363964
128,background,7,360,106.01937509123907,6.22125,6.768845745613528,5.673654254386473
128,background,8,280,86.01805196095698,5.766071428571428,6.269846488023875,5.262296369118982
128,background,9,200,70.69999627782317,5.3575,5.847425978619542,4.867574021380458
128,background,10,120,52.89475648075047,5.159583333333333,5.632786971204744,4.686379695461922
128,background,11,40,25.97083384349289,4.6975,5.09992223962819,4.29507776037181
128,deviant,1,40,146.46676468706045,41.96375,44.23327603184244,39.69422396815755
128,deviant,2,40,262.56337580818365,42.815,46.88346165871341,38.74653834128659
128,deviant,3,40,236.48334758331407,34.644999999999996,38.309347434616285,30.98065256538371
128,deviant,4,40,252.0431615084168,34.45625,38.361699249277756,30.55080075072224
128,deviant,5,40,261.2881601442724,34.71125,38.75995198728458,30.66254801271542
128,deviant,6,40,231.07005659027217,29.68375,33.26421762165738,26.10328237834262
128,deviant,7,40,228.65911769545332,27.18625,30.729359736442508,23.643140263557495
128,deviant,8,40,216.01712895046074,26.44,29.787220091359394,23.09277990864061
128,deviant,9,40,232.04755637811107,25.8425,29.438114137792702,22.2468858622073
128,deviant,10,40,207.43580490815646,22.80625,26.020501097722534,19.591998902277464
128,deviant,11,40,208.24483313233918,22.92,26.146787119933453,19.69321288006655
129,background,1,839,1340.1957673179102,76.94982121573301,81.48415344159697,72.41548898986905
129,background,2,759,740.8254517765977,25.51706192358366,28.152307435042765,22.881816412124557
129,background,3,679,500.18709394322497,18.037039764359353,19.918190818313192,16.155888710405513
129,background,4,599,364.9784973238451,14.364871276689218,15.826307754654977,12.90343479872346
129,background,5,519,291.21841896394477,12.44718081330494,13.699921655117844,11.194439971492034
129,background,6,439,239.24042141696307,11.120794868720777,12.239790457047249,10.001799280394305
129,background,7,359,185.97776937514445,9.997720275619411,10.95964233834708,9.035798212891741
129,background,8,280,152.34836054850174,9.263463868003342,10.155710351655868,8.371217384350816
129,background,9,200,114.70666871913424,8.528122807017544,9.322999467344006,7.733246146691082
129,background,10,120,86.62972331208448,8.176966374269005,8.951967583207182,7.401965165330829
129,background,11,40,46.650623808845104,7.593026315789474,8.315885220757261,6.870167410821686
129,deviant,1,40,286.6473948030374,77.90875,82.35039739936244,73.46710260063756
129,deviant,2,40,453.14140351434156,67.46,74.48149879243066,60.43850120756933
129,deviant,3,40,433.0137958176634,56.7,63.409618279988656,49.99038172001135
129,deviant,4,40,451.88246899993106,55.56125,62.56324140002704,48.559258599972964
129,deviant,5,40,432.49842612024753,53.34703947368421,60.048672017476626,46.6454069298918
129,deviant,6,40,373.1413694284613,45.93875,51.72063542147847,40.15686457852153
129,deviant,7,40,369.29482587907,43.4375,49.159782611676455,37.715217388323545
129,deviant,8,40,377.16291018433066,44.35526315789474,50.199462998982746,38.511063316806734
129,deviant,9,40,356.5945737928152,42.21328947368421,47.738779640451405,36.68779930691702
129,deviant,10,40,353.7313259325394,38.705555555555556,44.18667923707678,33.22443187403433
129,deviant,11,40,359.2125517154732,37.57421052631579,43.14026668127119,32.008154371360384
130,background,1,839,708.0079913316466,43.44398092967819,45.83940966445853,41.04855219489785
130,background,2,759,397.1526917022163,15.477140974967062,16.889882459026893,14.06439949090723
130,background,3,680,264.6544121958613,10.814705882352941,11.809311157014152,9.82010060769173
130,background,4,600,197.717967663139,8.7595,9.550536618466165,7.968463381533834
130,background,5,520,160.4526655893782,7.650769230769231,8.340328086433562,6.9612103751049
130,background,6,440,129.83826984286827,6.776022727272728,7.382622798715718,6.169422655829737
130,background,7,360,108.597070329777,6.208194444444445,6.769104123901639,5.64728476498725
130,background,8,280,90.59622682976081,5.820535714285715,6.3511234050886385,5.289948023482791
130,background,9,200,72.05779843840274,5.4135,5.912835067549047,4.914164932450953
130,background,10,120,48.37754481270481,5.064583333333333,5.497375385320379,4.631791281346287
130,background,11,40,30.66993212972773,5.33375,5.80898552194232,4.85851447805768
130,deviant,1,40,157.9561731353952,43.4725,45.920056260199566,41.02494373980043
130,deviant,2,40,258.7332094730217,41.9975,46.006612616474996,37.98838738352501
130,deviant,3,39,251.51409921764454,36.54871794871795,40.4956178083577,32.6018180890782
130,deviant,4,40,235.10751180101235,31.9725,35.61552863829996,28.329471361700037
130,deviant,5,40,265.45552705134105,31.9375,36.050776006517125,27.824223993482875
130,deviant,6,40,247.73436537847084,29.4875,33.32618376153241,25.64881623846759
130,deviant,7,40,245.04545765181908,31.13875,34.935768704644616,27.341731295355387
130,deviant,8,40,222.26901079074145,26.63125,30.0753440041193,23.1871559958807
130,deviant,9,40,202.10089325045445,24.84625,27.977835785147334,21.714664214852668
130,deviant,10,40,235.21603172179266,25.88375,29.52846017189368,22.239039828106318
130,deviant,11,40,225.65499982798613,24.8675,28.364060447820567,21.370939552179433
131,background,1,840,1350.6257136679467,77.48660714285714,82.05350655682288,72.9197077288914
131,background,2,760,723.8937694673742,25.390657894736844,27.963979807757685,22.817335981716003
131,background,3,680,497.1516106547458,18.065580495356038,19.933940105010258,16.197220885701817
131,background,4,600,366.0315783839817,14.434921052631578,15.899352360715868,12.970489744547288
131,background,5,520,280.7466116296339,12.255075910931174,13.461608139834102,11.048543682028246
131,background,6,440,237.7985946918672,11.045077751196173,12.15606486388414,9.934090638508206
131,background,7,360,188.61226200890803,9.951929824561404,10.926122250782909,8.9777373983399
131,background,8,280,153.7808686266128,9.105958646616541,10.006594785995567,8.205322507237515
131,background,9,200,126.2254399711343,8.789644736842105,9.664342409548182,7.914947064136028
131,background,10,120,91.83166967640061,8.29719298245614,9.118731506383227,7.475654458529053
131,background,11,40,45.26877498126157,7.48171052631579,8.18315746186531,6.780263590766269
131,deviant,1,40,296.31200217267434,77.47625,82.06765204206101,72.88484795793897
131,deviant,2,40,471.7099828228536,72.27375,79.58297190971969,64.96452809028033
131,deviant,3,40,456.0832882155119,62.36125,69.42833376815024,55.29416623184976
131,deviant,4,40,388.7232035103749,52.15375,58.177078442004735,46.13042155799527
131,deviant,5,40,389.88599548289005,47.34,53.381346090287465,41.29865390971254
131,deviant,6,40,358.9938351618458,45.5025,51.06516710684532,39.93983289315467
131,deviant,7,40,403.15065821151063,46.34736842105263,52.59425258976037,40.100484252344884
131,deviant,8,40,340.4899694532067,38.734605263157896,44.010552000333014,33.45865852598278
131,deviant,9,40,325.7192827721298,38.254276315789475,43.301348891631704,33.207203739947246
131,deviant,10,40,329.7964811908216,34.542565789473684,39.65281520934588,29.43231636960149
131,deviant,11,40,353.2861616144964,40.456776315789476,45.93100210473825,34.982550526840704
132,background,1,840,955.0143385531471,39.52291666666667,42.75212693486353,36.2937063984698
132,background,2,760,598.3124733694538,16.404342105263158,18.531243404176333,14.277440806349983
132,background,3,680,450.1448509558953,11.802426470588236,13.494128639494374,10.110724301682097
132,background,4,600,348.72320496951545,9.492666666666667,10.887850058950729,8.097483274382604
132,background,5,520,297.3555952054711,8.39048076923077,9.668391505098558,7.1125700333629815
132,background,6,440,240.85603911662122,7.483409090909091,8.60868048209779,6.358137699720391
132,background,7,360,205.2345513129589,6.944444444444445,8.004491884406807,5.884397004482082
132,background,8,280,162.10052111997797,6.232857142857143,7.18221832696714,5.283495958747146
132,background,9,200,125.42709142429281,5.83625,6.7054153995281,4.9670846004719
132,background,10,120,96.14044003709529,5.5,6.360085365714235,4.639914634285765
132,background,11,40,44.41185830265085,4.97625,5.6644188740494785,4.288081125950522
132,deviant,1,40,216.32797346913586,40.47125,43.82328667707763,37.11921332292236
132,deviant,2,40,220.4709791142112,31.1925,34.608733214644765,27.776266785355233
132,deviant,3,40,233.43940947221583,26.365,29.982181124926743,22.747818875073254
132,deviant,4,40,230.6473270464763,24.4575,28.031417359513448,20.88358264048655
132,deviant,5,40,203.4380999869882,21.57375,24.726056018198175,18.421443981801826
132,deviant,6,40,196.53150276469,20.705000000000002,23.750287185489288,17.659712814510716
132,deviant,7,40,183.10450711633447,19.52625,22.36348373241762,16.68901626758238
132,deviant,8,40,182.685990302025,19.88625,22.716998747193372,17.05550125280663
132,deviant,9,40,184.43918552708573,18.34125,21.199164788654574,15.483335211345423
132,deviant,10,40,179.26030763874314,17.8775,20.655167244384455,15.09983275561555
132,deviant,11,40,181.43949984847058,18.42875,21.240184177510418,15.617315822489582
133,background,1,840,1791.277272169073,74.60529761904762,80.66218150755495,68.54841373054029
133,background,2,760,1070.7876871969681,26.89348684210526,30.699958918366242,23.08701476584428
133,background,3,680,756.1216574194352,18.48232198142415,21.323924290318917,15.640719672529382
133,background,4,600,589.4243896473162,14.834701754385964,17.192890448811948,12.476513059959982
133,background,5,520,467.5451821311189,12.802823324336481,14.812138156081152,10.79350849259181
133,background,6,440,407.8897452406053,11.350186071238703,13.255833373095482,9.444538769381923
133,background,7,360,331.42795652762464,10.37600064977258,12.087843780480767,8.664157519064393
133,background,8,280,265.93629361841874,9.666815998329156,11.224303863655276,8.109328133003036
133,background,9,200,214.53102578674208,8.90898538011696,10.395609542582331,7.422361217651588
133,background,10,120,159.5381629535595,8.57509015594542,10.002340116277878,7.14784019561296
133,background,11,40,50.15607511902252,7.160709064327485,7.9378855000934845,6.383532628561486
133,deviant,1,40,393.80023656136814,71.765,77.86699788417049,65.66300211582951
133,deviant,2,40,412.4354016404457,55.58375,61.97450275866376,49.19299724133624
133,deviant,3,40,411.0298875033939,46.0275,52.39647409147618,39.65852590852383
133,deviant,4,40,374.30752203586763,41.660000000000004,47.45995514333834,35.860044856661666
133,deviant,5,40,342.03025156037904,38.478289473684214,43.778103129378884,33.17847581798954
133,deviant,6,40,328.2002758265623,35.265,40.350515961506446,30.179484038493555
133,deviant,7,40,306.51626241726063,30.77223684210526,35.52175553479528,26.022718149415244
133,deviant,8,40,284.34042328833493,28.85940789473684,33.2653084001297,24.453507389343983
133,deviant,9,40,278.04341570584234,29.049289108187136,33.35761647020026,24.74096174617401
133,deviant,10,40,262.6823999769568,24.95010964912281,29.02041560643888,20.879803691806735
133,deviant,11,40,276.4147324531843,26.04638157894737,30.329472232500176,21.76329092539456
134,background,1,838,645.6301919340839,41.754594272076375,43.94028091231622,39.56890763183653
134,background,2,759,367.0574815159642,14.612252964426878,15.91794052995631,13.306565398897446
134,background,3,679,244.8026326397827,10.320986745213549,11.241663699851793,9.400309790575305
134,background,4,599,183.89522188349255,8.4220367278798,9.158384724692555,7.685688731067044
134,background,5,519,146.76183714476068,7.320809248554913,7.9521379538779735,6.689480543231853
134,background,6,440,119.85159683190662,6.614772727272728,7.174715395091513,6.054830059453942
134,background,7,360,101.04903707971118,6.084027777777778,6.605951461590983,5.562104093964573
134,background,8,280,88.5639525100959,5.832857142857143,6.351542574856559,5.314171710857726
134,background,9,200,65.69082287904693,5.3785,5.8337141779310855,4.923285822068914
134,background,10,120,45.839077789933526,5.06,5.470082583039417,4.649917416960582
134,background,11,40,26.51077238843823,5.0200000000000005,5.430788674061058,4.609211325938943
134,deviant,1,40,143.22755174528177,42.3975,44.6168339073031,40.1781660926969
134,deviant,2,39,248.37766765446864,41.02948717948718,44.92716840154369,37.131805957430664
134,deviant,3,40,266.1070965647201,36.62125,40.74462218072654,32.49787781927347
134,deviant,4,40,245.306430280256,33.96375,37.76481251741743,30.16268748258256
134,deviant,5,40,263.84010309276334,32.55,36.63824475294716,28.461755247052835
134,deviant,6,40,238.16089762573273,28.65875,32.34909134182877,24.968408658171235
134,deviant,7,40,234.79570066896792,28.1125,31.750697074752388,24.474302925247613
134,deviant,8,40,214.80814573401125,24.78125,28.1097367023366,21.4527632976634
134,deviant,9,40,207.44214792766223,25.12625,28.340599383828053,21.911900616171945
134,deviant,10,40,204.73441075541854,23.465,26.637392561658025,20.292607438341975
134,deviant,11,40,213.28103525630215,24.87,28.174823880330084,21.565176119669918
135,background,1,839,1279.6892581280895,76.09123957091776,80.42085796229246,71.76162117954307
135,background,2,759,687.3301838119343,24.456851119894598,26.901804620664667,22.01189761912453
135,background,3,679,451.1332922412415,17.027245949926364,18.723910814833104,15.330581085019622
135,background,4,599,345.2836210238887,13.944741235392321,15.327316052014123,12.56216641877052
135,background,5,519,276.3298483474403,12.153833282628536,13.34252762438191,10.965138940875162
135,background,6,439,235.50052768096225,10.978437837189785,12.07994087736487,9.876934797014702
135,background,7,359,186.8487324827476,10.246041636123735,11.212468530971073,9.279614741276397
135,background,8,279,145.05549553059248,9.201273344651952,10.05232939010886,8.350217299195045
135,background,9,199,111.50854738696438,8.474371859296483,9.249025731012406,7.699717987580558
135,background,10,119,83.420102504684,8.260830999066293,9.010247608428529,7.511414389704059
135,background,11,39,48.47010611490865,8.026255810466337,8.786875813944201,7.265635806988472
135,deviant,1,40,276.7911382442117,74.59375,78.88267312171102,70.30482687828898
135,deviant,2,40,435.72838292244694,65.60625,72.35793124296305,58.85456875703696
135,deviant,3,40,455.46282706946045,59.09625,66.15371962308654,52.038780376913444
135,deviant,4,40,438.6596270698417,55.01,61.807101341593686,48.21289865840631
135,deviant,5,40,435.98750887466593,56.26875,63.02444644119141,49.513053558808586
135,deviant,6,40,348.2201587320418,42.53,47.925727261015254,37.13427273898475
135,deviant,7,40,382.227385938532,45.25651315789474,51.179187863818825,39.33383845197065
135,deviant,8,40,375.61684510613395,43.87743421052632,49.69767752503038,38.057190896022256
135,deviant,9,40,340.23407963836956,39.277434210526316,44.54941589394131,34.00545252711132
135,deviant,10,40,335.28915948452055,37.90907894736842,43.104438299167626,32.713719595569216
135,deviant,11,40,314.8529439528706,34.37375,39.25244691141201,29.495053088587994
136,background,1,840,658.1704526464569,42.222321428571426,44.447807160157055,39.9968356969858
136,background,2,760,369.86086288594646,14.615657894736842,15.930451726894695,13.300864062578988
136,background,3,680,252.16368430884435,10.421102941176471,11.36876645606233,9.473439426290613
136,background,4,600,190.22777897756373,8.53625,9.297319622550015,7.775180377449987
136,background,5,520,153.35634457384742,7.458076923076923,8.117138740995436,6.799015105158409
136,background,6,440,125.50929929900141,6.783863636363637,7.370238901635363,6.19748837109191
136,background,7,360,102.19458992787392,6.1940277777777775,6.721868303352118,5.666187252203437
136,background,8,280,86.06160584139714,5.8342857142857145,6.338315852273514,5.330255576297915
136,background,9,200,71.62377949727093,5.63825,6.134577469731957,5.141922530268044
136,background,10,120,49.41430647302991,5.138333333333334,5.580400395206284,4.696266271460384
136,background,11,40,25.250534126711276,4.7775,5.1687610798834696,4.38623892011653
136,deviant,1,40,139.06409919246062,42.17875,44.333570541618016,40.023929458381986
136,deviant,2,40,251.69404463606833,40.72875,44.6287896272953,36.8287103727047
136,deviant,3,40,223.352164694422,33.545,37.00587764774075,30.084122352259246
136,deviant,4,40,243.36963439872363,35.18,38.951051554309906,31.408948445690093
136,deviant,5,40,241.57594425377965,31.669999999999998,35.41325803756426,27.926741962435734
136,deviant,6,40,223.8571384187974,29.03625,32.50495229666582,25.567547703334178
136,deviant,7,40,241.39649628992677,28.5325,32.27297746255672,24.79202253744328
136,deviant,8,40,224.1655168561133,27.0625,30.53598067005751,23.58901932994249
136,deviant,9,40,203.1393092125904,24.3,27.447676207182557,21.152323792817445
136,deviant,10,40,223.88801241974338,25.49,28.959180694266827,22.02081930573317
136,deviant,11,40,205.76721006234715,22.90125,26.089645952719138,19.712854047280864
137,background,1,840,1265.8053531666171,76.16732142857143,80.44741595592362,71.88722690121924
137,background,2,760,681.8802667958753,24.57941135734072,27.00338225833824,22.1554404563432
137,background,3,680,456.2076163122295,17.139462074303406,18.85394889415268,15.424975254454132
137,background,4,600,358.9202093316378,14.087811403508772,15.523791309859988,12.651831497157556
137,background,5,520,280.6354136243623,12.23961032388664,13.44566466998852,11.033555977784758
137,background,6,440,223.35043794148905,10.98883971291866,12.032325518575922,9.945353907261397
137,background,7,360,177.61203284272818,9.8415716374269,10.758947291365132,8.92419598348867
137,background,8,280,150.02389185944682,9.332415413533834,10.211048366940924,8.453782460126744
137,background,9,200,115.07987818282176,8.699105263157895,9.496568133121606,7.901642393194183
137,background,10,120,90.49715352054801,8.513881578947368,9.323481341043166,7.7042818168515685
137,background,11,40,44.24340899802005,7.539144736842105,8.224703461874348,6.853586011809861
137,deviant,1,40,271.7726071553202,76.66125,80.87241017683962,72.45008982316037
137,deviant,2,40,461.5898156315159,70.0225,77.17490829445063,62.870091705549356
137,deviant,3,40,493.9548562368832,67.2475,74.90140979434695,59.593590205653065
137,deviant,4,40,420.423814989739,54.9625,61.477034505929595,48.4479654940704
137,deviant,5,40,429.69905625608305,52.5725,59.23075585835083,45.914244141649164
137,deviant,6,40,341.93779828316264,41.445,46.74338107732223,36.14661892267777
137,deviant,7,40,396.6628025759013,46.83,52.976353804107205,40.68364619589279
137,deviant,8,40,369.3916648312244,43.52888157894737,49.25266472573348,37.80509843216126
137,deviant,9,40,336.80154237676584,37.51328947368421,42.732083441188884,32.29449550617954
137,deviant,10,40,350.55776234002025,38.95993421052631,44.391883014713976,33.52798540633865
137,deviant,11,40,333.4858142471634,36.60842105263158,41.77583728047822,31.44100482478493
138,background,1,840,878.2492872335935,36.834404761904764,39.80404773152544,33.864761792284085
138,background,2,760,552.4287784530763,14.53388157894737,16.49767397630783,12.570089181586907
138,background,3,680,404.4876844133886,10.38404411764706,11.904160790235625,8.863927445058494
138,background,4,600,312.69072495628035,8.334333333333333,9.585356781624947,7.083309885041721
138,background,5,520,263.29561133328525,7.304038461538462,8.435573545642665,6.17250337743426
138,background,6,440,201.05870444121285,6.254886363636364,7.194225932978091,5.315546794294637
138,background,7,360,168.49924254085565,5.716666666666667,6.586974271055661,4.846359062277672
138,background,8,280,153.1181432406809,5.5598214285714285,6.456576237077604,4.663066620065253
138,background,9,200,122.7530147555609,5.23775,6.088384993618544,4.387115006381456
138,background,10,120,76.37909262012536,4.70875,5.392047681847044,4.025452318152956
138,background,11,40,47.69751179651773,4.5725,5.311580602398754,3.8334193976012454
138,deviant,1,40,202.0144471123421,37.385,40.51524628835966,34.25475371164033
138,deviant,2,40,214.39477237342476,27.88375,31.205831415753494,24.561668584246505
138,deviant,3,40,180.1743380874845,22.34125,25.133080292921417,19.54941970707858
138,deviant,4,40,174.92594673777032,20.64625,23.356755626408006,17.93574437359199
138,deviant,5,40,203.66805423480014,20.33625,23.492119196183683,17.180380803816316
138,deviant,6,40,176.45891127517777,17.72,20.45425915800933,14.985740841990667
138,deviant,7,40,166.16842280301665,17.90375,20.47855638715143,15.32894361284857
138,deviant,8,40,188.6404544434506,17.2525,20.17551412496362,14.329485875036381
138,deviant,9,40,150.21385632350615,15.82375,18.151337818287875,13.496162181712126
138,deviant,10,40,150.38548712173696,15.2375,17.567747265059182,12.907252734940819
138,deviant,11,40,159.46131357265244,15.37,17.840878652902326,12.899121347097672
139,background,1,840,1708.926930161609,71.36440476190477,77.14283568979697,65.58597383401256
139,background,2,760,1011.3083551426276,24.057842797783934,27.65287574443354,20.462809851134327
139,background,3,680,700.6628711900802,16.374891640866874,19.0080727076884,13.74171057404535
139,background,4,600,551.0234576469435,13.423122807017544,15.627675775998089,11.218569838036998
139,background,5,520,469.7163101152692,11.734023279352227,13.752668716623159,9.715377842081296
139,background,6,440,362.0039126149578,10.19622009569378,11.887490316104355,8.504949875283206
139,background,7,360,293.53353415327973,9.14562865497076,10.661745066323968,7.629512243617553
139,background,8,280,273.6628795387252,8.896005639097744,10.498745183491573,7.293266094703915
139,background,9,200,192.73408040145367,8.160095029239766,9.495674066372453,6.824515992107079
139,background,10,120,135.88122323685997,7.606376705653021,8.821988487087335,6.390764924218707
139,background,11,40,77.85735448279002,7.484744152046783,8.691156358574396,6.27833194551917
139,deviant,1,40,376.90162055760305,71.4825,77.32265111637578,65.64234888362422
139,deviant,2,40,448.7344162372543,58.37625,65.32946181709727,51.42303818290274
139,deviant,3,40,383.33133256533546,42.1575,48.09728053612828,36.21771946387172
139,deviant,4,40,351.8534047313634,40.40125,45.853274991037246,34.94922500896275
139,deviant,5,40,354.9117421794355,38.48875,43.9881644207648,32.98933557923521
139,deviant,6,40,312.0393451537427,33.715592105263156,38.55069185160208,28.880492358924226
139,deviant,7,40,323.76162897672236,32.2275,37.24423841601078,27.210761583989218
139,deviant,8,40,289.2792096074501,28.46217105263158,32.94459884488633,23.979743260376832
139,deviant,9,40,282.00266111721885,27.54361842105263,31.913294926311806,23.173941915793456
139,deviant,10,40,271.86466630223526,25.993223684210527,30.205810332310307,21.780637036110747
139,deviant,11,40,287.2835662797654,26.677390350877193,31.128895329399214,22.225885372355172
140,background,1,840,589.3468351533444,39.47517857142857,41.467949543317594,37.48240759953955
140,background,2,760,337.56562324976153,13.190855263157895,14.390844891512195,11.990865634803594
140,background,3,680,223.97472836766295,9.317058823529411,10.15878462124794,8.475333025810883
140,background,4,600,162.68121070298645,7.370416666666666,8.021277063035507,6.719556270297827
140,background,5,520,129.39316869627683,6.446826923076923,7.002904972695146,5.8907488734587
140,background,6,440,108.1737758861809,5.862613636363636,6.3679979137436975,5.357229358983575
140,background,7,360,86.8350826506624,5.270833333333333,5.719341181908939,4.8223254847577275
140,background,8,280,71.30305965237027,4.930357142857143,5.347952081322133,4.5127622043921525
140,background,9,200,54.35819310733883,4.74975,5.126433060200622,4.3730669397993776
140,background,10,120,42.41921113934358,4.585,4.964487993939017,4.2055120060609825
140,background,11,40,22.64898045805757,4.38375,4.734699588147718,4.032800411852282
140,deviant,1,40,126.52369239333044,39.566250000000004,41.526754925093485,37.60574507490652
140,deviant,2,40,237.874933968517,40.205,43.89091028905308,36.519089710946915
140,deviant,3,40,208.31326359469696,32.4125,35.64034746093316,29.184652539066843
140,deviant,4,40,212.46738449391282,29.48,32.77221623114758,26.18778376885242
140,deviant,5,40,236.4945587445713,29.791249999999998,33.45577115335975,26.12672884664025
140,deviant,6,40,206.29938643172272,26.61,29.806642110995455,23.413357889004544
140,deviant,7,40,226.6647071638728,27.2125,30.724706025083318,23.70029397491668
140,deviant,8,40,188.11263423251165,21.8975,24.812335466061597,18.982664533938404
140,deviant,9,40,206.92685587958493,23.76375,26.970114850820778,20.557385149179225
140,deviant,10,40,186.5465794802721,21.3625,24.25306919626932,18.471930803730682
140,deviant,11,40,186.98633499184962,21.15,24.047383278517284,18.252616721482713
141,background,1,840,1174.6717268196564,72.28208333333333,76.25402579416946,68.3101408724972
141,background,2,760,625.4869240082187,22.055328947368423,24.278830897167833,19.831826997569014
141,background,3,680,409.92266600575147,15.180220588235294,16.720762619746083,13.639678556724505
141,background,4,600,308.4516638751824,12.31775,13.551813671784217,11.083686328215784
141,background,5,520,247.11132160052446,10.569423076923076,11.631404811652438,9.507441342193715
141,background,6,440,192.30372769192638,9.425113636363637,10.323550245984581,8.526677026742693
141,background,7,360,158.52268640564722,8.643055555555556,9.461833713644634,7.824277397466478
141,background,8,280,131.09698097611795,8.145535714285714,8.913320939359826,7.377750489211602
141,background,9,200,95.29989138632642,7.520934210526316,8.181328765093323,6.86053965595931
141,background,10,120,71.6667625458355,7.356776315789474,7.997916856128241,6.715635775450706
141,background,11,40,35.57212835619305,6.82625,7.377445839444614,6.275054160555386
141,deviant,1,40,259.8654307622758,75.495,79.52165656711293,71.46834343288708
141,deviant,2,40,415.2265202969275,61.6275,68.06150159031769,55.19349840968231
141,deviant,3,40,427.8786534816421,56.845,63.47504842512283,50.21495157487717
141,deviant,4,40,425.54243402731845,52.725,59.318848329633504,46.1311516703665
141,deviant,5,40,398.7805853638789,47.66875,53.847919188384815,41.48958081161519
141,deviant,6,40,339.1133834606137,39.176249999999996,44.430866316229896,33.9216336837701
141,deviant,7,40,374.3539346942311,43.6525,49.45317431493053,37.85182568506948
141,deviant,8,40,346.6687900575995,39.06125,44.43293855435607,33.68956144564393
141,deviant,9,40,339.9938660437397,36.44875,41.71700953520355,31.180490464796446
141,deviant,10,40,350.64445930615415,38.5425,43.975792187595786,33.10920781240421
141,deviant,11,40,341.7555121968906,39.23217105263158,44.527727577783764,33.93661452747939
142,background,1,840,593.9006761722829,39.683035714285715,41.6912046855392,37.67486674303223
142,background,2,760,339.7200472835181,13.26171052631579,14.469358773668958,12.054062278962622
142,background,3,680,218.8754873149764,9.148970588235294,9.971532783104012,8.326408393366576
142,background,4,600,166.91840900019952,7.547416666666667,8.215229386855205,6.879603946478129
142,background,5,520,129.70656153511726,6.412019230769231,6.969444112529696,5.854594349008766
142,background,6,440,110.2757667705925,5.890568181818182,6.4057728905872295,5.375363473049134
142,background,7,360,85.44025305501656,5.275,5.7163034790745195,4.833696520925481
142,background,8,280,67.94018266867285,4.951071428571429,5.348971273811541,4.553171583331316
142,background,9,200,55.70238112646436,4.72325,5.109247807943053,4.337252192056948
142,background,10,120,41.26439142893059,4.475416666666667,4.844573487453353,4.106259845879981
142,background,11,40,25.283393759541063,4.46375,4.855520245169283,4.071979754830717
142,deviant,1,40,128.87636874560297,40.57125,42.56821002285843,38.57428997714157
142,deviant,2,40,221.145980602954,36.39625,39.822942471074086,32.96955752892592
142,deviant,3,40,226.14454506611008,32.66875,36.17289602987436,29.164603970125647
142,deviant,4,40,234.32962051911318,31.58625,35.21722508800829,27.955274911991705
142,deviant,5,40,249.64524303182918,32.5825,36.450793117533614,28.714206882466392
142,deviant,6,40,211.98766721824074,27.82375,31.10853293494971,24.53896706505029
142,deviant,7,40,205.8658863383993,25.02,28.209924957457545,21.830075042542454
142,deviant,8,40,211.98608444895623,24.185,27.469758409685557,20.90024159031444
142,deviant,9,40,186.40176614252513,21.11125,23.999575290353345,18.22292470964665
142,deviant,10,40,199.04052086790878,21.96625,25.05041482378344,18.882085176216556
142,deviant,11,40,215.86705216527673,23.5775,26.92239462748042,20.232605372519583
143,background,1,839,1180.6746253954273,72.93104886769964,76.92566751427564,68.93643022112364
143,background,2,760,626.8100925362187,22.49296052631579,24.72116612009079,20.264754932540793
143,background,3,680,409.7134749784869,15.406764705882352,16.946520570643067,13.867008841121638
143,background,4,600,304.84133491651727,12.471416666666666,13.691036014322089,11.251797319011244
143,background,5,520,245.47080971278973,10.819519230769231,11.874450727374752,9.76458773416371
143,background,6,440,192.51164011287045,9.568863636363636,10.468271605889107,8.669455666838164
143,background,7,360,167.43226438740754,9.072777777777778,9.937574382908496,8.207981172647061
143,background,8,280,129.24008666044756,8.208928571428572,8.965838671770745,7.452018471086398
143,background,9,200,108.51233255160206,7.8895,8.641452100658153,7.137547899341846
143,background,10,120,77.87329452386099,7.53875,8.235415013953382,6.842084986046618
143,background,11,40,37.663049042236274,6.855,7.438594991140441,6.27140500885956
143,deviant,1,40,254.59018151986103,72.98125,76.9261657332405,69.03633426675951
143,deviant,2,39,411.9723547188956,65.53076923076922,71.99566974359661,59.06586871794184
143,deviant,3,40,435.9890842428826,58.26875,65.02447085177484,51.513029148225165
143,deviant,4,40,429.21217915716477,55.25,61.90071161954236,48.59928838045764
143,deviant,5,40,406.32371396008347,50.51375,56.80980117691783,44.21769882308217
143,deviant,6,40,350.5140323041365,43.26625,48.69752120026145,37.83497879973855
143,deviant,7,40,400.8327778381824,46.285000000000004,52.49596824022251,40.0740317597775
143,deviant,8,40,364.5186010703922,39.6675,45.31577424151558,34.01922575848442
143,deviant,9,40,335.93628390232766,35.68625,40.891636648539134,30.48086335146087
143,deviant,10,40,336.2484631152512,35.08625,40.29647391555902,29.87602608444098
143,deviant,11,40,346.18342415242057,37.775,43.13916773173719,32.41083226826281
144,background,1,840,1029.4987295817932,35.36660714285714,38.847673064545546,31.885541221168737
144,background,2,760,646.5247603839109,16.62467105263158,18.92295901058789,14.326383094675272
144,background,3,680,472.05853506351946,11.868455882352942,13.642512490846403,10.09439927385948
144,background,4,600,384.8708361597636,9.54225,11.082054036933885,8.002445963066114
144,background,5,520,322.45016342798914,8.402403846153847,9.788160604294609,7.016647088013085
144,background,6,440,255.1708457608663,7.310568181818182,8.502717872783984,6.118418490852379
144,background,7,360,212.005966483402,6.707076023391813,7.802098185058831,5.612053861724794
144,background,8,280,168.17977623514344,5.968449248120301,6.953414320452031,4.983484175788571
144,background,9,200,144.66720328948904,5.658565789473684,6.661058361994331,4.656073216953037
144,background,10,120,110.09723373996731,5.577609649122807,6.5625543769483565,4.592664921297257
144,background,11,40,59.03413374792944,5.26375,6.178493379458501,4.349006620541499
144,deviant,1,40,213.43831846571902,32.0475,35.354761008909435,28.740238991090568
144,deviant,2,40,260.381193233063,31.04875,35.08339838939561,27.01410161060438
144,deviant,3,40,234.433690546299,25.17375,28.8063376697864,21.541162330213595
144,deviant,4,40,205.57897061201257,22.81875,26.00422915221722,19.633270847782782
144,deviant,5,40,227.2749262573044,22.88625,26.40791146789746,19.36458853210254
144,deviant,6,40,220.67296593542412,21.509999999999998,24.929363032865375,18.09063696713462
144,deviant,7,40,201.50908951681245,21.26875,24.391165691289444,18.146334308710557
144,deviant,8,40,182.34187093132738,17.48,20.305416562301268,14.654583437698733
144,deviant,9,40,203.5029160530759,19.545,22.69831035354744,16.391689646452562
144,deviant,10,40,200.3315278547827,17.6025,20.706669184296636,14.498330815703364
144,deviant,11,40,201.8544971302247,18.240263157894738,21.368030995603952,15.112495320185522
145,background,1,840,1876.350451920177,66.4192261904762,72.76376982869641,60.07468255225597
145,background,2,760,1106.868820133858,26.645803708833487,30.580538209706067,22.711069207960907
145,background,3,680,826.6824397817765,18.847438080495355,21.954216872712337,15.740659288278373
145,background,4,600,640.4904435723714,14.891580409356726,17.454075870095973,12.329084948617478
145,background,5,520,529.4106759678062,12.570880004498425,14.846067010933591,10.29569299806326
145,background,6,440,432.49018986271267,11.175661881977671,13.19624164160179,9.155082122353553
145,background,7,360,365.05774104922864,10.0056830734243,11.891225840770431,8.12014030607817
145,background,8,280,296.53624938010944,9.173164160401003,10.909864344323745,7.43646397647826
145,background,9,200,208.26825055655144,8.121005847953217,9.564231192242303,6.677780503664132
145,background,10,120,144.92444720969894,7.795577055383557,9.092090740271964,6.4990633704951515
145,background,11,40,107.55376180639414,8.27734649122807,9.943909296542483,6.610783685913656
145,deviant,1,40,431.35372589338465,68.75,75.43389523001292,62.06610476998708
145,deviant,2,40,409.34417309494415,52.495,58.837853676101375,46.15214632389862
145,deviant,3,40,358.97365392257734,42.2725,47.83485439530307,36.71014560469693
145,deviant,4,40,383.15165183526693,41.8,47.73699635437086,35.863003645629135
145,deviant,5,40,381.002622744269,38.69388157894737,44.597578382559206,32.79018477533553
145,deviant,6,40,352.9766206904389,35.88199561403509,41.351425016673495,30.412566211396687
145,deviant,7,40,323.9201583814258,33.12026315789474,38.139458012480894,28.101068303308587
145,deviant,8,40,316.766281817023,31.296345029239767,36.204689418014176,26.388000640465357
145,deviant,9,40,302.40020477726074,27.94203947368421,32.627779192471834,23.256299754896585
145,deviant,10,40,299.6895208824102,26.738998538011696,31.38273577468945,22.09526130133394
145,deviant,11,40,289.72348632689716,26.922847007223943,31.412158938568407,22.43353507587948
146,background,1,840,791.2457616083377,38.80565476190476,41.48111086230623,36.13019866150329
146,background,2,760,409.84041181647126,14.933815789473684,16.39073026650365,13.476901312443717
146,background,3,680,296.12281858075465,10.695514705882353,11.808382293708531,9.582647118056174
146,background,4,600,226.267639614776,8.567916666666667,9.47317576185492,7.662657571478415
146,background,5,520,179.5398797511366,7.35,8.121587767473654,6.578412232526345
146,background,6,440,151.02596500358197,6.527727272727272,7.233315550141857,5.822138995312688
146,background,7,360,118.49453684941723,5.887638888888889,6.499669512549376,5.275608265228401
146,background,8,280,96.93862681315977,5.5130357142857145,6.0807684328574405,4.9453029957139885
146,background,9,200,76.16094454301502,5.084,5.611768419409797,4.556231580590202
146,background,10,120,54.000024366466235,4.764583333333333,5.2476748470385886,4.281491819628078
146,background,11,40,32.49250925820807,4.8275,5.330976647135223,4.324023352864776
146,deviant,1,40,169.33639830076018,39.38,42.00389467605936,36.756105323940645
146,deviant,2,40,253.28328222097795,37.595,41.519665118801456,33.67033488119854
146,deviant,3,40,247.26838178703508,32.83,36.66146327097652,28.998536729023478
146,deviant,4,40,244.62973632560875,32.27125,36.061827035957236,28.480672964042768
146,deviant,5,40,242.87371637388668,31.105,34.86836722490295,27.341632775097057
146,deviant,6,40,220.64022274901927,27.61875,31.037605671935612,24.199894328064385
146,deviant,7,40,252.30241878808022,30.165,34.07446648244596,26.255533517554035
146,deviant,8,40,236.9708121045157,26.19125,29.863150775627336,22.519349224372665
146,deviant,9,40,220.35019974194668,25.37,28.78436171888223,21.95563828111777
146,deviant,10,40,214.0803894752967,24.58875,27.905960002277595,21.271539997722407
146,deviant,11,40,230.01470776772882,25.26625,28.83036482223183,21.70213517776817
147,background,1,840,1473.1035426501505,70.26464285714286,75.24567915577045,65.28360655851527
147,background,2,760,755.781364197237,24.964241689750693,27.65091869675481,22.277564682746576
147,background,3,680,531.4802332204778,17.522132352941178,19.51950333554943,15.524761370332923
147,background,4,600,409.48128255175936,13.985328947368421,15.623595276439739,12.347062618297103
147,background,5,520,329.14054260091655,11.945227732793523,13.359736959392807,10.530718506194239
147,background,6,440,255.9827711713561,10.430156166932482,11.626099146368668,9.234213187496296
147,background,7,360,218.59592284711098,9.39641081871345,10.525470457638189,8.267351179788712
147,background,8,280,169.23033371104955,8.631616541353383,9.622734329804782,7.6404987529019825
147,background,9,200,123.6241965994688,7.9333845029239765,8.790056478719364,7.076712527128588
147,background,10,120,89.9294926967274,7.382826510721247,8.18734790239281,6.578305119049684
147,background,11,40,46.85327664276792,6.990065789473684,7.716064832635943,6.264066746311426
147,deviant,1,40,311.1892764692795,68.11875,72.94067779560756,63.29682220439246
147,deviant,2,40,464.6510008937665,64.795,71.99484185151606,57.59515814848395
147,deviant,3,40,463.88924494856246,61.08,68.26803832085676,53.891961679143236
147,deviant,4,40,414.7085120901185,56.25625,62.68222496999483,49.830275030005176
147,deviant,5,40,407.6070153313954,48.795,55.11093613768087,42.47906386231913
147,deviant,6,40,374.8968891380403,44.29980263157895,50.1088901127794,38.4907151503785
147,deviant,7,40,377.6327770830882,42.93203947368421,48.78351997779847,37.08055896956996
147,deviant,8,40,370.555815337854,43.24236842105263,48.98419026682567,37.50054657527959
147,deviant,9,40,341.8347823452912,37.75388157894737,43.05066640777464,32.4570967501201
147,deviant,10,40,377.78187803072433,39.157763157894735,45.01155400512851,33.30397231066096
147,deviant,11,40,385.6319099911728,42.948040935672516,48.923469288336946,36.972612583008086
148,background,1,839,790.4460482937202,39.6857568533969,42.36010121187662,37.01141249491719
148,background,2,759,422.5796841705527,15.0965744400527,16.599764176951847,13.593384703153555
148,background,3,679,292.48727817588366,10.745729013254786,11.845742904599026,9.645715121910547
148,background,4,599,226.1462731112438,8.607011686143572,9.51254013591284,7.701483236374304
148,background,5,519,180.90016874683008,7.474277456647399,8.252459793074609,6.69609512022019
148,background,6,439,148.74498664705166,6.583940774487472,7.279663440656999,5.888218108317944
148,background,7,360,118.6567694965964,5.92375,6.536618563964498,5.310881436035502
148,background,8,280,91.67399332761491,5.4225,5.959399759829769,4.885600240170231
148,background,9,200,75.5750585423803,5.2435,5.767208436562097,4.719791563437903
148,background,10,120,48.81832593779125,4.685416666666667,5.122152006150874,4.248681327182459
148,background,11,40,27.280270487932057,4.39375,4.816462170643957,3.9710378293560424
148,deviant,1,40,187.77453585560923,40.77625,43.68584657743493,37.866653422565065
148,deviant,2,40,261.37064325951894,40.12875,44.17873007639673,36.07876992360326
148,deviant,3,40,261.7656243765846,35.675,39.73110037221389,31.618899627786103
148,deviant,4,40,259.2742705484311,33.8325,37.84999644469761,29.815003555302397
148,deviant,5,40,256.43105157239887,32.425,36.398440310228324,28.451559689771674
148,deviant,6,40,231.2049557837102,26.5625,30.14505790631572,22.97994209368428
148,deviant,7,39,248.07728528360715,29.537179487179486,33.4301469411368,25.64421203322218
148,deviant,8,40,231.999534936013,27.3575,30.95237003783828,23.762629962161725
148,deviant,9,40,202.7669325786836,24.80875,27.95065617146075,21.66684382853925
148,deviant,10,40,218.30278947997175,26.13875,29.521386768192283,22.75611323180772
148,deviant,11,40,250.1900277788865,26.74875,30.62548464464619,22.872015355353813
149,background,1,839,1496.3491667880764,71.25953516090584,76.32218676268664,66.19688355912504
149,background,2,759,763.6863312729243,25.008907149296164,27.72547280160117,22.292341496991156
149,background,3,679,538.057363949779,17.873188124951554,19.896765281455796,15.84961096844731
149,background,4,599,415.00329527332576,14.377374571654512,16.03911891724067,12.715630226068352
149,background,5,519,338.4805578045745,12.32531690497921,13.781366355525478,10.869267454432944
149,background,6,439,258.21555039895685,10.575020980697758,11.782768651523577,9.367273309871939
149,background,7,359,209.74242279073795,9.551290133411523,10.636128738854707,8.46645152796834
149,background,8,279,175.3151898423913,8.862403320128278,9.890996215764732,7.833810424491825
149,background,9,200,134.05162988074485,8.306460526315789,9.235390928190071,7.377530124441506
149,background,10,120,101.46874566460959,8.096639863547757,9.004392971291358,7.188886755804158
149,background,11,40,49.38642619027282,7.148713450292398,7.9139640523519645,6.383462848232831
149,deviant,1,40,330.3228643870147,69.31,74.42840581200004,64.19159418799997
149,deviant,2,40,476.21276481045857,69.27875,76.65774323947095,61.89975676052906
149,deviant,3,40,459.8442385027897,63.90875,71.03411029661511,56.78338970338489
149,deviant,4,40,429.8706292534265,52.803947368421056,59.464861777909164,46.14303295893295
149,deviant,5,40,411.085226148903,50.69,57.05983157267212,44.32016842732788
149,deviant,6,40,399.4939997646438,46.146118421052634,52.336342080105155,39.95589476200011
149,deviant,7,40,404.50804248215957,46.963223684210526,53.23114074009942,40.69530662832163
149,deviant,8,40,351.91427177419587,41.14006578947368,46.5930339251109,35.68709765383646
149,deviant,9,39,380.2672863904115,41.56562453141401,47.53299138658637,35.59825767624165
149,deviant,10,40,349.7637101301057,39.65375,45.073394837722006,34.234105162278
149,deviant,11,40,327.1275935886486,36.60050438596491,41.66939896399203,31.53160980793779
150,background,1,840,1013.5823467702124,37.65202380952381,41.079271327935075,34.22477629111255
150,background,2,760,618.69803450046345,16.240921052631577,18.44028962972875,14.041552475534406
150,background,3,680,459.50197582760546,11.612867647058824,13.339735093112049,9.886000201005599
150,background,4,600,373.67747922444045,9.380815789473685,10.875837071840275,7.885794507107095
150,background,5,520,302.15301882262526,8.140192307692308,9.438720375951743,6.841664239432873
150,background,6,440,240.10684086306208,6.966883971291866,8.08865513319775,5.845112809385981
150,background,7,360,217.32228741706896,6.621169590643275,7.743650834417567,5.498688346868983
150,background,8,280,176.51339925614448,6.019398496240601,7.053170433377462,4.985626559103741
150,background,9,200,137.10052443798162,5.5981578947368424,6.5482160579732644,4.64809973150042
150,background,10,120,84.20942113675365,5.174627192982456,5.927976051662977,4.421278334301935
150,background,11,40,46.139522706195756,4.879605263157894,5.5945445744906035,4.164665951825185
150,deviant,1,40,218.58583764977237,36.235,39.62202264502243,32.847977354977566
150,deviant,2,40,251.30624010515433,30.4675,34.361530533832656,26.573469466167342
150,deviant,3,40,206.91472944949544,24.044999999999998,27.251176949839824,20.838823050160173
150,deviant,4,40,203.7436792690887,23.06875,26.22579101823044,19.911708981769564
150,deviant,5,40,235.95480164864756,23.5475,27.203657530508597,19.891342469491402
150,deviant,6,40,197.22365743650423,19.89125,22.947262233243976,16.835237766756023
150,deviant,7,40,198.97487278548516,19.055,22.138147596207485,15.971852403792514
150,deviant,8,40,211.79208399301723,20.90375,24.185502341476955,17.621997658523043
150,deviant,9,40,178.46596314143494,17.2325,19.99785874887871,14.467141251121296
150,deviant,10,40,212.95273135011362,19.18625,22.485986758599484,15.886513241400518
150,deviant,11,40,190.8201826465512,18.025,20.98178936339295,15.068210636607049
151,background,1,839,1878.0403490424735,71.51668653158522,77.87072754842727,65.16264551474318
151,background,2,759,1088.5554716744023,26.337906525206296,30.21008844582593,22.46572460458666
151,background,3,679,806.3111963266026,18.78035423610573,21.81280584301732,15.74790262919414
151,background,4,599,619.9017958916621,14.761897021351375,17.244090092765973,12.27970394993678
151,background,5,519,490.83891338084527,12.308401784808844,14.419854610254546,10.19694895936314
151,background,6,439,425.46208999637076,10.95708348319546,12.947090852712419,8.9670761136785
151,background,7,360,345.41423991523976,9.965474907311853,11.749557940145593,8.181391874478113
151,background,8,280,283.4830887547035,9.00608985699543,10.666342636911734,7.345837077079127
151,background,9,200,216.5758161912976,8.344956742346062,9.845750579390865,6.84416290530126
151,background,10,120,145.9200367055296,7.575423403279441,8.880843766307581,6.270003040251301
151,background,11,40,92.93845193434855,7.083252923976608,8.523349156557462,5.643156691395754
151,deviant,1,40,426.1846430832533,76.05125,82.65504946205212,69.44745053794787
151,deviant,2,40,421.1824926385986,56.91125,63.43754033789286,50.38495966210714
151,deviant,3,40,359.14665389760756,43.69322368421052,49.258258741899205,38.12818862652184
151,deviant,4,40,373.24575374685577,41.62980263157895,47.41330550482826,35.846299758329636
151,deviant,5,40,381.0963919292866,42.17125,48.0763997721869,36.2661002278131
151,deviant,6,40,315.6561818596285,32.739342105263155,37.63048531698803,27.848198893538278
151,deviant,7,39,355.89004930312734,35.65580296896086,41.24062859110696,30.070977346814765
151,deviant,8,40,330.412362497782,33.33109520123839,38.450887800832334,28.211302601644448
151,deviant,9,40,313.73713331400455,31.309619883040934,36.171027129477245,26.448212636604623
151,deviant,10,40,278.6638279342477,26.89763157894737,31.215572328037403,22.579690829857334
151,deviant,11,40,271.9462574198523,26.661507997936017,30.87535891350149,22.447657082370544
152,background,1,840,749.0829252808849,41.369345238095235,43.90223524445126,38.83645523173921
152,background,2,760,394.5396451295449,14.778947368421052,16.181470165535806,13.3764245713063
152,background,3,680,277.6524332402121,10.538382352941177,11.581835860222448,9.494928845659906
152,background,4,600,214.123556313688,8.584583333333333,9.44125597630177,7.7279106903648955
152,background,5,520,171.25823837271687,7.273846153846153,8.009842869398366,6.537849438293941
152,background,6,440,135.1702240646372,6.422272727272727,7.0537835112180485,5.790761943327405
152,background,7,360,111.40571893097012,5.9215277777777775,6.496944277555438,5.346111278000117
152,background,8,280,88.7369857025747,5.348214285714286,5.867913107401575,4.828515464026996
152,background,9,200,71.22141162378216,5.0555,5.549039202623577,4.561960797376424
152,background,10,120,54.72063019027697,4.929166666666666,5.418704817429844,4.439628515903489
152,background,11,40,25.903718489416683,4.51875,4.920132276442428,4.117367723557572
152,deviant,1,40,148.3143088529435,38.94125,41.23940402528798,36.64309597471201
152,deviant,2,40,251.13675242993133,41.875,45.7664042950964,37.9835957049036
152,deviant,3,40,233.08781945641724,34.335,37.94673318118951,30.723266818810497
152,deviant,4,40,237.87402128017263,31.92625,35.61214614680067,28.24035385319933
152,deviant,5,40,227.48086096474833,29.3775,32.902352459248995,25.852647540751008
152,deviant,6,40,233.06860860225143,27.47375,31.085185505920194,23.862314494079804
152,deviant,7,40,243.57260886535184,29.4425,33.21669667625478,25.66830332374522
152,deviant,8,40,229.72076871486252,25.6975,29.257060189420216,22.137939810579788
152,deviant,9,40,227.7983988668836,26.22,29.74977276001847,22.690227239981528
152,deviant,10,40,237.94740683826043,25.84,29.527033267804175,22.152966732195825
152,deviant,11,40,215.9215257058867,23.4175,26.76323870373707,20.07176129626293
153,background,1,840,1418.6058129838536,74.37309523809523,79.16985720582802,69.57633327036244
153,background,2,760,760.3473184912552,25.122565789473683,27.82547400433485,22.419657574612515
153,background,3,680,505.6216765770247,17.16606424148607,19.06625544681681,15.265873036155325
153,background,4,600,395.12253040681884,13.852535087719298,15.433354443830225,12.27171573160837
153,background,5,520,294.8037815066884,11.660121457489879,12.927065558883022,10.393177356096736
153,background,6,440,256.74277921367644,10.535627990430623,11.735121702122612,9.336134278738633
153,background,7,360,203.41517508222518,9.325434535412606,10.376084799785481,8.274784271039731
153,background,8,280,159.78666139131496,8.616104845446952,9.551914631963093,7.68029505893081
153,background,9,200,119.5051858978695,7.918966374269006,8.747095062155363,7.09083768638265
153,background,10,120,95.79928636463768,7.599117933723197,8.456151292591747,6.742084574854648
153,background,11,40,45.781306995054635,7.0875,7.796888701382481,6.37811129861752
153,deviant,1,40,320.65529122326006,74.61,79.57860521384549,69.6413947861545
153,deviant,2,40,466.45492251325004,70.685,77.91279390660219,63.45720609339781
153,deviant,3,40,427.69659068574595,54.9225,61.549727332873,48.295272667127
153,deviant,4,40,414.0489260436437,52.51625,58.932004578318164,46.100495421681835
153,deviant,5,40,436.4998070777894,51.42875,58.19238458409051,44.66511541590949
153,deviant,6,40,379.2398996176277,47.84769736842105,53.724080494207136,41.97131424263497
153,deviant,7,40,379.53954096759765,45.4875,51.36852611660674,39.60647388339326
153,deviant,8,40,385.5085040892693,44.22848684210526,50.20200300050875,38.25497068370177
153,deviant,9,40,345.0708478826914,40.06131578947368,45.40824397330418,34.71438760564318
153,deviant,10,40,351.99259113016336,39.658815789473685,45.112997496104605,34.204634082842766
153,deviant,11,40,366.8949630778386,38.59647660818713,44.28157296049695,32.91138025587731
154,background,1,840,737.0280880886289,41.00970238095238,43.50183111025612,38.51757365164865
154,background,2,760,403.3503733532556,14.838092105263158,16.271935575333043,13.404248635193273
154,background,3,680,279.9176711670396,10.556838235294117,11.608804797663689,9.504871672924546
154,background,4,600,219.97220518199927,8.61675,9.49682211180815,7.73667788819185
154,background,5,520,173.02582709556756,7.31173076923077,8.055323846317625,6.568137692143915
154,background,6,440,137.0842326531584,6.441477272727273,7.081930241037378,5.801024304417167
154,background,7,360,116.27710776190501,5.89625,6.496827483765291,5.29567251623471
154,background,8,280,91.36302661131003,5.44375,5.9788285458819646,4.908671454118035
154,background,9,200,72.39444221180169,5.14975,5.6514178898801894,4.648082110119811
154,background,10,120,52.314408803130455,4.789583333333334,5.25759510247235,4.3215715641943175
154,background,11,40,29.90436510998986,4.73875,5.202122938071314,4.275377061928685
154,deviant,1,39,161.76092658123918,40.998717948717946,43.53716084478084,38.46027505265505
154,deviant,2,40,270.1820438928266,40.5075,44.6940141437465,36.3209858562535
154,deviant,3,40,255.90433553843596,35.60375,39.5690287607258,31.638471239274196
154,deviant,4,40,233.56277190736674,31.2375,34.856592645663376,27.618407354336625
154,deviant,5,40,247.20799893377662,32.3975,36.22802762897173,28.56697237102827
154,deviant,6,40,224.93443489159233,29.6825,33.16789517845538,26.197104821544624
154,deviant,7,40,222.0500062219272,27.435,30.875700493167663,23.994299506832334
154,deviant,8,40,233.25786498840156,26.825,30.43936806400583,23.21063193599417
154,deviant,9,40,218.2744289095483,24.1375,27.51969731660071,20.75530268339929
154,deviant,10,40,204.48316749667606,22.736250000000002,25.90474950703052,19.567750492969484
154,deviant,11,40,247.321743356386,25.26125,29.093540117060005,21.428959882939996
155,background,1,840,1418.5403348438658,74.70029761904762,79.49683818415485,69.90375705394038
155,background,2,760,733.6164941754756,25.03467105263158,27.642555634376638,22.426786470886523
155,background,3,680,497.9011950176459,17.223529411764705,19.09470605573533,15.352352767794079
155,background,4,600,382.2352713075796,13.93275,15.462009581449841,12.40349041855016
155,background,5,520,297.7147585951696,11.753648785425101,13.033103056235655,10.474194514614547
155,background,6,440,246.5922469529606,10.394282296650717,11.546353059762243,9.24221153353919
155,background,7,360,203.35902915002842,9.513479532163743,10.563839799792362,8.463119264535123
155,background,8,280,165.13180098305241,8.72390977443609,9.691024013380792,7.756795535491388
155,background,9,200,129.52359679187026,7.967540935672515,8.86509366910151,7.06998820224352
155,background,10,120,89.63951522659234,7.611008771929825,8.412935985975889,6.809081557883762
155,background,11,40,43.3571054902334,6.929736842105263,7.601562152001774,6.257911532208752
155,deviant,1,40,301.1457812737003,74.43625,79.1025522252213,69.7699477747787
155,deviant,2,40,476.69534848072294,70.71875,78.10522095091318,63.33227904908682
155,deviant,3,40,409.2006649683335,54.4775,60.818129994641495,48.1368700053585
155,deviant,4,40,416.41132878062064,55.3025,61.75486038797554,48.85013961202446
155,deviant,5,40,400.4555268033748,50.52125,56.72637267487623,44.31612732512377
155,deviant,6,40,392.9676779411161,45.16855263157895,51.257649886273974,39.07945537688392
155,deviant,7,40,386.2397291353818,45.31467105263158,51.29951766051167,39.329824444751495
155,deviant,8,40,382.868611134176,40.66309210526316,46.595702698532726,34.730481511993595
155,deviant,9,40,357.91236431047724,40.98493421052632,46.530843752915956,35.43902466813668
155,deviant,10,40,332.17258654678596,35.92199303405573,41.06906058786625,30.774925480245212
155,deviant,11,40,366.0011679909782,39.09815789473684,44.769404748690526,33.42691104078316
156,background,1,840,937.3000642944157,38.30571428571429,41.475026902095145,35.13640166933343
156,background,2,760,575.3302621332516,15.36657894736842,17.411782308989903,13.321375585746939
156,background,3,680,437.11107524891577,11.181691176470588,12.824410742141987,9.538971610799189
156,background,4,600,351.3594500762641,9.095333333333333,10.50106390268652,7.689602763980146
156,background,5,520,261.6674365839606,7.5275,8.652037865872632,6.402962134127367
156,background,6,440,224.08397157268857,6.796363636363636,7.843276486709879,5.749450786017393
156,background,7,360,174.05769612099135,6.105416666666667,7.0044339812388525,5.206399352094481
156,background,8,280,155.49523600757877,5.837857142857143,6.748533680845305,4.927180604868981
156,background,9,200,124.84959372233286,5.2535,6.11866354462458,4.38833645537542
156,background,10,120,89.27826104229875,5.26875,6.067445385305795,4.470054614694205
156,background,11,40,53.619271869258675,4.9975,5.828339225374592,4.166660774625408
156,deviant,1,40,194.5734403360606,36.34875,39.363696693820465,33.33380330617954
156,deviant,2,40,217.3849847136351,30.6825,34.05091523599827,27.314084764001734
156,deviant,3,40,203.2293557846198,23.72875,26.877821493271764,20.57967850672824
156,deviant,4,40,185.56596925990613,21.70375,24.57912448348266,18.82837551651734
156,deviant,5,40,196.85674059018015,20.79625,23.846576797807256,17.745923202192746
156,deviant,6,40,187.40944479934834,19.8325,22.736439432908337,16.92856056709166
156,deviant,7,40,186.10147203807082,18.8625,21.746172184997164,15.978827815002836
156,deviant,8,40,160.85888716184562,15.866249999999999,18.358784280026107,13.373715719973891
156,deviant,9,40,165.72539906344122,16.576249999999998,19.144191663185968,14.00830833681403
156,deviant,10,40,195.92910237607563,17.83125,20.867202894761466,14.795297105238536
156,deviant,11,40,182.7204220430189,16.5275,19.358782272547565,13.696217727452435
157,background,1,840,1754.9076906297869,73.02446428571429,78.95837093564464,67.09055763578394
157,background,2,760,1044.3293702782332,25.546097645429363,29.258514807032455,21.83368048382627
157,background,3,680,731.3497221452075,17.53549922600619,20.28400542030046,14.786993031711921
157,background,4,600,584.4671317278462,14.249289473684211,16.587645005814274,11.910933941554147
157,background,5,520,479.12318978959075,12.418623481781376,14.477695777401905,10.359551186160846
157,background,6,440,350.65893598721374,10.494770733652313,12.133037601189832,8.856503866114794
157,background,7,360,303.54974520763056,9.754234892787524,11.322085570220018,8.18638421535503
157,background,8,280,239.65125508247905,8.943528613199666,10.347074991253287,7.539982235146046
157,background,9,200,188.79297937393616,8.286845029239766,9.595113629605844,6.978576428873687
157,background,10,120,127.47028279648569,7.8815107212475635,9.021877093134464,6.741144349360664
157,background,11,40,53.25538760453752,6.820270467836258,7.645471248112899,5.995069687559616
157,deviant,1,40,386.68291783755905,72.2,78.19171388796755,66.20828611203245
157,deviant,2,40,430.8143329482948,54.47,61.1455372497374,47.794462750262596
157,deviant,3,40,378.73162279543436,45.43828947368421,51.306796768514275,39.56978217885414
157,deviant,4,40,377.82051340666663,42.45855263157895,48.31294214016527,36.604163122992624
157,deviant,5,40,376.62371979973517,40.79,46.62584499951987,34.95415500048013
157,deviant,6,40,371.1198416173746,37.8375,43.58806152352007,32.08693847647993
157,deviant,7,40,288.17565771716806,29.086154970760234,33.55148304931655,24.620826892203915
157,deviant,8,40,305.0308229080737,31.531315789473684,36.25781735850408,26.80481422044329
157,deviant,9,40,285.2717704942704,29.67763157894737,34.09796345880986,25.25729969908488
157,deviant,10,40,272.07531798193446,25.48111842105263,29.69696915074628,21.265267691358982
157,deviant,11,40,256.78210406492167,25.689788011695907,29.66866793665202,21.710908086739792
158,background,1,840,634.0492779288571,41.07458333333334,43.21850762449384,38.930659042172834
158,background,2,760,355.1520282328327,13.863815789473684,15.126322161614153,12.601309417333214
158,background,3,680,235.3647113915362,9.753382352941177,10.6379131698538,8.868851536028554
158,background,4,600,182.3758986847019,7.986666666666666,8.716322225493101,7.257011107840232
158,background,5,520,145.11023033324844,6.8865384615384615,7.510161908405063,6.26291501467186
158,background,6,440,116.0432201697644,6.176931818181818,6.719081877102371,5.634781759261265
158,background,7,360,94.02306547919648,5.621666666666667,6.107300831192173,5.136032502141161
158,background,8,280,79.57533669753663,5.37875,5.844792523189733,4.912707476810267
158,background,9,200,62.02015801334274,4.98,5.40977776815466,4.550222231845341
158,background,10,120,48.6538795986507,4.821666666666666,5.2569308469832485,4.386402486350084
158,background,11,40,22.81020085746495,4.43,4.783447724118023,4.076552275881976
158,deviant,1,40,142.55836293288888,41.34875,43.55771471922697,39.13978528077303
158,deviant,2,40,241.89189625467864,40.839999999999996,44.58815376453949,37.0918462354605
158,deviant,3,40,223.60682128753535,31.535,34.999823592532294,28.070176407467702
158,deviant,4,40,233.3867695704414,30.6825,34.29886546119821,27.066134538801787
158,deviant,5,40,220.31028358347595,30.2,33.613743211598795,26.786256788401207
158,deviant,6,40,214.6444612302915,27.52875,30.8547003846744,24.2027996153256
158,deviant,7,40,243.81194759378317,29.23125,33.00915526827402,25.453344731725974
158,deviant,8,40,214.39962686534693,23.5025,26.824656636885145,20.180343363114858
158,deviant,9,40,235.29725880256237,27.0625,30.708468798549983,23.416531201450017
158,deviant,10,40,190.72193868230485,22.1025,25.057767057395374,19.147232942604624
158,deviant,11,40,208.19818493571532,22.0875,25.313564298638106,18.86143570136189
159,background,1,840,1243.195815968709,74.91428571428571,79.11793013326647,70.71064129530495
159,background,2,760,667.2022201938324,23.79625,26.16804288737935,21.42445711262065
159,background,3,680,445.91211076434746,16.70705882352941,18.382853811119908,15.031263835938914
159,background,4,600,327.3883940006362,13.259083333333333,14.568909704584332,11.949256962082334
159,background,5,520,260.21120470231784,11.417596153846153,12.535875740454935,10.299316567237371
159,background,6,440,213.1214072084883,10.222159090909091,11.217855205738372,9.22646297607981
159,background,7,360,169.24620634617804,9.246476608187134,10.120642320601853,8.372310895772415
159,background,8,280,137.92260415480163,8.606043233082707,9.413803540645343,7.798282925520071
159,background,9,200,111.84878315117093,8.230631578947369,9.005704102677203,7.455559055217534
159,background,10,120,84.73911632922135,7.95046052631579,8.708548109753082,7.192372942878498
159,background,11,40,43.38864553547977,7.41546052631579,8.087774554276669,6.74314649835491
159,deviant,1,40,257.16649327460584,71.25,75.23483609746802,67.26516390253198
159,deviant,2,40,444.4368464993826,68.59,75.47662028409934,61.70337971590067
159,deviant,3,40,446.3402407651766,58.3875,65.30361368380888,51.47138631619112
159,deviant,4,40,393.2590381067313,48.08375,54.177361927234685,41.99013807276532
159,deviant,5,40,431.4113771283616,51.91375,58.59853854515392,45.22896145484608
159,deviant,6,40,359.51456306056866,42.3325,47.903235869231004,36.761764130769
159,deviant,7,40,373.49540615789726,45.60125,51.38862127743631,39.81387872256369
159,deviant,8,40,338.34590677526893,37.845,43.087724141783745,32.60227585821625
159,deviant,9,40,343.592990298778,38.7258552631579,44.04988380647805,33.40182671983774
159,deviant,10,40,335.7927932520292,36.295,41.49816323787751,31.09183676212249
159,deviant,11,40,316.7167975093229,32.998684210526314,37.90626183200895,28.091106589043676
160,background,1,840,633.0159971371804,41.32333333333333,43.46376377020525,39.182902896461414
160,background,2,760,353.7603522755272,14.00532894736842,15.262888143020007,12.747769751716834
160,background,3,680,241.8218842127621,9.901838235294118,10.810635937062745,8.993040533525491
160,background,4,600,180.53914869226094,7.990333333333333,8.712640361724416,7.268026304942249
160,background,5,520,143.94212104358587,6.951634615384616,7.570238014113582,6.333031216655649
160,background,6,440,113.36196103864084,6.181477272727273,6.711100578307189,5.651853967147357
160,background,7,360,95.04019925107593,5.764583333333333,6.255471048219061,5.273695618447606
160,background,8,280,80.2093149860184,5.441607142857142,5.911362636088517,4.971851649625767
160,background,9,200,66.00932948415222,5.0995,5.556921316098247,4.642078683901753
160,background,10,120,44.48065812652081,4.857083333333334,5.255013310533325,4.459153356133342
160,background,11,40,25.433608101341644,4.5475,4.941597840510116,4.153402159489884
160,deviant,1,40,132.85853180614413,41.835,43.89366427875736,39.77633572124264
160,deviant,2,40,247.75144590368873,40.6225,44.461448427012684,36.78355157298732
160,deviant,3,40,227.13664447454946,33.73875,37.25826876947463,30.219231230525374
160,deviant,4,40,229.8110493885197,31.12375,34.68470910295172,27.562790897048277
160,deviant,5,40,229.14130322162626,29.6775,33.228081278578124,26.126918721421873
160,deviant,6,40,224.43726705274517,29.12375,32.60144148297969,25.64605851702031
160,deviant,7,40,230.7596722041992,27.12,30.695658165767675,23.544341834232327
160,deviant,8,40,217.97993026882082,24.69625,28.07388401288535,21.318615987114647
160,deviant,9,40,201.84506825520253,23.9775,27.105121735777082,20.849878264222916
160,deviant,10,40,205.07082858574034,23.90125,27.07885540994564,20.723644590054363
160,deviant,11,40,211.79487966575485,24.17875,27.46054566087483,20.896954339125173
161,background,1,839,1225.8888976875858,74.92669845053635,79.07429216010155,70.77910474097115
161,background,2,759,671.0392352636006,23.656587615283268,26.043591366977555,21.26958386358898
161,background,3,679,436.17802075468404,16.302724594992636,17.943144256734865,14.662304933250406
161,background,4,599,327.63117501560396,13.131803005008347,14.44369440134378,11.819911608672914
161,background,5,519,250.86074921572737,11.279702869891493,12.358836213408596,10.20056952637439
161,background,6,439,206.07089990940904,10.191307996643088,11.155160285965067,9.22745570732111
161,background,7,359,167.92708317349496,9.117988564726579,9.986548106960113,8.249429022493045
161,background,8,280,139.74351191667904,8.702969924812031,9.521394597529246,7.884545252094815
161,background,9,200,107.85385390040354,7.8967368421052635,8.644125918512033,7.1493477656984945
161,background,10,120,78.18847000744589,7.435,8.134484616411605,6.735515383588394
161,background,11,40,42.15821286867722,7.191776315789474,7.8450245920509545,6.538528039527993
161,deviant,1,40,262.0089291367156,75.5175,79.577370418531,71.45762958146899
161,deviant,2,40,418.38643997851403,65.87625,72.35921505306102,59.39328494693898
161,deviant,3,40,445.86144295710244,61.64,68.54869463490905,54.731305365090954
161,deviant,4,40,424.1611039513915,54.51,61.08244439835543,47.93755560164457
161,deviant,5,40,371.7808317303425,45.45375,51.21455367143244,39.69294632856756
161,deviant,6,40,381.4024777056384,44.44125,50.3511426204289,38.53135737957109
161,deviant,7,40,382.43626575995773,43.19875,49.12466133228956,37.27283866771043
161,deviant,8,39,365.11595050057946,40.485155195681514,46.21475881736936,34.75555157399367
161,deviant,9,40,354.82976274026925,40.38625,45.88439413619436,34.888105863805634
161,deviant,10,40,341.20957443221096,38.5625,43.84959713184645,33.27540286815355
161,deviant,11,40,316.7503541309863,34.60375,39.51184758672232,29.695652413277678
