trial_id,stim_id,param_id,index,sample_n_mean,sample_n_std
0,36,104,0,44.6,20.760285973083572
0,38,50,0,59.0,24.142123047966553
0,36,104,0,45.0,24.369955618386037
0,38,50,0,55.3,32.594962478078855
0,40,104,0,49.6,24.523672773787155
0,37,77,0,112.75,91.92724525978484
0,40,50,0,42.75,27.997885258486374
0,40,104,0,60.15,18.49687029003328
0,40,50,0,56.75,26.671244124672825
0,43,50,0,56.0,26.754242162397542
0,37,77,0,104.25,79.84516265873594
0,46,104,0,61.1,27.847139133037288
0,43,50,0,53.0,21.454971206545213
0,46,104,0,60.9,26.963718313006424
0,47,50,0,56.2,31.543787444056072
0,35,104,0,39.25,17.519537965549084
0,35,77,0,123.4,65.44213997273107
0,47,50,0,52.1,29.92429043260236
0,35,104,0,53.4,20.329910554596513
0,34,50,0,55.25,29.652150006365474
0,44,104,0,61.35,32.26416457603503
0,34,50,0,46.4,17.021348824034884
0,35,77,0,101.7,47.87494675000473
0,44,104,0,56.55,27.662391341618353
0,38,50,0,52.9,22.130949987933665
0,37,104,0,52.25,29.30398751382696
0,38,50,0,59.65,27.05797868515525
0,30,77,0,106.9,49.09593187134541
0,37,104,0,54.35,31.72791399250492
0,42,50,0,53.65,20.152771782718023
0,30,104,0,54.5,23.207303750509688
0,42,50,0,56.95,25.276315104523402
0,30,77,0,96.5,91.0838248971503
0,30,104,0,51.5,21.219405220098345
0,37,50,0,68.05,42.00059523387734
0,27,104,0,54.85,18.824046771141035
0,37,50,0,56.1,33.329140087127485
0,28,77,0,111.25,42.50309586247497
0,27,104,0,52.85,23.55570106431942
0,33,50,0,49.75,21.120892624677534
0,29,104,0,48.25,19.38495075540492
0,33,50,0,53.8,25.151331449531863
0,28,77,0,99.6,39.8066379018956
0,29,104,0,52.15,23.490815674485027
0,29,50,0,46.35,25.754457968731508
0,35,104,0,52.75,24.31346821911891
0,29,50,0,54.45,25.670944050054967
0,35,104,0,57.95,29.976262538706745
0,41,77,0,112.1,58.863714137873295
0,41,50,0,62.65,22.921548124440736
0,36,104,0,50.05,20.773148153578607
0,41,50,0,53.6,26.835561637891104
0,36,50,0,47.5,17.482321898059435
0,36,104,0,55.9,26.53081624312218
0,41,77,0,111.05,48.13082500632494
0,36,50,0,58.4,23.256917476878055
0,24,104,0,55.95,17.632132748568957
0,30,77,0,78.75,43.93401152206628
0,29,50,0,48.55,20.438547172593157
0,24,104,0,65.95,31.1168849070049
0,29,50,0,53.7,23.375876003849964
0,31,104,0,51.05,25.23046404229366
0,28,50,0,52.95,27.333178219499967
0,30,77,0,98.75,48.28192971332137
0,31,104,0,56.2,27.62264517231812
0,28,50,0,57.1,24.27886236821521
0,41,77,0,86.55,40.26945427204621
0,31,104,0,56.9,26.503028625343735
0,38,50,0,56.0,29.10416862889141
0,31,104,0,54.5,17.021658030440605
0,38,50,0,68.6,29.732845562830978
0,46,104,0,57.35,27.265314383315896
0,40,50,0,47.45,25.52496198254811
0,41,77,0,127.05,71.7953780948988
0,46,104,0,50.05,22.98391886332245
0,40,50,0,47.15,25.760588012249293
0,35,50,0,54.1,39.24404078127156
0,35,104,0,62.55,23.13228548109649
0,26,77,0,117.5,56.24991228063335
0,35,50,0,58.0,25.639196965830102
0,35,104,0,53.7,26.056820503216468
0,45,50,0,53.55,21.114911169223767
0,28,104,0,45.9,21.05856495335655
0,45,50,0,41.95,23.204979048290024
0,28,104,0,63.05,32.74217463761379
0,42,50,0,51.35,22.072309396736514
0,26,77,0,130.3,74.01500559097175
0,26,104,0,49.75,16.732807358756723
0,42,50,0,52.85,25.336212901902414
0,24,50,0,49.1,22.69685811783324
0,26,104,0,60.25,25.00078946121923
0,44,77,0,100.85,44.86972370388699
0,24,50,0,51.1,21.198063466667
0,41,104,0,52.5,18.279986179886517
1,21,50,0,51.0,21.56019724546039
0,44,77,0,92.95,51.35272759629178
0,41,104,0,56.0,21.508872098447384
1,21,50,0,54.9,22.897713055191662
0,40,104,0,54.95,30.03239479032775
1,18,50,0,44.95,18.63351536175722
0,46,77,0,104.45,66.99998036134826
0,40,104,0,59.1,40.65891499316051
1,18,50,0,60.5,28.00281940692476
1,9,104,0,51.2,17.969564912871284
1,10,50,0,62.85,26.18009488945853
0,46,77,0,83.3,54.75697504235852
1,9,104,0,50.7,28.035879267748847
1,10,50,0,57.4,28.783035939503268
1,9,104,0,41.75,14.366902753789423
1,20,50,0,50.55,27.362046322367203
1,9,104,0,54.75,22.496490954439047
0,29,77,0,109.5,86.54630643704408
1,20,50,0,38.7,19.007200851533252
1,23,104,0,41.5,22.94501436501024
1,5,50,0,56.1,24.97556700794641
1,23,104,0,53.7,35.509968948688794
0,29,77,0,95.3,61.25107947491298
1,5,50,0,56.45,19.882483695321792
1,6,50,0,56.4,25.153005470729063
1,16,104,0,60.25,23.85013516457341
1,6,50,0,56.15,20.246572159516937
1,16,104,0,54.95,14.787886223100596
0,36,77,0,124.3,79.70478424523178
1,17,50,0,60.85,32.38140304492526
1,17,104,0,62.3,37.77788269679273
1,17,50,0,57.25,37.12408070809367
1,17,104,0,58.6,30.32004721562773
0,36,77,0,98.05,54.30661004644685
1,14,50,0,52.85,22.236231695141154
1,1,104,0,54.95,21.379958643059798
1,14,50,0,50.0,28.351181169119045
1,1,104,0,53.4,21.283549367626872
0,29,77,0,110.1,44.003468762790675
1,10,50,0,55.5,32.60529501718846
1,20,104,0,51.4,26.8355616378911
1,10,50,0,56.15,20.389045046169695
1,20,104,0,50.4,21.801496810033356
0,29,77,0,94.4,67.8267141906103
1,22,50,0,47.3,23.60887433505505
1,15,104,0,41.2,19.419469340681896
1,22,50,0,63.45,45.26934015307421
1,15,104,0,52.45,29.009027632971883
0,32,77,0,99.45,50.747543368075824
1,15,50,0,52.25,29.874958709506807
1,13,104,0,58.15,34.11478302807496
1,15,50,0,46.55,21.045001906941177
1,22,50,0,48.25,18.527007313648905
0,32,77,0,101.5,50.97419367731707
1,13,104,0,69.3,25.387730148740417
1,22,50,0,56.6,22.67249667026457
1,19,104,0,63.95,29.72058475021541
1,16,50,0,55.15,24.240624883382072
0,25,77,0,99.6,61.87287476413996
1,19,104,0,56.35,29.663507618124438
1,16,50,0,52.65,19.079542640441385
1,16,104,0,50.6,20.106034705504403
0,25,77,0,82.0,52.704738626467076
1,6,50,0,50.6,20.381622268990007
1,16,104,0,44.65,14.180323654535126
1,6,50,0,55.8,20.02524722233884
1,2,104,0,46.7,31.9343075703858
1,19,50,0,60.0,24.354833087846075
0,36,77,0,120.0,61.96433609237189
1,2,104,0,63.8,28.724828797987364
1,19,50,0,61.1,33.288056970062186
1,7,104,0,45.55,22.364151295273754
1,13,50,0,46.15,21.796366186760775
1,7,104,0,52.05,23.582944327583327
0,36,77,0,113.95,77.95509841197722
1,13,50,0,59.25,32.8471339773551
1,19,104,0,46.75,20.44987453313718
1,13,50,0,58.5,28.083522046323104
1,19,104,0,64.7,40.57235252574941
1,13,50,0,59.85,39.84743932867747
0,38,77,0,111.9,71.63276227801737
1,1,104,0,62.85,30.311149590104367
1,21,50,0,54.85,26.964450280830285
1,21,50,0,52.6,23.992103964254134
1,1,104,0,52.3,38.090059485106444
0,38,77,0,102.7,74.24433347152885
1,21,50,0,53.8,17.455507349891185
1,18,104,0,55.1,23.90969853867937
1,21,50,0,47.3,18.087797573298733
1,18,104,0,50.05,19.712339175995165
0,47,77,0,104.5,65.58923210726782
1,1,50,0,55.6,31.7231444648358
1,10,104,0,49.6,25.25324366867499
1,1,50,0,57.15,26.843160453975884
1,10,104,0,51.0,20.204220507502622
0,47,77,0,115.25,66.4322963625374
2,44,50,0,52.75,22.028390771910686
2,44,50,1,24.8,17.91089054179049
1,2,104,0,55.2,42.74354367990316
2,44,50,0,59.45,22.331179524319094
2,44,50,1,22.95,15.097838813621811
1,2,104,0,66.05,30.534665373533798
0,43,77,0,89.8,41.50535792933372
1,8,104,0,43.45,16.649561397731837
2,37,50,0,48.25,23.244410759985882
2,37,50,1,15.0,13.587920331948096
1,8,104,0,48.05,19.59450782342096
0,43,77,0,107.25,53.078764710172884
2,37,50,0,66.3,37.38434797725127
2,37,50,1,22.4,23.76286355241149
1,12,104,0,58.25,33.166049540234106
2,43,50,0,49.95,32.284059941645964
2,43,50,1,14.45,8.287435004111249
1,12,104,0,56.0,39.064049969249226
0,45,77,0,100.45,68.5791705372626
2,43,50,0,53.8,20.153620544523296
2,43,50,1,22.2,20.61578342716545
2,37,104,0,51.45,31.384667728383754
2,37,104,1,22.8,23.882607633347348
0,45,77,0,69.7,47.35987642231389
2,37,104,0,43.55,24.773659611093304
2,37,104,1,12.95,14.712955265057357
2,44,50,0,63.85,24.116548151359513
2,44,50,1,21.75,15.32756375052199
1,4,77,0,81.4,33.909166591754634
2,33,104,0,49.15,25.903210530539912
2,33,104,1,21.75,19.514839158148884
2,44,50,0,49.0,20.550323342314694
2,44,50,1,27.9,27.245279649104262
2,33,104,0,42.5,17.69180601295413
2,33,104,1,15.15,9.438303817284568
1,4,77,0,102.2,59.96103998255428
2,30,50,0,59.1,37.66598353673343
2,30,50,1,21.05,20.119315150006056
2,27,104,0,49.6,34.22126147356502
2,27,104,1,15.3,14.907080620684217
2,30,50,0,56.8,28.987474609053585
2,30,50,1,15.85,26.571205229880356
1,0,77,0,102.95,63.33243535836162
2,27,104,0,53.55,17.697680490302737
2,27,104,1,20.75,16.75481077811762
2,40,50,0,51.5,20.6180809766063
2,40,50,1,16.25,12.190915513308736
2,40,50,0,49.3,26.056820503216468
2,40,50,1,12.55,9.03487395420772
2,33,104,0,45.9,23.951486054325034
2,33,104,1,28.7,24.046227409545534
1,0,77,0,87.7,68.13307412317225
2,44,50,0,55.25,23.78384015737532
2,44,50,1,16.65,10.544517158469757
2,33,104,0,49.75,26.74022202009943
2,33,104,1,17.4,10.153557841569883
2,44,50,0,57.95,28.409551766596874
2,44,50,1,15.85,11.150997123221998
2,39,104,0,50.75,26.611977912606438
2,39,104,1,16.65,14.992190949747279
1,0,77,0,122.9,76.0359333334887
2,39,104,0,50.95,25.52083771929787
2,39,104,1,18.9,14.753768474885538
2,36,50,0,82.5,39.899215135401505
2,36,50,1,13.85,13.963391987245567
1,0,77,0,104.55,65.4751660434783
2,44,104,0,54.75,31.180079673103027
2,44,104,1,27.25,17.207327080728078
2,36,50,0,56.55,27.308134512015204
2,36,50,1,19.6,14.651746797243197
2,44,104,0,49.5,24.11922142411034
2,44,104,1,17.75,12.36665720905677
2,33,50,0,55.75,19.883542520333105
2,33,50,1,15.35,17.008589161454807
1,20,77,0,102.05,60.719783475101075
2,33,50,0,45.55,24.158413593785937
2,33,50,1,21.3,24.994946857736117
2,26,104,0,51.6,23.756218022590257
2,26,104,1,22.25,18.258019146607737
1,20,77,0,88.85,53.92223933347763
2,25,50,0,48.75,26.91482667112761
2,25,50,1,18.7,15.100017427665088
2,26,104,0,59.4,29.948025152358802
2,26,104,1,16.7,16.508689896695714
2,25,50,0,49.75,26.72250185261773
2,25,50,1,32.55,32.56972278213714
1,14,77,0,94.65,49.37320283204986
2,28,104,0,58.1,29.2752814719715
2,28,104,1,19.4,12.266342482367628
2,31,50,0,44.45,21.409478963152843
2,31,50,1,18.4,13.789393330420765
2,28,104,0,48.7,18.94896192129629
2,28,104,1,16.7,11.002870438878068
2,31,50,0,62.7,31.43096026464821
2,31,50,1,22.5,27.993420279547266
2,27,104,0,46.15,17.58670251249955
2,27,104,1,14.3,16.619899296673818
1,14,77,0,112.65,86.15913978459308
2,32,50,0,54.5,30.10770141027917
2,32,50,1,15.25,7.670003087901663
2,27,104,0,55.2,32.48740646692759
2,27,104,1,13.7,11.466656466743729
2,32,50,0,49.6,28.184355496211765
2,32,50,1,11.25,6.4959501553700845
1,20,77,0,119.45,67.93919495053143
2,37,104,0,58.45,34.82811175503278
2,37,104,1,17.6,15.66558413579875
2,26,50,0,61.35,14.32434438657711
2,26,50,1,22.2,18.740892524946055
2,37,104,0,63.7,37.642501175358184
2,37,104,1,16.7,13.302552188841135
1,20,77,0,96.3,79.91185933988706
2,26,50,0,57.85,22.753310921594178
2,26,50,1,19.1,13.893959308388588
2,34,104,0,58.45,30.163545442872106
2,34,104,1,19.85,16.90305173318525
2,47,50,0,50.4,27.717370574766782
2,47,50,1,11.85,9.004531023177632
2,34,104,0,52.2,28.704666776272497
2,34,104,1,16.6,16.684061098450883
1,18,77,0,131.65,61.01015877445502
2,47,50,0,62.4,21.94346803660908
2,47,50,1,19.95,14.830533936514398
2,42,104,0,56.65,26.50377331626574
2,42,104,1,12.15,7.679603882328417
2,39,50,0,48.1,26.54469914373826
2,39,50,1,15.15,10.368347581893046
2,39,50,0,48.9,26.08871504370384
2,39,50,1,10.95,8.382155230952804
2,42,104,0,61.4,38.00886323228473
2,42,104,1,13.8,11.817026075250824
1,18,77,0,128.6,51.866630586737095
2,31,50,0,47.4,23.36754384318467
2,31,50,1,19.5,28.788703925050374
2,47,104,0,51.6,26.864964466558927
2,47,104,1,13.5,7.877349273641951
2,31,50,0,55.35,25.37979926095389
2,31,50,1,20.65,15.280792897587068
1,1,77,0,105.05,56.55874914867865
2,47,104,0,44.8,21.840570649957602
2,47,104,1,20.45,14.659198656923845
2,32,50,0,45.1,19.40943883242052
2,32,50,1,18.3,17.128308362719917
2,42,104,0,45.65,19.062984247516248
2,42,104,1,14.55,13.367182909924155
2,32,50,0,57.15,24.186283629145542
2,32,50,1,20.75,15.488110890207638
2,42,104,0,54.75,23.062557944585603
2,42,104,1,14.15,9.516052919036062
1,1,77,0,118.0,77.04953977115872
2,29,50,0,44.3,15.318032029707924
2,29,50,1,14.35,9.022049014556096
2,40,104,0,50.2,30.875982831150065
2,40,104,1,17.15,16.85003513974159
2,29,50,0,47.7,21.997846784580865
2,29,50,1,12.75,7.195576126306613
1,23,77,0,98.9,67.77586901731789
2,40,104,0,47.4,22.829805080201627
2,40,104,1,27.55,38.433092922362455
2,35,50,0,56.0,24.479852080736453
2,35,50,1,16.35,20.07164797996365
1,23,77,0,91.9,52.56264432986004
2,39,104,0,55.6,31.500041771066705
2,39,104,1,15.95,12.150265320906414
2,35,50,0,53.0,25.630984538660478
2,35,50,1,14.5,8.834740040258534
2,25,50,0,52.45,24.251912567009942
2,25,50,1,14.1,9.06642156531451
2,39,104,0,56.5,37.19153836984683
2,39,104,1,15.75,10.477419328702736
2,25,50,0,47.65,30.152725284877036
2,25,50,1,13.45,11.700089968165113
1,1,77,0,117.95,67.18119646072655
2,38,104,0,56.15,29.505173498183243
2,38,104,1,15.05,14.684309563899184
2,38,104,0,49.15,27.85918538877825
2,38,104,1,16.65,19.197793184579698
3,20,50,0,59.0,25.569307258590534
3,20,50,1,56.25,45.29305163395142
2,42,104,0,53.3,28.299339772845364
2,42,104,1,15.85,11.828934195882836
1,1,77,0,140.85,55.27184017010356
2,42,104,0,45.8,25.059088066744213
2,42,104,1,19.65,20.586850683206297
3,20,50,0,56.95,22.977048044561887
3,20,50,1,68.85,49.821021773206496
1,19,77,0,87.0,55.787189625538495
2,41,104,0,53.6,21.487817846153522
2,41,104,1,26.15,24.05098750571377
3,11,50,0,58.1,30.57673694338987
3,11,50,1,36.55,27.982090136747335
1,19,77,0,92.0,54.212059252725794
2,41,104,0,46.4,18.947017540610727
2,41,104,1,18.95,14.894276541148635
3,11,50,0,57.4,30.5172944927609
3,11,50,1,53.95,52.26297371038728
2,44,104,0,49.4,22.07975972409311
2,44,104,1,19.9,19.10882959317636
1,15,77,0,103.05,62.477343261798765
2,44,104,0,58.5,30.346247491940503
2,44,104,1,17.55,10.054980436527332
3,15,50,0,66.25,30.251359256107904
3,15,50,1,32.9,35.7489786383361
1,15,77,0,79.8,55.76699646508534
3,6,104,0,51.05,24.83095479012987
3,6,104,1,34.1,37.513366039039305
3,15,50,0,46.85,29.693655179090648
3,15,50,1,28.5,50.66349251368494
1,12,77,0,94.55,54.306610046446856
3,6,104,0,53.65,14.604523452107497
3,6,104,1,28.8,28.827253187145487
3,1,50,0,46.5,23.17098912092674
3,1,50,1,67.05,60.741449474066115
1,12,77,0,96.1,67.20267851804718
3,13,104,0,47.45,26.244748848203198
3,13,104,1,34.95,42.16942644044129
3,1,50,0,43.3,20.419546878832602
3,1,50,1,47.8,62.13703023411877
3,13,104,0,42.75,18.903842550071527
3,13,104,1,33.6,37.961753605992776
1,5,77,0,124.35,53.63941500524836
3,4,50,0,52.4,24.59653377377004
3,4,50,1,36.2,43.488171410529304
3,4,50,0,69.75,23.701820938262816
3,4,50,1,39.35,47.40561259242578
1,5,77,0,106.75,69.74530733129536
3,0,104,0,47.4,15.672302084619826
3,0,104,1,111.0,96.60609112320641
3,16,50,0,49.9,29.862668122062047
3,16,50,1,32.35,30.53949125830012
1,17,77,0,101.8,58.14193160298612
3,16,50,0,53.8,22.397368266453938
3,16,50,1,39.75,35.24482044813184
3,0,104,0,49.85,19.159373135553484
3,0,104,1,96.7,64.37971239778143
3,19,50,0,52.5,27.588136275542332
3,19,50,1,38.45,31.29229769027583
3,14,104,0,55.95,25.78550184237565
3,14,104,1,33.35,25.375651404654157
1,17,77,0,142.55,89.16187230921192
3,19,50,0,49.85,25.49360084826242
3,19,50,1,55.65,38.803519916300594
3,14,104,0,64.6,28.381610057811805
3,14,104,1,43.55,47.027959209053726
1,4,77,0,122.1,67.84727431208233
3,3,50,0,60.3,27.593096009118312
3,3,50,1,41.65,35.47612243689965
3,15,104,0,49.0,41.60718561422825
3,15,104,1,47.75,52.08482454005601
3,3,50,0,44.8,21.857432795757433
3,3,50,1,35.2,40.329693905685865
1,4,77,0,92.15,39.19623370736154
3,10,50,0,62.75,38.1049451135317
3,10,50,1,34.35,29.473047455527727
3,15,104,0,60.05,41.03461311727224
3,15,104,1,45.7,43.51297447162653
1,23,77,0,101.35,58.659835627024
3,10,50,0,62.3,32.48335606203016
3,10,50,1,35.7,35.96796820564244
3,8,104,0,40.55,18.924990440100483
3,8,104,1,73.15,57.547486112729
1,23,77,0,104.3,61.62202272086276
3,19,50,0,53.3,24.270623352001834
3,19,50,1,40.85,41.79558652096629
1,3,77,0,100.8,50.2934546332559
3,8,104,0,48.05,25.440280948465215
3,8,104,1,76.05,51.37117254278952
3,19,50,0,49.35,21.60232687271882
3,19,50,1,45.95,47.83466591456341
3,5,104,0,52.7,26.217912719520996
3,5,104,1,32.4,31.266932254885173
3,10,50,0,52.2,20.704944743758805
3,10,50,1,42.4,34.019189631116944
1,3,77,0,119.0,61.84871185315614
3,5,104,0,62.55,31.60691962879414
3,5,104,1,39.3,44.66377314534619
3,10,50,0,56.05,30.579447862558723
3,10,50,1,43.35,44.08517473685397
1,16,77,0,109.15,36.24227685423403
3,17,104,0,56.05,16.975136616766733
3,17,104,1,67.8,42.697960015364714
3,10,50,0,51.2,19.45467066095738
3,10,50,1,62.6,45.74690095917341
1,16,77,0,98.05,49.489472564746954
3,10,50,0,52.95,23.705373585794955
3,10,50,1,42.85,41.91881250829111
3,17,104,0,59.65,22.859467691919136
3,17,104,1,47.3,44.77793159464533
1,23,77,0,113.3,72.561480284326
3,12,50,0,51.0,28.05445831911476
3,12,50,1,45.1,46.572976126324136
3,0,104,0,53.35,24.853835878888734
3,0,104,1,91.65,64.81575100966869
1,23,77,0,111.35,47.071362396840996
3,12,50,0,69.4,28.92349254589825
3,12,50,1,31.05,23.43069287112638
3,0,104,0,53.0,27.156466710721524
3,0,104,1,54.2,37.95371141965323
3,6,50,0,52.1,16.826983342864892
3,6,50,1,40.7,38.90758280849634
3,6,50,0,54.15,22.084228714056028
3,6,50,1,37.85,29.785681830457786
2,44,77,0,123.8,62.6826594001378
2,44,77,1,48.4,38.40833242930497
3,17,104,0,61.8,27.799280566230486
3,17,104,1,57.0,56.102350077430145
3,18,50,0,53.5,34.53221226927876
3,18,50,1,37.5,42.93753112310218
3,17,104,0,40.0,16.016438923477143
3,17,104,1,76.05,56.0999812365106
3,18,50,0,50.85,27.787303045209622
3,18,50,1,35.9,30.948003931892295
2,44,77,0,123.85,73.53286053831557
2,44,77,1,28.7,22.655544226756643
3,23,104,0,61.05,32.16483041754571
3,23,104,1,24.85,25.24047501429734
3,0,50,0,48.5,23.94621165511528
3,0,50,1,73.35,57.843959790202184
3,23,104,0,49.8,19.487107748997865
3,23,104,1,23.05,19.784297335327114
2,41,77,0,145.95,64.68016453450413
2,41,77,1,46.35,36.39877817498245
3,0,50,0,61.4,23.800486505421205
3,0,50,1,56.05,42.72737936462312
3,7,104,0,60.95,22.40412321074193
3,7,104,1,42.5,35.74544505395426
3,10,50,0,60.85,24.68384300029389
3,10,50,1,47.25,38.381567670460065
3,7,104,0,40.8,20.615783427165447
3,7,104,1,48.15,40.43614198891096
2,41,77,0,119.3,61.765345419068474
2,41,77,1,39.55,41.49632196764076
3,23,104,0,50.7,25.87235875154063
3,23,104,1,13.55,11.659534160596007
3,10,50,0,48.8,14.894718244362574
3,10,50,1,46.0,38.61823948670669
3,23,104,0,58.9,28.73453817639195
3,23,104,1,14.25,10.427064985437001
3,9,50,0,43.65,23.59142350851035
3,9,50,1,43.65,32.28536412745109
2,47,77,0,117.35,98.06779341487785
2,47,77,1,34.4,22.788270297631076
3,1,104,0,45.85,25.68488189372762
3,1,104,1,62.7,41.21969381126862
3,9,50,0,55.0,26.842621254070433
3,9,50,1,49.25,41.607027493466845
3,1,104,0,51.85,29.30650188322685
3,1,104,1,41.8,27.450625532130648
2,47,77,0,87.1,58.14582394381615
2,47,77,1,49.05,58.548652732937455
3,23,104,0,51.3,27.311266231317337
3,23,104,1,17.3,15.434411314707763
3,0,50,0,46.75,21.89418331790192
3,0,50,1,93.75,88.89963293986148
3,23,104,0,47.9,29.807981975868213
3,23,104,1,15.2,13.205262109038996
2,38,77,0,95.95,58.517181462505434
2,38,77,1,29.15,16.274859527245667
3,0,50,0,55.65,23.888501968850818
3,0,50,1,71.3,54.66558621097439
3,14,104,0,53.8,25.417772480977497
3,14,104,1,32.35,28.312680811552305
2,38,77,0,91.5,63.47606262454996
2,38,77,1,34.6,22.75128683462935
3,7,50,0,45.0,13.490737563232042
3,7,50,1,37.85,31.49649103262808
3,14,104,0,49.5,21.61992258616064
3,14,104,1,36.0,43.21914780328396
3,7,50,0,49.15,20.83336140348986
3,7,50,1,35.25,41.38633768973067
3,16,104,0,60.1,35.13118272987689
3,16,104,1,44.6,47.51886052151458
2,37,77,0,105.35,78.9131934803247
2,37,77,1,34.25,28.80766528109087
4,41,50,0,55.1,20.065419323591993
4,41,50,1,14.7,9.608658376145636
4,41,50,2,10.5,6.700353486354676
4,41,50,0,62.1,24.98610139973611
4,41,50,1,11.05,6.030405415366715
4,41,50,2,13.45,9.97087864998023
3,16,104,0,53.7,28.369924772176383
3,16,104,1,44.15,35.03122667143221
2,37,77,0,76.35,48.79524890590756
2,37,77,1,32.0,27.712812921102035
4,44,50,0,55.15,24.858070806289984
4,44,50,1,20.25,16.1762496466758
4,44,50,2,14.3,8.379800273967092
3,14,104,0,46.9,23.993200791276813
3,14,104,1,30.7,31.41588602501674
2,36,77,0,86.15,44.970487398316074
2,36,77,1,29.85,17.959823583707465
4,44,50,0,45.55,27.122480479639414
4,44,50,1,22.6,17.297398648351724
4,44,50,2,17.3,13.365706313665502
3,14,104,0,70.55,44.20106571708781
3,14,104,1,56.45,71.01035876991172
4,42,50,0,56.55,23.64535116209838
4,42,50,1,15.35,10.878636717994828
4,42,50,2,13.45,9.3834961501564
2,36,77,0,89.4,58.84806485214365
2,36,77,1,42.6,35.7010983171755
3,13,104,0,44.9,21.805117699630447
3,13,104,1,31.3,32.799390238234615
4,42,50,0,52.9,22.56895865424105
4,42,50,1,23.45,20.904482017525634
4,42,50,2,11.7,10.229472384397834
4,31,50,0,51.75,31.17163859394592
4,31,50,1,16.45,14.587215022246815
4,31,50,2,12.95,10.13838459051851
2,37,77,0,98.75,78.88891256897759
2,37,77,1,31.25,26.17325875171471
3,13,104,0,50.65,26.707528999575338
3,13,104,1,34.65,40.79509129398058
4,31,50,0,45.15,20.711743427086812
4,31,50,1,19.6,28.290597284907967
4,31,50,2,12.4,13.739685126247291
3,20,104,0,52.3,25.277616476575513
3,20,104,1,44.7,40.22842671282925
4,44,50,0,61.65,26.52759238782775
4,44,50,1,23.8,26.851639173722514
4,44,50,2,18.1,16.79567613530653
2,37,77,0,124.3,85.23472235384381
2,37,77,1,42.65,28.470252249635845
3,20,104,0,53.0,23.834958845315732
3,20,104,1,46.5,38.558909135039215
4,44,50,0,57.65,25.561638609859358
4,44,50,1,17.8,18.71841198842522
4,44,50,2,18.45,16.51944627592456
4,38,104,0,53.0,37.82229918698061
4,38,104,1,15.5,15.83633397236275
4,38,104,2,9.2,6.271069748414036
2,38,77,0,105.3,63.931789308688415
2,38,77,1,23.5,17.641160004823647
4,43,50,0,59.05,23.92636730955159
4,43,50,1,13.5,8.172482712383704
4,43,50,2,12.4,8.0354477817127
4,38,104,0,52.8,20.69477432132388
4,38,104,1,13.6,10.01262361116942
4,38,104,2,12.15,7.386153475111029
4,43,50,0,54.6,12.950919495907373
4,43,50,1,18.2,14.891184251799876
4,43,50,2,7.85,4.67101927341684
2,38,77,0,94.5,60.289215235265836
2,38,77,1,34.8,20.600459882449737
4,47,104,0,47.0,24.889228276716945
4,47,104,1,19.95,19.8983601545983
4,47,104,2,16.2,20.99774423974858
4,40,50,0,53.95,20.91203380579557
4,40,50,1,13.3,11.621667603865498
4,40,50,2,10.9,7.6564386389220775
4,47,104,0,56.6,25.13626024187704
4,47,104,1,12.3,9.205833390902349
4,47,104,2,13.95,12.475133160348271
4,40,50,0,55.6,22.511751317221435
4,40,50,1,16.35,14.626130185750648
4,40,50,2,10.95,9.928560610152594
2,31,77,0,118.15,55.40974168577407
2,31,77,1,27.15,14.217391129399084
4,34,104,0,51.35,24.048799072762556
4,34,104,1,15.0,13.463400680910334
4,34,104,2,12.15,9.13221596443342
4,36,50,0,58.65,28.0474691606175
4,36,50,1,12.95,7.6809744447597685
4,36,50,2,9.85,4.659737964171037
4,36,50,0,55.8,26.025493574368074
4,36,50,1,16.55,14.199610817498522
4,36,50,2,10.85,4.749238166053029
4,34,104,0,60.2,28.008645281882444
4,34,104,1,15.3,9.119672200941851
4,34,104,2,12.3,8.342030549225441
4,35,50,0,43.3,17.562220216913587
4,35,50,1,18.45,15.027956404122639
4,35,50,2,11.1,7.833128030157691
2,31,77,0,117.55,58.96874729799453
2,31,77,1,36.45,34.78879886279188
4,31,104,0,49.45,21.612557266065192
4,31,104,1,13.35,9.303508110271883
4,31,104,2,10.75,6.600438581918948
4,35,50,0,52.15,21.77945676186863
4,35,50,1,15.3,12.376123021876905
4,35,50,2,15.7,13.219204530570385
4,31,104,0,53.45,15.439099373787455
4,31,104,1,26.25,15.890662600871522
4,31,104,2,12.15,7.1323945930927675
4,26,50,0,61.7,27.338232338035702
4,26,50,1,22.1,17.09693724495398
4,26,50,2,12.85,8.928222549574848
4,34,104,0,47.6,22.39689828149378
4,34,104,1,13.4,9.842977726598582
4,34,104,2,9.15,6.209288458261119
2,44,77,0,119.3,67.49822609754858
2,44,77,1,48.05,42.15070081205493
4,26,50,0,50.15,19.00768542624688
4,26,50,1,17.35,13.936982230174888
4,26,50,2,10.7,9.154233993076646
4,34,104,0,55.95,31.990911538320248
4,34,104,1,19.75,16.088161715013346
4,34,104,2,10.75,9.585487934756813
4,25,50,0,54.2,26.029537877289776
4,25,50,1,17.9,10.867140232927209
4,25,50,2,8.6,4.794733953433759
4,32,104,0,60.85,24.08379013711133
4,32,104,1,19.7,17.035875458325553
4,32,104,2,11.9,11.266625142661983
2,44,77,0,119.5,56.71674773542829
2,44,77,1,42.55,33.23991734741766
4,25,50,0,50.7,22.398543185709766
4,25,50,1,14.25,8.478300475175931
4,25,50,2,8.15,2.978431236671236
4,32,104,0,47.7,29.352844388307766
4,32,104,1,13.2,12.634955689006507
4,32,104,2,12.5,8.917752844157192
4,36,50,0,45.2,26.07802059004358
4,36,50,1,18.9,30.108400646226364
4,36,50,2,11.2,8.709341627180978
4,30,104,0,49.3,26.659845618852568
4,30,104,1,9.6,7.7893314354010075
4,30,104,2,11.85,12.027490441309421
4,36,50,0,44.2,20.376973588626427
4,36,50,1,11.5,8.376030965609075
4,36,50,2,10.35,6.937882279652473
2,47,77,0,105.3,76.55895561076134
2,47,77,1,29.5,21.206999837441955
4,30,104,0,52.35,33.49512926099146
4,30,104,1,19.3,17.269077932292127
4,30,104,2,11.75,12.396412893719656
4,30,50,0,52.85,26.723289665127602
4,30,50,1,20.2,17.605621111930194
4,30,50,2,10.9,4.66679197826741
4,40,104,0,46.95,19.03590789727887
4,40,104,1,13.8,10.154594500701847
4,40,104,2,11.4,7.863305853606891
4,30,50,0,43.95,25.22420516717602
4,30,50,1,16.9,11.47032785288335
4,30,50,2,12.4,8.394233609730959
2,47,77,0,101.2,67.41669323183828
2,47,77,1,31.05,26.57556257759729
4,40,104,0,48.65,22.031735483639334
4,40,104,1,16.5,14.207114600197954
4,40,104,2,10.0,5.301439725008174
4,46,50,0,53.5,27.804770510793553
4,46,50,1,12.3,5.939165278936622
4,46,50,2,13.1,13.372792488757478
4,43,104,0,55.2,23.549723431161787
4,43,104,1,24.9,20.287149160309134
4,43,104,2,16.1,10.715949745466727
4,46,50,0,53.1,24.772437994887106
4,46,50,1,24.5,29.332037451439195
4,46,50,2,14.85,12.355586846272802
2,35,77,0,115.65,61.272707928098825
2,35,77,1,44.95,43.8423911660609
4,31,50,0,42.3,21.85141209456075
4,31,50,1,20.5,20.934735677689766
4,31,50,2,11.55,6.992288985958598
4,43,104,0,54.15,22.907767011947804
4,43,104,1,15.8,10.894711416192044
4,43,104,2,13.5,8.79892337911741
2,35,77,0,82.2,40.209451625208715
2,35,77,1,38.8,28.616520808055874
4,31,50,0,52.95,22.802296744891844
4,31,50,1,16.45,16.152154817954106
4,31,50,2,13.9,11.191632212458886
4,46,104,0,51.9,28.07489982172688
4,46,104,1,19.75,12.838572637502233
4,46,104,2,12.25,8.097270495277048
4,44,50,0,53.45,21.2391768102944
4,44,50,1,22.2,17.972493603164516
4,44,50,2,12.55,7.294374184043624
4,46,104,0,50.35,25.895081833388648
4,46,104,1,14.8,11.311847538613758
4,46,104,2,13.3,7.434627375364976
4,44,50,0,53.15,24.55557606307524
4,44,50,1,11.95,7.0894658695694055
4,44,50,2,9.6,7.465006081007147
2,44,77,0,122.5,74.20632686886219
2,44,77,1,38.6,42.249135774406206
4,29,104,0,55.8,25.186880461232608
4,29,104,1,14.85,12.110347902343246
4,29,104,2,15.0,14.3710234774519
4,31,50,0,53.0,25.260745498854437
4,31,50,1,16.3,11.912399554997084
4,31,50,2,17.2,14.749130215211444
4,29,104,0,44.6,25.088055451066545
4,29,104,1,23.65,21.950362663350955
4,29,104,2,8.5,5.206271521722118
4,31,50,0,62.75,27.27612219699243
4,31,50,1,21.0,28.639317839567852
4,31,50,2,12.9,8.753345225202702
4,45,104,0,44.6,27.94807214893552
4,45,104,1,17.4,17.700431157401074
4,45,104,2,11.35,11.631513455400286
2,44,77,0,114.45,43.83758901361154
2,44,77,1,47.05,41.63434184723749
4,47,50,0,37.95,16.8693899056686
4,47,50,1,14.7,20.494158346118766
4,47,50,2,9.7,9.25145792209047
4,45,104,0,54.45,26.035350462096922
4,45,104,1,11.85,7.9820522357810235
4,45,104,2,8.3,5.100051599326176
4,47,50,0,46.4,19.145976628331905
4,47,50,1,22.35,23.636000641305404
4,47,50,2,10.5,8.840695376317527
2,26,77,0,94.15,54.51824899686535
2,26,77,1,30.05,22.873738101518132
4,28,104,0,70.7,27.48032789201453
4,28,104,1,17.85,13.378203010474675
4,28,104,2,15.25,10.750152997687252
4,38,50,0,49.85,34.01899624126435
4,38,50,1,23.3,26.713095546645476
4,38,50,2,12.35,8.125819796698734
4,38,50,0,51.05,30.023631043773364
4,38,50,1,13.9,10.119808610630415
4,38,50,2,8.75,7.010330722733791
4,28,104,0,56.95,31.65184787155736
4,28,104,1,19.15,20.40194779142939
4,28,104,2,17.1,20.465375123543875
2,26,77,0,102.8,61.26267860185093
2,26,77,1,37.05,41.96047639085343
4,25,50,0,51.2,28.78157305236149
4,25,50,1,19.75,17.53455235572866
4,25,50,2,12.05,12.432872386921444
4,47,104,0,58.4,39.34249075678062
4,47,104,1,16.6,12.62995603609467
4,47,104,2,12.7,15.29051993883792
2,47,77,0,76.35,49.495640424714495
2,47,77,1,28.4,13.899640283115243
4,25,50,0,37.95,18.974983530954646
4,25,50,1,13.7,12.88450722052611
4,25,50,2,7.05,3.9266297320515946
4,47,104,0,53.0,30.08584209785131
4,47,104,1,20.9,18.92060975984153
4,47,104,2,13.45,9.69250931607008
5,4,50,0,59.6,32.41409699822789
5,4,50,1,17.95,10.590338198466315
5,4,50,2,31.6,32.17943115522219
4,40,104,0,41.85,19.065744978336078
4,40,104,1,22.8,23.489303276620458
4,40,104,2,14.5,17.343283244074936
2,47,77,0,108.65,82.21555429735332
2,47,77,1,34.2,31.52208916399987
5,4,50,0,56.15,22.091377217557557
5,4,50,1,20.2,19.160265903000514
5,4,50,2,38.35,43.08898381623532
4,40,104,0,55.25,24.23324163210527
4,40,104,1,17.45,21.144801526118595
4,40,104,2,13.5,10.308402295930094
5,12,50,0,46.55,21.700048508313476
5,12,50,1,17.8,15.739992643614947
5,12,50,2,27.0,21.76428750330035
4,30,104,0,58.15,22.03890101376965
4,30,104,1,14.85,11.122641677890051
4,30,104,2,9.65,7.292930968085681
2,43,77,0,116.05,55.13378465629143
2,43,77,1,40.6,23.818170860876258
4,30,104,0,49.45,24.160592098007776
4,30,104,1,18.85,11.132101518155785
4,30,104,2,12.85,10.534529689999156
5,12,50,0,56.15,24.88135002260465
5,12,50,1,17.95,12.90644473855886
5,12,50,2,27.75,25.59579529614396
2,43,77,0,77.0,46.552743149430434
2,43,77,1,38.6,60.64859958464785
4,35,104,0,56.0,22.510816113709943
4,35,104,1,11.2,5.187028355223705
4,35,104,2,12.15,9.65333321217408
5,11,50,0,57.2,29.8409820637042
5,11,50,1,13.3,13.054944616786715
5,11,50,2,27.15,31.37426870609266
4,35,104,0,47.7,21.565323041743124
4,35,104,1,22.15,22.214919121593653
4,35,104,2,9.65,4.283075628809893
2,37,77,0,85.65,57.81756698990004
2,37,77,1,32.15,34.47084962231437
5,11,50,0,58.8,24.308543007714277
5,11,50,1,12.75,14.189970512932529
5,11,50,2,31.45,32.48882398934327
4,41,104,0,47.7,19.700654544295837
4,41,104,1,14.25,12.20817241376491
4,41,104,2,8.6,5.861560776520372
2,37,77,0,82.55,59.08020863733962
2,37,77,1,31.9,29.34351896523588
4,41,104,0,54.9,17.402056744746247
4,41,104,1,16.85,14.815621201250634
4,41,104,2,15.55,14.727257221328006
5,1,50,0,54.25,25.606074526010016
5,1,50,1,15.05,11.958150710751752
5,1,50,2,58.0,57.46119972367624
4,34,104,0,58.0,35.42969316681612
4,34,104,1,16.85,12.312915769095559
4,34,104,2,12.65,10.132153093779696
2,24,77,0,93.85,48.595294335757934
2,24,77,1,39.95,40.379091775714556
5,1,50,0,39.65,19.94538595897887
5,1,50,1,13.75,9.770390284721971
5,1,50,2,57.75,50.95805808908466
4,34,104,0,68.45,38.275284041023816
4,34,104,1,10.6,6.580673457777307
4,34,104,2,10.9,6.7113415397488065
5,5,50,0,57.65,24.56414802961936
5,5,50,1,14.3,7.160564517587026
5,5,50,2,24.8,21.174960386466392
4,36,104,0,43.45,15.312447636859986
4,36,104,1,14.3,11.258213376066943
4,36,104,2,10.0,6.41544189723842
2,24,77,0,108.05,57.98681792124464
2,24,77,1,30.45,23.257087205046936
5,5,50,0,52.3,37.450458503271534
5,5,50,1,14.75,13.190407200130826
5,5,50,2,25.45,22.535293956019537
4,36,104,0,50.3,26.010321837787075
4,36,104,1,21.0,28.12004342289078
4,36,104,2,10.15,8.241582627780074
2,46,77,0,95.4,77.99689602460911
2,46,77,1,34.9,32.823130483499625
5,22,50,0,42.4,27.98006809366832
5,22,50,1,15.05,13.69392873541141
5,22,50,2,73.95,54.74580012730609
5,5,104,0,58.1,22.362798054852288
5,5,104,1,28.1,30.183474042315904
5,5,104,2,26.4,33.068350268401424
2,46,77,0,89.7,37.14707610509736
2,46,77,1,43.4,31.829149169308703
5,22,50,0,47.6,23.760648582322652
5,22,50,1,16.1,13.817989799723517
5,22,50,2,49.85,53.87536787027903
5,5,104,0,55.45,21.619861726029416
5,5,104,1,17.55,9.411499125509902
5,5,104,2,32.0,36.72658581005261
2,29,77,0,81.8,40.51328567012893
2,29,77,1,29.0,20.05518701772161
5,5,104,0,49.7,28.29747989523188
5,5,104,1,16.1,12.012712564524914
5,5,104,2,18.45,15.682625317277246
5,2,50,0,51.95,30.41030815538151
5,2,50,1,21.15,18.71749814590896
5,2,50,2,63.45,59.637038120529375
5,5,104,0,47.1,32.98308976621681
5,5,104,1,12.4,8.598653505361359
5,5,104,2,26.6,35.056946154567015
2,29,77,0,106.5,56.51501896329022
2,29,77,1,50.05,46.84742873357478
5,2,50,0,65.3,28.43848393323829
5,2,50,1,18.7,15.688077940706576
5,2,50,2,59.55,74.7793068759139
5,15,104,0,56.55,36.293358824127075
5,15,104,1,16.55,13.020126121145152
5,15,104,2,26.45,29.229536251430407
5,0,50,0,58.25,19.014883367343707
5,0,50,1,19.2,14.402485165670834
5,0,50,2,53.65,41.38938969044323
5,15,104,0,55.55,30.114649346508386
5,15,104,1,19.95,21.8667616065547
5,15,104,2,35.4,49.90032169498667
3,21,77,0,92.1,64.69352851390119
3,21,77,1,91.35,66.07593319332253
5,15,104,0,44.85,20.81566970489198
5,15,104,1,20.95,19.556867147669102
5,15,104,2,41.45,60.802938814016656
5,0,50,0,56.25,19.98914178932363
5,0,50,1,23.4,17.227273358498177
5,0,50,2,74.85,62.79144678595711
5,15,104,0,49.6,22.28381522658613
5,15,104,1,21.2,23.68566077431215
5,15,104,2,27.35,29.003221236705127
5,14,50,0,55.35,30.683914867222324
5,14,50,1,13.7,9.92657252556305
5,14,50,2,31.5,31.02036682398738
3,21,77,0,113.0,67.28650447311502
3,21,77,1,95.7,80.7863328722586
5,14,50,0,52.35,29.088386179475748
5,14,50,1,13.6,10.059821071967434
5,14,50,2,33.5,37.97298208491207
5,11,104,0,51.7,23.855044705360264
5,11,104,1,19.6,16.844177504095406
5,11,104,2,49.45,43.22581465549931
5,3,50,0,57.45,25.344936170242846
5,3,50,1,23.1,19.64929354562411
5,3,50,2,45.55,55.21582057803056
5,11,104,0,61.1,21.732585284726127
5,11,104,1,15.45,6.778254704723427
5,11,104,2,49.15,40.56090287586388
3,12,77,0,108.9,85.6786529944733
3,12,77,1,73.3,80.6324343777627
5,3,50,0,41.2,19.06388152888515
5,3,50,1,22.25,21.068497311089097
5,3,50,2,33.15,36.46090191453103
5,11,104,0,53.75,30.775716674711337
5,11,104,1,17.6,14.572504751649323
5,11,104,2,31.2,28.845504985954687
3,12,77,0,87.25,58.45634898659089
3,12,77,1,34.85,31.342379246670237
5,11,50,0,59.2,25.44260827410338
5,11,50,1,15.95,8.325452413817331
5,11,50,2,38.8,31.399966476683414
5,11,104,0,54.75,24.259290135837382
5,11,104,1,15.95,11.659534160596007
5,11,104,2,36.7,36.3348462585378
5,11,50,0,47.15,20.604738851970307
5,11,50,1,18.3,12.994330747635576
5,11,50,2,31.55,34.33499825634418
5,16,104,0,55.2,34.69202850951877
5,16,104,1,15.5,11.887631785754648
5,16,104,2,21.05,22.539964507514203
5,13,50,0,46.5,21.825865871773143
5,13,50,1,21.1,14.714475507937216
5,13,50,2,31.4,40.4050543998227
3,16,77,0,119.5,70.15134016051147
3,16,77,1,74.75,71.44808568022253
5,16,104,0,54.3,28.15763895604437
5,16,104,1,19.05,20.572017274366704
5,16,104,2,31.3,29.528041979750277
5,13,50,0,56.1,32.91919932517385
5,13,50,1,21.9,24.354616983665593
5,13,50,2,50.0,49.599448214248255
5,9,104,0,48.55,26.168432167504093
5,9,104,1,16.75,14.252885211146031
5,9,104,2,51.5,39.313182468346085
3,16,77,0,100.95,49.86347149440845
3,16,77,1,58.2,88.87933866824878
5,5,50,0,49.75,18.234943320305025
5,5,50,1,21.8,20.620888744949355
5,5,50,2,33.6,29.761154476758353
5,9,104,0,51.7,24.957015678541122
5,9,104,1,16.05,23.164116987044288
5,9,104,2,44.15,24.5512889574801
5,5,50,0,48.1,20.32084747507503
5,5,50,1,19.1,16.761170666312754
5,5,50,2,18.75,28.93891024755061
5,21,104,0,53.6,29.25639831054505
5,21,104,1,18.2,19.21238635551774
5,21,104,2,38.6,30.720128837449128
5,11,50,0,54.05,26.154349542666896
5,11,50,1,20.45,14.730830540775786
5,11,50,2,29.05,28.819720952664923
3,15,77,0,102.5,62.54808676446257
3,15,77,1,92.25,96.61092615554195
5,11,50,0,54.15,21.166694294774068
5,11,50,1,16.45,7.721978203052703
5,11,50,2,22.05,25.140604606890424
5,21,104,0,40.65,23.73155793674876
5,21,104,1,22.25,27.594574218780572
5,21,104,2,57.5,78.32691276411893
5,11,50,0,49.45,25.8140618553858
5,11,50,1,14.25,11.557066646588321
5,11,50,2,29.55,42.80368282236815
3,15,77,0,111.7,78.72677602415772
3,15,77,1,50.25,59.321492510591895
5,18,104,0,61.3,31.861707754805476
5,18,104,1,17.95,15.319320446657171
5,18,104,2,36.05,36.048906837940685
5,11,50,0,62.9,35.0967084976415
5,11,50,1,14.7,12.945635314043514
5,11,50,2,29.45,30.116397002647123
5,18,104,0,51.9,25.013470055362696
5,18,104,1,22.75,20.682754066842104
5,18,104,2,41.9,43.27135919191573
5,16,50,0,53.7,21.827312682677373
5,16,50,1,18.95,14.752252281208488
5,16,50,2,31.05,44.155794755913014
5,12,104,0,51.4,28.22540848615882
5,12,104,1,14.7,11.355962959469448
5,12,104,2,20.7,19.409981154577476
5,16,50,0,53.15,26.73116651322749
5,16,50,1,16.4,12.828422391417877
5,16,50,2,28.9,35.27918724448707
3,17,77,0,119.8,56.25281279516982
3,17,77,1,122.85,91.4786572750284
5,12,104,0,50.55,33.45613782095502
5,12,104,1,19.15,19.97966071046411
5,12,104,2,42.7,47.37876495246634
5,19,50,0,66.65,27.411628343114767
5,19,50,1,22.95,13.697771620538177
5,19,50,2,33.75,25.67791391756532
5,8,104,0,56.05,30.879178813733475
5,8,104,1,19.35,15.938285584353828
5,8,104,2,50.2,43.15528875315772
5,19,50,0,61.6,21.687736044521618
5,19,50,1,14.45,9.069758889617157
5,19,50,2,46.7,40.69540255942536
3,17,77,0,111.8,43.523254522272644
3,17,77,1,108.1,83.83938278197877
5,8,104,0,58.85,25.32374587740048
5,8,104,1,12.75,9.829466977035509
5,8,104,2,46.6,52.00951329982054
5,4,50,0,65.65,40.99072423956682
5,4,50,1,12.0,8.188567126118425
5,4,50,2,43.65,44.754623401269654
5,16,104,0,45.55,21.323263796787028
5,16,104,1,12.45,9.411499125509902
5,16,104,2,30.0,36.932370625238775
3,3,77,0,69.05,58.38301393204597
3,3,77,1,87.15,103.31060729154275
5,4,50,0,58.25,17.567538844489047
5,4,50,1,16.75,10.416964908011202
5,4,50,2,39.8,48.647605014884455
5,16,104,0,51.5,20.967393232048863
5,16,104,1,14.35,10.23551608243005
5,16,104,2,32.45,42.60525665615503
5,0,50,0,53.75,24.511812404806403
5,0,50,1,17.45,13.418271125595876
5,0,50,2,58.65,42.99115576120524
5,4,104,0,54.65,24.281842902400186
5,4,104,1,14.55,11.175513646502244
5,4,104,2,21.75,23.060275709311753
3,3,77,0,97.15,50.046583562874595
3,3,77,1,76.7,87.88874546235921
5,4,104,0,62.75,25.05126323109644
5,4,104,1,12.5,14.36552891656383
5,4,104,2,29.3,34.76401648407823
5,0,50,0,58.65,25.61922592199275
5,0,50,1,15.5,9.168022228318788
5,0,50,2,56.45,39.95981534123079
5,23,50,0,51.9,25.96536154186958
5,23,50,1,11.35,8.869076970902297
5,23,50,2,10.25,4.961695380878554
5,8,104,0,54.35,27.95725120137604
5,8,104,1,17.45,17.141746517907983
5,8,104,2,45.05,57.253338215706734
3,16,77,0,101.65,50.69233825633552
3,16,77,1,59.65,67.41019366925389
5,23,50,0,48.0,24.906139593957235
5,23,50,1,13.95,12.738152390193386
5,23,50,2,11.2,5.845376040310117
6,45,50,0,50.4,27.0601668801016
6,45,50,1,16.95,20.495121370706737
6,45,50,2,12.1,14.319291367353271
6,45,50,3,10.5,13.674794331177342
5,8,104,0,56.35,22.408351356722246
5,8,104,1,18.0,12.05251666228829
5,8,104,2,63.1,41.89196631939426
3,16,77,0,117.0,68.47819476223609
3,16,77,1,46.9,43.126374882736386
6,45,50,0,48.9,31.418901451531568
6,45,50,1,19.5,19.30775682683544
6,45,50,2,11.8,10.076549116898263
6,45,50,3,9.55,5.423875095596466
5,21,104,0,49.3,24.535902802134455
5,21,104,1,17.5,17.169434285503133
5,21,104,2,41.6,43.87830059560072
6,34,50,0,43.15,18.92443421945068
6,34,50,1,15.9,14.849774054634103
6,34,50,2,9.85,6.2008063991709985
6,34,50,3,8.7,4.0923548747698595
6,34,50,0,51.8,28.30584838212024
6,34,50,1,14.95,12.795866931408586
6,34,50,2,13.25,7.966211540989197
6,34,50,3,11.6,7.118545090854332
5,21,104,0,50.25,21.898990603990956
5,21,104,1,18.1,18.6544759691665
5,21,104,2,40.2,64.72175262736552
3,3,77,0,98.95,78.3168161010809
3,3,77,1,67.05,73.0569172487776
6,44,50,0,43.7,14.807892632327066
6,44,50,1,19.3,13.334166640626627
6,44,50,2,13.1,12.139106010610586
6,44,50,3,10.05,6.581273273063263
5,11,104,0,48.9,19.520299825134803
5,11,104,1,18.55,11.255291153380636
5,11,104,2,32.15,28.17291532473586
6,44,50,0,44.8,23.093858832803875
6,44,50,1,15.1,15.704173096077962
6,44,50,2,13.9,16.032532715175037
6,44,50,3,10.95,8.786802304413255
5,11,104,0,59.5,35.06610299060003
5,11,104,1,20.8,16.65943702846117
5,11,104,2,17.95,12.266664282989852
6,25,50,0,51.7,24.830159929111673
6,25,50,1,12.25,9.346403755343268
6,25,50,2,12.2,9.779678177893068
6,25,50,3,12.0,8.516238359127444
3,3,77,0,115.45,105.39573296066492
3,3,77,1,66.6,78.94261740090244
5,14,104,0,57.35,20.964318056615806
5,14,104,1,17.7,18.032426931853394
5,14,104,2,27.2,26.49448800669381
6,25,50,0,42.0,22.606473222927704
6,25,50,1,14.5,10.620238871334793
6,25,50,2,8.85,5.622089890498205
6,25,50,3,9.75,9.215975831474157
6,27,50,0,52.9,28.791263294709093
6,27,50,1,13.85,12.671040334475096
6,27,50,2,12.9,11.538950057134862
6,27,50,3,9.8,5.502152688768852
5,14,104,0,52.0,21.72798341213226
5,14,104,1,20.85,22.307126545945856
5,14,104,2,39.8,46.58732603797325
5,23,104,0,48.25,25.20834239524268
5,23,104,1,11.4,11.600362970727751
5,23,104,2,9.5,9.110433579144297
6,27,50,0,46.4,26.735350144862906
6,27,50,1,11.55,8.255620095298399
6,27,50,2,20.15,32.347252384740585
6,27,50,3,12.95,14.752252281208488
3,22,77,0,90.05,43.223379394903745
3,22,77,1,120.4,87.12447236115996
5,23,104,0,63.6,35.529676254320734
5,23,104,1,15.45,11.413173367463997
5,23,104,2,9.35,4.0688159405279976
6,26,50,0,48.55,27.840665070700936
6,26,50,1,20.35,15.574185794380863
6,26,50,2,13.25,8.359520258206713
6,26,50,3,12.85,12.495367562673607
6,26,50,0,50.25,29.70357944051436
6,26,50,1,12.5,9.310435571245621
6,26,50,2,10.15,5.47986745901952
6,26,50,3,7.1,3.851178903578542
5,21,104,0,44.05,19.31041442494588
5,21,104,1,14.35,13.989751888247941
5,21,104,2,67.3,61.2321724861075
6,25,50,0,59.85,33.301296007655225
6,25,50,1,15.35,12.749716199111834
6,25,50,2,9.55,8.1335885781059
6,25,50,3,9.8,5.587580212540931
5,21,104,0,43.2,23.68788275624658
5,21,104,1,21.8,24.705848444617743
5,21,104,2,42.15,30.59803055237723
3,22,77,0,95.35,64.34469266135484
3,22,77,1,148.95,96.05452125033771
6,25,50,0,60.45,31.936573655326665
6,25,50,1,19.4,15.288110275291503
6,25,50,2,9.4,7.19210093015064
6,25,50,3,10.2,8.918343013433784
6,33,104,0,53.25,25.606074526010016
6,33,104,1,13.7,6.079300513779699
6,33,104,2,9.25,5.014452795879652
6,33,104,3,11.05,8.081655640692494
6,45,50,0,47.1,27.03000282337349
6,45,50,1,7.7,4.921488863299291
6,45,50,2,9.05,7.687823591820208
6,45,50,3,8.75,4.86529060093834
6,33,104,0,49.2,26.2990894379094
6,33,104,1,13.65,7.393275750017002
6,33,104,2,13.4,17.448872682633024
6,33,104,3,10.45,7.221860089886451
6,45,50,0,47.1,23.16962621509826
6,45,50,1,19.7,28.766025282028725
6,45,50,2,13.4,11.604899146934725
6,45,50,3,11.2,11.124179449337044
3,13,77,0,85.9,51.3357370136715
3,13,77,1,75.0,81.32261936910685
6,34,104,0,51.1,19.128100023952086
6,34,104,1,18.1,13.821798192100692
6,34,104,2,10.5,6.770679822821183
6,34,104,3,8.1,4.930036831291906
6,42,50,0,48.65,23.115897924201548
6,42,50,1,20.45,16.759836075068215
6,42,50,2,9.35,6.59565247560447
6,42,50,3,10.65,9.062792645002741
6,34,104,0,56.3,23.877097593168315
6,34,104,1,14.8,8.757553130989573
6,34,104,2,11.15,10.317460927960909
6,34,104,3,12.35,8.671034661749609
6,42,50,0,50.25,31.584264903171075
6,42,50,1,12.55,8.91170135566894
6,42,50,2,12.5,8.08832817284134
6,42,50,3,11.3,8.195634267866739
3,13,77,0,93.0,67.55192934250462
3,13,77,1,69.5,86.51467779333291
6,39,104,0,51.25,29.641498292978234
6,39,104,1,11.0,7.305369330337213
6,39,104,2,10.65,8.554930865019491
6,39,104,3,13.1,12.686088526620928
6,25,50,0,50.95,25.169896388553656
6,25,50,1,15.1,10.915464645220222
6,25,50,2,9.25,5.220153254455275
6,25,50,3,8.25,4.5523273400016295
6,39,104,0,52.4,30.391134441339613
6,39,104,1,15.3,10.12604770407799
6,39,104,2,10.65,10.599280015270152
6,39,104,3,7.75,5.738833551020258
6,25,50,0,53.3,26.707184131063432
6,25,50,1,12.6,9.505676974147717
6,25,50,2,10.9,11.01625593097955
6,25,50,3,7.45,5.083254241547488
6,42,104,0,57.05,30.41203882121614
6,42,104,1,17.25,12.08685671558813
6,42,104,2,17.15,12.575142564850541
6,42,104,3,11.85,7.7614092589046315
6,25,50,0,57.6,26.513948662623047
6,25,50,1,12.6,11.847273725918637
6,25,50,2,14.7,19.636432305391182
6,25,50,3,8.9,5.408570197283877
3,19,77,0,123.1,78.42522419141487
3,19,77,1,93.15,85.92424754275986
6,42,104,0,55.9,29.154578948841134
6,42,104,1,19.95,19.162669300930972
6,42,104,2,12.2,8.31359064867186
6,42,104,3,9.8,5.772894922781264
6,25,50,0,48.05,19.757676722572523
6,25,50,1,20.1,22.11905584736716
6,25,50,2,11.55,10.753090131140029
6,25,50,3,9.0,5.211323702941711
6,40,50,0,46.0,26.72668684056601
6,40,50,1,18.8,17.41324359881234
6,40,50,2,8.95,4.628004003091569
6,40,50,3,7.45,5.394685493978993
6,43,104,0,50.95,23.504702776924855
6,43,104,1,18.5,17.34024828329502
6,43,104,2,13.6,8.720212455161738
6,43,104,3,13.3,7.760222460186238
6,40,50,0,54.7,28.479170597029974
6,40,50,1,10.15,6.011173806031214
6,40,50,2,9.35,5.431632496676056
6,40,50,3,9.8,5.176871642217914
6,43,104,0,52.4,20.140036063313765
6,43,104,1,17.9,9.781292563384776
6,43,104,2,16.35,15.553896110316742
6,43,104,3,13.95,7.762765378123279
3,19,77,0,87.6,54.078305797193174
3,19,77,1,95.9,85.28336667591721
6,33,50,0,65.4,35.723204901311036
6,33,50,1,20.75,21.831592270208592
6,33,50,2,9.4,5.315320458725641
6,33,50,3,9.85,5.677981479734725
6,42,104,0,56.85,24.437406615786035
6,42,104,1,19.85,15.441826316857732
6,42,104,2,10.1,6.273587070954073
6,42,104,3,13.6,8.702086864050122
6,33,50,0,52.35,25.606896686141738
6,33,50,1,18.7,12.645365283687724
6,33,50,2,12.9,9.705668446840743
6,33,50,3,14.5,11.278764396678808
6,42,104,0,56.6,29.374890817266298
6,42,104,1,15.1,10.517654331246058
6,42,104,2,12.0,5.973626245951097
6,42,104,3,10.55,4.925497570376973
3,11,77,0,92.5,35.97147993092657
3,11,77,1,89.7,94.27959538130803
6,38,50,0,46.55,22.13231740428938
6,38,50,1,10.15,5.163383223797113
6,38,50,2,8.2,4.572227373818448
6,38,50,3,9.3,6.610199455546351
6,38,104,0,46.6,23.36078585556303
6,38,104,1,17.8,16.217599277198506
6,38,104,2,12.9,8.978922687693606
6,38,104,3,9.3,6.027131638638208
6,38,50,0,44.25,20.682754066842108
6,38,50,1,25.1,19.595649356023152
6,38,50,2,12.6,10.429714635042565
6,38,50,3,11.2,10.400404850419601
6,38,104,0,59.75,25.614294939801834
6,38,104,1,13.55,7.2072697217535335
6,38,104,2,11.05,6.0652157509245415
6,38,104,3,10.5,6.716045202192637
6,26,50,0,54.05,23.81612677865236
6,26,50,1,21.55,16.391509355375682
6,26,50,2,12.25,8.515465806092866
6,26,50,3,10.1,7.144375778411848
3,11,77,0,119.9,58.42575135205906
3,11,77,1,71.4,60.9178912445614
6,43,104,0,53.5,25.70377813719835
6,43,104,1,28.7,32.465528277170996
6,43,104,2,15.95,10.908591495745574
6,43,104,3,13.55,9.821967859425063
6,26,50,0,53.4,25.726087517292022
6,26,50,1,23.75,17.84988574340552
6,26,50,2,14.0,15.057783439313475
6,26,50,3,11.25,9.043025809399953
6,43,104,0,50.8,18.173433473356823
6,43,104,1,13.0,8.577817168045787
6,43,104,2,14.3,12.511468423221277
6,43,104,3,12.65,8.658886521341742
6,26,50,0,44.55,27.738392546300002
6,26,50,1,12.15,11.305680919459542
6,26,50,2,12.15,8.021517115989049
6,26,50,3,9.05,8.022829268636109
6,32,104,0,52.15,25.678733777603846
6,32,104,1,12.2,9.428958752582108
6,32,104,2,12.5,8.562463983789025
6,32,104,3,10.2,7.647497010546378
3,12,77,0,122.3,113.84712741678037
3,12,77,1,57.1578947368421,40.13486037777956
6,26,50,0,58.65,26.067271272209286
6,26,50,1,16.8,14.214892116887023
6,26,50,2,11.8,6.978161422760674
6,26,50,3,11.2,9.11101126746035
6,32,104,0,51.25,17.501503694795694
6,32,104,1,12.45,9.185085164204207
6,32,104,2,10.6,11.654680559645058
6,32,104,3,9.95,6.419337562150949
6,34,50,0,48.95,30.71683063420649
6,34,50,1,18.25,13.783571456820006
6,34,50,2,9.85,8.06731547340058
6,34,50,3,8.65,6.393047210179113
6,31,104,0,60.1,25.139400821901273
6,31,104,1,19.15,12.91378292653567
6,31,104,2,12.85,9.488358518122144
6,31,104,3,14.2,10.630640917451283
3,12,77,0,101.55,54.79384809879376
3,12,77,1,61.35,48.25183388933741
6,34,50,0,60.45,30.969382163339123
6,34,50,1,17.65,10.484449637941246
6,34,50,2,12.75,9.9359792778833
6,34,50,3,11.9,7.826406044855286
6,31,104,0,40.3,21.776617107153694
6,31,104,1,16.3,13.298595097939758
6,31,104,2,11.85,10.14772466070467
6,31,104,3,14.65,12.889306052938451
6,38,50,0,60.3,31.26811054160621
6,38,50,1,16.55,14.398373446147897
6,38,50,2,12.95,9.25927699803369
6,38,50,3,9.05,6.168468205316454
6,39,104,0,58.4,33.020567753096586
6,39,104,1,18.25,14.909816617884585
6,39,104,2,11.95,8.075140539757935
6,39,104,3,10.95,6.916608539176591
3,12,77,0,84.4,41.246881859819354
3,12,77,1,53.55,67.26027606873247
6,38,50,0,48.7,18.530486970622793
6,38,50,1,14.05,10.018272778961661
6,38,50,2,9.95,10.091554572225755
6,38,50,3,9.25,6.671818185077951
6,39,104,0,55.95,37.12351361546877
6,39,104,1,16.3,17.708457687901863
6,39,104,2,12.7,9.630543516388503
6,39,104,3,9.65,6.499190232960604
6,32,50,0,50.9,26.946145120259878
6,32,50,1,19.65,17.694111420112858
6,32,50,2,12.6,6.723094525588644
6,32,50,3,16.2,19.066642129784235
3,12,77,0,90.9,61.52697311791498
3,12,77,1,55.3,47.043205225566176
6,29,104,0,68.85,38.56952028139373
6,29,104,1,13.85,10.974971526158964
6,29,104,2,9.3,7.370638764006393
6,29,104,3,9.35,6.753361735968399
6,32,50,0,53.8,18.869635870751104
6,32,50,1,16.35,12.058083115530954
6,32,50,2,11.3,7.739849039735514
6,32,50,3,9.45,5.844250435932288
6,29,104,0,46.6,22.574787986414822
6,29,104,1,16.8,14.028542333400145
6,29,104,2,10.15,6.792216908073224
6,29,104,3,10.0,8.290768487013924
6,47,50,0,61.85,37.86301486591951
6,47,50,1,19.45,20.066927491456394
6,47,50,2,10.9,8.277426500651288
6,47,50,3,13.5,9.643650760992955
6,46,104,0,51.1,22.409819276379718
6,46,104,1,20.75,20.070599078463527
6,46,104,2,15.0,13.206856273601941
6,46,104,3,11.85,7.995228840410155
6,46,104,0,49.05,26.923820406160008
6,46,104,1,15.25,12.060701733970104
6,46,104,2,9.7,6.96683874546147
6,46,104,3,9.15,7.336103942327397
3,2,77,0,103.95,53.10909823927982
3,2,77,1,117.1,83.85695840944989
6,47,50,0,64.9,39.12987820605954
6,47,50,1,17.2,14.31451232693223
6,47,50,2,15.1,17.749425491073165
6,47,50,3,13.15,10.529532403273137
6,24,104,0,47.0,17.280960012319003
6,24,104,1,12.7,8.046574949694598
6,24,104,2,15.4,15.802731276253283
6,24,104,3,8.85,3.6022653691078457
7,21,50,0,66.85,34.33315874593662
7,21,50,1,16.45,15.357065920422771
7,21,50,2,15.75,19.363217979620945
7,21,50,3,30.15,41.59108583642211
6,24,104,0,52.95,20.474567021962688
6,24,104,1,15.1,11.72895652019529
6,24,104,2,16.05,12.93902705200942
6,24,104,3,14.95,13.624571456321885
7,21,50,0,58.95,29.828412806019628
7,21,50,1,11.5,7.535879091666116
7,21,50,2,16.65,15.828937524606468
7,21,50,3,37.35,46.180737611213935
6,41,104,0,56.2,24.32153042276047
6,41,104,1,17.2,17.27669559048592
6,41,104,2,12.45,12.621931622962345
6,41,104,3,14.8,29.191923901185948
3,2,77,0,94.85,47.402281757205245
3,2,77,1,110.85,124.09261185013986
7,23,50,0,51.55,32.24817416292131
7,23,50,1,13.65,8.279810575000779
7,23,50,2,12.15,11.268376803669359
7,23,50,3,8.3,5.611079265730951
6,41,104,0,53.9,23.64852282023018
6,41,104,1,17.15,23.45045168457372
6,41,104,2,13.25,10.150836107642094
6,41,104,3,9.1,9.999473670359382
7,23,50,0,50.85,22.14372906359959
7,23,50,1,16.0,13.35743435812353
7,23,50,2,12.7,10.926067333145127
7,23,50,3,9.45,5.335827267779472
6,33,104,0,54.15,23.934724828825146
6,33,104,1,22.8,16.637307474468336
6,33,104,2,15.05,11.459195342376217
6,33,104,3,14.0,10.992820623623308
3,18,77,0,105.85,62.07404322343811
3,18,77,1,64.45,64.33422188278301
6,33,104,0,52.8,31.60879291389793
6,33,104,1,15.7,12.624537511070299
6,33,104,2,10.8,8.33256136775292
6,33,104,3,11.05,8.152978144922194
7,8,50,0,49.65,25.96409464099058
7,8,50,1,18.75,11.529709906425044
7,8,50,2,14.75,10.73055156280912
7,8,50,3,69.1,56.33630221596391
6,41,104,0,45.85,23.138655285496878
6,41,104,1,17.3,13.471607570231393
6,41,104,2,10.55,6.253209702140763
6,41,104,3,9.1,4.678056276522953
3,18,77,0,86.4,53.45081359235059
3,18,77,1,73.95,68.59375067437956
7,8,50,0,53.4,21.609939233700093
7,8,50,1,21.95,19.677598805160198
7,8,50,2,13.0,6.874820571821264
7,8,50,3,43.65,37.52230915349596
6,41,104,0,61.75,39.53662525863968
6,41,104,1,24.95,14.136459022124688
6,41,104,2,12.55,14.409335424245667
6,41,104,3,10.4,5.528871589450381
6,40,104,0,58.9,27.301243465029977
6,40,104,1,12.5,7.563764030943156
6,40,104,2,11.15,7.407499755759628
6,40,104,3,11.15,11.183987613877637
3,16,77,0,103.35,58.547573998011494
3,16,77,1,53.9,72.18973538347984
7,10,50,0,60.6,31.787783154770903
7,10,50,1,18.65,16.174297349091926
7,10,50,2,13.25,9.101041004655515
7,10,50,3,31.65,28.683894252239952
6,40,104,0,54.5,22.66344146301193
6,40,104,1,18.4,17.816018812175447
6,40,104,2,11.15,6.310183915911768
6,40,104,3,9.75,7.8396764165231625
7,10,50,0,39.65,14.77649271113092
7,10,50,1,17.5,15.066519173319364
7,10,50,2,10.05,7.521722926927958
7,10,50,3,39.25,40.93110385950878
3,16,77,0,94.95,48.54783316753857
3,16,77,1,44.5,48.24117044927278
6,46,104,0,64.05,37.03693036047015
6,46,104,1,18.2,12.82924291157551
6,46,104,2,14.2,10.257731358910652
6,46,104,3,10.75,6.298496061091009
6,46,104,0,47.7,27.263046128606508
6,46,104,1,20.35,20.92914110441279
6,46,104,2,15.2,12.99230541512937
6,46,104,3,12.5,12.534163839598346
7,20,50,0,64.05,33.04617980947268
7,20,50,1,16.25,15.234569415088764
7,20,50,2,11.0,6.988712704293825
7,20,50,3,70.9,68.00224454499936
6,40,104,0,48.45,22.077554689155036
6,40,104,1,20.45,16.791210106543996
6,40,104,2,11.1,5.665221693994443
6,40,104,3,9.85,6.3683014342833
7,20,50,0,55.05,24.160592098007776
7,20,50,1,16.5,14.284699212057191
7,20,50,2,15.85,14.822724374916268
7,20,50,3,62.25,49.91136881354894
6,40,104,0,51.45,15.965340749985822
6,40,104,1,12.5,9.94458329152636
6,40,104,2,17.1,18.987253342010376
6,40,104,3,19.2,26.140511008575825
3,2,77,0,109.7,59.0237240438114
3,2,77,1,162.7,127.01102314366263
7,9,50,0,49.65,28.527502888486953
7,9,50,1,10.75,7.6218177138500165
7,9,50,2,13.4,9.549869109050658
7,9,50,3,41.05,34.54588862734076
7,21,104,0,46.55,22.825366775170398
7,21,104,1,15.6,16.420141675137245
7,21,104,2,10.25,15.120132970732486
7,21,104,3,29.15,33.620599888195116
7,9,50,0,52.1,21.227836739328364
7,9,50,1,14.6,12.81610828523805
7,9,50,2,9.75,5.784507439340835
7,9,50,3,37.9,37.36716825179418
7,21,104,0,57.4,29.113932277031545
7,21,104,1,14.3,15.089557211598533
7,21,104,2,9.15,8.99868411432881
7,21,104,3,36.65,47.52315225234959
7,23,50,0,49.35,17.254366342892364
7,23,50,1,14.9,11.451959152086276
7,23,50,2,7.3,4.8133586042005625
7,23,50,3,8.1,4.711687595755898
7,0,104,0,64.45,27.00774742648175
7,0,104,1,19.15,10.235516082430049
7,0,104,2,14.7,11.27689766968875
7,0,104,3,45.75,34.529735469287154
3,2,77,0,128.15,74.81786656871965
3,2,77,1,117.6,93.56360065977074
7,23,50,0,71.6,24.48286188981569
7,23,50,1,15.0,15.764717434495099
7,23,50,2,11.0,7.0487027548560865
7,23,50,3,9.05,4.430456790041074
7,0,104,0,54.8,23.018528006346266
7,0,104,1,21.2,16.665754360995862
7,0,104,2,14.9,11.252602038265591
7,0,104,3,39.2,27.319936811208425
7,1,50,0,40.35,25.811615092516206
7,1,50,1,16.15,16.287790066892374
7,1,50,2,9.7,8.240464984325504
7,1,50,3,34.35,48.00578364278511
3,12,77,0,79.85,47.29223258800428
3,12,77,1,64.75,61.419073841754944
7,2,104,0,58.7,19.128650322432442
7,2,104,1,18.85,14.978141968952798
7,2,104,2,12.15,6.301837660138259
7,2,104,3,36.0,32.483194035329134
7,1,50,0,47.85,16.448564167060137
7,1,50,1,13.8,9.704041480364333
7,1,50,2,20.2,33.12591607472122
7,1,50,3,50.5,47.96105876536439
7,9,50,0,56.05,28.32606201846074
7,9,50,1,20.95,21.082482126912357
7,9,50,2,14.4,8.792341164780558
7,9,50,3,37.0,23.9539030991655
3,12,77,0,110.05,60.91622806859649
3,12,77,1,75.55,63.36234561713498
7,2,104,0,48.4,25.37798465724097
7,2,104,1,18.15,10.854419424945377
7,2,104,2,8.6,4.638511557998342
7,2,104,3,67.55,49.92043669680785
7,9,50,0,54.75,34.85892621470296
7,9,50,1,20.6,29.38205682313433
7,9,50,2,14.7,14.131338819874967
7,9,50,3,27.6,38.18569586142241
7,11,104,0,67.75,21.9757641625113
7,11,104,1,19.9,16.776863768140245
7,11,104,2,9.95,6.668661982105476
7,11,104,3,30.2,25.687596843203288
3,12,77,0,105.3,68.33054337479497
3,12,77,1,59.9,59.34014350824362
7,11,50,0,39.5,17.200061199401524
7,11,50,1,19.95,15.530869091484936
7,11,50,2,12.55,7.514722392183157
7,11,50,3,30.75,38.60443797776296
7,11,104,0,59.5,28.057272253656258
7,11,104,1,13.5,9.789898123226711
7,11,104,2,11.9,6.025384897074604
7,11,104,3,25.45,27.62050153895034
7,11,50,0,57.7,21.966721241579574
7,11,50,1,17.9,20.455085585638344
7,11,50,2,11.8,6.444908230941939
7,11,50,3,42.7,44.236327057961624
7,20,104,0,46.2,19.95415798906663
7,20,104,1,13.55,9.69250931607008
7,20,104,2,12.45,7.8033393661404915
7,20,104,3,52.05,48.428433361969674
3,12,77,0,139.0,77.21807805784451
3,12,77,1,45.9,42.1699568787768
7,15,50,0,44.8,23.05508278244221
7,15,50,1,18.95,22.935779908256883
7,15,50,2,10.9,5.739062824648564
7,15,50,3,39.6,62.49749468662934
7,15,50,0,45.05,19.465151046502513
7,15,50,1,12.05,8.159431094719391
7,15,50,2,11.35,12.30436379586741
7,15,50,3,26.9,40.07742506698752
7,20,104,0,60.85,28.928723660603815
7,20,104,1,16.85,11.136828425023934
7,20,104,2,15.55,10.610198668708975
7,20,104,3,61.8,62.708683189558535
4,42,77,0,82.8,64.47569921663266
4,42,77,1,66.65,90.931017810206
4,42,77,2,24.2,19.627049004666468
7,20,104,0,56.35,23.611493632952307
7,20,104,1,25.55,18.129577461909264
7,20,104,2,14.2,9.714882776874926
7,20,104,3,42.15,43.89254222710157
7,20,50,0,52.6,24.758624228422114
7,20,50,1,20.15,19.11536995250295
7,20,50,2,15.15,10.47942846975118
7,20,50,3,63.35,70.08887215528581
4,42,77,0,80.0,72.63173150250951
4,42,77,1,29.95,34.093486027006456
4,42,77,2,20.4,16.184462984766075
7,20,104,0,52.45,24.009811590922133
7,20,104,1,25.75,19.092227682874956
7,20,104,2,10.8,6.833354728250631
7,20,104,3,61.55,79.94239702501584
7,20,50,0,54.8,25.808199431474037
7,20,50,1,17.2,12.792267401174737
7,20,50,2,14.1,15.801065920074075
7,20,50,3,60.15,56.25812222061339
4,27,77,0,87.0,60.87260208181121
4,27,77,1,32.8,30.858932000484504
4,27,77,2,21.85,21.021980977313397
7,6,50,0,51.9,20.960865791680508
7,6,50,1,14.55,12.462469975680456
7,6,50,2,9.25,4.9190820709816006
7,6,50,3,32.45,34.755499375524806
7,5,104,0,52.55,24.483023119145876
7,5,104,1,24.8,18.599943406818262
7,5,104,2,17.05,11.339149694288091
7,5,104,3,25.35,32.67749104586568
4,27,77,0,99.35,55.55488040525427
4,27,77,1,28.15,19.751815372930047
4,27,77,2,19.95,14.947187730560943
7,6,50,0,46.4,23.342754990067384
7,6,50,1,17.5,13.028309257354277
7,6,50,2,12.2,8.73950498417508
7,6,50,3,25.7,29.72877394040999
7,5,104,0,59.7,29.38331069448133
7,5,104,1,15.2,15.62925731474552
7,5,104,2,19.6,15.219101571103957
7,5,104,3,28.65,22.859467691919136
7,1,50,0,49.1,35.350723955960596
7,1,50,1,10.55,9.472814287544953
7,1,50,2,6.25,3.781882015471578
7,1,50,3,27.4,33.29200947279756
7,14,104,0,55.25,25.509286234830764
7,14,104,1,11.3,7.049449399925165
7,14,104,2,11.55,9.69793792514677
7,14,104,3,16.05,13.967914360381345
4,26,77,0,113.3,69.47403907405382
4,26,77,1,45.9,33.37017262545448
4,26,77,2,32.2,25.4364015992001
7,1,50,0,59.3,35.02645616643151
7,1,50,1,20.05,20.05643353928583
7,1,50,2,15.85,16.560177344588148
7,1,50,3,41.2,36.194794624292825
7,14,104,0,66.6,39.31304859043221
7,14,104,1,17.5,13.640111127807844
7,14,104,2,10.3,7.780542532835558
7,14,104,3,30.8,33.69147947884872
7,15,50,0,68.1,37.94441918607294
7,15,50,1,13.15,9.71312188959375
7,15,50,2,11.6,10.101589244428716
7,15,50,3,19.85,23.36500982688701
7,15,104,0,61.85,32.842967684358086
7,15,104,1,16.65,16.81564121506177
7,15,104,2,13.9,8.497058314499201
7,15,104,3,19.0,19.450341628713986
4,26,77,0,106.1,61.99057653343263
4,26,77,1,29.6,18.70097098520485
4,26,77,2,21.35,17.517735373945428
7,15,104,0,40.5,20.932221447730818
7,15,104,1,11.25,9.152940281104957
7,15,104,2,9.0,7.276494239745719
7,15,104,3,19.5,21.338129943218647
7,15,50,0,42.65,29.439098598900568
7,15,50,1,18.55,21.646623657962774
7,15,50,2,13.45,10.908591495745572
7,15,50,3,23.8,28.53916975888254
4,39,77,0,93.75,57.424435473704776
4,39,77,1,30.35,24.841126764850433
4,39,77,2,26.45,18.19622575093383
7,10,104,0,48.25,18.472953201911164
7,10,104,1,15.7,8.730466919448178
7,10,104,2,18.55,16.953419155221507
7,10,104,3,35.25,32.94952279823759
7,5,50,0,66.6,31.951278699393484
7,5,50,1,17.15,15.758957352632988
7,5,50,2,7.85,4.0688159405279976
7,5,50,3,41.7,48.20144134119249
7,10,104,0,36.5,13.930277512632237
7,10,104,1,15.95,14.36910062013552
7,10,104,2,10.35,7.478213971967258
7,10,104,3,40.35,56.81481923064199
4,39,77,0,111.8,104.14847700834562
4,39,77,1,32.35,23.778085886400795
4,39,77,2,28.105263157894736,19.87990257309601
7,5,50,0,67.45,34.190603510629245
7,5,50,1,18.85,13.754520787917809
7,5,50,2,12.95,15.866134076274404
7,5,50,3,51.45,66.7709951211878
7,12,104,0,66.4,29.59089475888789
7,12,104,1,13.85,8.43722952782862
7,12,104,2,15.0,12.839085063319656
7,12,104,3,47.35,55.15554560083977
7,13,50,0,48.7,26.27406165383406
7,13,50,1,14.6,9.949345389733464
7,13,50,2,14.95,16.93167383773289
7,13,50,3,16.3,19.566620341258407
4,44,77,0,85.65,59.8175075586263
4,44,77,1,27.6,21.941069397725112
4,44,77,2,21.9,16.444163898349753
7,12,104,0,57.85,29.654634855635177
7,12,104,1,9.0,6.026258331144145
7,12,104,2,9.95,9.522687590558057
7,12,104,3,18.95,22.518939397292836
7,13,50,0,47.2,22.737865474045478
7,13,50,1,16.8,11.014822549159549
7,13,50,2,11.65,7.428784699078521
7,13,50,3,20.1,29.518771904278847
7,16,104,0,69.0,30.729721597724964
7,16,104,1,18.1,16.39929395142557
7,16,104,2,14.35,10.594313271005841
7,16,104,3,30.5,29.60529824559324
7,19,50,0,48.05,25.590859799216556
7,19,50,1,15.25,11.073320236163658
7,19,50,2,9.85,7.4358661407503766
7,19,50,3,44.5,54.30566511109034
4,44,77,0,120.25,51.7502860403994
4,44,77,1,37.8,28.207128624926675
4,44,77,2,33.05,22.404123210741933
7,16,104,0,52.8,24.826980230556053
7,16,104,1,21.25,21.125875877202045
7,16,104,2,11.7,7.108926930645944
7,16,104,3,19.5,22.3759739570441
7,19,50,0,56.65,19.34527005973839
7,19,50,1,14.65,10.534529689999156
7,19,50,2,10.6,6.628487165655762
7,19,50,3,40.65,40.84408737729625
7,4,104,0,46.6,20.205262472409196
7,4,104,1,16.1,14.197479390815525
7,4,104,2,11.8,11.381425310797553
7,4,104,3,29.85,40.039815710181074
4,25,77,0,99.0,64.37227255336113
4,25,77,1,31.65,26.70949959136361
4,25,77,2,22.75,28.27659437544918
7,20,50,0,52.8,22.01339305250807
7,20,50,1,19.7,12.418576916522237
7,20,50,2,12.3,9.285529205789993
7,20,50,3,45.85,35.08677213633891
7,4,104,0,53.9,24.2072194537954
7,4,104,1,16.8,13.044861864068611
7,4,104,2,11.85,8.080353040750008
7,4,104,3,26.1,28.31012465346518
4,25,77,0,87.55,46.425350379881216
4,25,77,1,25.8,22.14212465438957
4,25,77,2,29.7,39.61937325150544
7,20,50,0,45.55,25.297129023707516
7,20,50,1,24.5,23.43524111921594
7,20,50,2,11.95,8.51917342172782
7,20,50,3,50.9,49.59509738079487
7,19,104,0,63.4,24.701161276771032
7,19,104,1,16.1,11.836162251426991
7,19,104,2,15.5,18.813489001805397
7,19,104,3,30.0,35.379149375392224
7,11,50,0,55.45,26.884695313602926
7,11,50,1,14.55,12.054590739412797
7,11,50,2,14.0,14.68619115108869
7,11,50,3,22.3,24.508000841830366
7,19,104,0,55.55,26.23672596711877
7,19,104,1,13.8,13.355858166678061
7,19,104,2,15.5,10.723805294763608
7,19,104,3,41.25,42.98699313684743
4,36,77,0,116.05,69.59013466077835
4,36,77,1,45.1,32.72999589946426
4,36,77,2,28.2,22.2014698422851
7,11,50,0,51.05,25.832405189891567
7,11,50,1,20.45,18.00723538791531
7,11,50,2,14.8,9.860073662583812
7,11,50,3,33.05,36.09559675726608
7,9,104,0,58.0,29.082459897405695
7,9,104,1,16.45,13.347481528659058
7,9,104,2,14.15,16.22303430635783
7,9,104,3,30.3,24.868284600015507
8,29,50,0,57.35,22.40835135672225
8,29,50,1,17.9,10.093770877442967
8,29,50,2,12.6,9.405485521478242
8,29,50,3,12.85,12.84431063893558
8,29,50,4,10.0,6.920602346769049
4,36,77,0,82.65,63.62660400211617
4,36,77,1,32.8,33.393349479704554
4,36,77,2,21.0,19.6468827043885
7,9,104,0,60.0,29.575950400710084
7,9,104,1,15.6,8.851999476775973
7,9,104,2,17.55,18.73492376341715
7,9,104,3,22.0,15.627236682017378
8,29,50,0,50.25,23.146842458302462
8,29,50,1,17.2,8.865070427481697
8,29,50,2,16.75,8.415993546125202
8,29,50,3,9.15,7.110222440816794
8,29,50,4,9.85,6.714281714924422
7,3,104,0,53.55,30.92176035024356
7,3,104,1,17.65,15.93498303138495
7,3,104,2,7.8,5.001052520798944
7,3,104,3,38.6,59.15759505449473
4,41,77,0,98.55,48.4175642336104
4,41,77,1,38.7,31.051909001405676
4,41,77,2,25.95,25.627852857882242
8,34,50,0,58.25,28.20764174176173
8,34,50,1,15.05,14.221832734067345
8,34,50,2,11.35,6.243101455965111
8,34,50,3,11.35,6.722115894959202
8,34,50,4,8.2,5.257575987387904
7,3,104,0,53.35,24.836888948328028
7,3,104,1,12.55,10.075896198876123
7,3,104,2,10.55,10.540523306693428
7,3,104,3,34.35,45.073361254036094
8,34,50,0,54.05,34.77820702984164
8,34,50,1,14.65,10.663637179440082
8,34,50,2,14.85,12.753843589906122
8,34,50,3,15.4,11.896040915938553
8,34,50,4,10.25,9.295584690423842
4,41,77,0,111.8,77.13255848827632
4,41,77,1,31.05,27.90675262557905
4,41,77,2,29.15,32.14813574033411
8,43,50,0,52.5,34.71007740821404
8,43,50,1,23.1,21.62089632496157
8,43,50,2,12.8,14.972255042331854
8,43,50,3,10.55,7.111702734892234
8,43,50,4,9.6,5.538382815454916
7,22,104,0,52.1,23.361912322590825
7,22,104,1,19.4,17.144586378949572
7,22,104,2,14.45,10.338863828446428
7,22,104,3,53.15,47.66470060968102
8,43,50,0,53.55,22.79998845798415
8,43,50,1,18.05,13.628433898519514
8,43,50,2,12.7,9.364546803882464
8,43,50,3,13.45,13.655440404160494
8,43,50,4,11.0,7.967037354658651
4,37,77,0,96.45,50.32157118290117
4,37,77,1,34.15,30.180640361522798
4,37,77,2,19.7,14.596683112773835
7,22,104,0,44.95,28.876278736779962
7,22,104,1,14.3,17.87706557811462
7,22,104,2,13.1,8.920113286984172
7,22,104,3,41.1,40.16793693849283
8,39,50,0,55.7,35.113500177806856
8,39,50,1,12.35,8.67103466174961
8,39,50,2,13.25,10.19739388791387
8,39,50,3,9.25,6.919651649278916
8,39,50,4,14.55,13.208749094126171
7,1,104,0,52.2,30.278705388440898
7,1,104,1,17.95,13.76293649816897
7,1,104,2,13.05,8.76881435903155
7,1,104,3,39.95,45.012834427059744
4,37,77,0,88.4,60.09326085344346
4,37,77,1,37.25,23.819220456553456
4,37,77,2,27.3,19.67124537839031
8,39,50,0,45.85,23.589192440607203
8,39,50,1,13.35,10.599280015270153
8,39,50,2,10.15,5.163383223797114
8,39,50,3,7.65,4.0688159405279976
8,39,50,4,7.1,4.27846504694087
8,31,50,0,57.05,34.72974608542214
8,31,50,1,15.05,12.420166114661649
8,31,50,2,12.6,9.016943116039645
8,31,50,3,9.65,5.612720514950603
8,31,50,4,9.25,7.656266783010606
7,1,104,0,48.6,27.250108642950977
7,1,104,1,16.15,14.335362973393709
7,1,104,2,11.65,7.855772265967037
7,1,104,3,56.45,65.92218299272496
4,42,77,0,111.3,74.23086320818032
4,42,77,1,36.05,36.059125423612116
4,42,77,2,24.95,36.051826729394946
8,31,50,0,50.5,24.69498137806866
8,31,50,1,15.0,11.724917236830558
8,31,50,2,9.95,6.082546211994829
8,31,50,3,11.5,8.5193278706962
8,31,50,4,9.0,9.02627742818302
7,7,104,0,57.45,26.829824331967043
7,7,104,1,10.1,10.381663998050653
7,7,104,2,13.95,9.139129291706421
7,7,104,3,28.15,32.11209806451866
8,29,50,0,59.0,28.663198484614746
8,29,50,1,22.85,25.53691857931015
8,29,50,2,10.3,5.322247249938101
8,29,50,3,10.7,6.457146184043324
8,29,50,4,9.9,6.536536987539631
7,7,104,0,49.1,20.380331075251014
7,7,104,1,12.8,9.600438586472578
7,7,104,2,11.5,9.896836283431824
7,7,104,3,38.2,40.16361275425412
4,42,77,0,86.35,68.27828120427846
4,42,77,1,48.45,64.64597923752835
4,42,77,2,22.1,15.039946808416579
8,29,50,0,64.7,27.47074999455162
8,29,50,1,18.35,9.943392410620177
8,29,50,2,15.6,10.11200433044544
8,29,50,3,14.55,13.108755611583065
8,29,50,4,12.1,7.397723689721973
7,1,104,0,49.4,35.68487811827006
7,1,104,1,15.45,15.699396569027073
7,1,104,2,14.6,12.500105262714685
7,1,104,3,39.25,51.39718915107692
8,42,50,0,51.95,28.934545006563383
8,42,50,1,14.5,12.128695855610147
8,42,50,2,9.95,7.625959818796237
8,42,50,3,12.0,10.372027158102751
8,42,50,4,11.75,13.916574744942771
4,24,77,0,119.95,81.42124060128677
4,24,77,1,36.55,23.336158976778368
4,24,77,2,32.6,26.90803049766292
7,1,104,0,59.25,26.867854007109845
7,1,104,1,19.35,16.68051179323376
7,1,104,2,14.35,15.479273068747194
7,1,104,3,44.75,60.82492131216923
8,42,50,0,63.0,21.078799526388693
8,42,50,1,16.3,15.468473881108192
8,42,50,2,12.35,8.664962720483478
8,42,50,3,6.95,3.3791154245795716
8,42,50,4,8.85,7.485248651075063
8,25,104,0,54.9,24.061106418975484
8,25,104,1,12.35,7.102816342831906
8,25,104,2,16.55,16.093395180043665
8,25,104,3,9.3,6.513952636254612
8,25,104,4,8.65,7.596917657493521
8,26,50,0,59.65,35.41821565240124
8,26,50,1,18.15,18.1522073472883
8,26,50,2,13.1,9.41946472945643
8,26,50,3,9.85,5.294237184752969
8,26,50,4,9.9,6.051533081094322
4,24,77,0,107.1,66.10350735180793
4,24,77,1,36.5,35.802822587935125
4,24,77,2,24.05,17.44004768221391
8,25,104,0,42.9,23.346136838097173
8,25,104,1,19.4,22.52343808475728
8,25,104,2,8.1,6.995487267178974
8,25,104,3,8.75,8.058176625410725
8,25,104,4,6.2,4.175114243630756
8,26,50,0,53.05,25.49607812978302
8,26,50,1,17.6,14.500090743817687
8,26,50,2,15.6,13.015779896563611
8,26,50,3,9.9,11.035349897870073
8,26,50,4,8.6,4.694902050432777
8,40,104,0,58.05,27.279209357272336
8,40,104,1,15.7,13.115278354491355
8,40,104,2,10.9,7.354912429261496
8,40,104,3,11.9,8.937796737804891
8,40,104,4,8.35,6.643358377079757
8,41,50,0,45.05,15.4083880095431
8,41,50,1,12.4,10.965976088745926
8,41,50,2,7.65,4.380278770268299
8,41,50,3,8.05,5.062504061076995
8,41,50,4,6.35,2.942877217246665
4,47,77,0,90.35,51.22424898630068
4,47,77,1,36.6,48.610590139230055
4,47,77,2,31.1,38.99649107021648
8,40,104,0,59.35,22.18884262060789
8,40,104,1,13.9,10.14577952181414
8,40,104,2,11.35,8.412240455056203
8,40,104,3,9.85,10.017222012220019
8,40,104,4,6.35,3.4984959174208745
8,41,50,0,58.6,20.417742542365346
8,41,50,1,15.8,12.124789743158003
8,41,50,2,11.0,6.18146635643918
8,41,50,3,10.9,5.937392658309484
8,41,50,4,9.2,5.217379862687682
8,42,104,0,48.0,21.128678440252216
8,42,104,1,13.75,10.612182671469219
8,42,104,2,15.9,21.537971365156835
8,42,104,3,10.15,9.642422713689422
8,42,104,4,7.85,6.158220864058572
4,47,77,0,72.2,38.38530420548167
4,47,77,1,31.05,25.911742918079273
4,47,77,2,22.95,25.68119320067754
8,34,50,0,55.95,24.05798915340314
8,34,50,1,12.85,11.150997123221995
8,34,50,2,11.05,7.096885899722793
8,34,50,3,9.25,8.558621384311847
8,34,50,4,9.2,6.970615014775277
8,42,104,0,53.85,27.879958846152515
8,42,104,1,20.35,14.283870181726696
8,42,104,2,12.2,8.721419488520022
8,42,104,3,11.5,10.216086386314064
8,42,104,4,9.45,4.784569496115393
8,34,50,0,54.9,24.05673119502052
8,34,50,1,17.9,15.576297783221111
8,34,50,2,12.7,13.183322798141598
8,34,50,3,10.45,8.165878945182106
8,34,50,4,11.35,12.079887590972291
4,33,77,0,91.1,54.85377691741256
4,33,77,1,49.45,50.93905026701286
4,33,77,2,24.25,18.643116409916132
8,29,104,0,50.2,26.00323866468621
8,29,104,1,18.45,13.433951489847615
8,29,104,2,18.85,19.762471079242463
8,29,104,3,12.75,9.158688713313081
8,29,104,4,11.5,6.778448821157584
8,43,50,0,57.35,23.595885011452403
8,43,50,1,12.6,7.199415180927436
8,43,50,2,6.55,4.762518130922802
8,43,50,3,10.35,7.278483069257884
8,43,50,4,8.15,6.922693421676732
8,29,104,0,48.1,22.107155307489784
8,29,104,1,10.45,7.423114681786034
8,29,104,2,12.65,6.515366451704769
8,29,104,3,11.4,5.5383828154549155
8,29,104,4,8.3,5.00631180558471
4,33,77,0,84.25,47.501662020784515
4,33,77,1,28.1,21.606285635142573
4,33,77,2,20.15,11.56799122806685
8,43,50,0,49.1,32.6639991750132
8,43,50,1,20.35,15.835586173984346
8,43,50,2,11.2,6.4203623442590025
8,43,50,3,12.05,7.890533968990279
8,43,50,4,8.85,4.428080254110363
8,33,104,0,49.0,24.307243884553383
8,33,104,1,15.7,11.036303729057117
8,33,104,2,12.25,9.541460773079272
8,33,104,3,11.45,9.058145505565696
8,33,104,4,8.65,5.132712425424325
8,46,50,0,54.15,26.733135362612995
8,46,50,1,17.75,13.110361510933572
8,46,50,2,12.75,10.617141056354404
8,46,50,3,8.65,4.392277912787156
8,46,50,4,9.1,6.1121104977611544
8,33,104,0,54.6,29.046967411237162
8,33,104,1,21.35,20.614953693604882
8,33,104,2,11.25,8.478300475175931
8,33,104,3,10.5,8.191780219091251
8,33,104,4,9.25,6.033895486072169
4,40,77,0,98.95,62.768140594446564
4,40,77,1,45.95,47.027959209053726
4,40,77,2,34.45,31.189530969626055
8,46,50,0,51.8,27.34881889107539
8,46,50,1,19.75,22.142778316619335
8,46,50,2,12.95,11.380847253633023
8,46,50,3,12.2,8.250039872311941
8,46,50,4,9.35,5.254321529640349
8,41,104,0,57.05,29.23673788412899
8,41,104,1,24.35,13.89916695724111
8,41,104,2,12.4,10.738028830185488
8,41,104,3,9.95,5.871205381485045
8,41,104,4,11.45,6.916608539176591
8,30,50,0,41.2,17.307132694506713
8,30,50,1,13.5,10.354251605779602
8,30,50,2,10.6,5.734475610403778
8,30,50,3,10.1,8.674827466811509
8,30,50,4,9.95,10.028774391194254
8,41,104,0,55.7,27.902273063413006
8,41,104,1,19.55,15.353638348167374
8,41,104,2,11.5,4.67355381515586
8,41,104,3,10.85,6.4829736516833885
8,41,104,4,8.7,4.824280693588042
8,30,50,0,47.45,17.13253291870546
8,30,50,1,16.95,14.277236206080312
8,30,50,2,9.05,4.806519695054559
8,30,50,3,8.75,5.03540099276063
8,30,50,4,6.4,2.9091507170885533
4,40,77,0,128.65,95.32894573389996
4,40,77,1,31.45,20.696999528281488
4,40,77,2,28.3,23.434342769803294
8,28,104,0,49.0,21.985641247246612
8,28,104,1,16.05,11.627892962047856
8,28,104,2,13.05,7.39469938181184
8,28,104,3,14.9,16.221817666989498
8,28,104,4,10.0,7.6777189594991455
8,47,50,0,54.75,19.376803820955335
8,47,50,1,20.45,18.11796142825648
8,47,50,2,13.5,8.976577709150689
8,47,50,3,8.85,4.826189517948698
8,47,50,4,8.85,4.295346318982906
8,47,50,0,42.6,19.768129586999905
8,47,50,1,11.75,9.914768357301515
8,47,50,2,10.55,10.153946601147132
8,47,50,3,8.6,6.831814122949066
8,47,50,4,6.55,5.452908446537113
8,28,104,0,60.35,30.39091796469534
8,28,104,1,17.6,14.390786526180745
8,28,104,2,12.1,6.5284801165033
8,28,104,3,10.2,5.680993241549079
8,28,104,4,7.95,4.784569496115393
8,34,104,0,49.05,31.87223672232952
8,34,104,1,13.9,9.397088014799838
8,34,104,2,11.25,7.979414303793163
8,34,104,3,8.15,4.556949579892696
8,34,104,4,7.75,5.456767888546634
8,26,50,0,52.8,26.454727962671384
8,26,50,1,21.05,22.39472447275309
8,26,50,2,15.45,14.434880999637102
8,26,50,3,9.15,6.011173806031214
8,26,50,4,11.05,10.455293295490893
4,26,77,0,123.6,77.36067272335812
4,26,77,1,58.05,53.79637534258232
4,26,77,2,32.15,31.392716218558526
8,34,104,0,61.35,33.50769746601047
8,34,104,1,20.55,19.285868838144296
8,34,104,2,10.0,4.812265031857878
8,34,104,3,11.4,8.846051750863058
8,34,104,4,8.5,5.206271521722119
8,26,50,0,59.25,27.310832630063995
8,26,50,1,17.35,15.882048787364008
8,26,50,2,19.75,15.870777515527347
8,26,50,3,15.35,8.99283340397113
8,26,50,4,15.65,8.821474993028751
4,26,77,0,107.25,48.98966056327868
4,26,77,1,38.6,24.679844749149158
4,26,77,2,27.15,13.53076416716249
8,45,104,0,51.0,25.074625462910966
8,45,104,1,15.0,24.53568829277059
8,45,104,2,9.1,6.648308055437864
8,45,104,3,8.35,6.037383539249432
8,45,104,4,6.45,4.110000640286798
8,29,50,0,49.05,35.44822020623142
8,29,50,1,14.8,12.95579528932699
8,29,50,2,15.8,14.511701267742888
8,29,50,3,13.0,14.363696929192157
8,29,50,4,10.35,7.220402379806528
8,45,104,0,47.0,26.201647196111043
8,45,104,1,11.2,6.825648224470005
8,45,104,2,15.25,17.259246187112822
8,45,104,3,8.35,5.333854141237835
8,45,104,4,8.4,5.697644942845846
8,29,50,0,50.9,15.344808825617113
8,29,50,1,15.3,10.940508984599632
8,29,50,2,15.05,15.524089938577806
8,29,50,3,9.9,8.391098039934313
8,29,50,4,9.55,7.937088157570926
4,30,77,0,79.75,41.46383966783587
4,30,77,1,50.0,55.747551279712816
4,30,77,2,22.85,14.120813305934352
8,46,104,0,53.0,19.85738626994208
8,46,104,1,24.4,20.929455445929737
8,46,104,2,15.45,12.373464817056998
8,46,104,3,14.9,9.59111430878657
8,46,104,4,11.25,5.664989431866391
8,38,50,0,58.8,27.61692844691649
8,38,50,1,12.4,12.906138890180578
8,38,50,2,14.0,18.965342351940706
8,38,50,3,7.05,3.6631163034541476
8,38,50,4,11.2,11.255875658610718
8,46,104,0,48.75,16.695019742741437
8,46,104,1,16.75,11.840496966810669
8,46,104,2,10.3,6.728572226745159
8,46,104,3,10.2,5.763770695610552
8,46,104,4,11.3,7.349185418520168
4,30,77,0,81.2,39.65588825993197
4,30,77,1,42.6,52.84575370084645
4,30,77,2,19.65,11.347501463920779
8,38,50,0,44.35,26.697673858853026
8,38,50,1,13.1,8.497058314499201
8,38,50,2,9.0,6.488856845230502
8,38,50,3,7.25,4.908370937812045
8,38,50,4,7.1,4.050990781992656
8,32,104,0,43.8,23.25058007199413
8,32,104,1,11.7,8.796530416500646
8,32,104,2,9.6,6.3195602778407896
8,32,104,3,7.4,4.8384425506343955
8,32,104,4,8.05,7.910519312249588
8,32,50,0,52.0,22.280508356668594
8,32,50,1,20.6,16.096420000798478
8,32,50,2,11.15,5.760802210218917
8,32,50,3,9.65,4.682273401941231
8,32,50,4,9.05,4.465953072089457
4,43,77,0,83.05,39.07950735023206
4,43,77,1,38.95,31.486797567435012
4,43,77,2,29.5,18.664630214730522
8,32,104,0,54.1,27.523960853275305
8,32,104,1,19.05,12.197821203201133
8,32,104,2,11.85,8.517937729162778
8,32,104,3,13.65,13.914305399007244
8,32,104,4,12.3,7.8679897787106166
8,32,50,0,47.0,18.44764997157319
8,32,50,1,19.65,18.528143600025285
8,32,50,2,14.65,9.337389469507158
8,32,50,3,12.9,8.26469982261272
8,32,50,4,11.25,9.732609321786544
8,36,104,0,53.9,36.92367661456321
8,36,104,1,16.35,12.570956501731324
8,36,104,2,12.35,14.053562949620547
8,36,104,3,12.35,11.868911181383865
8,36,104,4,12.05,9.411499125509902
8,30,50,0,42.85,19.89518587630263
8,30,50,1,19.25,18.415882733176414
8,30,50,2,13.15,9.874342083346484
8,30,50,3,12.75,11.924653807178329
8,30,50,4,9.6,8.22320209113086
4,43,77,0,100.55,46.38338518319499
4,43,77,1,44.95,34.135141639325916
4,43,77,2,35.5,40.36739173874717
8,36,104,0,50.7,26.549060841750077
8,36,104,1,19.4,15.288110275291503
8,36,104,2,13.5,15.00701590309644
8,36,104,3,11.5,16.55771405529284
8,36,104,4,10.6,10.01787875434925
8,30,50,0,52.85,21.880717297970012
8,30,50,1,14.35,9.783310170629205
8,30,50,2,12.6,9.098293651472293
8,30,50,3,11.85,9.576698694995935
8,30,50,4,9.15,5.733328233371865
8,25,104,0,45.0,20.201615360111543
8,25,104,1,15.85,14.904167555630735
8,25,104,2,11.9,9.112744112678568
8,25,104,3,9.1,6.536536987539631
8,25,104,4,7.7,5.526015029409816
8,26,50,0,56.75,28.528609832015448
8,26,50,1,23.6,19.532429174930705
8,26,50,2,10.7,4.856899595854388
8,26,50,3,11.2,7.661249039295438
8,26,50,4,7.8,3.99473337493782
4,43,77,0,91.9,43.89089343264488
4,43,77,1,36.4,42.589101645225725
4,43,77,2,23.05,15.971932618783097
8,25,104,0,43.55,21.05000312539044
8,25,104,1,12.6,12.253463527552226
8,25,104,2,12.75,11.196216466194942
8,25,104,3,10.15,11.490384996527357
8,25,104,4,8.85,5.3633748212934185
8,26,50,0,50.35,24.17975447178464
8,26,50,1,21.85,18.405591255748462
8,26,50,2,16.05,14.431234400278774
8,26,50,3,12.9,7.785952262349093
8,26,50,4,12.2,7.944544636018115
8,42,104,0,49.9,16.622432528300266
8,42,104,1,16.85,13.382136561377948
8,42,104,2,12.2,8.127924574867611
8,42,104,3,9.4,9.241781555294924
8,42,104,4,8.2,5.482988044372962
8,42,104,0,49.7,20.690959124063923
8,42,104,1,15.6,10.028380779200178
8,42,104,2,8.65,4.901933023657203
8,42,104,3,8.15,5.234249556627256
8,42,104,4,7.5,4.729526514634586
4,43,77,0,131.45,74.61866212176486
4,43,77,1,39.95,29.225934769616774
4,43,77,2,27.4,23.88657407525473
9,10,50,0,57.1,25.702549535631263
9,10,50,1,13.8,11.076765630909831
9,10,50,2,12.6,12.558913798154427
9,10,50,3,11.15,13.051618169487845
9,10,50,4,39.85,44.93653419282753
8,40,104,0,47.45,23.99665546871502
8,40,104,1,10.95,7.970174666249561
8,40,104,2,8.6,5.205260497045778
8,40,104,3,9.7,8.124686228759206
8,40,104,4,8.85,4.944694126030447
8,40,104,0,45.25,32.92075812902056
8,40,104,1,15.0,15.106638484977042
8,40,104,2,10.95,10.69419419468733
8,40,104,3,9.45,6.244787299904828
8,40,104,4,6.2,3.6070107174486563
9,10,50,0,50.1,24.361099275170996
9,10,50,1,16.0,12.307464572791844
9,10,50,2,17.95,15.055948291202665
9,10,50,3,11.55,6.747124143701991
9,10,50,4,53.4,50.98751137081975
4,44,77,0,100.15,60.27504938983765
4,44,77,1,39.35,27.57053156045991
4,44,77,2,32.75,31.301378816107665
8,36,104,0,54.8,23.043665644072117
8,36,104,1,18.65,14.535890246667313
8,36,104,2,14.25,8.038558393930566
8,36,104,3,12.5,9.439558419645207
8,36,104,4,10.5,5.306401298134368
9,15,50,0,46.65,27.20540774416579
9,15,50,1,13.2,7.178916499393425
9,15,50,2,9.05,5.375137697134641
9,15,50,3,9.35,6.106726231227162
9,15,50,4,17.55,19.605249028606707
8,36,104,0,62.0,31.424094007791634
8,36,104,1,14.9,12.203968293357006
8,36,104,2,11.05,5.968998858135345
8,36,104,3,7.8,4.883915599081066
8,36,104,4,9.6,5.557356433261753
9,15,50,0,44.25,22.726925834673217
9,15,50,1,17.35,17.750537427001145
9,15,50,2,13.9,11.809452057345288
9,15,50,3,11.8,11.560367868850795
9,15,50,4,41.5,38.866167129888446
4,44,77,0,98.7,46.73677690844196
4,44,77,1,44.7,46.94576938508831
4,44,77,2,38.65,34.42654269753591
8,43,104,0,53.35,21.641273919113573
8,43,104,1,17.65,12.799157044611631
8,43,104,2,18.85,21.02448447330923
8,43,104,3,15.85,12.550005242188044
8,43,104,4,14.05,9.483919909093775
9,16,50,0,54.15,27.76646026755073
9,16,50,1,18.25,16.091432830121615
9,16,50,2,11.7,8.541539365760839
9,16,50,3,8.35,6.722115894959202
9,16,50,4,14.4,15.675659979390778
8,43,104,0,55.7,19.279386319126065
8,43,104,1,16.3,11.416055176350266
8,43,104,2,14.8,10.48608099991804
8,43,104,3,12.8,8.829376803424015
8,43,104,4,9.45,8.864328276269651
4,28,77,0,108.0,63.019629356340445
4,28,77,1,52.85,64.69302004161858
4,28,77,2,26.157894736842106,19.746344690979413
9,16,50,0,54.15,33.34709803518773
9,16,50,1,15.2,10.369997208546545
9,16,50,2,15.65,11.599795823974434
9,16,50,3,10.45,6.816967994026299
9,16,50,4,41.15,42.217824871043575
8,33,104,0,56.1,24.15716086489949
8,33,104,1,16.5,10.816653826391969
8,33,104,2,15.65,11.435287030664522
8,33,104,3,13.3,10.603375827884646
8,33,104,4,12.8,9.299688732764972
9,14,50,0,53.15,27.59724433230322
9,14,50,1,17.7,18.750719284449076
9,14,50,2,14.85,12.235732830310445
9,14,50,3,8.45,5.246301955713788
9,14,50,4,17.75,22.559570264664078
8,33,104,0,50.1,30.249662895033353
8,33,104,1,15.15,11.802207643621506
8,33,104,2,12.7,10.892295683792186
8,33,104,3,8.35,5.922970449645045
8,33,104,4,9.75,8.478300475175931
4,28,77,0,96.15,57.822118332183685
4,28,77,1,39.6,43.11477949063773
4,28,77,2,21.85,19.87930688191274
9,14,50,0,43.0,23.48347683394702
9,14,50,1,15.55,19.397436075826867
9,14,50,2,10.4,11.762563272384218
9,14,50,3,9.9,6.214583866324354
9,14,50,4,19.35,19.151130240110746
8,29,104,0,55.4,29.22039662542876
8,29,104,1,14.0,6.415441897238421
8,29,104,2,11.1,7.7791895126474575
8,29,104,3,9.75,5.928299658595648
8,29,104,4,9.6,6.159289090898653
9,3,50,0,51.0,30.30372566985261
9,3,50,1,16.05,12.487783503973205
9,3,50,2,11.8,7.5015787811984165
9,3,50,3,9.65,5.9051716851907825
9,3,50,4,32.0,41.488108632411006
8,29,104,0,54.6,26.906074446214987
8,29,104,1,20.1,20.606335254760342
8,29,104,2,10.85,8.336823830389328
8,29,104,3,7.45,2.9819633235769167
8,29,104,4,10.3,8.921293274195762
5,3,77,0,115.35,71.58526384668845
5,3,77,1,26.65,22.827211370366033
5,3,77,2,69.9,85.2932403072205
8,42,104,0,55.75,21.515905988972804
8,42,104,1,14.9,12.744038854138411
8,42,104,2,12.05,11.609773559603267
8,42,104,3,7.4,3.9390086917502742
8,42,104,4,10.25,12.025739937842976
9,3,50,0,57.85,30.220723109534582
9,3,50,1,15.45,11.371594342691655
9,3,50,2,12.45,8.852445395125812
9,3,50,3,14.1,10.437281356045892
9,3,50,4,25.9,36.153037289599304
8,42,104,0,50.15,28.961453511066814
8,42,104,1,17.25,14.193679097252744
8,42,104,2,10.15,9.488358518122144
8,42,104,3,9.65,7.909188527143271
8,42,104,4,11.35,17.933429530818753
9,10,50,0,52.65,33.214256609252345
9,10,50,1,16.2,17.151338753946632
9,10,50,2,10.2,7.090393797986563
9,10,50,3,15.3,12.872246767449155
9,10,50,4,47.15,41.33849359412579
5,3,77,0,85.45,49.9941838722529
5,3,77,1,31.3,31.099331520993047
5,3,77,2,55.15,69.54837392627864
9,0,104,0,51.15,23.80242137174062
9,0,104,1,13.95,12.386218997443553
9,0,104,2,11.45,8.152978144922194
9,0,104,3,11.85,7.0283261464628
9,0,104,4,55.4,51.779288686134976
9,10,50,0,62.6,35.2157261521192
9,10,50,1,13.65,13.50350831606754
9,10,50,2,9.75,5.646377506629221
9,10,50,3,6.9,5.046103238612626
9,10,50,4,16.05,16.220438698720432
5,5,77,0,84.15,44.19010963409894
5,5,77,1,37.9,44.239658321703295
5,5,77,2,66.4,55.38040694762192
9,17,50,0,58.8,23.045949524237102
9,17,50,1,10.95,4.795557154393286
9,17,50,2,14.8,14.482657505480567
9,17,50,3,6.7,5.777451632720179
9,17,50,4,57.1,74.69721336308687
9,0,104,0,62.85,25.686930938760117
9,0,104,1,18.15,15.166705224550949
9,0,104,2,16.25,10.507516106903768
9,0,104,3,9.6,5.576265492433557
9,0,104,4,55.5,58.742524720395835
5,5,77,0,96.45,42.061953054237065
5,5,77,1,31.15,25.815692901799096
5,5,77,2,55.65,41.76661346099298
9,1,104,0,47.15,26.28242358447341
9,1,104,1,11.8,8.727452151265659
9,1,104,2,11.0,9.239503290363155
9,1,104,3,9.6,4.892529213531909
9,1,104,4,31.35,42.55556738887961
9,17,50,0,57.95,23.482300165286862
9,17,50,1,21.85,15.242858552191095
9,17,50,2,15.15,13.05565011786085
9,17,50,3,11.1,8.45358846258421
9,17,50,4,58.35,63.5935076130128
9,12,50,0,46.1,21.403147825544384
9,12,50,1,16.65,20.9014605382394
9,12,50,2,11.55,8.828631651739995
9,12,50,3,9.3,8.45483355994166
9,12,50,4,20.4,22.857453005414598
9,1,104,0,62.45,25.38850755340837
9,1,104,1,13.45,14.897809800172146
9,1,104,2,10.4,9.173187473340587
9,1,104,3,9.9,6.536536987539631
9,1,104,4,48.05,53.1001784118323
5,9,77,0,105.6,50.06879477804828
5,9,77,1,36.75,32.20473159090299
5,9,77,2,33.9,31.810127483653943
9,12,50,0,50.2,24.920082791110257
9,12,50,1,9.65,5.101857246966152
9,12,50,2,10.75,6.820055563903922
9,12,50,3,8.75,4.482421807813037
9,12,50,4,17.15,14.393986317391828
9,19,104,0,48.9,24.943937139112577
9,19,104,1,17.35,13.623798836478837
9,19,104,2,16.55,13.539318959782905
9,19,104,3,10.3,6.3170612754582915
9,19,104,4,32.05,50.116154554878015
9,4,50,0,57.9,24.672379613435623
9,4,50,1,15.2,14.200074128790943
9,4,50,2,10.8,5.521250811755954
9,4,50,3,8.95,4.570788254027733
9,4,50,4,27.95,26.454479274486022
9,19,104,0,50.75,24.20716509848403
9,19,104,1,18.1,15.933744397545603
9,19,104,2,8.25,6.804603704768366
9,19,104,3,15.2,13.26094384193476
9,19,104,4,20.75,22.97796427243421
5,9,77,0,128.8,77.80312536003598
5,9,77,1,38.7,39.02509314193679
5,9,77,2,58.45,42.30400628035625
9,4,50,0,52.65,16.45496245737693
9,4,50,1,18.95,19.424550391057622
9,4,50,2,11.65,9.033708802969137
9,4,50,3,9.55,7.500701721558422
9,4,50,4,32.35,27.595337134721643
9,23,104,0,54.1,24.68304340187707
9,23,104,1,13.05,9.848724202710349
9,23,104,2,12.05,14.035575101186721
9,23,104,3,7.2,4.479191656397039
9,23,104,4,10.8,11.610340218959994
9,23,104,0,45.8,24.295548650123674
9,23,104,1,12.7,11.653325705565772
9,23,104,2,14.0,14.201556623353506
9,23,104,3,8.45,3.5314377570019477
9,23,104,4,7.55,3.486439897358728
9,8,50,0,55.45,32.419089568046985
9,8,50,1,11.25,7.573325765995725
9,8,50,2,12.4,9.207548390772706
9,8,50,3,11.95,9.621658681821636
9,8,50,4,38.55,40.38169856441614
5,11,77,0,93.4,39.44803377129274
5,11,77,1,56.0,50.55585759179746
5,11,77,2,61.85,55.50749119666073
9,17,104,0,49.9,20.649710078250237
9,17,104,1,25.4,19.927236056264935
9,17,104,2,14.2,10.665241132813296
9,17,104,3,10.3,5.312349069063417
9,17,104,4,49.7,44.30528066423733
9,8,50,0,58.3,22.119531735787863
9,8,50,1,20.2,16.75708805252273
9,8,50,2,16.9,12.311312726619837
9,8,50,3,12.3,7.349185418520169
9,8,50,4,50.7,57.47869170396974
9,23,50,0,49.85,26.038988985143433
9,23,50,1,23.95,26.761077391575526
9,23,50,2,15.8,19.329824242945357
9,23,50,3,13.05,7.930454291095681
9,23,50,4,13.4,14.291697994953132
9,17,104,0,54.25,25.91255537988852
9,17,104,1,17.3,12.414338060230365
9,17,104,2,14.3,9.044335243676011
9,17,104,3,7.55,3.8453663161346747
9,17,104,4,48.55,57.090394620240076
5,11,77,0,117.65,77.31907574256311
5,11,77,1,26.05,17.697680490302737
5,11,77,2,54.65,53.33141169783723
9,23,50,0,44.55,25.303369860866148
9,23,50,1,12.5,6.501012066958255
9,23,50,2,7.7,4.520130412650549
9,23,50,3,8.55,4.006245124802026
9,23,50,4,7.55,3.748332962798263
9,12,104,0,49.7,26.850659111776793
9,12,104,1,17.7,17.345103965642508
9,12,104,2,8.95,6.700157107348893
9,12,104,3,9.8,6.271069748414036
9,12,104,4,25.8,35.73675684045328
9,16,50,0,52.65,29.815705857642776
9,16,50,1,17.75,18.552556924075255
9,16,50,2,9.55,5.07288976090707
9,16,50,3,8.8,4.606631375699487
9,16,50,4,16.25,15.265630471232118
9,12,104,0,55.1,25.499019588995964
9,12,104,1,14.9,9.888323789622842
9,12,104,2,15.85,15.034259122697767
9,12,104,3,10.5,6.185722099701606
9,12,104,4,16.1,14.245590268755562
9,16,50,0,44.1,25.128930695410354
9,16,50,1,16.65,15.166705224550949
9,16,50,2,11.55,8.438477038947378
9,16,50,3,10.0,7.752758422516127
9,16,50,4,22.95,24.036102232398573
5,3,77,0,98.4,69.33701069869957
5,3,77,1,34.8,27.660726481307105
5,3,77,2,116.5,135.91231693535667
9,17,104,0,58.55,20.003881202354073
9,17,104,1,13.15,15.661804023264942
9,17,104,2,12.3,10.647955079188728
9,17,104,3,10.85,13.511301312527035
9,17,104,4,24.3,28.912026272087793
9,17,50,0,53.7,31.251273658255244
9,17,50,1,20.25,10.905696242162433
9,17,50,2,11.15,5.479867459019521
9,17,50,3,11.35,11.244998888394786
9,17,50,4,57.9,61.94301285944415
9,17,104,0,57.4,26.707775331500276
9,17,104,1,13.9,9.083820202628639
9,17,104,2,9.5,6.1430319961126
9,17,104,3,13.9,15.151515470494413
9,17,104,4,36.75,29.554365605030156
5,3,77,0,108.7,69.55580871728678
5,3,77,1,26.55,16.02456995071204
5,3,77,2,40.25,46.101575495398144
9,17,50,0,52.5,27.052580380864924
9,17,50,1,17.75,18.23782939531543
9,17,50,2,14.3,11.036303729057115
9,17,50,3,12.2,12.081303519771454
9,17,50,4,51.85,61.65803400932223
9,4,104,0,49.6,23.482132064950775
9,4,104,1,23.05,21.139822734903856
9,4,104,2,16.85,18.530984011138013
9,4,104,3,13.9,13.560391237951645
9,4,104,4,33.7,31.889777276375604
5,23,77,0,84.3,77.3747544847733
5,23,77,1,32.75,27.252957347974668
5,23,77,2,19.3,10.011046530287377
9,8,50,0,51.15,16.787448318688327
9,8,50,1,14.75,13.62611656458211
9,8,50,2,9.6,6.451438028190223
9,8,50,3,8.3,6.350300448756238
9,8,50,4,52.85,56.61622884315991
9,4,104,0,48.8,22.728604745654987
9,4,104,1,17.55,14.14390328021229
9,4,104,2,14.2,13.500877164485509
9,4,104,3,10.35,10.214927157944166
9,4,104,4,18.35,21.01196401050952
9,8,50,0,51.7,21.718534408244615
9,8,50,1,24.5,20.108913969994294
9,8,50,2,13.4,9.366232742649185
9,8,50,3,12.75,12.13899761750923
9,8,50,4,59.55,42.60278592323573
9,19,104,0,46.4,27.013446943873596
9,19,104,1,24.9,22.96656608844119
9,19,104,2,13.75,10.701082089898051
9,19,104,3,11.45,9.017380877768048
9,19,104,4,35.95,35.479386157390934
5,23,77,0,113.5,74.92136228283485
5,23,77,1,40.6,26.75502904030135
5,23,77,2,29.8,23.931041282027515
9,19,104,0,50.3,23.923342487818747
9,19,104,1,19.25,18.733238121753423
9,19,104,2,9.2,4.78594433292895
9,19,104,3,9.05,5.072889760907071
9,19,104,4,32.1,39.65628642008199
9,7,50,0,53.85,18.64706834584828
9,7,50,1,13.7,10.93569721984888
9,7,50,2,13.8,9.687756787768125
9,7,50,3,11.4,6.6995679357937545
9,7,50,4,45.45,38.06708068106809
5,6,77,0,120.85,57.83759021696239
5,6,77,1,31.2,31.463596341436272
5,6,77,2,48.2,46.1970607404046
9,7,50,0,56.2,21.695500382385866
9,7,50,1,15.35,10.266322049354024
9,7,50,2,18.2,22.317328646026095
9,7,50,3,12.15,8.880937598676107
9,7,50,4,29.0,31.102546857976623
9,17,104,0,54.25,31.886104876741005
9,17,104,1,16.65,11.66314483183764
9,17,104,2,15.0,9.508998508338244
9,17,104,3,12.9,7.566546872844135
9,17,104,4,47.8,73.3560889734021
9,23,50,0,50.2,24.502631437631774
9,23,50,1,11.7,8.0661736836456
9,23,50,2,10.55,6.62113839790489
9,23,50,3,10.55,8.69649052022832
9,23,50,4,7.15,3.4224491076912806
9,23,50,0,51.55,23.616397069119493
9,23,50,1,16.7,17.25993230455713
9,23,50,2,15.3,13.723203554180548
9,23,50,3,12.05,11.749468073066119
9,23,50,4,9.55,6.2194516597018765
5,6,77,0,109.9,56.25122220894404
5,6,77,1,34.75,28.67214859865158
5,6,77,2,56.15,65.03624495536883
9,17,104,0,58.85,28.03245299742125
9,17,104,1,20.9,20.51417994820579
9,17,104,2,10.9,8.213595917424769
9,17,104,3,9.7,5.429936512180947
9,17,104,4,57.45,73.2892431254051
9,1,104,0,54.85,29.068476323837025
9,1,104,1,14.35,11.717171384901643
9,1,104,2,9.1,6.356927427286666
9,1,104,3,8.7,7.55401601101936
9,1,104,4,23.3,37.04066044653887
9,10,50,0,47.0,24.82358810316892
9,10,50,1,18.7,12.990279766850774
9,10,50,2,13.8,11.92343998402439
9,10,50,3,11.15,9.772544785210625
9,10,50,4,47.95,53.90388619912687
9,10,50,0,53.25,21.28966885604377
9,10,50,1,17.9,13.753085778146396
9,10,50,2,16.2,16.24678105770008
9,10,50,3,14.25,9.469480061311652
9,10,50,4,26.5,30.315012782448242
5,7,77,0,102.1,47.142449303316745
5,7,77,1,44.8,49.40445324057337
5,7,77,2,73.45,86.7437090089626
9,1,104,0,54.6,30.660106086952105
9,1,104,1,16.15,14.925340514496954
9,1,104,2,9.85,5.993636976871916
9,1,104,3,9.55,7.265455395586925
9,1,104,4,38.9,48.02619899048523
9,14,50,0,51.65,20.510010392873752
9,14,50,1,19.8,15.47017504068631
9,14,50,2,13.1,8.509437485274187
9,14,50,3,9.6,4.9566542195952685
9,14,50,4,27.4,31.556799250674462
9,22,104,0,54.85,30.47565896701307
9,22,104,1,11.35,6.192312721601297
9,22,104,2,13.2,8.294576541331088
9,22,104,3,11.6,7.583916499651365
9,22,104,4,45.9,48.51575978348088
9,14,50,0,55.3,26.083065690011857
9,14,50,1,16.95,17.32498955722325
9,14,50,2,12.9,9.66218892057292
9,14,50,3,10.75,5.599577051697274
9,14,50,4,35.25,55.53555049174404
5,7,77,0,109.6,37.80336938477978
5,7,77,1,40.65,27.06381347851777
5,7,77,2,89.0,91.45778433676095
9,22,104,0,68.5,38.878352791617516
9,22,104,1,15.75,10.651785123433042
9,22,104,2,14.2,14.80611537951731
9,22,104,3,12.7,10.24489603348136
9,22,104,4,47.75,47.36296021154083
9,20,50,0,45.55,22.910523897614343
9,20,50,1,17.7,14.20563268566381
9,20,50,2,9.75,8.949419269603915
9,20,50,3,9.5,7.472757540771539
9,20,50,4,34.75,42.57856515344682
9,13,104,0,50.6,22.57711929785272
9,13,104,1,18.15,13.14404007425739
9,13,104,2,13.35,11.699190255380026
9,13,104,3,11.0,8.669365301845465
9,13,104,4,16.95,26.10399243511673
5,22,77,0,105.0,91.49058047574883
5,22,77,1,28.5,19.35404214546463
5,22,77,2,76.65,73.42541865909351
9,20,50,0,63.45,22.572631308966315
9,20,50,1,19.45,12.067681938484336
9,20,50,2,15.85,13.777460616987137
9,20,50,3,12.8,9.838699100999074
9,20,50,4,66.15,69.61569317935508
9,13,104,0,48.1,26.429449284343484
9,13,104,1,12.35,7.761409258904631
9,13,104,2,20.05,30.98637221679709
9,13,104,3,9.25,8.558621384311843
9,13,104,4,27.45,39.937418149162475
9,20,50,0,61.8,17.206485925218338
9,20,50,1,16.3,9.695902552923553
9,20,50,2,12.5,8.419901237075484
9,20,50,3,9.75,7.202886848158065
9,20,50,4,45.1,43.3964587446827
9,10,104,0,58.35,19.730486696053845
9,10,104,1,23.3,26.00222662530431
9,10,104,2,12.75,8.896332774919408
9,10,104,3,14.95,17.44004768221391
9,10,104,4,31.15,31.412828422058467
5,22,77,0,119.8,72.84128384082028
5,22,77,1,30.6,30.42229099646646
5,22,77,2,69.6,59.274917034726286
9,10,104,0,53.5,25.29301963201039
9,10,104,1,17.1,13.95066495302568
9,10,104,2,11.75,7.092434813161653
9,10,104,3,11.8,7.302486959212847
9,10,104,4,28.1,25.177057225305656
9,20,50,0,59.35,35.079271132078766
9,20,50,1,15.25,15.488110890207642
9,20,50,2,7.55,3.4408536272574173
9,20,50,3,8.25,4.01149663631392
9,20,50,4,58.2,52.217762656418984
10,47,50,0,50.1,23.28744861847031
10,47,50,1,12.4,10.801559341619447
10,47,50,2,12.3,7.131103110946256
10,47,50,3,9.15,6.343459126077074
10,47,50,4,8.0,5.929409307582174
10,47,50,5,7.85,4.760307376187957
9,11,104,0,61.45,26.26279136966053
9,11,104,1,19.45,16.856905503617636
9,11,104,2,11.45,7.93045429109568
9,11,104,3,12.5,6.541366346888891
9,11,104,4,21.05,23.90876298281492
5,18,77,0,91.45,72.52475076609508
5,18,77,1,27.4,20.924425414987347
5,18,77,2,42.95,51.90626673452628
10,47,50,0,49.75,32.09012801142236
10,47,50,1,16.35,11.051434772296119
10,47,50,2,14.75,18.22339444952992
10,47,50,3,12.65,12.158059921411457
10,47,50,4,8.15,5.8783724922715415
10,47,50,5,10.05,7.639750615935327
9,11,104,0,60.45,31.928332575514045
9,11,104,1,16.45,23.72978363953088
9,11,104,2,10.7,5.2924971720152545
9,11,104,3,12.85,10.529532403273135
9,11,104,4,33.1,31.58097361920374
10,44,50,0,52.3,22.26656686604381
10,44,50,1,18.1,13.498148021117562
10,44,50,2,15.2,15.094788225707157
10,44,50,3,9.45,5.185759853980696
10,44,50,4,9.9,6.248368208033029
10,44,50,5,9.35,7.672747397873786
5,18,77,0,81.55,47.20556947515499
5,18,77,1,39.55,39.57733934303422
5,18,77,2,81.9,104.50781889660848
9,3,104,0,58.85,32.83174811383833
9,3,104,1,22.4,17.69745744450315
9,3,104,2,13.35,6.643358377079758
9,3,104,3,9.0,5.999999999999999
9,3,104,4,38.45,59.0784269113167
10,44,50,0,55.95,22.35944401907403
10,44,50,1,22.15,21.21636657220825
10,44,50,2,9.15,4.368246667413417
10,44,50,3,15.25,15.917137404630731
10,44,50,4,9.25,6.180401962740986
10,44,50,5,10.3,10.00578779875349
10,27,50,0,57.1,34.39996940023119
10,27,50,1,13.95,12.534058862912179
10,27,50,2,12.8,12.609937601581915
10,27,50,3,11.25,8.21343571934361
10,27,50,4,10.0,5.964809080634606
10,27,50,5,8.8,5.297467120684831
9,3,104,0,47.55,27.530796153437073
9,3,104,1,23.95,25.012575784361374
9,3,104,2,14.3,15.607353192780977
9,3,104,3,10.15,6.57967364412232
9,3,104,4,26.95,29.86368151591847
5,3,77,0,106.5,57.29930650815757
5,3,77,1,33.4,31.45322341442757
5,3,77,2,62.3,87.55756001505223
10,27,50,0,56.1,31.222292980294846
10,27,50,1,14.2,12.111760270171517
10,27,50,2,13.95,10.065443750512785
10,27,50,3,11.7,10.978927183712583
10,27,50,4,7.4,4.031455268131766
10,27,50,5,10.25,6.273377332657007
9,11,104,0,53.05,29.740058046876417
9,11,104,1,16.35,9.723953062304176
9,11,104,2,13.65,9.869010508711227
9,11,104,3,11.85,9.120682107455734
9,11,104,4,30.6,46.92255657772149
10,44,50,0,52.0,21.997607525412967
10,44,50,1,17.1,13.878798673933524
10,44,50,2,13.1,8.589467234259706
10,44,50,3,11.4,7.796085387450618
10,44,50,4,8.95,4.828370107472795
10,44,50,5,10.15,5.47986745901952
5,3,77,0,94.7,51.5569179594134
5,3,77,1,49.5,35.36650214092723
5,3,77,2,52.0,69.97367926208885
9,11,104,0,51.8,23.99692962816175
9,11,104,1,19.5,19.107727838701667
9,11,104,2,17.4,17.260847085391354
9,11,104,3,15.4,16.56057461499894
9,11,104,4,41.65,50.17157404452509
10,44,50,0,53.75,21.01096205117199
10,44,50,1,18.45,14.848267664329697
10,44,50,2,13.3,9.6850400102426
10,44,50,3,12.55,7.265455395586924
10,44,50,4,10.65,5.234249556627256
10,44,50,5,9.55,5.083254241547488
9,14,104,0,54.5,27.1632491661649
9,14,104,1,14.35,7.421696500623589
9,14,104,2,11.15,5.696490147450445
9,14,104,3,10.35,7.686454250652145
9,14,104,4,29.65,34.08391347681097
10,33,50,0,46.9,21.547743806670216
10,33,50,1,21.95,15.411803405524164
10,33,50,2,13.15,10.835006618412958
10,33,50,3,11.85,10.643876420889049
10,33,50,4,11.45,7.667257795670049
10,33,50,5,9.95,7.721978203052703
5,10,77,0,115.65,61.13683961323758
5,10,77,1,27.85,15.597823734840636
5,10,77,2,85.4,82.54912413064625
10,33,50,0,59.0,27.554730227217558
10,33,50,1,12.8,9.333583956534822
10,33,50,2,13.75,14.238106763559765
10,33,50,3,10.3,8.6821050079126
10,33,50,4,7.4,5.816491979481139
10,33,50,5,9.6,8.165395533011631
9,14,104,0,62.0,36.13133936364007
9,14,104,1,18.2,15.146999007967503
9,14,104,2,13.35,10.965376130539733
9,14,104,3,10.65,7.631479128203818
9,14,104,4,29.05,51.445909253772236
10,37,50,0,51.25,25.727059275155572
10,37,50,1,19.05,14.387403115957119
10,37,50,2,14.8,13.117284699766826
10,37,50,3,12.75,7.717887630283575
10,37,50,4,10.4,5.519343973221532
10,37,50,5,11.3,5.685623606032472
9,8,104,0,54.0,25.158445270347144
9,8,104,1,17.65,15.692019426581481
9,8,104,2,8.95,6.369954143435704
9,8,104,3,11.7,12.765496258933378
9,8,104,4,44.75,39.42998458293543
10,37,50,0,43.55,21.92445162250058
10,37,50,1,11.0,9.392045906818677
10,37,50,2,12.4,13.662857834674497
10,37,50,3,7.4,3.844339653103124
10,37,50,4,7.15,4.51051403302387
10,37,50,5,7.1,4.470958922223568
5,10,77,0,95.75,53.41483629893576
5,10,77,1,50.9,51.351113348254316
5,10,77,2,64.2,59.98122513271176
10,43,50,0,55.75,26.79920462291843
10,43,50,1,16.7,11.30020959283965
10,43,50,2,18.4,16.956290557597914
10,43,50,3,8.9,6.727007624415731
10,43,50,4,10.85,8.054256801938894
10,43,50,5,10.05,7.584436973864727
9,8,104,0,63.5,31.04241580398292
9,8,104,1,16.1,8.819237346189354
9,8,104,2,9.7,4.577979329009919
9,8,104,3,17.85,17.703032746426604
9,8,104,4,60.45,67.76311292793602
10,43,50,0,46.7,24.84711144918904
10,43,50,1,22.3,17.559223097548298
10,43,50,2,13.05,8.293783340868217
10,43,50,3,13.3,9.165725629528165
10,43,50,4,10.2,6.9175596548889535
10,43,50,5,11.0,9.363984756839141
9,23,104,0,50.15,23.145478130614126
9,23,104,1,15.0,14.067506418768938
9,23,104,2,11.7,12.213452462454324
9,23,104,3,8.85,7.271248354414732
9,23,104,4,10.4,7.029262145900484
5,5,77,0,120.3,62.1840223174647
5,5,77,1,40.25,32.245562730234276
5,5,77,2,65.75,73.59052785157671
10,45,50,0,37.05,20.889370250768312
10,45,50,1,15.1,15.877491516045765
10,45,50,2,7.5,4.571076114232322
10,45,50,3,9.35,14.59010118647499
10,45,50,4,6.9,4.700503892361463
10,45,50,5,6.55,3.471310991541957
9,23,104,0,52.65,28.375814386643835
9,23,104,1,13.75,14.721538106139803
9,23,104,2,8.2,6.606217167423267
9,23,104,3,11.25,8.359520258206713
9,23,104,4,8.2,4.916138835776668
10,45,50,0,51.75,32.48947197899165
10,45,50,1,16.75,18.145247311624054
10,45,50,2,10.5,8.690587770080553
10,45,50,3,9.95,7.680974444759768
10,45,50,4,9.55,7.4302015273370685
10,45,50,5,8.45,7.472581460526912
10,44,104,0,59.95,21.343000824872924
10,44,104,1,14.15,10.04345820081803
10,44,104,2,13.1,9.164577114314142
10,44,104,3,14.1,12.540041131469522
10,44,104,4,9.15,5.460624602793309
10,44,104,5,9.9,6.812527160737744
10,36,50,0,50.9,24.518306801674797
10,36,50,1,13.4,14.12873145868301
10,36,50,2,12.7,11.27689766968875
10,36,50,3,10.1,7.635788312800109
10,36,50,4,7.85,5.527681535498833
10,36,50,5,9.55,8.970565903641697
5,5,77,0,98.25,52.307667748267626
5,5,77,1,34.15,30.62382113735371
5,5,77,2,55.95,81.7850037727288
10,44,104,0,53.3,17.0698256396608
10,44,104,1,13.65,9.658783839757358
10,44,104,2,12.65,10.663637179440084
10,44,104,3,7.95,5.670561097272009
10,44,104,4,9.35,7.154498033074239
10,44,104,5,9.85,5.039580183016501
10,36,50,0,46.4,26.817904466978774
10,36,50,1,12.95,11.922888205376024
10,36,50,2,11.4,8.158947300518099
10,36,50,3,10.25,7.070137346987197
10,36,50,4,8.7,8.367229309382497
10,36,50,5,9.05,6.516981865217897
10,26,104,0,55.35,25.398456231577704
10,26,104,1,18.1,10.612306659326189
10,26,104,2,12.1,11.836162251426991
10,26,104,3,13.1,11.215121371096306
10,26,104,4,9.0,6.966083245947732
10,26,104,5,9.8,5.444456379029765
10,27,50,0,51.15,22.910064439708126
10,27,50,1,18.55,17.700654165728928
10,27,50,2,11.95,10.57541836922826
10,27,50,3,9.15,5.244295146056081
10,27,50,4,12.05,9.040697457957311
10,27,50,5,10.2,8.003946395043938
5,11,77,0,107.65,64.13002827315601
5,11,77,1,27.55,26.404694558673505
5,11,77,2,69.75,64.5469025715328
10,26,104,0,57.7,24.70265274482842
10,26,104,1,19.7,15.654493217435588
10,26,104,2,16.4,16.582806568377094
10,26,104,3,9.95,7.052248614896939
10,26,104,4,9.5,14.992980813841207
10,26,104,5,7.4,5.906285679368701
10,27,50,0,58.35,31.549918675347687
10,27,50,1,13.15,8.112855295925817
10,27,50,2,13.85,8.969392398596462
10,27,50,3,11.0,6.905375480472861
10,27,50,4,9.95,4.198684004354347
10,27,50,5,9.6,5.915190080142017
10,42,50,0,57.85,34.47542984732598
10,42,50,1,14.35,8.75559971194375
10,42,50,2,13.75,10.462338472625966
10,42,50,3,11.5,11.004783648845384
10,42,50,4,9.45,5.062504061076994
10,42,50,5,10.25,7.01033072273379
10,41,104,0,63.65,28.47394931290151
10,41,104,1,15.6,12.236270501646883
10,41,104,2,12.35,13.031439715266751
10,41,104,3,9.4,5.752802520694176
10,41,104,4,7.55,4.51284715824547
10,41,104,5,7.35,5.122448016740679
5,11,77,0,121.1,72.2735301330628
5,11,77,1,38.4,22.535118791507813
5,11,77,2,73.05,49.09011584508852
10,42,50,0,57.6,31.189404408683746
10,42,50,1,12.7,8.72443634131651
10,42,50,2,9.9,6.06890261475404
10,42,50,3,12.1,13.756912138228817
10,42,50,4,7.05,5.316063046634179
10,42,50,5,8.4,4.210263149670538
10,41,104,0,54.3,23.55084086106392
10,41,104,1,21.6,13.35507000119588
10,41,104,2,14.1,8.213595917424767
10,41,104,3,13.6,8.022337236544104
10,41,104,4,13.2,6.07497021868377
10,41,104,5,9.3,4.646447426175241
10,39,50,0,59.8,39.86503546507364
10,39,50,1,18.85,13.658523461849555
10,39,50,2,11.0,9.819422214752706
10,39,50,3,10.95,9.670764406732609
10,39,50,4,8.15,5.537194805656514
10,39,50,5,8.65,4.987088592714084
10,44,104,0,53.85,16.41653530983159
10,44,104,1,17.6,14.630177895813773
10,44,104,2,11.95,12.96746941997145
10,44,104,3,9.35,6.7922169080732235
10,44,104,4,10.5,8.438632964869932
10,44,104,5,10.3,6.981931568058558
10,39,50,0,45.8,19.546435938419485
10,39,50,1,15.3,10.712019810523719
10,39,50,2,9.8,7.911350939265085
10,39,50,3,9.6,6.021015826166492
10,39,50,4,10.05,11.306611945415414
10,39,50,5,9.35,8.761608840486101
5,10,77,0,110.15,86.69139154737944
5,10,77,1,30.85,28.932362139088617
5,10,77,2,66.05,69.61357626210565
10,44,104,0,59.1,24.744802750434175
10,44,104,1,18.35,11.860039052034757
10,44,104,2,12.65,8.904611460538742
10,44,104,3,13.15,16.2651548765419
10,44,104,4,9.9,4.459171506716891
10,44,104,5,9.6,4.500292388161837
10,36,50,0,46.6,23.961372423570662
10,36,50,1,15.5,16.2755871427763
10,36,50,2,9.45,4.925497570376974
10,36,50,3,7.6,5.082477638649128
10,36,50,4,11.95,14.69505824561799
10,36,50,5,7.75,3.64005494464026
10,30,104,0,44.35,25.263401862857084
10,30,104,1,22.95,29.403678609818087
10,30,104,2,13.65,12.503788899453848
10,30,104,3,8.8,5.237516486596335
10,30,104,4,9.1,6.120715472453923
10,30,104,5,7.15,3.9239480655396846
10,36,50,0,49.5,33.460896266348996
10,36,50,1,23.55,18.880441007338227
10,36,50,2,11.5,8.394860583150043
10,36,50,3,10.05,5.345681976088147
10,36,50,4,9.85,6.080815388537435
10,36,50,5,9.65,6.698585868045504
5,10,77,0,99.25,72.12990838903461
5,10,77,1,36.25,34.321812919851176
5,10,77,2,67.78947368421052,84.81324513133313
10,30,104,0,46.5,16.220519817746123
10,30,104,1,15.9,10.020505292438575
10,30,104,2,12.3,12.074767078498864
10,30,104,3,10.05,7.221860089886451
10,30,104,4,10.9,8.328138731844115
10,30,104,5,7.05,3.9400106866005222
10,25,50,0,41.05,22.73294618181425
10,25,50,1,14.3,14.353066791309425
10,25,50,2,10.1,9.850995140753948
10,25,50,3,7.6,4.604345773288536
10,25,50,4,7.7,5.181952487137195
10,25,50,5,6.25,3.9185792269513624
10,46,104,0,58.35,27.106563586586997
10,46,104,1,20.35,15.431597795637227
10,46,104,2,12.85,11.775420430531959
10,46,104,3,9.85,7.147137815053549
10,46,104,4,8.4,5.154456426494609
10,46,104,5,9.2,5.287522551899151
10,25,50,0,46.8,29.377040802568757
10,25,50,1,11.8,10.375071337738254
10,25,50,2,13.4,11.47262187259647
10,25,50,3,11.35,8.209590027586799
10,25,50,4,9.5,7.401991197252975
10,25,50,5,7.5,5.88038666827455
10,47,50,0,51.75,32.134380670127
10,47,50,1,10.25,7.347573892467034
10,47,50,2,10.4,6.839513679233418
10,47,50,3,7.9,5.748226271047261
10,47,50,4,7.9,5.3596936283218355
10,47,50,5,6.9,5.883965723181854
10,46,104,0,46.75,18.54404429857113
10,46,104,1,19.05,10.399772264713047
10,46,104,2,13.25,9.072079782439491
10,46,104,3,10.55,6.984757841562095
10,46,104,4,11.25,9.227390576002799
10,46,104,5,10.85,5.612720514950604
10,47,50,0,44.65,14.305961216073163
10,47,50,1,14.6,12.032412366953727
10,47,50,2,8.9,5.476264573978372
10,47,50,3,9.1,3.58211933739908
10,47,50,4,8.25,4.766936564558659
10,47,50,5,7.05,3.3320611607453077
5,2,77,0,115.25,58.82254759242546
5,2,77,1,37.85,27.63916938351307
5,2,77,2,116.55,120.83415123740124
10,28,104,0,59.9,20.43449096632044
10,28,104,1,16.95,17.003018307904842
10,28,104,2,15.1,17.49556334737768
10,28,104,3,12.3,8.137631881055997
10,28,104,4,7.95,5.345681976088148
10,28,104,5,12.65,9.280851821159294
10,36,50,0,58.15,24.24279599994062
10,36,50,1,14.6,8.869818724783856
10,36,50,2,13.6,11.222158531461902
10,36,50,3,10.95,9.13336854904211
10,36,50,4,8.95,8.18519202102508
10,36,50,5,9.65,5.101857246966152
10,28,104,0,51.45,24.005427017984694
10,28,104,1,11.35,7.882525643873022
10,28,104,2,8.95,6.5732712356057625
10,28,104,3,10.35,10.444212701174198
10,28,104,4,6.05,4.784569496115393
10,28,104,5,5.35,2.621269278723372
10,36,50,0,44.25,22.449651269123606
10,36,50,1,12.7,8.879900426184259
10,36,50,2,9.5,6.605420421696746
10,36,50,3,11.0,6.890114963520297
10,36,50,4,9.15,6.0894645862644134
10,36,50,5,8.25,6.904422686335111
10,34,104,0,52.55,30.79042058822841
10,34,104,1,13.4,9.477952254963538
10,34,104,2,11.1,9.85099514075395
10,34,104,3,12.1,8.428647890566902
10,34,104,4,7.8,4.652107615173782
10,34,104,5,8.35,4.556949579892696
10,27,50,0,60.9,37.80406550122689
10,27,50,1,12.1,10.083336958097071
10,27,50,2,13.5,11.984639291500118
10,27,50,3,11.65,9.620564596628139
10,27,50,4,9.8,5.521250811755954
10,27,50,5,10.25,5.981330603592622
10,34,104,0,56.35,26.559317920855058
10,34,104,1,13.85,10.941350825868662
10,34,104,2,12.9,11.442763744186243
10,34,104,3,8.85,5.479867459019521
10,34,104,4,8.7,5.151392249214105
10,34,104,5,7.75,4.67777499965191
5,2,77,0,113.1,54.045692169730444
5,2,77,1,38.2,31.627103632968453
5,2,77,2,126.35,98.45451795252039
10,27,50,0,48.5,25.421706431605585
10,27,50,1,23.55,23.96153716183281
10,27,50,2,11.0,13.098814731433567
10,27,50,3,14.55,16.794344286098223
10,27,50,4,12.0,11.452418728672216
10,27,50,5,9.4,5.354781434430944
10,44,104,0,51.3,27.014810752622346
10,44,104,1,18.25,16.723368459481453
10,44,104,2,9.55,6.082546211994828
10,44,104,3,10.3,8.000657867687474
10,44,104,4,9.0,4.920419323166418
10,44,104,5,8.05,4.946822478276227
10,35,50,0,51.45,30.198422754211936
10,35,50,1,18.55,10.29805806936434
10,35,50,2,16.8,13.461836896634091
10,35,50,3,12.2,7.090393797986563
10,35,50,4,9.05,3.734265234568276
10,35,50,5,9.55,4.839258316377788
10,44,104,0,57.1,29.445578704843925
10,44,104,1,16.4,11.142143798257706
10,44,104,2,15.7,13.416800151891264
10,44,104,3,10.45,10.013017842578204
10,44,104,4,10.3,6.890878792020347
10,44,104,5,9.65,6.343459126077075
5,21,77,0,104.25,80.63163477392597
5,21,77,1,43.85,52.65405967254567
5,21,77,2,61.65,62.41649157917026
10,35,50,0,60.15,25.433659835571817
10,35,50,1,18.25,9.469480061311652
10,35,50,2,11.95,6.762707337029734
10,35,50,3,12.2,8.166684568544646
10,35,50,4,9.75,7.846387033130867
10,35,50,5,8.45,5.443247869463694
10,25,104,0,44.9,25.710739103790033
10,25,104,1,18.4,20.36353810639316
10,25,104,2,10.4,7.133316937183976
10,25,104,3,8.85,6.2346653985261264
10,25,104,4,8.65,5.584518072785078
10,25,104,5,7.5,3.531810330485814
10,32,50,0,47.3,21.562882338334134
10,32,50,1,16.8,12.420695802189437
10,32,50,2,11.05,7.721978203052703
10,32,50,3,8.4,4.717269504591334
10,32,50,4,10.1,6.68777360483096
10,32,50,5,7.3,3.404331606088121
5,21,77,0,77.2,46.88013831486691
5,21,77,1,29.8,28.441259872901107
5,21,77,2,41.7,35.697707430442556
10,25,104,0,57.35,23.50649406351136
10,25,104,1,12.25,7.711065186846074
10,25,104,2,16.85,19.510523476211226
10,25,104,3,12.2,17.6682885716934
10,25,104,4,7.2,4.3237410701966486
10,25,104,5,9.15,6.627494565107264
10,32,50,0,51.5,23.578536180625218
10,32,50,1,18.7,15.290519938837923
10,32,50,2,10.9,8.914211007976917
10,32,50,3,9.05,6.8323918906462335
10,32,50,4,11.6,13.092384286897076
10,32,50,5,9.4,7.535180646037696
10,46,104,0,65.45,34.005378831497886
10,46,104,1,14.95,10.918236796151753
10,46,104,2,16.6,12.193181873921437
10,46,104,3,13.05,8.592989798912281
10,46,104,4,10.25,7.188257969186898
10,46,104,5,10.35,6.368301434283301
10,47,50,0,42.8,20.74811342089482
10,47,50,1,11.05,8.935293710013708
10,47,50,2,6.95,3.9266297320515946
10,47,50,3,7.1,4.166280683876461
10,47,50,4,7.15,4.648429276308515
10,47,50,5,7.1,3.4928498393145966
10,46,104,0,49.95,25.580574455505964
10,46,104,1,18.15,20.481763390366257
10,46,104,2,11.35,10.373422517994824
10,46,104,3,9.9,8.340768612821698
10,46,104,4,10.6,7.7486840988104495
10,46,104,5,8.15,5.622089890498203
10,47,50,0,56.55,32.127173283030906
10,47,50,1,16.85,14.105896490102062
10,47,50,2,11.5,8.101331924280625
10,47,50,3,7.95,4.547700402111865
10,47,50,4,8.95,4.673272267288792
10,47,50,5,9.0,3.783621211707669
5,0,77,0,132.15,66.51100027735815
5,0,77,1,44.0,25.927023090123352
5,0,77,2,119.35,111.08284011682926
10,46,104,0,49.05,21.55159048960375
10,46,104,1,20.35,18.155106574648414
10,46,104,2,14.6,10.429714635042567
10,46,104,3,14.45,18.8692872149427
10,46,104,4,8.2,5.237516486596335
10,46,104,5,9.85,6.960603422117942
11,8,50,0,47.15,24.03785391944613
11,8,50,1,19.15,14.243280964425962
11,8,50,2,13.15,15.56742550462681
11,8,50,3,11.8,9.434539009182668
11,8,50,4,13.45,12.050223845922618
11,8,50,5,35.5,28.32796646797165
10,46,104,0,50.3,13.738535890736415
10,46,104,1,13.6,10.649437840364602
10,46,104,2,15.95,10.5305320503362
10,46,104,3,8.7,6.113832461592406
10,46,104,4,10.15,7.102816342831905
10,46,104,5,10.05,7.351870510285121
11,8,50,0,51.65,25.905242306285587
11,8,50,1,12.65,6.792216908073224
11,8,50,2,12.7,7.8947017543079925
11,8,50,3,10.4,5.932958789676531
11,8,50,4,11.35,8.02807573457052
11,8,50,5,39.25,41.377434735168855
10,47,104,0,43.2,27.494688482265843
10,47,104,1,17.9,22.886217410669268
10,47,104,2,9.25,6.560447674070003
10,47,104,3,10.65,10.82528716040656
10,47,104,4,8.15,6.335156708899614
10,47,104,5,8.95,6.549206460568936
5,0,77,0,99.9,47.28402422984343
5,0,77,1,54.05,44.47172371885664
5,0,77,2,108.4,83.60710118417605
11,4,50,0,60.25,19.785361414838736
11,4,50,1,18.4,18.95534919641141
11,4,50,2,13.55,9.511627233632474
11,4,50,3,11.15,8.343134587002783
11,4,50,4,9.7,8.802511603304808
11,4,50,5,21.6,17.40356890199007
10,47,104,0,50.5,30.386111786039425
10,47,104,1,10.6,6.193375068316314
10,47,104,2,7.45,4.346504948019488
10,47,104,3,7.35,4.934038593495724
10,47,104,4,7.15,4.944694126030446
10,47,104,5,6.4,4.296877691386717
10,41,104,0,57.25,26.12898169103661
10,41,104,1,17.95,12.232291174118652
10,41,104,2,8.55,4.639362478889347
10,41,104,3,10.05,10.0024996875781
10,41,104,4,12.15,12.308640525214283
10,41,104,5,7.95,4.559258942554497
11,4,50,0,62.0,32.823290832161106
11,4,50,1,17.6,17.73904406135027
11,4,50,2,11.05,8.641850435373689
11,4,50,3,9.8,4.741751841494427
11,4,50,4,10.55,8.075140539757939
11,4,50,5,42.4,45.750352313857704
5,7,77,0,114.25,66.74213929665977
5,7,77,1,28.1,23.69521381829539
5,7,77,2,49.05,41.65835355667134
10,41,104,0,46.4,14.343162684341054
10,41,104,1,19.9,14.03716870537495
10,41,104,2,11.3,9.353299445987806
10,41,104,3,9.95,6.194012388886884
10,41,104,4,9.5,4.978902859487271
10,41,104,5,7.45,4.4541524091807325
11,7,50,0,46.9,19.059187589688793
11,7,50,1,16.45,15.49014967139134
11,7,50,2,9.65,7.371888281987544
11,7,50,3,7.6,5.734475610403779
11,7,50,4,11.15,15.688665033275322
11,7,50,5,20.9,32.09672880528482
10,37,104,0,57.35,35.99309144237193
10,37,104,1,19.5,29.77724316531528
10,37,104,2,9.5,6.337025701134729
10,37,104,3,8.0,7.167176644441769
10,37,104,4,7.8,5.415377714386476
10,37,104,5,7.6,4.967261238401532
11,7,50,0,48.5,22.146640472327316
11,7,50,1,16.45,11.691089724545288
11,7,50,2,10.05,6.443887352408197
11,7,50,3,13.75,11.125480474544625
11,7,50,4,9.6,6.142175167599315
11,7,50,5,23.6,22.60507628131811
10,37,104,0,45.3,28.952047468729713
10,37,104,1,9.9,11.831714739808874
10,37,104,2,10.35,5.343712488326326
10,37,104,3,10.55,11.339149694288091
10,37,104,4,11.3,17.165142156800155
10,37,104,5,7.55,3.2195946132524527
5,7,77,0,103.55,48.72206352038274
5,7,77,1,48.9,43.372195798933824
5,7,77,2,77.0,67.71690296645603
11,14,50,0,59.2,38.53446850753095
11,14,50,1,28.25,26.030093919801445
11,14,50,2,14.8,15.052889213842326
11,14,50,3,12.85,10.33784564750214
11,14,50,4,10.1,8.391098039934313
11,14,50,5,32.75,34.96746608221027
10,24,104,0,66.6,37.60375121265375
10,24,104,1,16.2,9.892048907023629
10,24,104,2,13.0,10.161848153497317
10,24,104,3,11.45,6.793766492741322
10,24,104,4,10.85,7.855772265967034
10,24,104,5,8.25,5.418049755944913
11,14,50,0,45.4,22.316856975460453
11,14,50,1,14.25,10.041361828378712
11,14,50,2,11.3,7.954475734485982
11,14,50,3,11.75,5.946029192485918
11,14,50,4,8.7,4.280924641882135
11,14,50,5,17.15,18.58486934097339
10,24,104,0,48.15,20.87374326503842
10,24,104,1,16.65,13.895379769814442
10,24,104,2,13.25,9.721787793134391
10,24,104,3,10.9,6.91223172126203
10,24,104,4,8.9,9.335275487153694
10,24,104,5,11.05,7.28715524597544
5,3,77,0,84.75,47.38295829559511
5,3,77,1,38.8,34.37349039747438
5,3,77,2,69.35,79.43900341241634
11,12,50,0,63.95,32.743782053359304
11,12,50,1,18.9,13.341269567931326
11,12,50,2,11.3,6.790860731430457
11,12,50,3,17.0,17.935557156841153
11,12,50,4,12.05,6.468343967679094
11,12,50,5,24.5,29.63550502175957
10,44,104,0,67.6,26.302691477249404
10,44,104,1,21.15,14.419559085163675
10,44,104,2,13.0,9.067002057780151
10,44,104,3,9.25,4.865290600938339
10,44,104,4,10.95,7.67411918484186
10,44,104,5,7.25,5.189817966587633
11,12,50,0,44.65,23.684938585300863
11,12,50,1,15.3,11.832604375867112
11,12,50,2,10.7,6.759788224649147
11,12,50,3,9.75,7.628719972646304
11,12,50,4,9.65,6.729940955399082
11,12,50,5,36.0,39.30849647006156
5,3,77,0,89.6,60.47826925955784
5,3,77,1,39.8,40.33882810186209
5,3,77,2,73.25,80.90467099910663
10,44,104,0,56.6,25.32816198372247
10,44,104,1,16.85,11.485803594460698
10,44,104,2,14.25,8.32798073712318
10,44,104,3,12.75,12.451484798376878
10,44,104,4,9.7,4.63510631229919
10,44,104,5,7.6,4.4295657384871205
10,33,104,0,54.55,29.71172903257673
10,33,104,1,20.65,18.471243653453957
10,33,104,2,10.65,9.149489488202981
10,33,104,3,10.7,8.93897439071702
10,33,104,4,7.8,5.053399064517184
10,33,104,5,6.5,4.006573545930159
11,12,50,0,50.1,25.50933781558184
11,12,50,1,22.85,20.040157053697015
11,12,50,2,11.0,5.991221648554263
11,12,50,3,14.35,12.570956501731326
11,12,50,4,9.65,5.769931131578426
11,12,50,5,29.5,57.59431624004139
6,39,77,0,74.4,50.8707340122724
6,39,77,1,29.15,27.251798588639787
6,39,77,2,22.75,17.078379684020934
6,39,77,3,30.2,32.40467802485834
10,33,104,0,53.05,23.87131068216009
10,33,104,1,14.45,12.015231561384251
10,33,104,2,10.7,7.306089745439831
10,33,104,3,11.8,11.376800031088198
10,33,104,4,11.7,7.827750903709592
10,33,104,5,10.6,11.463443039322414
11,12,50,0,62.65,30.01802090324025
11,12,50,1,15.35,10.584372790506817
11,12,50,2,19.35,19.754479838360982
11,12,50,3,11.6,9.17892322546318
11,12,50,4,9.6,5.761944116355173
11,12,50,5,24.6,29.204181387710832
6,39,77,0,90.55,73.70101406143752
6,39,77,1,34.3,35.47882986262446
6,39,77,2,22.15,16.66156939597354
6,39,77,3,17.6,14.195625716173423
10,32,104,0,48.8,21.237008412575193
10,32,104,1,16.3,12.405856002626127
10,32,104,2,14.65,9.707701771491053
10,32,104,3,11.35,4.95532674582562
10,32,104,4,8.6,5.519343973221532
10,32,104,5,10.0,5.078333750770082
11,22,50,0,42.85,15.11804429011553
11,22,50,1,19.8,14.845165791206949
11,22,50,2,11.6,9.477952254963538
11,22,50,3,10.55,7.059707761955202
11,22,50,4,10.45,7.007326992437799
11,22,50,5,52.35,52.04175954790638
10,32,104,0,49.25,27.672663691619455
10,32,104,1,16.35,10.917272649579802
10,32,104,2,12.6,8.487762088039338
10,32,104,3,12.85,12.683495284486014
10,32,104,4,9.85,6.861601777090276
10,32,104,5,9.35,7.4358661407503766
6,38,77,0,111.35,79.79135621303719
6,38,77,1,22.0,9.525588806224167
6,38,77,2,23.5,25.077773761681982
6,38,77,3,20.7,15.138309715837883
10,36,104,0,51.25,21.768821257646646
10,36,104,1,16.4,17.613989655354843
10,36,104,2,14.9,14.007141035914502
10,36,104,3,10.7,7.240965332562256
10,36,104,4,8.6,6.377592352175412
10,36,104,5,8.95,5.443247869463694
11,22,50,0,52.7,18.356412904945294
11,22,50,1,14.8,10.976529985670144
11,22,50,2,12.2,9.627810594424117
11,22,50,3,12.4,8.362825007451917
11,22,50,4,10.9,6.8740549589705315
11,22,50,5,59.0,68.5818757705746
10,36,104,0,49.05,27.55563749752012
10,36,104,1,14.35,13.019317631079877
10,36,104,2,17.7,24.836518104978957
10,36,104,3,8.3,4.824280693588041
10,36,104,4,9.05,7.082038065267281
10,36,104,5,7.25,5.523871639958412
11,20,50,0,51.25,25.494839519111768
11,20,50,1,22.75,22.515199544448098
11,20,50,2,18.4,22.94707870411028
11,20,50,3,11.8,10.556115713053188
11,20,50,4,10.05,13.469165566308538
11,20,50,5,34.3,34.06356287573972
6,38,77,0,129.05,64.25973200920416
6,38,77,1,31.35,22.33777777196008
6,38,77,2,24.3,10.260296497203495
6,38,77,3,23.45,16.93478202119127
11,1,104,0,44.9,26.854187167387
11,1,104,1,14.1,16.098054802399343
11,1,104,2,9.25,6.042611843792123
11,1,104,3,10.55,13.850612754828232
11,1,104,4,10.0,9.341475145539746
11,1,104,5,15.0,21.170983121144598
11,1,104,0,52.3,23.706761194135936
11,1,104,1,18.7,17.44796775980998
11,1,104,2,10.85,9.348655968696924
11,1,104,3,10.35,8.260718714749371
11,1,104,4,7.8,5.011565571124876
11,1,104,5,25.25,40.49155207538585
11,20,50,0,57.05,21.278788548816944
11,20,50,1,13.45,9.456131399924157
11,20,50,2,12.4,6.418722614352485
11,20,50,3,11.6,8.79832519947913
11,20,50,4,9.35,6.998308066202408
11,20,50,5,68.85,51.09874341847721
6,42,77,0,89.5,37.39617205290572
6,42,77,1,28.35,29.182321613210316
6,42,77,2,29.15,37.28026852173455
6,42,77,3,17.15,14.397642350855847
11,13,50,0,48.15,25.567814883066113
11,13,50,1,23.6,31.098146839355326
11,13,50,2,10.65,8.273451516749223
11,13,50,3,8.5,4.684801855047088
11,13,50,4,12.3,9.188665787118847
11,13,50,5,17.2,21.958333749459033
11,1,104,0,56.5,31.26710058427817
11,1,104,1,21.9,20.167456849823026
11,1,104,2,10.6,7.036745659300484
11,1,104,3,11.2,7.633720207770672
11,1,104,4,8.5,5.155477414209187
11,1,104,5,39.0,50.83513082815653
6,42,77,0,84.2,40.36621828890302
6,42,77,1,40.35,45.28421939611844
6,42,77,2,22.35,13.003137273264803
6,42,77,3,20.5,13.805033407001268
11,13,50,0,45.5,26.330890404118204
11,13,50,1,19.65,22.259888399966144
11,13,50,2,15.4,14.40540834109482
11,13,50,3,10.75,6.812334015360822
11,13,50,4,8.55,7.192649756961324
11,13,50,5,36.5,74.83279607512372
11,1,104,0,51.1,30.468102388529132
11,1,104,1,18.5,19.0442697556592
11,1,104,2,10.75,6.323515011863509
11,1,104,3,10.15,7.610761079585031
11,1,104,4,9.15,6.768930569346356
11,1,104,5,32.7,48.51706156763716
11,10,50,0,56.65,27.224746869443308
11,10,50,1,14.7,10.463470290793385
11,10,50,2,12.85,7.36474532378483
11,10,50,3,10.3,6.6261046745350125
11,10,50,4,11.8,9.000584776323674
11,10,50,5,42.45,41.074354913728676
11,9,104,0,40.8,19.19868416543724
11,9,104,1,13.35,10.353107847659231
11,9,104,2,10.7,11.832604375867108
11,9,104,3,8.55,6.386457711851161
11,9,104,4,9.55,6.427531244166523
11,9,104,5,29.65,40.38143789311854
6,39,77,0,96.75,53.812417858608384
6,39,77,1,61.1,55.93972319898399
6,39,77,2,35.95,32.68425502158171
6,39,77,3,24.3,25.58803174183299
11,10,50,0,42.2,20.6030145980222
11,10,50,1,14.6,10.429714635042565
11,10,50,2,17.4,13.941230029550553
11,10,50,3,7.55,4.334379091088268
11,10,50,4,7.75,4.387482193696061
11,10,50,5,38.9,42.73406135625305
11,9,104,0,52.9,25.22091863596775
11,9,104,1,19.2,12.763434614471713
11,9,104,2,9.3,9.782368672366896
11,9,104,3,8.85,6.5395557550711505
11,9,104,4,9.85,8.00838376492509
11,9,104,5,35.6,31.62344233734142
11,10,50,0,48.95,20.100995000248123
11,10,50,1,12.65,9.160987076212166
11,10,50,2,11.45,9.433841657620327
11,10,50,3,10.0,9.386440388022221
11,10,50,4,9.15,6.132527597723642
11,10,50,5,29.55,44.357963742358834
6,39,77,0,132.1,90.02859194956373
6,39,77,1,34.2,24.182638400306942
6,39,77,2,26.2,19.66990755336422
6,39,77,3,26.05,25.06302581808299
11,6,104,0,59.0,23.532731963888313
11,6,104,1,15.2,11.427575144544468
11,6,104,2,9.1,4.983129433134205
11,6,104,3,9.7,6.266871963789137
11,6,104,4,9.3,5.992100062406729
11,6,104,5,15.95,17.682804612033927
11,10,50,0,52.75,31.512528836705734
11,10,50,1,15.1,15.5153574173937
11,10,50,2,12.95,10.937501879699088
11,10,50,3,9.2,6.262671365446134
11,10,50,4,8.2,4.348018302387278
11,10,50,5,28.5,34.81756967243315
11,6,104,0,54.65,29.293927878082783
11,6,104,1,12.65,10.322560881772251
11,6,104,2,10.45,5.4141627140987225
11,6,104,3,6.85,4.749238166053029
11,6,104,4,8.75,6.750243660319546
11,6,104,5,20.65,26.318444602897596
11,5,50,0,56.9,29.40085927852772
11,5,50,1,18.7,26.002226625304306
11,5,50,2,13.4,10.994735582373766
11,5,50,3,9.45,4.882568349159131
11,5,50,4,7.7,3.8946657177005033
11,5,50,5,19.2,19.935686066633583
6,46,77,0,117.95,47.07829424983114
6,46,77,1,53.8,54.16504990839524
6,46,77,2,26.85,17.622578221074654
6,46,77,3,29.05,19.82681597178295
11,17,104,0,55.05,18.155686364564165
11,17,104,1,18.45,9.11028915134161
11,17,104,2,12.95,7.863807836170117
11,17,104,3,9.95,6.021671388891083
11,17,104,4,9.65,5.382965334225522
11,17,104,5,36.65,40.93290402083569
11,5,50,0,51.15,21.94796477796374
11,5,50,1,20.2,17.987129901828784
11,5,50,2,10.9,7.489641970221625
11,5,50,3,9.15,5.489463591856293
11,5,50,4,8.4,5.547877735532846
11,5,50,5,14.1,15.193142497435097
11,17,104,0,53.9,20.491076363293264
11,17,104,1,14.2,8.513765942655212
11,17,104,2,14.5,7.917336075114899
11,17,104,3,9.95,10.84083411046061
11,17,104,4,8.5,5.69856861067113
11,17,104,5,45.9,48.86921321241012
11,23,50,0,56.45,39.055257749690206
11,23,50,1,16.35,12.291524679524848
11,23,50,2,13.55,10.55549245902964
11,23,50,3,8.15,5.659412281184421
11,23,50,4,7.5,6.100043140485932
11,23,50,5,7.45,5.77175518319487
6,46,77,0,116.0,96.60990468999816
6,46,77,1,27.0,17.982447582368522
6,46,77,2,25.6,19.8584464331136
6,46,77,3,24.15,18.41130945341677
11,23,50,0,59.05,35.03903837901828
11,23,50,1,18.9,16.886307127997306
11,23,50,2,9.4,4.892529213531908
11,23,50,3,12.0,12.657429688360489
11,23,50,4,8.0,4.116718161479193
11,23,50,5,11.65,13.039514844058465
11,12,104,0,52.25,24.397745797511707
11,12,104,1,22.05,16.057380660749452
11,12,104,2,13.25,8.365813893774064
11,12,104,3,11.55,8.43223763771796
11,12,104,4,10.65,6.019923062980998
11,12,104,5,36.65,53.788352290298526
11,3,50,0,57.3,20.175806251417484
11,3,50,1,15.6,11.33880157038792
11,3,50,2,12.55,11.22251027364668
11,3,50,3,13.05,7.366174469545877
11,3,50,4,9.55,5.355518550744495
11,3,50,5,30.1,49.15485733882257
6,35,77,0,130.55,76.40162233052936
6,35,77,1,33.1,29.770879448848916
6,35,77,2,28.65,16.125413091403924
6,35,77,3,25.3,14.607496273092835
11,12,104,0,58.75,35.12964709847166
11,12,104,1,14.9,10.73067418296971
11,12,104,2,16.7,14.179674111020212
11,12,104,3,13.9,12.160765211380236
11,12,104,4,11.45,7.250952750464844
11,12,104,5,21.25,29.033329304892263
11,3,50,0,56.4,29.37309904263459
11,3,50,1,14.6,12.84891967607025
11,3,50,2,11.1,6.307055364305996
11,3,50,3,8.65,5.122448016740679
11,3,50,4,13.75,14.649860786117783
11,3,50,5,13.0,19.125623484849076
11,10,104,0,47.75,17.07221503835368
11,10,104,1,19.85,12.633601811709996
11,10,104,2,12.3,10.687424976652652
11,10,104,3,11.2,8.847241615923368
11,10,104,4,12.95,12.567606647333662
11,10,104,5,42.2,64.1770577141248
11,19,50,0,54.3,30.361159398152108
11,19,50,1,16.2,14.791889669680478
11,19,50,2,12.25,8.619897422762486
11,19,50,3,11.7,13.52619291363398
11,19,50,4,11.05,11.15665956420554
11,19,50,5,35.25,72.44371681010823
6,35,77,0,118.4,62.021558221400134
6,35,77,1,43.05,29.410837601487184
6,35,77,2,36.65,32.507934254173776
6,35,77,3,32.1,22.409819276379718
11,10,104,0,60.8,33.22110933221764
11,10,104,1,15.2,10.77326124693618
11,10,104,2,14.1,12.126091920448149
11,10,104,3,13.6,10.358825375393424
11,10,104,4,11.95,8.035939011059858
11,10,104,5,30.25,44.697668607516526
11,19,50,0,57.25,22.416805256207603
11,19,50,1,16.3,11.801427210745587
11,19,50,2,11.7,5.252568294102469
11,19,50,3,12.05,11.028551462835953
11,19,50,4,9.75,6.703298481070031
11,19,50,5,13.7,8.47969711474972
11,19,50,0,48.1,21.068559763930608
11,19,50,1,15.75,10.48746118492284
11,19,50,2,8.65,5.815360784390903
11,19,50,3,9.25,6.4959501553700845
11,19,50,4,6.0,3.178877656956105
11,19,50,5,30.5,54.503983437234346
6,28,77,0,109.9,70.8117593564649
6,28,77,1,40.95,34.2613408039471
6,28,77,2,27.45,20.69191298932737
6,28,77,3,31.55,26.29083290306418
11,21,104,0,57.9,34.83177617605722
11,21,104,1,18.4,15.631951085416118
11,21,104,2,8.65,5.373179006098619
11,21,104,3,11.4,8.165395533011633
11,21,104,4,9.6,4.476840991498123
11,21,104,5,43.4,50.15911524444249
11,19,50,0,53.4,27.288709830450514
11,19,50,1,15.6,11.13269249127376
11,19,50,2,11.85,9.729364127001798
11,19,50,3,10.55,9.167878707749137
11,19,50,4,5.9,4.700503892361462
11,19,50,5,34.35,42.358464014694995
11,21,104,0,47.65,23.35825110612612
11,21,104,1,19.55,21.23669862339843
11,21,104,2,11.65,9.831608531455545
11,21,104,3,10.25,6.0686858024139845
11,21,104,4,8.5,5.92496946472256
11,21,104,5,25.65,39.96877070387514
6,28,77,0,94.05,38.78344057916852
6,28,77,1,30.5,37.31022154288215
6,28,77,2,26.3,23.36236289419373
6,28,77,3,15.65,11.375296410250268
11,15,50,0,51.95,24.818233958968662
11,15,50,1,18.9,15.454176747642316
11,15,50,2,13.5,8.049190871398848
11,15,50,3,9.95,6.082546211994829
11,15,50,4,10.15,5.914077763225107
11,15,50,5,28.4,25.76492924398141
11,7,104,0,56.3,25.729565218164677
11,7,104,1,19.9,13.749258353204288
11,7,104,2,15.2,9.578484662046112
11,7,104,3,11.45,6.056531924077378
11,7,104,4,9.35,6.6591843976650225
11,7,104,5,30.6,29.30133821265902
6,47,77,0,88.4,46.3946457890858
6,47,77,1,39.1,42.47339724679686
6,47,77,2,19.65,18.184073424724986
6,47,77,3,19.9,13.958208300042253
11,15,50,0,53.85,21.213885720641112
11,15,50,1,19.9,19.520299825134806
11,15,50,2,10.15,6.02865962234602
11,15,50,3,10.5,9.15653347414609
11,15,50,4,9.95,9.213691185575838
11,15,50,5,14.8,12.792267401174737
11,7,104,0,56.65,24.709416487604372
11,7,104,1,15.8,12.609937601581915
11,7,104,2,13.1,8.902394710354477
11,7,104,3,10.8,9.976815228581872
11,7,104,4,9.65,5.499042978938291
11,7,104,5,28.8,28.669808069410614
11,17,50,0,51.4,19.437890290547696
11,17,50,1,17.95,13.355365568702497
11,17,50,2,13.3,9.586723275337341
11,17,50,3,8.65,5.029125695700785
11,17,50,4,8.3,6.1908251299381485
11,17,50,5,49.5,52.38471050542174
6,47,77,0,100.05,69.1478012741738
6,47,77,1,28.2,29.436103861182374
6,47,77,2,29.3,26.598575347681983
6,47,77,3,18.95,9.13336854904211
11,11,104,0,53.25,20.870212971450105
11,11,104,1,14.55,11.12358802393885
11,11,104,2,9.85,9.382374292705501
11,11,104,3,12.45,9.800510190801292
11,11,104,4,10.65,7.307350300967693
11,11,104,5,20.55,21.678208801515527
11,17,50,0,59.2,21.51278689523977
11,17,50,1,16.35,11.249678357975162
11,17,50,2,10.1,6.957767336997513
11,17,50,3,9.35,5.860438280718027
11,17,50,4,7.4,3.2670604846752247
11,17,50,5,42.3,52.101217280455764
11,11,104,0,51.8,42.10963135235903
11,11,104,1,19.95,15.06293813514342
11,11,104,2,10.95,13.743802431028973
11,11,104,3,8.45,5.325954325159409
11,11,104,4,10.2,10.59592771825697
11,11,104,5,18.75,22.154659721341265
6,32,77,0,94.6,48.57051303869566
6,32,77,1,38.05,25.421654673049694
6,32,77,2,26.75,16.44408388256525
6,32,77,3,24.85,18.379837351092956
11,17,50,0,64.2,23.424233964894245
11,17,50,1,16.8,12.361229712289955
11,17,50,2,10.55,10.903765646012294
11,17,50,3,10.9,7.545650542217229
11,17,50,4,7.95,4.2112006039033325
11,17,50,5,59.65,61.19965170179527
11,1,104,0,51.35,25.11924194297021
11,1,104,1,13.4,9.91224654550861
11,1,104,2,10.85,7.23496626406131
11,1,104,3,11.65,12.376867216919763
11,1,104,4,10.2,5.745478771676863
11,1,104,5,33.6,42.064361712924985
6,32,77,0,93.55,57.98863318743914
6,32,77,1,40.4,26.69792028170773
6,32,77,2,28.1,24.627541279504218
6,32,77,3,21.7,13.826366878273973
11,17,50,0,52.15,21.134344709874245
11,17,50,1,19.65,17.2024325085299
11,17,50,2,9.8,6.724660038364687
11,17,50,3,9.4,7.450891857602297
11,17,50,4,8.8,4.94815223354292
11,17,50,5,26.05,31.236744557112797
11,1,104,0,52.55,33.263659639786766
11,1,104,1,12.5,10.169614183024787
11,1,104,2,13.6,13.827508813954884
11,1,104,3,8.25,5.919414978206083
11,1,104,4,9.25,7.002818981253943
11,1,104,5,29.35,38.96189096243175
11,9,50,0,55.5,30.188007378323007
11,9,50,1,15.35,13.148043680775437
11,9,50,2,10.95,6.336818062552745
11,9,50,3,10.6,6.064564895227114
11,9,50,4,10.0,7.152474728151238
11,9,50,5,27.2,25.52315769937898
11,5,104,0,49.25,19.504048162800512
11,5,104,1,18.35,15.135441154699402
11,5,104,2,12.5,12.309602584546491
11,5,104,3,9.85,6.807696882360822
11,5,104,4,7.75,6.950009466104875
11,5,104,5,25.85,27.007357671957703
6,35,77,0,100.9,44.622274352850425
6,35,77,1,54.15,43.88414771933746
6,35,77,2,27.05,19.874540709688176
6,35,77,3,23.55,19.664220781596416
11,9,50,0,46.4,25.425639773558046
11,9,50,1,20.35,17.184065446312697
11,9,50,2,10.3,7.954475734485982
11,9,50,3,9.8,4.818822743324239
11,9,50,4,7.4,3.454973531774615
11,9,50,5,19.9,25.69640564666379
11,5,104,0,54.5,25.54356443824014
11,5,104,1,16.0,15.515696636157307
11,5,104,2,10.6,6.142175167599317
11,5,104,3,9.2,10.395343086918142
11,5,104,4,8.95,4.946822478276226
11,5,104,5,20.3,24.120530674095875
12,42,50,0,40.45,18.187546346477394
12,42,50,1,18.9,17.286745759320013
12,42,50,2,13.7,16.559621150001558
12,42,50,3,10.05,8.016266357587519
12,42,50,4,10.75,11.167975833181512
12,42,50,5,12.6,13.031944557408478
12,42,50,6,9.55,9.063954057578554
6,35,77,0,101.0,53.113582364391014
6,35,77,1,40.6,48.930025223997724
6,35,77,2,40.55,44.84766613654201
6,35,77,3,26.25,18.903842550071523
11,5,104,0,51.4,22.200995710244975
11,5,104,1,14.85,11.802207643621506
11,5,104,2,11.65,11.930831355865577
11,5,104,3,13.4,19.661343317602476
11,5,104,4,12.05,8.864328276269651
11,5,104,5,31.05,33.820695937313445
12,42,50,0,59.4,27.261694738221983
12,42,50,1,26.45,21.544262882677018
12,42,50,2,10.2,8.08246965905061
12,42,50,3,12.45,10.565460111534236
12,42,50,4,11.1,15.17927950581942
12,42,50,5,11.25,8.239027791394347
12,42,50,6,10.65,8.517937729162776
11,5,104,0,50.9,24.891131373495895
11,5,104,1,16.05,14.058056315452042
11,5,104,2,11.0,9.733285267845753
11,5,104,3,10.25,6.671818185077952
11,5,104,4,9.1,9.425050607151583
11,5,104,5,31.1,41.7925956675531
6,45,77,0,89.4,67.40326401592137
6,45,77,1,31.3,23.70232056149777
6,45,77,2,24.6,23.908597880920972
6,45,77,3,21.2,13.896610718937342
12,25,50,0,53.25,20.73612408588604
12,25,50,1,18.2,15.982226970837589
12,25,50,2,11.3,7.616464160999477
12,25,50,3,12.1,9.278724957778696
12,25,50,4,8.1,3.5673962198603175
12,25,50,5,6.5,2.781517949836592
12,25,50,6,6.75,3.5075107382511845
12,25,50,0,55.55,25.174078146504506
12,25,50,1,13.85,9.647879505226442
12,25,50,2,8.8,6.653847323956742
12,25,50,3,9.7,8.991809138262855
12,25,50,4,10.2,11.642029123192536
12,25,50,5,6.45,4.2485291572496005
12,25,50,6,6.4,4.309109078757647
11,9,104,0,50.8,20.29155904362828
11,9,104,1,21.25,21.432574814004376
11,9,104,2,11.7,7.49104728817568
11,9,104,3,9.0,6.078434701553734
11,9,104,4,8.3,4.449719092257398
11,9,104,5,48.65,49.732203905147394
6,45,77,0,89.4,60.637316979944906
6,45,77,1,46.1,47.053049568377716
6,45,77,2,18.35,14.918286200428476
6,45,77,3,31.35,39.65943838018358
12,29,50,0,53.3,28.052769822904157
12,29,50,1,20.65,18.977202389349063
12,29,50,2,12.6,15.951901388070853
12,29,50,3,12.4,13.705166140815967
12,29,50,4,9.95,13.116783142218978
12,29,50,5,7.7,3.1136372367546707
12,29,50,6,8.15,5.70572196640309
11,9,104,0,53.3,29.538734605687893
11,9,104,1,16.2,18.933679265433746
11,9,104,2,14.7,13.814942329917537
11,9,104,3,13.3,11.074389611313027
11,9,104,4,9.7,7.733045971672481
11,9,104,5,25.45,26.867070433603484
12,29,50,0,51.5,23.157356453074193
12,29,50,1,20.15,19.929546961867025
12,29,50,2,9.9,6.422821154208435
12,29,50,3,8.3,3.785011993306452
12,29,50,4,11.9,6.773788491406843
12,29,50,5,10.45,7.39469938181184
12,29,50,6,7.45,3.1367935354770364
11,19,104,0,51.75,21.91580780119563
11,19,104,1,18.4,17.613989655354843
11,19,104,2,13.5,10.625193496690084
11,19,104,3,10.05,6.227908325052894
11,19,104,4,10.6,8.081167190319398
11,19,104,5,43.9,42.37414802745457
6,25,77,0,129.5,103.52497791659546
6,25,77,1,56.45,54.39666688705341
6,25,77,2,30.526315789473685,32.629857528637494
6,25,77,3,21.263157894736842,17.757133481327557
12,35,50,0,57.3,23.147354060453647
12,35,50,1,22.8,25.122018021522162
12,35,50,2,15.5,9.779139990171346
12,35,50,3,12.0,5.703184705887903
12,35,50,4,13.5,9.730581201876678
12,35,50,5,12.2,8.59987760010816
12,35,50,6,10.35,6.106726231227162
12,35,50,0,51.25,26.147104096468865
12,35,50,1,19.8,14.522577703627364
12,35,50,2,11.3,7.526094954434066
12,35,50,3,11.8,6.810209054678208
12,35,50,4,8.45,4.946822478276227
12,35,50,5,8.0,3.8388594797495723
12,35,50,6,9.7,6.837204722768847
11,19,104,0,63.8,33.77728916236314
11,19,104,1,17.5,11.459310165698641
11,19,104,2,15.7,9.228673851243828
11,19,104,3,9.7,8.700272228045813
11,19,104,4,12.6,12.684013975327995
11,19,104,5,39.15,32.379777639755346
12,42,50,0,54.45,22.281630385399964
12,42,50,1,18.65,14.474205732230953
12,42,50,2,14.15,11.708184272011113
12,42,50,3,11.15,13.27155644701539
12,42,50,4,12.0,9.635460822563594
12,42,50,5,8.2,5.434780778031728
12,42,50,6,8.5,4.322523629353088
6,25,77,0,136.1,89.46266495612923
6,25,77,1,39.35,29.7998145525844
6,25,77,2,31.85,21.4458313947146
6,25,77,3,29.473684210526315,21.42783345986303
11,19,104,0,52.95,22.607579073818304
11,19,104,1,15.2,11.199624053840754
11,19,104,2,11.95,9.539254080956887
11,19,104,3,9.2,5.9080676331517
11,19,104,4,8.25,4.929769931644616
11,19,104,5,22.75,28.70517099940816
12,42,50,0,48.55,24.079856180721066
12,42,50,1,14.1,9.63491457914228
12,42,50,2,13.7,7.269981539106366
12,42,50,3,10.3,8.621271123765549
12,42,50,4,11.6,14.232653338454906
12,42,50,5,11.2,8.947801847087185
12,42,50,6,8.6,4.706099066217437
11,19,104,0,45.3,15.941009675478034
11,19,104,1,15.7,13.274827781616564
11,19,104,2,11.45,8.068620178131289
11,19,104,3,8.1,4.241399967488391
11,19,104,4,8.85,4.2460507967311285
11,19,104,5,27.25,34.890618555105824
12,47,50,0,46.05,21.8161577011651
12,47,50,1,11.2,9.440115967173508
12,47,50,2,12.6,10.674120202867456
12,47,50,3,8.5,4.489754418322021
12,47,50,4,8.7,4.130757544898616
12,47,50,5,8.75,6.2312877776925895
12,47,50,6,9.0,6.727789971063071
6,41,77,0,134.35,59.44327238282687
6,41,77,1,31.25,21.255030364350777
6,41,77,2,23.3,23.15644732318796
6,41,77,3,18.9,11.025807047678258
11,11,104,0,53.85,24.166690865081655
11,11,104,1,16.6,12.321995737191617
11,11,104,2,18.7,20.680781823763464
11,11,104,3,12.2,7.844542185829786
11,11,104,4,10.75,8.142642788367139
11,11,104,5,30.85,35.61087208320397
12,47,50,0,54.2,29.163062433947427
12,47,50,1,11.0,7.391317808575709
12,47,50,2,12.5,8.617607434476048
12,47,50,3,11.8,10.660305120546875
12,47,50,4,8.9,5.437685266051316
12,47,50,5,6.55,4.173538193503394
12,47,50,6,7.3,4.669047011971501
12,43,50,0,47.7,21.863451838988954
12,43,50,1,17.95,18.062683253486718
12,43,50,2,21.15,19.367022975856884
12,43,50,3,8.55,4.122786487444218
12,43,50,4,10.45,5.452908446537112
12,43,50,5,10.6,10.73312629199899
12,43,50,6,8.55,6.082546211994829
11,11,104,0,55.55,25.415442881093085
11,11,104,1,17.2,9.174334910642383
11,11,104,2,11.9,7.188441013914374
11,11,104,3,9.8,5.0220566137369405
11,11,104,4,10.2,6.771457123762017
11,11,104,5,51.45,56.36579309811003
6,41,77,0,122.65,54.22397508191566
6,41,77,1,42.3,38.769358492174426
6,41,77,2,33.35,31.97083374775071
6,41,77,3,25.5,17.288572435053894
12,43,50,0,54.7,23.978279645062987
12,43,50,1,11.75,11.125480474544625
12,43,50,2,13.35,15.058744618117549
12,43,50,3,12.9,9.181789757879166
12,43,50,4,10.45,6.9696711392628625
12,43,50,5,7.85,5.08118303671808
12,43,50,6,8.55,6.786015030929419
11,20,104,0,53.75,27.837640175243227
11,20,104,1,16.8,12.471441059687656
11,20,104,2,11.05,8.592989798912281
11,20,104,3,10.8,7.082966966789523
11,20,104,4,7.95,3.6342667399135835
11,20,104,5,50.75,47.862604895350415
6,25,77,0,90.05,48.51638355941434
6,25,77,1,27.25,30.809901006007795
6,25,77,2,19.2,18.32341039274765
6,25,77,3,15.45,11.227199116431487
12,29,50,0,55.15,34.196452570713426
12,29,50,1,21.3,15.096531494283537
12,29,50,2,9.7,9.285529205789993
12,29,50,3,11.2,8.550777126886434
12,29,50,4,7.15,3.74552364408784
12,29,50,5,6.55,4.160908301649634
12,29,50,6,6.7,3.614299087615307
11,20,104,0,49.35,18.06501416667325
11,20,104,1,11.15,7.4992982127803485
11,20,104,2,10.55,7.903863146055791
11,20,104,3,9.8,5.146281232726771
11,20,104,4,9.2,5.084548316118883
11,20,104,5,46.15,38.18552357276663
12,29,50,0,51.35,23.64935739641054
12,29,50,1,14.35,12.608581037907229
12,29,50,2,12.8,11.852603533667859
12,29,50,3,11.25,8.302662857560566
12,29,50,4,7.15,4.987088592714084
12,29,50,5,10.25,14.18255043502773
12,29,50,6,5.95,3.8453663161346747
6,25,77,0,90.4,70.44699388454003
6,25,77,1,39.6,34.12423124254577
6,25,77,2,27.2,21.264252186536716
6,25,77,3,22.3,17.6578594399208
12,30,50,0,55.25,27.229772792217517
12,30,50,1,11.8,4.287067455548263
12,30,50,2,11.5,12.87388216915407
12,30,50,3,11.25,7.025330110243556
12,30,50,4,8.4,5.452184497013438
12,30,50,5,9.75,4.961695380878554
12,30,50,6,7.85,3.6022653691078457
11,11,104,0,49.15,23.49977603476702
11,11,104,1,22.2,17.30713269450671
11,11,104,2,10.55,6.151379819537283
11,11,104,3,9.1,5.505021631010612
11,11,104,4,10.2,7.695521595810056
11,11,104,5,51.0,43.481393479825
12,30,50,0,58.15,31.913163428278306
12,30,50,1,14.65,11.49496457264292
12,30,50,2,14.15,7.421696500623589
12,30,50,3,10.5,5.951558840470196
12,30,50,4,10.05,6.227908325052895
12,30,50,5,8.8,7.030759485814347
12,30,50,6,9.05,9.86474317429181
6,30,77,0,87.45,49.899346056257144
6,30,77,1,41.95,35.88208026592838
6,30,77,2,23.0,22.28050835666859
6,30,77,3,19.55,12.41168803990819
11,11,104,0,48.0,18.973665961010276
11,11,104,1,19.5,21.29862856963726
11,11,104,2,12.4,8.425525128097982
11,11,104,3,12.3,8.040031421776776
11,11,104,4,8.8,5.827340279822528
11,11,104,5,23.15,22.07469377507099
12,34,50,0,64.2,37.789722913706804
12,34,50,1,22.7,17.79444029080875
12,34,50,2,17.55,14.173641213998534
12,34,50,3,12.3,8.90948636950644
12,34,50,4,11.35,10.534529689999156
12,34,50,5,9.5,5.13501908980206
12,34,50,6,11.4,7.457952308212955
11,10,104,0,55.25,20.28967847531298
11,10,104,1,16.0,16.739490025559004
11,10,104,2,11.7,7.581834245505226
11,10,104,3,13.65,11.961671243909374
11,10,104,4,7.75,5.7204618878659
11,10,104,5,29.8,26.291083139185783
6,30,77,0,103.2,67.21262412750497
6,30,77,1,28.85,24.03566429068972
6,30,77,2,21.4,12.721304137051689
6,30,77,3,16.9,10.867140232927209
12,34,50,0,45.65,22.1342197560819
12,34,50,1,23.35,17.915811893114796
12,34,50,2,14.65,10.032971958287808
12,34,50,3,10.35,6.627494565107264
12,34,50,4,10.15,8.493186123376539
12,34,50,5,6.9,6.223047146653614
12,34,50,6,6.65,3.4834193727307357
11,10,104,0,49.35,21.806022828084615
11,10,104,1,22.25,25.21460520788445
11,10,104,2,16.95,13.414348170600958
11,10,104,3,13.65,12.005590802884955
11,10,104,4,10.05,11.664047325006873
11,10,104,5,24.6,33.817466679684614
12,26,50,0,54.85,31.47810433669059
12,26,50,1,16.6,15.631951085416118
12,26,50,2,12.8,9.299688732764974
12,26,50,3,14.85,13.861248519751594
12,26,50,4,10.1,5.210313658605654
12,26,50,5,9.6,6.628487165655762
12,26,50,6,7.7,4.7139211524567255
6,34,77,0,106.95,71.78584745433352
6,34,77,1,27.65,23.281515143315332
6,34,77,2,30.1,33.30386416650556
6,34,77,3,28.65,20.66595216648312
12,30,104,0,47.8,22.885527488372485
12,30,104,1,16.0,11.525714956702595
12,30,104,2,10.45,5.977809843606251
12,30,104,3,9.85,8.125819796698734
12,30,104,4,8.75,9.419325040071943
12,30,104,5,7.3,4.878524367060187
12,30,104,6,12.5,18.366158811076534
12,26,50,0,57.05,23.893348556934374
12,26,50,1,14.75,10.715826956815842
12,26,50,2,10.1,7.933274362157354
12,26,50,3,16.05,16.86626967149461
12,26,50,4,9.9,8.409893922605308
12,26,50,5,8.1,4.9086390009966365
12,26,50,6,7.25,3.850837229541266
12,30,104,0,52.8,24.622625453239674
12,30,104,1,21.95,32.10095096148366
12,30,104,2,18.35,17.37898004396176
12,30,104,3,10.7,7.004509825443665
12,30,104,4,9.7,6.705064857019812
12,30,104,5,7.9,4.27846504694087
12,30,104,6,7.85,4.258428175549728
6,34,77,0,103.45,52.80198859891548
6,34,77,1,29.6,29.457194635427754
6,34,77,2,21.85,19.475423108706977
6,34,77,3,13.75,11.688388300045117
12,47,50,0,55.75,34.93584345474912
12,47,50,1,14.75,14.31552341084027
12,47,50,2,10.95,7.8033393661404915
12,47,50,3,9.6,5.442522634916547
12,47,50,4,8.2,5.970100942459674
12,47,50,5,8.55,5.345681976088148
12,47,50,6,8.6,6.361065782927955
12,37,104,0,57.7,36.170793684815294
12,37,104,1,17.1,12.552626062009159
12,37,104,2,11.85,7.882525643873023
12,37,104,3,13.4,13.770296025560922
12,37,104,4,8.15,3.688888008172938
12,37,104,5,9.3,4.680305882941278
12,37,104,6,10.75,7.304468711541911
12,47,50,0,55.7,23.081320768557692
12,47,50,1,15.25,14.839048770761982
12,47,50,2,11.55,9.327237984583252
12,47,50,3,10.25,5.571308076584037
12,47,50,4,9.1,6.1121104977611544
12,47,50,5,7.25,4.908370937812045
12,47,50,6,8.15,4.439950213092129
6,46,77,0,106.45,56.55967970578558
6,46,77,1,35.45,27.27149080131697
6,46,77,2,27.2,15.11569417943866
6,46,77,3,21.6,11.659195602839123
12,37,104,0,47.25,31.81504940151834
12,37,104,1,16.8,13.161346915554613
12,37,104,2,11.25,8.570911638547528
12,37,104,3,9.8,5.28752255189915
12,37,104,4,10.55,7.022332795783524
12,37,104,5,12.15,13.27155644701539
12,37,104,6,9.75,8.00575450929879
12,24,50,0,48.35,24.95738473140924
12,24,50,1,18.95,15.551188819000641
12,24,50,2,14.65,11.581632463790056
12,24,50,3,11.2,9.139849129239671
12,24,50,4,8.6,5.195139428755549
12,24,50,5,9.25,7.614909198753663
12,24,50,6,9.6,6.150738081512529
6,46,77,0,85.8,31.354677314137426
6,46,77,1,20.4,12.14994043736754
6,46,77,2,18.45,14.240324508425472
6,46,77,3,15.25,13.273935679407694
12,43,104,0,53.5,20.61297496340849
12,43,104,1,14.4,11.268960630165077
12,43,104,2,11.4,10.137995234188121
12,43,104,3,10.95,7.639750615935329
12,43,104,4,9.8,7.6681158050723255
12,43,104,5,11.05,9.789763719529217
12,43,104,6,7.85,4.704700896583734
12,24,50,0,52.2,21.979895119715298
12,24,50,1,18.9,14.835590208754935
12,24,50,2,14.2,9.955691310686777
12,24,50,3,9.65,4.602916695451174
12,24,50,4,8.15,4.95532674582562
12,24,50,5,8.8,7.395589012519913
12,24,50,6,7.55,4.160908301649633
12,43,104,0,55.85,24.885580267760645
12,43,104,1,12.3,9.509551984576794
12,43,104,2,13.2,9.827994387676997
12,43,104,3,11.1,9.656740214945588
12,43,104,4,7.45,4.673272267288791
12,43,104,5,10.35,9.068598220464425
12,43,104,6,8.7,5.965691383587533
12,24,50,0,60.6,27.178551915260798
12,24,50,1,20.4,15.24674253389021
12,24,50,2,13.45,9.928560610152596
12,24,50,3,9.15,5.640781954005276
12,24,50,4,10.45,6.908994899861758
12,24,50,5,7.1,4.733975740937999
12,24,50,6,9.65,7.24950089026098
6,24,77,0,117.5,64.36695785228548
6,24,77,1,34.0,27.349588662354684
6,24,77,2,27.55,17.542354760017705
6,24,77,3,25.35,20.293309760919524
12,25,104,0,44.15,20.893904928420987
12,25,104,1,13.15,8.07383688869568
12,25,104,2,9.8,6.195074444138751
12,25,104,3,10.35,11.868911181383865
12,25,104,4,9.55,9.616187011054794
12,25,104,5,8.75,6.972691091152079
12,25,104,6,7.05,6.361686304084707
12,24,50,0,54.25,28.964361041222983
12,24,50,1,17.65,11.864475946019876
12,24,50,2,13.2,15.67633147203301
12,24,50,3,12.25,9.957145014616653
12,24,50,4,7.8,3.941680111990718
12,24,50,5,11.2,9.666001187014638
12,24,50,6,9.3,6.744198286402601
12,25,104,0,38.15,23.14547813061413
12,25,104,1,9.2,4.262443084972699
12,25,104,2,8.6,5.780183934425398
12,25,104,3,7.5,4.662278638741271
12,25,104,4,8.2,6.75589411278462
12,25,104,5,7.1,4.745080555025827
12,25,104,6,6.2,3.45801890348247
12,27,50,0,56.55,24.603112768402635
12,27,50,1,13.85,7.499298212780348
12,27,50,2,13.85,12.402355463887961
12,27,50,3,11.6,8.035447781712703
12,27,50,4,9.95,7.639750615935327
12,27,50,5,7.35,4.738143096192854
12,27,50,6,8.05,4.160908301649634
12,37,104,0,48.35,28.056850181466615
12,37,104,1,24.0,33.43335869583268
12,37,104,2,12.1,9.91490106647034
12,37,104,3,11.25,8.55246963409431
12,37,104,4,12.25,8.15555993753567
12,37,104,5,9.35,5.993636976871915
12,37,104,6,9.2,6.296197682979617
6,24,77,0,97.85,53.64235855719757
6,24,77,1,43.8,33.881527337722574
6,24,77,2,33.0,25.212778714896057
6,24,77,3,25.0,28.5988590129415
12,37,104,0,40.65,23.67827118511378
12,37,104,1,11.05,10.801924779749598
12,37,104,2,7.8,6.271069748414036
12,37,104,3,7.15,5.760802210218917
12,37,104,4,7.2,5.845376040310116
12,37,104,5,6.75,6.781359900879997
12,37,104,6,6.1,5.128865679455325
12,27,50,0,69.55,28.474318992826905
12,27,50,1,15.8,13.76723799842449
12,27,50,2,20.15,16.80938021337773
12,27,50,3,11.35,6.335156708899614
12,27,50,4,11.1,6.719179147861191
12,27,50,5,11.3,7.101519481587614
12,27,50,6,9.65,6.690724136719747
12,46,104,0,48.75,26.836493221377726
12,46,104,1,19.75,17.713732407075412
12,46,104,2,12.85,16.560177344588148
12,46,104,3,11.8,10.914018026083895
12,46,104,4,10.15,6.450418183098062
12,46,104,5,9.05,4.37065573786673
12,46,104,6,7.8,4.225237458291234
12,37,50,0,50.5,30.275054869783826
12,37,50,1,16.75,13.045971348314872
12,37,50,2,12.15,9.554690223296507
12,37,50,3,13.05,9.361033456217376
12,37,50,4,8.15,4.003616785910091
12,37,50,5,8.65,5.173566417248764
12,37,50,6,10.2,6.07497021868377
6,28,77,0,108.55,45.25538641974014
6,28,77,1,65.0,69.24783865143183
6,28,77,2,34.85,32.84777489860575
6,28,77,3,32.55,30.617289577175693
12,46,104,0,56.4,19.794736142403323
12,46,104,1,16.2,12.297196942050613
12,46,104,2,13.45,8.407233727414054
12,46,104,3,9.65,5.94956875925076
12,46,104,4,8.35,5.668704483946556
12,46,104,5,7.25,3.1768074010172374
12,46,104,6,7.85,4.738143096192854
12,37,50,0,40.6,17.67960466335805
12,37,50,1,14.3,11.369858583576418
12,37,50,2,14.3,14.991576582236194
12,37,50,3,8.95,6.39469352378657
12,37,50,4,9.35,8.27345151674922
12,37,50,5,9.35,5.940715888102871
12,37,50,6,8.35,7.768187487574258
12,33,104,0,57.0,21.12369584887525
12,33,104,1,23.1,18.398798587779698
12,33,104,2,16.0,10.38723913473187
12,33,104,3,13.55,8.300126822112896
12,33,104,4,12.5,7.243872183475237
12,33,104,5,11.4,6.885530213120081
12,33,104,6,10.7,5.948020457969277
12,30,50,0,53.0,27.179713797339062
12,30,50,1,16.15,15.60119765982896
12,30,50,2,13.95,7.983370874907153
12,30,50,3,10.25,5.683540408842657
12,30,50,4,7.1,3.9323222012872807
12,30,50,5,7.5,2.8745709061939735
12,30,50,6,7.25,3.905124837953327
6,28,77,0,91.95,48.12973148306127
6,28,77,1,40.05,29.861919069716798
6,28,77,2,31.2,25.65274172276205
6,28,77,3,21.6,15.618477586028133
12,30,50,0,53.95,29.79663527454418
12,30,50,1,13.8,11.441383795585862
12,30,50,2,10.0,8.188567126118425
12,30,50,3,9.7,6.860259316872565
12,30,50,4,8.95,5.414162714098722
12,30,50,5,7.9,7.195758984875818
12,30,50,6,7.65,4.5453851669346435
12,33,104,0,53.05,25.940163940560552
12,33,104,1,19.2,18.33776660911918
12,33,104,2,17.55,13.701613427852786
12,33,104,3,17.5,19.74975016497544
12,33,104,4,10.4,7.344170620653033
12,33,104,5,11.6,14.985607129930763
12,33,104,6,9.0,5.758289219624358
6,30,77,0,76.7,34.988870410911794
6,30,77,1,28.85,19.789085242548282
6,30,77,2,17.65,7.882525643873022
6,30,77,3,18.35,16.073106011039226
12,38,50,0,47.5,23.638728258605845
12,38,50,1,15.7,14.353066791309425
12,38,50,2,10.75,7.232055833505946
12,38,50,3,11.45,8.599112561311502
12,38,50,4,10.1,7.070323449758895
12,38,50,5,7.1,3.258995647677202
12,38,50,6,9.55,8.525349197972385
12,42,104,0,57.95,26.577542954037042
12,42,104,1,17.05,14.043072838123503
12,42,104,2,14.4,11.7983049630021
12,42,104,3,10.55,6.065215750924542
12,42,104,4,11.9,8.058339910010197
12,42,104,5,7.7,4.921488863299291
12,42,104,6,9.4,7.762256861180734
12,38,50,0,47.9,26.229553440426894
12,38,50,1,14.2,10.159776209719334
12,38,50,2,9.9,7.37634911835045
12,38,50,3,9.85,8.604007634144745
12,38,50,4,7.35,4.9233599994526624
12,38,50,5,7.0,4.941766144970738
12,38,50,6,7.0,4.941766144970738
6,30,77,0,112.1,47.713950293719954
6,30,77,1,29.85,23.029214855094505
6,30,77,2,33.7,32.25735330285582
6,30,77,3,31.25,24.929110018526323
12,42,104,0,47.85,27.813807627450835
12,42,104,1,13.15,11.554333887288674
12,42,104,2,8.95,5.951337753197307
12,42,104,3,7.55,6.770485483642257
12,42,104,4,10.35,11.056196167046355
12,42,104,5,12.05,13.488689218827204
12,42,104,6,8.4,7.422582895603474
12,42,50,0,64.95,28.368765255210935
12,42,50,1,16.65,14.079754034932945
12,42,50,2,15.85,10.902800219740751
12,42,50,3,14.55,10.865081684000355
12,42,50,4,9.7,5.110360992501822
12,42,50,5,11.15,6.635431211942525
12,42,50,6,10.3,7.363494593708815
12,24,104,0,60.85,27.77972566269755
12,24,104,1,15.1,14.610378430921521
12,24,104,2,11.7,8.417400523852203
12,24,104,3,11.5,8.274882730922917
12,24,104,4,10.45,8.062094543048513
12,24,104,5,7.35,4.891184336183448
12,24,104,6,6.1,3.2265347225451446
12,42,50,0,53.65,29.748551490609987
12,42,50,1,17.55,10.595306806118899
12,42,50,2,12.85,9.510520490488416
12,42,50,3,10.55,4.7292482990094955
12,42,50,4,8.6,5.215361924162118
12,42,50,5,9.2,7.599168929629913
12,42,50,6,9.8,6.279456899077213
12,24,104,0,48.95,28.783173081360903
12,24,104,1,19.8,11.349008767288886
12,24,104,2,17.2,12.784036097702808
12,24,104,3,12.1,8.226401656284862
12,24,104,4,10.5,9.225251387246567
12,24,104,5,9.55,6.0911929520371775
12,24,104,6,10.15,4.67101927341684
7,19,77,0,111.3,69.28286793626317
7,19,77,1,28.85,19.203275488147437
7,19,77,2,21.4,13.196490761602215
7,19,77,3,70.4,77.42459829442211
12,40,50,0,48.1,22.46611483522404
12,40,50,1,19.95,22.229603306354676
12,40,50,2,13.8,11.857043210017013
12,40,50,3,9.2,5.346912537550107
12,40,50,4,12.35,10.32765831714961
12,40,50,5,11.0,8.05899301532472
12,40,50,6,8.4,6.572670690061994
12,39,104,0,58.0,30.333236938346932
12,39,104,1,11.65,10.604244433244643
12,39,104,2,11.7,9.852063636352378
12,39,104,3,10.35,5.622089890498203
12,39,104,4,8.55,3.471310991541956
12,39,104,5,8.75,5.0458424782973035
12,39,104,6,8.7,3.9616583449491536
12,40,50,0,53.95,32.692305548940155
12,40,50,1,18.5,21.629658001530167
12,40,50,2,9.95,6.840090796565727
12,40,50,3,8.85,6.698585868045504
12,40,50,4,9.3,7.6440551376457515
12,40,50,5,11.9,10.85260094946926
12,40,50,6,8.05,4.334379091088268
12,39,104,0,55.6,29.492907265092885
12,39,104,1,13.2,10.288470808577307
12,39,104,2,9.6,4.109040097920169
12,39,104,3,10.8,8.757553130989573
12,39,104,4,8.95,5.1245025432513405
12,39,104,5,8.3,5.629807886784882
12,39,104,6,8.7,5.61107926573095
7,19,77,0,102.65,57.1086453036758
7,19,77,1,40.0,30.592396716212107
7,19,77,2,36.05,26.524020890704453
7,19,77,3,68.6,68.60366723357241
13,9,50,0,50.35,30.196331251538354
13,9,50,1,11.4,8.2487638627347
13,9,50,2,9.1,7.440288619189587
13,9,50,3,10.65,9.246763302850754
13,9,50,4,8.75,5.0458424782973035
13,9,50,5,7.25,6.87386354243376
13,9,50,6,11.45,8.210872124971353
12,45,104,0,48.1,25.83327108085312
12,45,104,1,22.4,22.21047642798089
12,45,104,2,12.0,8.5038690884611
12,45,104,3,11.65,10.663637179440084
12,45,104,4,9.9,10.915464645220222
12,45,104,5,8.15,4.258428175549728
12,45,104,6,8.05,5.53909549902946
13,9,50,0,70.0,38.601881601262576
13,9,50,1,20.25,14.983763141972606
13,9,50,2,11.15,7.32174123667602
13,9,50,3,12.1,6.919841799226034
13,9,50,4,10.85,8.634538966146065
13,9,50,5,9.05,4.406633755218555
13,9,50,6,32.8,33.29232565274497
12,45,104,0,51.75,34.60434259331897
12,45,104,1,13.15,9.056983348136455
12,45,104,2,11.55,15.856179270323342
12,45,104,3,10.75,7.899866754372638
12,45,104,4,9.7,7.086681355301573
12,45,104,5,9.85,6.149668369321356
12,45,104,6,7.85,5.081183036718081
7,19,77,0,111.75,52.73356566143068
7,19,77,1,31.8,22.742494424129884
7,19,77,2,24.5,15.319406337267635
7,19,77,3,70.35,64.30623690796374
12,44,104,0,54.35,22.255159070722407
12,44,104,1,14.45,11.527883815477924
12,44,104,2,11.3,6.63404298416806
12,44,104,3,10.3,6.224738421897953
12,44,104,4,8.05,4.084308870221304
12,44,104,5,8.85,7.278483069257884
12,44,104,6,9.2,4.6407803336576015
13,7,50,0,52.85,22.42243941844161
13,7,50,1,19.6,17.872059934875708
13,7,50,2,16.45,12.816416282088744
13,7,50,3,10.5,7.222042282958617
13,7,50,4,12.35,8.68316580637803
13,7,50,5,6.15,2.207046132634963
13,7,50,6,41.1,42.5736513523762
12,44,104,0,53.0,23.262800664082604
12,44,104,1,20.35,24.13182000683134
12,44,104,2,15.25,10.223167703541641
12,44,104,3,12.05,8.055563621693885
12,44,104,4,9.9,8.497058314499201
12,44,104,5,11.7,14.149948856147113
12,44,104,6,11.3,10.347132834497527
13,7,50,0,46.15,18.83243283051315
13,7,50,1,18.45,15.281481741327518
13,7,50,2,14.25,10.067535108351732
13,7,50,3,9.35,6.0894645862644134
13,7,50,4,8.8,5.317300462690285
13,7,50,5,8.55,5.835237784358062
13,7,50,6,22.65,24.600545565195564
7,19,77,0,112.55,42.99017635644095
7,19,77,1,34.7,24.715433064766383
7,19,77,2,30.0,34.905888509413124
7,19,77,3,51.6,48.394649552023395
12,39,104,0,50.2,30.214322152878008
12,39,104,1,15.3,18.72825054352522
12,39,104,2,8.15,3.977237867242991
12,39,104,3,7.35,4.233637231805096
12,39,104,4,8.65,5.6872433429654885
12,39,104,5,8.85,4.487116058930924
12,39,104,6,8.4,5.641948151779527
13,18,50,0,58.1,26.042273326267047
13,18,50,1,21.45,19.77099150935931
13,18,50,2,10.0,8.777962837637636
13,18,50,3,9.0,5.5440817188478695
13,18,50,4,10.3,8.79054516002997
13,18,50,5,11.8,7.259114053526454
13,18,50,6,32.9,37.23594754365309
12,39,104,0,49.35,22.2882433016531
12,39,104,1,15.95,13.040322081911933
12,39,104,2,10.25,7.397545823482698
12,39,104,3,8.55,4.968055851876911
12,39,104,4,9.7,7.526094954434065
12,39,104,5,6.75,4.940434670840421
12,39,104,6,9.2,5.1257862041374995
7,12,77,0,89.7,44.15534777172642
7,12,77,1,25.85,21.161720654347356
7,12,77,2,27.1,25.871951892674083
7,12,77,3,59.35,51.30330347422494
13,18,50,0,51.8,32.885127017351905
13,18,50,1,18.65,16.08292654698732
13,18,50,2,9.4,5.1748379074538216
13,18,50,3,7.85,5.29423718475297
13,18,50,4,8.0,4.801315609179151
13,18,50,5,6.4,3.7612987678530176
13,18,50,6,27.85,33.32973226162459
12,24,104,0,49.65,19.25254596970981
12,24,104,1,18.85,16.232764138585495
12,24,104,2,14.45,10.961535620427217
12,24,104,3,10.45,11.83427226321923
12,24,104,4,10.95,7.330362237046392
12,24,104,5,8.25,8.484506002429555
12,24,104,6,9.8,6.178059651106614
12,24,104,0,47.15,21.524221362529193
12,24,104,1,17.9,9.118517885108997
12,24,104,2,12.8,11.052982450571047
12,24,104,3,10.5,5.6054484772923345
12,24,104,4,10.55,6.099827435005199
12,24,104,5,7.75,2.593006789525688
12,24,104,6,8.25,4.458876422078595
13,19,50,0,47.6,20.99222913867239
13,19,50,1,15.05,11.568901144197342
13,19,50,2,12.25,9.546975271891368
13,19,50,3,10.4,5.716089940731016
13,19,50,4,8.95,5.072889760907071
13,19,50,5,8.8,5.827340279822529
13,19,50,6,51.2,44.226212755975865
7,12,77,0,88.75,59.49955771618015
7,12,77,1,34.9,39.66424878374665
7,12,77,2,27.85,43.946468632452806
7,12,77,3,27.65,34.58212954996448
12,33,104,0,50.9,19.0840247327444
12,33,104,1,21.1,19.904773296875298
12,33,104,2,12.0,8.429272304235244
12,33,104,3,9.05,5.2261991824591645
12,33,104,4,9.2,6.262671365446135
12,33,104,5,7.75,4.178579461466477
12,33,104,6,7.4,4.523622209550312
13,19,50,0,52.95,20.435971896839675
13,19,50,1,14.75,17.332278982777833
13,19,50,2,11.95,8.629661211865674
13,19,50,3,11.45,10.195329167913377
13,19,50,4,7.9,4.7116875957558975
13,19,50,5,11.75,13.431600602193399
13,19,50,6,45.55,42.36740927199884
7,19,77,0,102.7,53.38548984804569
7,19,77,1,31.4,30.15817947876967
7,19,77,2,32.7,38.58156090809784
7,19,77,3,39.1,41.021047229312344
12,33,104,0,67.75,28.96072658291788
12,33,104,1,22.25,16.029167493239186
12,33,104,2,12.8,9.299688732764974
12,33,104,3,12.95,11.736021920834835
12,33,104,4,9.7,8.645656043415828
12,33,104,5,9.25,7.69056154270319
12,33,104,6,9.6,7.301045346927708
13,5,50,0,53.8,22.063544592834578
13,5,50,1,14.75,7.347573892467032
13,5,50,2,11.65,7.478213971967258
13,5,50,3,10.4,5.245549492063173
13,5,50,4,10.15,8.177472264188912
13,5,50,5,7.9,4.0897818755373345
13,5,50,6,28.7,36.68945065647187
12,25,104,0,47.2,28.52256724254083
12,25,104,1,20.55,25.167805249020656
12,25,104,2,11.7,14.157386020991602
12,25,104,3,11.1,10.482566981723311
12,25,104,4,9.8,10.486080999918038
12,25,104,5,9.0,7.1377425297535515
12,25,104,6,7.7,9.038514083747685
13,5,50,0,49.95,18.97775706341228
13,5,50,1,16.55,12.555036733057419
13,5,50,2,11.25,8.819088149546623
13,5,50,3,10.15,9.969822888148647
13,5,50,4,8.0,4.931104285419668
13,5,50,5,9.25,6.584471365105534
13,5,50,6,19.25,30.38329700414531
12,25,104,0,58.3,39.950100454389215
12,25,104,1,13.35,10.663637179440082
12,25,104,2,11.65,10.111353701864578
12,25,104,3,10.8,13.934432928993974
12,25,104,4,8.05,8.641850435373687
12,25,104,5,9.3,9.448475232042803
12,25,104,6,7.55,6.6370174024180475
13,5,50,0,45.3,28.50687820970858
13,5,50,1,27.8,32.77932596204986
13,5,50,2,9.6,5.950674442093893
13,5,50,3,11.35,9.636962832323208
13,5,50,4,7.55,3.872643595924189
13,5,50,5,9.1,4.610057654622919
13,5,50,6,15.2,18.306168071818966
7,19,77,0,106.9,44.99812861605879
7,19,77,1,40.6,45.50928187570207
7,19,77,2,32.8,24.684535964637327
7,19,77,3,87.0,75.47533581104143
12,43,104,0,47.0,21.028802303407332
12,43,104,1,10.8,6.917559654888953
12,43,104,2,16.1,19.579527439058435
12,43,104,3,12.0,13.871591568078227
12,43,104,4,8.65,5.244295146056081
12,43,104,5,7.95,4.536112409263431
12,43,104,6,6.55,3.4408536272574173
13,5,50,0,54.5,28.684307097857715
13,5,50,1,16.25,16.444083882565245
13,5,50,2,11.45,6.708007783317833
13,5,50,3,10.65,8.190334483241111
13,5,50,4,8.65,4.4399502130921285
13,5,50,5,8.4,5.734475610403779
13,5,50,6,26.3,41.97881671309447
12,43,104,0,50.75,25.851549887365508
12,43,104,1,11.05,9.230812246863334
12,43,104,2,12.85,9.84230931395569
12,43,104,3,11.1,9.936111703753822
12,43,104,4,7.55,5.020746432239145
12,43,104,5,7.3,4.889300886414614
12,43,104,6,7.05,4.806519695054559
7,1,77,0,76.1,53.073831395023376
7,1,77,1,36.7,33.09968993335451
7,1,77,2,27.15,25.9316409045012
7,1,77,3,42.5,43.07582054690861
13,16,50,0,47.95,23.82717378386106
13,16,50,1,13.85,13.02335957949569
13,16,50,2,7.85,5.25432152964035
13,16,50,3,9.0,6.282808624375433
13,16,50,4,8.3,6.440823745943976
13,16,50,5,7.6,4.592900700222602
13,16,50,6,9.35,15.812303670509907
12,26,104,0,68.1,25.0155740963189
12,26,104,1,18.95,10.226256196158674
12,26,104,2,12.65,9.895639656461139
12,26,104,3,8.75,5.2603281866798905
12,26,104,4,9.35,4.5453851669346435
12,26,104,5,8.4,6.839513679233418
12,26,104,6,7.45,5.365337091484855
13,16,50,0,49.35,24.908833774386146
13,16,50,1,16.4,16.968701839129093
13,16,50,2,11.35,9.815535484226281
13,16,50,3,10.6,14.680456037660553
13,16,50,4,9.5,7.598476301553039
13,16,50,5,8.15,5.584518072785078
13,16,50,6,24.75,32.57844783223864
7,1,77,0,75.5,56.89278929428764
7,1,77,1,27.4,34.341014300074114
7,1,77,2,21.0,30.400831013572464
7,1,77,3,53.3,80.3597830811041
12,26,104,0,59.15,24.465389086583006
12,26,104,1,21.85,15.69537310299138
12,26,104,2,16.95,14.031824730346296
12,26,104,3,11.25,7.055233220062515
12,26,104,4,9.6,5.528871589450381
12,26,104,5,10.1,6.5526210103486955
12,26,104,6,10.05,7.33753866662456
13,19,50,0,57.2,25.566425351682586
13,19,50,1,15.8,11.445982977262785
13,19,50,2,10.1,8.434889947180855
13,19,50,3,8.15,3.5876249290552864
13,19,50,4,10.3,8.74251559606092
13,19,50,5,8.7,5.016813834759227
13,19,50,6,25.1,35.21796790216458
12,40,104,0,43.05,17.030854353202603
12,40,104,1,17.25,15.35158143747995
12,40,104,2,15.95,14.61244963072675
12,40,104,3,13.1,12.85915606627597
12,40,104,4,8.85,7.485248651075063
12,40,104,5,9.5,4.285839597165482
12,40,104,6,7.15,4.637093009520876
13,19,50,0,46.35,21.573070444910076
13,19,50,1,15.25,9.2045469313012
13,19,50,2,13.4,8.964256507755794
13,19,50,3,11.55,8.556161214986666
13,19,50,4,11.0,6.680687011630496
13,19,50,5,7.15,4.029823033857755
13,19,50,6,32.25,32.50890566242458
12,40,104,0,55.7,26.11734652436354
12,40,104,1,21.35,21.86387310995975
12,40,104,2,15.1,14.631976518642492
12,40,104,3,7.75,4.38748219369606
12,40,104,4,15.5,18.440516033423453
12,40,104,5,7.45,3.8997300851266754
12,40,104,6,7.25,3.891623933797466
7,20,77,0,121.75,54.76636981905862
7,20,77,1,47.55,47.46131388604274
7,20,77,2,21.2,12.224220995522309
7,20,77,3,91.85,88.41009408909204
12,38,104,0,44.6,28.062711727017476
12,38,104,1,12.5,11.274096999666746
12,38,104,2,9.95,7.221860089886451
12,38,104,3,8.95,6.700157107348893
12,38,104,4,7.85,4.976523834332978
12,38,104,5,5.45,3.3478194002726767
12,38,104,6,7.3,5.813776741499453
13,2,50,0,57.45,27.970802446009376
13,2,50,1,18.25,15.630183350778307
13,2,50,2,14.1,13.416015566635666
13,2,50,3,17.8,13.5514613700205
13,2,50,4,12.25,8.558621384311845
13,2,50,5,8.15,4.67101927341684
13,2,50,6,93.3,74.91616366944699
12,38,104,0,42.55,24.90503014083279
12,38,104,1,13.1,9.957277158995458
12,38,104,2,12.25,8.753194905440617
12,38,104,3,8.6,7.228598175230615
12,38,104,4,7.2,5.463756178577826
12,38,104,5,10.15,10.19945818994426
12,38,104,6,8.6,5.734475610403779
13,2,50,0,55.9,19.21868608247822
13,2,50,1,20.9,18.453069920034558
13,2,50,2,15.55,12.210758845335837
13,2,50,3,10.3,8.335718956773663
13,2,50,4,10.8,7.266360849833981
13,2,50,5,9.05,5.062504061076994
13,2,50,6,58.35,68.3938093535865
7,20,77,0,116.8,74.94250427740204
7,20,77,1,37.55,31.113501892265354
7,20,77,2,24.5,18.30875545513101
7,20,77,3,94.45,88.1986245268091
13,20,104,0,55.2,24.693063163995124
13,20,104,1,25.1,18.398798587779698
13,20,104,2,16.15,18.385563558629936
13,20,104,3,13.0,9.210977432561535
13,20,104,4,11.95,8.494425416583203
13,20,104,5,11.95,8.35070119967873
13,20,104,6,63.5,61.00603939041826
13,22,50,0,47.7,25.114684318562567
13,22,50,1,15.15,15.509844072649303
13,22,50,2,11.05,6.41933756215095
13,22,50,3,8.5,4.358898943540674
13,22,50,4,6.55,3.6774562146307486
13,22,50,5,8.3,4.040583595159699
13,22,50,6,17.35,14.499637019050185
7,14,77,0,70.2,36.83476618630828
7,14,77,1,43.2,87.63717067666279
7,14,77,2,23.4,16.728167232167674
7,14,77,3,33.94736842105263,35.52538010463713
13,22,50,0,48.7,17.538228920966066
13,22,50,1,15.25,9.175912402647088
13,22,50,2,16.3,19.561239870293445
13,22,50,3,11.0,9.475730773096632
13,22,50,4,10.75,8.219841207327804
13,22,50,5,10.9,5.9991227428858735
13,22,50,6,38.0,38.48034358091496
13,20,104,0,63.35,29.36212203718109
13,20,104,1,27.15,26.208224904246737
13,20,104,2,16.1,13.687874003542044
13,20,104,3,11.7,9.084978927067644
13,20,104,4,11.4,8.419276128404139
13,20,104,5,10.1,6.827961088903403
13,20,104,6,53.15,49.98344462761751
13,6,104,0,48.25,24.371845274932774
13,6,104,1,14.7,12.022347612062427
13,6,104,2,9.9,8.064868583130037
13,6,104,3,8.05,3.5015034364954536
13,6,104,4,9.85,7.882525643873021
13,6,104,5,9.4,5.623259964787237
13,6,104,6,25.7,41.42348685417362
13,21,50,0,53.85,28.497968533323842
13,21,50,1,21.0,22.85883452386568
13,21,50,2,10.75,8.723078886675157
13,21,50,3,11.4,8.768364187595985
13,21,50,4,9.1,7.461480028153016
13,21,50,5,9.5,8.684529499724148
13,21,50,6,42.85,43.16464805955521
7,14,77,0,101.6,71.48529477047046
7,14,77,1,37.75,42.95269736030924
7,14,77,2,29.7,22.86366918106218
7,14,77,3,60.25,64.44653026469226
13,6,104,0,53.35,29.00866476725441
13,6,104,1,16.2,14.741991581515494
13,6,104,2,11.75,12.082501483768299
13,6,104,3,11.7,6.079300513779699
13,6,104,4,8.8,5.425087920703997
13,6,104,5,6.95,4.135532804723881
13,6,104,6,17.75,21.051003226499805
13,21,50,0,59.9,26.47322381100134
13,21,50,1,11.55,7.843703475433421
13,21,50,2,11.1,12.552626062009159
13,21,50,3,9.65,11.037138263727224
13,21,50,4,7.45,8.35070119967873
13,21,50,5,7.9,7.939905872436896
13,21,50,6,15.55,22.205914337827828
13,1,50,0,50.05,27.07586806695119
13,1,50,1,13.55,8.647938604387937
13,1,50,2,8.85,6.59565247560447
13,1,50,3,9.7,4.402152583500605
13,1,50,4,8.45,3.2843328249833568
13,1,50,5,6.15,3.910512148447809
13,1,50,6,19.45,22.716733920174352
13,21,104,0,55.6,28.60143537067952
13,21,104,1,10.45,6.4927084608732235
13,21,104,2,10.25,8.251794063302711
13,21,104,3,14.85,13.091881775400076
13,21,104,4,8.75,4.089460136806118
13,21,104,5,9.45,5.735163926441675
13,21,104,6,15.2,18.455066341907592
13,1,50,0,43.85,19.828939510353628
13,1,50,1,14.1,12.082610383696501
13,1,50,2,7.15,4.510514033023871
13,1,50,3,8.15,5.392733902889
13,1,50,4,7.75,6.896795594599293
13,1,50,5,6.15,3.8835008622850102
13,1,50,6,23.55,35.97583253123949
7,11,77,0,119.25,116.59009391882314
7,11,77,1,50.35,66.83307958126566
7,11,77,2,23.36842105263158,16.862880096418845
7,11,77,3,63.36842105263158,64.1545101266516
13,21,104,0,50.85,32.64042537132524
13,21,104,1,10.3,8.885825495520498
13,21,104,2,7.9,4.632834757978839
13,21,104,3,10.25,10.527532824381078
13,21,104,4,9.0,5.409543224222988
13,21,104,5,7.1,3.507885853030959
13,21,104,6,32.75,45.900206397884766
13,0,50,0,52.05,28.706271091871198
13,0,50,1,17.9,11.818362162775614
13,0,50,2,8.6,7.177450067655239
13,0,50,3,13.2,9.96625886626841
13,0,50,4,9.35,6.080815388537436
13,0,50,5,8.95,6.5331140314071074
13,0,50,6,69.85,55.68735564692732
13,19,104,0,48.5,23.66765503248774
13,19,104,1,12.7,8.535375303930541
13,19,104,2,13.05,12.128587369473305
13,19,104,3,9.8,5.2274578706550745
13,19,104,4,11.2,8.401754202796612
13,19,104,5,7.95,4.839258316377788
13,19,104,6,40.6,54.87440204685606
7,11,77,0,114.4,71.47277729833115
7,11,77,1,23.4,16.816032450266654
7,11,77,2,19.05,9.939157011802518
7,11,77,3,39.25,39.35248938825385
13,19,104,0,53.25,27.32817131401992
13,19,104,1,18.05,18.08306855655457
13,19,104,2,13.55,9.207977090830708
13,19,104,3,12.45,8.744772874785195
13,19,104,4,9.75,6.163346664375059
13,19,104,5,11.95,8.574595279692582
13,19,104,6,33.85,46.64792543477599
13,0,50,0,57.15,20.008616564922853
13,0,50,1,16.15,11.526970661521565
13,0,50,2,10.8,7.082966966789523
13,0,50,3,9.55,7.970174666249561
13,0,50,4,12.2,10.273112581163664
13,0,50,5,7.45,5.67983506061483
13,0,50,6,56.5,50.149775672479336
7,10,77,0,87.45,43.897578161227216
7,10,77,1,34.8,37.23128282845799
7,10,77,2,19.95,10.35412452778322
7,10,77,3,60.15,58.69212715069785
13,4,104,0,57.65,28.78463588718632
13,4,104,1,19.85,17.7594304081255
13,4,104,2,9.45,5.216118742594162
13,4,104,3,11.15,4.771350906576062
13,4,104,4,10.95,10.086337815397409
13,4,104,5,8.4,5.481067894412355
13,4,104,6,30.35,31.579932002193384
13,3,50,0,49.65,23.952310074285883
13,3,50,1,18.5,21.470910553583884
13,3,50,2,12.45,8.035939011059858
13,3,50,3,10.05,6.9696711392628625
13,3,50,4,10.1,6.077568765983907
13,3,50,5,10.45,5.4721784366105295
13,3,50,6,41.5,48.47625571783626
13,3,50,0,45.4,19.537817580002987
13,3,50,1,11.45,6.500809666171551
13,3,50,2,8.15,7.102816342831906
13,3,50,3,7.7,5.648474409776036
13,3,50,4,6.3,3.079644545449326
13,3,50,5,7.75,4.59834066181544
13,3,50,6,17.05,32.76948998205817
7,10,77,0,76.55,49.68159142293843
7,10,77,1,29.05,28.34834999375486
7,10,77,2,18.6,14.687624579538847
7,10,77,3,64.2,66.85695649353885
13,4,104,0,55.9,26.009917137001494
13,4,104,1,21.05,20.999937343264925
13,4,104,2,13.1,8.693009896038978
13,4,104,3,10.9,6.576673291182053
13,4,104,4,10.3,7.123718721359838
13,4,104,5,9.85,6.482973651683389
13,4,104,6,36.15,35.99455368158969
13,17,50,0,50.05,18.76860480472082
13,17,50,1,13.0,8.397994748121345
13,17,50,2,10.25,5.729655082849321
13,17,50,3,9.9,7.055419715964533
13,17,50,4,9.8,7.359919908031037
13,17,50,5,8.1,5.729884723741693
13,17,50,6,23.1,28.846052361494895
13,0,104,0,51.7,17.968100388715197
13,0,104,1,21.55,22.64712134605981
13,0,104,2,10.75,6.8967955945992925
13,0,104,3,11.15,7.727428931716994
13,0,104,4,8.45,6.999812027551356
13,0,104,5,7.2,3.7077443845352427
13,0,104,6,51.2,51.473651921203945
13,17,50,0,56.6,20.176588830674657
13,17,50,1,25.35,17.714920859338648
13,17,50,2,16.4,14.975066997477752
13,17,50,3,13.1,10.64202196854279
13,17,50,4,8.2,5.540283101259832
13,17,50,5,10.15,4.987088592714084
13,17,50,6,38.65,29.449823518370327
7,4,77,0,107.8,54.742074648684124
7,4,77,1,54.95,34.74338255810662
7,4,77,2,29.6,17.733109087092902
7,4,77,3,58.65,58.97303130289838
13,13,50,0,39.45,20.145457892145576
13,13,50,1,12.65,8.803557893201326
13,13,50,2,9.1,5.802903084709093
13,13,50,3,12.0,14.458652481436413
13,13,50,4,7.0,3.043543641010729
13,13,50,5,6.55,3.663116303454148
13,13,50,6,14.0,14.282856857085699
13,0,104,0,52.7,18.564538918679286
13,0,104,1,14.55,10.937501879699086
13,0,104,2,14.85,15.472471309427355
13,0,104,3,7.4,5.103146604121607
13,0,104,4,9.2,6.403946151849614
13,0,104,5,8.5,5.365582324800406
13,0,104,6,56.8,60.30937781665119
13,13,50,0,52.8,28.790714877506858
13,13,50,1,20.2,20.278586060955508
13,13,50,2,12.9,8.884640797762346
13,13,50,3,10.75,7.318865313262992
13,13,50,4,10.2,8.17956375107467
13,13,50,5,8.65,4.727021984516813
13,13,50,6,20.65,24.294844590657714
13,16,104,0,45.15,27.817591934828428
13,16,104,1,20.25,14.487290255509082
13,16,104,2,20.45,20.24449242841644
13,16,104,3,11.3,9.515084976250247
13,16,104,4,9.45,7.90386314605579
13,16,104,5,10.75,9.043025809399953
13,16,104,6,39.25,54.8470360951351
13,15,50,0,50.15,22.264616724631413
13,15,50,1,15.95,13.716969897098075
13,15,50,2,16.2,14.944106389793728
13,15,50,3,10.35,6.276732304396343
13,15,50,4,9.35,5.460624602793309
13,15,50,5,9.35,4.380278770268299
13,15,50,6,16.8,22.011002033672067
7,4,77,0,114.05,66.59498558647758
7,4,77,1,39.3,26.455722692035742
7,4,77,2,37.4,29.423227487641014
7,4,77,3,77.9,84.98228917653495
13,16,104,0,43.05,20.280856931962635
13,16,104,1,16.1,15.172343260024142
13,16,104,2,10.45,8.917605295735303
13,16,104,3,12.0,9.43677018788459
13,16,104,4,9.4,6.090544872349703
13,16,104,5,8.6,6.715261487247185
13,16,104,6,28.55,37.863292875401385
13,15,50,0,58.5,28.394773425662983
13,15,50,1,14.7,9.381392557386642
13,15,50,2,11.55,8.331771783518292
13,15,50,3,9.5,5.05235744870389
13,15,50,4,11.1,7.9000333110556875
13,15,50,5,8.55,4.582288557157072
13,15,50,6,15.55,19.475963593484583
13,13,104,0,54.1,28.09176691525566
13,13,104,1,11.5,5.781094414691645
13,13,104,2,20.2,25.025460719246034
13,13,104,3,16.4,22.875866391415535
13,13,104,4,8.7,7.413359207325793
13,13,104,5,12.0,14.860757223747312
13,13,104,6,25.65,40.130412407549464
13,12,50,0,48.1,21.498837177856853
13,12,50,1,10.55,7.4372816199695455
13,12,50,2,10.05,7.394699381811841
13,12,50,3,12.95,12.496209951737155
13,12,50,4,10.85,12.52481746899247
13,12,50,5,10.2,6.978161422760674
13,12,50,6,22.75,39.61508883188191
7,5,77,0,90.9,46.85801622145912
7,5,77,1,41.45,42.31768947030619
7,5,77,2,31.25,27.569767958094207
7,5,77,3,72.9,76.47903049374487
13,13,104,0,52.8,25.261995587297367
13,13,104,1,11.05,7.279929149452805
13,13,104,2,9.2,7.395589012519913
13,13,104,3,7.4,5.641948151779527
13,13,104,4,7.8,4.873127170621821
13,13,104,5,7.4,4.453266098872648
13,13,104,6,19.65,17.07344814555476
13,12,50,0,44.95,20.114082524178766
13,12,50,1,18.45,15.929036710558359
13,12,50,2,12.65,9.82089608946149
13,12,50,3,10.25,5.533391460273851
13,12,50,4,9.25,6.239728401646645
13,12,50,5,9.2,6.841052550594828
13,12,50,6,20.2,15.995394073887251
13,5,104,0,50.5,25.153214715545126
13,5,104,1,14.85,9.280851821159294
13,5,104,2,11.2,8.799521518092243
13,5,104,3,9.9,7.092620330871711
13,5,104,4,8.4,4.569924564619835
13,5,104,5,7.55,4.968055851876911
13,5,104,6,20.3,22.681084166048336
13,12,50,0,56.85,25.01215493988557
13,12,50,1,21.35,21.962348163211175
13,12,50,2,15.85,15.414535177449956
13,12,50,3,9.65,6.002411795971771
13,12,50,4,10.05,6.597248230173419
13,12,50,5,9.45,5.977809843606251
13,12,50,6,19.4,18.799216109077246
7,5,77,0,103.25,49.82165561702112
7,5,77,1,43.5,45.8102493702929
7,5,77,2,31.95,27.17482387489529
7,5,77,3,53.4,67.9228664697956
13,5,104,0,47.15,18.742788086705723
13,5,104,1,16.35,16.174297349091926
13,5,104,2,9.6,5.807436249281921
13,5,104,3,10.0,6.56145041731989
13,5,104,4,8.4,6.159289090898653
13,5,104,5,6.7,4.7250730988497605
13,5,104,6,14.75,20.431850780479714
13,12,50,0,47.4,25.255327733913262
13,12,50,1,15.35,9.675117298350552
13,12,50,2,16.55,18.253982982813426
13,12,50,3,12.1,8.129866963370635
13,12,50,4,14.45,19.419130556720283
13,12,50,5,8.85,4.120232492162752
13,12,50,6,21.5,27.884158868244057
13,19,104,0,50.15,19.73048669605385
13,19,104,1,13.15,6.714281714924421
13,19,104,2,13.05,7.330362237046392
13,19,104,3,7.95,4.297796252916015
13,19,104,4,8.2,4.652107615173782
13,19,104,5,7.75,5.53339146027385
13,19,104,6,37.75,36.54107278118692
13,17,50,0,50.95,25.787542892277518
13,17,50,1,19.5,17.839931555214466
13,17,50,2,15.15,13.452743801525163
13,17,50,3,10.75,8.353221880775925
13,17,50,4,14.85,16.525180148711495
13,17,50,5,9.35,6.310183915911768
13,17,50,6,48.9,52.50954800394827
7,7,77,0,125.55,57.63083513098467
7,7,77,1,37.8,19.645811124431646
7,7,77,2,28.65,16.86252462836171
7,7,77,3,77.65,79.0411451813481
13,19,104,0,55.55,25.856842726626034
13,19,104,1,20.95,22.34531624065179
13,19,104,2,16.05,10.634972100525108
13,19,104,3,10.1,8.038722077020635
13,19,104,4,8.7,4.305443311119444
13,19,104,5,10.75,9.089467589063265
13,19,104,6,68.85,67.38754765494414
13,17,50,0,52.9,23.361912322590825
13,17,50,1,14.95,10.495487752262624
13,17,50,2,17.95,14.321404665009206
13,17,50,3,11.55,7.052248614896939
13,17,50,4,11.15,5.931849804678399
13,17,50,5,9.65,6.745563844405251
13,17,50,6,55.35,73.13741572510864
14,47,50,0,48.55,30.233259830855154
14,47,50,1,17.65,21.585265442206783
14,47,50,2,9.15,6.4094913173643056
14,47,50,3,8.55,8.249242389456137
14,47,50,4,10.4,10.946761116758163
14,47,50,5,7.15,3.9373381336821156
14,47,50,6,8.35,6.627494565107264
14,47,50,7,6.4,3.393492223902128
13,1,104,0,59.85,33.531250153283956
13,1,104,1,13.25,12.362400550395586
13,1,104,2,12.5,14.17002024290052
13,1,104,3,12.1,11.078190998058918
13,1,104,4,7.3,5.016813834759226
13,1,104,5,8.45,5.661271941887265
13,1,104,6,38.95,49.09976417565835
7,7,77,0,122.7,57.52079715427419
7,7,77,1,46.45,54.84761185608531
7,7,77,2,27.45,17.28545174721399
7,7,77,3,72.78947368421052,81.79485106544735
14,47,50,0,63.15,36.80428321755356
14,47,50,1,25.8,25.72649668297157
14,47,50,2,10.15,6.937882279652473
14,47,50,3,11.85,11.221572269986337
14,47,50,4,9.65,5.489463591856293
14,47,50,5,7.95,4.828370107472795
14,47,50,6,7.95,6.0738871625309185
14,47,50,7,6.5,4.211513042276274
13,1,104,0,54.45,24.76728529840587
13,1,104,1,14.45,11.673068419048587
13,1,104,2,9.55,6.7158492820303355
13,1,104,3,11.85,9.120682107455732
13,1,104,4,8.75,6.711145482271304
13,1,104,5,9.65,6.5475989974630355
13,1,104,6,36.95,47.94566551947384
7,12,77,0,82.7,49.80287457355724
7,12,77,1,42.15,33.12698852025419
7,12,77,2,39.1,31.281237019556695
7,12,77,3,42.55,44.50957909909897
14,28,50,0,63.6,27.49813390797733
14,28,50,1,12.8,9.082081838781004
14,28,50,2,12.9,9.978397719705884
14,28,50,3,10.05,6.516981865217897
14,28,50,4,6.45,3.6051863226541614
14,28,50,5,7.2,3.562967420859369
14,28,50,6,7.95,4.501169438689182
14,28,50,7,5.8,3.172248082155121
13,13,104,0,44.55,27.991493068618656
13,13,104,1,13.85,12.376867216919763
13,13,104,2,16.25,15.670538901827346
13,13,104,3,14.0,14.275485059507105
13,13,104,4,11.75,12.573468306841907
13,13,104,5,10.5,11.23668803049799
13,13,104,6,14.3,14.750914333837429
14,28,50,0,59.3,25.6106474568273
14,28,50,1,17.3,11.258213376066943
14,28,50,2,15.75,14.51994997816525
14,28,50,3,11.8,9.277023115996686
14,28,50,4,8.05,4.418561328139094
14,28,50,5,8.55,3.9132030224276435
14,28,50,6,8.6,7.293833011524187
14,28,50,7,6.9,4.16628068387646
13,13,104,0,46.45,23.241240568392527
13,13,104,1,16.95,21.8523153054894
13,13,104,2,8.8,9.356112553045905
13,13,104,3,9.6,6.038473142669167
13,13,104,4,10.95,10.323580570203037
13,13,104,5,8.65,4.344082484435459
13,13,104,6,9.25,10.109271409011267
7,12,77,0,79.95,52.53617801096688
7,12,77,1,28.7,26.642071991494955
7,12,77,2,27.45,35.39770286926897
7,12,77,3,53.25,69.92091397090226
14,30,50,0,52.2,34.0658804454885
14,30,50,1,15.25,11.597980767993059
14,30,50,2,12.55,8.009698069084422
14,30,50,3,9.7,6.530092285960276
14,30,50,4,8.2,5.053399064517185
14,30,50,5,8.05,4.817457289571139
14,30,50,6,6.05,2.3725402775129134
14,30,50,7,5.8,4.42005001162466
13,8,104,0,50.65,16.387655816433742
13,8,104,1,15.9,11.827265555753613
13,8,104,2,13.1,7.531687446347842
13,8,104,3,12.95,8.958823935974491
13,8,104,4,8.75,7.158910531638177
13,8,104,5,7.9,6.155015071168859
13,8,104,6,37.5,40.05325402379608
14,30,50,0,42.05,19.70966901375005
14,30,50,1,14.65,16.906165178792957
14,30,50,2,10.35,9.091783450775182
14,30,50,3,8.05,8.191619594374934
14,30,50,4,7.3,4.985241376197081
14,30,50,5,6.3,4.577979329009919
14,30,50,6,7.0,4.599771161355976
14,30,50,7,5.95,4.91480041892799
13,8,104,0,49.6,22.490699832316654
13,8,104,1,16.8,13.8472874029917
13,8,104,2,11.7,6.1567250351054925
13,8,104,3,9.4,6.816388918975855
13,8,104,4,9.55,4.418561328139094
13,8,104,5,8.0,7.071067811865476
13,8,104,6,48.1,58.05161043144462
14,44,50,0,53.6,21.986598789166763
14,44,50,1,20.7,19.172623025663718
14,44,50,2,14.1,7.188441013914375
14,44,50,3,11.1,6.5526210103486955
14,44,50,4,10.15,7.386153475111028
14,44,50,5,9.05,6.0738871625309185
14,44,50,6,9.1,4.865561037591278
14,44,50,7,9.0,6.104355649430729
7,2,77,0,107.9,49.7328653380925
7,2,77,1,31.0,15.801399005351259
7,2,77,2,28.0,25.101897600737175
7,2,77,3,105.2,80.30900847417594
14,44,50,0,65.95,31.999136501507433
14,44,50,1,22.0,18.41909764062118
14,44,50,2,13.5,10.475535409002404
14,44,50,3,13.4,12.128261905240391
14,44,50,4,10.15,5.931849804678398
14,44,50,5,8.6,5.255573482654291
14,44,50,6,9.8,5.961278562964756
14,44,50,7,11.45,10.226256196158674
13,21,104,0,61.75,41.079992569055854
13,21,104,1,10.85,6.115338782197813
13,21,104,2,10.85,7.147137815053549
13,21,104,3,11.25,14.997806857214684
13,21,104,4,9.45,5.452908446537112
13,21,104,5,7.7,5.468570485775486
13,21,104,6,37.95,74.60102652038199
7,2,77,0,101.1,38.99784069595866
7,2,77,1,30.2,25.693742838532334
7,2,77,2,24.0,17.823698003678018
7,2,77,3,74.55,69.95748709037511
14,32,50,0,54.8,21.743964679883014
14,32,50,1,30.1,20.738725535627914
14,32,50,2,16.4,11.979807572481462
14,32,50,3,13.6,10.480056247338009
14,32,50,4,13.5,9.355549999303818
14,32,50,5,13.4,8.857943209048974
14,32,50,6,12.3,9.10234209305206
14,32,50,7,10.0,5.221413400099329
13,21,104,0,54.75,23.979980685651324
13,21,104,1,17.7,13.992855319769443
13,21,104,2,14.15,12.786814755010232
13,21,104,3,8.95,4.61661758159985
13,21,104,4,10.5,5.186013579051377
13,21,104,5,8.5,4.968320694793744
13,21,104,6,51.2,76.39688613108727
14,32,50,0,47.1,22.097630261136484
14,32,50,1,15.9,13.451276597604522
14,32,50,2,12.05,8.929401465177596
14,32,50,3,11.0,7.980238751210128
14,32,50,4,9.65,6.507283368818763
14,32,50,5,8.35,7.013333166566604
14,32,50,6,8.6,6.1678282452706075
14,32,50,7,6.9,4.81117121094777
13,14,104,0,50.5,26.80435942548388
13,14,104,1,16.75,16.892461725808193
13,14,104,2,12.55,8.605230967266364
13,14,104,3,11.5,8.964843615626073
13,14,104,4,8.65,6.384809274652158
13,14,104,5,8.1,8.391098039934311
13,14,104,6,18.6,21.38961873137724
7,13,77,0,98.1,79.30547203526906
7,13,77,1,25.6,24.20613232437729
7,13,77,2,18.9,12.259904696117939
7,13,77,3,37.9,36.6360478217834
14,31,50,0,47.45,23.70315324348663
14,31,50,1,17.35,15.048255712872507
14,31,50,2,15.95,10.894107533312145
14,31,50,3,8.15,5.931849804678398
14,31,50,4,8.55,6.652858507122294
14,31,50,5,14.5,13.04445839185522
14,31,50,6,8.15,4.847951276461776
14,31,50,7,8.8,8.043303851161243
13,14,104,0,40.8,20.99774423974858
13,14,104,1,16.3,14.611098881546035
13,14,104,2,10.65,9.091783450775182
13,14,104,3,7.8,5.9964902015130574
13,14,104,4,9.9,9.574637549825388
13,14,104,5,7.5,4.454447806761001
13,14,104,6,18.75,27.301195269766026
14,31,50,0,58.45,28.64937769141353
14,31,50,1,28.75,26.645578284309448
14,31,50,2,14.05,13.418271125595874
14,31,50,3,9.55,4.454152409180733
14,31,50,4,10.4,6.021015826166493
14,31,50,5,9.15,5.940715888102871
14,31,50,6,8.4,2.962928849706157
14,31,50,7,11.15,8.84530800391996
7,13,77,0,109.0,79.17136643482854
7,13,77,1,38.75,37.467003026522875
7,13,77,2,26.85,28.034330457682174
7,13,77,3,45.78947368421053,44.77918532752121
13,8,104,0,68.75,32.17039338469947
13,8,104,1,17.2,11.888074519848606
13,8,104,2,18.5,16.602155852399665
13,8,104,3,9.65,5.450977700810824
13,8,104,4,10.6,6.70741930135656
13,8,104,5,8.55,6.613184597931301
13,8,104,6,61.35,55.73364758998114
14,41,50,0,60.7,31.12132455576502
14,41,50,1,19.35,18.525302753403604
14,41,50,2,10.7,7.153210541612177
14,41,50,3,11.3,8.013803880279262
14,41,50,4,9.15,8.93411557193165
14,41,50,5,8.75,5.485627153130068
14,41,50,6,7.1,4.745080555025827
14,41,50,7,7.45,4.2112006039033325
13,8,104,0,48.65,21.863873109959748
13,8,104,1,14.95,10.101980003939822
13,8,104,2,11.4,7.088909054216126
13,8,104,3,8.9,5.955095120544829
13,8,104,4,8.45,5.614595640874445
13,8,104,5,8.15,3.8289066736849917
13,8,104,6,34.45,34.43449158222487
7,5,77,0,100.55,76.01348564564053
7,5,77,1,33.65,35.84509802792536
7,5,77,2,20.3,9.392606274702404
7,5,77,3,55.35,68.20578382636198
14,41,50,0,68.8,37.20865773615485
14,41,50,1,28.65,23.644905983052
14,41,50,2,13.95,8.009698069084422
14,41,50,3,12.05,11.16137607060499
14,41,50,4,11.65,6.960603422117941
14,41,50,5,10.95,9.017380877768048
14,41,50,6,9.6,7.976280626431028
14,41,50,7,7.85,5.742500830602786
13,22,104,0,52.7,26.113315820820127
13,22,104,1,15.2,12.906954469750426
13,22,104,2,13.55,12.555036733057417
13,22,104,3,9.55,5.462551938811249
13,22,104,4,7.6,3.5153797429071734
13,22,104,5,8.0,5.3606755269520985
13,22,104,6,44.2,54.75937795194728
14,33,50,0,58.15,28.02869769962283
14,33,50,1,15.4,12.37314579410205
14,33,50,2,13.35,10.14772466070467
14,33,50,3,10.35,6.838551708781927
14,33,50,4,10.9,7.08519583356734
14,33,50,5,8.95,4.925497570376975
14,33,50,6,7.6,4.592900700222602
14,33,50,7,10.0,9.525588806224167
14,33,50,0,48.4,22.276728475674958
14,33,50,1,13.65,12.966657646684276
14,33,50,2,13.6,10.654378887278423
14,33,50,3,10.9,6.9046132556810385
14,33,50,4,11.95,8.10766369099729
14,33,50,5,7.35,3.7735227154756235
14,33,50,6,10.55,7.687823591820207
14,33,50,7,10.05,6.039126810357517
7,5,77,0,121.9,63.460638442887955
7,5,77,1,38.0,32.56733914441535
7,5,77,2,42.55,32.68586528568097
7,5,77,3,46.65,44.135288423329996
13,22,104,0,50.25,19.314229823739037
13,22,104,1,15.9,15.545857461411588
13,22,104,2,11.8,9.660554631566123
13,22,104,3,11.0,4.436689140148968
13,22,104,4,9.35,4.682273401941232
13,22,104,5,12.55,11.860926563610803
13,22,104,6,44.25,48.16624172701523
14,41,50,0,59.65,18.40845057661233
14,41,50,1,19.3,15.888095510392946
14,41,50,2,11.1,7.635788312800108
14,41,50,3,9.05,5.07288976090707
14,41,50,4,7.55,4.006245124802026
14,41,50,5,8.3,6.317061275458291
14,41,50,6,5.6,3.201973075924807
14,41,50,7,6.4,3.5451968989932814
7,14,77,0,96.95,80.02925451950286
7,14,77,1,21.6,20.62548245049772
7,14,77,2,18.75,20.537193474023503
7,14,77,3,37.3,39.502298400819264
13,11,104,0,60.85,28.475797664535737
13,11,104,1,20.1,20.112577892296258
13,11,104,2,10.85,6.326843396862377
13,11,104,3,10.95,7.728791013238474
13,11,104,4,9.65,6.192312721601296
13,11,104,5,12.55,10.127996632576142
13,11,104,6,35.9,36.10933688848794
14,41,50,0,53.25,27.739151506774494
14,41,50,1,13.8,9.277023115996686
14,41,50,2,14.85,7.478213971967257
14,41,50,3,10.15,6.960603422117941
14,41,50,4,7.7,3.9881403132155135
14,41,50,5,9.0,4.35285750066007
14,41,50,6,8.85,4.579990806701874
14,41,50,7,7.15,4.016741281974206
14,30,50,0,39.5,21.399704867615643
14,30,50,1,17.45,14.855355227909172
14,30,50,2,9.65,7.801990299377393
14,30,50,3,9.95,6.361686304084707
14,30,50,4,9.25,7.3332336516351155
14,30,50,5,9.75,10.740356751891193
14,30,50,6,5.85,3.5729244987382827
14,30,50,7,7.3,4.268612494895613
13,11,104,0,56.5,21.07005857659282
13,11,104,1,15.25,14.860314511086937
13,11,104,2,8.55,5.256324511331187
13,11,104,3,11.15,7.761409258904631
13,11,104,4,8.65,6.226217910873681
13,11,104,5,7.45,4.501169438689181
13,11,104,6,24.05,29.858393865218638
7,14,77,0,112.75,82.14036446038094
7,14,77,1,34.7,27.392084911329288
7,14,77,2,25.5,16.083662845456434
7,14,77,3,45.4,38.417923448636095
14,30,50,0,52.15,16.197059512211016
14,30,50,1,16.3,19.043164266034093
14,30,50,2,12.1,8.53414195730118
14,30,50,3,9.65,9.538150543447808
14,30,50,4,10.65,9.13221596443342
14,30,50,5,9.4,6.96154852706902
14,30,50,6,8.5,6.151593717335199
14,30,50,7,7.75,5.811739480523339
13,19,104,0,51.1,23.449610029301464
13,19,104,1,19.0,15.352009983266548
13,19,104,2,15.05,12.093821824212124
13,19,104,3,8.8,5.881281636192108
13,19,104,4,10.25,8.626001086067758
13,19,104,5,7.85,5.6964901474504455
13,19,104,6,27.9,26.0766077871377
14,29,50,0,54.75,27.096076624136064
14,29,50,1,20.9,15.850950494495509
14,29,50,2,15.2,14.073491318600968
14,29,50,3,12.5,15.446001015422116
14,29,50,4,9.65,7.835647287943264
14,29,50,5,7.9,6.46366361813647
14,29,50,6,9.3,6.9061376211385515
14,29,50,7,7.0,3.418217448658847
13,19,104,0,57.4,20.153098233796523
13,19,104,1,22.85,19.54286786043764
13,19,104,2,12.85,7.1765333956547135
13,19,104,3,12.8,12.16379442184231
13,19,104,4,8.05,3.748332962798263
13,19,104,5,11.75,8.5216442693081
13,19,104,6,35.5,38.27806847681567
7,14,77,0,95.65,69.30654636050662
7,14,77,1,40.55,37.76865171847651
7,14,77,2,27.25,19.81460120851872
7,14,77,3,59.4,46.651451153601236
14,29,50,0,69.4,29.153676305146547
14,29,50,1,16.5,13.343636370155899
14,29,50,2,17.95,15.415218044790059
14,29,50,3,11.95,7.444354978950935
14,29,50,4,12.25,9.227390576002799
14,29,50,5,11.1,4.678056276522953
14,29,50,6,9.95,10.364285843830801
14,29,50,7,8.7,6.350300448756238
13,21,104,0,53.35,31.04372976777657
13,21,104,1,19.85,18.661175570799674
13,21,104,2,14.85,17.607638892492687
13,21,104,3,9.25,7.9991775893064885
13,21,104,4,6.5,4.489754418322021
13,21,104,5,9.55,10.10718868716196
13,21,104,6,30.15,34.848959812310035
14,42,50,0,50.8,22.786422550097218
14,42,50,1,18.6,16.67459460566157
14,42,50,2,14.75,17.561545909652775
14,42,50,3,9.95,7.514722392183157
14,42,50,4,10.95,9.21369118557584
14,42,50,5,7.95,6.278409117971812
14,42,50,6,7.7,4.105195680956922
14,42,50,7,7.95,5.576973334968293
7,14,77,0,99.9,52.831310493125685
7,14,77,1,39.65,24.055363774339174
7,14,77,2,34.75,28.18710978257148
7,14,77,3,54.9,88.55500817957285
13,21,104,0,46.8,19.925122993743088
13,21,104,1,17.6,15.346523693452019
13,21,104,2,9.45,6.151379819537282
13,21,104,3,10.45,8.088165493647592
13,21,104,4,6.7,3.2460502314756554
13,21,104,5,7.8,4.862314805024239
13,21,104,6,37.4,76.97805565634651
14,42,50,0,56.45,21.8233940145842
14,42,50,1,22.05,15.333056824356564
14,42,50,2,14.4,15.517053437055019
14,42,50,3,11.35,9.953973023238932
14,42,50,4,9.75,7.369031929564925
14,42,50,5,9.0,4.154895653892748
14,42,50,6,11.3,10.89229568379219
14,42,50,7,7.95,5.623961892511457
14,34,104,0,55.35,31.06237358334966
14,34,104,1,12.3,9.268509219820345
14,34,104,2,10.3,10.100026055203495
14,34,104,3,12.0,12.756835113195717
14,34,104,4,9.15,7.842361352229784
14,34,104,5,8.0,5.929409307582173
14,34,104,6,6.5,4.186444289546164
14,34,104,7,9.55,8.708586204672406
14,36,50,0,58.2,33.501924532307406
14,36,50,1,21.15,22.509120958309083
14,36,50,2,12.4,8.8341442858467
14,36,50,3,8.65,5.214100315995384
14,36,50,4,9.85,8.125819796698734
14,36,50,5,9.05,4.13553280472388
14,36,50,6,9.1,7.411939159576471
14,36,50,7,9.05,4.570788254027733
14,34,104,0,48.4,24.52581883390816
14,34,104,1,15.3,17.610104754761803
14,34,104,2,15.5,12.369316876852983
14,34,104,3,10.9,7.122240924700153
14,34,104,4,9.85,6.619548402469127
14,34,104,5,8.4,4.592900700222601
14,34,104,6,8.3,5.867842784820365
14,34,104,7,9.95,6.353407705608401
7,20,77,0,105.4,52.28303538886858
7,20,77,1,39.35,29.243577792487415
7,20,77,2,25.2,18.67900594672786
7,20,77,3,88.2,89.00360725983613
14,36,50,0,53.0,25.114474752725034
14,36,50,1,16.2,11.714139005133026
14,36,50,2,13.1,7.704407487720396
14,36,50,3,8.75,4.9190820709816006
14,36,50,4,9.35,4.682273401941232
14,36,50,5,7.5,5.1247593011513075
14,36,50,6,7.95,5.062504061076994
14,36,50,7,8.45,4.839258316377788
14,24,104,0,50.15,22.445899871750107
14,24,104,1,20.5,20.889433239143457
14,24,104,2,11.6,10.091163409011294
14,24,104,3,10.45,7.359025965295594
14,24,104,4,9.55,6.581273273063263
14,24,104,5,9.25,5.427755182005677
14,24,104,6,7.5,4.582575694955841
14,24,104,7,8.85,5.1837296063335465
14,32,50,0,62.85,20.311456450926777
14,32,50,1,14.6,10.044113227473881
14,32,50,2,10.6,7.074044477041256
14,32,50,3,9.2,5.277559244475363
14,32,50,4,7.9,4.216508907665328
14,32,50,5,7.9,4.216508907665328
14,32,50,6,7.1,3.7682887362833544
14,32,50,7,7.85,3.437793049709592
14,32,50,0,38.6,14.031543412123836
14,32,50,1,13.4,12.500105262714685
14,32,50,2,9.5,6.61338355951499
14,32,50,3,6.85,4.132986686086518
14,32,50,4,6.4,3.9390086917502747
14,32,50,5,6.75,3.781882015471578
14,32,50,6,6.45,5.052097011195086
14,32,50,7,5.3,2.5360557855395096
14,24,104,0,64.1,31.570972677278625
14,24,104,1,13.2,8.841290689295969
14,24,104,2,10.5,6.194224814505168
14,24,104,3,8.45,3.2843328249833568
14,24,104,4,8.5,4.605488716280767
14,24,104,5,9.2,5.69025020262036
14,24,104,6,6.95,2.981963323576917
14,24,104,7,7.9,4.2040081125666635
7,20,77,0,109.75,50.266526478468016
7,20,77,1,51.3,49.63031755945786
7,20,77,2,32.25,21.879755122270595
7,20,77,3,67.15,71.4741580094365
14,29,104,0,48.5,26.39278210739484
14,29,104,1,17.0,15.30737696255254
14,29,104,2,8.9,5.310367218940701
14,29,104,3,8.9,7.697573096694007
14,29,104,4,6.85,3.8013155617496426
14,29,104,5,7.9,5.9285216050085054
14,29,104,6,6.35,3.842627938492642
14,29,104,7,6.5,3.7486839796050244
14,37,50,0,53.9,30.929291175705583
14,37,50,1,16.1,14.624780700110199
14,37,50,2,14.95,11.718069717096618
14,37,50,3,12.2,7.178916499393425
14,37,50,4,8.25,4.127889737409483
14,37,50,5,9.45,6.082546211994827
14,37,50,6,9.55,6.227908325052896
14,37,50,7,8.6,5.761944116355173
14,29,104,0,53.85,24.683843000293894
14,29,104,1,15.25,10.656725082016717
14,29,104,2,12.5,10.748316881701697
14,29,104,3,11.05,7.883860929639408
14,29,104,4,8.15,4.749238166053029
14,29,104,5,9.5,6.832584469021644
14,29,104,6,8.75,8.16201084614763
14,29,104,7,6.35,3.6458339598996954
14,37,50,0,53.85,21.868687058993974
14,37,50,1,18.85,22.985750734794486
14,37,50,2,10.1,6.544583939974216
14,37,50,3,9.05,5.394685493978992
14,37,50,4,11.0,11.88984529136656
14,37,50,5,6.8,3.5333002315562982
14,37,50,6,9.15,7.968853843492637
14,37,50,7,7.45,4.762518130922802
7,10,77,0,97.6,58.517114005895294
7,10,77,1,33.05,32.811222406205374
7,10,77,2,25.0,12.473129012738584
7,10,77,3,59.75,75.38174775591796
14,29,104,0,54.2,21.922351007230283
14,29,104,1,17.65,11.108436812668678
14,29,104,2,12.05,8.43223763771796
14,29,104,3,7.85,3.910512148447809
14,29,104,4,10.15,10.85441942494538
14,29,104,5,7.75,5.149092919606019
14,29,104,6,6.4,2.872739385838431
14,29,104,7,7.2,3.7219123550867463
14,40,50,0,47.55,28.20876123700429
14,40,50,1,19.15,14.85110309565908
14,40,50,2,15.9,17.053784886275785
14,40,50,3,8.0,5.350848432479509
14,40,50,4,11.3,15.81172116867071
14,40,50,5,8.65,6.587667904581456
14,40,50,6,7.95,3.720144309594794
14,40,50,7,8.25,4.929769931644617
14,40,50,0,53.4,22.549127652632972
14,40,50,1,13.75,10.547511554864492
14,40,50,2,14.0,11.548524626662559
14,40,50,3,10.25,6.348435364634923
14,40,50,4,10.3,9.090770333869287
14,40,50,5,7.25,3.7116459676905724
14,40,50,6,8.55,4.978638579497729
14,40,50,7,10.35,8.749586456392938
14,29,104,0,54.0,21.14112978109383
14,29,104,1,18.95,16.372232590578477
14,29,104,2,10.2,5.001052520798944
14,29,104,3,11.65,11.595257651298654
14,29,104,4,11.1,8.765362453850292
14,29,104,5,8.55,5.031218331054303
14,29,104,6,9.9,9.014024161213868
14,29,104,7,8.45,5.960174847311639
7,10,77,0,85.45,48.04655089214604
7,10,77,1,41.9,39.82051838199154
7,10,77,2,24.35,20.74475203134772
7,10,77,3,71.1,64.47839295372317
14,27,104,0,50.25,24.59755015614788
14,27,104,1,17.85,19.06850530945837
14,27,104,2,9.5,9.19668132363088
14,27,104,3,6.35,3.1334359818945683
14,27,104,4,9.75,7.425950231593615
14,27,104,5,8.15,5.081183036718081
14,27,104,6,9.05,9.648970493215707
14,27,104,7,6.85,5.153179907386772
14,30,50,0,52.45,21.077488615007944
14,30,50,1,13.25,8.045103119943604
14,30,50,2,12.5,11.887631785754648
14,30,50,3,11.95,8.11415267814271
14,30,50,4,12.75,11.634228086035392
14,30,50,5,9.1,6.656219885031949
14,30,50,6,7.65,4.4517885229008325
14,30,50,7,7.1,3.9189149948476945
14,27,104,0,43.3,24.740973899054257
14,27,104,1,12.3,10.553622476117907
14,27,104,2,10.0,8.098082944031944
14,27,104,3,11.55,10.975930604353278
14,27,104,4,8.75,6.560447674070004
14,27,104,5,9.5,8.300285347029057
14,27,104,6,7.45,4.51284715824547
14,27,104,7,7.95,6.613184597931301
14,30,50,0,45.7,24.53375762409613
14,30,50,1,13.5,15.480038079648526
14,30,50,2,12.5,14.773732023247778
14,30,50,3,8.85,6.183807377676841
14,30,50,4,10.6,11.18928058455949
14,30,50,5,6.9,6.4310103978179125
14,30,50,6,6.5,5.316310552886922
14,30,50,7,8.35,6.876925567661606
8,41,77,0,101.6,55.14421284710043
8,41,77,1,55.8,59.99526297089937
8,41,77,2,36.25,36.04219018989011
8,41,77,3,15.7,8.059646067715512
8,41,77,4,16.0,10.382170952368803
14,44,104,0,58.75,33.88350786537837
14,44,104,1,13.95,10.169484797797358
14,44,104,2,15.45,13.956605679937482
14,44,104,3,12.3,7.994076754566142
14,44,104,4,13.35,7.875845819238786
14,44,104,5,10.05,5.103920062069938
14,44,104,6,9.0,4.1422089199896845
14,44,104,7,9.0,4.242640687119285
14,35,50,0,56.15,25.49979360081588
14,35,50,1,13.5,8.593142921141128
14,35,50,2,13.9,12.21689942575232
14,35,50,3,15.1,11.54351036638974
14,35,50,4,10.45,10.138384590518509
14,35,50,5,10.85,6.761150633933314
14,35,50,6,9.65,7.183863496534585
14,35,50,7,9.4,8.738300448991332
14,44,104,0,54.0,26.10101833060804
14,44,104,1,14.8,8.17312669668102
14,44,104,2,14.35,9.772544785210625
14,44,104,3,10.65,8.791592874056322
14,44,104,4,9.55,7.148610464904865
14,44,104,5,9.45,6.597248230173419
14,44,104,6,8.25,5.485627153130068
14,44,104,7,7.95,4.673272267288791
14,35,50,0,52.55,33.92169776039177
14,35,50,1,20.4,15.762714166498638
14,35,50,2,13.85,9.647879505226442
14,35,50,3,11.15,7.869160324362844
14,35,50,4,13.8,13.663628245898131
14,35,50,5,7.8,4.149825614598636
14,35,50,6,8.05,6.261620775553411
14,35,50,7,9.6,5.1748379074538216
8,41,77,0,106.3,57.050393236340206
8,41,77,1,33.1,38.02478416146916
8,41,77,2,27.25,20.968334522121182
8,41,77,3,22.5,17.163302344491314
8,41,77,4,18.7,14.257408046714744
14,40,104,0,54.65,17.457542480935974
14,40,104,1,17.5,15.679352833046327
14,40,104,2,11.9,6.72700762441573
14,40,104,3,14.8,11.124179449337044
14,40,104,4,10.5,5.652200316783954
14,40,104,5,9.35,5.0395801830165015
14,40,104,6,9.25,6.086006382202579
14,40,104,7,8.55,5.689093906210743
14,28,50,0,53.6,23.57831296139024
14,28,50,1,14.8,11.372172870189484
14,28,50,2,11.3,8.404885797151433
14,28,50,3,10.15,5.993636976871916
14,28,50,4,8.4,6.893169769683916
14,28,50,5,6.5,3.9802142232746585
14,28,50,6,7.75,4.228661602371183
14,28,50,7,7.85,6.815423684555495
8,27,77,0,85.45,46.90020199709615
8,27,77,1,32.5,33.909321804824664
8,27,77,2,23.65,19.937468033302206
8,27,77,3,19.4,14.343162684341054
8,27,77,4,20.65,20.481763390366257
14,40,104,0,44.0,25.397886360462113
14,40,104,1,11.35,9.26382324165523
14,40,104,2,11.55,10.580393983312023
14,40,104,3,6.95,5.9424875174237295
14,40,104,4,8.65,7.534307497951236
14,40,104,5,8.9,5.398830282667961
14,40,104,6,8.95,7.687823591820209
14,40,104,7,7.55,5.520059114862716
14,28,50,0,54.95,19.446214622848704
14,28,50,1,16.3,10.24489603348136
14,28,50,2,14.3,13.455971087020693
14,28,50,3,11.15,7.285710600028553
14,28,50,4,7.85,7.198501306010271
14,28,50,5,12.15,10.14772466070467
14,28,50,6,10.25,7.7992914657948935
14,28,50,7,6.7,3.3261325732352947
14,31,104,0,50.75,25.1393484821159
14,31,104,1,20.75,18.185809968503637
14,31,104,2,10.8,5.754632001586566
14,31,104,3,12.85,6.983250638039867
14,31,104,4,9.5,4.968320694793744
14,31,104,5,9.95,3.6917404253848964
14,31,104,6,8.85,5.584518072785078
14,31,104,7,6.65,3.281126250799291
14,26,50,0,54.95,18.692737120406726
14,26,50,1,14.9,12.366763606751086
14,26,50,2,14.6,12.381650259876297
14,26,50,3,10.15,6.293480335779409
14,26,50,4,9.8,8.550777126886434
14,26,50,5,6.95,4.559258942554498
14,26,50,6,10.35,7.065669409937484
14,26,50,7,7.45,7.351870510285121
8,27,77,0,87.2,53.67014263560621
8,27,77,1,28.45,18.58260363605533
8,27,77,2,22.1,14.764466589897873
8,27,77,3,20.7,20.031816797548004
8,27,77,4,24.1,24.937606351178047
14,31,104,0,53.0,30.664568959528587
14,31,104,1,17.55,17.144816617336716
14,31,104,2,11.05,8.107663690997288
14,31,104,3,9.2,6.732482141786466
14,31,104,4,9.65,6.326843396862376
14,31,104,5,8.35,3.9506828190633203
14,31,104,6,6.8,3.3497839678968773
14,31,104,7,8.4,6.302881546520899
14,26,50,0,62.0,22.337129816094382
14,26,50,1,15.4,10.007365708369642
14,26,50,2,12.75,7.347573892467034
14,26,50,3,8.15,6.761150633933313
14,26,50,4,7.45,3.691740425384896
14,26,50,5,7.85,5.323977539594364
14,26,50,6,10.85,6.635431211942525
14,26,50,7,7.65,6.51536645170477
14,29,104,0,49.25,27.790333419715342
14,29,104,1,13.5,13.839303298557832
14,29,104,2,9.4,5.374403271649402
14,29,104,3,10.45,6.336818062552746
14,29,104,4,9.65,7.8222018706540135
14,29,104,5,10.7,8.23407554009556
14,29,104,6,8.1,3.9986839940423553
14,29,104,7,8.35,5.018649430400888
8,44,77,0,121.75,87.13684035681132
8,44,77,1,30.0,17.04174441281112
8,44,77,2,27.25,21.82677013982697
8,44,77,3,23.85,21.499755200564742
8,44,77,4,27.0,28.951865679361482
15,7,50,0,59.0,31.425768842916494
15,7,50,1,16.05,9.456131399924157
15,7,50,2,17.25,12.24261324012845
15,7,50,3,14.15,8.9576488926621
15,7,50,4,7.3,3.686390332589663
15,7,50,5,12.1,6.439189226504904
15,7,50,6,10.5,6.541366346888892
15,7,50,7,24.15,22.97658991692471
14,29,104,0,51.4,29.695649158544562
14,29,104,1,11.65,9.521582133017048
14,29,104,2,9.6,7.111147660724784
14,29,104,3,10.25,11.116014999705794
14,29,104,4,8.45,7.279929149452805
14,29,104,5,6.65,3.8970299081817634
14,29,104,6,5.75,3.2261268941010526
14,29,104,7,5.5,2.6852423197524415
14,45,104,0,49.15,31.163870781808594
14,45,104,1,23.2,27.155691465093803
14,45,104,2,11.0,7.326950970650465
14,45,104,3,10.3,6.233187914618599
14,45,104,4,7.05,3.7763112048385885
14,45,104,5,9.7,10.24489603348136
14,45,104,6,10.6,10.649437840364602
14,45,104,7,8.65,7.005824644349046
15,7,50,0,55.3,16.92739915359897
15,7,50,1,21.75,12.544132618794123
15,7,50,2,12.3,10.785467805777998
15,7,50,3,11.55,9.599753286303493
15,7,50,4,11.1,7.033004897960533
15,7,50,5,10.9,8.077910099706939
15,7,50,6,9.95,5.780866808068802
15,7,50,7,39.6,38.137424636369154
8,44,77,0,120.95,67.5912443722519
8,44,77,1,23.8,18.2023711584363
8,44,77,2,25.0,17.758615403590213
8,44,77,3,18.8,16.07744415404127
8,44,77,4,17.9,13.033963730435795
14,45,104,0,53.55,25.55381318748833
14,45,104,1,14.3,9.873409265614173
14,45,104,2,14.7,11.774638222177268
14,45,104,3,9.85,4.804329188072818
14,45,104,4,7.8,3.3810618076823773
14,45,104,5,8.85,5.4990429789382915
14,45,104,6,7.45,4.09717489317495
14,45,104,7,8.8,6.879412459612643
15,5,50,0,56.8,25.38254684247675
15,5,50,1,18.95,18.85254415331341
15,5,50,2,17.3,16.399935815022022
15,5,50,3,11.2,8.243657849331333
15,5,50,4,9.25,6.17188020486123
15,5,50,5,7.55,3.872643595924189
15,5,50,6,7.25,6.544382886752659
15,5,50,7,26.8,25.10315559949847
14,32,104,0,50.15,28.801087333275238
14,32,104,1,16.55,18.328795291619834
14,32,104,2,10.4,7.929956527391293
14,32,104,3,8.95,6.244787299904827
14,32,104,4,9.15,7.205809060093552
14,32,104,5,7.35,3.74552364408784
14,32,104,6,6.15,2.9607075967890193
14,32,104,7,6.65,4.804329188072818
8,32,77,0,103.15,56.21881591743013
8,32,77,1,32.45,37.29607711839212
8,32,77,2,23.0,13.92838827718412
8,32,77,3,22.3,17.045141304936816
8,32,77,4,24.2,21.581180885694195
15,5,50,0,58.05,25.537330775903236
15,5,50,1,17.75,16.156716055071662
15,5,50,2,13.7,7.108926930645944
15,5,50,3,12.15,6.183807377676841
15,5,50,4,8.15,3.9506828190633203
15,5,50,5,8.15,4.67101927341684
15,5,50,6,6.5,3.576237364075619
15,5,50,7,18.2,22.656705757666394
14,32,104,0,60.25,30.319135871591065
14,32,104,1,14.2,12.488310323532248
14,32,104,2,14.1,9.941407292097454
14,32,104,3,13.4,11.004305377537705
14,32,104,4,8.4,5.1442354042886524
14,32,104,5,9.75,5.398586559656635
14,32,104,6,8.75,3.640054944640259
14,32,104,7,7.6,4.096211343231823
14,47,104,0,49.85,28.897778097067746
14,47,104,1,16.35,15.516629449519124
14,47,104,2,10.8,7.702357807157084
14,47,104,3,11.35,7.6452599694189605
14,47,104,4,9.7,9.358924814539892
14,47,104,5,9.65,6.846243687715108
14,47,104,6,8.35,4.782368935117715
14,47,104,7,8.25,5.408326913195984
15,8,50,0,50.55,22.990787628732377
15,8,50,1,15.75,13.791206198917216
15,8,50,2,10.95,6.5572378652182985
15,8,50,3,11.65,6.815423684555494
15,8,50,4,10.95,6.484597134749389
15,8,50,5,11.55,10.565460111534238
15,8,50,6,9.15,5.050013027601747
15,8,50,7,42.75,49.34398592907165
8,32,77,0,91.65,34.556247055001734
8,32,77,1,34.85,19.741153914975108
8,32,77,2,26.65,20.89642376857316
8,32,77,3,19.15,12.140731791002247
8,32,77,4,22.1,15.224288074272014
14,47,104,0,56.7,28.939319455134317
14,47,104,1,10.95,6.012924675887329
14,47,104,2,12.0,7.95381404703032
14,47,104,3,11.0,7.211102550927978
14,47,104,4,11.65,9.246763302850754
14,47,104,5,10.25,6.180401962740986
14,47,104,6,7.4,4.24759994151496
14,47,104,7,8.1,5.260578315216523
15,8,50,0,51.25,24.28964475049528
15,8,50,1,12.95,7.943716484048722
15,8,50,2,17.5,17.086467406139064
15,8,50,3,8.5,5.978029951853969
15,8,50,4,7.55,4.273233707134384
15,8,50,5,6.4,4.05748171834906
15,8,50,6,5.55,2.2820812292383685
15,8,50,7,26.45,26.000961520682267
8,34,77,0,88.75,44.708264866447465
8,34,77,1,21.1,14.256669722587649
8,34,77,2,21.5,18.82187976517587
8,34,77,3,18.6,12.158601027559397
8,34,77,4,16.8,11.79919711809151
14,31,104,0,44.55,19.763003713744368
14,31,104,1,10.65,9.527108138028254
14,31,104,2,12.65,8.809534308738579
14,31,104,3,10.95,9.4950125412184
14,31,104,4,7.1,3.726152241430265
14,31,104,5,6.8,3.8058127287500354
14,31,104,6,7.15,5.751658799630627
14,31,104,7,7.2,5.105208898246657
15,1,50,0,55.4,28.645565469242033
15,1,50,1,13.15,5.353552681704877
15,1,50,2,9.6,5.471457036773949
15,1,50,3,10.55,7.701503612590002
15,1,50,4,8.75,6.896795594599293
15,1,50,5,6.7,3.9349981609037363
15,1,50,6,7.4,4.988407614290936
15,1,50,7,14.95,31.70335363299831
14,31,104,0,50.5,19.712405925417148
14,31,104,1,13.65,8.969392398596462
14,31,104,2,11.3,8.214877389609402
14,31,104,3,12.05,8.191619594374934
14,31,104,4,10.55,6.227908325052895
14,31,104,5,7.95,4.795557154393285
14,31,104,6,8.6,6.572670690061993
14,31,104,7,8.85,6.22621791087368
8,34,77,0,87.55,46.55328017161456
8,34,77,1,40.45,34.08113384572946
8,34,77,2,25.9,25.063918289046505
8,34,77,3,23.3,16.3388461874406
8,34,77,4,23.65,25.508048265513953
15,1,50,0,62.9,24.152803040989717
15,1,50,1,16.1,13.005666781101716
15,1,50,2,13.55,8.964696842263223
15,1,50,3,9.85,7.058216563171718
15,1,50,4,11.2,10.812273727477248
15,1,50,5,8.95,6.939399336966763
15,1,50,6,8.1,5.981550582283917
15,1,50,7,32.75,42.82998826449573
14,37,104,0,45.35,28.59568425295567
14,37,104,1,16.9,15.450770718299902
14,37,104,2,11.8,12.037660202792514
14,37,104,3,12.3,12.161630777074873
14,37,104,4,9.55,6.361686304084707
14,37,104,5,9.9,6.231498932629968
14,37,104,6,12.95,14.251408056011424
14,37,104,7,9.1,6.223047146653614
15,4,50,0,60.2,27.097484831816516
15,4,50,1,15.9,8.02561688070079
15,4,50,2,11.1,6.648308055437864
15,4,50,3,8.2,6.501821607097992
15,4,50,4,9.45,4.53611240926343
15,4,50,5,6.7,3.3261325732352947
15,4,50,6,7.0,4.026229789243216
15,4,50,7,15.35,20.51514203293701
14,37,104,0,53.25,28.41955405405896
14,37,104,1,19.3,18.232706297951722
14,37,104,2,10.8,13.926876704302444
14,37,104,3,11.45,10.14876191567487
14,37,104,4,9.9,7.5456505422172295
14,37,104,5,10.9,11.419742830545243
14,37,104,6,7.9,4.64418141900503
14,37,104,7,9.25,5.2603281866798905
8,42,77,0,122.35,78.92586461523979
8,42,77,1,32.6,20.525721988711986
8,42,77,2,25.25,23.0648399540353
8,42,77,3,20.526315789473685,25.12052817264228
8,42,77,4,17.157894736842106,9.810782944714662
15,4,50,0,62.25,29.105750923865635
15,4,50,1,10.9,7.232237769729003
15,4,50,2,11.7,10.2346161833775
15,4,50,3,11.55,10.164308038166535
15,4,50,4,9.15,7.815470487908479
15,4,50,5,7.55,5.623961892511457
15,4,50,6,8.15,5.622089890498202
15,4,50,7,19.65,24.542712499683187
14,25,104,0,48.25,29.41692137457444
14,25,104,1,16.6,13.37082448349469
14,25,104,2,13.0,14.067506418768938
14,25,104,3,9.5,9.456270545599832
14,25,104,4,7.05,3.7059695797882353
14,25,104,5,6.1,4.290748922483052
14,25,104,6,6.0,3.448874721138079
14,25,104,7,6.35,3.856300381399113
14,25,104,0,52.4,30.313102951138404
14,25,104,1,18.4,15.915566692954881
14,25,104,2,10.0,6.3328716359874795
14,25,104,3,8.85,7.92248631893323
14,25,104,4,9.35,5.546691759389935
14,25,104,5,9.1,6.766014141902236
14,25,104,6,8.75,6.17188020486123
14,25,104,7,7.05,3.0860466961026876
15,15,50,0,56.5,30.203694441156316
15,15,50,1,13.25,11.167975833181513
15,15,50,2,9.4,8.531057810636442
15,15,50,3,9.0,6.147314347274793
15,15,50,4,10.15,8.13876364592378
15,15,50,5,6.7,4.231461113834645
15,15,50,6,6.75,6.171880204861229
15,15,50,7,19.4,37.188566437605665
8,42,77,0,99.8,69.19507131824378
8,42,77,1,39.45,31.896997053839275
8,42,77,2,28.8,21.534794366816058
8,42,77,3,28.105263157894736,30.409966817991517
8,42,77,4,22.36842105263158,16.1562183636167
14,32,104,0,38.95,17.602257630321475
14,32,104,1,23.35,18.728742335610374
14,32,104,2,14.55,10.94712170774631
14,32,104,3,10.6,7.014271166700073
14,32,104,4,11.65,8.080353040750007
14,32,104,5,8.45,4.893335962521403
14,32,104,6,7.3,4.193980649002869
14,32,104,7,7.85,5.392733902888999
15,15,50,0,55.6,37.53370415198081
15,15,50,1,22.15,21.17663807123312
15,15,50,2,11.3,8.0465749496946
15,15,50,3,10.4,9.207548390772706
15,15,50,4,10.4,8.210391361913844
15,15,50,5,11.9,10.987552766174717
15,15,50,6,9.15,6.24310145596511
15,15,50,7,16.5,22.61694753474645
14,32,104,0,49.1,21.20054616972725
14,32,104,1,18.35,21.036997484382002
14,32,104,2,17.2,23.847321376668393
14,32,104,3,8.8,6.395722254592887
14,32,104,4,9.45,7.279929149452804
14,32,104,5,9.15,8.008383764925092
14,32,104,6,11.2,11.072013081829814
14,32,104,7,5.4,2.8172401575412693
8,37,77,0,107.0,71.5048765359472
8,37,77,1,30.8,21.70520189893852
8,37,77,2,23.4,15.739323866973246
8,37,77,3,18.55,8.64185043537369
8,37,77,4,20.15,16.310393844675275
15,1,50,0,45.5,23.802918883372712
15,1,50,1,17.55,15.892649740980064
15,1,50,2,13.7,17.583185748112644
15,1,50,3,10.7,7.574889264432916
15,1,50,4,8.8,6.598245380801108
15,1,50,5,8.35,7.686454250652145
15,1,50,6,7.5,6.2281195945654835
15,1,50,7,39.8,50.370835337837896
14,25,104,0,54.2,25.630163151214912
14,25,104,1,13.75,10.867019152608407
14,25,104,2,14.5,12.717580041236744
14,25,104,3,7.7,4.566468173429808
14,25,104,4,9.15,3.856300381399114
14,25,104,5,8.5,5.826437026266793
14,25,104,6,8.6,5.133994033580688
14,25,104,7,7.45,4.684520983206848
15,1,50,0,41.0,22.240314272675384
15,1,50,1,15.35,15.11804429011553
15,1,50,2,8.3,6.9061376211385515
15,1,50,3,13.25,15.361863236771221
15,1,50,4,6.65,6.998308066202408
15,1,50,5,6.4,6.730918448317046
15,1,50,6,6.55,4.593760069806364
15,1,50,7,7.6,7.963072667996284
14,25,104,0,51.9,23.548158940216197
14,25,104,1,12.15,10.484449637941244
14,25,104,2,10.25,7.919828546788517
14,25,104,3,8.85,4.782368935117715
14,25,104,4,8.5,4.957715942691861
14,25,104,5,7.25,3.56702736329935
14,25,104,6,8.2,4.311551192344877
14,25,104,7,8.2,4.287067455548263
8,37,77,0,109.75,52.598654175298364
8,37,77,1,35.2,36.3225317921187
8,37,77,2,25.8,15.886439102845578
8,37,77,3,29.45,24.57100344972333
8,37,77,4,20.7,12.765496258933378
15,11,50,0,48.5,23.540558505202085
15,11,50,1,15.65,11.2590314625053
15,11,50,2,14.45,10.937501879699086
15,11,50,3,12.1,6.9350369027212295
15,11,50,4,10.85,7.414601526007563
15,11,50,5,10.85,11.67216662339133
15,11,50,6,9.05,5.735163926441675
15,11,50,7,18.1,25.270952744832925
14,46,104,0,47.2,22.291371944272402
14,46,104,1,17.15,16.138463371709214
14,46,104,2,13.35,10.950967272826922
14,46,104,3,12.85,10.15809244421723
14,46,104,4,10.15,7.659016014853962
14,46,104,5,9.1,7.6770334182718765
14,46,104,6,8.25,4.632550735371332
14,46,104,7,9.55,4.65069321375008
15,11,50,0,54.35,21.47281022473231
15,11,50,1,18.3,21.371648706196083
15,11,50,2,11.0,5.12989176042577
15,11,50,3,10.65,6.953037957763877
15,11,50,4,8.4,5.825533632660887
15,11,50,5,9.6,7.308250564655639
15,11,50,6,7.1,3.809959248297049
15,11,50,7,12.75,9.89883034026057
14,46,104,0,56.5,30.262883293948672
14,46,104,1,30.9,38.46515853408941
14,46,104,2,16.05,11.301956048680943
14,46,104,3,15.5,18.83306163443203
14,46,104,4,10.7,9.846719998905327
14,46,104,5,10.263157894736842,6.974892315083978
14,46,104,6,7.684210526315789,3.9588526898437424
14,46,104,7,9.473684210526315,8.201411945191927
8,35,77,0,119.9,78.85823389241975
8,35,77,1,37.5,31.55363020236132
8,35,77,2,25.6,28.35378003203917
8,35,77,3,21.05,15.284925494369315
8,35,77,4,15.25,9.158688713313081
15,4,50,0,57.7,23.18824566115568
15,4,50,1,15.8,9.242920477174323
15,4,50,2,13.6,9.85366616250547
15,4,50,3,10.95,4.871776937249466
15,4,50,4,7.8,5.327189443639211
15,4,50,5,8.75,5.210061116926102
15,4,50,6,10.2,7.345603769387653
15,4,50,7,49.35,47.599507958536044
14,46,104,0,62.35,36.630839753582386
14,46,104,1,28.45,23.18228679515098
14,46,104,2,16.7,16.111780587018014
14,46,104,3,10.85,4.4871160589309245
14,46,104,4,9.65,4.637093009520876
14,46,104,5,9.55,4.718106221333881
14,46,104,6,11.8,5.596991673164584
14,46,104,7,8.4,4.04448942844979
15,4,50,0,46.35,24.951057355508897
15,4,50,1,22.7,20.261708765680726
15,4,50,2,14.05,12.491997438360288
15,4,50,3,14.8,11.29322106864393
15,4,50,4,9.15,5.565637051539894
15,4,50,5,9.2,5.1360439414418035
15,4,50,6,5.6,3.4243708603878877
15,4,50,7,19.05,24.476573117553595
14,46,104,0,51.4,25.840400844210482
14,46,104,1,19.25,19.34690237683923
14,46,104,2,15.0,10.55312375804584
14,46,104,3,13.25,8.428491779921869
14,46,104,4,10.85,7.902531240052139
14,46,104,5,12.0,9.199542322711952
14,46,104,6,10.5,8.888194417315589
14,46,104,7,9.3,6.2668719637891375
8,35,77,0,136.45,70.97773928270898
8,35,77,1,44.3,33.49799679792336
8,35,77,2,30.85,22.527819059530536
8,35,77,3,25.3,18.8347383422508
8,35,77,4,27.0,23.01207412545761
15,21,50,0,55.1,39.47137537107378
15,21,50,1,16.05,16.090124463880258
15,21,50,2,13.45,18.251099462195352
15,21,50,3,9.85,6.393047210179113
15,21,50,4,10.7,10.203714493932306
15,21,50,5,7.0,3.670651741928988
15,21,50,6,8.0,5.0990195135927845
15,21,50,7,21.3,20.29804242570671
14,32,104,0,57.2,33.07503431195261
14,32,104,1,13.6,10.394330438424493
14,32,104,2,10.45,5.2261991824591645
14,32,104,3,8.05,4.211200603903332
14,32,104,4,9.1,4.494441010848846
14,32,104,5,9.05,6.6370174024180475
14,32,104,6,7.45,3.5165024489802663
14,32,104,7,7.8,5.297467120684832
14,32,104,0,39.75,14.831953415017967
14,32,104,1,17.75,17.77305767017506
14,32,104,2,10.25,5.533391460273851
14,32,104,3,8.4,5.613892542049965
14,32,104,4,7.6,4.683678266625832
14,32,104,5,9.4,5.3841873745450695
14,32,104,6,7.9,5.014715188428216
14,32,104,7,6.15,5.153179907386772
15,21,50,0,42.2,22.626486575180916
15,21,50,1,15.2,17.096013693563958
15,21,50,2,9.15,9.275179101689686
15,21,50,3,7.95,5.236260216283333
15,21,50,4,6.65,4.648429276308515
15,21,50,5,7.7,7.685255876985283
15,21,50,6,7.1,6.414621455787755
15,21,50,7,35.35,46.08033602764907
8,45,77,0,110.7,76.47297424236672
8,45,77,1,47.4,59.07212362420776
8,45,77,2,20.2,13.938209505188473
8,45,77,3,18.1,14.0858271434726
8,45,77,4,17.2,11.152530984867115
15,15,50,0,47.85,29.26516700789524
15,15,50,1,16.9,13.961978445237019
15,15,50,2,14.25,11.144387305772025
15,15,50,3,8.6,5.305409354710777
15,15,50,4,9.8,6.014018710698494
15,15,50,5,7.5,3.0864730339780526
15,15,50,6,10.0,6.585470450365074
15,15,50,7,23.75,40.22944064658172
15,4,104,0,51.95,21.49534833400008
15,4,104,1,22.3,16.235438820192403
15,4,104,2,9.05,3.872643595924188
15,4,104,3,8.9,6.5526210103486955
15,4,104,4,8.35,6.458572434736399
15,4,104,5,8.3,8.25322903315328
15,4,104,6,7.8,6.8564222679025155
15,4,104,7,34.8,48.6638307272725
8,45,77,0,88.05,72.9069161400524
8,45,77,1,28.7,25.937373969256267
8,45,77,2,19.6,11.690752080620232
8,45,77,3,19.15,11.735124962893954
8,45,77,4,17.4,10.825894882179487
15,4,104,0,52.45,19.519153885889946
15,4,104,1,16.85,10.648820048298903
15,4,104,2,10.85,6.960603422117941
15,4,104,3,8.9,4.564162458476738
15,4,104,4,8.65,6.158220864058572
15,4,104,5,7.3,3.974921382870358
15,4,104,6,6.85,4.568484719420537
15,4,104,7,21.3,27.036232998271824
15,15,50,0,61.7,27.05958337875103
15,15,50,1,17.95,20.600140520726654
15,15,50,2,11.75,9.278583149552407
15,15,50,3,11.3,6.366854961852292
15,15,50,4,8.2,4.09878030638384
15,15,50,5,9.95,6.9696711392628625
15,15,50,6,9.2,6.902326076270078
15,15,50,7,15.5,18.346088067171735
15,21,104,0,45.7,22.861367090862217
15,21,104,1,7.65,5.214100315995384
15,21,104,2,10.55,16.800610891148853
15,21,104,3,9.05,7.783078811721856
15,21,104,4,5.45,2.762054917705485
15,21,104,5,6.4,4.977845655343389
15,21,104,6,5.75,3.306691779757495
15,21,104,7,20.3,53.36774109397627
15,11,50,0,56.75,25.457653176660997
15,11,50,1,22.35,13.003137273264803
15,11,50,2,9.0,4.7572659109375435
15,11,50,3,10.6,5.915190080142017
15,11,50,4,8.2,5.136043941441804
15,11,50,5,8.8,5.425087920703997
15,11,50,6,7.8,4.187701291312831
15,11,50,7,23.0,21.691618560851417
8,26,77,0,122.8,64.5939544181065
8,26,77,1,45.55,41.39091560640863
8,26,77,2,32.3,22.93491936580091
8,26,77,3,27.6,23.58947133563482
8,26,77,4,18.9,16.63192871051277
15,21,104,0,50.9,25.40182339083057
15,21,104,1,18.55,17.48525694767783
15,21,104,2,12.75,17.873458711614536
15,21,104,3,7.9,5.972745115148169
15,21,104,4,7.85,4.380278770268299
15,21,104,5,6.7,3.357630743623592
15,21,104,6,9.55,8.51917342172782
15,21,104,7,30.6,47.70567659039507
15,11,50,0,49.8,23.102973151113098
15,11,50,1,18.45,11.264639597570707
15,11,50,2,14.55,12.930889170387399
15,11,50,3,10.9,7.79946017025335
15,11,50,4,9.9,6.077568765983907
15,11,50,5,10.05,6.073887162530918
15,11,50,6,7.95,7.2582076952487675
15,11,50,7,33.25,65.88576637276306
15,9,104,0,54.95,22.326465296405047
15,9,104,1,15.35,15.315197130885869
15,9,104,2,8.4,4.592900700222601
15,9,104,3,8.75,5.34961877638319
15,9,104,4,7.2,3.914883879436743
15,9,104,5,7.55,3.5758694194927134
15,9,104,6,9.55,10.545515385074458
15,9,104,7,24.65,30.420344646651404
8,26,77,0,99.9,39.58189378730474
8,26,77,1,36.15,35.348304507839515
8,26,77,2,33.5,36.546293641727445
8,26,77,3,17.15,10.413932974625869
8,26,77,4,16.65,10.147724660704668
15,2,50,0,55.2,17.869703852875503
15,2,50,1,16.75,12.151997886420938
15,2,50,2,14.6,8.171838677337007
15,2,50,3,12.95,9.450563892950345
15,2,50,4,10.85,6.24310145596511
15,2,50,5,9.4,5.0199601592044525
15,2,50,6,8.9,5.857069502566511
15,2,50,7,38.25,38.1725652379049
15,9,104,0,44.0,26.06671602274683
15,9,104,1,11.7,9.836024014867625
15,9,104,2,9.7,5.322247249938101
15,9,104,3,11.35,12.071170527116948
15,9,104,4,8.55,4.784569496115392
15,9,104,5,8.75,6.077352262812794
15,9,104,6,8.3,5.639148871948674
15,9,104,7,32.4,43.62809331515405
8,32,77,0,84.15,42.25894486440275
8,32,77,1,31.15,22.23859849805951
8,32,77,2,22.05,19.1049043028499
8,32,77,3,21.75,20.22992832414391
8,32,77,4,20.05,14.723683034664361
15,13,104,0,51.7,33.942831194137064
15,13,104,1,9.6,5.941823218330779
15,13,104,2,11.5,13.422290964542608
15,13,104,3,8.95,4.236122854935308
15,13,104,4,8.5,4.513138714091511
15,13,104,5,8.05,5.7075665383308225
15,13,104,6,6.7,3.7988918051674516
15,13,104,7,13.4,17.842586548391523
15,2,50,0,41.85,20.365799504897524
15,2,50,1,26.85,19.315319799251792
15,2,50,2,17.15,14.228492541376264
15,2,50,3,9.15,5.508605707627409
15,2,50,4,9.25,5.8926805624033545
15,2,50,5,10.8,9.053059965384199
15,2,50,6,9.25,6.290134296951395
15,2,50,7,55.4,63.15844736600331
8,32,77,0,73.05,48.85582979812294
8,32,77,1,35.15,24.870771261822476
8,32,77,2,23.35,16.125413091403928
8,32,77,3,17.9,9.738150694426967
8,32,77,4,17.85,10.291923251294014
15,13,104,0,49.95,25.413371946363405
15,13,104,1,14.0,14.750557527375738
15,13,104,2,15.6,21.738638896044794
15,13,104,3,9.95,7.769542423700653
15,13,104,4,9.8,16.15907761828268
15,13,104,5,8.8,7.452304482860531
15,13,104,6,7.35,5.958408477013587
15,13,104,7,28.45,50.790047719690335
15,8,50,0,52.75,24.071986339224054
15,8,50,1,18.35,18.71749814590896
15,8,50,2,14.15,9.598656704264185
15,8,50,3,13.4,6.754335839413002
15,8,50,4,10.65,11.008489546947988
15,8,50,5,9.5,6.108665113892249
15,8,50,6,6.85,5.450977700810822
15,8,50,7,36.45,49.98786694894335
8,34,77,0,78.35,46.97734616420534
8,34,77,1,25.05,17.300669290369576
8,34,77,2,20.2,17.65934969297985
8,34,77,3,20.4,17.866169147301836
8,34,77,4,16.3,16.41597424846652
15,17,104,0,44.25,25.465921500992984
15,17,104,1,15.75,14.059553784938517
15,17,104,2,14.15,11.1933956091598
15,17,104,3,10.25,6.957578223551793
15,17,104,4,10.6,8.31232439466274
15,17,104,5,9.9,7.99934207820934
15,17,104,6,8.7,7.671546883057376
15,17,104,7,44.25,53.4945890032962
15,8,50,0,43.45,18.340277791617122
15,8,50,1,17.9,20.30270917882636
15,8,50,2,13.9,16.120924617599197
15,8,50,3,10.25,10.22316770354164
15,8,50,4,9.6,7.23587553353719
15,8,50,5,9.45,7.749193506423748
15,8,50,6,7.55,5.871205381485044
15,8,50,7,36.25,51.634214482871315
15,6,50,0,49.2,27.211839528527207
15,6,50,1,17.15,17.628550407611062
15,6,50,2,10.75,7.853091915390966
15,6,50,3,12.55,8.666177449080267
15,6,50,4,11.7,8.74251559606092
15,6,50,5,8.05,4.968055851876911
15,6,50,6,7.7,4.390180430292849
15,6,50,7,25.6,28.764744502876944
15,17,104,0,54.3,21.07405488921589
15,17,104,1,16.65,12.482724904948903
15,17,104,2,14.2,10.380142986541786
15,17,104,3,12.15,12.482724904948903
15,17,104,4,10.5,8.114314836334481
15,17,104,5,7.5,4.828642611923584
15,17,104,6,8.85,8.809534308738579
15,17,104,7,36.2,50.97842680977905
8,34,77,0,104.3,63.733078249507884
8,34,77,1,36.7,39.06553198759342
8,34,77,2,26.0,28.844410203711917
8,34,77,3,16.0,13.890549608314736
8,34,77,4,14.4,10.028380779200178
15,6,50,0,47.65,25.173660001969058
15,6,50,1,17.1,14.856860899580155
15,6,50,2,10.05,5.103920062069938
15,6,50,3,9.0,6.664912049800729
15,6,50,4,11.4,13.666709456501263
15,6,50,5,8.05,4.160908301649634
15,6,50,6,7.45,3.7059695797882357
15,6,50,7,17.6,36.28309741318589
15,2,104,0,45.0,24.929373923356483
15,2,104,1,15.0,11.697953037312038
15,2,104,2,13.3,15.771726868705677
15,2,104,3,9.5,6.91679877278195
15,2,104,4,10.15,7.435866140750377
15,2,104,5,9.35,6.450418183098062
15,2,104,6,9.95,10.46535638239455
15,2,104,7,38.55,35.82042199052026
8,30,77,0,105.6,71.18796468357186
8,30,77,1,44.4,47.362432369970186
8,30,77,2,25.85,34.696086538003556
8,30,77,3,17.6,13.75499909123952
8,30,77,4,15.85,9.166730462297942
15,4,50,0,53.35,23.722685123604457
15,4,50,1,19.3,16.23868026786984
15,4,50,2,15.1,8.693009896038978
15,4,50,3,12.05,8.009698069084424
15,4,50,4,10.2,6.3709868689403635
15,4,50,5,12.0,8.182137154866853
15,4,50,6,10.3,5.400779670809722
15,4,50,7,25.15,32.431750200268745
15,2,104,0,64.9,31.49419328267222
15,2,104,1,21.0,12.409673645990857
15,2,104,2,13.2,9.265669515957677
15,2,104,3,11.45,8.726698296486177
15,2,104,4,11.85,14.561213801342973
15,2,104,5,10.3,6.68934738379258
15,2,104,6,8.45,5.07288976090707
15,2,104,7,50.45,54.38021602326384
15,4,50,0,55.65,21.23868119604813
15,4,50,1,17.6,10.713493705062838
15,4,50,2,12.05,6.1855093820791724
15,4,50,3,14.2,8.697246993339784
15,4,50,4,9.4,5.519343973221531
15,4,50,5,8.55,4.406633755218555
15,4,50,6,9.1,5.627937829305359
15,4,50,7,24.65,36.14775963065746
8,30,77,0,83.4,42.70264382299631
8,30,77,1,28.9,26.799253720952752
8,30,77,2,21.9,13.595277817954601
8,30,77,3,17.0,14.041292488116687
8,30,77,4,16.9,11.822814697373087
15,2,104,0,61.35,23.647131794474845
15,2,104,1,14.45,11.180222199091242
15,2,104,2,9.6,5.490661929226078
15,2,104,3,10.9,8.33445606471933
15,2,104,4,7.95,4.751454071068527
15,2,104,5,7.7,5.429936512180946
15,2,104,6,6.65,3.977237867242991
15,2,104,7,58.85,62.70085620165847
15,17,50,0,50.05,24.10170336849987
15,17,50,1,26.05,25.568226581566343
15,17,50,2,20.15,19.442966526958305
15,17,50,3,11.65,6.611592689718329
15,17,50,4,10.2,7.804182414442574
15,17,50,5,7.5,4.223991626785959
15,17,50,6,7.8,4.348018302387277
15,17,50,7,34.75,39.48467390879923
8,43,77,0,101.9,53.59290997883956
8,43,77,1,33.4,32.30186567856088
8,43,77,2,23.35,17.233000777272473
8,43,77,3,19.65,15.270456512667302
8,43,77,4,18.9,14.785839598466467
15,2,104,0,47.3,17.02660456925851
15,2,104,1,18.3,10.998085957876583
15,2,104,2,11.6,12.537942414925983
15,2,104,3,9.15,4.016741281974206
15,2,104,4,8.1,3.625930007743204
15,2,104,5,8.15,4.120232492162752
15,2,104,6,9.15,5.22418465056107
15,2,104,7,54.6,66.49606240815673
15,17,50,0,45.2,31.346283251515008
15,17,50,1,17.45,16.937889634283188
15,17,50,2,12.75,9.882866620145137
15,17,50,3,10.8,5.978910303813951
15,17,50,4,13.1,12.561009010761081
15,17,50,5,8.45,6.159929938084138
15,17,50,6,8.95,6.708007783317833
15,17,50,7,38.5,45.06778520360075
15,3,104,0,54.7,28.176324514703733
15,3,104,1,19.05,18.48605448781096
15,3,104,2,10.55,9.511627233632474
15,3,104,3,8.95,4.989198859852942
15,3,104,4,9.0,4.74618960740863
15,3,104,5,6.65,5.0395801830165015
15,3,104,6,7.0,2.752988806446741
15,3,104,7,20.55,25.37399207228162
15,5,50,0,52.05,26.615142108838796
15,5,50,1,17.95,15.64230094798615
15,5,50,2,13.1,12.768794197697678
15,5,50,3,8.7,6.6893473837925805
15,5,50,4,6.2,2.8209740758897635
15,5,50,5,8.9,5.627937829305359
15,5,50,6,8.25,5.720461887865902
15,5,50,7,20.8,25.021254123139727
8,43,77,0,116.15,44.47267049607693
8,43,77,1,52.35,54.14335260748957
8,43,77,2,26.8,15.985519763375326
8,43,77,3,22.7,11.774638222177268
8,43,77,4,17.0,8.085073967047647
15,3,104,0,60.7,33.54666820070841
15,3,104,1,15.25,12.143332586888553
15,3,104,2,10.05,6.278409117971812
15,3,104,3,8.85,6.899847443012208
15,3,104,4,7.75,4.165964853175641
15,3,104,5,11.45,7.6809744447597685
15,3,104,6,7.35,3.42244910769128
15,3,104,7,8.65,6.7064383833353505
15,5,50,0,47.85,17.87758078535354
15,5,50,1,22.35,19.16211997940894
15,5,50,2,11.65,7.693298519182988
15,5,50,3,14.1,7.166442264948634
15,5,50,4,10.5,8.146681597597366
15,5,50,5,11.0,7.752758422516127
15,5,50,6,8.25,3.971941060674703
15,5,50,7,23.2,42.720141927617576
8,37,77,0,97.7,66.6397226253152
8,37,77,1,35.25,42.95759843331439
8,37,77,2,19.6,17.96897911753241
8,37,77,3,18.1,13.772206947709082
8,37,77,4,16.55,13.531542099071611
15,5,104,0,45.5,25.50232187571617
15,5,104,1,17.7,5.620451377265933
15,5,104,2,15.1,5.077297250350925
15,5,104,3,10.85,7.781726232520312
15,5,104,4,11.65,6.861601777090275
15,5,104,5,11.0,7.377062601847632
15,5,104,6,9.25,5.339771333562594
15,5,104,7,19.2,20.067255339036908
15,12,50,0,64.9,22.800969508473006
15,12,50,1,24.35,21.86146573792632
15,12,50,2,13.85,11.735124962893956
15,12,50,3,11.45,8.049027401199673
15,12,50,4,10.3,6.481552770423878
15,12,50,5,9.65,5.940715888102872
15,12,50,6,9.5,5.88038666827455
15,12,50,7,46.7,60.45711833932161
15,5,104,0,57.4,26.07156143750262
15,5,104,1,22.3,20.455600185459442
15,5,104,2,13.15,14.342703995228264
15,5,104,3,12.9,13.27006921014752
15,5,104,4,11.65,11.453682469200164
15,5,104,5,11.05,9.522687590558057
15,5,104,6,8.45,7.903863146055792
15,5,104,7,18.55,26.28282408922723
8,37,77,0,100.05,98.80255430322691
8,37,77,1,43.3,46.88294494073286
8,37,77,2,27.842105263157894,14.713044695457372
8,37,77,3,24.894736842105264,17.393787961485643
8,37,77,4,20.263157894736842,13.955652400304638
15,21,104,0,37.85,26.711470037774916
15,21,104,1,9.65,7.220402379806529
15,21,104,2,10.1,11.746892086173709
15,21,104,3,9.75,11.99506477462162
15,21,104,4,6.3,4.079473650259049
15,21,104,5,7.25,6.068685802413984
15,21,104,6,5.35,3.5729244987382827
15,21,104,7,14.45,19.013776169149732
15,12,50,0,57.05,27.442715455634985
15,12,50,1,27.3,26.925042149211986
15,12,50,2,14.15,12.136395892651075
15,12,50,3,10.75,7.085010121450261
15,12,50,4,10.25,5.118336489627527
15,12,50,5,13.65,11.314987731695561
15,12,50,6,8.55,5.735163926441675
15,12,50,7,20.2,20.90731425778271
15,21,104,0,44.85,21.211404578917595
15,21,104,1,14.65,17.229946390850408
15,21,104,2,8.3,6.641971806149452
15,21,104,3,8.4,5.471457036773948
15,21,104,4,7.6,4.604345773288535
15,21,104,5,7.5,5.66150435652463
15,21,104,6,5.8,3.172248082155121
15,21,104,7,19.1,27.393622000673613
15,13,50,0,45.4,24.620060284675432
15,13,50,1,13.95,9.483919909093775
15,13,50,2,11.0,7.16717664444177
15,13,50,3,7.5,3.8044295512634103
15,13,50,4,8.95,5.753488644200783
15,13,50,5,7.8,5.053399064517185
15,13,50,6,8.2,5.156498199767991
15,13,50,7,14.6,18.123552573784668
8,35,77,0,113.7,75.44053077895545
8,35,77,1,37.85,38.66083970008656
8,35,77,2,32.7,24.266285904088154
8,35,77,3,21.68421052631579,15.610013280579969
8,35,77,4,23.473684210526315,21.96049083911234
15,13,104,0,58.65,40.241736647677776
15,13,104,1,14.25,9.419325040071945
15,13,104,2,12.3,6.981931568058558
15,13,104,3,14.05,11.546131728623957
15,13,104,4,10.0,4.768316485434157
15,13,104,5,9.6,5.092822606891307
15,13,104,6,12.0,7.455128930368747
15,13,104,7,13.8,13.524247230729506
15,13,50,0,56.75,37.08720165118675
15,13,50,1,16.6,15.91225942473287
15,13,50,2,10.3,8.411145488044577
15,13,50,3,8.9,6.544583939974214
15,13,50,4,8.2,5.863356322825782
15,13,50,5,8.45,4.4777226354476225
15,13,50,6,9.6,8.002631146264202
15,13,50,7,19.75,22.601525332782764
15,13,104,0,56.65,27.032680027582987
15,13,104,1,14.7,15.891407807531186
15,13,104,2,10.95,6.901372861135751
15,13,104,3,9.75,5.757146588554547
15,13,104,4,7.7,5.2525682941024705
15,13,104,5,7.1,4.940700994372102
15,13,104,6,7.95,4.639362478889347
15,13,104,7,22.2,38.98663738688991
16,34,50,0,51.25,21.297084060351647
16,34,50,1,11.45,8.562310312920038
16,34,50,2,14.5,13.108855986056064
16,34,50,3,12.35,8.910520098235155
16,34,50,4,8.5,4.915068131454752
16,34,50,5,8.35,5.431632496676056
16,34,50,6,8.0,7.455128930368746
16,34,50,7,8.35,6.276732304396343
16,34,50,8,7.3,5.813776741499453
8,35,77,0,107.8,65.02113016874632
8,35,77,1,30.35,36.94843490738495
8,35,77,2,30.7,24.980202687644258
8,35,77,3,21.8,16.152562123635207
8,35,77,4,17.7,11.017211415254819
15,16,104,0,52.6,25.26157889802323
15,16,104,1,21.35,26.685842885813365
15,16,104,2,10.15,7.24950089026098
15,16,104,3,9.9,5.937392658309484
15,16,104,4,8.1,5.408570197283878
15,16,104,5,8.7,5.016813834759226
15,16,104,6,7.8,3.1722480821551207
15,16,104,7,10.55,11.48213715665383
16,34,50,0,53.45,32.44181025515652
16,34,50,1,15.4,12.115236166431963
16,34,50,2,11.4,6.572670690061994
16,34,50,3,16.4,16.61134678782136
16,34,50,4,8.8,6.461220350758255
16,34,50,5,12.1,14.725202169999855
16,34,50,6,8.4,5.623259964787236
16,34,50,7,8.55,5.614595640874445
16,34,50,8,7.95,4.673272267288792
15,16,104,0,57.3,23.2788587168249
15,16,104,1,20.5,14.587305223522627
15,16,104,2,15.1,9.295726239288111
15,16,104,3,11.3,7.9013656381266415
15,16,104,4,12.95,10.565460111534236
15,16,104,5,12.5,9.822101822447491
15,16,104,6,10.5,7.84387122468706
15,16,104,7,11.15,9.20111549301439
16,28,50,0,51.75,21.457117577550864
16,28,50,1,19.15,10.022474744293447
16,28,50,2,14.15,16.023913051239518
16,28,50,3,13.1,14.70374102057024
16,28,50,4,8.3,3.404331606088121
16,28,50,5,9.85,5.018649430400887
16,28,50,6,8.35,2.8520537383288884
16,28,50,7,10.85,7.915840215402878
16,28,50,8,9.25,10.602258945000454
8,33,77,0,99.9,82.98630197682914
8,33,77,1,34.7,31.542953170824735
8,33,77,2,29.55,21.431592518866555
8,33,77,3,29.94736842105263,35.428290146294934
8,33,77,4,27.263157894736842,23.771696768456852
15,6,104,0,46.4,23.585008619437637
15,6,104,1,17.25,17.18590303585746
15,6,104,2,12.2,10.390278857511097
15,6,104,3,10.5,6.091408963277276
15,6,104,4,10.3,5.831854449125894
15,6,104,5,6.5,3.137212977016048
15,6,104,6,8.75,4.777964772622445
15,6,104,7,25.4,28.10019666535412
16,28,50,0,52.05,19.484069065993918
16,28,50,1,19.2,11.785807700700648
16,28,50,2,9.6,5.164657221009572
16,28,50,3,12.85,10.10614716528093
16,28,50,4,10.6,10.205261800711074
16,28,50,5,10.0,5.026246899500346
16,28,50,6,10.4,5.133994033580688
16,28,50,7,9.4,6.628487165655763
16,28,50,8,7.55,4.7292482990094955
15,6,104,0,56.95,27.96327478751559
15,6,104,1,16.45,13.582012098050088
15,6,104,2,13.3,12.732469888976146
15,6,104,3,9.3,4.691537734665413
15,6,104,4,8.5,4.110320771193565
15,6,104,5,8.4,5.471457036773948
15,6,104,6,7.65,3.74552364408784
15,6,104,7,27.55,32.028728880244536
16,25,50,0,61.45,30.999957555149212
16,25,50,1,14.15,11.913172718068276
16,25,50,2,10.3,7.595705157660166
16,25,50,3,9.9,6.46366361813647
16,25,50,4,9.8,5.615767276629541
16,25,50,5,9.15,7.527318667081225
16,25,50,6,7.75,6.711145482271304
16,25,50,7,10.0,9.04957108608498
16,25,50,8,8.0,6.537342128515468
8,33,77,0,110.4,75.1009145644782
8,33,77,1,49.5,52.04906592012862
8,33,77,2,38.05,24.96834838455743
8,33,77,3,26.05,18.698367505438036
8,33,77,4,25.8,13.185318789431955
16,25,50,0,38.6,21.460857882494622
16,25,50,1,10.05,6.801509120466536
16,25,50,2,10.5,9.230954788958154
16,25,50,3,9.3,5.768334613259387
16,25,50,4,7.8,3.9550101470360217
16,25,50,5,8.6,8.975991368792172
16,25,50,6,6.75,4.050665962140313
16,25,50,7,6.45,4.430456790041074
16,25,50,8,7.65,4.912658193515583
15,4,104,0,49.0,21.381251009630894
15,4,104,1,13.25,8.181333053134788
15,4,104,2,12.2,9.428958752582107
15,4,104,3,9.1,5.437685266051317
15,4,104,4,10.4,8.229599977488194
15,4,104,5,10.8,7.237330127085613
15,4,104,6,6.75,4.024595435699423
15,4,104,7,22.5,22.688972512747473
15,4,104,0,53.0,21.30974573189213
15,4,104,1,13.35,9.927500347917132
15,4,104,2,14.0,11.26709227889133
15,4,104,3,10.2,4.629425336623157
15,4,104,4,9.95,7.366174469545876
15,4,104,5,7.75,4.265837364580678
15,4,104,6,6.6,5.660574640719606
15,4,104,7,14.8,14.855798088359482
16,28,50,0,67.0,29.733907633506476
16,28,50,1,18.75,13.517532474920351
16,28,50,2,12.8,8.544619729150588
16,28,50,3,9.7,8.42365091494431
16,28,50,4,8.8,5.074186478742443
16,28,50,5,9.7,7.980898247823064
16,28,50,6,9.4,5.335087430842801
16,28,50,7,7.3,5.9036117401932335
16,28,50,8,6.95,5.500956854565346
8,41,77,0,128.55,68.29462104117641
8,41,77,1,33.4,30.880755376635125
8,41,77,2,28.55,28.814241727239494
8,41,77,3,19.65,12.59605201306304
8,41,77,4,23.35,17.196312334181908
16,28,50,0,50.9,21.459631624836533
16,28,50,1,20.2,20.158842907479116
16,28,50,2,12.65,10.907626496606568
16,28,50,3,8.6,6.02975080221746
16,28,50,4,7.25,4.8108977168617155
16,28,50,5,7.45,5.286278165411395
16,28,50,6,7.75,5.118336489627526
16,28,50,7,6.55,4.570788254027733
16,28,50,8,5.45,2.9464519251751624
15,0,104,0,61.0,27.89453823166633
15,0,104,1,15.35,12.89338875874805
15,0,104,2,12.95,9.725035516103459
15,0,104,3,14.0,11.17798588391722
15,0,104,4,10.0,6.6885605405993855
15,0,104,5,8.25,3.8644806282753947
15,0,104,6,8.05,5.871205381485045
15,0,104,7,46.35,59.427332892675246
8,41,77,0,101.85,48.72400791569204
8,41,77,1,26.4,21.206751655769295
8,41,77,2,16.5,9.784520535277299
8,41,77,3,19.25,19.089470782000273
8,41,77,4,20.1,20.47308888324018
16,29,50,0,45.55,20.182000839726886
16,29,50,1,22.25,21.212893298776176
16,29,50,2,12.9,8.103930170634882
16,29,50,3,12.35,9.20111549301439
16,29,50,4,10.2,7.105224171433002
16,29,50,5,7.8,3.442765106560041
16,29,50,6,7.45,4.045465297550358
16,29,50,7,8.5,6.378417556597857
16,29,50,8,6.7,3.4351128074635335
15,0,104,0,61.75,28.5138470516381
15,0,104,1,14.4,9.632182897371761
15,0,104,2,13.45,9.832679133754361
15,0,104,3,11.95,7.810081204510784
15,0,104,4,9.35,7.754625105465498
15,0,104,5,7.9,6.189124587362476
15,0,104,6,8.5,4.915068131454752
15,0,104,7,59.25,78.83685686276439
16,29,50,0,50.7,18.51059440599242
16,29,50,1,17.65,20.754897963461158
16,29,50,2,13.05,8.152978144922194
16,29,50,3,11.3,7.746646133378591
16,29,50,4,11.5,7.416198487095663
16,29,50,5,9.25,4.458876422078596
16,29,50,6,8.4,3.6186650635428066
16,29,50,7,7.15,3.0482954684803594
16,29,50,8,8.3,4.612340426565054
8,41,77,0,119.3,47.804536230472166
8,41,77,1,46.4,39.9768353977782
8,41,77,2,28.95,22.460433046394698
8,41,77,3,22.15,16.017342574781082
8,41,77,4,22.4,17.509095380762297
16,36,50,0,51.1,24.15716086489949
16,36,50,1,15.2,12.386750136632628
16,36,50,2,12.6,8.810281075628573
16,36,50,3,9.15,6.0894645862644134
16,36,50,4,13.45,13.880979034180854
16,36,50,5,9.0,6.104355649430728
16,36,50,6,8.8,6.271069748414035
16,36,50,7,8.8,6.630075017436989
16,36,50,8,9.95,7.923814870708626
15,21,104,0,55.25,37.257108117286265
15,21,104,1,17.2,12.972034698169995
15,21,104,2,21.35,20.53565576977606
15,21,104,3,13.65,9.280851821159295
15,21,104,4,12.25,8.583184294396744
15,21,104,5,10.9,6.50424962296918
15,21,104,6,9.3,6.1138324615924065
15,21,104,7,31.25,50.140723022939724
15,21,104,0,44.25,28.7308288483954
15,21,104,1,11.35,8.138763645923778
15,21,104,2,9.2,9.51785026590619
15,21,104,3,10.1,12.451590471227277
15,21,104,4,7.6,6.816388918975856
15,21,104,5,8.45,12.279529392662537
15,21,104,6,4.8,2.5047323630532494
15,21,104,7,13.6,11.591285292703398
16,36,50,0,53.8,35.69844460713129
16,36,50,1,20.9,15.78106793798056
16,36,50,2,12.25,11.158546405994683
16,36,50,3,10.35,5.94071588810287
16,36,50,4,10.95,7.229144231220558
16,36,50,5,9.7,5.592287922713414
16,36,50,6,10.2,5.827340279822529
16,36,50,7,9.2,6.395722254592887
16,36,50,8,9.05,4.718106221333882
8,41,77,0,120.15,51.738487150588185
8,41,77,1,37.15,32.87180042464809
8,41,77,2,26.3,19.83908953768319
8,41,77,3,16.65,7.478213971967259
8,41,77,4,19.0,10.677078252031311
16,40,50,0,54.8,26.102228176718434
16,40,50,1,22.1,19.641256257388964
16,40,50,2,16.4,17.866169147301836
16,40,50,3,11.8,6.677535000597938
16,40,50,4,9.75,5.766281297335398
16,40,50,5,7.25,4.089460136806117
16,40,50,6,9.3,5.458937625582472
16,40,50,7,8.6,4.083342284272324
16,40,50,8,9.1,5.320269086981854
15,9,104,0,57.35,25.1820215734622
15,9,104,1,22.1,29.152773633503823
15,9,104,2,12.75,7.447182441419671
15,9,104,3,9.95,6.117059837261
15,9,104,4,10.5,6.684624935350957
15,9,104,5,8.3,4.425999738387986
15,9,104,6,12.05,13.743802431028971
15,9,104,7,22.95,32.52120765544264
8,27,77,0,91.65,70.45138301283413
8,27,77,1,27.7,22.715865079626386
8,27,77,2,21.1,13.230347888969431
8,27,77,3,22.05,14.024320979903749
8,27,77,4,18.3,11.05060131728967
16,40,50,0,56.35,44.27696918263489
16,40,50,1,13.2,10.252599156978889
16,40,50,2,8.9,8.434889947180855
16,40,50,3,6.8,4.073017761342384
16,40,50,4,9.15,10.408877789757419
16,40,50,5,7.3,6.744198286402602
16,40,50,6,7.6,6.548603708143881
16,40,50,7,8.25,4.722566206941663
16,40,50,8,7.4,5.500239229246977
15,9,104,0,53.3,24.08122221063322
15,9,104,1,15.2,11.687149938467057
15,9,104,2,11.15,12.325732603400349
15,9,104,3,10.0,9.787209698591859
15,9,104,4,10.3,6.165267740803271
15,9,104,5,8.7,5.592287922713414
15,9,104,6,7.35,3.883500862285011
15,9,104,7,19.15,18.319604109719243
16,46,50,0,65.65,42.342308069253605
16,46,50,1,14.8,11.204322474173221
16,46,50,2,12.3,10.954931597951193
16,46,50,3,8.75,5.53339146027385
16,46,50,4,10.95,8.635757974229804
16,46,50,5,7.9,4.435502700994141
16,46,50,6,8.75,6.6401886466543925
16,46,50,7,9.15,3.6602415796027223
16,46,50,8,6.4,3.8030458707116384
15,17,104,0,56.9,15.714224196735364
15,17,104,1,18.1,13.368856188525392
15,17,104,2,11.55,8.075140539757935
15,17,104,3,15.5,11.740617754750296
15,17,104,4,11.9,6.129308366580326
15,17,104,5,7.25,4.265837364580679
15,17,104,6,9.1,7.092620330871711
15,17,104,7,58.55,66.91351448737865
8,27,77,0,103.7,63.29222118995268
8,27,77,1,34.9,40.54743810454743
8,27,77,2,31.5,30.971124072525836
8,27,77,3,25.75,20.21170843582345
8,27,77,4,22.6,12.807892303699226
16,46,50,0,53.95,23.968125763846846
16,46,50,1,23.65,20.295903138577657
16,46,50,2,8.55,4.828370107472794
16,46,50,3,13.5,12.120013896118488
16,46,50,4,9.55,10.338863828446428
16,46,50,5,9.8,9.33922120048449
16,46,50,6,7.35,4.556949579892695
16,46,50,7,7.2,6.669648455976956
16,46,50,8,7.7,4.7139211524567255
15,17,104,0,57.75,18.6994933790084
15,17,104,1,15.55,14.968299836654795
15,17,104,2,11.75,6.648110139058515
15,17,104,3,12.75,10.587355914635056
15,17,104,4,9.1,5.359693628321836
15,17,104,5,8.5,6.219663216470469
15,17,104,6,9.05,6.778254704723425
15,17,104,7,26.35,28.63614756506924
16,46,50,0,45.65,24.353266289090843
16,46,50,1,10.55,6.1599299380841375
16,46,50,2,11.25,9.612902513644988
16,46,50,3,9.05,6.091192952037176
16,46,50,4,10.65,10.494484767072455
16,46,50,5,8.7,6.241625968995748
16,46,50,6,9.25,6.671818185077951
16,46,50,7,7.75,5.138861229576268
16,46,50,8,8.8,8.230878957988182
15,4,104,0,49.9,17.225745725206608
15,4,104,1,22.35,20.262163338545434
15,4,104,2,16.1,15.08537109429634
15,4,104,3,12.15,9.449449997918286
15,4,104,4,9.35,5.842449017861926
15,4,104,5,7.9,5.035662293764556
15,4,104,6,7.95,5.124502543251342
15,4,104,7,27.75,37.78035551920991
16,46,50,0,56.9,25.505211025860657
16,46,50,1,14.15,8.235194050696775
16,46,50,2,13.55,13.232635095813205
16,46,50,3,9.45,8.852445395125812
16,46,50,4,11.55,8.732727312574777
16,46,50,5,9.65,9.10335392213106
16,46,50,6,7.15,5.769931131578426
16,46,50,7,8.0,6.440006538081023
16,46,50,8,7.0,5.47722557505166
9,2,77,0,109.9,55.78898212295856
9,2,77,1,52.5,54.78042293412954
9,2,77,2,34.7,31.507893747774585
9,2,77,3,32.05,27.448468464608943
9,2,77,4,75.15789473684211,68.33842514191555
15,4,104,0,65.8,20.74557657353541
15,4,104,1,13.8,12.250026852816967
15,4,104,2,11.3,6.308724118235002
15,4,104,3,12.6,7.666742943937866
15,4,104,4,6.4,3.9390086917502742
15,4,104,5,6.25,3.3225703430041214
15,4,104,6,5.75,2.807414993792051
15,4,104,7,24.25,32.2765598506017
16,28,50,0,46.45,25.74055779872444
16,28,50,1,21.9,16.558985476169727
16,28,50,2,10.55,10.251957451089394
16,28,50,3,11.35,9.303508110271885
16,28,50,4,10.15,8.177472264188914
16,28,50,5,10.5,5.9868276460207115
16,28,50,6,9.2,7.654376113323052
16,28,50,7,8.35,7.154498033074239
16,28,50,8,9.5,6.143031996112599
15,15,104,0,45.4,25.43391850514418
15,15,104,1,18.0,15.193488910160097
15,15,104,2,10.7,7.123718721359837
15,15,104,3,11.95,7.943716484048721
15,15,104,4,8.75,6.214372136638711
15,15,104,5,8.5,6.386663736585051
15,15,104,6,9.55,4.850122082022916
15,15,104,7,15.25,20.998433525535084
16,28,50,0,54.7,29.478091775704243
16,28,50,1,17.05,16.34649487617581
16,28,50,2,9.05,5.20601878396029
16,28,50,3,9.05,5.670561097272009
16,28,50,4,7.4,4.638511557998343
16,28,50,5,10.1,9.66763455529515
16,28,50,6,7.35,5.724140937615373
16,28,50,7,7.15,4.498830257323623
16,28,50,8,6.25,4.050665962140313
9,2,77,0,104.95,49.12334100586958
9,2,77,1,34.65,30.43418265181785
9,2,77,2,20.95,12.89828629988047
9,2,77,3,18.05,9.741257889161846
9,2,77,4,55.9,61.85543417390347
15,15,104,0,51.65,25.505984849793485
15,15,104,1,10.95,6.8323918906462335
15,15,104,2,9.8,5.8991524815010505
15,15,104,3,8.1,3.782229918698061
15,15,104,4,7.75,4.1278897374094825
15,15,104,5,7.2,4.073017761342384
15,15,104,6,7.25,3.931987578285246
15,15,104,7,8.9,9.988941253627486
16,35,50,0,54.0,25.18562664445108
16,35,50,1,23.05,19.932715768172105
16,35,50,2,15.25,10.924983439708033
16,35,50,3,8.05,4.394673809822162
16,35,50,4,11.15,6.682853156832751
16,35,50,5,9.9,4.81117121094777
16,35,50,6,10.45,4.661996409942397
16,35,50,7,9.1,5.320269086981855
16,35,50,8,6.85,3.869924519867756
16,28,104,0,50.1,21.82683042303187
16,28,104,1,15.9,12.636205293145816
16,28,104,2,13.2,15.62925731474552
16,28,104,3,11.3,7.5679379100601984
16,28,104,4,9.9,6.695638800545354
16,28,104,5,10.8,7.529590748646653
16,28,104,6,10.5,7.082223855318476
16,28,104,7,8.25,6.094648213154329
16,28,104,8,8.35,7.343274760658647
9,8,77,0,98.45,54.40827626672058
9,8,77,1,37.75,26.897221535240206
9,8,77,2,30.85,23.853224431708885
9,8,77,3,24.8,22.691524037796466
9,8,77,4,52.75,48.90471401236877
16,35,50,0,63.25,35.80337384866639
16,35,50,1,17.7,16.21597652738934
16,35,50,2,13.65,10.936539431504013
16,35,50,3,10.6,5.623259964787235
16,35,50,4,10.7,7.306089745439831
16,35,50,5,10.25,7.676862023399651
16,35,50,6,10.65,5.29423718475297
16,35,50,7,7.1,4.435502700994141
16,35,50,8,8.8,5.267577092084427
16,28,104,0,47.35,21.057002835661407
16,28,104,1,20.9,17.838161340227867
16,28,104,2,16.2,10.836585206944504
16,28,104,3,10.1,6.273587070954073
16,28,104,4,9.45,5.155222186237339
16,28,104,5,11.05,7.486654793697918
16,28,104,6,7.55,5.13476284493103
16,28,104,7,9.1,5.476264573978372
16,28,104,8,6.4,2.5422741580594415
16,35,50,0,49.2,22.41615958469059
16,35,50,1,23.8,15.54484175741773
16,35,50,2,12.9,7.144375778411847
16,35,50,3,16.0,11.74734012447073
16,35,50,4,10.05,6.4602020499606505
16,35,50,5,9.5,4.784844495080823
16,35,50,6,9.45,5.246301955713788
16,35,50,7,8.9,4.575679414607535
16,35,50,8,7.3,5.61107926573095
16,36,104,0,50.6,25.242820761555155
16,36,104,1,13.95,12.93495875118034
16,36,104,2,10.85,10.307253450081186
16,36,104,3,11.55,8.970565903641695
16,36,104,4,11.05,8.312799262519658
16,36,104,5,8.75,5.270324068733695
16,36,104,6,9.8,5.890223836332985
16,36,104,7,12.45,17.3401724024696
16,36,104,8,8.5,4.696022953409339
9,8,77,0,83.55,47.14644039697231
9,8,77,1,35.35,31.067456318554036
9,8,77,2,22.9,16.160054715905282
9,8,77,3,25.2,18.74370069621988
9,8,77,4,67.4,94.59520406225121
16,35,50,0,55.15,20.189301492048756
16,35,50,1,14.1,11.006696526254036
16,35,50,2,15.55,11.704587494698506
16,35,50,3,12.25,6.742442162583931
16,35,50,4,9.85,5.101857246966153
16,35,50,5,9.3,5.731721519661207
16,35,50,6,9.8,8.357788677571799
16,35,50,7,8.4,7.243145580114819
16,35,50,8,7.2,3.488326397089524
16,36,104,0,60.55,45.191376680908824
16,36,104,1,20.05,22.756086519527262
16,36,104,2,16.0,16.648059788961657
16,36,104,3,11.25,6.5684653338588355
16,36,104,4,11.3,8.985953951643232
16,36,104,5,12.2,9.633275663033837
16,36,104,6,11.65,8.412240455056205
16,36,104,7,9.55,9.461695630833107
16,36,104,8,10.75,8.051642526119814
16,35,50,0,57.95,28.385457729730476
16,35,50,1,18.2,17.551728060072517
16,35,50,2,12.75,8.372102798171907
16,35,50,3,10.6,5.082477638649129
16,35,50,4,12.7,7.947856380976671
16,35,50,5,7.8,2.894641146743591
16,35,50,6,9.2,6.279456899077213
16,35,50,7,10.65,8.241582627780074
16,35,50,8,8.4,5.861560776520372
16,45,104,0,50.9,25.503147380584018
16,45,104,1,20.1,22.195068205157174
16,45,104,2,14.15,10.479428469751182
16,45,104,3,10.85,7.176533395654713
16,45,104,4,11.6,12.81610828523805
16,45,104,5,10.4,9.800107410796981
16,45,104,6,11.05,14.66278856224329
16,45,104,7,6.75,5.220153254455275
16,45,104,8,10.1,9.824244982373163
16,35,50,0,47.1,22.594596466272286
16,35,50,1,18.6,14.54358241540523
16,35,50,2,10.45,8.935293710013708
16,35,50,3,10.9,7.913346487522137
16,35,50,4,11.45,11.46837757533847
16,35,50,5,7.85,4.05585995813465
16,35,50,6,8.2,3.2863353450309964
16,35,50,7,6.6,2.5628931020687498
16,35,50,8,8.85,6.674972895667423
16,45,104,0,45.0,22.405356502408075
16,45,104,1,12.15,10.383564949121837
16,45,104,2,8.65,5.3829653342255215
16,45,104,3,8.7,5.965691383587533
16,45,104,4,9.05,10.060213453840932
16,45,104,5,6.85,4.682273401941232
16,45,104,6,7.3,5.930296877276176
16,45,104,7,6.45,4.751454071068527
16,45,104,8,5.35,3.34467369189629
9,11,77,0,132.55,86.82073181956146
9,11,77,1,33.5,38.386538210542945
9,11,77,2,24.3,18.342071282910453
9,11,77,3,20.68421052631579,14.197232248180345
9,11,77,4,91.52631578947368,101.74224972997678
16,42,50,0,70.05,18.86649773651976
16,42,50,1,13.6,11.677238318063143
16,42,50,2,16.45,11.856488341388173
16,42,50,3,13.3,6.73638978744706
16,42,50,4,11.15,4.804329188072818
16,42,50,5,10.7,5.545030966645058
16,42,50,6,10.5,5.336073857296797
16,42,50,7,9.75,5.618344015248995
16,42,50,8,9.5,6.708203932499369
16,31,104,0,58.85,20.15277178271802
16,31,104,1,18.8,13.774881793360429
16,31,104,2,12.95,10.195329167913377
16,31,104,3,10.45,5.595816106229442
16,31,104,4,12.05,10.369362767813957
16,31,104,5,9.0,6.537342128515468
16,31,104,6,8.2,4.763899331651044
16,31,104,7,9.1,6.034113548466706
16,31,104,8,8.75,5.599577051697275
16,42,50,0,42.55,29.60169803095406
16,42,50,1,23.3,27.440078256755065
16,42,50,2,11.0,6.988712704293825
16,42,50,3,10.5,7.957121934071654
16,42,50,4,9.65,7.14713781505355
16,42,50,5,6.75,3.1768074010172374
16,42,50,6,8.25,5.398586559656635
16,42,50,7,6.8,3.8470768123342687
16,42,50,8,7.15,2.9068883707497264
16,31,104,0,55.1,24.67237961343562
16,31,104,1,13.55,10.49047186736612
16,31,104,2,9.3,3.1970381029288575
16,31,104,3,8.35,4.016741281974205
16,31,104,4,10.65,7.45707011746853
16,31,104,5,8.75,6.812334015360822
16,31,104,6,7.05,5.216118742594163
16,31,104,7,7.95,3.7483329627982624
16,31,104,8,8.95,6.151379819537282
9,11,77,0,107.6,57.426749681201436
9,11,77,1,46.2,68.73641492572992
9,11,77,2,29.85,19.394179810611114
9,11,77,3,26.1,18.06683498335526
9,11,77,4,53.68421052631579,49.925558619897004
16,35,50,0,56.15,37.82268186099308
16,35,50,1,23.7,13.81113204705004
16,35,50,2,22.45,21.41439506008689
16,35,50,3,15.3,11.535300511678788
16,35,50,4,10.85,6.761150633933313
16,35,50,5,10.25,5.066660895656916
16,35,50,6,11.1,5.609202964302223
16,35,50,7,9.5,4.559547530644957
16,35,50,8,8.6,3.5003759196616824
16,39,104,0,42.85,18.519619752831687
16,39,104,1,13.4,10.06505157254024
16,39,104,2,7.7,4.7139211524567255
16,39,104,3,7.6,5.660574640719606
16,39,104,4,6.65,4.016741281974206
16,39,104,5,8.65,10.77655838040679
16,39,104,6,7.45,5.698337707751178
16,39,104,7,6.15,5.112162998801563
16,39,104,8,7.9,10.072892230870776
16,35,50,0,46.5,22.003588224124766
16,35,50,1,23.0,17.525920653045368
16,35,50,2,12.9,10.088555266658405
16,35,50,3,13.25,10.891208429399907
16,35,50,4,10.95,8.95882393597449
16,35,50,5,7.65,5.1837296063335465
16,35,50,6,9.55,4.806519695054559
16,35,50,7,8.05,4.968055851876911
16,35,50,8,8.65,9.183939070034452
16,39,104,0,60.65,36.698307719480525
16,39,104,1,15.15,14.33903395410033
16,39,104,2,9.75,8.142642788367139
16,39,104,3,10.9,8.996490543832254
16,39,104,4,6.8,4.09878030638384
16,39,104,5,7.95,5.661271941887264
16,39,104,6,8.15,6.080815388537435
16,39,104,7,6.6,4.903274952840998
16,39,104,8,7.75,5.954874164563805
9,5,77,0,82.0,43.68909294212073
9,5,77,1,50.35,39.34767431099595
9,5,77,2,28.85,22.811066104899727
9,5,77,3,22.35,17.7030327464266
9,5,77,4,41.75,45.8462820624243
16,42,50,0,53.1,26.887484860158697
16,42,50,1,15.7,21.06156389454996
16,42,50,2,11.6,8.400501238178087
16,42,50,3,9.55,6.427531244166522
16,42,50,4,8.9,4.6214602385871615
16,42,50,5,8.2,6.109526642013576
16,42,50,6,9.95,7.185328619375808
16,42,50,7,7.2,4.572227373818448
16,42,50,8,6.65,3.9105121484478085
16,33,104,0,52.15,29.94780547271501
16,33,104,1,17.7,15.505856279076253
16,33,104,2,12.35,8.940004709759737
16,33,104,3,11.4,12.115236166431961
16,33,104,4,10.1,5.476264573978373
16,33,104,5,10.35,6.983250638039867
16,33,104,6,8.85,4.625728961045235
16,33,104,7,9.0,7.560284038106115
16,33,104,8,8.45,4.547700402111866
16,42,50,0,58.7,26.709154748295965
16,42,50,1,17.55,12.56341807328764
16,42,50,2,9.35,9.53263093965034
16,42,50,3,10.95,9.95503046599795
16,42,50,4,10.05,8.744772874785196
16,42,50,5,7.65,5.284286537511598
16,42,50,6,9.2,6.645932669884008
16,42,50,7,8.5,8.204620007878745
16,42,50,8,7.7,4.921488863299291
9,5,77,0,88.85,50.88405292530522
9,5,77,1,40.1,40.30919968130561
9,5,77,2,36.2,69.22548967723256
9,5,77,3,24.75,29.159949101103507
9,5,77,4,58.05,55.46214925514517
16,33,104,0,55.75,26.95195530451997
16,33,104,1,17.9,12.527443558254937
16,33,104,2,14.8,13.08112340258604
16,33,104,3,12.35,7.013333166566605
16,33,104,4,10.05,7.250952750464843
16,33,104,5,10.55,5.780866808068802
16,33,104,6,8.7,5.487785479925779
16,33,104,7,7.9,3.837488213594106
16,33,104,8,7.85,3.7735227154756235
16,26,50,0,57.55,34.11663431292872
16,26,50,1,25.25,15.518664484046978
16,26,50,2,13.0,9.968371033054074
16,26,50,3,12.7,8.72443634131651
16,26,50,4,10.85,7.4992982127803485
16,26,50,5,11.9,11.32254388377453
16,26,50,6,11.15,6.968160672508545
16,26,50,7,11.6,11.403600539441825
16,26,50,8,8.6,4.849308143816415
16,41,104,0,46.15,20.688860465681067
16,41,104,1,18.6,14.376149839596355
16,41,104,2,12.5,6.878647357851994
16,41,104,3,7.7,6.4571461840433235
16,41,104,4,7.5,3.284733426658931
16,41,104,5,10.45,11.949344840001194
16,41,104,6,7.6,4.8384425506343955
16,41,104,7,6.35,5.373179006098621
16,41,104,8,7.45,6.303507795372017
16,26,50,0,48.5,25.008419634826566
16,26,50,1,20.2,14.159244701830525
16,26,50,2,11.0,8.149911203907621
16,26,50,3,9.55,5.20601878396029
16,26,50,4,10.35,9.799436074000434
16,26,50,5,9.8,7.171581342170527
16,26,50,6,8.85,7.147137815053549
16,26,50,7,9.55,6.801509120466536
16,26,50,8,7.2,4.274773001052374
9,4,77,0,114.3,74.65083635446459
9,4,77,1,34.05,27.77820993815874
9,4,77,2,29.5,30.684300803333837
9,4,77,3,21.3,16.38709376629252
9,4,77,4,50.75,46.35546297221527
16,41,104,0,68.65,28.634309564061894
16,41,104,1,17.9,12.619533730647396
16,41,104,2,14.35,12.31291576909556
16,41,104,3,15.25,12.665223832875679
16,41,104,4,10.3,7.448772417406494
16,41,104,5,11.05,7.5705454159351575
16,41,104,6,10.15,7.285710600028554
16,41,104,7,9.1,4.72284481619868
16,41,104,8,10.75,7.461303681768954
16,36,50,0,50.05,20.417935871756427
16,36,50,1,14.5,10.985636555353349
16,36,50,2,10.4,7.896701509924387
16,36,50,3,8.6,5.688400015544099
16,36,50,4,8.45,5.010252646219287
16,36,50,5,7.35,3.216323497738569
16,36,50,6,7.85,4.295346318982906
16,36,50,7,7.65,4.016741281974206
16,36,50,8,7.15,3.6022653691078457
16,30,104,0,57.05,32.58587843965866
16,30,104,1,22.1,28.43256102280956
16,30,104,2,11.95,8.87026374733967
16,30,104,3,10.3,7.664683191173176
16,30,104,4,8.65,5.733328233371865
16,30,104,5,9.35,7.23496626406131
16,30,104,6,9.2,6.304551405219297
16,30,104,7,8.05,5.80811591880842
16,30,104,8,6.35,3.0826338704016356
9,4,77,0,98.85,49.565772358288584
9,4,77,1,36.3,35.982598133278984
9,4,77,2,25.95,16.103203342650083
9,4,77,3,22.75,19.185726602429156
9,4,77,4,34.75,41.19769411022903
16,36,50,0,56.6,30.68755962583981
16,36,50,1,20.45,16.48116947817785
16,36,50,2,14.65,12.503788899453847
16,36,50,3,14.4,10.757616640756153
16,36,50,4,11.2,7.288058004275502
16,36,50,5,8.75,4.59834066181544
16,36,50,6,11.9,12.79761490936577
16,36,50,7,7.8,4.958777438463086
16,36,50,8,9.7,6.061960773631964
16,30,104,0,51.1,20.444790869172778
16,30,104,1,15.1,7.615081988016316
16,30,104,2,15.45,17.27631478734915
16,30,104,3,10.65,8.222402005304902
16,30,104,4,10.4,7.257663825951592
16,30,104,5,9.85,5.112162998801563
16,30,104,6,8.55,5.4141627140987225
16,30,104,7,6.7,4.181412503725959
16,30,104,8,6.6,3.4853075073876383
16,40,50,0,44.6,24.862569626268577
16,40,50,1,20.55,18.144087046110702
16,40,50,2,9.65,6.360031446463139
16,40,50,3,10.0,5.666150647299694
16,40,50,4,9.3,5.2425385574467445
16,40,50,5,7.45,3.0517466957034367
16,40,50,6,10.75,12.038862509652471
16,40,50,7,7.65,5.450977700810823
16,40,50,8,7.7,4.193980649002869
16,39,104,0,47.45,32.00735935111766
16,39,104,1,16.15,18.333963306560747
16,39,104,2,9.15,8.957648892662098
16,39,104,3,14.1,17.540629527201308
16,39,104,4,8.95,4.7292482990094955
16,39,104,5,9.45,6.48459713474939
16,39,104,6,6.6,3.4701736646971852
16,39,104,7,8.95,7.243690539468051
16,39,104,8,7.95,4.334379091088267
16,40,50,0,57.75,27.090248779724565
16,40,50,1,9.6,7.728280260800179
16,40,50,2,13.95,9.550282442778439
16,40,50,3,11.5,10.174788242979492
16,40,50,4,8.85,5.029125695700785
16,40,50,5,5.65,2.814903943392441
16,40,50,6,7.55,5.31606304663418
16,40,50,7,6.9,6.687773604830959
16,40,50,8,7.45,6.48459713474939
9,2,77,0,102.75,63.883013968379814
9,2,77,1,32.65,24.114365668185165
9,2,77,2,29.25,20.42154435110652
9,2,77,3,23.95,11.949344840001194
9,2,77,4,73.4,65.79585653247555
16,39,104,0,53.75,32.55905565680857
16,39,104,1,14.8,11.564919732581485
16,39,104,2,12.85,10.261194144111977
16,39,104,3,6.0,2.9558149646524154
16,39,104,4,7.55,4.297796252916016
16,39,104,5,8.15,6.02865962234602
16,39,104,6,6.65,4.31978313295812
16,39,104,7,7.45,5.041668479048536
16,39,104,8,6.15,3.453068810569276
16,42,50,0,58.1,29.230301509149534
16,42,50,1,15.5,10.19545822516343
16,42,50,2,14.7,11.239498022130423
16,42,50,3,11.25,5.398586559656636
16,42,50,4,10.0,4.167543767332453
16,42,50,5,8.5,4.045790534942656
16,42,50,6,9.35,3.4377930497095917
16,42,50,7,7.95,3.817894156400055
16,42,50,8,9.15,5.0081512504484555
16,40,104,0,54.8,17.3557210346208
16,40,104,1,15.3,11.402215851131281
16,40,104,2,8.4,6.0122681594430425
16,40,104,3,8.4,6.5002024259977755
16,40,104,4,8.2,4.905421275969766
16,40,104,5,7.0,3.7836212117076697
16,40,104,6,8.6,6.738733287183093
16,40,104,7,6.4,3.74727971509439
16,40,104,8,9.2,4.937504163888984
16,42,50,0,56.9,34.50385180633728
16,42,50,1,16.7,13.262928151727834
16,42,50,2,10.75,5.692793228006978
16,42,50,3,7.15,3.558163334613726
16,42,50,4,8.7,7.0419793868067035
16,42,50,5,7.25,4.01149663631392
16,42,50,6,7.5,3.5466811765960937
16,42,50,7,6.8,2.2384204957490614
16,42,50,8,7.75,5.590169943749474
9,2,77,0,103.35,69.57107308735661
9,2,77,1,29.1,22.989471274339568
9,2,77,2,22.1,23.690771021200376
9,2,77,3,22.95,20.92209861668556
9,2,77,4,71.8,52.94744166574404
16,40,104,0,43.65,20.530529257156218
16,40,104,1,17.6,16.1909656420194
16,40,104,2,15.2,14.569615101660247
16,40,104,3,8.9,6.381717307235857
16,40,104,4,9.95,6.723681635595345
16,40,104,5,8.7,5.592287922713415
16,40,104,6,7.1,4.25379087898139
16,40,104,7,7.7,2.4083189157584592
16,40,104,8,6.25,3.400851286616957
17,22,50,0,42.0,25.383376242605795
17,22,50,1,13.8,7.023269593962181
17,22,50,2,15.5,13.30413469565007
17,22,50,3,13.2,10.709562868861887
17,22,50,4,9.7,5.629807886784882
17,22,50,5,8.85,5.842449017861926
17,22,50,6,8.9,4.811171210947769
17,22,50,7,9.3,6.821791707847957
17,22,50,8,45.45,46.15588575115512
16,42,104,0,55.55,34.07958950827653
16,42,104,1,20.25,22.17365672665605
16,42,104,2,9.35,5.5181518645285585
16,42,104,3,11.25,9.951857800642578
16,42,104,4,8.7,4.268612494895613
16,42,104,5,8.9,5.683771912902095
16,42,104,6,8.9,7.426127417507232
16,42,104,7,8.7,6.720745572675072
16,42,104,8,7.05,4.110000640286799
9,14,77,0,71.95,34.60525515309093
9,14,77,1,29.85,25.21335276980705
9,14,77,2,27.4,23.326966549919273
9,14,77,3,19.8,14.555158246441271
9,14,77,4,56.95,79.73474115696634
16,42,104,0,49.6,23.109351035093084
16,42,104,1,15.2,12.352711187598072
16,42,104,2,10.0,5.821918656431508
16,42,104,3,12.1,9.882999757691302
16,42,104,4,8.25,5.692793228006978
16,42,104,5,10.0,10.789858786452163
16,42,104,6,7.6,4.8166378315169185
16,42,104,7,8.2,4.360106227580869
16,42,104,8,6.65,3.7595492450978467
17,22,50,0,54.35,27.230545928771747
17,22,50,1,14.4,9.659464951947118
17,22,50,2,10.6,7.8566096879935206
17,22,50,3,12.95,15.264251321995868
17,22,50,4,8.0,5.767422118653778
17,22,50,5,10.8,10.045161181280008
17,22,50,6,7.6,3.1355348742070177
17,22,50,7,8.8,7.1789164993934245
17,22,50,8,54.0,61.83339244334433
9,14,77,0,101.8,74.69841117171735
9,14,77,1,25.75,15.870777515527347
9,14,77,2,22.2,22.568259033196906
9,14,77,3,15.0,8.11755731991498
9,14,77,4,26.2,29.795089669625977
16,31,104,0,60.6,34.22587509934245
16,31,104,1,19.1,12.199654870010399
16,31,104,2,12.95,14.77007999835799
16,31,104,3,9.35,5.575085555161321
16,31,104,4,8.95,4.882568349159131
16,31,104,5,8.6,5.335087430842802
16,31,104,6,8.2,4.979959839195493
16,31,104,7,7.25,4.609772228646444
16,31,104,8,5.15,2.2542357790099112
17,18,50,0,52.5,23.833854736046106
17,18,50,1,20.5,20.043374019991326
17,18,50,2,13.2,12.923255252288003
17,18,50,3,9.2,6.763680094523441
17,18,50,4,10.25,7.440111770524334
17,18,50,5,7.7,4.680305882941278
17,18,50,6,6.8,3.365459224158523
17,18,50,7,7.25,5.056262401585207
17,18,50,8,20.45,46.39926836991245
16,31,104,0,66.4,17.593060833001296
16,31,104,1,14.95,12.795866931408588
16,31,104,2,8.8,4.047091223140523
16,31,104,3,11.25,8.509282856788937
16,31,104,4,9.0,5.812871380325778
16,31,104,5,8.65,4.183614654691248
16,31,104,6,7.8,3.237933063902926
16,31,104,7,8.05,4.593760069806364
16,31,104,8,8.65,5.153179907386772
17,18,50,0,59.2,30.660449407905567
17,18,50,1,15.25,19.180239282849637
17,18,50,2,13.25,11.303818637499173
17,18,50,3,8.95,6.999812027551356
17,18,50,4,7.75,3.767939545833059
17,18,50,5,8.15,4.8696157851248225
17,18,50,6,7.85,5.070814322644524
17,18,50,7,8.15,6.401274544141478
17,18,50,8,15.4,24.728845291959836
9,16,77,0,90.85,73.703013578322
9,16,77,1,32.05,42.12946837147553
9,16,77,2,24.157894736842106,21.72367668363186
9,16,77,3,18.894736842105264,13.90001893220975
9,16,77,4,23.36842105263158,27.759303798337974
16,27,104,0,48.75,29.96467218154353
16,27,104,1,22.4,28.098323606110103
16,27,104,2,9.75,5.847851607304398
16,27,104,3,13.9,12.883690219972326
16,27,104,4,10.65,11.079972449139223
16,27,104,5,7.25,5.159304318668514
16,27,104,6,8.4,5.825533632660888
16,27,104,7,8.05,5.355518550744495
16,27,104,8,7.7,5.554514522345528
17,9,50,0,57.95,34.55959764629334
17,9,50,1,15.45,11.80309950372091
17,9,50,2,12.6,11.385124181649443
17,9,50,3,10.4,8.869818724783856
17,9,50,4,8.4,4.309109078757647
17,9,50,5,8.95,5.316063046634178
17,9,50,6,8.65,4.439950213092129
17,9,50,7,8.0,4.448536128234829
17,9,50,8,37.1,49.1677044196161
9,16,77,0,84.8,60.52020106412491
9,16,77,1,26.0,15.099668870541501
9,16,77,2,24.25,20.983389420657176
9,16,77,3,19.85,13.58898547779743
9,16,77,4,25.1,25.926820090400597
16,27,104,0,46.8,22.864820139244483
16,27,104,1,22.45,28.10782809112081
16,27,104,2,11.9,9.380270448351183
16,27,104,3,12.1,6.957767336997513
16,27,104,4,9.05,6.621138397904889
16,27,104,5,9.2,4.969379925313143
16,27,104,6,6.45,3.83165485754764
16,27,104,7,7.9,4.800219293236289
16,27,104,8,6.85,4.4517885229008325
17,9,50,0,50.85,20.73460113458965
17,9,50,1,15.0,13.266499161421601
17,9,50,2,15.95,11.691089724545288
17,9,50,3,13.65,10.64387642088905
17,9,50,4,9.6,6.6838375362157265
17,9,50,5,7.95,3.953346350678252
17,9,50,6,7.65,4.094604922783663
17,9,50,7,7.65,4.533791256541785
17,9,50,8,28.55,35.1395338914059
9,12,77,0,84.35,49.995026068389514
9,12,77,1,28.4,22.105964901142098
9,12,77,2,28.1,24.451670914813075
9,12,77,3,20.55,17.77779513888041
9,12,77,4,26.55,23.917566765873154
16,39,104,0,47.4,30.73554431290467
16,39,104,1,13.8,15.507553337851714
16,39,104,2,12.35,11.595257651298654
16,39,104,3,9.8,7.082966966789523
16,39,104,4,9.5,6.353614802034475
16,39,104,5,8.85,6.722115894959202
16,39,104,6,8.95,5.9424875174237295
16,39,104,7,7.0,3.211820274187865
16,39,104,8,7.05,3.3946552417773312
17,18,50,0,58.4,34.081018022847914
17,18,50,1,17.8,10.957333521196515
17,18,50,2,12.6,10.14318542304713
17,18,50,3,8.9,6.163560146880254
17,18,50,4,9.4,5.285531392893543
17,18,50,5,10.25,7.642505789127156
17,18,50,6,9.8,7.878017383500549
17,18,50,7,8.6,5.335087430842802
17,18,50,8,12.4,13.967631754957791
16,39,104,0,47.45,19.5568671476691
16,39,104,1,18.5,15.483437670790785
16,39,104,2,13.0,10.799610129415248
16,39,104,3,8.9,4.72284481619868
16,39,104,4,10.3,8.6699723790005
16,39,104,5,8.85,9.056983348136455
16,39,104,6,10.95,11.31591799192624
16,39,104,7,7.85,7.4852486510750635
16,39,104,8,6.8,3.533300231556298
17,18,50,0,47.1,36.09913251618455
17,18,50,1,19.8,23.491543831322524
17,18,50,2,10.45,6.637017402418047
17,18,50,3,8.75,5.250313273861305
17,18,50,4,7.15,4.295346318982906
17,18,50,5,8.35,6.6591843976650225
17,18,50,6,8.75,5.523871639958413
17,18,50,7,7.25,5.00394581147823
17,18,50,8,17.4,22.530447235498432
9,12,77,0,95.3,73.60856643510712
9,12,77,1,24.25,14.764377470969212
9,12,77,2,27.1,19.29521347790417
9,12,77,3,19.6,12.713026887078424
9,12,77,4,49.95,70.5552974623451
16,30,104,0,52.5,22.89449485655541
16,30,104,1,13.5,7.810249675906654
16,30,104,2,11.1,7.3692104840270884
16,30,104,3,9.2,5.970100942459674
16,30,104,4,7.6,5.335087430842801
16,30,104,5,7.05,4.2485291572496005
16,30,104,6,7.45,4.957450533235171
16,30,104,7,4.65,2.058998223459779
16,30,104,8,7.8,5.094889079935117
17,4,50,0,45.85,24.10563375950461
17,4,50,1,17.0,14.72555959083246
17,4,50,2,14.6,14.805404418657398
17,4,50,3,12.0,8.40425957163202
17,4,50,4,11.5,7.837158453902724
17,4,50,5,9.35,8.368330022676032
17,4,50,6,7.9,8.334456064719332
17,4,50,7,6.65,3.869924519867756
17,4,50,8,15.4,17.986544678555806
16,30,104,0,51.65,28.759026043094167
16,30,104,1,15.75,10.671531237239032
16,30,104,2,9.9,7.0926203308717115
16,30,104,3,8.65,4.094604922783663
16,30,104,4,7.4,4.476840991498123
16,30,104,5,9.15,6.200806399170998
16,30,104,6,7.4,4.453266098872649
16,30,104,7,5.8,3.0881777968995174
16,30,104,8,5.85,3.631369177770715
17,4,50,0,52.5,21.685551823616038
17,4,50,1,21.05,17.760023115205442
17,4,50,2,15.8,10.947722666333274
17,4,50,3,9.95,6.468343967679094
17,4,50,4,11.8,6.716828825694772
17,4,50,5,9.8,8.918343013433782
17,4,50,6,8.35,4.380278770268299
17,4,50,7,10.45,8.357001476858224
17,4,50,8,26.55,45.04789848477659
16,28,104,0,49.4,23.50229552058356
16,28,104,1,15.9,13.074281705136352
16,28,104,2,15.8,14.435336759785725
16,28,104,3,9.15,5.5561724803662225
16,28,104,4,7.7,4.156162197331369
16,28,104,5,8.05,5.595816106229442
16,28,104,6,8.55,5.614595640874445
16,28,104,7,7.3,4.63510631229919
16,28,104,8,7.05,2.7810448623342614
9,2,77,0,119.85,50.652869197062635
9,2,77,1,46.35,26.018768529457226
9,2,77,2,24.75,16.169741071389776
9,2,77,3,25.35,19.855464579913775
9,2,77,4,119.85,87.70061213253332
17,3,50,0,48.95,22.951837445077533
17,3,50,1,23.65,35.32894295795327
17,3,50,2,12.7,9.10234209305206
17,3,50,3,11.7,6.113832461592406
17,3,50,4,9.95,6.336818062552746
17,3,50,5,6.75,3.75394529304276
17,3,50,6,7.35,4.568484719420538
17,3,50,7,7.95,4.006245124802026
17,3,50,8,9.5,13.835499724678504
16,28,104,0,55.15,27.061868687178745
16,28,104,1,13.15,10.464350509178646
16,28,104,2,13.05,9.207977090830708
16,28,104,3,14.25,17.755280904564707
16,28,104,4,9.75,6.804603704768366
16,28,104,5,10.5,6.684624935350956
16,28,104,6,9.25,6.99529917346755
16,28,104,7,9.85,6.563655913236801
16,28,104,8,8.25,5.00394581147823
17,3,50,0,48.55,31.93822161611382
17,3,50,1,12.85,12.270096297824836
17,3,50,2,10.5,8.702691658634308
17,3,50,3,11.15,11.730639144430372
17,3,50,4,12.95,12.466692466433573
17,3,50,5,8.4,4.511972377668341
17,3,50,6,7.95,5.65196751955505
17,3,50,7,9.45,8.029386815416165
17,3,50,8,35.85,56.629242027697835
16,41,104,0,57.5,28.640236694111607
16,41,104,1,16.35,14.697923233178933
16,41,104,2,11.1,5.793826115153231
16,41,104,3,11.7,8.921293274195762
16,41,104,4,9.8,8.108475098380252
16,41,104,5,8.3,6.241625968995747
16,41,104,6,9.1,7.151738838985428
16,41,104,7,7.5,4.795831523312719
16,41,104,8,7.4,4.121828924665667
17,14,50,0,47.05,37.07811810361016
17,14,50,1,16.35,13.804175569656262
17,14,50,2,7.45,4.946822478276226
17,14,50,3,8.9,6.624515871089433
17,14,50,4,7.4,5.215361924162118
17,14,50,5,10.8,15.17130254963731
17,14,50,6,6.8,4.274773001052373
17,14,50,7,7.85,4.934038593495724
17,14,50,8,11.55,22.786133826010108
16,41,104,0,61.75,22.275488062465715
16,41,104,1,17.6,21.704716926099387
16,41,104,2,13.65,8.158140913093787
16,41,104,3,8.95,6.581273273063263
16,41,104,4,7.25,4.351345829317154
16,41,104,5,7.85,3.183427480926146
16,41,104,6,8.75,4.621175516889045
16,41,104,7,9.2,5.356746852531419
16,41,104,8,7.85,4.416178390752277
9,2,77,0,110.0,64.26016200611879
9,2,77,1,47.2,31.766582905211635
9,2,77,2,40.9,37.07020366817533
9,2,77,3,25.9,22.275547131327663
9,2,77,4,86.45,95.97503787306803
17,14,50,0,63.7,39.87097612100944
17,14,50,1,14.85,9.201115493014392
17,14,50,2,13.4,12.65077488785402
17,14,50,3,14.9,20.73364923322269
17,14,50,4,9.35,4.344082484435459
17,14,50,5,7.95,8.293783340868217
17,14,50,6,7.7,4.001315573132101
17,14,50,7,8.05,7.265455395586924
17,14,50,8,13.05,17.910523222543308
16,27,104,0,43.5,22.44408256323397
16,27,104,1,24.6,23.908597880920976
16,27,104,2,15.5,11.807669229427923
16,27,104,3,9.55,4.957450533235171
16,27,104,4,7.45,4.297796252916016
16,27,104,5,8.2,6.3709868689403635
16,27,104,6,6.95,4.394673809822163
16,27,104,7,5.85,4.029823033857755
16,27,104,8,6.55,3.648720035126954
16,27,104,0,52.25,24.920663588359968
16,27,104,1,10.4,7.707822410758403
16,27,104,2,12.05,10.028774391194254
16,27,104,3,10.0,11.341586262395944
16,27,104,4,8.75,4.744803251425378
16,27,104,5,7.6,3.6906710272766046
16,27,104,6,7.85,4.439950213092129
16,27,104,7,6.95,3.456115860631015
16,27,104,8,7.05,3.119969635479773
17,12,50,0,53.05,28.85987015326226
17,12,50,1,13.1,10.745378443532681
17,12,50,2,13.7,23.73560505587378
17,12,50,3,10.85,10.888308553576847
17,12,50,4,9.9,9.256008006183137
17,12,50,5,9.8,10.400404850419601
17,12,50,6,6.9,4.833000593507319
17,12,50,7,6.65,4.880411975707745
17,12,50,8,18.1,21.003508478848303
9,9,77,0,95.45,50.47821312209853
9,9,77,1,40.4,40.31638037219846
9,9,77,2,34.85,36.140478836428215
9,9,77,3,22.8,16.211107303327555
9,9,77,4,38.9,35.27769535377395
16,31,104,0,50.1,27.627027194016865
16,31,104,1,17.4,14.91872719278128
16,31,104,2,14.35,9.488358518122144
16,31,104,3,12.1,9.187520139612728
16,31,104,4,8.95,5.510516261992538
16,31,104,5,8.3,5.272570530585627
16,31,104,6,6.25,3.69743865825776
16,31,104,7,7.9,4.399760759046122
16,31,104,8,7.65,5.314082581613738
17,12,50,0,45.4,28.916212899013118
17,12,50,1,14.35,12.7455874717488
17,12,50,2,15.05,20.808588813781984
17,12,50,3,8.2,3.941680111990718
17,12,50,4,9.95,9.366654179925497
17,12,50,5,8.05,4.8065196950545594
17,12,50,6,8.0,5.666150647299694
17,12,50,7,7.8,5.540283101259832
17,12,50,8,15.9,25.368650359304326
16,31,104,0,58.95,16.803743317299404
16,31,104,1,17.3,14.261099093983644
16,31,104,2,13.5,8.198202627148797
16,31,104,3,7.9,4.621460238587162
16,31,104,4,8.15,3.8013155617496426
16,31,104,5,7.85,3.375998877525381
16,31,104,6,7.0,3.4943563521469123
16,31,104,7,7.8,4.479191656397038
16,31,104,8,6.7,3.495862215760076
17,3,50,0,61.0,29.262873910019227
17,3,50,1,17.25,11.575268554347373
17,3,50,2,12.7,11.286228217098087
17,3,50,3,11.95,7.749193506423749
17,3,50,4,10.95,7.029823685742878
17,3,50,5,7.45,5.49138080612652
17,3,50,6,10.25,7.369031929564925
17,3,50,7,9.4,10.50513658820494
17,3,50,8,19.1,21.188129745337676
9,9,77,0,124.35,78.77367647420779
9,9,77,1,37.25,37.86662882997862
9,9,77,2,23.85,17.15647798477605
9,9,77,3,20.0,14.977175617374733
9,9,77,4,39.45,45.78953569263799
16,39,104,0,45.3,24.497260856546472
16,39,104,1,12.45,10.728589449640962
16,39,104,2,9.2,6.279456899077213
16,39,104,3,9.25,5.865824301565988
16,39,104,4,9.45,6.134243830206055
16,39,104,5,7.7,4.702742760739121
16,39,104,6,6.55,4.310025033508934
16,39,104,7,8.45,4.904079934095692
16,39,104,8,7.6,5.019960159204453
17,3,50,0,48.8,20.51341024793294
17,3,50,1,18.6,14.035293858135303
17,3,50,2,11.8,13.663628245898133
17,3,50,3,9.8,4.299326752680678
17,3,50,4,7.8,4.490926524964707
17,3,50,5,8.9,6.488045687424316
17,3,50,6,7.1,3.537766170012401
17,3,50,7,7.3,4.9000537053984905
17,3,50,8,22.85,33.238017231382564
16,39,104,0,57.35,29.003221236705127
16,39,104,1,19.45,11.514178902096045
16,39,104,2,13.45,8.159431094719393
16,39,104,3,10.35,8.880937598676109
16,39,104,4,13.25,9.748819091777758
16,39,104,5,9.25,4.253481546117003
16,39,104,6,11.05,6.43571449433795
16,39,104,7,9.05,4.860961568292949
16,39,104,8,9.9,6.08622257752359
17,15,50,0,57.4,24.885844634207107
17,15,50,1,12.7,9.347670692125448
17,15,50,2,13.15,7.205809060093552
17,15,50,3,11.85,10.979766079379594
17,15,50,4,9.9,8.54646741426877
17,15,50,5,9.9,5.552619106995222
17,15,50,6,7.35,3.7735227154756235
17,15,50,7,7.2,5.1257862041374995
17,15,50,8,25.25,53.84272906980302
9,19,77,0,103.75,55.96885882251608
9,19,77,1,30.8,15.195567220669806
9,19,77,2,32.25,29.94534495060169
9,19,77,3,25.75,18.850869029248884
9,19,77,4,66.4,74.78066172762216
17,21,104,0,45.65,24.424480816547458
17,21,104,1,14.0,11.969258869902383
17,21,104,2,9.25,6.3979848801256
17,21,104,3,7.55,4.65069321375008
17,21,104,4,7.25,5.270324068733694
17,21,104,5,5.65,3.2326459750489227
17,21,104,6,6.55,3.7763112048385885
17,21,104,7,6.5,4.071725355229777
17,21,104,8,15.4,31.187716880376584
17,15,50,0,52.75,30.900306590201026
17,15,50,1,16.9,15.361948889519537
17,15,50,2,15.15,16.216544508293797
17,15,50,3,9.5,5.853474002226101
17,15,50,4,10.25,7.340407273943893
17,15,50,5,10.85,8.241582627780074
17,15,50,6,8.45,5.124502543251343
17,15,50,7,8.3,4.485062928620312
17,15,50,8,28.85,56.0434746659375
17,21,104,0,44.2,21.387650150200425
17,21,104,1,15.0,11.951657009099527
17,21,104,2,13.25,11.61158677220392
17,21,104,3,10.45,9.07556000881952
17,21,104,4,8.85,5.769931131578425
17,21,104,5,7.05,4.806519695054559
17,21,104,6,6.95,5.698337707751176
17,21,104,7,7.45,5.0416684790485355
17,21,104,8,22.45,34.278234616459656
9,19,77,0,93.65,54.87428215571719
9,19,77,1,34.55,27.390884000261646
9,19,77,2,24.2,15.709869509324388
9,19,77,3,26.4,33.57066388506802
9,19,77,4,72.85,57.28623881784121
17,7,50,0,54.0,28.330753236498467
17,7,50,1,14.65,12.123378893257179
17,7,50,2,12.5,9.960448098142447
17,7,50,3,9.25,6.6401886466543925
17,7,50,4,10.2,9.913308439190537
17,7,50,5,9.65,7.720614919605956
17,7,50,6,9.95,5.481788029466298
17,7,50,7,8.7,5.468570485775486
17,7,50,8,20.2,34.536936748935915
17,3,104,0,43.0,20.036808234110698
17,3,104,1,17.45,19.405574348353458
17,3,104,2,9.75,8.595439427240962
17,3,104,3,7.45,4.978638579497728
17,3,104,4,7.0,3.879772103996234
17,3,104,5,9.35,5.80630328993731
17,3,104,6,7.5,4.762794403112084
17,3,104,7,8.0,4.746189607408629
17,3,104,8,20.6,28.422378136731773
17,7,50,0,52.9,19.614441511026353
17,7,50,1,17.0,18.005847003564966
17,7,50,2,16.55,11.217819471011758
17,7,50,3,12.6,8.475351258052283
17,7,50,4,10.05,5.103920062069938
17,7,50,5,11.7,10.613298510037202
17,7,50,6,8.45,4.019361038510318
17,7,50,7,7.6,4.794733953433759
17,7,50,8,35.35,59.10764043585852
9,10,77,0,99.95,63.427102790692345
9,10,77,1,29.7,20.432430362693417
9,10,77,2,20.15,14.064793672593693
9,10,77,3,14.3,8.903577045801665
9,10,77,4,46.2,75.92489363630487
17,3,104,0,55.2,25.8754099891241
17,3,104,1,21.85,19.472720459793575
17,3,104,2,11.25,9.019715248160262
17,3,104,3,11.7,9.819958194787207
17,3,104,4,9.35,4.533791256541785
17,3,104,5,9.6,6.02975080221746
17,3,104,6,8.7,3.8539112053792017
17,3,104,7,8.65,3.6602415796027223
17,3,104,8,29.95,51.19362110756831
17,16,50,0,46.2,24.949633474789078
17,16,50,1,12.25,8.66860639561546
17,16,50,2,8.85,6.080815388537436
17,16,50,3,9.7,4.55492792709749
17,16,50,4,8.65,5.142956348249516
17,16,50,5,6.4,4.185186910244775
17,16,50,6,6.75,4.063638504436245
17,16,50,7,6.85,2.9607075967890193
17,16,50,8,9.65,14.833372757684648
17,3,104,0,51.3,24.53161225847172
17,3,104,1,14.2,10.159776209719334
17,3,104,2,14.4,16.7941092429208
17,3,104,3,14.4,14.110093438461181
17,3,104,4,13.3,9.200114415764507
17,3,104,5,9.85,5.47986745901952
17,3,104,6,9.75,7.085010121450259
17,3,104,7,10.4,13.299782348832471
17,3,104,8,23.0,25.912809268979817
9,10,77,0,86.35,57.990266878430376
9,10,77,1,23.6,16.46815108019112
9,10,77,2,27.55,28.352062952882466
9,10,77,3,24.55,38.494668120198284
9,10,77,4,32.94736842105263,38.42521406607114
17,16,50,0,61.2,30.11312006418465
17,16,50,1,16.55,14.741545302129515
17,16,50,2,23.15,21.95995158656345
17,16,50,3,12.15,9.275179101689684
17,16,50,4,11.85,10.261194144111975
17,16,50,5,8.15,5.779045632373275
17,16,50,6,10.1,6.46366361813647
17,16,50,7,10.25,10.666598135744765
17,16,50,8,16.75,27.06498028624327
17,3,104,0,45.75,21.31684532797576
17,3,104,1,14.25,10.97784850937272
17,3,104,2,12.3,11.055363070997666
17,3,104,3,10.5,6.411338640088725
17,3,104,4,9.65,3.453068810569276
17,3,104,5,9.05,5.020746432239146
17,3,104,6,9.1,6.103493391406873
17,3,104,7,7.4,5.195139428755549
17,3,104,8,24.75,40.19672021184656
17,17,50,0,54.9,25.39146147407576
17,17,50,1,17.4,16.400898563316904
17,17,50,2,13.4,8.475351258052283
17,17,50,3,9.15,4.760307376187957
17,17,50,4,11.25,9.2216849699071
17,17,50,5,11.65,7.278483069257885
17,17,50,6,9.95,6.261620775553411
17,17,50,7,7.2,5.15649819976799
17,17,50,8,47.35,54.10737375567994
17,9,104,0,52.65,20.830834937911785
17,9,104,1,12.95,9.805879009955953
17,9,104,2,13.25,11.299161589763152
17,9,104,3,9.75,6.231287777692589
17,9,104,4,9.65,6.002411795971771
17,9,104,5,9.25,4.6665100224336475
17,9,104,6,10.0,6.56145041731989
17,9,104,7,7.5,4.285839597165482
17,9,104,8,19.7,25.319225065051594
9,16,77,0,130.5,82.7472371935033
9,16,77,1,29.7,16.303373883954205
9,16,77,2,31.1,22.383969828052347
9,16,77,3,27.9,27.061139354393315
9,16,77,4,25.25,37.59461747588203
17,17,50,0,57.8,23.041381537527105
17,17,50,1,18.0,15.784736131365708
17,17,50,2,14.75,13.622253465329598
17,17,50,3,12.45,12.824626802818823
17,17,50,4,10.95,7.6809744447597685
17,17,50,5,10.35,8.69528002636155
17,17,50,6,8.0,4.35285750066007
17,17,50,7,6.95,4.110000640286799
17,17,50,8,25.3,25.007577798907697
17,9,104,0,68.15,34.07928063238795
17,9,104,1,24.5,19.832190738132894
17,9,104,2,16.8,10.655366821713045
17,9,104,3,14.3,8.35463942968217
17,9,104,4,11.65,9.65333321217408
17,9,104,5,12.9,6.995487267178975
17,9,104,6,10.9,6.340346993658943
17,9,104,7,9.95,4.1100006402868
17,9,104,8,19.0,21.344295429187188
9,16,77,0,85.05,50.277623986065706
9,16,77,1,27.05,33.76618520292002
9,16,77,2,23.25,16.084889934672425
9,16,77,3,19.2,12.335656490541213
9,16,77,4,38.55,53.45876423641133
17,22,50,0,46.0,21.198311750057638
17,22,50,1,11.95,8.816700659901967
17,22,50,2,10.2,5.970100942459674
17,22,50,3,8.35,4.847951276461776
17,22,50,4,9.55,6.46020204996065
17,22,50,5,9.1,5.004208754953964
17,22,50,6,9.8,7.409808577682337
17,22,50,7,6.45,3.6342667399135826
17,22,50,8,34.05,44.48474013932372
17,4,104,0,53.7,18.42795359458588
17,4,104,1,17.1,21.879815259491423
17,4,104,2,8.2,5.376361516666707
17,4,104,3,5.7,2.5975697143777743
17,4,104,4,8.15,6.301837660138259
17,4,104,5,6.5,2.8003759146153744
17,4,104,6,6.65,3.4224491076912806
17,4,104,7,6.15,3.313052337267506
17,4,104,8,20.8,27.325715669348995
17,22,50,0,63.4,26.146147950158525
17,22,50,1,18.55,14.06179969016469
17,22,50,2,8.9,4.459171506716891
17,22,50,3,10.1,9.83495377668211
17,22,50,4,8.55,5.960174847311639
17,22,50,5,8.25,3.7116459676905724
17,22,50,6,8.4,5.500239229246975
17,22,50,7,8.1,4.745080555025827
17,22,50,8,19.95,20.379233496251445
17,4,104,0,58.9,33.03251986181273
17,4,104,1,19.75,15.913830462839549
17,4,104,2,18.05,18.331666590902202
17,4,104,3,10.0,6.24078267696069
17,4,104,4,8.75,5.580746978864502
17,4,104,5,8.55,9.11028915134161
17,4,104,6,10.15,8.511756575466665
17,4,104,7,8.0,5.721611845036603
17,4,104,8,21.75,26.704769926777224
9,8,77,0,102.7,52.20919459252363
9,8,77,1,35.85,37.148740858452
9,8,77,2,21.35,13.176034863980973
9,8,77,3,19.0,11.092909067460498
9,8,77,4,103.2,99.46467238488034
17,9,50,0,45.75,21.31931419850875
17,9,50,1,19.3,26.598575347681983
17,9,50,2,15.2,13.141336950329874
17,9,50,3,10.55,4.605203007125973
17,9,50,4,8.95,7.625959818796238
17,9,50,5,8.55,6.091192952037176
17,9,50,6,10.3,6.391606337920645
17,9,50,7,7.4,4.638511557998343
17,9,50,8,25.9,34.17124060098676
17,23,104,0,62.05,29.07969991881658
17,23,104,1,14.5,12.71344087756609
17,23,104,2,16.25,19.119774828006847
17,23,104,3,11.25,9.141432572287792
17,23,104,4,8.9,7.239511469414872
17,23,104,5,8.65,6.846243687715107
17,23,104,6,7.8,3.7640963128793046
17,23,104,7,6.45,3.3162280411715703
17,23,104,8,6.35,3.2971279367927093
17,9,50,0,47.65,23.365009826887004
17,9,50,1,19.25,17.093781571701818
17,9,50,2,13.15,9.033708802969137
17,9,50,3,9.55,6.6449426752903396
17,9,50,4,8.65,8.418494677291122
17,9,50,5,9.5,6.817161008112271
17,9,50,6,7.8,5.6994921288054945
17,9,50,7,7.4,6.133600299300481
17,9,50,8,19.2,22.693843357082326
17,23,104,0,62.25,28.993420306211405
17,23,104,1,16.8,15.247432915947385
17,23,104,2,12.05,7.976775499437165
17,23,104,3,11.65,10.230372735916784
17,23,104,4,13.95,11.422392596631363
17,23,104,5,9.8,6.59026395126693
17,23,104,6,9.25,5.683540408842658
17,23,104,7,7.4,3.250910803548996
17,23,104,8,8.6,4.649844366382486
9,8,77,0,104.7,66.00805373509158
9,8,77,1,44.35,35.67879364257532
9,8,77,2,26.75,17.941058467865503
9,8,77,3,25.75,22.332122250483188
9,8,77,4,53.6,51.50717885580816
17,15,50,0,58.7,30.454625437301242
17,15,50,1,18.65,16.300710349390815
17,15,50,2,14.1,6.632456082343141
17,15,50,3,10.8,5.625131577408469
17,15,50,4,12.2,6.152449234162551
17,15,50,5,10.95,6.0738871625309185
17,15,50,6,11.75,7.697402159170326
17,15,50,7,11.05,7.111702734892234
17,15,50,8,17.55,34.11817697357232
17,13,104,0,42.85,13.88022068685471
17,13,104,1,16.7,17.490147602518817
17,13,104,2,9.75,8.038558393930566
17,13,104,3,11.55,11.677576352723376
17,13,104,4,8.6,5.870533016237695
17,13,104,5,7.25,3.809613877381387
17,13,104,6,7.05,5.452908446537113
17,13,104,7,8.55,5.355518550744495
17,13,104,8,14.0,15.761378513048244
17,15,50,0,49.6,29.10127506701924
17,15,50,1,11.05,7.687823591820209
17,15,50,2,11.8,7.0082657964495185
17,15,50,3,10.8,6.74809914755727
17,15,50,4,8.3,5.974507246803309
17,15,50,5,7.7,5.992100062406729
17,15,50,6,7.65,5.173566417248764
17,15,50,7,6.2,3.67924477376311
17,15,50,8,16.85,25.33829014295205
17,13,104,0,52.2,23.83849165132992
17,13,104,1,13.9,10.135399143076393
17,13,104,2,11.25,8.025452930323754
17,13,104,3,8.6,5.25557348265429
17,13,104,4,8.55,6.056531924077378
17,13,104,5,10.85,10.312358451979124
17,13,104,6,6.95,4.406633755218555
17,13,104,7,7.25,4.777964772622445
17,13,104,8,23.35,47.56079212301263
9,15,77,0,115.6,76.41741328147387
9,15,77,1,32.4,24.686241640148257
9,15,77,2,47.8,43.3936691962755
9,15,77,3,31.9,31.881193928643725
9,15,77,4,42.78947368421053,49.60127568629261
17,11,50,0,52.15,27.736115540269115
17,11,50,1,16.65,15.044757786089654
17,11,50,2,11.3,6.88323669275008
17,11,50,3,11.1,5.972745115148169
17,11,50,4,9.65,5.081183036718081
17,11,50,5,11.75,6.20589702579223
17,11,50,6,7.65,4.029823033857756
17,11,50,7,9.15,6.434078676939896
17,11,50,8,15.45,18.027683390304276
17,18,104,0,60.75,33.783949786220894
17,18,104,1,14.2,8.80550067317374
17,18,104,2,14.55,7.465534845295131
17,18,104,3,10.9,8.226401656284862
17,18,104,4,7.55,3.1199696354797735
17,18,104,5,9.0,6.488856845230502
17,18,104,6,8.9,5.379297547567262
17,18,104,7,7.55,4.489461343846802
17,18,104,8,16.05,17.264124652005965
17,11,50,0,51.7,22.89817276093168
17,11,50,1,23.95,16.652722236761676
17,11,50,2,10.4,5.154456426494608
17,11,50,3,11.95,11.803099503720912
17,11,50,4,8.4,4.096211343231824
17,11,50,5,9.55,6.916608539176591
17,11,50,6,7.9,3.71200045372048
17,11,50,7,10.2,6.902326076270078
17,11,50,8,24.4,25.75675690601962
9,15,77,0,98.25,59.38445215622299
9,15,77,1,44.15,53.31364494050379
9,15,77,2,30.4,28.84878908340777
9,15,77,3,27.2,26.9709395265973
9,15,77,4,56.15,52.94214816789718
17,18,104,0,59.3,27.370941179517953
17,18,104,1,11.8,7.090393797986563
17,18,104,2,11.45,9.621658681821636
17,18,104,3,11.75,6.711145482271304
17,18,104,4,9.05,7.330362237046392
17,18,104,5,12.25,7.785783265197638
17,18,104,6,6.8,3.205258836744127
17,18,104,7,10.2,9.37297346517888
17,18,104,8,19.95,30.084923659184298
17,2,50,0,59.65,17.956892826989865
17,2,50,1,17.45,12.445565686747948
17,2,50,2,15.1,9.391485505499118
17,2,50,3,10.35,7.92248631893323
17,2,50,4,11.55,6.878456069114409
17,2,50,5,9.1,4.3029977310805325
17,2,50,6,7.8,4.396170582390279
17,2,50,7,8.75,4.351345829317154
17,2,50,8,61.8,53.16171950805044
17,2,104,0,54.85,27.830832958391575
17,2,104,1,19.3,14.740206382901372
17,2,104,2,14.15,10.970174877462313
17,2,104,3,11.85,9.815535484226281
17,2,104,4,8.85,5.7972316442283125
17,2,104,5,8.65,4.428080254110363
17,2,104,6,7.35,3.313052337267506
17,2,104,7,9.2,5.197165219212247
17,2,104,8,46.75,51.2803183749046
17,2,50,0,56.95,30.865540315169735
17,2,50,1,16.45,13.716969897098073
17,2,50,2,15.95,14.904873805500491
17,2,50,3,11.65,6.507283368818763
17,2,50,4,8.55,4.032434291565019
17,2,50,5,8.3,7.071812095622272
17,2,50,6,7.0,3.8251246969698154
17,2,50,7,8.55,4.957450533235172
17,2,50,8,41.4,40.158108573618435
9,23,77,0,133.35,87.74021162980007
9,23,77,1,31.6,23.680771680171684
9,23,77,2,37.6,25.19481985187473
9,23,77,3,25.3,16.623065775887245
9,23,77,4,21.15,15.00271905180419
17,2,104,0,44.1,20.76155353684203
17,2,104,1,16.85,18.479789814252417
17,2,104,2,9.85,7.693298519182988
17,2,104,3,10.45,6.5331140314071074
17,2,104,4,8.05,3.979883626968322
17,2,104,5,9.4,8.431769496499847
17,2,104,6,6.05,4.097174893174949
17,2,104,7,8.2,5.4637561785778255
17,2,104,8,54.3,62.131524331771175
17,9,50,0,51.9,18.453069920034558
17,9,50,1,13.7,6.182317739454915
17,9,50,2,11.85,7.822201870654014
17,9,50,3,8.8,4.137123333148796
17,9,50,4,8.0,3.5982451863446756
17,9,50,5,9.1,5.398830282667962
17,9,50,6,9.55,7.6603902607744745
17,9,50,7,8.65,3.828906673684992
17,9,50,8,22.6,25.586591883455803
9,23,77,0,74.65,45.58540278826569
9,23,77,1,33.35,28.017428786194383
9,23,77,2,26.35,17.32134369407931
9,23,77,3,23.15,14.184034761141243
9,23,77,4,20.95,10.644865330042313
17,9,50,0,48.5,22.623927715212446
17,9,50,1,20.9,20.14656820717404
17,9,50,2,12.75,17.176713122253936
17,9,50,3,13.4,9.794735428038022
17,9,50,4,13.3,10.021555714926121
17,9,50,5,8.95,6.1855093820791724
17,9,50,6,10.8,7.911350939265083
17,9,50,7,10.35,7.962246443124742
17,9,50,8,14.95,16.92545575845977
17,19,104,0,52.7,18.77035736978584
17,19,104,1,21.25,17.03209045487834
17,19,104,2,12.75,9.914768357301515
17,19,104,3,12.0,12.594902895511678
17,19,104,4,9.65,6.603627392338404
17,19,104,5,6.9,3.9054617625765284
17,19,104,6,6.7,2.9753372210469466
17,19,104,7,8.1,6.536536987539631
17,19,104,8,26.15,41.0715357958718
17,11,50,0,61.55,19.063536425664353
17,11,50,1,17.25,15.30006879929492
17,11,50,2,10.3,8.285053123737825
17,11,50,3,12.5,9.304780887716865
17,11,50,4,9.3,7.175249858110572
17,11,50,5,8.5,4.828642611923584
17,11,50,6,9.1,4.930036831291906
17,11,50,7,6.95,4.50116943868918
17,11,50,8,14.5,15.615444446545794
9,23,77,0,118.4,71.12361366699974
9,23,77,1,40.2,29.48434017897422
9,23,77,2,24.05,22.81152755677892
9,23,77,3,21.8,12.085659183293927
9,23,77,4,19.05,10.0024996875781
17,19,104,0,49.45,19.567629014859154
17,19,104,1,17.9,14.282488357573081
17,19,104,2,10.6,6.099180272790763
17,19,104,3,10.55,7.185328619375808
17,19,104,4,8.7,3.9616583449491536
17,19,104,5,8.9,6.656219885031949
17,19,104,6,7.6,3.201973075924807
17,19,104,7,7.9,5.046103238612626
17,19,104,8,33.75,41.44098530631113
17,11,50,0,50.7,30.513327545430652
17,11,50,1,20.75,16.179502952485088
17,11,50,2,14.85,8.047719520068043
17,11,50,3,11.85,7.576105095697436
17,11,50,4,10.4,5.852574782003846
17,11,50,5,8.65,5.183729606333547
17,11,50,6,7.65,5.008151250448455
17,11,50,7,10.5,11.789826122551595
17,11,50,8,22.6,27.45407648764521
9,23,77,0,77.8,66.69695803053027
9,23,77,1,27.05,28.817894659943136
9,23,77,2,19.7,15.030145147599034
9,23,77,3,16.8,14.930012162014295
9,23,77,4,13.35,9.723953062304176
17,4,104,0,59.95,32.33944145597154
17,4,104,1,23.15,17.144202641433235
17,4,104,2,11.35,6.5315026078069875
17,4,104,3,11.45,9.583291380533648
17,4,104,4,8.55,5.433570116463605
17,4,104,5,10.7,11.25821337606694
17,4,104,6,8.25,3.462201915726921
17,4,104,7,9.7,3.404331606088121
17,4,104,8,21.85,25.582220388386933
18,28,50,0,56.0,25.939200166218654
18,28,50,1,16.25,12.45148479837688
18,28,50,2,11.8,5.791100249975228
18,28,50,3,10.65,9.280851821159294
18,28,50,4,10.7,6.424459838035125
18,28,50,5,10.3,7.145848997476565
18,28,50,6,9.4,7.066600463112596
18,28,50,7,8.55,4.795557154393287
18,28,50,8,8.45,5.529585498884495
18,28,50,9,9.0,6.821020142872595
17,4,104,0,52.9,15.653820788010766
17,4,104,1,18.25,14.617491324833374
17,4,104,2,17.55,11.993309538413929
17,4,104,3,15.15,7.242237223399962
17,4,104,4,9.35,3.9772378672429918
17,4,104,5,8.65,4.4517885229008325
17,4,104,6,6.85,3.977237867242991
17,4,104,7,9.3,4.5084715580198225
17,4,104,8,23.85,31.79088747291886
18,28,50,0,55.95,24.15187690211129
18,28,50,1,17.9,13.533195055900608
18,28,50,2,11.35,9.114909705936117
18,28,50,3,12.0,9.072804939691155
18,28,50,4,8.9,4.745080555025828
18,28,50,5,10.45,6.762707337029733
18,28,50,6,6.4,2.4580694178883347
18,28,50,7,7.9,5.457009013041947
18,28,50,8,6.2,4.137123333148796
18,28,50,9,6.15,3.937338133682116
9,14,77,0,115.8,67.21419023108925
9,14,77,1,33.7,33.61562919708316
9,14,77,2,21.55,14.745115159015599
9,14,77,3,22.0,17.70816047387252
9,14,77,4,44.4,50.73709325118012
17,9,104,0,45.5,14.68798291479341
17,9,104,1,17.6,7.0367456593004825
17,9,104,2,13.5,7.863975156570492
17,9,104,3,10.8,5.680993241549079
17,9,104,4,11.55,6.476475649773205
17,9,104,5,9.15,4.965936600057382
17,9,104,6,12.65,7.371888281987543
17,9,104,7,8.7,4.942831066035781
17,9,104,8,17.05,20.42051342207273
18,42,50,0,45.7,25.329616532514073
18,42,50,1,11.3,7.609550785551979
18,42,50,2,10.2,8.697246993339784
18,42,50,3,8.5,7.633030714908518
18,42,50,4,6.65,4.568484719420538
18,42,50,5,7.2,4.502630809929491
18,42,50,6,6.8,5.800181485363876
18,42,50,7,7.05,7.810081204510785
18,42,50,8,7.15,7.307350300967692
18,42,50,9,5.0,2.5751852258368566
18,42,50,0,42.85,15.138918128626734
18,42,50,1,17.15,9.718538984847465
18,42,50,2,12.75,10.562470803447656
18,42,50,3,12.3,12.226373563993365
18,42,50,4,10.1,6.9046132556810385
18,42,50,5,9.9,8.071391975431043
18,42,50,6,9.45,8.178759396336213
18,42,50,7,10.0,5.291502622129181
18,42,50,8,8.35,5.3041691645643985
18,42,50,9,6.75,5.024937810560445
17,9,104,0,64.9,27.456951952580532
17,9,104,1,15.75,10.18189828232334
17,9,104,2,14.6,7.843200206145717
17,9,104,3,12.2,8.65478267537058
17,9,104,4,8.7,5.400779670809723
17,9,104,5,9.3,5.449287737136411
17,9,104,6,10.2,5.872325819155114
17,9,104,7,8.95,5.567528035048646
17,9,104,8,29.25,65.85380538898664
9,14,77,0,103.5,61.50695296596878
9,14,77,1,34.7,26.00222662530431
9,14,77,2,38.05,33.33478505610682
9,14,77,3,27.5,17.617276209806995
9,14,77,4,40.0,32.04273462277
18,42,50,0,60.85,27.253729826827083
18,42,50,1,12.2,6.748099147557271
18,42,50,2,13.95,11.691089724545288
18,42,50,3,11.85,9.911582804184736
18,42,50,4,8.1,5.200202425209801
18,42,50,5,8.9,5.014715188428215
18,42,50,6,7.25,4.68901291374455
18,42,50,7,9.35,8.151686941977102
18,42,50,8,9.95,9.880736175428481
18,42,50,9,6.65,4.356181331105684
17,12,104,0,47.05,19.605249028606707
17,12,104,1,14.45,20.732570358839023
17,12,104,2,11.3,10.974132263981895
17,12,104,3,8.4,5.393953730067145
17,12,104,4,7.75,3.998354924873873
17,12,104,5,7.45,4.989198859852942
17,12,104,6,12.25,20.519246420963185
17,12,104,7,7.95,5.26632799266394
17,12,104,8,12.95,12.322316084414103
18,42,50,0,47.25,24.35240180524727
18,42,50,1,11.4,11.582200499950458
18,42,50,2,11.85,10.038216448836128
18,42,50,3,10.4,10.614786112330588
18,42,50,4,8.65,6.491087006527936
18,42,50,5,8.8,6.057618083215982
18,42,50,6,7.35,6.285111898681468
18,42,50,7,9.5,8.941329231219072
18,42,50,8,8.0,6.99623959145573
18,42,50,9,6.15,4.404244364366336
17,12,104,0,45.4,18.977549062538415
17,12,104,1,20.35,18.64706834584828
17,12,104,2,11.7,7.650937335076216
17,12,104,3,9.3,3.525844430397975
17,12,104,4,8.6,4.998947257594396
17,12,104,5,9.05,7.037306601998119
17,12,104,6,7.8,3.6215727900574097
17,12,104,7,6.75,3.8371453204858312
17,12,104,8,25.4,36.793019932991015
9,8,77,0,105.2,50.9143760072784
9,8,77,1,45.8,35.29067269049102
9,8,77,2,39.2,49.71137749682239
9,8,77,3,22.4,13.92989968604074
9,8,77,4,83.05,86.9812290699914
18,30,50,0,52.75,31.26099806468117
18,30,50,1,18.75,14.293447155215825
18,30,50,2,14.15,11.53153570819922
18,30,50,3,12.05,7.755982410880954
18,30,50,4,9.9,11.006696526254034
18,30,50,5,9.7,8.291403284188547
18,30,50,6,9.35,8.228800513728405
18,30,50,7,8.25,7.025330110243557
18,30,50,8,7.2,5.386142062347545
18,30,50,9,9.1,8.674827466811509
17,4,104,0,54.25,25.95720161707486
17,4,104,1,18.15,14.169184502775176
17,4,104,2,15.0,14.9208437746452
17,4,104,3,10.85,9.959259114274673
17,4,104,4,6.65,3.731445324606313
17,4,104,5,7.85,5.922970449645044
17,4,104,6,6.5,3.9135392515834315
17,4,104,7,8.4,5.780183934425398
17,4,104,8,16.2,21.02529804532475
18,30,50,0,55.35,24.020331300576885
18,30,50,1,12.65,6.243101455965111
18,30,50,2,10.3,6.657801122703628
18,30,50,3,10.0,9.363984756839141
18,30,50,4,10.35,9.387982239348123
18,30,50,5,6.25,4.037651740671472
18,30,50,6,6.2,3.6215727900574097
18,30,50,7,7.05,4.006245124802026
18,30,50,8,7.1,5.056522624554505
18,30,50,9,8.15,6.192312721601297
9,8,77,0,89.45,34.63566005388696
9,8,77,1,27.0,27.127379837391324
9,8,77,2,23.35,16.896823120899008
9,8,77,3,19.9,16.54944743870066
9,8,77,4,53.7,69.23271207350345
17,4,104,0,49.2,20.909831482620298
17,4,104,1,16.4,10.515151974775808
17,4,104,2,10.55,7.76276537812328
17,4,104,3,17.45,34.46657419648935
17,4,104,4,7.85,4.760307376187957
17,4,104,5,7.9,4.811171210947769
17,4,104,6,8.9,6.5526210103486955
17,4,104,7,8.55,5.481788029466299
17,4,104,8,19.3,32.46390708398936
18,34,50,0,58.05,42.39473030807882
18,34,50,1,16.55,14.005544015063991
18,34,50,2,13.4,11.075815284236477
18,34,50,3,8.05,7.323178774850512
18,34,50,4,7.55,5.614595640874444
18,34,50,5,5.75,2.672964055520624
18,34,50,6,6.8,5.708719093125054
18,34,50,7,5.95,4.4777226354476225
18,34,50,8,5.1,2.8265657049165736
18,34,50,9,5.65,4.51051403302387
17,6,104,0,45.65,19.542867860437635
17,6,104,1,16.85,11.788821645502729
17,6,104,2,10.55,10.112394687500556
17,6,104,3,13.8,25.117827596308857
17,6,104,4,8.85,7.665884780877169
17,6,104,5,8.35,8.380899336241338
17,6,104,6,9.25,8.478300475175931
17,6,104,7,6.7,5.302432411043465
17,6,104,8,15.15,18.305233649078843
18,34,50,0,51.25,26.873730080155465
18,34,50,1,13.6,8.068130938582074
18,34,50,2,12.35,13.80417556965626
18,34,50,3,12.15,9.114909705936116
18,34,50,4,9.75,5.720461887865902
18,34,50,5,8.85,5.060424363315996
18,34,50,6,8.95,6.117059837261
18,34,50,7,7.6,5.413433583031636
18,34,50,8,7.65,4.47537119895334
18,34,50,9,6.5,4.1738534511382825
10,38,77,0,101.45,67.75689904667311
10,38,77,1,31.55,18.557095394314384
10,38,77,2,28.85,22.019787751737727
10,38,77,3,27.1,17.292833928051174
10,38,77,4,25.7,17.894721362222406
10,38,77,5,20.9,12.690236611787737
17,6,104,0,46.5,23.614224080993395
17,6,104,1,15.0,12.941162397965892
17,6,104,2,8.65,5.343712488326327
17,6,104,3,8.7,4.3054433111194435
17,6,104,4,8.1,4.961960563283323
17,6,104,5,7.7,4.0535884037934125
17,6,104,6,6.6,3.789181275268063
17,6,104,7,5.65,3.0826338704016356
17,6,104,8,14.6,22.500058479456168
18,37,50,0,48.75,20.99091282085254
18,37,50,1,19.15,13.007184249685372
18,37,50,2,10.85,6.158220864058572
18,37,50,3,11.25,5.128609127136457
18,37,50,4,8.9,4.290748922483052
18,37,50,5,7.5,3.90006747579955
18,37,50,6,9.45,3.748332962798262
18,37,50,7,8.05,4.839258316377787
18,37,50,8,6.75,4.4941482419978795
18,37,50,9,7.65,4.094604922783663
17,16,104,0,55.95,31.125340835166178
17,16,104,1,14.25,10.881539171314051
17,16,104,2,10.35,5.967235099846671
17,16,104,3,8.3,6.224738421897954
17,16,104,4,8.75,5.7296550828493205
17,16,104,5,8.7,6.061960773631963
17,16,104,6,6.65,4.2087002619261025
17,16,104,7,8.15,5.343712488326326
17,16,104,8,24.6,41.64562275602134
10,38,77,0,90.25,56.404437115494645
10,38,77,1,30.65,17.87463654396775
10,38,77,2,27.3,17.681688416640473
10,38,77,3,25.75,19.734754275536076
10,38,77,4,16.25,9.312555192347928
10,38,77,5,20.65,20.71936546478096
18,37,50,0,62.55,35.32626129159588
18,37,50,1,15.0,12.565617248750865
18,37,50,2,13.0,8.366600265340756
18,37,50,3,12.4,7.301045346927707
18,37,50,4,10.65,5.402484808425023
18,37,50,5,10.05,5.915857369904436
18,37,50,6,11.1,9.941407292097454
18,37,50,7,10.3,8.040031421776776
18,37,50,8,7.2,4.7969288420602485
18,37,50,9,8.55,9.372271532782783
17,16,104,0,61.1,27.91886741783658
17,16,104,1,15.5,13.339691466486496
17,16,104,2,15.55,12.52145527106427
17,16,104,3,10.85,5.47986745901952
17,16,104,4,12.1,10.279770630248823
17,16,104,5,13.3,12.122619136838463
17,16,104,6,10.5,5.375382483331327
17,16,104,7,10.3,6.890878792020348
17,16,104,8,14.6,16.5923254294838
10,47,77,0,82.5,51.38553964113374
10,47,77,1,36.2,36.35150036721137
10,47,77,2,26.75,38.18635055122514
10,47,77,3,16.4,8.356529120835301
10,47,77,4,13.95,8.852445395125812
10,47,77,5,13.65,8.79757741773567
18,36,50,0,44.35,19.10159816956631
18,36,50,1,22.65,22.210180216809544
18,36,50,2,11.45,7.007326992437799
18,36,50,3,16.2,16.910289611264563
18,36,50,4,10.15,8.827439278212358
18,36,50,5,10.5,9.389243565742774
18,36,50,6,11.05,10.806796107323537
18,36,50,7,9.1,5.665221693994443
18,36,50,8,9.8,6.947926612344601
18,36,50,9,6.7,3.9749213828703582
17,4,104,0,50.3,24.385284604924298
17,4,104,1,18.35,10.609206528194967
17,4,104,2,14.45,11.79863952906614
17,4,104,3,14.35,12.495367562673609
17,4,104,4,9.25,4.327087266340524
17,4,104,5,10.3,6.538147170342116
17,4,104,6,9.2,5.166694963137002
17,4,104,7,7.3,3.079644545449326
17,4,104,8,28.25,30.966662889732174
18,36,50,0,55.55,26.678347222538275
18,36,50,1,18.85,13.195992214544377
18,36,50,2,12.05,8.611345026062695
18,36,50,3,8.3,5.554514522345528
18,36,50,4,9.05,4.032434291565019
18,36,50,5,8.5,4.358898943540673
18,36,50,6,7.65,3.3289005613518134
18,36,50,7,7.9,5.097987218914002
18,36,50,8,7.6,3.803045870711638
18,36,50,9,7.6,3.408966504907162
10,47,77,0,77.85,46.8943661749188
10,47,77,1,27.05,19.389294387421767
10,47,77,2,23.9,19.94967352324871
10,47,77,3,21.4,13.71284453580503
10,47,77,4,18.1,9.480728375305127
10,47,77,5,17.95,9.939157011802516
18,25,50,0,63.25,39.20509499649517
18,25,50,1,16.3,26.646022711012414
18,25,50,2,10.6,8.11366618412222
18,25,50,3,8.7,6.767569726275452
18,25,50,4,10.0,5.703184705887903
18,25,50,5,8.0,5.467607963461284
18,25,50,6,9.1,6.239939270959547
18,25,50,7,7.35,3.9904491239115325
18,25,50,8,7.4,4.3817804600413295
18,25,50,9,6.45,4.718106221333881
17,4,104,0,58.1,26.677212826877668
17,4,104,1,19.4,11.595825020012024
17,4,104,2,11.1,6.504249622969181
17,4,104,3,10.7,4.856899595854388
17,4,104,4,8.85,4.463595435355484
17,4,104,5,8.5,3.3950428258673973
17,4,104,6,9.7,5.292497172015255
17,4,104,7,8.7,4.437875262116463
17,4,104,8,55.85,65.7405386428544
10,42,77,0,83.55,51.89916843467269
10,42,77,1,30.75,26.375576820831405
10,42,77,2,23.0,17.213825532800204
10,42,77,3,20.55,15.024453751345364
10,42,77,4,22.1,19.11433741296941
10,42,77,5,15.85,14.146879886615132
18,25,50,0,47.7,27.531990961711973
18,25,50,1,14.35,12.823805987303455
18,25,50,2,7.35,4.15837772011609
18,25,50,3,8.5,10.379635933175265
18,25,50,4,7.6,4.417667877249738
18,25,50,5,5.9,3.625930007743204
18,25,50,6,5.95,3.7902228791568726
18,25,50,7,8.5,11.066782920547702
18,25,50,8,7.15,6.360031446463138
18,25,50,9,4.65,1.9808291724745763
17,1,104,0,54.55,23.694269793615323
17,1,104,1,16.75,17.130689604210026
17,1,104,2,11.35,10.132153093779696
17,1,104,3,8.2,5.987706704486064
17,1,104,4,7.55,6.00416522091123
17,1,104,5,9.4,6.410517673488255
17,1,104,6,6.65,4.27076968288042
17,1,104,7,6.25,3.3541019662496847
17,1,104,8,28.55,39.144099508301245
18,33,50,0,57.6,21.709566166966457
18,33,50,1,14.05,11.794177867869697
18,33,50,2,10.15,8.54877645908281
18,33,50,3,8.6,5.452184497013439
18,33,50,4,9.4,6.754335839413003
18,33,50,5,6.55,3.5165024489802668
18,33,50,6,7.75,4.655217785622811
18,33,50,7,9.65,9.097570525897792
18,33,50,8,7.05,4.2485291572496005
18,33,50,9,7.0,6.078434701553733
10,42,77,0,97.9,53.399093231015975
10,42,77,1,25.5,14.434972152818016
10,42,77,2,29.9,23.2987462956136
10,42,77,3,17.35,12.049350277308035
10,42,77,4,17.45,14.73797458054675
10,42,77,5,13.95,8.293783340868217
17,1,104,0,43.45,24.79064976537472
17,1,104,1,11.6,11.403600539441825
17,1,104,2,9.0,8.795932074125604
17,1,104,3,8.55,7.221860089886451
17,1,104,4,10.5,9.886194520909608
17,1,104,5,10.8,11.441383795585862
17,1,104,6,6.75,4.16596485317564
17,1,104,7,6.9,5.552619106995222
17,1,104,8,20.7,33.69226055123983
18,33,50,0,51.65,20.008616564922857
18,33,50,1,14.15,8.779611548774149
18,33,50,2,9.9,7.297440070253908
18,33,50,3,12.35,9.874342083346484
18,33,50,4,8.95,3.7342652345682756
18,33,50,5,10.6,6.451438028190223
18,33,50,6,7.7,4.181412503725959
18,33,50,7,8.3,5.400779670809722
18,33,50,8,6.6,3.2183683345512373
18,33,50,9,6.85,3.7031281229167377
10,45,77,0,78.0,52.31986640897157
10,45,77,1,30.7,31.46443271879837
10,45,77,2,30.95,56.97965934390419
10,45,77,3,15.05,12.240893500239698
10,45,77,4,11.7,10.301251840125268
10,45,77,5,12.55,10.03402107568887
17,17,104,0,60.2,21.94394773292315
17,17,104,1,15.5,13.379088160259654
17,17,104,2,8.9,5.674504383644442
17,17,104,3,10.1,6.648308055437866
17,17,104,4,8.45,4.795557154393286
17,17,104,5,8.0,5.684697834861956
17,17,104,6,6.55,4.828370107472795
17,17,104,7,6.95,4.110000640286799
17,17,104,8,38.3,37.12439969388837
18,25,50,0,51.05,35.403649826714634
18,25,50,1,19.55,27.342804306954708
18,25,50,2,12.7,15.45826299222659
18,25,50,3,8.75,6.60840772286176
18,25,50,4,11.2,10.933290543348017
18,25,50,5,8.0,7.8001349515991
18,25,50,6,8.8,8.947801847087185
18,25,50,7,9.25,8.546313455766207
18,25,50,8,6.7,4.437875262116463
18,25,50,9,6.85,4.826189517948699
18,25,50,0,53.5,19.43816105662153
18,25,50,1,15.35,14.124540048403254
18,25,50,2,13.9,11.149227020645636
18,25,50,3,11.7,7.85459972513592
18,25,50,4,13.75,9.935979277883296
18,25,50,5,9.75,7.232055833505945
18,25,50,6,12.5,14.106735979665885
18,25,50,7,8.75,7.047769337285304
18,25,50,8,6.65,5.12244801674068
18,25,50,9,6.05,4.382681226925146
10,45,77,0,91.45,51.85351330532255
10,45,77,1,33.25,29.051451635077775
10,45,77,2,23.3,16.986372246753074
10,45,77,3,20.9,13.392456635615519
10,45,77,4,17.1,12.924476982189953
10,45,77,5,18.35,15.641627994418915
17,17,104,0,62.1,26.088715043703836
17,17,104,1,22.5,20.676709501017655
17,17,104,2,16.45,12.01523156138425
17,17,104,3,12.2,10.496114569336196
17,17,104,4,9.1,5.848076606885377
17,17,104,5,9.75,8.490706994306063
17,17,104,6,8.55,5.698337707751177
17,17,104,7,8.2,6.031496279400415
17,17,104,8,48.5,53.37996864584672
18,30,50,0,58.95,23.041096008288275
18,30,50,1,20.3,17.2843098913741
18,30,50,2,19.75,21.403086349009527
18,30,50,3,10.55,6.43571449433795
18,30,50,4,10.7,7.685255876985284
18,30,50,5,12.8,8.853188542464293
18,30,50,6,9.75,6.033895486072169
18,30,50,7,9.55,6.977218568123578
18,30,50,8,8.8,5.521250811755954
18,30,50,9,7.35,3.2971279367927098
10,36,77,0,78.4,50.408228233932306
10,36,77,1,29.6,29.121162498484807
10,36,77,2,26.6,31.498370885191072
10,36,77,3,21.15,15.702078306959711
10,36,77,4,16.3,8.504487979265635
10,36,77,5,15.3,8.956620603306748
17,7,104,0,50.85,22.595469969838973
17,7,104,1,15.35,9.033708802969139
17,7,104,2,8.2,5.063803438440112
17,7,104,3,14.2,10.986115639392535
17,7,104,4,12.5,8.451097717550008
17,7,104,5,8.45,4.904079934095691
17,7,104,6,7.0,3.8251246969698154
17,7,104,7,7.75,4.4470569806866305
17,7,104,8,31.0,37.13276323226104
18,30,50,0,47.4,18.377331574237697
18,30,50,1,13.85,7.889199812668616
18,30,50,2,9.9,5.087652752135878
18,30,50,3,11.35,6.745563844405253
18,30,50,4,10.5,6.84797319227414
18,30,50,5,6.95,3.7623480910057667
18,30,50,6,8.45,4.110000640286798
18,30,50,7,8.1,6.965327664488169
18,30,50,8,7.05,3.734265234568276
18,30,50,9,8.25,5.138861229576267
17,7,104,0,50.7,16.92739915359897
17,7,104,1,17.15,14.426857264363427
17,7,104,2,9.15,6.028659622346021
17,7,104,3,12.15,8.713419777017881
17,7,104,4,9.2,4.525948577515634
17,7,104,5,8.4,4.2475999415149595
17,7,104,6,6.9,3.1937438845342623
17,7,104,7,8.3,7.434627375364977
17,7,104,8,21.15,27.593429805318742
10,36,77,0,94.25,61.832434854209
10,36,77,1,33.25,24.028218060395048
10,36,77,2,29.05,22.06324640902293
10,36,77,3,21.4,15.85593032009757
10,36,77,4,18.75,11.884864324004713
10,36,77,5,17.4,13.468872496084796
18,31,50,0,60.2,17.065200046632295
18,31,50,1,26.05,26.29083290306418
18,31,50,2,10.8,5.511710022163816
18,31,50,3,11.3,6.1908251299381485
18,31,50,4,10.4,10.343571611595799
18,31,50,5,8.65,5.4990429789382915
18,31,50,6,6.7,4.0535884037934125
18,31,50,7,6.8,4.674679837052733
18,31,50,8,6.65,4.965936600057382
18,31,50,9,6.9,4.0897818755373345
18,37,104,0,47.15,21.538887719901563
18,37,104,1,14.65,13.910522333073887
18,37,104,2,13.2,13.50087716448551
18,37,104,3,14.05,12.115561980579487
18,37,104,4,12.35,12.512204568256337
18,37,104,5,8.8,9.185801400445202
18,37,104,6,8.3,5.341988590896012
18,37,104,7,9.85,7.292930968085682
18,37,104,8,7.25,3.998354924873874
18,37,104,9,6.85,3.0826338704016356
18,31,50,0,51.55,27.502105182579825
18,31,50,1,16.3,12.695212524909993
18,31,50,2,12.15,7.407499755759628
18,31,50,3,12.05,8.400971121809294
18,31,50,4,11.4,8.46292222766929
18,31,50,5,8.2,6.517991295354405
18,31,50,6,9.35,6.784463675812632
18,31,50,7,6.75,3.0928610498508027
18,31,50,8,8.7,4.600915240757167
18,31,50,9,7.2,4.560701700396552
18,37,104,0,56.75,27.57931146806663
18,37,104,1,11.3,8.335718956773663
18,37,104,2,9.2,4.443801123031118
18,37,104,3,7.4,4.083342284272324
18,37,104,4,7.75,4.327087266340524
18,37,104,5,7.75,5.108043193157032
18,37,104,6,7.0,3.713418059444765
18,37,104,7,5.75,2.9535883617265144
18,37,104,8,6.25,3.4773704523904114
18,37,104,9,5.9,3.1439164311914825
10,30,77,0,97.5,56.32938842203065
10,30,77,1,41.15,27.096853575354654
10,30,77,2,37.45,31.98926629191012
10,30,77,3,23.35,12.671040334475096
10,30,77,4,21.55,8.586862670749765
10,30,77,5,22.8,12.626621834337497
18,32,50,0,46.95,32.1140647986943
18,32,50,1,14.05,14.752252281208488
18,32,50,2,8.1,5.025199655630348
18,32,50,3,9.65,8.975258389477972
18,32,50,4,10.45,11.123588023938847
18,32,50,5,7.15,4.591468060149
18,32,50,6,6.35,3.4377930497095917
18,32,50,7,7.9,5.250563879492525
18,32,50,8,6.8,4.262443084972699
18,32,50,9,7.15,4.498830257323622
18,30,104,0,55.7,31.31520565576982
18,30,104,1,20.45,21.31091887174025
18,30,104,2,12.6,9.949345389733464
18,30,104,3,10.9,4.610057654622919
18,30,104,4,10.7,5.391025681142397
18,30,104,5,8.25,4.744803251425378
18,30,104,6,8.2,4.851478342244058
18,30,104,7,7.15,4.016741281974206
18,30,104,8,7.2,4.060075187273727
18,30,104,9,7.25,3.611021141479308
18,32,50,0,56.2,21.958333749459033
18,32,50,1,19.65,12.278672138048325
18,32,50,2,13.8,10.855995190628422
18,32,50,3,11.35,6.659184397665021
18,32,50,4,10.2,6.685412241747344
18,32,50,5,9.85,6.9302920117712965
18,32,50,6,9.9,7.107446058443512
18,32,50,7,7.1,4.972556263077743
18,32,50,8,7.0,3.9336604086431146
18,32,50,9,7.3,5.341988590896012
18,30,104,0,47.5,18.897228980935132
18,30,104,1,15.0,14.304949456302472
18,30,104,2,9.25,7.383302641415754
18,30,104,3,6.7,3.294333252563767
18,30,104,4,7.5,7.535879091666116
18,30,104,5,5.7,4.130757544898616
18,30,104,6,6.65,6.259939464983919
18,30,104,7,6.6,4.569924564619836
18,30,104,8,6.05,3.2195946132524527
18,30,104,9,5.05,2.502104377476982
10,30,77,0,116.7,70.50800626431314
10,30,77,1,33.45,26.575562577597292
10,30,77,2,25.95,17.294583879901456
10,30,77,3,19.736842105263158,12.435800046921692
10,30,77,4,17.526315789473685,10.673791480135048
10,30,77,5,16.68421052631579,13.896652800740453
18,36,50,0,58.1,29.71602438522283
18,36,50,1,17.6,11.842830387156079
18,36,50,2,11.7,6.087951863700702
18,36,50,3,12.25,8.89633277491941
18,36,50,4,10.25,5.7388335510202575
18,36,50,5,8.55,4.285532577601552
18,36,50,6,9.15,8.086863942286444
18,36,50,7,8.75,6.111895218170443
18,36,50,8,9.2,7.000751839323365
18,36,50,9,8.3,5.3714645655488935
18,35,104,0,60.2,31.751668004258164
18,35,104,1,19.15,21.861465737926316
18,35,104,2,15.1,10.920285324978803
18,35,104,3,12.3,7.027015537795619
18,35,104,4,11.45,8.562310312920038
18,35,104,5,10.85,6.907471164958768
18,35,104,6,9.1,5.476264573978372
18,35,104,7,9.6,5.305409354710777
18,35,104,8,8.4,4.860149445395578
18,35,104,9,8.3,4.63510631229919
10,38,77,0,81.0,43.01896766482627
10,38,77,1,26.25,22.56890035331573
10,38,77,2,17.9,11.08768876300481
10,38,77,3,17.2,11.8614812246239
10,38,77,4,15.25,11.233760208454363
10,38,77,5,16.2,12.310030142337718
18,36,50,0,45.6,21.162031541120253
18,36,50,1,18.5,24.136672251336165
18,36,50,2,13.65,10.678433750715552
18,36,50,3,15.35,29.20575826424429
18,36,50,4,9.55,8.312799262519658
18,36,50,5,10.9,9.385879652014792
18,36,50,6,7.0,4.013136324359632
18,36,50,7,8.9,6.034113548466706
18,36,50,8,7.2,4.730639213512383
18,36,50,9,7.25,3.8234043799514037
18,35,104,0,57.0,32.526911934581186
18,35,104,1,14.85,9.320464185413671
18,35,104,2,21.35,22.01739742734559
18,35,104,3,13.6,15.705848726207899
18,35,104,4,10.65,7.169195800161454
18,35,104,5,9.2,6.005260851514848
18,35,104,6,11.05,10.091554572225755
18,35,104,7,9.4,6.3858395977679425
18,35,104,8,7.25,3.6831765466352833
18,35,104,9,10.0,10.944837764179539
18,26,50,0,51.4,20.40742898786461
18,26,50,1,23.45,18.291427385239064
18,26,50,2,18.0,15.563114287178818
18,26,50,3,13.4,10.47000728899359
18,26,50,4,15.0,9.608110608943061
18,26,50,5,8.9,3.8784153030790676
18,26,50,6,8.15,5.5371948056565135
18,26,50,7,8.35,5.22418465056107
18,26,50,8,8.85,4.837082635334302
18,26,50,9,10.45,7.119099588246286
10,38,77,0,120.55,56.93807809227587
10,38,77,1,31.95,23.484541388124367
10,38,77,2,26.35,17.821557023359155
10,38,77,3,25.15,22.896276415264786
10,38,77,4,24.75,20.95075680080115
10,38,77,5,23.8,16.747662837730996
18,34,104,0,49.75,22.858546714407215
18,34,104,1,15.35,15.948189139902535
18,34,104,2,14.2,11.574018089533217
18,34,104,3,12.65,9.82089608946149
18,34,104,4,8.0,4.34074938958216
18,34,104,5,11.65,7.471172669175274
18,34,104,6,9.85,7.7478350116933346
18,34,104,7,8.55,4.893335962521403
18,34,104,8,8.3,5.33212705656649
18,34,104,9,7.65,4.475371198953339
18,26,50,0,53.2,22.006219216633426
18,26,50,1,21.6,19.307484231986855
18,26,50,2,13.15,11.6901893190739
18,26,50,3,11.55,8.899881726002999
18,26,50,4,10.05,7.207269721753534
18,26,50,5,9.4,6.311226421811248
18,26,50,6,11.3,6.98946575776342
18,26,50,7,8.1,7.531687446347842
18,26,50,8,10.05,7.584436973864726
18,26,50,9,9.15,7.8087333024936685
18,34,104,0,50.75,27.89241549427484
18,34,104,1,14.55,8.834591105421914
18,34,104,2,12.1,7.906692701356503
18,34,104,3,11.3,9.652379035897399
18,34,104,4,9.95,6.219451659701876
18,34,104,5,8.15,4.171015274612722
18,34,104,6,8.85,5.9584084770135854
18,34,104,7,7.9,5.839069861039963
18,34,104,8,5.95,3.203205631205945
18,34,104,9,7.0,3.9603295981920223
18,42,50,0,48.6,15.236383049170582
18,42,50,1,11.25,7.731514456396865
18,42,50,2,11.65,6.737756928017857
18,42,50,3,10.05,10.081118359012608
18,42,50,4,9.5,6.091408963277275
18,42,50,5,9.65,8.028075734570521
18,42,50,6,8.8,5.708719093125054
18,42,50,7,7.75,4.993416718672275
18,42,50,8,8.15,5.4990429789382915
18,42,50,9,7.55,5.698337707751176
10,44,77,0,116.75,66.52255256677992
10,44,77,1,39.3,23.954122818421048
10,44,77,2,33.8,35.57142555183126
10,44,77,3,21.94736842105263,12.099006773792663
10,44,77,4,22.68421052631579,19.430939336758065
10,44,77,5,21.31578947368421,17.31746912346331
18,43,104,0,50.0,23.9539030991655
18,43,104,1,18.5,15.892732533092634
18,43,104,2,13.6,11.296948819552073
18,43,104,3,11.3,8.323081413186245
18,43,104,4,10.1,7.758865896508329
18,43,104,5,7.45,4.071402189599264
18,43,104,6,7.65,3.8151360602073856
18,43,104,7,6.3,2.8855356157000878
18,43,104,8,7.25,5.077038092182654
18,43,104,9,6.45,3.913203022427644
18,42,50,0,67.1,29.287863482480606
18,42,50,1,17.8,11.560367868850795
18,42,50,2,17.85,11.577087171150652
18,42,50,3,9.45,6.870800152590824
18,42,50,4,9.3,6.744198286402601
18,42,50,5,9.5,6.541366346888893
18,42,50,6,8.7,6.300375928633565
18,42,50,7,7.2,3.9416801119907174
18,42,50,8,8.2,4.7969288420602485
18,42,50,9,8.5,5.6054484772923345
18,43,104,0,63.85,31.087778949291312
18,43,104,1,15.15,12.20558543411473
18,43,104,2,10.8,6.83335472825063
18,43,104,3,9.1,6.758230849159143
18,43,104,4,6.9,3.945683851074688
18,43,104,5,6.55,3.017056774233353
18,43,104,6,8.05,3.4101242453055947
18,43,104,7,7.0,3.0262013708347477
18,43,104,8,6.95,4.285532577601553
18,43,104,9,6.4,4.070432538764348
10,44,77,0,93.1,59.52080573874546
10,44,77,1,33.55,26.958984441281597
10,44,77,2,27.25,21.010962051171987
10,44,77,3,24.05,18.782620746457695
10,44,77,4,19.5,16.816345431877004
10,44,77,5,17.6,15.601619349150571
18,40,50,0,54.0,23.178937807732623
18,40,50,1,22.3,13.898504273936515
18,40,50,2,15.85,13.796548004559156
18,40,50,3,17.45,20.929644048573785
18,40,50,4,14.55,11.812014401046348
18,40,50,5,11.15,7.314549307985241
18,40,50,6,9.15,5.018649430400887
18,40,50,7,9.6,10.038871817511222
18,40,50,8,8.75,6.600438581918948
18,40,50,9,7.85,5.163383223797114
18,40,104,0,50.7,24.711173692545604
18,40,104,1,12.75,10.218018141344343
18,40,104,2,10.25,7.318865313262994
18,40,104,3,8.65,4.804329188072819
18,40,104,4,8.35,4.0688159405279976
18,40,104,5,6.15,3.74552364408784
18,40,104,6,5.8,2.375311613906246
18,40,104,7,6.45,3.5611204623500763
18,40,104,8,5.7,2.9217874846167637
18,40,104,9,7.3,4.921488863299291
18,40,50,0,51.15,22.354264870371757
18,40,50,1,14.15,10.11135370186458
18,40,50,2,12.6,7.3584895475262195
18,40,50,3,11.5,8.357158922932953
18,40,50,4,10.95,8.02282926863611
18,40,50,5,7.7,5.611079265730951
18,40,50,6,8.3,5.768334613259388
18,40,50,7,8.5,3.34821240601451
18,40,50,8,9.3,7.420455369769219
18,40,50,9,7.4,3.330876287421264
10,27,77,0,90.55,62.38123452651952
10,27,77,1,28.9,22.79404354327313
10,27,77,2,27.1,22.722351620329583
10,27,77,3,22.65,16.352289393875484
10,27,77,4,20.7,15.603980598754786
10,27,77,5,22.15,18.302358202960452
18,40,104,0,47.8,28.896548692115285
18,40,104,1,16.0,17.561920527994054
18,40,104,2,11.7,11.850383071756303
18,40,104,3,10.95,13.971681886474586
18,40,104,4,8.45,4.957450533235171
18,40,104,5,7.55,8.068620178131287
18,40,104,6,7.9,5.398830282667963
18,40,104,7,6.9,3.322966334942004
18,40,104,8,5.3,2.1545545393788235
18,40,104,9,7.1,5.014715188428216
18,28,50,0,56.9,27.20274753925071
18,28,50,1,16.25,10.755047774490773
18,28,50,2,12.65,8.190334483241111
18,28,50,3,14.95,11.825374145633216
18,28,50,4,10.3,9.79849612521174
18,28,50,5,12.3,8.676040814249683
18,28,50,6,9.5,4.582575694955841
18,28,50,7,10.25,5.865824301565987
18,28,50,8,10.0,7.2547625011001164
18,28,50,9,10.25,6.560447674070003
18,37,104,0,47.55,30.58805236311101
18,37,104,1,13.15,11.833382752553094
18,37,104,2,8.6,5.623259964787235
18,37,104,3,8.65,5.914077763225107
18,37,104,4,9.6,7.118545090854332
18,37,104,5,9.25,7.9860074999635255
18,37,104,6,7.3,5.731721519661206
18,37,104,7,6.85,4.8696157851248225
18,37,104,8,7.3,3.6433067686548597
18,37,104,9,6.85,3.773522715475624
10,27,77,0,98.0,54.4464971566728
10,27,77,1,30.0,24.046008531891307
10,27,77,2,26.85,20.04540897693613
10,27,77,3,20.3,12.11827675781286
10,27,77,4,26.4,29.364138529487757
10,27,77,5,18.45,12.808200498118383
18,28,50,0,48.05,21.890817589501815
18,28,50,1,22.8,17.94318518928125
18,28,50,2,13.75,6.695442283256651
18,28,50,3,10.45,5.216118742594162
18,28,50,4,8.5,3.9934156333961317
18,28,50,5,8.8,5.818301434177105
18,28,50,6,7.9,4.72284481619868
18,28,50,7,7.45,4.53611240926343
18,28,50,8,8.45,5.443247869463696
18,28,50,9,8.35,4.771350906576062
18,37,104,0,49.9,31.71069884207271
18,37,104,1,10.25,5.220153254455275
18,37,104,2,10.5,7.790007094112032
18,37,104,3,10.0,5.201214433086505
18,37,104,4,8.0,4.279695021106551
18,37,104,5,9.3,4.856899595854388
18,37,104,6,9.4,4.750623227812492
18,37,104,7,9.0,5.920526292395582
18,37,104,8,8.05,4.99973683517969
18,37,104,9,9.55,7.996545306699966
18,35,50,0,46.95,25.217944738659913
18,35,50,1,15.75,12.125983411014982
18,35,50,2,14.15,15.530191309358143
18,35,50,3,8.6,5.46182926750447
18,35,50,4,9.15,6.627494565107263
18,35,50,5,7.8,6.841052550594829
18,35,50,6,8.65,4.258428175549729
18,35,50,7,6.75,4.458876422078595
18,35,50,8,7.15,5.760802210218917
18,35,50,9,6.75,3.931987578285246
18,46,104,0,56.8,26.544104311206482
18,46,104,1,15.2,9.982089223361907
18,46,104,2,10.8,5.559250233430291
18,46,104,3,9.45,8.101169506214585
18,46,104,4,8.4,3.816860103885336
18,46,104,5,7.4,3.1355348742070177
18,46,104,6,7.45,3.8726435959241883
18,46,104,7,7.45,3.5165024489802663
18,46,104,8,9.05,4.7625181309228015
18,46,104,9,8.6,5.897367833908705
10,39,77,0,105.85,57.29358832502896
10,39,77,1,23.35,14.477841508209782
10,39,77,2,23.05,15.66583611086978
10,39,77,3,23.25,17.329242094764194
10,39,77,4,24.95,23.123182716645395
10,39,77,5,19.35,18.05044102100089
18,35,50,0,48.6,26.1139204660132
18,35,50,1,20.45,17.043211335648543
18,35,50,2,10.95,7.178000014664692
18,35,50,3,11.55,7.029823685742878
18,35,50,4,9.0,4.645314560761311
18,35,50,5,10.85,6.8692679453682075
18,35,50,6,10.75,7.461303681768954
18,35,50,7,9.2,5.745478771676863
18,35,50,8,8.35,5.499042978938292
18,35,50,9,8.4,4.849308143816415
18,46,104,0,55.8,20.369223430408308
18,46,104,1,15.95,12.659404658821419
18,46,104,2,8.8,3.968295404963274
18,46,104,3,8.5,6.082762530298219
18,46,104,4,8.2,3.6935220675065548
18,46,104,5,7.9,5.34986473021318
18,46,104,6,6.55,3.3478194002726767
18,46,104,7,6.3,4.329823139696658
18,46,104,8,7.2,3.9283048439967616
18,46,104,9,6.95,3.3162280411715703
10,39,77,0,91.55,52.09149339585616
10,39,77,1,25.1,18.148220153415654
10,39,77,2,18.25,11.044765371218311
10,39,77,3,16.1,10.567577026477087
10,39,77,4,15.0,10.662279799663663
10,39,77,5,15.35,10.907626496606568
18,29,50,0,47.85,20.63281749773251
18,29,50,1,25.8,28.94022878460471
18,29,50,2,14.6,8.6778605173104
18,29,50,3,8.05,5.256324511331187
18,29,50,4,9.1,7.12962684488946
18,29,50,5,7.75,3.7257991018529735
18,29,50,6,6.3,2.9037181246409616
18,29,50,7,8.55,4.695742752749559
18,29,50,8,6.35,4.614336925621914
18,29,50,9,8.0,6.6570105508166515
18,45,104,0,72.7,62.172171808361504
18,45,104,1,26.5,40.1018440316258
18,45,104,2,8.0,5.887840577551898
18,45,104,3,9.210526315789474,7.223256785999735
18,45,104,4,8.421052631578947,4.729526514634586
18,45,104,5,7.052631578947368,3.7189258337220368
18,45,104,6,6.2631578947368425,3.2462303824446033
18,45,104,7,6.684210526315789,2.963718227327651
18,45,104,8,7.526315789473684,5.709333693879714
18,45,104,9,6.105263157894737,3.2980589719494313
18,29,50,0,59.6,29.394593129743402
18,29,50,1,16.75,13.78738935633421
18,29,50,2,10.15,5.132712425424326
18,29,50,3,8.4,5.423147270339381
18,29,50,4,8.85,5.060424363315996
18,29,50,5,9.85,5.8783724922715415
18,29,50,6,8.9,6.608606828260123
18,29,50,7,8.5,4.925764701519637
18,29,50,8,8.0,3.797506106852094
18,29,50,9,6.7,3.585056705122998
10,32,77,0,104.85,52.58804647045702
10,32,77,1,28.6,19.847842253133294
10,32,77,2,23.1,18.671396643839447
10,32,77,3,22.6,14.968036119115888
10,32,77,4,17.55,10.540523306693428
10,32,77,5,18.05,12.115561980579487
18,45,104,0,43.8,31.61212292443318
18,45,104,1,18.0,13.302156532722528
18,45,104,2,11.65,8.957648892662098
18,45,104,3,9.1,6.155015071168859
18,45,104,4,10.85,6.998308066202409
18,45,104,5,9.3,6.906137621138552
18,45,104,6,8.95,7.584436973864726
18,45,104,7,7.45,5.889106803868344
18,45,104,8,7.2,4.384182093797992
18,45,104,9,6.25,5.320021764894141
19,2,50,0,54.7,22.367975227755274
19,2,50,1,16.7,15.221522159170062
19,2,50,2,16.8,14.479022938829743
19,2,50,3,13.55,11.555244878864588
19,2,50,4,8.7,4.7139211524567255
19,2,50,5,8.4,5.9062856793687
19,2,50,6,8.8,4.87312717062182
19,2,50,7,7.3,4.680305882941278
19,2,50,8,7.7,4.2932014799410965
19,2,50,9,59.65,60.21739126304223
18,31,104,0,52.25,21.63786885118432
18,31,104,1,18.55,15.682625317277244
18,31,104,2,12.25,10.705999301916266
18,31,104,3,8.05,3.691740425384896
18,31,104,4,9.45,7.721978203052703
18,31,104,5,7.2,3.721912355086746
18,31,104,6,8.95,5.735163926441675
18,31,104,7,6.35,3.265046142980138
18,31,104,8,7.9,3.7120004537204805
18,31,104,9,6.65,2.888725816360089
10,32,77,0,96.5,66.29876556761425
10,32,77,1,32.1,33.3117649518984
10,32,77,2,22.75,16.90180619435624
10,32,77,3,18.3,10.901955401621645
10,32,77,4,17.65,14.012306621042278
10,32,77,5,14.15,7.686454250652145
18,31,104,0,56.85,20.021764473481824
18,31,104,1,13.25,7.0328178076635455
18,31,104,2,17.7,15.701491715925057
18,31,104,3,10.75,7.077577640913443
18,31,104,4,8.8,7.149530717025014
18,31,104,5,8.45,5.762629151424036
18,31,104,6,9.0,6.75900958175943
18,31,104,7,8.15,4.171015274612722
18,31,104,8,6.8,4.149825614598636
18,31,104,9,8.8,8.326242597322857
19,2,50,0,55.3,24.544481639410687
19,2,50,1,12.95,7.366174469545876
19,2,50,2,10.75,5.910516942393092
19,2,50,3,10.3,8.921293274195762
19,2,50,4,10.7,10.068711306240786
19,2,50,5,8.15,5.264328817117795
19,2,50,6,7.5,5.596051239372653
19,2,50,7,7.25,3.006571749386754
19,2,50,8,6.6,4.1977437548734375
19,2,50,9,50.3,64.99967611255337
18,46,104,0,49.1,15.437139085915328
18,46,104,1,14.2,12.555560730734326
18,46,104,2,12.3,7.476982222654723
18,46,104,3,9.3,4.3781755392665085
18,46,104,4,8.35,4.6935005452669385
18,46,104,5,9.2,4.873127170621821
18,46,104,6,8.5,4.071725355229777
18,46,104,7,9.35,6.2346653985261264
18,46,104,8,8.4,5.4037024344425175
18,46,104,9,8.0,5.191085476184401
10,27,77,0,95.55,81.15707641747316
10,27,77,1,41.4,43.874701978295086
10,27,77,2,22.7,24.813196828343287
10,27,77,3,20.31578947368421,17.029558066879375
10,27,77,4,16.31578947368421,13.699361832577567
10,27,77,5,11.789473684210526,8.515208272838931
19,9,50,0,55.15,31.194255544047984
19,9,50,1,17.9,15.63363445638248
19,9,50,2,13.3,11.56264402470755
19,9,50,3,13.65,12.524817468992469
19,9,50,4,12.9,9.967843033316791
19,9,50,5,8.55,4.454152409180733
19,9,50,6,9.9,5.514573992230902
19,9,50,7,7.95,4.418561328139094
19,9,50,8,7.2,4.187701291312831
19,9,50,9,24.6,27.14755004939139
18,46,104,0,56.55,26.80627381396888
18,46,104,1,22.2,16.947597252459683
18,46,104,2,11.55,11.80755779374514
18,46,104,3,9.65,5.851450562399936
18,46,104,4,8.1,5.437685266051316
18,46,104,5,7.65,5.622089890498203
18,46,104,6,8.75,7.282820448439638
18,46,104,7,7.1,3.864821096152209
18,46,104,8,8.35,6.892215288203596
18,46,104,9,9.2,8.230878957988182
19,9,50,0,45.7,24.634379058116064
19,9,50,1,9.85,6.217758946420284
19,9,50,2,8.65,6.5636559132368015
19,9,50,3,7.5,4.582575694955841
19,9,50,4,7.05,4.045465297550358
19,9,50,5,6.7,3.3261325732352947
19,9,50,6,6.2,3.791958249825682
19,9,50,7,6.25,3.781882015471578
19,9,50,8,7.2,4.237675629026142
19,9,50,9,11.7,18.195141051795584
10,27,77,0,112.25,73.05720541574182
10,27,77,1,25.5,16.37552731171861
10,27,77,2,31.55,33.61308485819489
10,27,77,3,25.55,19.21752215803944
10,27,77,4,19.95,15.598498578220175
10,27,77,5,16.42105263157895,12.235266829373396
18,28,104,0,48.25,15.15490193407991
18,28,104,1,15.95,12.824626802818823
18,28,104,2,13.4,6.361065782927955
18,28,104,3,10.35,7.421696500623589
18,28,104,4,8.95,6.2951526882531645
18,28,104,5,9.45,6.824684299619556
18,28,104,6,9.25,7.683714836211097
18,28,104,7,9.6,7.192100930150637
18,28,104,8,9.35,7.942391261287019
18,28,104,9,7.9,5.875013997743684
19,7,50,0,56.7,20.427277944222677
19,7,50,1,10.4,6.327883158146799
19,7,50,2,13.2,8.17956375107467
19,7,50,3,14.4,14.12873145868301
19,7,50,4,9.05,6.840090796565726
19,7,50,5,9.55,5.010252646219287
19,7,50,6,7.25,5.2503132738613045
19,7,50,7,6.7,2.657660229362821
19,7,50,8,7.1,2.9894551519069754
19,7,50,9,16.65,14.765803309282601
18,28,104,0,48.2,21.977500456507546
18,28,104,1,21.65,18.128996836995405
18,28,104,2,16.4,14.350499716221146
18,28,104,3,9.45,4.828370107472795
18,28,104,4,8.65,6.595652475604469
18,28,104,5,9.3,5.526015029409815
18,28,104,6,8.5,6.74731915574428
18,28,104,7,8.2,5.916969352277353
18,28,104,8,7.0,5.150370451673711
18,28,104,9,7.65,5.37317900609862
19,7,50,0,58.3,21.496878598384562
19,7,50,1,14.45,8.77481443798401
19,7,50,2,14.05,8.905793501689605
19,7,50,3,12.7,8.730466919448178
19,7,50,4,9.6,5.8884364826774105
19,7,50,5,8.1,8.071391975431045
19,7,50,6,7.9,6.103493391406872
19,7,50,7,9.5,5.529823448214334
19,7,50,8,8.35,4.233637231805096
19,7,50,9,31.3,47.92658859899004
10,35,77,0,113.85,45.316750708064255
10,35,77,1,32.6,20.00368387125363
10,35,77,2,23.9,14.760901413068098
10,35,77,3,29.5,26.652737590210723
10,35,77,4,18.6,11.315569153301919
10,35,77,5,18.65,10.594313271005841
18,26,104,0,53.95,25.05042283496481
18,26,104,1,19.65,15.70542983543556
18,26,104,2,13.2,8.793538297492864
18,26,104,3,16.4,16.378419691134653
18,26,104,4,9.15,5.824404193608674
18,26,104,5,7.9,3.959000405471855
18,26,104,6,8.3,6.562252501598581
18,26,104,7,9.8,7.654376113323052
18,26,104,8,8.85,6.22621791087368
18,26,104,9,9.2,7.8780173835005485
19,4,50,0,56.0,27.977434516146456
19,4,50,1,14.45,8.702540463928667
19,4,50,2,12.95,10.107188687161962
19,4,50,3,8.65,4.804329188072818
19,4,50,4,9.6,7.646120447307696
19,4,50,5,7.25,5.220153254455275
19,4,50,6,8.5,6.517183763753046
19,4,50,7,7.55,4.925497570376974
19,4,50,8,8.95,7.863807836170117
19,4,50,9,26.15,30.06182226503804
10,35,77,0,116.1,77.11092488643943
10,35,77,1,34.5,19.68568809540255
10,35,77,2,27.8,19.76333660301849
10,35,77,3,22.65,13.115980610248744
10,35,77,4,22.05,10.540523306693428
10,35,77,5,21.94736842105263,13.276854062659933
18,26,104,0,53.7,22.22871542563097
18,26,104,1,18.95,13.570381835375697
18,26,104,2,15.95,12.124247128009747
18,26,104,3,11.7,8.316755440232182
18,26,104,4,11.9,7.092620330871711
18,26,104,5,10.75,6.99529917346755
18,26,104,6,7.85,5.264328817117795
18,26,104,7,9.2,6.287832862382966
18,26,104,8,9.4,7.949842765740716
18,26,104,9,9.8,6.566261453344986
19,4,50,0,50.2,19.37334033638685
19,4,50,1,20.0,19.63348375124818
19,4,50,2,15.0,12.822677280177448
19,4,50,3,8.95,5.375137697134641
19,4,50,4,12.4,9.349359674105466
19,4,50,5,7.65,5.08118303671808
19,4,50,6,9.0,5.947135533400225
19,4,50,7,6.9,3.210181172129501
19,4,50,8,7.25,4.203695116392118
19,4,50,9,31.25,46.61812952060604
18,38,104,0,47.45,25.69758333917188
18,38,104,1,15.4,10.47503297319267
18,38,104,2,10.5,5.453149741687199
18,38,104,3,8.7,8.379800273967092
18,38,104,4,7.35,5.142956348249516
18,38,104,5,6.4,3.733208017946918
18,38,104,6,7.25,4.178579461466477
18,38,104,7,6.25,3.4924731095675785
18,38,104,8,6.45,4.784569496115393
18,38,104,9,6.55,5.345681976088148
19,8,50,0,57.45,33.889099318683265
19,8,50,1,18.8,15.021388260182807
19,8,50,2,15.75,13.810274588527424
19,8,50,3,7.85,3.9506828190633207
19,8,50,4,9.5,4.6396460845061975
19,8,50,5,9.05,5.20601878396029
19,8,50,6,8.6,5.403702434442518
19,8,50,7,9.75,4.153311931459037
19,8,50,8,8.5,5.05235744870389
19,8,50,9,34.0,39.50349751337815
10,33,77,0,123.2,94.40372427979065
10,33,77,1,42.65,54.14140841595422
10,33,77,2,26.2,21.261776922325588
10,33,77,3,16.263157894736842,8.033555358364465
10,33,77,4,16.42105263157895,8.362055764474853
10,33,77,5,14.736842105263158,8.627102676147729
18,38,104,0,58.2,37.8342646148616
18,38,104,1,16.15,14.287554392768406
18,38,104,2,13.6,9.986306413758475
18,38,104,3,11.35,13.307200267049732
18,38,104,4,8.25,3.581751997056895
18,38,104,5,8.45,4.058454463410788
18,38,104,6,7.9,4.843878393884062
18,38,104,7,7.8,3.4883263970895237
18,38,104,8,7.2,4.606631375699487
18,38,104,9,8.6,5.977149470230244
19,8,50,0,48.7,22.84524596404895
19,8,50,1,19.0,19.186069507793793
19,8,50,2,10.65,8.38089933624134
19,8,50,3,17.05,22.887539703607516
19,8,50,4,8.85,6.635431211942526
19,8,50,5,9.35,8.047719520068043
19,8,50,6,9.55,7.486654793697917
19,8,50,7,6.6,3.37794705639231
19,8,50,8,6.1,3.3857285618810087
19,8,50,9,33.1,51.48418254795912
18,41,104,0,62.9,26.20546347213637
18,41,104,1,15.05,8.34439616559647
18,41,104,2,11.0,6.966083245947731
18,41,104,3,8.95,5.452908446537113
18,41,104,4,14.75,14.69290913833501
18,41,104,5,8.1,4.700503892361463
18,41,104,6,7.55,4.524494737711487
18,41,104,7,6.5,4.110320771193565
18,41,104,8,6.1,3.0418138632972544
18,41,104,9,5.4,2.683281572999748
10,33,77,0,87.9,53.2500555967093
10,33,77,1,39.55,30.70997609212595
10,33,77,2,40.1,39.115079875723254
10,33,77,3,24.8,21.77057405620812
10,33,77,4,30.65,37.778126503378424
10,33,77,5,22.2,20.57745316960698
19,3,50,0,54.4,35.31124764896188
19,3,50,1,13.35,10.291923251294012
19,3,50,2,10.3,8.772564889292191
19,3,50,3,10.95,8.726698296486177
19,3,50,4,10.6,7.823042886243179
19,3,50,5,9.8,6.932759760350624
19,3,50,6,8.65,7.102816342831906
19,3,50,7,7.95,4.489461343846802
19,3,50,8,8.4,4.222745427724529
19,3,50,9,37.05,52.23476861853204
18,41,104,0,56.75,23.5592757461729
18,41,104,1,25.5,24.87547936591796
18,41,104,2,14.1,10.527657809188538
18,41,104,3,11.4,9.19038399060327
18,41,104,4,11.95,10.070671330781856
18,41,104,5,9.85,7.734236940554096
18,41,104,6,7.7,4.942831066035781
18,41,104,7,7.45,4.989198859852942
18,41,104,8,9.2,5.890223836332986
18,41,104,9,7.05,4.173538193503394
19,3,50,0,49.6,31.69160606117718
19,3,50,1,18.6,18.247999169339376
19,3,50,2,9.2,7.71601205968881
19,3,50,3,9.8,7.352765322974537
19,3,50,4,8.65,4.221187161525958
19,3,50,5,8.5,5.5772092625160425
19,3,50,6,10.15,6.6670833203133135
19,3,50,7,8.75,7.81277631090322
19,3,50,8,7.1,3.7822299186980604
19,3,50,9,26.5,36.84033830349267
10,34,77,0,104.05,58.26570264969914
10,34,77,1,30.25,20.346666609183508
10,34,77,2,19.8,12.547174141908146
10,34,77,3,18.2,16.25002024290237
10,34,77,4,19.4,20.487223232772998
10,34,77,5,15.25,12.238313437294932
18,37,104,0,53.95,24.830954790129873
18,37,104,1,17.6,13.880694658788741
18,37,104,2,15.45,17.00611345183967
18,37,104,3,12.1,10.088555266658405
18,37,104,4,11.9,9.374657888494694
18,37,104,5,10.6,8.450474916582468
18,37,104,6,10.4,9.35498741173307
18,37,104,7,9.7,7.595705157660166
18,37,104,8,9.0,8.175702126616278
18,37,104,9,7.45,3.5463101654358558
19,20,50,0,49.3,20.188845278623802
19,20,50,1,13.95,9.276313923105448
19,20,50,2,8.65,6.9606034221179405
19,20,50,3,12.8,12.816929593725883
19,20,50,4,10.1,8.771364894089354
19,20,50,5,8.0,4.723959088908816
19,20,50,6,7.8,3.205258836744127
19,20,50,7,6.25,3.0757968586675997
19,20,50,8,6.1,2.4687520819444915
19,20,50,9,49.35,77.16576483880591
18,37,104,0,47.25,32.43110105731031
18,37,104,1,15.6,12.828422391417877
18,37,104,2,13.0,11.929618161269213
18,37,104,3,10.0,6.341177044980645
18,37,104,4,11.1,9.158832377891615
18,37,104,5,9.25,6.323515011863509
18,37,104,6,11.0,7.601938810869929
18,37,104,7,10.0,8.006576244431495
18,37,104,8,8.2,5.578152872921663
18,37,104,9,8.1,5.290507885280063
10,34,77,0,100.5,45.8928959070665
10,34,77,1,39.45,27.36012272979552
10,34,77,2,24.8,20.73288768066203
10,34,77,3,18.95,12.746413324209245
10,34,77,4,16.7,11.756744984543081
10,34,77,5,19.25,14.260268691644445
19,20,50,0,53.2,21.663940449269003
19,20,50,1,22.95,19.59182160199022
19,20,50,2,12.2,7.944544636018115
19,20,50,3,11.7,9.942466071299783
19,20,50,4,10.25,6.812334015360822
19,20,50,5,9.05,5.65196751955505
19,20,50,6,9.0,6.0524027416694945
19,20,50,7,6.85,4.738143096192854
19,20,50,8,7.55,4.334379091088268
19,20,50,9,34.85,42.18040827333542
18,44,104,0,57.0,27.951085093332907
18,44,104,1,17.7,12.616196774489193
18,44,104,2,9.8,7.251860015486408
18,44,104,3,12.15,10.230372735916784
18,44,104,4,10.1,8.045266669879481
18,44,104,5,9.95,5.880162905011534
18,44,104,6,7.2,5.9080676331517
18,44,104,7,7.5,4.223991626785959
18,44,104,8,7.7,4.001315573132101
18,44,104,9,7.25,6.6401886466543925
10,34,77,0,107.7,59.47940820149441
10,34,77,1,44.85,48.50857222128238
10,34,77,2,26.4,18.5398574910778
10,34,77,3,30.3,22.159944898278447
10,34,77,4,20.1,12.199654870010397
10,34,77,5,19.2,12.804604435000796
18,44,104,0,44.65,26.27240898136694
18,44,104,1,15.15,10.71287960698169
18,44,104,2,20.05,21.602814144165766
18,44,104,3,10.2,7.668115805072326
18,44,104,4,11.7,6.996991834841749
18,44,104,5,11.25,13.591309142629576
18,44,104,6,7.4,2.927186542164947
18,44,104,7,9.55,9.304639476598418
18,44,104,8,10.6,13.789393330420763
18,44,104,9,7.65,5.0915306353322
19,9,50,0,55.7,29.270247153398834
19,9,50,1,26.1,20.68027282727494
19,9,50,2,12.85,11.913172718068276
19,9,50,3,10.4,8.337612936187684
19,9,50,4,11.6,9.773217969209744
19,9,50,5,12.25,8.632100433540892
19,9,50,6,10.05,6.468343967679094
19,9,50,7,8.9,6.927443517215462
19,9,50,8,8.35,5.751658799630626
19,9,50,9,21.9,19.10882959317636
18,37,104,0,48.25,24.458073685821063
18,37,104,1,21.1,23.366417647645743
18,37,104,2,13.0,12.401188398061313
18,37,104,3,15.05,11.523317322076275
18,37,104,4,15.2,14.605694635636938
18,37,104,5,12.1,12.472707045891504
18,37,104,6,10.65,10.214927157944164
18,37,104,7,8.75,5.8298235054985295
18,37,104,8,9.8,5.444456379029764
18,37,104,9,8.6,4.913997193838498
19,9,50,0,54.25,30.045360444010758
19,9,50,1,21.85,18.64706834584828
19,9,50,2,11.1,8.296479913033505
19,9,50,3,12.65,11.891062543820576
19,9,50,4,10.4,6.652265146470589
19,9,50,5,11.55,13.476978421308726
19,9,50,6,7.45,4.795557154393286
19,9,50,7,8.25,5.466404572236527
19,9,50,8,7.85,5.304169164564398
19,9,50,9,39.65,49.096333875351625
10,34,77,0,75.7,42.40791882358021
10,34,77,1,37.15,29.046740916921074
10,34,77,2,38.2,40.758079599406784
10,34,77,3,20.25,13.486347872844167
10,34,77,4,22.3,24.753734433839522
10,34,77,5,18.4,13.084341787036902
18,37,104,0,55.75,53.24311173634032
18,37,104,1,17.15,13.643101206335595
18,37,104,2,15.0,11.598548003499133
18,37,104,3,13.25,9.962429422585636
18,37,104,4,15.45,13.307991267616138
18,37,104,5,11.35,7.9820522357810235
18,37,104,6,10.0,8.194992052274493
18,37,104,7,13.5,13.0080946458653
18,37,104,8,7.35,5.018649430400887
18,37,104,9,10.9,8.765362453850292
19,20,50,0,51.3,18.473594241796217
19,20,50,1,14.75,6.46346004779744
19,20,50,2,11.05,8.165878945182106
19,20,50,3,11.0,8.091581069885311
19,20,50,4,7.65,3.4070360633316032
19,20,50,5,10.0,6.06976978666884
19,20,50,6,7.8,5.745478771676862
19,20,50,7,7.45,5.010252646219287
19,20,50,8,6.9,3.1772215601221867
19,20,50,9,71.85,67.9266438694598
10,25,77,0,92.75,51.041649659861115
10,25,77,1,29.6,31.596801970086183
10,25,77,2,28.7,27.593096009118312
10,25,77,3,22.0,19.366275624883254
10,25,77,4,20.35,16.721480040260854
10,25,77,5,14.25,7.002818981253944
18,29,104,0,63.95,33.533133653620546
18,29,104,1,16.35,14.22479303336626
18,29,104,2,9.0,6.6332495807108
18,29,104,3,10.2,6.708988471877818
18,29,104,4,8.55,4.122786487444217
18,29,104,5,8.1,3.9722723180090576
18,29,104,6,7.95,5.744333592424157
18,29,104,7,6.3,2.617753154701063
18,29,104,8,6.85,4.183614654691248
18,29,104,9,7.5,3.5018791947662677
19,20,50,0,62.3,27.034286222849445
19,20,50,1,14.45,9.400307945683705
19,20,50,2,10.2,5.625131577408469
19,20,50,3,9.95,5.7075665383308225
19,20,50,4,11.7,7.637166738357471
19,20,50,5,9.85,5.101857246966152
19,20,50,6,9.45,5.335827267779472
19,20,50,7,8.3,3.714835124201342
19,20,50,8,7.2,5.405650065586834
19,20,50,9,37.25,43.91244278765356
10,25,77,0,86.05,48.44907798807669
10,25,77,1,29.15,24.822050892831477
10,25,77,2,22.65,17.71194957916087
10,25,77,3,25.7,23.631156953212606
10,25,77,4,23.15,19.290780454048917
10,25,77,5,18.0,12.694797939976914
18,29,104,0,55.0,26.594419675840587
18,29,104,1,15.5,11.227316312411768
18,29,104,2,15.4,14.579726370979381
18,29,104,3,10.1,5.693024355805047
18,29,104,4,7.75,3.891623933797466
18,29,104,5,8.65,4.295346318982906
18,29,104,6,7.7,3.5997075904637175
18,29,104,7,7.75,3.905124837953327
18,29,104,8,6.85,4.270769682880421
18,29,104,9,6.75,3.1933318682925256
19,9,50,0,56.2,29.610808837314792
19,9,50,1,17.75,18.660047385284226
19,9,50,2,12.8,10.48608099991804
19,9,50,3,14.75,9.391345399944175
19,9,50,4,6.85,4.837082635334301
19,9,50,5,7.95,6.6922972218262355
19,9,50,6,7.3,4.995787699336522
19,9,50,7,7.05,4.773556546775492
19,9,50,8,8.7,5.027293925217255
19,9,50,9,32.8,31.393261093828134
18,38,104,0,46.6,31.209647631191835
18,38,104,1,18.7,13.599922600398948
18,38,104,2,9.85,5.714938872445572
18,38,104,3,10.5,8.762960326522682
18,38,104,4,12.25,9.92537948366393
18,38,104,5,8.5,3.692096822588544
18,38,104,6,9.4,5.195139428755549
18,38,104,7,9.15,5.132712425424326
18,38,104,8,6.7,3.867543760171577
18,38,104,9,7.2,3.6649118607912547
10,31,77,0,104.8,74.85536931836936
10,31,77,1,36.4,42.04433749970944
10,31,77,2,27.55,18.16727827716634
10,31,77,3,25.9,14.959242874170505
10,31,77,4,26.05,19.329483887792275
10,31,77,5,22.894736842105264,14.46411166701189
18,38,104,0,58.7,34.74432933663609
18,38,104,1,11.05,7.301585984889642
18,38,104,2,12.75,6.315186374713609
18,38,104,3,11.15,6.24310145596511
18,38,104,4,8.2,5.754632001586566
18,38,104,5,8.6,4.345596682426453
18,38,104,6,7.75,4.387482193696061
18,38,104,7,7.85,4.428080254110364
18,38,104,8,7.05,4.795557154393286
18,38,104,9,7.1,5.046103238612627
19,9,50,0,59.35,28.09246949104445
19,9,50,1,17.0,11.0929090674605
19,9,50,2,13.6,12.1888646334526
19,9,50,3,13.95,15.370768566203495
19,9,50,4,7.95,4.729248299009496
19,9,50,5,8.55,5.817170590949738
19,9,50,6,8.95,7.598303134668673
19,9,50,7,7.85,5.47986745901952
19,9,50,8,6.7,5.36165724576391
19,9,50,9,34.5,39.837168574084174
19,15,104,0,40.55,16.50988539601271
19,15,104,1,18.85,23.595885011452403
19,15,104,2,8.45,5.4335701164636045
19,15,104,3,8.7,4.824280693588041
19,15,104,4,7.35,4.637093009520875
19,15,104,5,7.5,4.4426165831931925
19,15,104,6,8.6,7.910020294072043
19,15,104,7,6.45,3.648720035126954
19,15,104,8,6.1,3.4777488181444705
19,15,104,9,22.5,37.51140177543216
10,31,77,0,94.95,49.443721329885435
10,31,77,1,23.55,18.972209593036478
10,31,77,2,21.75,14.3778887257666
10,31,77,3,25.15,26.101572850369724
10,31,77,4,15.4,11.066307328767662
10,31,77,5,13.1,5.90182844103151
19,7,50,0,55.1,21.939869979943865
19,7,50,1,20.0,21.64303704731799
19,7,50,2,14.85,11.974864025159224
19,7,50,3,12.85,13.263622590021411
19,7,50,4,10.75,6.812334015360822
19,7,50,5,9.15,8.75559971194375
19,7,50,6,7.7,3.4197568396167095
19,7,50,7,6.9,3.6692176134343466
19,7,50,8,7.65,3.897029908181763
19,7,50,9,25.6,19.82396210862527
19,15,104,0,54.8,26.804555779313258
19,15,104,1,17.5,12.377823973372278
19,15,104,2,13.6,9.713799191708777
19,15,104,3,11.6,7.148058256764928
19,15,104,4,8.9,6.889351050333903
19,15,104,5,8.9,5.179920747209209
19,15,104,6,7.1,4.3997607590461225
19,15,104,7,9.1,7.195758984875817
19,15,104,8,8.6,7.3584895475262195
19,15,104,9,29.5,40.9691796868149
19,7,50,0,44.55,21.73397776463582
19,7,50,1,19.15,15.822286081413937
19,7,50,2,15.95,12.124247128009747
19,7,50,3,11.5,6.909185343096764
19,7,50,4,10.6,9.59934208271862
19,7,50,5,9.25,6.103277807866852
19,7,50,6,9.4,6.715261487247184
19,7,50,7,7.55,5.325954325159408
19,7,50,8,7.35,4.5453851669346435
19,7,50,9,20.8,26.035603153738297
19,12,104,0,50.8,23.44444721598609
19,12,104,1,15.85,10.509519494249012
19,12,104,2,13.25,10.192231303663021
19,12,104,3,8.85,6.563655913236801
19,12,104,4,9.0,6.206957047497081
19,12,104,5,7.1,6.340346993658944
19,12,104,6,8.15,3.407036063331603
19,12,104,7,5.45,3.3320611607453077
19,12,104,8,6.0,2.7338039817306425
19,12,104,9,18.0,21.691618560851417
10,24,77,0,127.1,52.59267509534203
10,24,77,1,46.3,50.853867006095854
10,24,77,2,21.65,13.103936732705055
10,24,77,3,17.4,7.6392339103369595
10,24,77,4,21.85,16.712034743356593
10,24,77,5,18.6,18.531339031915355
19,17,50,0,51.75,18.278186596682886
19,17,50,1,17.35,15.685309922612973
19,17,50,2,10.2,6.848741720775776
19,17,50,3,10.75,6.87386354243376
19,17,50,4,10.2,8.218080195840336
19,17,50,5,6.75,2.1490511982341367
19,17,50,6,6.8,2.627786741327145
19,17,50,7,7.25,4.399461689558705
19,17,50,8,5.5,3.170588522490323
19,17,50,9,25.85,30.725054066159448
19,12,104,0,60.8,33.752348846140755
19,12,104,1,22.45,20.48227731993018
19,12,104,2,14.8,10.324217824329866
19,12,104,3,9.85,7.110222440816795
19,12,104,4,8.55,4.989198859852942
19,12,104,5,9.35,5.769931131578426
19,12,104,6,10.1,7.89336830243558
19,12,104,7,7.75,4.643898090363764
19,12,104,8,8.4,7.206722008324115
19,12,104,9,13.6,15.156725101072253
10,24,77,0,104.05,43.58714803338491
10,24,77,1,23.6,10.37405671044741
10,24,77,2,24.45,19.715008976598728
10,24,77,3,15.75,10.582383573905416
10,24,77,4,14.9,6.965327664488167
10,24,77,5,14.9,13.062199379567705
19,17,50,0,54.55,21.06000199930015
19,17,50,1,20.55,14.644830235669478
19,17,50,2,13.9,9.94670006108876
19,17,50,3,13.1,9.786671925042805
19,17,50,4,10.55,7.03730660199812
19,17,50,5,8.5,4.696022953409339
19,17,50,6,7.45,4.358597070279911
19,17,50,7,8.15,7.0731144037418945
19,17,50,8,6.3,2.9575950400710087
19,17,50,9,46.25,51.89957407796026
19,1,104,0,45.75,27.606015744093853
19,1,104,1,19.7,27.764232954989904
19,1,104,2,9.35,9.427144457977661
19,1,104,3,8.1,6.120715472453923
19,1,104,4,9.75,7.326053004966518
19,1,104,5,6.05,4.7292482990094955
19,1,104,6,7.05,4.593760069806364
19,1,104,7,6.45,4.198684004354347
19,1,104,8,5.6,3.2831307266724936
19,1,104,9,35.55,41.22144944973238
19,17,50,0,53.1,16.590739331896796
19,17,50,1,12.75,11.410406146191844
19,17,50,2,16.3,12.282207927687406
19,17,50,3,10.55,7.4725814605269125
19,17,50,4,8.75,6.23128777769259
19,17,50,5,8.7,4.70274276073912
19,17,50,6,7.75,4.9190820709816006
19,17,50,7,7.25,4.940434670840422
19,17,50,8,7.65,6.376560696471842
19,17,50,9,32.3,42.787233708444546
19,1,104,0,43.45,25.236721365168613
19,1,104,1,14.0,13.822178973625952
19,1,104,2,10.15,11.046671325264505
19,1,104,3,7.45,5.256324511331188
19,1,104,4,8.55,6.847781046671826
19,1,104,5,8.85,8.646721313520183
19,1,104,6,7.6,4.935371793172435
19,1,104,7,6.9,5.260578315216523
19,1,104,8,7.05,3.734265234568276
19,1,104,9,9.1,15.854270552026106
10,29,77,0,115.9,62.25406349028657
10,29,77,1,39.0,41.98997374060673
10,29,77,2,29.85,28.193457621079027
10,29,77,3,26.6,29.435746260197593
10,29,77,4,14.1,5.290507885280063
10,29,77,5,25.473684210526315,28.906685926063368
19,17,50,0,57.9,23.121873899655686
19,17,50,1,14.8,11.09575547106569
19,17,50,2,12.65,6.53955575507115
19,17,50,3,10.05,7.937088157570926
19,17,50,4,8.95,4.957450533235171
19,17,50,5,7.2,3.650522673463854
19,17,50,6,8.3,4.329823139696659
19,17,50,7,6.85,4.987088592714085
19,17,50,8,6.8,4.060075187273727
19,17,50,9,38.7,64.00748311515493
19,2,104,0,52.3,27.392084911329285
19,2,104,1,13.85,9.085992689733727
19,2,104,2,17.15,11.886635573750796
19,2,104,3,10.2,6.90994706354923
19,2,104,4,10.1,6.544583939974215
19,2,104,5,10.85,7.11762083253874
19,2,104,6,10.1,7.4190366802677215
19,2,104,7,9.7,8.118205661221864
19,2,104,8,8.8,5.405650065586834
19,2,104,9,54.5,55.0258312546313
19,20,50,0,46.15,20.553588494469768
19,20,50,1,17.05,11.180222199091244
19,20,50,2,9.9,7.545650542217229
19,20,50,3,11.85,9.636962832323208
19,20,50,4,8.95,6.1599299380841375
19,20,50,5,7.6,4.345596682426453
19,20,50,6,7.35,3.2326459750489227
19,20,50,7,7.8,4.549146825736147
19,20,50,8,6.5,3.103478523748541
19,20,50,9,27.8,25.44674521633883
10,29,77,0,115.15,51.5223763345393
10,29,77,1,40.95,33.74747553911489
10,29,77,2,37.45,26.880779672276503
10,29,77,3,22.3,12.009206994284801
10,29,77,4,26.65,17.418305555393516
10,29,77,5,18.3,13.203269132660807
19,2,104,0,49.55,22.167959334422996
19,2,104,1,22.7,13.498927832668008
19,2,104,2,10.6,5.604509462547948
19,2,104,3,10.95,8.623560139158549
19,2,104,4,10.75,5.408326913195984
19,2,104,5,8.85,5.060424363315996
19,2,104,6,8.45,4.762518130922802
19,2,104,7,6.9,3.076224617081276
19,2,104,8,7.65,4.0688159405279976
19,2,104,9,38.9,44.3798199754419
19,20,50,0,61.0,25.509544137543173
19,20,50,1,19.1,14.264051244114935
19,20,50,2,16.75,13.498050541506084
19,20,50,3,9.75,6.5684653338588355
19,20,50,4,10.25,11.182105064978174
19,20,50,5,10.7,8.310424651889747
19,20,50,6,10.45,8.684377988815985
19,20,50,7,7.8,4.6180424196269225
19,20,50,8,9.3,13.584433816146449
19,20,50,9,41.1,36.17923219341813
19,8,104,0,53.65,22.396604535885388
19,8,104,1,12.8,8.624323009281428
19,8,104,2,11.55,7.430201527337071
19,8,104,3,10.4,5.932958789676531
19,8,104,4,8.2,3.791958249825683
19,8,104,5,9.75,5.408326913195984
19,8,104,6,9.05,6.030405415366716
19,8,104,7,9.05,4.032434291565019
19,8,104,8,9.3,4.473312678070858
19,8,104,9,36.6,48.20176891272549
19,14,50,0,49.2,24.06919848664416
19,14,50,1,19.6,17.181385275931625
19,14,50,2,14.8,11.325797288073204
19,14,50,3,11.4,9.144454747636896
19,14,50,4,8.7,5.601691473869393
19,14,50,5,8.3,4.473312678070859
19,14,50,6,7.85,4.183614654691248
19,14,50,7,9.5,7.996709849747747
19,14,50,8,7.55,4.322219215561425
19,14,50,9,16.5,17.65905165242907
11,14,77,0,111.1,74.73736471277621
11,14,77,1,44.65,34.47390317327007
11,14,77,2,30.15,15.065733164684476
11,14,77,3,25.2,15.793403019848775
11,14,77,4,22.25,14.04082393743705
11,14,77,5,44.5,40.59491801224696
19,8,104,0,53.75,22.724609891851657
19,8,104,1,14.35,9.23537250267459
19,8,104,2,12.5,14.18857954390376
19,8,104,3,9.6,7.883360223981436
19,8,104,4,9.3,6.7753422908289105
19,8,104,5,10.25,7.447182441419672
19,8,104,6,9.25,7.9860074999635255
19,8,104,7,8.05,4.850122082022918
19,8,104,8,7.75,7.670003087901663
19,8,104,9,47.1,41.05311065847315
19,14,50,0,56.95,22.23907182841662
19,14,50,1,11.4,7.976280626431028
19,14,50,2,12.65,12.881136759250959
19,14,50,3,9.95,6.1769946703793375
19,14,50,4,8.95,6.443887352408197
19,14,50,5,9.3,7.82775090370959
19,14,50,6,6.9,3.354494235938909
19,14,50,7,6.75,3.258591881876523
19,14,50,8,5.5,2.982404540317303
19,14,50,9,21.35,30.088072475038313
19,5,104,0,52.35,26.55337227071862
19,5,104,1,18.15,13.083838966651308
19,5,104,2,16.1,15.092347311416507
19,5,104,3,12.2,7.619918496594097
19,5,104,4,11.4,8.720212455161738
19,5,104,5,11.75,8.21343571934361
19,5,104,6,9.75,6.4553119701203405
19,5,104,7,8.8,5.473380558379081
19,5,104,8,8.5,6.253420116855635
19,5,104,9,23.6,24.13427351081314
11,14,77,0,104.35,93.40701821935855
11,14,77,1,37.35,44.52471223938455
11,14,77,2,28.3,21.521348030563317
11,14,77,3,22.0,15.724603584661104
11,14,77,4,18.833333333333332,10.939674153659025
11,14,77,5,37.666666666666664,34.10192335441783
19,11,50,0,73.1,30.37294502470388
19,11,50,1,13.95,9.605234318630101
19,11,50,2,15.2,12.680693987317888
19,11,50,3,9.7,6.300375928633565
19,11,50,4,8.7,5.151392249214105
19,11,50,5,9.95,7.612144037136006
19,11,50,6,8.8,4.730639213512382
19,11,50,7,7.55,4.2608993367474355
19,11,50,8,8.1,4.587167455321191
19,11,50,9,24.1,37.46703814512726
19,5,104,0,48.75,22.142778316619335
19,5,104,1,23.25,10.774604645329587
19,5,104,2,11.6,7.18477923332227
19,5,104,3,10.55,7.229144231220559
19,5,104,4,9.35,8.64063228680572
19,5,104,5,8.2,5.415377714386476
19,5,104,6,8.55,5.296225070746145
19,5,104,7,6.1,3.669217613434346
19,5,104,8,8.5,6.030623603959343
19,5,104,9,16.25,16.045576534228662
19,11,50,0,56.45,18.972209593036478
19,11,50,1,20.6,16.589153082662175
19,11,50,2,10.55,6.739319034786199
19,11,50,3,11.85,7.631479128203819
19,11,50,4,8.9,4.587167455321191
19,11,50,5,9.25,4.586880604965702
19,11,50,6,9.0,5.628872935705316
19,11,50,7,8.7,4.802411674850131
19,11,50,8,7.45,4.795557154393287
19,11,50,9,25.9,32.95435439641036
11,3,77,0,89.15,53.94761103924905
11,3,77,1,29.7,26.689442028440265
11,3,77,2,26.0,25.571365564672238
11,3,77,3,23.9,21.688949405533442
11,3,77,4,24.31578947368421,19.462364340721663
11,3,77,5,33.578947368421055,48.61905866527113
19,1,104,0,55.35,24.8008382710619
19,1,104,1,21.35,24.65397373756676
19,1,104,2,13.85,11.29636643956109
19,1,104,3,9.55,7.416021063956912
19,1,104,4,7.55,4.071402189599265
19,1,104,5,8.9,5.793826115153231
19,1,104,6,7.75,4.314906841709515
19,1,104,7,7.75,6.248157623188656
19,1,104,8,6.2,3.4427651065600413
19,1,104,9,21.95,33.27947842455658
19,23,50,0,43.4,26.54569050167138
19,23,50,1,17.3,17.535227701011348
19,23,50,2,10.1,6.927443517215462
19,23,50,3,14.25,18.895488183273024
19,23,50,4,9.05,7.810081204510785
19,23,50,5,10.0,10.372027158102751
19,23,50,6,10.6,14.143624191244543
19,23,50,7,8.55,10.318481120377115
19,23,50,8,9.0,9.228103528723661
19,23,50,9,10.85,16.21978973190986
19,1,104,0,41.55,24.09296687067782
19,1,104,1,15.45,19.87718872423732
19,1,104,2,9.1,6.560648234980892
19,1,104,3,11.35,12.499578940276768
19,1,104,4,7.9,6.439189226504905
19,1,104,5,7.4,7.6804605125090335
19,1,104,6,7.2,6.109526642013576
19,1,104,7,7.05,5.083254241547487
19,1,104,8,7.45,5.762629151424036
19,1,104,9,9.15,15.872103962944745
19,23,50,0,55.75,27.06498028624327
19,23,50,1,19.15,20.597074396239154
19,23,50,2,9.95,8.94706655837543
19,23,50,3,8.1,9.043171311460435
19,23,50,4,11.5,13.647826123406498
19,23,50,5,6.85,5.402484808425023
19,23,50,6,6.25,3.8916239337974656
19,23,50,7,6.0,3.2767120876365015
19,23,50,8,7.8,5.356746852531419
19,23,50,9,6.25,5.533391460273851
11,3,77,0,109.3,52.57686103020485
11,3,77,1,41.8,31.331168271597505
11,3,77,2,33.4,32.025318930989265
11,3,77,3,25.8,19.116264774985943
11,3,77,4,21.65,15.156291033585257
11,3,77,5,45.1,72.91660701751947
19,1,104,0,52.35,31.03355569294902
19,1,104,1,14.25,10.22316770354164
19,1,104,2,11.3,9.878738466231937
19,1,104,3,8.45,9.046517212950546
19,1,104,4,8.75,8.662532752273467
19,1,104,5,6.7,3.988140313215514
19,1,104,6,5.65,3.5284557528754705
19,1,104,7,6.3,4.824280693588042
19,1,104,8,6.25,4.832728334791305
19,1,104,9,14.3,28.46808000107082
19,10,50,0,45.1,22.629510309374908
19,10,50,1,15.4,13.160547101089678
19,10,50,2,16.35,13.704686098288846
19,10,50,3,8.2,4.5375625267549236
19,10,50,4,11.2,9.854734368499448
19,10,50,5,8.35,6.2431014559651095
19,10,50,6,11.95,10.659687958304456
19,10,50,7,9.0,7.483314773547882
19,10,50,8,7.7,4.702742760739121
19,10,50,9,32.75,29.613074992751358
19,1,104,0,46.5,24.303995772841876
19,1,104,1,19.7,17.106785357370853
19,1,104,2,11.75,10.587355914635056
19,1,104,3,9.4,6.44327474764845
19,1,104,4,9.7,7.277217513366088
19,1,104,5,7.7,5.487785479925779
19,1,104,6,7.8,4.034065469291037
19,1,104,7,7.8,4.883915599081066
19,1,104,8,7.5,3.1539448982270817
19,1,104,9,34.3,43.511764894227476
19,10,50,0,45.15,18.776455021060144
19,10,50,1,17.4,13.597213336794999
19,10,50,2,12.65,13.796548004559158
19,10,50,3,9.65,6.8076968823608235
19,10,50,4,13.55,16.822525625513325
19,10,50,5,7.6,6.410517673488254
19,10,50,6,8.5,5.155477414209188
19,10,50,7,8.2,5.156498199767991
19,10,50,8,8.45,10.811665240061677
19,10,50,9,17.3,24.25760868155327
19,21,104,0,44.15,27.84973778578251
19,21,104,1,13.35,9.183939070034452
19,21,104,2,13.2,15.99868415641868
19,21,104,3,7.25,3.552241694005572
19,21,104,4,7.75,8.200609733428362
19,21,104,5,7.0,4.735087394291572
19,21,104,6,6.15,4.944694126030447
19,21,104,7,6.95,4.110000640286799
19,21,104,8,7.6,8.394233609730959
19,21,104,9,10.05,17.98676413951454
11,17,77,0,129.0,83.71002580965217
11,17,77,1,36.2,30.141071821126662
11,17,77,2,23.75,18.110407011032724
11,17,77,3,23.2,22.686884687900747
11,17,77,4,14.0,6.735608439675779
11,17,77,5,45.75,55.79744853627176
19,1,50,0,46.5,20.92719208162081
19,1,50,1,21.35,19.85281366774785
19,1,50,2,21.1,22.301522251560367
19,1,50,3,9.9,6.46366361813647
19,1,50,4,8.5,3.4868172789582914
19,1,50,5,9.25,5.8926805624033545
19,1,50,6,8.9,5.36950453462593
19,1,50,7,9.45,6.1599299380841375
19,1,50,8,8.15,5.546691759389935
19,1,50,9,13.8,23.06649426971374
19,21,104,0,44.9,19.086782420248174
19,21,104,1,13.75,10.057073970201534
19,21,104,2,10.6,7.728280260800179
19,21,104,3,7.55,5.062504061076995
19,21,104,4,7.45,6.977218568123577
19,21,104,5,8.75,7.649389380515077
19,21,104,6,8.0,8.052459578486433
19,21,104,7,8.55,7.207269721753534
19,21,104,8,6.85,3.5135077688978096
19,21,104,9,30.3,51.615073277809884
19,13,104,0,50.8,34.29531193986479
19,13,104,1,14.55,15.56133873283063
19,13,104,2,11.05,12.403204170060675
19,13,104,3,10.7,6.5782736497143635
19,13,104,4,7.35,4.283075628809893
19,13,104,5,7.95,5.345681976088148
19,13,104,6,7.65,4.2087002619261025
19,13,104,7,9.1,6.703494768049212
19,13,104,8,7.6,4.649844366382487
19,13,104,9,22.3,25.760230466442074
19,1,50,0,46.5,20.040747963770425
19,1,50,1,21.1,24.26368306315992
19,1,50,2,11.15,8.68922502752388
19,1,50,3,13.8,15.398564526399342
19,1,50,4,8.7,5.939165278936621
19,1,50,5,9.2,6.786984447804256
19,1,50,6,9.45,7.155969168242839
19,1,50,7,8.25,8.465875774636606
19,1,50,8,7.55,4.173538193503394
19,1,50,9,44.2,45.84137409532319
11,17,77,0,128.0,63.01294770876355
11,17,77,1,28.6,19.408082960728667
11,17,77,2,20.75,13.49024989039355
11,17,77,3,18.1,9.323992819884792
11,17,77,4,16.4,9.970482752394162
11,17,77,5,69.4,75.38560521534738
19,13,104,0,41.45,27.730801799101528
19,13,104,1,12.5,10.942433098048312
19,13,104,2,15.2,27.083885284524136
19,13,104,3,6.8,5.925857699412315
19,13,104,4,7.95,5.062504061076995
19,13,104,5,7.7,6.358583092747033
19,13,104,6,6.35,3.6313691777707144
19,13,104,7,7.95,5.124502543251342
19,13,104,8,7.0,5.911629929304831
19,13,104,9,7.2,8.59987760010816
19,9,50,0,44.4,29.715138796314083
19,9,50,1,17.05,15.564720566582281
19,9,50,2,8.4,4.393775501535637
19,9,50,3,11.45,9.063954057578554
19,9,50,4,9.35,6.761150633933313
19,9,50,5,7.7,6.852583070407984
19,9,50,6,6.25,3.024026594146497
19,9,50,7,9.75,10.11967858861348
19,9,50,8,8.1,5.72069189779293
19,9,50,9,22.95,29.351723700841255
19,18,104,0,45.95,24.090782251178233
19,18,104,1,17.05,13.00799349388068
19,18,104,2,12.65,7.400391170315539
19,18,104,3,9.55,6.847781046671826
19,18,104,4,7.3,5.61107926573095
19,18,104,5,8.45,6.073887162530918
19,18,104,6,7.6,3.992097456884433
19,18,104,7,6.85,3.828906673684993
19,18,104,8,5.45,2.762054917705485
19,18,104,9,19.85,24.696633054133642
19,9,50,0,48.65,32.00867481102419
19,9,50,1,17.7,12.191886862301416
19,9,50,2,18.2,24.84181534175158
19,9,50,3,11.5,7.99012548481924
19,9,50,4,11.25,7.22477462769965
19,9,50,5,9.4,7.118545090854332
19,9,50,6,7.4,3.05045294307169
19,9,50,7,8.2,5.207282350102038
19,9,50,8,9.55,7.141244178786541
19,9,50,9,16.4,20.37903979970339
11,13,77,0,96.65,72.24248276318771
11,13,77,1,42.95,50.01312985501644
11,13,77,2,30.35,23.848811070442995
11,13,77,3,29.2,23.266420347562573
11,13,77,4,24.473684210526315,18.17620062075262
11,13,77,5,31.57894736842105,26.868642999008845
19,18,104,0,51.25,24.130947589743496
19,18,104,1,12.6,10.01787875434925
19,18,104,2,9.4,6.3112264218112495
19,18,104,3,8.5,4.861232245775595
19,18,104,4,7.5,4.582575694955839
19,18,104,5,8.05,6.030405415366715
19,18,104,6,6.95,4.639362478889348
19,18,104,7,6.95,4.236122854935307
19,18,104,8,5.95,4.13553280472388
19,18,104,9,23.25,35.72685117298811
19,18,104,0,55.0,22.77117291202791
19,18,104,1,16.1,15.983214879827425
19,18,104,2,13.4,13.993983669683496
19,18,104,3,13.25,15.151428628142106
19,18,104,4,11.2,8.069435511464492
19,18,104,5,10.05,7.401813433562289
19,18,104,6,10.65,8.099870044441584
19,18,104,7,9.75,8.232637231742553
19,18,104,8,10.1,10.823463790351619
19,18,104,9,13.95,17.61421375809291
11,13,77,0,106.7,71.95473723478057
11,13,77,1,28.5,26.63495921963424
11,13,77,2,26.35,22.2267619631925
11,13,77,3,21.65,13.22388190478042
11,13,77,4,17.45,12.167579874403948
11,13,77,5,38.2,30.30303094098883
19,18,104,0,54.55,28.84162744513927
19,18,104,1,14.15,10.839863079345022
19,18,104,2,12.85,9.626033779069626
19,18,104,3,11.1,7.683886078226165
19,18,104,4,9.1,5.270573722890237
19,18,104,5,10.7,8.51067441201744
19,18,104,6,10.9,6.06890261475404
19,18,104,7,8.7,4.437875262116463
19,18,104,8,10.0,5.271572221283754
19,18,104,9,25.8,33.53489933910955
11,23,77,0,107.6,78.69421165097482
11,23,77,1,41.65,47.496564972748565
11,23,77,2,36.6,33.91537456049907
11,23,77,3,26.157894736842106,25.93423982540528
11,23,77,4,20.473684210526315,21.17484991696158
11,23,77,5,17.94736842105263,16.79773028388236
19,11,104,0,48.4,25.82410134983047
19,11,104,1,16.2,11.958700862375876
19,11,104,2,10.95,8.762810171700808
19,11,104,3,9.3,7.101519481587615
19,11,104,4,8.6,5.66986493851949
19,11,104,5,8.45,5.031218331054303
19,11,104,6,8.35,5.6964901474504455
19,11,104,7,6.35,5.060424363315996
19,11,104,8,7.05,3.5314377570019477
19,11,104,9,12.9,16.546266871062517
19,11,104,0,48.55,27.751671357918152
19,11,104,1,19.65,18.94667030877652
19,11,104,2,13.75,11.035230663174815
19,11,104,3,10.25,4.700223958829823
19,11,104,4,11.15,5.869412236331675
19,11,104,5,10.05,7.6809744447597685
19,11,104,6,9.8,5.86335632282578
19,11,104,7,8.7,4.8024116748501315
19,11,104,8,6.55,4.904079934095692
19,11,104,9,25.0,31.469283269144917
11,23,77,0,131.25,87.42447868694563
11,23,77,1,36.3,36.55291766020442
11,23,77,2,35.9,24.322179611470503
11,23,77,3,29.55,24.665072257621382
11,23,77,4,23.57894736842105,17.446157773350315
11,23,77,5,25.0,27.331300737432898
19,12,104,0,48.75,27.619358199792064
19,12,104,1,13.2,8.198844591256682
19,12,104,2,10.3,9.234375139148632
19,12,104,3,9.1,7.939905872436895
19,12,104,4,11.9,11.706498420243257
19,12,104,5,8.0,3.5093859111936108
19,12,104,6,7.15,4.042862456491101
19,12,104,7,7.85,5.612720514950603
19,12,104,8,7.8,5.653131409833147
19,12,104,9,21.3,29.23426252299103
19,12,104,0,58.0,26.074791213777825
19,12,104,1,17.8,11.464361253352427
19,12,104,2,15.75,14.59947727975578
19,12,104,3,10.35,5.489463591856293
19,12,104,4,9.75,5.014452795879652
19,12,104,5,11.55,7.7559824108809545
19,12,104,6,8.55,6.533114031407107
19,12,104,7,7.65,2.5603248149199227
19,12,104,8,7.65,2.7198103649064636
19,12,104,9,25.7,25.9272260882567
11,3,77,0,117.85,61.778275009568645
11,3,77,1,38.0,34.17447493147635
11,3,77,2,31.05,25.25548403187336
11,3,77,3,29.45,23.365460338758687
11,3,77,4,24.6,19.02463776541522
11,3,77,5,48.45,65.38668382058103
19,12,104,0,55.35,27.7835146122755
19,12,104,1,17.9,14.885174538870263
19,12,104,2,11.3,8.15701183677351
19,12,104,3,9.75,5.729655082849321
19,12,104,4,8.8,4.94815223354292
19,12,104,5,8.25,4.8218253804964775
19,12,104,6,9.8,10.221751832553743
19,12,104,7,9.1,4.811171210947769
19,12,104,8,6.35,4.307582054690861
19,12,104,9,12.7,10.316568176839063
11,3,77,0,84.8,48.09923951691194
11,3,77,1,24.8,28.068712681185566
11,3,77,2,27.1,28.119856254779712
11,3,77,3,18.1,14.311938336485676
11,3,77,4,20.1,17.749425491073165
11,3,77,5,29.65,44.87910661461874
19,12,104,0,58.8,40.37795125273718
19,12,104,1,16.75,19.702724898375163
19,12,104,2,13.7,13.006476119711733
19,12,104,3,11.35,8.19675802407654
19,12,104,4,8.75,3.8234043799514037
19,12,104,5,9.0,5.360675526952098
19,12,104,6,8.5,6.692493831466004
19,12,104,7,7.8,4.537562526754923
19,12,104,8,8.6,5.780183934425398
19,12,104,9,25.1,57.11567210494857
19,22,104,0,51.9,19.325194899269114
19,22,104,1,17.5,11.255408056854971
19,22,104,2,7.95,4.058454463410787
19,22,104,3,8.1,3.2589956476772017
19,22,104,4,7.45,3.3003189638515082
19,22,104,5,9.75,5.8747900298425
19,22,104,6,7.55,3.734265234568276
19,22,104,7,8.2,5.237516486596335
19,22,104,8,7.55,2.625281939746262
19,22,104,9,36.8,35.927705186944515
11,3,77,0,103.3,67.3694448935358
11,3,77,1,49.15,57.674472141859304
11,3,77,2,34.65,41.776693326101785
11,3,77,3,31.31578947368421,34.87286852360051
11,3,77,4,16.72222222222222,15.39979203662315
11,3,77,5,37.888888888888886,57.77327785392593
19,22,104,0,52.4,25.365538163338652
19,22,104,1,13.65,7.94239126128702
19,22,104,2,10.85,7.842361352229784
19,22,104,3,10.85,6.838551708781927
19,22,104,4,9.65,4.4517885229008325
19,22,104,5,9.9,6.034113548466706
19,22,104,6,7.3,3.525844430397975
19,22,104,7,7.8,4.479191656397038
19,22,104,8,7.15,4.05585995813465
19,22,104,9,43.75,45.6956464585321
11,3,77,0,108.5,62.69013185166344
11,3,77,1,37.4,28.455690393829382
11,3,77,2,34.4,27.246245516343016
11,3,77,3,20.0,13.564659966250538
11,3,77,4,26.25,15.653736732301669
11,3,77,5,31.2,35.27575580151928
19,13,104,0,63.85,33.473123547108656
19,13,104,1,15.6,14.463747785411636
19,13,104,2,11.15,10.001447263692441
19,13,104,3,11.65,6.776701573075674
19,13,104,4,8.85,4.997631017739673
19,13,104,5,8.55,5.175600651640654
19,13,104,6,8.8,6.566261453344986
19,13,104,7,6.85,3.0309803868159815
19,13,104,8,7.4,4.750623227812492
19,13,104,9,22.2,37.46380709571924
19,13,104,0,52.05,29.36427295738462
19,13,104,1,11.75,10.22316770354164
19,13,104,2,8.35,6.698585868045504
19,13,104,3,10.45,9.304639476598418
19,13,104,4,8.7,8.95074239790668
19,13,104,5,7.95,6.1428178001887535
19,13,104,6,8.4,6.854886846929753
19,13,104,7,7.45,5.67056109727201
19,13,104,8,6.7,4.329823139696659
19,13,104,9,28.35,39.70055680373155
11,10,77,0,96.4,62.92050121927043
11,10,77,1,37.15,30.575661115200422
11,10,77,2,38.8,39.59611889540372
11,10,77,3,27.65,23.68938247623317
11,10,77,4,24.55,20.927129206895657
11,10,77,5,43.3,52.0102216674255
19,1,104,0,51.65,27.587707025908628
19,1,104,1,13.9,10.57255633082279
19,1,104,2,14.45,15.80631119787949
19,1,104,3,9.8,8.108475098380252
19,1,104,4,9.0,5.088687143272345
19,1,104,5,8.7,7.427544752650876
19,1,104,6,7.8,5.9964902015130574
19,1,104,7,6.55,5.13476284493103
19,1,104,8,7.45,5.520059114862716
19,1,104,9,9.1,9.530560264085656
11,10,77,0,94.75,40.5097454161861
11,10,77,1,32.45,20.19764186339844
11,10,77,2,18.5,9.133512611891383
11,10,77,3,19.8,11.910190241089659
11,10,77,4,16.6,12.343334020305944
11,10,77,5,42.5,62.79582621061438
19,1,104,0,54.95,20.309383364139318
19,1,104,1,12.9,10.646966457016859
19,1,104,2,13.5,16.611663625930206
19,1,104,3,12.15,11.212187917384226
19,1,104,4,10.45,6.652858507122294
19,1,104,5,10.35,8.112855295925817
19,1,104,6,10.2,12.902876056380446
19,1,104,7,6.15,3.7735227154756235
19,1,104,8,6.45,4.570788254027734
19,1,104,9,37.35,57.18416692904095
19,22,104,0,54.05,22.113284885359132
19,22,104,1,14.2,9.534425161376785
19,22,104,2,7.9,5.220405307918856
19,22,104,3,6.55,4.2485291572496005
19,22,104,4,9.75,7.025330110243557
19,22,104,5,9.8,8.464165952009559
19,22,104,6,6.95,2.9819633235769176
19,22,104,7,7.35,4.8152717581942515
19,22,104,8,5.9,3.322966334942004
19,22,104,9,38.5,72.09898167030333
11,0,77,0,101.4,60.72145203173345
11,0,77,1,40.95,39.59063552221196
11,0,77,2,29.2,27.727242920997394
11,0,77,3,24.0,15.144914032526946
11,0,77,4,24.45,24.36882175412284
11,0,77,5,84.0,65.7723346096214
19,22,104,0,49.55,18.173071460702218
19,22,104,1,24.2,28.478246545666913
19,22,104,2,18.45,14.551089668004792
19,22,104,3,11.55,8.762810171700808
19,22,104,4,9.35,5.565637051539893
19,22,104,5,9.65,10.95096727282692
19,22,104,6,6.8,4.047091223140523
19,22,104,7,8.6,7.264912068870555
19,22,104,8,7.85,5.612720514950603
19,22,104,9,40.2,48.13970896201355
19,15,104,0,58.2,32.02400415477839
19,15,104,1,17.85,16.79058320042893
19,15,104,2,13.95,16.13911560871843
19,15,104,3,11.35,10.069626031837164
19,15,104,4,13.25,15.416583688728803
19,15,104,5,8.55,4.762518130922802
19,15,104,6,9.1,8.258329128825032
19,15,104,7,8.6,5.393953730067144
19,15,104,8,8.5,5.5677643628300215
19,15,104,9,22.35,38.63632732900067
11,0,77,0,99.95,56.99166605741579
11,0,77,1,46.65,40.92390242234584
11,0,77,2,26.25,21.321782783168757
11,0,77,3,22.6,14.36149823587175
11,0,77,4,23.1,20.736187539762717
11,0,77,5,100.15,95.16538236144486
19,15,104,0,62.05,30.328855462813145
19,15,104,1,12.95,9.011542306222731
19,15,104,2,11.2,6.925163877977337
19,15,104,3,11.15,9.348655968696924
19,15,104,4,8.75,5.865824301565987
19,15,104,5,9.15,5.039580183016501
19,15,104,6,9.05,8.016266357587519
19,15,104,7,7.45,4.61661758159985
19,15,104,8,7.1,5.077297250350924
19,15,104,9,15.65,29.51765751652996
11,14,77,0,95.6,60.18165483722899
11,14,77,1,27.45,20.597585448682803
11,14,77,2,22.9,18.889986208236586
11,14,77,3,23.5,17.242847487398482
11,14,77,4,25.6,24.405348852896548
11,14,77,5,22.95,17.394720917263193
11,14,77,0,100.55,96.117513054539
11,14,77,1,40.0,30.970274372966767
11,14,77,2,30.63157894736842,23.386155748685038
11,14,77,3,23.894736842105264,17.09416644109298
11,14,77,4,23.263157894736842,16.515454396356425
11,14,77,5,18.473684210526315,11.80568799375318
11,7,77,0,95.95,54.287223465369344
11,7,77,1,27.8,29.87975903517296
11,7,77,2,17.4,12.60075185726713
11,7,77,3,23.1,26.932469154105462
11,7,77,4,15.05,15.21244296793357
11,7,77,5,38.05,37.13343648604527
11,7,77,0,118.75,44.870427490251245
11,7,77,1,42.6,49.53510185504289
11,7,77,2,24.55,14.01681321240955
11,7,77,3,24.8,14.270322535358403
11,7,77,4,16.65,11.244998888394786
11,7,77,5,60.0,80.10979308029962
11,19,77,0,84.1,46.50059422370746
11,19,77,1,47.6,56.46647817860378
11,19,77,2,27.05,17.85755037128995
11,19,77,3,17.6,11.334158896659991
11,19,77,4,17.15,14.932391495988636
11,19,77,5,40.8,41.01681298404864
11,19,77,0,109.95,76.0833856958756
11,19,77,1,31.55,26.051517785867457
11,19,77,2,30.95,27.91806621262711
11,19,77,3,27.05,19.02761151589973
11,19,77,4,17.75,9.791913957310308
11,19,77,5,46.4,33.69116704482208
11,5,77,0,116.0,79.89071482837961
11,5,77,1,39.9,23.543688393238106
11,5,77,2,37.85,28.431404060336263
11,5,77,3,24.75,12.358142425564058
11,5,77,4,28.894736842105264,20.994429782000392
11,5,77,5,53.0,57.76773416978643
11,5,77,0,82.25,37.22743046393839
11,5,77,1,36.9,21.52574957433172
11,5,77,2,25.45,19.832124391873325
11,5,77,3,17.6,12.25775801600551
11,5,77,4,18.2,9.768908790001493
11,5,77,5,45.5,49.734558566347744
11,3,77,0,84.65,54.726376782950595
11,3,77,1,30.35,15.09365499316291
11,3,77,2,21.45,11.50960697120362
11,3,77,3,22.05,11.736021920834835
11,3,77,4,20.65,14.875890066250081
11,3,77,5,34.35,49.78720507794833
11,3,77,0,106.15,81.6579998981632
11,3,77,1,53.4,79.99171009680019
11,3,77,2,32.6,34.58992856157319
11,3,77,3,20.95,16.106471402906088
11,3,77,4,19.894736842105264,12.165044352305802
11,3,77,5,31.68421052631579,50.321248694517095
11,22,77,0,109.7,71.18848221447061
11,22,77,1,29.65,21.42618909062851
11,22,77,2,22.95,18.279914199959876
11,22,77,3,21.526315789473685,28.504129176611574
11,22,77,4,16.0,9.333333333333334
11,22,77,5,91.10526315789474,72.840689740497
11,22,77,0,90.65,43.746007336610006
11,22,77,1,31.5,23.67432542250204
11,22,77,2,33.85,23.839981896849363
11,22,77,3,23.6,23.054626205464366
11,22,77,4,17.45,10.550505101403289
11,22,77,5,66.5,69.46525068429236
11,9,77,0,146.95,86.03883761968991
11,9,77,1,44.3,39.36482533537029
11,9,77,2,36.35,23.81347473485061
11,9,77,3,27.65,17.487664825602977
11,9,77,4,24.42105263157895,11.927166886629887
11,9,77,5,38.05263157894737,57.8373905245565
11,9,77,0,80.2,51.055800227223
11,9,77,1,25.8,22.008610755075406
11,9,77,2,30.0,26.471434454998146
11,9,77,3,17.5,13.26054694434426
11,9,77,4,17.55,15.073416823562006
11,9,77,5,46.05,36.00508005092731
11,4,77,0,109.9,54.974539561509744
11,4,77,1,47.05,50.860464430687834
11,4,77,2,24.1,19.097809188215113
11,4,77,3,23.15,24.02252232691997
11,4,77,4,23.3,34.44003178676937
11,4,77,5,58.31578947368421,84.778831629114
11,4,77,0,104.0,45.59547530644957
11,4,77,1,40.95,32.53900493415961
11,4,77,2,27.3,27.355553655326986
11,4,77,3,20.6,15.0101719896174
11,4,77,4,23.6,21.541636550252118
11,4,77,5,61.25,74.52578148039213
11,13,77,0,109.7,68.84238290624843
11,13,77,1,36.2,27.68355012220111
11,13,77,2,24.05,17.47923580167412
11,13,77,3,24.4,17.61398965535484
11,13,77,4,19.35,17.667320411605033
11,13,77,5,33.8,42.541125613000105
11,13,77,0,95.9,61.11412964368603
11,13,77,1,29.7,22.1813102930325
11,13,77,2,27.05,24.61380656631986
11,13,77,3,19.5,13.975542546666452
11,13,77,4,19.85,12.092951405021461
11,13,77,5,32.35,39.02398048164204
11,14,77,0,94.05,55.241550913858504
11,14,77,1,27.3,30.376757042532585
11,14,77,2,18.3,16.072532961219075
11,14,77,3,22.35,18.21299420454355
11,14,77,4,13.1,10.218146912028104
11,14,77,5,57.45,82.03303249943058
11,14,77,0,81.9,56.280219952437434
11,14,77,1,27.05,20.618017159245632
11,14,77,2,29.7,24.365851859561676
11,14,77,3,23.2,21.610426333503682
11,14,77,4,13.35,7.393275750017002
11,14,77,5,53.4,64.08744026718496
11,3,77,0,125.6,107.7923930525712
11,3,77,1,45.94736842105263,46.34229371896155
11,3,77,2,27.157894736842106,17.60764719563866
11,3,77,3,23.31578947368421,16.097110270614646
11,3,77,4,20.842105263157894,14.264420219922236
11,3,77,5,33.166666666666664,41.982139059366666
11,3,77,0,98.6,62.694245517851414
11,3,77,1,23.85,17.640488715034603
11,3,77,2,17.5,12.922847983320086
11,3,77,3,17.65,10.747215061537913
11,3,77,4,14.85,11.150997123221998
11,3,77,5,51.5,72.44707687248962
12,44,77,0,121.3,58.063576770368016
12,44,77,1,48.15,51.92025768324669
12,44,77,2,28.65,22.11280886250034
12,44,77,3,17.6,14.042791745233568
12,44,77,4,20.95,20.384398058577208
12,44,77,5,17.35,14.535890246667313
12,44,77,6,15.2,12.82924291157551
12,44,77,0,101.05,55.23773976853907
12,44,77,1,30.6,36.37726299706858
12,44,77,2,17.55,15.571482030673218
12,44,77,3,15.55,10.5305320503362
12,44,77,4,16.45,11.573449651772165
12,44,77,5,11.95,7.937088157570925
12,44,77,6,13.4,18.056636045043327
12,30,77,0,89.9,67.13999513977062
12,30,77,1,40.2,38.556315613453144
12,30,77,2,18.2,10.841440960742403
12,30,77,3,16.3,9.015191856556704
12,30,77,4,15.55,10.76776378093916
12,30,77,5,13.7,7.8679897787106166
12,30,77,6,14.9,11.764800309218575
12,30,77,0,106.3,53.9474403080394
12,30,77,1,31.95,20.44369675088401
12,30,77,2,31.4,23.315682546980668
12,30,77,3,18.35,11.604332221881167
12,30,77,4,18.1,12.134769531348644
12,30,77,5,23.9,26.865944006649404
12,30,77,6,16.1,12.25131571881589
12,43,77,0,111.25,55.557343538479515
12,43,77,1,28.65,25.196647646692586
12,43,77,2,24.75,16.286497474902333
12,43,77,3,21.5,18.254055064992805
12,43,77,4,24.95,26.196574705785284
12,43,77,5,21.65,14.575664650368436
12,43,77,6,18.75,21.316845327975763
12,43,77,0,119.75,53.99013067706278
12,43,77,1,39.2,36.9474733841664
12,43,77,2,27.8,27.656920709975918
12,43,77,3,20.25,12.242613240128449
12,43,77,4,23.55,23.776315061311262
12,43,77,5,19.63157894736842,15.326848361674175
12,43,77,6,20.68421052631579,20.15785656478758
12,44,77,0,92.5,48.82137150664117
12,44,77,1,36.45,33.96201438449479
12,44,77,2,27.8,23.304844763990264
12,44,77,3,17.9,8.613942186943213
12,44,77,4,19.4,13.291865339768016
12,44,77,5,17.5,9.378025827489102
12,44,77,6,18.95,18.271274550074786
12,44,77,0,91.55,51.214178752208426
12,44,77,1,26.6,20.415164642207053
12,44,77,2,31.95,22.14895744249543
12,44,77,3,21.4,13.031944557408478
12,44,77,4,13.6,8.356529120835301
12,44,77,5,16.65,13.168043454555146
12,44,77,6,13.5,9.162279651978139
12,28,77,0,91.2,55.78303835773965
12,28,77,1,23.85,15.006226777750065
12,28,77,2,21.9,22.589937210136167
12,28,77,3,15.55,9.500554000466998
12,28,77,4,17.9,15.403007225180005
12,28,77,5,15.0,10.120328681993433
12,28,77,6,11.9,7.697573096694007
12,28,77,0,138.1,75.76619159937817
12,28,77,1,36.3,24.965449809897805
12,28,77,2,26.3,19.809885889307097
12,28,77,3,25.35,23.46391406304359
12,28,77,4,21.4,15.899023472163975
12,28,77,5,17.0,11.154418525032085
12,28,77,6,11.789473684210526,4.82561392028023
12,24,77,0,108.05,65.18110397798947
12,24,77,1,41.45,49.61268407426302
12,24,77,2,33.05,45.4480327870253
12,24,77,3,20.65,13.219901265655663
12,24,77,4,14.473684210526315,10.367515619325541
12,24,77,5,17.42105263157895,11.514801052334938
12,24,77,6,16.894736842105264,10.913267851779246
12,24,77,0,100.35,40.449155869144114
12,24,77,1,35.9,29.332755177715395
12,24,77,2,24.9,13.400314214697786
12,24,77,3,22.15,17.57173268274032
12,24,77,4,21.65,29.337016315838756
12,24,77,5,21.1,19.84121176265518
12,24,77,6,17.1,13.84462654644488
12,35,77,0,109.65,59.117434421933254
12,35,77,1,37.2,35.45582870944754
12,35,77,2,21.0,11.639316311988704
12,35,77,3,16.1,11.719978444384704
12,35,77,4,18.6,11.545789845562528
12,35,77,5,20.0,12.065610111735795
12,35,77,6,13.4,8.750338339323319
12,35,77,0,122.4,60.76564126128133
12,35,77,1,40.35,35.452377249369036
12,35,77,2,23.65,18.644245619945103
12,35,77,3,28.5,36.684286037829104
12,35,77,4,19.05,12.832832070410975
12,35,77,5,22.45,16.76611557812207
12,35,77,6,16.6,12.783212675841291
12,27,77,0,96.05,63.36566810771304
12,27,77,1,51.6,53.83737695964335
12,27,77,2,35.15,40.26265737562994
12,27,77,3,28.25,29.064130542827638
12,27,77,4,19.94736842105263,15.823588875861274
12,27,77,5,19.473684210526315,14.953143188910824
12,27,77,6,15.473684210526315,9.697470581162628
12,27,77,0,72.95,36.938747307286675
12,27,77,1,29.75,28.328663185804174
12,27,77,2,24.3,21.839365712786677
12,27,77,3,23.15,25.70945965572738
12,27,77,4,19.05,11.505033223493282
12,27,77,5,19.85,19.15937313555348
12,27,77,6,18.3,17.835800780275726
12,35,77,0,118.3,62.58139962438815
12,35,77,1,37.45,27.01554133613114
12,35,77,2,27.5,11.133165247181621
12,35,77,3,31.7,31.476139668343265
12,35,77,4,21.8,11.241839145283171
12,35,77,5,21.85,10.163272369820554
12,35,77,6,17.473684210526315,12.406845874814579
12,35,77,0,110.5,78.9353499623851
12,35,77,1,28.45,26.021195813777418
12,35,77,2,37.05,45.3773361005133
12,35,77,3,20.3,16.799436080761133
12,35,77,4,22.5,22.575021128392514
12,35,77,5,13.894736842105264,10.016068960770019
12,35,77,6,16.31578947368421,11.115817716604205
12,44,77,0,117.5,55.25491166546097
12,44,77,1,44.5,41.80216564523397
12,44,77,2,27.0,15.352009983266548
12,44,77,3,21.1,13.776027996792875
12,44,77,4,21.5,17.242847487398485
12,44,77,5,13.15,11.31963826835097
12,44,77,6,14.2,12.50936491298882
12,44,77,0,115.35,47.32338356012752
12,44,77,1,38.2,27.50043061863807
12,44,77,2,24.6,11.807223480386467
12,44,77,3,22.65,15.125005437145607
12,44,77,4,25.1,15.43031875374275
12,44,77,5,17.3,13.807320712692881
12,44,77,6,12.4,5.315320458725641
12,37,77,0,95.15,75.27372855469771
12,37,77,1,25.65,18.851985795163664
12,37,77,2,21.5,18.788294228055936
12,37,77,3,21.7,18.076154691223813
12,37,77,4,16.736842105263158,14.65470006237346
12,37,77,5,13.368421052631579,11.56724554899062
12,37,77,6,13.052631578947368,13.006296271039595
12,37,77,0,94.9,90.3483900185685
12,37,77,1,25.8,19.70733232501094
12,37,77,2,21.95,17.273268060030915
12,37,77,3,21.8,17.902072799715565
12,37,77,4,17.789473684210527,13.842683375738089
12,37,77,5,16.526315789473685,12.438151082021045
12,37,77,6,18.789473684210527,16.345502090682047
12,30,77,0,87.1,48.050302589550554
12,30,77,1,22.05,18.178862798084452
12,30,77,2,24.8,23.57652713142772
12,30,77,3,28.55,35.26810845061315
12,30,77,4,16.6,12.4790350504145
12,30,77,5,15.65,13.25965388132856
12,30,77,6,15.95,12.504630721204213
12,30,77,0,107.35,76.95061642651768
12,30,77,1,28.25,17.48646092808587
12,30,77,2,23.65,13.263622590021413
12,30,77,3,26.9,18.263855591102104
12,30,77,4,21.05,13.728475976290264
12,30,77,5,22.95,17.018488398457162
12,30,77,6,23.4,18.394507189290017
12,46,77,0,92.7,50.700461951596296
12,46,77,1,26.9,22.571290567770752
12,46,77,2,32.3,29.254059547351716
12,46,77,3,38.4,68.54149722690089
12,46,77,4,16.55,12.167579874403948
12,46,77,5,14.55,11.975743027162514
12,46,77,6,14.2,7.606091741423276
12,46,77,0,102.9,48.94669495858143
12,46,77,1,45.55,41.705073527027096
12,46,77,2,29.7,24.098700554616062
12,46,77,3,30.6,32.17125228654008
12,46,77,4,16.5,9.417229450656695
12,46,77,5,24.5,26.92191437628852
12,46,77,6,18.0,16.18966531951463
12,32,77,0,102.3,68.9577292335865
12,32,77,1,36.15,31.82894247296583
12,32,77,2,31.75,32.497570759414586
12,32,77,3,19.9,18.18588232089589
12,32,77,4,16.0,8.919392106839767
12,32,77,5,17.473684210526315,9.946347297445604
12,32,77,6,16.05263157894737,10.085598556635796
12,32,77,0,90.35,47.49545684644619
12,32,77,1,29.3,25.371139841207473
12,32,77,2,25.4,19.57549488518745
12,32,77,3,23.25,14.739402972983676
12,32,77,4,19.9,14.20118601422171
12,32,77,5,21.2,15.150473329413282
12,32,77,6,17.8,11.976292370653299
12,31,77,0,106.0,65.32268083582416
12,31,77,1,32.8,29.987014733573915
12,31,77,2,25.1,19.506813924208235
12,31,77,3,26.85,32.3326053453948
12,31,77,4,15.0,8.577817168045788
12,31,77,5,14.4,5.519343973221531
12,31,77,6,17.35,10.434129222488043
12,31,77,0,106.75,54.36221113972462
12,31,77,1,30.55,23.833799529239982
12,31,77,2,28.6,23.20707696054442
12,31,77,3,26.0,19.957850321958126
12,31,77,4,15.65,11.18869260035609
12,31,77,5,12.7,6.837204722768847
12,31,77,6,13.25,7.7519097816704425
12,45,77,0,87.75,50.542191858829554
12,45,77,1,51.6,60.00561377246738
12,45,77,2,26.05,15.732885438168243
12,45,77,3,25.75,17.879347097463572
12,45,77,4,20.3,11.684898035723855
12,45,77,5,17.842105263157894,12.280350872180307
12,45,77,6,15.894736842105264,8.48459215835194
12,45,77,0,82.0,66.1632749141729
12,45,77,1,19.45,11.944939470226227
12,45,77,2,19.8,17.872648906845576
12,45,77,3,14.35,8.707377392339875
12,45,77,4,18.55,13.351424130623274
12,45,77,5,19.05,20.148070300703868
12,45,77,6,13.368421052631579,8.610139541492728
12,45,77,0,82.45,42.63612873707239
12,45,77,1,23.95,32.470999206579464
12,45,77,2,22.5,19.332274623159666
12,45,77,3,17.2,14.500816673916209
12,45,77,4,14.8,8.745525171555784
12,45,77,5,13.75,8.583184294396744
12,45,77,6,12.2,6.3874877690685254
12,45,77,0,93.7,45.84883629356021
12,45,77,1,39.8,51.46444863868854
12,45,77,2,23.05,19.562248821323394
12,45,77,3,21.95,21.453683280867867
12,45,77,4,23.85,16.715183768689254
12,45,77,5,16.842105263157894,8.719474741409707
12,45,77,6,15.0,10.317191693694774
12,46,77,0,113.95,73.77738563800528
12,46,77,1,35.25,25.026039070914667
12,46,77,2,25.8,15.340349272082227
12,46,77,3,23.1,14.707320053561585
12,46,77,4,23.95,15.846218210631436
12,46,77,5,21.0,11.548524626662559
12,46,77,6,17.2,10.097420202053694
12,46,77,0,63.35,27.001510678985507
12,46,77,1,32.55,26.925775168433923
12,46,77,2,30.15,25.340367213722768
12,46,77,3,27.7,30.033490078840146
12,46,77,4,19.45,13.609110725423688
12,46,77,5,19.9,14.570698787563167
12,46,77,6,20.45,15.968637024525687
12,44,77,0,108.15,52.100383875745095
12,44,77,1,38.75,39.692071328110224
12,44,77,2,25.4,16.36234444660892
12,44,77,3,29.2,30.471038881638343
12,44,77,4,17.2,10.440810615837714
12,44,77,5,19.842105263157894,15.395753952505277
12,44,77,6,15.105263157894736,10.413104654137097
12,44,77,0,111.1,48.47451853673661
12,44,77,1,37.55,36.684250169879654
12,44,77,2,23.8,13.268879300631868
12,44,77,3,26.05,27.58999628011649
12,44,77,4,17.8,11.825930474129608
12,44,77,5,18.105263157894736,8.633878598238615
12,44,77,6,17.210526315789473,10.212078618361803
12,40,77,0,115.8,75.8284768061237
12,40,77,1,31.8,20.892204539643867
12,40,77,2,26.45,18.351753107135654
12,40,77,3,22.45,12.605241182268504
12,40,77,4,25.55,23.96592976443193
12,40,77,5,24.25,19.560634474695128
12,40,77,6,12.894736842105264,7.894405451134404
12,40,77,0,90.55,83.9789917338353
12,40,77,1,42.55,45.70094436430689
12,40,77,2,28.0,27.77730993758073
12,40,77,3,21.35,16.19380973348182
12,40,77,4,17.263157894736842,13.871802355310406
12,40,77,5,13.578947368421053,9.702896414494456
12,40,77,6,13.055555555555555,9.02592489783944
13,21,77,0,88.7,58.47725603757593
13,21,77,1,29.15,25.32582414100383
13,21,77,2,28.6,22.825193836728097
13,21,77,3,18.25,10.701082089898053
13,21,77,4,17.55,10.590338198466313
13,21,77,5,17.65,9.964542401091878
13,21,77,6,27.55,56.97319314240782
13,21,77,0,84.4,67.06901394518148
13,21,77,1,33.15,28.079351844371335
13,21,77,2,21.3,16.939831602965896
13,21,77,3,23.4,18.345801183176263
13,21,77,4,21.55,17.762986353947536
13,21,77,5,20.05,19.698984745412645
13,21,77,6,52.05263157894737,67.19827517975817
13,19,77,0,113.8,63.93055442801731
13,19,77,1,41.75,34.883075371423615
13,19,77,2,24.45,26.228700631981475
13,19,77,3,22.95,16.145636529643802
13,19,77,4,16.85,12.666885963013957
13,19,77,5,18.15,14.463292920537258
13,19,77,6,44.55,49.72818220348656
13,19,77,0,117.15,67.62145019382376
13,19,77,1,52.25,46.00100113327054
13,19,77,2,33.55,19.930075131239274
13,19,77,3,29.85,33.79703350420285
13,19,77,4,21.6,17.406592822382287
13,19,77,5,21.05263157894737,13.918308023808569
13,19,77,6,38.94736842105263,54.64885246758062
13,21,77,0,100.15,80.2097743092252
13,21,77,1,35.3,34.05119983974597
13,21,77,2,25.8,23.727842850031468
13,21,77,3,23.05,19.258559272779415
13,21,77,4,22.4,16.633510880464364
13,21,77,5,21.3,20.46588946464207
13,21,77,6,30.25,31.42723425043284
13,21,77,0,91.9,55.37042722000902
13,21,77,1,24.1,15.707524177586794
13,21,77,2,24.2,20.00684093530326
13,21,77,3,21.95,19.656189597012034
13,21,77,4,22.95,22.5376293527537
13,21,77,5,20.1,18.845354027479893
13,21,77,6,29.3,43.88393783606936
13,10,77,0,89.1,48.746281909495416
13,10,77,1,49.7,38.23762269641883
13,10,77,2,23.75,12.438797538770633
13,10,77,3,24.55,25.174078146504506
13,10,77,4,20.25,15.008331019803634
13,10,77,5,17.1,12.345465820121552
13,10,77,6,57.35,60.87456905715832
13,10,77,0,104.3,64.49732756601543
13,10,77,1,35.65,39.562442317244056
13,10,77,2,26.95,20.02229021024213
13,10,77,3,33.8421052631579,37.714222424695635
13,10,77,4,21.63157894736842,17.679902357434585
13,10,77,5,22.526315789473685,24.026301377755523
13,10,77,6,42.44444444444444,45.98237798295474
13,13,77,0,90.0,58.832500863848516
13,13,77,1,36.25,24.983942211369534
13,13,77,2,29.3,25.32961653251408
13,13,77,3,25.4,18.471599822430107
13,13,77,4,24.1,20.240397333316515
13,13,77,5,22.6,14.262206221892512
13,13,77,6,27.7,19.668569637341385
13,13,77,0,81.2,57.70031469402463
13,13,77,1,44.05,56.9685739776996
13,13,77,2,29.2,27.323789519102405
13,13,77,3,26.6,21.07979826129373
13,13,77,4,22.263157894736842,17.58421674009318
13,13,77,5,21.736842105263158,15.598582931589787
13,13,77,6,47.611111111111114,52.34966024822487
13,0,77,0,129.5,63.26094662918863
13,0,77,1,33.0,23.208437667093584
13,0,77,2,27.0,25.608386784102787
13,0,77,3,29.65,30.67876858847602
13,0,77,4,29.35,21.714111346747472
13,0,77,5,19.45,16.860027470789884
13,0,77,6,69.10526315789474,73.18689525746326
13,0,77,0,110.75,43.329672584913325
13,0,77,1,39.15,46.49762302923044
13,0,77,2,24.85,16.291021098171
13,0,77,3,24.1,33.978166364206366
13,0,77,4,18.0,9.481283501831662
13,0,77,5,16.5,11.82993526698488
13,0,77,6,111.15,105.24521491810398
13,5,77,0,97.6,50.046715019175096
13,5,77,1,35.95,24.95780649943336
13,5,77,2,21.55,11.686587003461435
13,5,77,3,26.0,27.226148421962602
13,5,77,4,21.25,20.84497920111068
13,5,77,5,15.85,10.737416135325942
13,5,77,6,33.55,31.081344887247077
13,5,77,0,110.9,49.37600098918715
13,5,77,1,33.35,31.030163593374414
13,5,77,2,22.6,15.994735976169423
13,5,77,3,17.1,10.171684122835158
13,5,77,4,17.6,12.737842500947613
13,5,77,5,14.4,11.334158896659993
13,5,77,6,23.95,22.917414660839082
13,0,77,0,115.1,56.407259704477944
13,0,77,1,38.3,38.96705761213398
13,0,77,2,23.9,17.22269005212539
13,0,77,3,28.45,29.195304236703617
13,0,77,4,22.35,27.52467792249061
13,0,77,5,17.95,12.914598023371195
13,0,77,6,83.9,82.44609083963195
13,0,77,0,93.75,37.92912365257905
13,0,77,1,29.35,22.055611530855362
13,0,77,2,24.25,22.296742740636024
13,0,77,3,21.9,19.267917157257745
13,0,77,4,21.05,17.4098429510133
13,0,77,5,14.4,9.965202614994576
13,0,77,6,81.75,70.7634123422252
13,21,77,0,104.85,78.41138142414087
13,21,77,1,26.6,22.581781198684553
13,21,77,2,20.75,13.078206057568083
13,21,77,3,16.45,14.532993316479645
13,21,77,4,20.35,25.148558606806873
13,21,77,5,15.3,12.109587328359208
13,21,77,6,71.3,79.71336809238196
13,21,77,0,98.7,78.55946457101277
13,21,77,1,26.35,18.542341304501747
13,21,77,2,22.1,14.204891670421885
13,21,77,3,19.2,13.085146259464544
13,21,77,4,19.2,15.823367131189904
13,21,77,5,19.8,16.79473601741739
13,21,77,6,24.2,36.54643765489542
13,2,77,0,107.15,51.773062493926325
13,2,77,1,41.95,42.68671061534133
13,2,77,2,35.6,28.416822297253507
13,2,77,3,31.35,21.53155578997584
13,2,77,4,23.25,17.56454263266587
13,2,77,5,23.1,16.127452893811387
13,2,77,6,74.8,62.14549990059406
13,2,77,0,112.2,57.615421912065024
13,2,77,1,30.65,25.01215493988557
13,2,77,2,30.2,30.53488083108269
13,2,77,3,26.0,21.001253095445218
13,2,77,4,15.5,12.356545250445844
13,2,77,5,14.4,11.744651638310229
13,2,77,6,83.5,63.1218537517129
13,16,77,0,90.2,65.65988922189541
13,16,77,1,27.45,21.649054920420166
13,16,77,2,21.25,14.249192036189648
13,16,77,3,15.5,10.605361107031023
13,16,77,4,13.3,6.25846794771944
13,16,77,5,12.15,8.07383688869568
13,16,77,6,31.1,49.66932761033873
13,16,77,0,112.95,51.87279481679451
13,16,77,1,37.45,33.66784347430833
13,16,77,2,31.3,36.275408518139315
13,16,77,3,25.85,16.968314123993764
13,16,77,4,14.2,5.89915248150105
13,16,77,5,14.1,9.066421565314508
13,16,77,6,23.210526315789473,23.00381356637397
13,3,77,0,91.95,42.317689470306185
13,3,77,1,30.2,20.093465814066338
13,3,77,2,29.8,24.410092822005968
13,3,77,3,31.45,30.439716092458447
13,3,77,4,21.35,13.164045930608033
13,3,77,5,16.6,10.60982662688847
13,3,77,6,40.5,62.29513793649
13,3,77,0,92.6,80.42282996107117
13,3,77,1,37.35,52.68703525736219
13,3,77,2,24.4,25.950154649169043
13,3,77,3,18.63157894736842,11.581645087118522
13,3,77,4,15.333333333333334,10.732030124269839
13,3,77,5,12.88888888888889,9.761201040427043
13,3,77,6,71.27777777777777,87.045495579344
13,9,77,0,118.05,71.35712629922965
13,9,77,1,36.85,26.053133966447955
13,9,77,2,27.65,16.99930339130029
13,9,77,3,26.1,15.528920388135573
13,9,77,4,21.75,12.78928416580397
13,9,77,5,23.25,14.83904877076198
13,9,77,6,42.8,38.556315613453144
13,9,77,0,104.0,72.85024292846829
13,9,77,1,27.25,21.96138956393578
13,9,77,2,22.85,15.36323362344077
13,9,77,3,32.0,51.27839393166021
13,9,77,4,17.157894736842106,15.899906211794448
13,9,77,5,15.894736842105264,10.386394609413612
13,9,77,6,51.78947368421053,47.75118258846047
13,21,77,0,92.05,60.74144947406611
13,21,77,1,30.2,25.757165584500335
13,21,77,2,29.0,30.255056123772626
13,21,77,3,15.4,12.445248512035256
13,21,77,4,16.85,12.066809633736753
13,21,77,5,14.25,8.807144229185997
13,21,77,6,51.3,70.04066488006882
13,21,77,0,86.1,69.81320942720164
13,21,77,1,27.8,20.808904976374645
13,21,77,2,20.8,14.799004233927004
13,21,77,3,24.7,19.483056066341607
13,21,77,4,20.85,14.907698470394768
13,21,77,5,22.05,17.279360977463075
13,21,77,6,22.68421052631579,29.565469031698576
13,16,77,0,113.4,58.470325357128125
13,16,77,1,37.35,32.1808622435267
13,16,77,2,19.3,12.118276757812861
13,16,77,3,18.75,12.362400550395584
13,16,77,4,20.9,13.556509409446853
13,16,77,5,20.05,14.999912280445262
13,16,77,6,41.5,66.6668859645516
13,16,77,0,108.0,57.33374132861767
13,16,77,1,39.25,28.991604955482146
13,16,77,2,32.7,28.213658506400574
13,16,77,3,29.7,37.076166269763625
13,16,77,4,24.25,21.795400287313157
13,16,77,5,18.85,11.070468064083594
13,16,77,6,43.15,82.91992015128052
13,1,77,0,122.25,75.7988161274026
13,1,77,1,34.2,24.388521890430344
13,1,77,2,28.2,19.367906171646027
13,1,77,3,21.4,12.688162738718736
13,1,77,4,24.5,18.24828759089466
13,1,77,5,18.35,12.088598368972136
13,1,77,6,22.9,32.95754845251691
13,1,77,0,79.15,48.629939878963235
13,1,77,1,32.2,33.90947701718425
13,1,77,2,24.75,22.68752265476613
13,1,77,3,22.15,22.214919121593656
13,1,77,4,22.45,22.42056152167845
13,1,77,5,15.45,10.505512337515206
13,1,77,6,28.68421052631579,43.2885058282462
13,7,77,0,100.95,51.848438031591556
13,7,77,1,41.3,50.356727455226874
13,7,77,2,28.8,35.543301982082
13,7,77,3,18.894736842105264,15.121341566151925
13,7,77,4,17.36842105263158,10.584110345837553
13,7,77,5,15.105263157894736,9.468630880979251
13,7,77,6,47.89473684210526,45.030723754691586
13,7,77,0,111.5,62.91472926028321
13,7,77,1,48.75,57.96811737135291
13,7,77,2,25.157894736842106,13.873488537874184
13,7,77,3,27.05263157894737,18.71266262962218
13,7,77,4,23.894736842105264,14.460270232768073
13,7,77,5,18.05263157894737,8.99057336084441
13,7,77,6,39.421052631578945,45.05221142614383
13,16,77,0,110.45,48.636649598944686
13,16,77,1,43.95,38.22161829728247
13,16,77,2,36.9,32.904806879686646
13,16,77,3,25.7,28.166983284839382
13,16,77,4,25.65,18.812859543687832
13,16,77,5,22.55,15.435690017481871
13,16,77,6,27.4,29.312113536898018
13,16,77,0,86.2,53.64660189365998
13,16,77,1,23.5,14.947275759534879
13,16,77,2,26.15,30.08457377041211
13,16,77,3,34.15,41.72500827788382
13,16,77,4,23.5,26.446569770606903
13,16,77,5,16.6,10.414564700204078
13,16,77,6,18.61111111111111,21.450733948471427
13,17,77,0,105.15,39.34232353398349
13,17,77,1,47.35,54.08596957865467
13,17,77,2,31.4,25.666689450889866
13,17,77,3,22.75,16.60334462183987
13,17,77,4,16.85,9.062792645002743
13,17,77,5,20.3,16.670490789352748
13,17,77,6,36.25,39.20106738611241
13,17,77,0,103.9,47.079887313731795
13,17,77,1,28.6,17.485031192121838
13,17,77,2,20.05,15.909199589512584
13,17,77,3,14.7,8.742515596060919
13,17,77,4,14.3,11.136001361161442
13,17,77,5,19.6,16.37199148738961
13,17,77,6,53.85,56.938817579647896
13,20,77,0,118.7,49.558152975224864
13,20,77,1,43.25,28.574694362227863
13,20,77,2,25.45,12.999898785031082
13,20,77,3,29.45,19.995986439388542
13,20,77,4,28.9,23.119597519716564
13,20,77,5,18.25,10.582383573905414
13,20,77,6,85.3,78.36090593495821
13,20,77,0,126.35,67.03202298352004
13,20,77,1,27.8,18.543263779037048
13,20,77,2,25.5,11.975852897876583
13,20,77,3,21.85,13.195992214544376
13,20,77,4,17.7,10.438289837748428
13,20,77,5,22.45,17.346241819574576
13,20,77,6,69.2,78.45186254539853
14,39,77,0,103.8,74.76672493759999
14,39,77,1,37.75,37.405143187028514
14,39,77,2,24.15,19.40503190303728
14,39,77,3,17.95,12.227987741673864
14,39,77,4,14.95,9.843378752397872
14,39,77,5,14.85,10.559480649110892
14,39,77,6,12.35,9.804805481309447
14,39,77,7,11.75,8.632100433540892
14,39,77,0,96.25,71.90701232183571
14,39,77,1,41.85,51.41193287657315
14,39,77,2,32.05263157894737,19.670829175910104
14,39,77,3,30.473684210526315,39.87392411791701
14,39,77,4,22.42105263157895,13.845640266378616
14,39,77,5,23.736842105263158,14.681212882316858
14,39,77,6,22.0,13.674794331177342
14,39,77,7,24.105263157894736,17.650605078838595
14,29,77,0,111.9,60.93732759759688
14,29,77,1,28.65,18.879883474216676
14,29,77,2,20.55,11.450005745804122
14,29,77,3,18.7,11.272229499736813
14,29,77,4,17.7,10.321668571760243
14,29,77,5,17.75,11.924653807178332
14,29,77,6,19.25,11.054291855250277
14,29,77,7,15.35,9.39358683806194
14,29,77,0,90.35,37.50968296039668
14,29,77,1,34.1,26.281672621609793
14,29,77,2,20.5,22.208343619364985
14,29,77,3,19.35,19.06574497833608
14,29,77,4,17.5,15.517392618742702
14,29,77,5,12.5,7.7629348763684
14,29,77,6,12.5,9.746794344808963
14,29,77,7,11.3,7.448772417406494
14,35,77,0,89.05,45.43529233397408
14,35,77,1,40.5,35.006014520815974
14,35,77,2,29.15,20.032276587127033
14,35,77,3,25.9,15.834339764874116
14,35,77,4,24.5,19.364916731037084
14,35,77,5,27.789473684210527,27.31621201038847
14,35,77,6,19.263157894736842,9.278661932167912
14,35,77,7,14.31578947368421,5.821918656431509
14,35,77,0,108.35,67.78159585641302
14,35,77,1,36.0,27.78299366234865
14,35,77,2,25.75,17.161385663597702
14,35,77,3,21.05,11.582541308274912
14,35,77,4,25.4,20.428050889840044
14,35,77,5,18.8,11.817026075250823
14,35,77,6,20.36842105263158,13.379962324792455
14,35,77,7,18.68421052631579,11.851172616988618
14,30,77,0,90.0,73.26807303536643
14,30,77,1,28.5,21.357853233338833
14,30,77,2,28.1,25.53202323605232
14,30,77,3,19.2,14.937060938273104
14,30,77,4,18.75,12.581837368959567
14,30,77,5,14.210526315789474,11.252550068359424
14,30,77,6,13.88888888888889,8.23113807361583
14,30,77,7,13.11111111111111,7.954938450524553
14,30,77,0,101.85,78.14714528240603
14,30,77,1,24.45,13.449613573004909
14,30,77,2,20.1,14.141763457370175
14,30,77,3,17.5,7.646808759902807
14,30,77,4,19.36842105263158,13.81710102379491
14,30,77,5,15.526315789473685,8.275589412057553
14,30,77,6,15.473684210526315,12.047906323657473
14,30,77,7,16.36842105263158,13.487486077907713
14,30,77,0,94.2,54.64680854551825
14,30,77,1,32.7,26.509382648810448
14,30,77,2,22.3,12.070407484509596
14,30,77,3,20.2,10.262860994355993
14,30,77,4,25.0,18.04380634368539
14,30,77,5,17.35,11.703688127657609
14,30,77,6,20.8,15.5346810649422
14,30,77,7,15.2,9.567488808734671
14,30,77,0,100.8,46.10468636986003
14,30,77,1,20.95,8.678315383456448
14,30,77,2,18.35,9.343024417347838
14,30,77,3,17.45,9.681642966269505
14,30,77,4,16.0,8.397994748121343
14,30,77,5,15.65,7.04328721101462
14,30,77,6,13.7,10.413048494430843
14,30,77,7,12.95,8.780810416980165
14,44,77,0,103.55,51.61545566163196
14,44,77,1,40.45,27.821754078418564
14,44,77,2,39.15,51.74662460387862
14,44,77,3,26.35,31.9510727931251
14,44,77,4,26.94736842105263,20.04016434898933
14,44,77,5,18.63157894736842,14.784415692492585
14,44,77,6,17.77777777777778,16.44440028257628
14,44,77,7,13.294117647058824,9.700288049088755
14,44,77,0,107.75,43.76837959796523
14,44,77,1,33.2,19.343433538351757
14,44,77,2,31.25,18.696678567961854
14,44,77,3,21.2,10.933290543348017
14,44,77,4,22.05,13.697771620538177
14,44,77,5,18.55,10.811665240061675
14,44,77,6,18.45,10.096768633682029
14,44,77,7,18.75,12.916228062728726
14,30,77,0,83.45,39.074119850679466
14,30,77,1,29.95,18.72368328586749
14,30,77,2,25.6,13.327454844477208
14,30,77,3,27.85,33.4715511567974
14,30,77,4,25.65,16.553819721394248
14,30,77,5,17.55,9.779005438612918
14,30,77,6,19.3,13.408952233489385
14,30,77,7,19.9,15.234655783512315
14,30,77,0,98.85,56.45704002532414
14,30,77,1,34.45,30.548451593114212
14,30,77,2,29.25,25.729104961215867
14,30,77,3,27.25,23.192274121943463
14,30,77,4,18.35,12.410839913898698
14,30,77,5,17.55,10.669558270341398
14,30,77,6,13.15,6.799961300199476
14,30,77,7,13.45,7.653516563611376
14,32,77,0,89.4,53.721895957450705
14,32,77,1,38.25,41.29594729701566
14,32,77,2,25.55,26.765010544994823
14,32,77,3,19.15,11.277714400766811
14,32,77,4,21.1,23.010066446986563
14,32,77,5,18.3,12.422814326450899
14,32,77,6,19.0,22.07880622249596
14,32,77,7,14.25,9.716372509164215
14,32,77,0,100.6,52.44786885440076
14,32,77,1,44.3,38.10249335673455
14,32,77,2,42.2,50.12573663981618
14,32,77,3,21.894736842105264,14.47562985327833
14,32,77,4,20.42105263157895,20.511015440147396
14,32,77,5,15.555555555555555,9.017774749787693
14,32,77,6,14.88888888888889,18.25598657294735
14,32,77,7,14.5,7.717436331412898
14,26,77,0,101.4,67.79489190507684
14,26,77,1,41.8,43.32933854730958
14,26,77,2,22.9,19.297940986431414
14,26,77,3,25.85,23.773658576358482
14,26,77,4,22.05,16.06065804511463
14,26,77,5,20.3,14.183385387580483
14,26,77,6,14.526315789473685,10.161848153497317
14,26,77,7,14.777777777777779,11.191149631086143
14,26,77,0,102.15,50.054996070112196
14,26,77,1,29.1,25.50727450417976
14,26,77,2,39.7,58.746646040881615
14,26,77,3,23.1,15.095834211010525
14,26,77,4,20.2,21.429443591273643
14,26,77,5,17.05263157894737,8.891154681982952
14,26,77,6,13.157894736842104,7.00208824323729
14,26,77,7,12.631578947368421,6.881622275757281
14,43,77,0,110.95,50.52198583420468
14,43,77,1,43.45,36.02261716433748
14,43,77,2,26.85,14.618931489501442
14,43,77,3,25.2,13.332192933686963
14,43,77,4,22.7,13.518408501782028
14,43,77,5,21.95,9.773621857352898
14,43,77,6,23.15,17.700059470610764
14,43,77,7,16.3,8.105228981472719
14,43,77,0,104.95,68.24451009344807
14,43,77,1,40.55,37.75331982613896
14,43,77,2,25.65,22.66059645240935
14,43,77,3,21.3,14.131338819874967
14,43,77,4,23.1,21.906259619714085
14,43,77,5,13.5,11.527997954636584
14,43,77,6,14.05,8.94118207185746
14,43,77,7,12.15,6.937882279652473
14,24,77,0,96.7,48.19270527896585
14,24,77,1,33.55,23.643125183043225
14,24,77,2,46.85,58.41347627496857
14,24,77,3,29.45,23.148206705578954
14,24,77,4,23.85,12.550005242188043
14,24,77,5,25.7,21.623817278274675
14,24,77,6,14.4,7.486127521165926
14,24,77,7,20.85,14.900635804166917
14,24,77,0,105.45,55.62702391350524
14,24,77,1,37.4,35.45701623092389
14,24,77,2,26.6,19.389090801408486
14,24,77,3,29.5,19.940701566077568
14,24,77,4,31.1,32.144247254819135
14,24,77,5,24.95,20.80858881378198
14,24,77,6,19.6,19.307484231986855
14,24,77,7,15.75,10.929799921123418
14,44,77,0,100.7,69.26083422753972
14,44,77,1,31.3,24.192430308063848
14,44,77,2,28.1,19.981307053817762
14,44,77,3,20.65,15.83226219830222
14,44,77,4,18.7,17.122161693332757
14,44,77,5,18.95,15.682625317277246
14,44,77,6,16.2,15.699815620774526
14,44,77,7,13.473684210526315,9.323616495834838
14,44,77,0,87.95,54.51264942532532
14,44,77,1,46.35,36.615031425847356
14,44,77,2,30.85,23.079439471438416
14,44,77,3,17.3,13.298595097939758
14,44,77,4,19.95,12.21937633002343
14,44,77,5,22.85,20.08213398180477
14,44,77,6,18.25,10.891208429399907
14,44,77,7,16.9,10.63212609326836
14,33,77,0,95.85,54.29769307884278
14,33,77,1,40.2,43.810116591826976
14,33,77,2,24.85,29.17691048180321
14,33,77,3,18.85,12.19264230246215
14,33,77,4,23.05,16.401139241560404
14,33,77,5,17.15,12.214206568797794
14,33,77,6,19.55,16.78180405583443
14,33,77,7,17.4,11.931382767175064
14,33,77,0,101.9,88.43129953156917
14,33,77,1,26.9,24.050166866693242
14,33,77,2,19.4,13.846527210440662
14,33,77,3,19.4,19.588933503115314
14,33,77,4,16.05263157894737,10.741785927502033
14,33,77,5,15.789473684210526,9.107865632203247
14,33,77,6,16.63157894736842,15.319597203566813
14,33,77,7,13.631578947368421,6.282343213905934
14,39,77,0,125.7,80.66963166944677
14,39,77,1,44.75,32.90476689190377
14,39,77,2,31.4,23.39905531156513
14,39,77,3,27.8,16.041393823152454
14,39,77,4,20.8,14.32921197377838
14,39,77,5,18.4,11.49553689137887
14,39,77,6,16.55,11.052387215343783
14,39,77,7,15.2,14.07349131860097
14,39,77,0,85.85,47.1607274172729
14,39,77,1,28.75,17.374739679988544
14,39,77,2,26.8,15.459965275374634
14,39,77,3,24.75,16.523906126706557
14,39,77,4,18.25,13.20635811784771
14,39,77,5,17.45,11.426999421959978
14,39,77,6,15.8,12.18540973977961
14,39,77,7,16.75,12.73980500553079
14,32,77,0,109.5,52.112732053743485
14,32,77,1,44.3,46.028709576341136
14,32,77,2,29.8,21.82851828517721
14,32,77,3,36.15,42.425507471455504
14,32,77,4,30.3,31.177083351650925
14,32,77,5,18.85,10.883473710171765
14,32,77,6,16.95,9.321593493773364
14,32,77,7,17.85,13.85365237800221
14,32,77,0,99.45,48.02244541001525
14,32,77,1,28.95,15.56133873283063
14,32,77,2,20.85,9.427144457977661
14,32,77,3,21.85,13.164045930608033
14,32,77,4,20.05,21.112418395965815
14,32,77,5,21.35,10.984558539868111
14,32,77,6,17.2,9.467951481875996
14,32,77,7,15.5,8.964843615626075
14,46,77,0,93.8,50.98358869076867
14,46,77,1,40.5,24.577482205851506
14,46,77,2,29.65,14.80851462041882
14,46,77,3,25.85,22.074693775070987
14,46,77,4,23.7,19.19731340852837
14,46,77,5,21.5,13.717065820970685
14,46,77,6,16.35,9.033708802969139
14,46,77,7,18.0,8.91939210683977
14,46,77,0,114.3,54.18399452936166
14,46,77,1,26.8,17.334480393894587
14,46,77,2,26.15,13.386068956391311
14,46,77,3,22.85,16.281326080739504
14,46,77,4,22.1,12.371018764158347
14,46,77,5,18.6,9.719215909461877
14,46,77,6,16.2,7.831112040411227
14,46,77,7,16.65,5.3829653342255215
14,43,77,0,124.85,59.896643434643664
14,43,77,1,41.15,36.5488497911033
14,43,77,2,20.05,14.869520220200359
14,43,77,3,23.45,13.58201209805009
14,43,77,4,17.75,10.11967858861348
14,43,77,5,17.05263157894737,11.721175918493874
14,43,77,6,12.368421052631579,6.508204448709247
14,43,77,7,12.31578947368421,5.53827722490334
14,43,77,0,107.8,69.02143069175575
14,43,77,1,31.3,16.774353858447757
14,43,77,2,27.0,12.590723402151033
14,43,77,3,29.1,26.048335637304817
14,43,77,4,23.2,14.891184251799876
14,43,77,5,16.25,13.466820825937157
14,43,77,6,14.052631578947368,7.260805619599938
14,43,77,7,14.052631578947368,10.870314746595819
14,46,77,0,84.35,40.658105943924255
14,46,77,1,32.95,25.68119320067754
14,46,77,2,27.35,24.967926794610975
14,46,77,3,19.15,18.918871113534397
14,46,77,4,20.7,21.501774712555093
14,46,77,5,18.4,12.592395365959234
14,46,77,6,19.6,17.030622574150303
14,46,77,7,14.0,7.0487027548560865
14,46,77,0,117.65,72.51154173102738
14,46,77,1,38.65,41.718700842667666
14,46,77,2,23.5,20.702148375673985
14,46,77,3,20.6,13.593342023520966
14,46,77,4,17.5,8.204620007878745
14,46,77,5,17.35,12.192642302462149
14,46,77,6,19.65,13.01122996734582
14,46,77,7,12.8,7.898034399040122
14,34,77,0,120.8,74.182988545041
14,34,77,1,25.1,20.047049920781756
14,34,77,2,28.7,37.02929139279648
14,34,77,3,17.55,13.666998284380632
14,34,77,4,15.1,9.607562810509997
14,34,77,5,20.05,21.758180554739212
14,34,77,6,11.8,8.787551003071274
14,34,77,7,13.68421052631579,8.570314603190528
14,34,77,0,103.3,39.15569461844129
14,34,77,1,38.45,25.27006758577178
14,34,77,2,33.0,26.987326460279167
14,34,77,3,23.7,17.788523798993786
14,34,77,4,20.95,13.512080364972437
14,34,77,5,34.7,41.02900129625898
14,34,77,6,18.894736842105264,13.915996937346383
14,34,77,7,15.157894736842104,11.866213277362734
14,43,77,0,93.7,41.58327092777373
14,43,77,1,32.6,24.98083475913401
14,43,77,2,29.2,25.119922896294675
14,43,77,3,26.25,25.195812099799863
14,43,77,4,20.9,14.212300084230225
14,43,77,5,31.1,46.52096301668743
14,43,77,6,14.1,8.484661082459954
14,43,77,7,17.6,21.67802671151743
14,43,77,0,106.15,76.6703641366213
14,43,77,1,31.6,19.326556586047193
14,43,77,2,29.05,29.323019518532032
14,43,77,3,25.7,22.734393142966173
14,43,77,4,17.75,12.212482828733283
14,43,77,5,15.789473684210526,8.283711911995473
14,43,77,6,15.5,8.176364789836043
14,43,77,7,12.5,6.326880097228482
15,12,77,0,112.45,75.13249699872324
15,12,77,1,31.25,21.304496683737177
15,12,77,2,34.7,29.13146246351456
15,12,77,3,26.25,17.480440196793793
15,12,77,4,24.95,16.953419155221507
15,12,77,5,20.45,12.795866931408586
15,12,77,6,20.105263157894736,8.28582951551828
15,12,77,7,32.888888888888886,29.267305366205015
15,12,77,0,90.95,51.78952850874291
15,12,77,1,29.7,17.56521682488614
15,12,77,2,24.55,17.003018307904846
15,12,77,3,22.5,14.819972299143085
15,12,77,4,17.55,14.321404665009204
15,12,77,5,14.8,8.313590648671859
15,12,77,6,13.55,7.632858331961197
15,12,77,7,29.0,43.44627656506851
15,2,77,0,97.65,61.99429090862447
15,2,77,1,41.7,42.395506216678456
15,2,77,2,25.15,19.18408057135971
15,2,77,3,24.8,23.84511425185903
15,2,77,4,17.7,15.376331778007668
15,2,77,5,18.35,12.440489920967106
15,2,77,6,13.95,10.117598009097032
15,2,77,7,69.4,73.26045820797263
15,2,77,0,115.35,72.6667048929563
15,2,77,1,25.55,24.585993016991992
15,2,77,2,26.3,21.798358219201546
15,2,77,3,25.3,18.416525759562568
15,2,77,4,21.85,18.06501416667325
15,2,77,5,21.75,19.207660204364192
15,2,77,6,14.2,9.372973465178879
15,2,77,7,63.8,82.16261155076623
15,0,77,0,126.05,59.51512412824156
15,0,77,1,40.65,36.49697175613918
15,0,77,2,30.55,26.658611722056506
15,0,77,3,23.75,14.156549534997646
15,0,77,4,22.7,16.435199708968682
15,0,77,5,22.15,16.24572818344953
15,0,77,6,15.4,8.67179335547152
15,0,77,7,65.8,54.81989650329139
15,0,77,0,111.5,64.54496596620798
15,0,77,1,21.35,18.570704150127934
15,0,77,2,29.65,31.21280944875374
15,0,77,3,14.157894736842104,8.91480141172681
15,0,77,4,21.31578947368421,15.358865089651164
15,0,77,5,12.052631578947368,8.242664646086013
15,0,77,6,13.052631578947368,9.342101144880074
15,0,77,7,37.26315789473684,29.75238945635414
15,12,77,0,114.95,100.98383143120645
15,12,77,1,23.7,14.850482891315798
15,12,77,2,19.35,11.517835140155006
15,12,77,3,16.842105263157894,6.551192918466892
15,12,77,4,16.210526315789473,8.168904097371126
15,12,77,5,16.105263157894736,7.63686044306825
15,12,77,6,11.68421052631579,5.991221648554262
15,12,77,7,19.736842105263158,19.0345945445046
15,12,77,0,60.1,41.676574260671465
15,12,77,1,26.3,27.792653326866226
15,12,77,2,24.3,18.70856825937756
15,12,77,3,17.05,10.835978084724589
15,12,77,4,17.15,12.61275461377761
15,12,77,5,19.4,16.56692964597655
15,12,77,6,17.65,13.279485563910422
15,12,77,7,23.85,27.696237631623692
15,9,77,0,102.05,50.10355066732979
15,9,77,1,35.85,23.308627271101955
15,9,77,2,28.2,39.44029465033525
15,9,77,3,25.05,17.25802635541534
15,9,77,4,28.9,24.586902803600218
15,9,77,5,23.75,19.978606979519498
15,9,77,6,19.65,11.753051115617415
15,9,77,7,26.263157894736842,28.01753836689353
15,9,77,0,101.3,63.95895065134397
15,9,77,1,30.0,21.855987978728297
15,9,77,2,29.1,30.638640893314335
15,9,77,3,26.9,23.96905900267435
15,9,77,4,20.95,14.091710889365906
15,9,77,5,18.9,12.661171476522016
15,9,77,6,17.526315789473685,11.927412036763753
15,9,77,7,46.31578947368421,90.68752984934278
15,21,77,0,81.35,43.70387794427882
15,21,77,1,26.9,26.546681822583285
15,21,77,2,20.5,16.027936137946934
15,21,77,3,14.0,8.902985897705154
15,21,77,4,15.3,15.788403472502416
15,21,77,5,11.65,9.039533057339678
15,21,77,6,13.05,14.420289069297649
15,21,77,7,64.75,81.48353078674047
15,21,77,0,79.5,59.17814319137554
15,21,77,1,23.55,27.70801708037433
15,21,77,2,16.65,11.212187917384226
15,21,77,3,16.0,10.755659464966143
15,21,77,4,16.9,13.737769680318333
15,21,77,5,14.0,10.765441785737604
15,21,77,6,12.6,10.806430833925745
15,21,77,7,27.95,26.073731487537618
15,0,77,0,97.65,49.316672743873504
15,0,77,1,34.5,28.275896374641665
15,0,77,2,26.85,16.49330007513418
15,0,77,3,24.85,19.28532302582786
15,0,77,4,25.95,27.64716602969795
15,0,77,5,18.25,14.692909138335008
15,0,77,6,15.95,10.465356382394548
15,0,77,7,56.3,44.69322331770574
15,0,77,0,120.15,71.48446647607032
15,0,77,1,35.45,21.41193715270944
15,0,77,2,30.35,17.99495543347167
15,0,77,3,29.7,22.632301090069898
15,0,77,4,20.9,12.66117147652202
15,0,77,5,19.65,7.527318667081226
15,0,77,6,14.6,8.67179335547152
15,0,77,7,58.55,75.3612178636647
15,4,77,0,108.2,50.896799609860686
15,4,77,1,43.3,47.74614892158429
15,4,77,2,23.8,13.94198505839183
15,4,77,3,21.25,14.923929918440596
15,4,77,4,20.4,14.306421083224354
15,4,77,5,18.9,11.364302372827494
15,4,77,6,12.7,8.86210144972755
15,4,77,7,39.75,42.81769801329696
15,4,77,0,85.1,50.495335897173916
15,4,77,1,32.3,31.328648399289676
15,4,77,2,29.05,28.314911451853696
15,4,77,3,17.45,14.709377603205521
15,4,77,4,16.9,13.657078365217219
15,4,77,5,18.75,18.180020844177733
15,4,77,6,13.85,9.702278625473285
15,4,77,7,47.10526315789474,64.72926071710116
15,16,77,0,89.8,54.35419898562043
15,16,77,1,29.5,15.702832463234811
15,16,77,2,21.35,11.974864025159228
15,16,77,3,16.6,11.11850046686058
15,16,77,4,17.8,10.31401703355298
15,16,77,5,15.45,10.287831340190726
15,16,77,6,16.8,10.180476671706383
15,16,77,7,19.05,16.09339518004366
15,16,77,0,101.1,50.7303500978717
15,16,77,1,30.0,21.322091336155754
15,16,77,2,28.25,23.920647324457015
15,16,77,3,18.6,10.424667103103403
15,16,77,4,17.95,9.939157011802518
15,16,77,5,16.35,9.438303817284567
15,16,77,6,17.4,9.80547645048687
15,16,77,7,29.55,35.35009119321223
15,0,77,0,106.25,49.93140030924533
15,0,77,1,40.4,36.00643217391494
15,0,77,2,37.4,23.884370577738423
15,0,77,3,35.3,47.308728470269465
15,0,77,4,22.5,10.257218254272914
15,0,77,5,20.45,12.999898785031084
15,0,77,6,27.6,22.172529233977322
15,0,77,7,50.21052631578947,40.00219292234478
15,0,77,0,109.8,58.38042209688558
15,0,77,1,36.1,27.014421100005475
15,0,77,2,30.35,29.448036303041725
15,0,77,3,17.1,12.413490115278027
15,0,77,4,22.85,26.944924334063753
15,0,77,5,13.8,11.73209722356399
15,0,77,6,15.45,9.838030397659033
15,0,77,7,71.73684210526316,75.44522818668091
15,13,77,0,83.4,69.50834860875194
15,13,77,1,27.85,20.28033789815046
15,13,77,2,23.35,17.69708569525681
15,13,77,3,19.35,10.126957250719228
15,13,77,4,16.75,13.97318861248212
15,13,77,5,15.75,11.656825423217438
15,13,77,6,15.45,12.575979610268726
15,13,77,7,29.45,41.25718438233388
15,13,77,0,100.8,69.50622842216146
15,13,77,1,24.45,14.50036297186348
15,13,77,2,28.65,22.614096674885175
15,13,77,3,27.65,25.250898889679988
15,13,77,4,20.25,13.614523978380394
15,13,77,5,19.95,13.136830507754667
15,13,77,6,30.05263157894737,46.48473307825619
15,13,77,7,27.63157894736842,34.17960816093549
15,11,77,0,108.55,53.85895322140287
15,11,77,1,31.75,17.740453325958903
15,11,77,2,24.6,13.10845448355253
15,11,77,3,19.7,8.808488728732673
15,11,77,4,22.6,18.53701843964069
15,11,77,5,17.75,10.867019152608407
15,11,77,6,15.2,11.119447165356643
15,11,77,7,30.1,35.29857608578865
15,11,77,0,106.9,38.04969050292553
15,11,77,1,41.3,43.11563399437427
15,11,77,2,25.7,20.596627214949027
15,11,77,3,19.95,19.13793422278877
15,11,77,4,16.35,10.484449637941244
15,11,77,5,16.75,11.91582318202411
15,11,77,6,14.45,10.699114572317606
15,11,77,7,27.25,32.20146286314204
15,19,77,0,107.1,45.04839502953288
15,19,77,1,43.15,34.360741061795935
15,19,77,2,24.8,15.195567220669805
15,19,77,3,17.55,8.929401465177596
15,19,77,4,17.7,10.311465259092602
15,19,77,5,16.9,7.853259464103189
15,19,77,6,16.35,11.833382752553094
15,19,77,7,38.65,40.38925730021732
15,19,77,0,105.15,59.81486789296313
15,19,77,1,30.1,23.319068321192017
15,19,77,2,23.25,18.738856337623844
15,19,77,3,24.0,21.60896500115294
15,19,77,4,25.05,20.07217241015924
15,19,77,5,19.6,14.06900288241008
15,19,77,6,15.95,10.550505101403289
15,19,77,7,46.1,48.85197835782789
15,0,77,0,119.35,56.67940775235653
15,0,77,1,41.7,35.35697653184848
15,0,77,2,30.2,25.151331449531863
15,0,77,3,20.65,14.865272139771733
15,0,77,4,22.75,17.121470054937024
15,0,77,5,18.1,10.557611372594506
15,0,77,6,16.85,18.796066217779664
15,0,77,7,68.94736842105263,84.36328432849244
15,0,77,0,118.2,51.670616713746966
15,0,77,1,45.7,42.212619714463294
15,0,77,2,22.45,15.136136613381481
15,0,77,3,23.6,24.368659769207007
15,0,77,4,21.25,14.070779726271859
15,0,77,5,21.5,18.071495438076536
15,0,77,6,17.157894736842106,12.803051536839597
15,0,77,7,76.73684210526316,68.29010185741348
15,22,77,0,98.3,56.19992507955298
15,22,77,1,34.95,33.449844622406815
15,22,77,2,26.15,19.56171072058345
15,22,77,3,28.05,22.609907004161737
15,22,77,4,22.75,15.874093426248415
15,22,77,5,18.25,15.680611561650535
15,22,77,6,15.1,10.125008122153988
15,22,77,7,47.85,34.168737635138754
15,22,77,0,105.7,83.21000698929123
15,22,77,1,33.05,22.68195433889194
15,22,77,2,21.8,11.714139005133024
15,22,77,3,27.05,20.618017159245632
15,22,77,4,19.65,9.852998474950072
15,22,77,5,19.2,10.185645213782614
15,22,77,6,15.736842105263158,9.90421966898261
15,22,77,7,45.473684210526315,49.04234952348455
15,8,77,0,123.65,69.59073970458698
15,8,77,1,41.55,26.478342689431063
15,8,77,2,36.4,40.498732923649015
15,8,77,3,30.7,28.08652046051535
15,8,77,4,30.7,23.037954953099735
15,8,77,5,22.2,14.475387459590266
15,8,77,6,20.333333333333332,10.465630022349627
15,8,77,7,66.11111111111111,47.09925550665366
15,8,77,0,90.15,38.780454925265204
15,8,77,1,32.25,20.47559522944327
15,8,77,2,27.4,17.933796380899913
15,8,77,3,31.65,24.229766382434814
15,8,77,4,17.65,10.469378908838964
15,8,77,5,20.6,14.65892937858409
15,8,77,6,21.35,15.798983977991817
15,8,77,7,44.4,51.00402460900306
15,15,77,0,108.75,84.7323184474123
15,15,77,1,47.0,56.26909032777934
15,15,77,2,39.1,34.6499791144465
15,15,77,3,21.0,14.892597949458333
15,15,77,4,16.894736842105264,12.196970192279107
15,15,77,5,16.526315789473685,12.945906350196966
15,15,77,6,16.157894736842106,11.786353492703787
15,15,77,7,30.38888888888889,36.38218518303718
15,15,77,0,108.75,83.96921428338138
15,15,77,1,40.2,37.314594294570874
15,15,77,2,32.421052631578945,29.33961256555846
15,15,77,3,21.894736842105264,15.684014285047285
15,15,77,4,18.42105263157895,14.322925637955723
15,15,77,5,20.63157894736842,20.279191651421606
15,15,77,6,17.63157894736842,14.423016044255982
15,15,77,7,22.63157894736842,27.053877369089896
15,18,77,0,127.15,81.44244011958125
15,18,77,1,36.6,25.600986823085346
15,18,77,2,23.85,18.871518500807394
15,18,77,3,23.65,14.44144255806513
15,18,77,4,19.9,13.40816718900913
15,18,77,5,16.2,9.74733431845802
15,18,77,6,15.631578947368421,10.46799633972142
15,18,77,7,14.631578947368421,15.07835286582055
15,18,77,0,116.1,96.77369150973344
15,18,77,1,36.1,39.88654963901068
15,18,77,2,29.25,32.96549232471019
15,18,77,3,23.45,19.91422395649586
15,18,77,4,19.157894736842106,15.607203315188709
15,18,77,5,20.789473684210527,15.816935183419425
15,18,77,6,17.526315789473685,9.850935776489187
15,18,77,7,42.25,56.939148805252316
15,13,77,0,110.85,66.53631774412653
15,13,77,1,30.95,34.82660054129828
15,13,77,2,22.7,25.175384803414627
15,13,77,3,26.8,28.391251432346845
15,13,77,4,22.9,23.142351242962143
15,13,77,5,20.25,16.59700353424646
15,13,77,6,21.45,20.443696750884005
15,13,77,7,29.0,31.94961310842085
15,13,77,0,96.65,109.76255473089459
15,13,77,1,30.7,41.59845644909639
15,13,77,2,26.85,21.871093636169757
15,13,77,3,20.894736842105264,17.801044716040018
15,13,77,4,19.157894736842106,19.114459790938774
15,13,77,5,20.36842105263158,16.06656475180605
15,13,77,6,14.166666666666666,8.746427842267952
15,13,77,7,17.833333333333332,16.317619491897492
15,22,77,0,106.2,54.3832404524157
15,22,77,1,36.7,35.530713178141646
15,22,77,2,26.5,19.940701566077568
15,22,77,3,27.2,30.13932559577969
15,22,77,4,16.85,12.901550294441364
15,22,77,5,16.526315789473685,11.515054981547861
15,22,77,6,17.736842105263158,14.745402693205612
15,22,77,7,63.333333333333336,77.10191879812682
15,22,77,0,93.75,58.852961290249276
15,22,77,1,20.4,9.746254341243642
15,22,77,2,19.25,13.258066065210027
15,22,77,3,17.2,10.516152988817277
15,22,77,4,15.55,8.152978144922194
15,22,77,5,15.2,7.661249039295437
15,22,77,6,14.75,7.482435573078004
15,22,77,7,58.25,60.51783121309654
16,45,77,0,81.15,59.98532715326482
16,45,77,1,31.8,39.82672998191832
16,45,77,2,24.95,23.385724390387352
16,45,77,3,20.05,12.75466890779092
16,45,77,4,15.9,15.127180138656655
16,45,77,5,15.15,10.524532743722364
16,45,77,6,13.15,9.783310170629203
16,45,77,7,15.45,10.664624256218115
16,45,77,8,13.65,10.648820048298901
16,45,77,0,88.2,59.569154858251224
16,45,77,1,33.55,32.32316262535681
16,45,77,2,28.35,30.340653637617876
16,45,77,3,16.4,10.399392694818898
16,45,77,4,16.65,13.043550533743323
16,45,77,5,18.2,12.559751925139787
16,45,77,6,15.4,8.822220749186025
16,45,77,7,17.736842105263158,21.763481403649955
16,45,77,8,13.055555555555555,7.024932256087199
16,31,77,0,105.3,52.91810952584638
16,31,77,1,29.25,21.763985219430264
16,31,77,2,26.45,21.977201105260256
16,31,77,3,16.55,11.066664024518815
16,31,77,4,25.8,36.303689822617784
16,31,77,5,16.25,9.54697527189137
16,31,77,6,13.3,6.837204722768847
16,31,77,7,14.15,12.192642302462147
16,31,77,8,15.85,15.604570855327848
16,31,77,0,129.1,49.09700387471403
16,31,77,1,41.8,33.539607379304464
16,31,77,2,26.8,14.110839431929065
16,31,77,3,25.15,15.644992472790909
16,31,77,4,25.2,16.35977094164701
16,31,77,5,19.5,10.318608637337027
16,31,77,6,21.65,16.71518376868925
16,31,77,7,18.7,11.720876561436054
16,31,77,8,17.8,10.195974437828005
16,37,77,0,93.35,77.3871164307967
16,37,77,1,28.3,24.78773041138233
16,37,77,2,21.15,14.324344386577108
16,37,77,3,19.95,16.95341915522151
16,37,77,4,19.5,12.742386787907185
16,37,77,5,17.35,14.633325340684387
16,37,77,6,16.157894736842106,13.376028134501317
16,37,77,7,15.11111111111111,11.380524586735053
16,37,77,8,15.666666666666666,12.695529551311962
16,37,77,0,102.1,63.69987193244996
16,37,77,1,32.55,25.280479259281208
16,37,77,2,20.05,15.729539759720614
16,37,77,3,25.4,23.90199287000761
16,37,77,4,18.35,15.030757938657862
16,37,77,5,17.2,13.379481541367344
16,37,77,6,17.95,15.736230405291511
16,37,77,7,17.6,14.441898111142855
16,37,77,8,14.368421052631579,10.750764966662654
16,32,77,0,93.0,41.48937720733624
16,32,77,1,27.2,14.2997975694174
16,32,77,2,23.55,14.188486807786688
16,32,77,3,20.05,9.90733380672594
16,32,77,4,17.3,9.652379035897397
16,32,77,5,16.25,9.824111048575176
16,32,77,6,15.3,9.171466048221747
16,32,77,7,15.45,7.81681722819124
16,32,77,8,15.85,8.77361475045911
16,32,77,0,98.4,45.75150270756142
16,32,77,1,43.25,41.236002409749204
16,32,77,2,25.45,17.84575727257263
16,32,77,3,22.35,16.45496245737693
16,32,77,4,27.85,34.65358643245427
16,32,77,5,15.6,10.272087882883605
16,32,77,6,16.68421052631579,13.182701761436999
16,32,77,7,13.157894736842104,8.50008599887696
16,32,77,8,12.631578947368421,11.949944334206887
16,41,77,0,95.95,60.769170681054696
16,41,77,1,26.15,25.016363066054016
16,41,77,2,34.1,50.41710236146377
16,41,77,3,19.35,10.549507346940798
16,41,77,4,16.65,10.011966524325304
16,41,77,5,17.35,17.842217822964308
16,41,77,6,14.9,10.202682825713307
16,41,77,7,14.263157894736842,11.632531516126841
16,41,77,8,12.894736842105264,10.391742110616836
16,41,77,0,112.85,54.40711544022818
16,41,77,1,38.35,34.90027145121397
16,41,77,2,28.25,22.289660099885353
16,41,77,3,18.8,10.045161181280006
16,41,77,4,26.1,21.817182991491144
16,41,77,5,20.25,18.214727991092087
16,41,77,6,20.15,20.921595491136348
16,41,77,7,15.7,15.145261548366244
16,41,77,8,17.0,12.83498508395172
16,35,77,0,111.45,75.97816514596394
16,35,77,1,34.15,29.044928898808518
16,35,77,2,31.8,20.242217477861775
16,35,77,3,25.05,18.04810822569268
16,35,77,4,21.35,17.067281718632227
16,35,77,5,17.0,14.253346790731014
16,35,77,6,16.789473684210527,11.530534088855946
16,35,77,7,15.894736842105264,8.633878598238615
16,35,77,8,15.68421052631579,10.397930518344863
16,35,77,0,133.65,65.39457164015985
16,35,77,1,33.5,22.693611435820433
16,35,77,2,30.65,25.386019774671254
16,35,77,3,24.65,16.105817843905122
16,35,77,4,20.25,12.797512093742036
16,35,77,5,16.5,11.573563341557888
16,35,77,6,25.85,24.80720396217705
16,35,77,7,17.1,10.779610382569492
16,35,77,8,13.8,8.685135516925941
16,39,77,0,130.55,109.96194317748491
16,39,77,1,33.65,24.15579912937983
16,39,77,2,26.31578947368421,20.674871037026104
16,39,77,3,24.94736842105263,24.755411718586405
16,39,77,4,21.157894736842106,15.489290773142931
16,39,77,5,27.263157894736842,21.199691049277
16,39,77,6,16.894736842105264,12.818800155509898
16,39,77,7,17.444444444444443,15.104429510897564
16,39,77,8,19.125,21.679098997267698
16,39,77,0,106.25,66.99243869352169
16,39,77,1,42.95,35.514970898126
16,39,77,2,28.75,37.354454395130645
16,39,77,3,19.0,9.72246449155119
16,39,77,4,18.85,11.094213759765422
16,39,77,5,17.3,7.773775076973121
16,39,77,6,14.75,9.238791217356018
16,39,77,7,15.6,10.40950982212141
16,39,77,8,14.947368421052632,12.176816242399717
16,31,77,0,129.35,73.65872585605076
16,31,77,1,46.75,47.620069851183324
16,31,77,2,30.9,23.121873899655686
16,31,77,3,24.27777777777778,32.785946694484736
16,31,77,4,21.27777777777778,12.484369312231316
16,31,77,5,19.38888888888889,15.867609957130718
16,31,77,6,12.722222222222221,5.988278310514885
16,31,77,7,15.588235294117647,13.865689775167207
16,31,77,8,12.411764705882353,6.982646557085391
16,31,77,0,89.1,46.86138574225277
16,31,77,1,45.7,39.55821825586875
16,31,77,2,29.35,27.402026432940662
16,31,77,3,19.5,13.527749258468683
16,31,77,4,15.35,12.21851485505329
16,31,77,5,17.4,13.152546281393978
16,31,77,6,16.6,15.281223428563703
16,31,77,7,16.3,11.698402949930703
16,31,77,8,12.35,10.189132497550101
16,24,77,0,109.6,42.21922734838638
16,24,77,1,32.0,22.188190315428706
16,24,77,2,21.85,12.252926610663913
16,24,77,3,24.55,15.611989319952658
16,24,77,4,20.15,12.009973925209435
16,24,77,5,25.7,20.865736204802868
16,24,77,6,19.2,11.052982450571047
16,24,77,7,16.2,10.278234540190153
16,24,77,8,17.95,10.054980436527332
16,24,77,0,103.4,46.258313619795615
16,24,77,1,61.25,39.29493739991398
16,24,77,2,31.4,22.843633225635728
16,24,77,3,27.1,19.07023031351552
16,24,77,4,17.45,11.297298233136145
16,24,77,5,19.35,16.68366676849263
16,24,77,6,14.85,8.646721313520183
16,24,77,7,19.9,24.137544461514285
16,24,77,8,18.15,16.990012546075103
16,44,77,0,116.8,58.12472976734013
16,44,77,1,25.2,16.89472044596679
16,44,77,2,22.9,20.998496186757354
16,44,77,3,17.85,13.18801289848195
16,44,77,4,17.6,10.028380779200178
16,44,77,5,13.75,8.258169798511814
16,44,77,6,16.0,11.796520450405794
16,44,77,7,13.5,8.2238421037474
16,44,77,8,14.9,8.973059092287546
16,44,77,0,117.35,59.50433420746496
16,44,77,1,45.55,35.874745552004306
16,44,77,2,36.9,34.0215102236032
16,44,77,3,22.35,12.291524679524848
16,44,77,4,22.15,13.876428328568368
16,44,77,5,22.55,13.06854399331705
16,44,77,6,18.45,11.394712531881202
16,44,77,7,19.31578947368421,15.096182856672916
16,44,77,8,16.526315789473685,8.46147098488615
16,29,77,0,121.85,66.45954448107193
16,29,77,1,48.75,47.492797237830544
16,29,77,2,25.15,14.737260332411285
16,29,77,3,28.1,22.199810335842248
16,29,77,4,22.75,19.338739413551835
16,29,77,5,17.95,13.172838881977048
16,29,77,6,12.0,8.583950752789521
16,29,77,7,18.57894736842105,12.898388312212948
16,29,77,8,11.823529411764707,8.683571371544424
16,29,77,0,91.6,47.27233529465755
16,29,77,1,26.5,18.852613946919377
16,29,77,2,19.25,12.156328219880939
16,29,77,3,20.7,16.21597652738934
16,29,77,4,20.45,14.210726119453055
16,29,77,5,15.6,11.454256850621082
16,29,77,6,16.75,10.920164833920778
16,29,77,7,14.15,12.110347902343248
16,29,77,8,14.5,10.07080198552126
16,32,77,0,103.65,51.099773405615636
16,32,77,1,24.4,17.469974241537965
16,32,77,2,18.9,14.374319205846895
16,32,77,3,19.95,16.503508398933977
16,32,77,4,17.2,14.894718244362576
16,32,77,5,13.25,7.107260927722918
16,32,77,6,12.3,6.98946575776342
16,32,77,7,13.0,9.020444615019347
16,32,77,8,11.7,5.768334613259386
16,32,77,0,89.3,42.65788012597562
16,32,77,1,27.6,20.265085349204092
16,32,77,2,20.3,11.626195467676931
16,32,77,3,16.35,14.21368873193799
16,32,77,4,17.7,14.614700601935384
16,32,77,5,13.25,7.4753982467403315
16,32,77,6,14.65,11.179280647227428
16,32,77,7,14.35,11.67216662339133
16,32,77,8,10.95,7.323178774850512
16,30,77,0,84.7,44.91875707142958
16,30,77,1,41.65,34.80967046518448
16,30,77,2,19.85,14.102164820749293
16,30,77,3,15.1,7.559587847300449
16,30,77,4,19.3,10.458439050279972
16,30,77,5,24.85,19.690433156605188
16,30,77,6,16.45,12.521455271064267
16,30,77,7,16.95,13.335646729132057
16,30,77,8,15.1,10.774726764150694
16,30,77,0,106.05,75.19971654481853
16,30,77,1,32.2,35.49143706956874
16,30,77,2,26.4,25.52480733470253
16,30,77,3,19.55,8.870263747339672
16,30,77,4,15.789473684210526,8.06624618303831
16,30,77,5,13.0,4.887626099538392
16,30,77,6,17.842105263157894,10.97098779050525
16,30,77,7,13.277777777777779,5.119806471015637
16,30,77,8,13.5,5.792997801605984
16,44,77,0,110.0,65.70267958967243
16,44,77,1,30.55,26.8337474088134
16,44,77,2,22.85,14.776492711130924
16,44,77,3,18.9,12.510627061569863
16,44,77,4,22.25,17.645261776406002
16,44,77,5,18.4,9.298556764075638
16,44,77,6,18.25,9.250177807679385
16,44,77,7,19.55,10.065443750512783
16,44,77,8,15.65,10.974971526158964
16,44,77,0,96.7,32.72388472628131
16,44,77,1,24.6,14.343162684341054
16,44,77,2,23.4,13.492297997863743
16,44,77,3,19.45,13.43786872199136
16,44,77,4,14.8,10.561100421133355
16,44,77,5,15.1,10.32574707377529
16,44,77,6,11.65,5.029125695700784
16,44,77,7,13.5,12.504735944938286
16,44,77,8,11.2,6.143888705132332
16,41,77,0,106.95,58.7631060409416
16,41,77,1,44.8,35.21602506037034
16,41,77,2,30.15,28.621440252112805
16,41,77,3,19.75,9.893511962259328
16,41,77,4,23.55,21.629597168791896
16,41,77,5,21.55,20.957287389756388
16,41,77,6,22.65,23.371766593139906
16,41,77,7,15.368421052631579,8.902000563642293
16,41,77,8,15.210526315789474,7.25395637159031
16,41,77,0,93.75,43.84887323763891
16,41,77,1,52.0,40.58000544732915
16,41,77,2,26.85,29.78921563957421
16,41,77,3,25.9,18.47017510531648
16,41,77,4,26.1,25.200041771059784
16,41,77,5,17.6,14.427313277982586
16,41,77,6,16.3,8.6699723790005
16,41,77,7,12.75,10.497493435151679
16,41,77,8,12.0,7.504384683215821
16,28,77,0,109.15,63.291535145330705
16,28,77,1,39.6,31.302261562822718
16,28,77,2,28.8,18.437947139983944
16,28,77,3,23.6,13.0682419387009
16,28,77,4,21.15,17.481644508936856
16,28,77,5,15.1,9.872343080279212
16,28,77,6,14.8,11.362912895630425
16,28,77,7,18.210526315789473,26.860915321891486
16,28,77,8,16.05263157894737,11.505909999312557
16,28,77,0,120.45,73.05403551661713
16,28,77,1,45.8,58.044084879285364
16,28,77,2,41.5,30.773365106858236
16,28,77,3,28.0,21.16849695084407
16,28,77,4,20.25,17.513528605353244
16,28,77,5,17.736842105263158,15.605704460097483
16,28,77,6,15.210526315789474,11.375309262552534
16,28,77,7,13.157894736842104,11.161755924657976
16,28,77,8,13.666666666666666,13.991594115123299
16,39,77,0,97.15,82.74327767256987
16,39,77,1,38.55,41.31837236311278
16,39,77,2,27.75,16.60651425764822
16,39,77,3,24.0,17.624743372525128
16,39,77,4,22.5,19.26136028425822
16,39,77,5,19.4,13.39442146252646
16,39,77,6,21.105263157894736,14.858199146307909
16,39,77,7,19.473684210526315,14.713442157325355
16,39,77,8,15.210526315789474,11.41917951600348
16,39,77,0,102.1,61.21480729022144
16,39,77,1,29.8,16.3983311089237
16,39,77,2,18.9,9.158832377891615
16,39,77,3,21.1,12.781153889099455
16,39,77,4,18.35,11.089468688331
16,39,77,5,19.25,12.73980500553079
16,39,77,6,17.9,11.674984503539811
16,39,77,7,16.35,10.653761381734968
16,39,77,8,15.6,9.762441454774248
16,43,77,0,102.9,58.79214054168878
16,43,77,1,32.35,27.921459394824655
16,43,77,2,21.9,14.182643209960993
16,43,77,3,15.55,7.950339284385422
16,43,77,4,16.95,12.713337381208014
16,43,77,5,15.9,9.07222481852686
16,43,77,6,16.65,13.827033018882366
16,43,77,7,12.55,5.567528035048646
16,43,77,8,12.8,6.169534657876301
16,43,77,0,115.0,66.22449856757177
16,43,77,1,33.7,26.12742056275663
16,43,77,2,30.75,18.56957046806471
16,43,77,3,19.0,12.139539573337679
16,43,77,4,22.65,23.88850196885082
16,43,77,5,16.5,12.71344087756609
16,43,77,6,12.947368421052632,10.222381132759226
16,43,77,7,14.736842105263158,9.344291812314307
16,43,77,8,13.578947368421053,9.063454023186157
16,46,77,0,98.5,95.54965642065523
16,46,77,1,43.2,46.963143443611855
16,46,77,2,36.10526315789474,46.573591392598
16,46,77,3,19.68421052631579,12.640554803132419
16,46,77,4,15.333333333333334,9.887603647110504
16,46,77,5,14.722222222222221,9.00199687360634
16,46,77,6,15.11111111111111,12.155312994198388
16,46,77,7,14.5,9.15391269605838
16,46,77,8,12.833333333333334,12.495881674516985
16,46,77,0,108.65,74.80731388391321
16,46,77,1,36.6,25.619482717979338
16,46,77,2,20.3,11.332765723660241
16,46,77,3,24.7,13.334166640626627
16,46,77,4,22.65,14.20998536982098
16,46,77,5,16.1,11.951216630425893
16,46,77,6,17.65,12.282957812822568
16,46,77,7,13.9,10.078115947568355
16,46,77,8,12.631578947368421,9.71945658240778
16,41,77,0,113.55,62.54974862164978
16,41,77,1,43.3,28.26025663831024
16,41,77,2,23.05,19.080094339389415
16,41,77,3,18.45,15.247001430824978
16,41,77,4,23.45,20.397303743387262
16,41,77,5,13.0,8.608441389583525
16,41,77,6,17.35,13.72003912837753
16,41,77,7,15.105263157894736,9.591053335977609
16,41,77,8,11.894736842105264,6.2883908632592815
16,41,77,0,118.9,45.09860541664582
16,41,77,1,32.3,24.251098727143972
16,41,77,2,22.95,18.152787229803756
16,41,77,3,23.55,16.484362606006815
16,41,77,4,22.3,19.045927869784993
16,41,77,5,14.5,8.204620007878745
16,41,77,6,18.9,16.57804508822944
16,41,77,7,13.75,11.77810189336662
16,41,77,8,13.25,10.437155288981563
17,10,77,0,114.65,117.6342570047205
17,10,77,1,38.8421052631579,40.61508088532678
17,10,77,2,18.42105263157895,12.729300362521824
17,10,77,3,24.157894736842106,19.706916884673138
17,10,77,4,16.42105263157895,10.746140337988457
17,10,77,5,13.722222222222221,8.87034421744431
17,10,77,6,14.38888888888889,10.129391648238244
17,10,77,7,11.722222222222221,6.960439096659108
17,10,77,8,30.833333333333332,35.698492306275014
17,10,77,0,82.75,58.325651123218236
17,10,77,1,39.3,35.41498344813363
17,10,77,2,19.5,14.687982914793412
17,10,77,3,21.05,17.388668421523374
17,10,77,4,15.35,8.437229527828618
17,10,77,5,15.35,10.668571650067856
17,10,77,6,15.3,10.105235745576854
17,10,77,7,14.05,6.946979654194293
17,10,77,8,35.25,40.932389697106494
17,21,77,0,97.1,57.90454940766971
17,21,77,1,35.7,32.30626466866922
17,21,77,2,21.45,25.771209966897064
17,21,77,3,20.95,19.1049043028499
17,21,77,4,16.15,11.992431823972634
17,21,77,5,14.95,8.02282926863611
17,21,77,6,13.65,6.990783406141185
17,21,77,7,13.95,7.521722926927958
17,21,77,8,43.05,54.334708302481836
17,21,77,0,109.7,92.78730630062667
17,21,77,1,42.15,37.634355804797636
17,21,77,2,30.4,33.933991652525705
17,21,77,3,15.8,12.033287165193059
17,21,77,4,18.75,14.990786644153344
17,21,77,5,12.526315789473685,7.911794437930637
17,21,77,6,16.526315789473685,13.175602120133645
17,21,77,7,15.368421052631579,13.97303166943694
17,21,77,8,36.10526315789474,59.24046546523762
17,19,77,0,107.0,59.11451865480657
17,19,77,1,28.85,25.402600364198108
17,19,77,2,24.85,15.280792897587066
17,19,77,3,27.25,24.425773704278672
17,19,77,4,15.05,6.954551709038061
17,19,77,5,19.5,11.878773638633525
17,19,77,6,19.85,14.364704551159598
17,19,77,7,18.3,13.274827781616565
17,19,77,8,26.35,26.77641342281437
17,19,77,0,121.7,52.42548596767958
17,19,77,1,43.9,29.386534689422497
17,19,77,2,28.75,18.99549808160926
17,19,77,3,19.9,10.953970681182714
17,19,77,4,19.4,8.90535025464438
17,19,77,5,24.2,22.201469842285096
17,19,77,6,16.75,11.804883021779364
17,19,77,7,16.05,8.72066511224918
17,19,77,8,41.0,38.24849498243104
17,19,77,0,90.35,35.52949108616819
17,19,77,1,45.25,31.38366152198172
17,19,77,2,24.65,19.37517402298758
17,19,77,3,21.35,15.665164168340292
17,19,77,4,18.3,11.912399554997085
17,19,77,5,17.15,11.179280647227428
17,19,77,6,15.6,12.296340919151518
17,19,77,7,14.210526315789474,9.738691147333808
17,19,77,8,34.36842105263158,29.59206073391193
17,19,77,0,100.95,53.085308702125864
17,19,77,1,34.8,25.70193521282416
17,19,77,2,25.6,15.118479455706899
17,19,77,3,24.05,13.678546398610758
17,19,77,4,18.75,10.269397563430363
17,19,77,5,18.55,10.257089974102895
17,19,77,6,17.7,9.515084976250247
17,19,77,7,17.1,8.931906144178916
17,19,77,8,50.4,65.11237250040563
17,23,77,0,98.0,66.13542724472343
17,23,77,1,29.3,25.670175198795235
17,23,77,2,22.65,15.318633304436448
17,23,77,3,21.15,19.05469965513412
17,23,77,4,21.3,16.33240240812884
17,23,77,5,13.9,12.497999839974394
17,23,77,6,14.157894736842104,10.425732896671992
17,23,77,7,11.31578947368421,8.485625961189685
17,23,77,8,13.157894736842104,10.63152104668386
17,23,77,0,75.1,43.0640893259533
17,23,77,1,35.7,29.96506738116727
17,23,77,2,23.05,16.0639347608237
17,23,77,3,24.5,21.69283170469962
17,23,77,4,27.35,22.41539649437413
17,23,77,5,21.65,17.592686877761093
17,23,77,6,16.1,13.71476346285656
17,23,77,7,17.57894736842105,13.018430480044156
17,23,77,8,15.578947368421053,9.95721842837694
17,1,77,0,64.5,46.81823756209809
17,1,77,1,20.0,25.373006792341553
17,1,77,2,20.9,23.865632634661747
17,1,77,3,13.7,8.18278037936019
17,1,77,4,18.25,26.86197664866985
17,1,77,5,20.6,28.784864443881467
17,1,77,6,12.65,9.560197091119651
17,1,77,7,10.7,7.967697943968245
17,1,77,8,15.9,19.371438552129973
17,1,77,0,104.85,68.04431605482137
17,1,77,1,33.25,45.999856979182695
17,1,77,2,22.45,19.157175376893445
17,1,77,3,19.95,19.470558070557384
17,1,77,4,14.65,10.955772330987033
17,1,77,5,13.3,16.013481162675667
17,1,77,6,11.210526315789474,8.94165624335162
17,1,77,7,12.210526315789474,12.942517990322616
17,1,77,8,68.77777777777777,113.2901301736883
17,6,77,0,86.05,45.764241384225784
17,6,77,1,38.55,36.4135240925965
17,6,77,2,27.55,21.372572192070454
17,6,77,3,17.25,12.468381062342836
17,6,77,4,14.7,11.805886132282534
17,6,77,5,13.35,5.80630328993731
17,6,77,6,13.8,10.729202648551487
17,6,77,7,11.3,5.894689849436749
17,6,77,8,38.9,59.615345957934444
17,6,77,0,100.05,57.366297642981614
17,6,77,1,32.9,32.97351409205496
17,6,77,2,29.2,30.26305720807049
17,6,77,3,22.7,12.810768496608008
17,6,77,4,22.8,15.292240894615391
17,6,77,5,18.94736842105263,14.740246056330593
17,6,77,6,18.263157894736842,11.741862928395976
17,6,77,7,13.578947368421053,8.946233158111756
17,6,77,8,28.58823529411765,27.640682931888215
17,18,77,0,84.45,42.58548677907213
17,18,77,1,28.0,22.503800848558427
17,18,77,2,20.65,9.516052919036062
17,18,77,3,17.8,9.327943305776975
17,18,77,4,18.5,8.994150145628282
17,18,77,5,16.2,9.20869154657707
17,18,77,6,17.45,9.450563892950347
17,18,77,7,14.95,9.213691185575838
17,18,77,8,33.2,35.74706465682109
17,18,77,0,83.25,33.58081375773344
17,18,77,1,32.85,21.270872102478545
17,18,77,2,29.45,25.247146790333193
17,18,77,3,20.65,14.794291217614278
17,18,77,4,32.65,29.120936581236894
17,18,77,5,20.1,14.487381078936103
17,18,77,6,16.3,10.770818275126059
17,18,77,7,13.95,9.643514319015274
17,18,77,8,49.26315789473684,56.24434994365919
17,5,77,0,101.5,52.221693415264646
17,5,77,1,33.1,25.76595060397182
17,5,77,2,29.7,26.38400631961879
17,5,77,3,29.75,18.987184043315555
17,5,77,4,21.45,15.849539259449852
17,5,77,5,20.5,14.438617808174241
17,5,77,6,16.05,10.138384590518509
17,5,77,7,16.5,8.87041208323017
17,5,77,8,22.526315789473685,38.24681311495498
17,5,77,0,98.65,54.41582103531443
17,5,77,1,51.0,50.58083681229067
17,5,77,2,20.5,14.830622657901205
17,5,77,3,24.9,22.20692163315421
17,5,77,4,23.2,30.151547049424916
17,5,77,5,14.736842105263158,12.67035957247885
17,5,77,6,16.31578947368421,13.638396091667685
17,5,77,7,13.631578947368421,9.770764364025464
17,5,77,8,45.411764705882355,61.5549133127582
17,0,77,0,103.3,50.72121947728739
17,0,77,1,22.4,14.615780944977896
17,0,77,2,24.2,20.68968723530486
17,0,77,3,16.0,11.978050100518296
17,0,77,4,12.9,7.772420878708865
17,0,77,5,15.25,12.11729950807609
17,0,77,6,12.5,9.643650760992955
17,0,77,7,15.5,13.881073824683584
17,0,77,8,77.0,72.07744373059329
17,0,77,0,126.5,68.97100840208152
17,0,77,1,34.45,30.918355985435337
17,0,77,2,29.25,18.29545528841866
17,0,77,3,26.842105263157894,22.4134462566428
17,0,77,4,21.68421052631579,13.948526929707379
17,0,77,5,17.789473684210527,12.37640653002685
17,0,77,6,16.263157894736842,11.793793590336488
17,0,77,7,17.38888888888889,21.26344249946618
17,0,77,8,93.5,89.56972308831621
17,23,77,0,104.85,60.585107602098844
17,23,77,1,55.6,61.66240857750326
17,23,77,2,25.35,18.860359431748293
17,23,77,3,23.3,19.232921337069282
17,23,77,4,24.3,18.775964478696245
17,23,77,5,23.526315789473685,24.69900677502062
17,23,77,6,15.833333333333334,10.88577052853862
17,23,77,7,22.833333333333332,18.004084503898813
17,23,77,8,16.88888888888889,13.051431694685673
17,23,77,0,91.0,51.16125178502307
17,23,77,1,40.95,36.46263408217413
17,23,77,2,19.45,12.167579874403948
17,23,77,3,18.85,14.525023779308373
17,23,77,4,22.1,16.048938315434814
17,23,77,5,17.8,13.744281107351332
17,23,77,6,17.15,12.650254834129669
17,23,77,7,15.95,14.365437322743928
17,23,77,8,14.7,10.498621463391226
17,16,77,0,86.55,37.03693036047015
17,16,77,1,29.4,19.570116854127633
17,16,77,2,26.35,30.114299803109798
17,16,77,3,17.75,11.483970521878241
17,16,77,4,18.15,13.043550533743323
17,16,77,5,17.85,11.775420430531959
17,16,77,6,18.05,12.680175160669632
17,16,77,7,16.5,11.70919566656458
17,16,77,8,29.05,47.49013748026781
17,16,77,0,106.9,70.22287826327647
17,16,77,1,33.45,29.128526441129473
17,16,77,2,27.95,34.238290353284135
17,16,77,3,26.35,20.178871180154335
17,16,77,4,18.85,13.662376305598873
17,16,77,5,19.25,16.666622806959836
17,16,77,6,16.88888888888889,14.120860200797171
17,16,77,7,16.72222222222222,13.446213355245083
17,16,77,8,25.944444444444443,34.66388563505629
17,20,77,0,92.25,41.37997863192956
17,20,77,1,47.65,48.62777525566833
17,20,77,2,32.85,28.66370343721903
17,20,77,3,33.6,42.527266794994375
17,20,77,4,30.9,33.34966266695962
17,20,77,5,23.9,13.005666781101715
17,20,77,6,18.736842105263158,11.204374667776262
17,20,77,7,17.526315789473685,8.441750878504816
17,20,77,8,68.52631578947368,64.6661240707929
17,20,77,0,132.95,71.67211525595683
17,20,77,1,48.7,34.86379512511964
17,20,77,2,32.25,14.664224278297523
17,20,77,3,32.1,19.13910298728482
17,20,77,4,27.5,18.59966043832663
17,20,77,5,25.1,11.602631280514732
17,20,77,6,22.75,9.210263154135232
17,20,77,7,19.4,11.156305745843328
17,20,77,8,61.21052631578947,53.762418666004166
17,1,77,0,83.8,58.00780346779125
17,1,77,1,29.6,35.762962316958735
17,1,77,2,19.65,16.80938021337773
17,1,77,3,22.65,22.377796796684077
17,1,77,4,13.95,8.438477038947376
17,1,77,5,12.45,10.937501879699086
17,1,77,6,14.45,9.854066753323085
17,1,77,7,15.45,13.774404180446998
17,1,77,8,24.2,29.103445265394086
17,1,77,0,81.55,37.70868251268009
17,1,77,1,25.45,19.890423509026174
17,1,77,2,14.7,13.183322798141598
17,1,77,3,25.2,50.174012984286676
17,1,77,4,14.7,12.85178668717434
17,1,77,5,12.35,10.04345820081803
17,1,77,6,12.65,10.82042415746113
17,1,77,7,10.75,7.758696309371351
17,1,77,8,26.9,32.67527634482264
17,3,77,0,80.35,67.19983944216408
17,3,77,1,32.0,35.89018338150274
17,3,77,2,22.4,15.540778277605153
17,3,77,3,27.0,26.542914606151932
17,3,77,4,20.1,17.103092979741533
17,3,77,5,17.6,10.550130954537709
17,3,77,6,16.85,13.530764167162488
17,3,77,7,16.63157894736842,14.353514963689747
17,3,77,8,20.526315789473685,41.684487417120415
17,3,77,0,75.8,48.008332610079265
17,3,77,1,29.0,30.96007615929705
17,3,77,2,19.25,13.633839479301802
17,3,77,3,13.65,8.99868411432881
17,3,77,4,11.65,6.587667904581457
17,3,77,5,13.65,10.358190250384373
17,3,77,6,14.5,11.967060053153801
17,3,77,7,15.7,16.84324009334621
17,3,77,8,39.2,66.36232285519277
17,19,77,0,109.55,52.85777839487871
17,19,77,1,34.9,23.88987894045245
17,19,77,2,28.8,24.001315753406875
17,19,77,3,16.8,9.417788320094335
17,19,77,4,19.15,8.573367575168312
17,19,77,5,15.9,9.323992819884792
17,19,77,6,18.75,10.482441459286497
17,19,77,7,14.05,6.142817800188752
17,19,77,8,41.85,58.25558477858356
17,19,77,0,105.0,60.69856497046436
17,19,77,1,56.6,51.66837574988766
17,19,77,2,30.95,25.02730088270975
17,19,77,3,30.0,21.810185935161485
17,19,77,4,24.95,16.894331033001325
17,19,77,5,24.42105263157895,15.945447937938916
17,19,77,6,21.555555555555557,14.113915628877939
17,19,77,7,20.0,13.08147545195113
17,19,77,8,44.125,54.47185817771717
17,19,77,0,118.85,94.42026711519759
17,19,77,1,39.05,48.31200678920303
17,19,77,2,27.05,15.965340749985822
17,19,77,3,24.894736842105264,17.412941345901025
17,19,77,4,22.263157894736842,15.491367148846185
17,19,77,5,19.105263157894736,11.313191596254669
17,19,77,6,17.210526315789473,10.042016991777992
17,19,77,7,15.736842105263158,8.4645804861799
17,19,77,8,28.27777777777778,22.347010737207984
17,19,77,0,135.0,56.705146893474556
17,19,77,1,39.2,24.069198486644165
17,19,77,2,27.4,24.370819479559223
17,19,77,3,28.9,16.751747748565787
17,19,77,4,20.15,11.974864025159226
17,19,77,5,15.789473684210526,6.868437857074287
17,19,77,6,19.105263157894736,15.627236682017376
17,19,77,7,17.05263157894737,13.78998704459357
17,19,77,8,41.27777777777778,60.48996567789089
17,19,77,0,95.4,34.113433069532505
17,19,77,1,46.2,38.74423556445119
17,19,77,2,21.3,10.438289837748428
17,19,77,3,29.8,34.451491450413215
17,19,77,4,19.4,10.994735582373766
17,19,77,5,18.6,12.023660883966729
17,19,77,6,19.5,13.523858060557469
17,19,77,7,17.95,10.338863828446426
17,19,77,8,31.1,34.15121173776846
17,19,77,0,101.15,41.86604578263493
17,19,77,1,27.55,19.567629014859158
17,19,77,2,31.6,22.23652755928265
17,19,77,3,28.0,27.790570153807284
17,19,77,4,19.6,11.18928058455949
17,19,77,5,15.9,8.571065155203106
17,19,77,6,15.05,10.205648590750846
17,19,77,7,15.8,8.977164011212588
17,19,77,8,50.3,51.505850459719106
17,8,77,0,97.2,47.05383255267032
17,8,77,1,38.1,34.76371368932963
17,8,77,2,31.8,27.742424285976842
17,8,77,3,17.8,10.170131707474022
17,8,77,4,17.65,12.385369127363651
17,8,77,5,20.4,21.743480571620108
17,8,77,6,13.45,8.210872124971353
17,8,77,7,14.55,10.644865330042313
17,8,77,8,46.3,48.638408041815126
17,8,77,0,94.6,55.547419287251174
17,8,77,1,25.3,20.739233097530008
17,8,77,2,26.3,18.50206247393716
17,8,77,3,22.3,28.44033458978546
17,8,77,4,26.8,23.560895345331936
17,8,77,5,14.210526315789474,7.517231666632641
17,8,77,6,16.57894736842105,14.569053158716954
17,8,77,7,13.31578947368421,7.39408646283522
17,8,77,8,55.94736842105263,61.142341833726654
17,15,77,0,112.15,107.38042309079384
17,15,77,1,33.8421052631579,31.640801994848246
17,15,77,2,38.26315789473684,34.90278897685073
17,15,77,3,21.68421052631579,11.647854507156374
17,15,77,4,24.333333333333332,18.24667576493286
17,15,77,5,20.27777777777778,11.1027582982818
17,15,77,6,17.22222222222222,9.93837219216836
17,15,77,7,18.11111111111111,8.930377034981674
17,15,77,8,21.555555555555557,12.219666993740399
17,15,77,0,67.8,44.867758908526774
17,15,77,1,23.45,19.874540709688176
17,15,77,2,22.05,22.521276489951497
17,15,77,3,13.9,7.711235821496891
17,15,77,4,16.05,12.926818308421735
17,15,77,5,13.65,9.576698694995935
17,15,77,6,12.8,8.835335754499477
17,15,77,7,10.75,7.4753982467403315
17,15,77,8,20.95,18.930551747735304
18,40,77,0,117.25,68.28028535690997
18,40,77,1,37.3,26.062879430533503
18,40,77,2,29.5,23.83827086629265
18,40,77,3,21.5,17.560422006678298
18,40,77,4,21.8,17.539729338366598
18,40,77,5,22.7,18.487833837418595
18,40,77,6,18.4,13.279980976524104
18,40,77,7,13.166666666666666,8.879917858655597
18,40,77,8,12.058823529411764,7.636021446369291
18,40,77,9,13.764705882352942,7.96499695358311
18,40,77,0,102.55,58.31987564061538
18,40,77,1,39.9,40.3522646595937
18,40,77,2,23.9,14.98385095606881
18,40,77,3,24.15,17.085774322825593
18,40,77,4,19.6,16.47134673176103
18,40,77,5,22.15,27.484493235660224
18,40,77,6,15.947368421052632,10.373436611581665
18,40,77,7,12.473684210526315,8.282299875521906
18,40,77,8,12.894736842105264,9.042459945797107
18,40,77,9,12.222222222222221,9.588936980619941
18,26,77,0,124.7,59.24889517068962
18,26,77,1,39.3,26.290082180408483
18,26,77,2,29.95,16.535368790947228
18,26,77,3,31.894736842105264,21.620193073559992
18,26,77,4,28.526315789473685,22.37401374872354
18,26,77,5,16.94736842105263,11.127911275559539
18,26,77,6,19.36842105263158,12.125320276712921
18,26,77,7,17.473684210526315,11.41328865379023
18,26,77,8,12.722222222222221,8.823801738716877
18,26,77,9,14.5,8.410427701231791
18,26,77,0,121.3,70.44527551301977
18,26,77,1,40.0,40.7353460897613
18,26,77,2,41.8,44.71382689716318
18,26,77,3,26.68421052631579,21.15564708319677
18,26,77,4,20.05263157894737,15.998172410242248
18,26,77,5,16.157894736842106,11.856845926368337
18,26,77,6,13.526315789473685,8.428578508414963
18,26,77,7,15.210526315789474,8.829111867808052
18,26,77,8,14.157894736842104,6.414074436517944
18,26,77,9,11.473684210526315,6.212607441973955
18,37,77,0,121.9,76.21707226903405
18,37,77,1,48.35,37.867184793836024
18,37,77,2,31.7,25.54480068634835
18,37,77,3,25.65,12.856597732804659
18,37,77,4,19.2,15.052889213842322
18,37,77,5,25.0,22.230846279793074
18,37,77,6,18.7,13.757677282540332
18,37,77,7,17.4,12.462153231199444
18,37,77,8,14.75,13.93547158947456
18,37,77,9,15.0,13.020346069314206
18,37,77,0,82.6,73.20440021287187
18,37,77,1,30.65,32.52735690720076
18,37,77,2,18.15,11.333578428722326
18,37,77,3,18.45,12.171904664344636
18,37,77,4,18.9,13.005666781101715
18,37,77,5,16.75,10.900869110691177
18,37,77,6,17.65,16.000904579692396
18,37,77,7,13.45,6.012924675887329
18,37,77,8,13.894736842105264,9.362423338016388
18,37,77,9,10.947368421052632,5.64184449951655
18,46,77,0,105.45,62.99663733715852
18,46,77,1,28.55,17.84870627775228
18,46,77,2,38.0,46.100576546229185
18,46,77,3,25.85,29.725542799700765
18,46,77,4,24.0,23.13347995302138
18,46,77,5,13.4,8.993564950914392
18,46,77,6,17.55,16.83190892010579
18,46,77,7,13.421052631578947,11.432486797979035
18,46,77,8,18.842105263157894,18.80089583531929
18,46,77,9,11.470588235294118,9.206774999007685
18,46,77,0,111.05,61.1232361708704
18,46,77,1,28.8,17.080613818626446
18,46,77,2,31.25,30.066373943414977
18,46,77,3,23.3,13.928766144773537
18,46,77,4,21.6,15.836001621887423
18,46,77,5,21.8,17.209544475454067
18,46,77,6,21.15,16.458160669758296
18,46,77,7,18.0,11.364765494142064
18,46,77,8,18.7,14.839846785987348
18,46,77,9,15.222222222222221,11.598963217133603
18,39,77,0,94.5,91.78034418625464
18,39,77,1,28.35,19.040883990978326
18,39,77,2,27.1,18.992796418365405
18,39,77,3,25.3,13.78443057640719
18,39,77,4,27.7,29.035549898266726
18,39,77,5,19.944444444444443,11.153855689044311
18,39,77,6,28.055555555555557,21.506420989807896
18,39,77,7,20.22222222222222,12.051631842425301
18,39,77,8,19.647058823529413,15.913599437551001
18,39,77,9,15.647058823529411,9.367104518410347
18,39,77,0,70.8,52.4962154024359
18,39,77,1,19.55,18.514503560864473
18,39,77,2,19.1,18.864893599655307
18,39,77,3,16.55,14.514874403430726
18,39,77,4,13.2,7.316887460202129
18,39,77,5,14.75,11.946701813074867
18,39,77,6,10.95,8.062094543048515
18,39,77,7,12.105263157894736,8.90626955727821
18,39,77,8,10.947368421052632,7.553319242488521
18,39,77,9,10.263157894736842,7.787754670443692
18,25,77,0,93.7,57.754562362502675
18,25,77,1,25.75,27.227839854786403
18,25,77,2,20.25,14.721538106139803
18,25,77,3,17.95,16.8693899056686
18,25,77,4,20.6,23.052343184930017
18,25,77,5,21.25,28.918897482078176
18,25,77,6,10.736842105263158,10.691856222082498
18,25,77,7,12.722222222222221,9.880495079019873
18,25,77,8,10.333333333333334,7.859052479933758
18,25,77,9,10.38888888888889,9.852672906307852
18,25,77,0,89.4,67.6581188966378
18,25,77,1,31.9,36.11662396066096
18,25,77,2,29.85,41.19565000030183
18,25,77,3,19.45,15.537645286613785
18,25,77,4,13.05,10.153946601147132
18,25,77,5,15.5,15.11186358635597
18,25,77,6,13.3,11.074389611313027
18,25,77,7,12.05,9.27631392310545
18,25,77,8,15.5,14.684399168756222
18,25,77,9,13.055555555555555,16.01643355403598
18,29,77,0,110.6,47.86428181519295
18,29,77,1,29.6,17.721233175576632
18,29,77,2,28.45,16.624253050097746
18,29,77,3,17.6,8.952506264787118
18,29,77,4,18.95,11.655019248555984
18,29,77,5,18.45,12.322316084414103
18,29,77,6,17.0,7.820351317993463
18,29,77,7,17.65,12.3555868462728
18,29,77,8,16.7,10.214025444920024
18,29,77,9,13.9,8.290133641231225
18,29,77,0,115.95,73.62599297873858
18,29,77,1,38.05,26.276815876958512
18,29,77,2,30.35,25.010050611283205
18,29,77,3,22.9,20.081151151737977
18,29,77,4,37.1,44.617556138693594
18,29,77,5,15.0,8.510055971119048
18,29,77,6,14.894736842105264,8.633878598238617
18,29,77,7,14.052631578947368,6.720397509824734
18,29,77,8,10.944444444444445,6.430371155898731
18,29,77,9,12.88888888888889,7.745122859230521
18,35,77,0,97.95,56.02675582631081
18,35,77,1,35.1,39.36856881480854
18,35,77,2,21.4,19.71480875409463
18,35,77,3,20.8,22.938361341923088
18,35,77,4,14.55,10.792175528204632
18,35,77,5,15.45,13.292162312707756
18,35,77,6,14.95,6.870800152590824
18,35,77,7,15.45,11.366965062708783
18,35,77,8,11.6,7.408387849344538
18,35,77,9,12.578947368421053,8.078199672050726
18,35,77,0,116.75,51.832599983529974
18,35,77,1,35.5,33.11463343249357
18,35,77,2,22.25,12.973150410711632
18,35,77,3,31.15,27.998637184879666
18,35,77,4,29.05,43.40443222577742
18,35,77,5,19.5,12.462575555385179
18,35,77,6,21.3,15.647767622857499
18,35,77,7,12.722222222222221,8.863710254578733
18,35,77,8,18.166666666666668,21.535879774159653
18,35,77,9,13.411764705882353,8.485714639391103
18,28,77,0,92.85,53.804005916210166
18,28,77,1,25.25,20.26631896054452
18,28,77,2,20.25,16.22822427617682
18,28,77,3,21.75,30.31045503140007
18,28,77,4,15.55,8.306465458969454
18,28,77,5,12.3,7.377776016345876
18,28,77,6,10.2,7.023269593962181
18,28,77,7,11.6,7.394165552009659
18,28,77,8,11.45,6.295152688253165
18,28,77,9,11.2,6.763680094523441
18,28,77,0,109.3,58.06810883056116
18,28,77,1,42.3,40.131494391627925
18,28,77,2,28.35,24.46323772520719
18,28,77,3,21.75,16.453682998360165
18,28,77,4,19.65,15.994324651345288
18,28,77,5,16.4,8.02889518518811
18,28,77,6,18.6,14.662519349832435
18,28,77,7,16.0,8.902985897705154
18,28,77,8,16.473684210526315,12.034064710242022
18,28,77,9,12.842105263157896,8.001827276696359
18,35,77,0,112.45,75.47148293787598
18,35,77,1,36.4,37.476167865654794
18,35,77,2,32.75,42.18240466305702
18,35,77,3,20.842105263157894,15.507213940954264
18,35,77,4,19.68421052631579,16.931406161919423
18,35,77,5,17.157894736842106,14.777096233679172
18,35,77,6,17.38888888888889,15.029926573688162
18,35,77,7,13.722222222222221,9.234242894253182
18,35,77,8,14.764705882352942,12.9736724357673
18,35,77,9,13.352941176470589,9.151100865951786
18,35,77,0,92.7,59.86660610320072
18,35,77,1,21.5,15.05253956541623
18,35,77,2,23.7,21.196077094842956
18,35,77,3,18.25,11.4564392373896
18,35,77,4,19.5,19.440868509947098
18,35,77,5,16.75,14.392523643965475
18,35,77,6,13.5,10.308402295930094
18,35,77,7,10.35,8.99283340397113
18,35,77,8,11.9,10.823463790351619
18,35,77,9,8.9,5.9991227428858735
18,27,77,0,104.75,59.74143849694456
18,27,77,1,38.05,28.391019706942544
18,27,77,2,25.5,17.875299040560794
18,27,77,3,24.55,12.210758845335837
18,27,77,4,22.6,14.169648808930342
18,27,77,5,20.65,11.421471008587293
18,27,77,6,15.95,8.413491671432446
18,27,77,7,15.31578947368421,10.908980151838959
18,27,77,8,16.736842105263158,14.722779422314545
18,27,77,9,12.31578947368421,9.927809602765956
18,27,77,0,83.05,51.22856419492629
18,27,77,1,43.55,65.26825213564481
18,27,77,2,23.6,37.2973824395507
18,27,77,3,13.526315789473685,8.578839736705085
18,27,77,4,10.842105263157896,6.157769779308964
18,27,77,5,10.68421052631579,6.01897584107451
18,27,77,6,11.263157894736842,6.496512784761767
18,27,77,7,10.842105263157896,5.9466438517381555
18,27,77,8,9.0,4.6785562825394
18,27,77,9,9.157894736842104,6.841565430795765
18,44,77,0,142.75,55.092147687688716
18,44,77,1,47.9,36.492104409180435
18,44,77,2,24.15,10.9172726495798
18,44,77,3,23.85,17.7979153125776
18,44,77,4,19.4,13.84652721044066
18,44,77,5,20.55,21.0525032890828
18,44,77,6,20.85,11.770949968371063
18,44,77,7,16.666666666666668,8.0
18,44,77,8,15.470588235294118,12.026624874932827
18,44,77,9,15.764705882352942,17.11552442873394
18,44,77,0,104.55,53.91755402073566
18,44,77,1,35.8,33.06230163605801
18,44,77,2,25.55,12.567606647333662
18,44,77,3,28.6,23.729617292364942
18,44,77,4,24.35,24.741346174497373
18,44,77,5,23.5,15.80972385657171
18,44,77,6,16.25,8.245413398081576
18,44,77,7,16.157894736842106,11.524192706817239
18,44,77,8,12.421052631578947,8.050643793950645
18,44,77,9,11.105263157894736,8.05463797960257
18,25,77,0,90.1,76.41913510715962
18,25,77,1,32.8,41.20373003043599
18,25,77,2,25.2,24.08450036630897
18,25,77,3,21.55,14.493101807411689
18,25,77,4,21.75,23.510076227237683
18,25,77,5,17.5,11.495994725853093
18,25,77,6,18.3,19.53431528577878
18,25,77,7,14.444444444444445,6.938572681011074
18,25,77,8,12.555555555555555,6.400571869875216
18,25,77,9,17.166666666666668,16.624751214414502
18,25,77,0,118.7,73.58639748443214
18,25,77,1,27.45,22.850716906869568
18,25,77,2,24.5,38.7413827430321
18,25,77,3,16.25,11.016136489618072
18,25,77,4,18.789473684210527,17.558090719312347
18,25,77,5,15.31578947368421,10.959788276437072
18,25,77,6,13.0,9.363047936792093
18,25,77,7,13.222222222222221,11.598963217133601
18,25,77,8,11.11111111111111,7.521646322361402
18,25,77,9,10.333333333333334,7.859052479933758
18,26,77,0,88.15,36.938462339409845
18,26,77,1,38.15,32.1808622435267
18,26,77,2,23.6,15.177545741549986
18,26,77,3,17.6,8.999415185677929
18,26,77,4,14.7,8.423650914944309
18,26,77,5,13.4,8.40676419382192
18,26,77,6,12.7,6.00964137646201
18,26,77,7,13.25,7.587212233336049
18,26,77,8,10.7,5.822822610890248
18,26,77,9,10.45,5.31606304663418
18,26,77,0,95.65,65.47178982705371
18,26,77,1,32.05,31.072876986377146
18,26,77,2,25.65,22.30004720315986
18,26,77,3,22.0,19.202521764217927
18,26,77,4,25.0,19.577108006412413
18,26,77,5,17.8,11.528454499970703
18,26,77,6,15.0,8.233436322958386
18,26,77,7,12.7,8.214877389609402
18,26,77,8,13.421052631578947,7.112709981072882
18,26,77,9,11.88888888888889,4.992805281118361
18,42,77,0,98.0,44.905749250953086
18,42,77,1,37.8,36.175886123799444
18,42,77,2,26.4,31.29889858495949
18,42,77,3,21.35,14.826274685592184
18,42,77,4,16.7,13.377514520150672
18,42,77,5,13.2,9.918616202294604
18,42,77,6,14.157894736842104,9.233171827075683
18,42,77,7,15.263157894736842,11.13474095524233
18,42,77,8,13.947368421052632,10.298185839212039
18,42,77,9,11.68421052631579,8.550845517510387
18,42,77,0,133.1,96.35619227363483
18,42,77,1,43.0,36.56573028915117
18,42,77,2,30.75,20.508983910779968
18,42,77,3,22.5,17.169434285503133
18,42,77,4,27.65,19.236136497967074
18,42,77,5,21.31578947368421,16.41155633346666
18,42,77,6,20.666666666666668,15.556349186104045
18,42,77,7,19.38888888888889,15.73732501706724
18,42,77,8,17.705882352941178,15.135903945100011
18,42,77,9,13.529411764705882,9.33486507038816
18,47,77,0,104.5,51.89006597961137
18,47,77,1,38.15,28.72056845940865
18,47,77,2,22.35,12.815594940704491
18,47,77,3,21.35,14.747970422364812
18,47,77,4,17.5,8.562463983789025
18,47,77,5,18.35,15.421362490150848
18,47,77,6,19.2,16.372634421336624
18,47,77,7,13.0,5.312459150169742
18,47,77,8,15.052631578947368,13.381054950150506
18,47,77,9,10.61111111111111,4.654395631315677
18,47,77,0,81.65,53.625676293122275
18,47,77,1,35.9,51.09011646101426
18,47,77,2,21.3,15.431000922613029
18,47,77,3,19.65,17.067281718632227
18,47,77,4,18.45,14.173641213998536
18,47,77,5,17.75,12.387918562687982
18,47,77,6,17.55,12.667716946300109
18,47,77,7,15.7,11.452878286816444
18,47,77,8,15.65,12.974773094050825
18,47,77,9,14.15,12.852503340021475
18,31,77,0,85.3,50.84455153753086
18,31,77,1,33.45,24.2106435923933
18,31,77,2,22.2,12.563941721408426
18,31,77,3,17.3,10.643011050004896
18,31,77,4,22.7,16.508689896695714
18,31,77,5,13.75,9.994077193386513
18,31,77,6,16.6,12.253463527552226
18,31,77,7,12.85,9.980375480754324
18,31,77,8,15.15,12.550005242188044
18,31,77,9,14.9,11.303935039110097
18,31,77,0,113.85,58.55925923460152
18,31,77,1,28.05,21.50758740048436
18,31,77,2,26.05,18.765800360173685
18,31,77,3,16.05,9.719622041601152
18,31,77,4,19.45,13.14884425579518
18,31,77,5,19.95,14.16249680633587
18,31,77,6,19.25,10.472394789711613
18,31,77,7,17.3,10.98372001023141
18,31,77,8,24.55,37.51136669836154
18,31,77,9,14.789473684210526,7.52461846480841
18,27,77,0,89.35,70.84027623352485
18,27,77,1,26.35,20.645567894446753
18,27,77,2,19.25,12.147666009307475
18,27,77,3,16.35,11.310335282851977
18,27,77,4,17.7,9.319475928342074
18,27,77,5,20.85,23.4751268142979
18,27,77,6,18.68421052631579,15.380552769935546
18,27,77,7,14.578947368421053,7.493076726579633
18,27,77,8,14.052631578947368,7.306569982712866
18,27,77,9,14.421052631578947,8.255071097840972
18,27,77,0,100.8,70.25712175925469
18,27,77,1,38.65,35.08377192708303
18,27,77,2,35.4,45.69625114187216
18,27,77,3,35.4,49.57227578310067
18,27,77,4,17.55,10.35412452778322
18,27,77,5,16.470588235294116,9.227117961874821
18,27,77,6,16.6875,8.814523999248816
18,27,77,7,16.5,10.74554171117802
18,27,77,8,14.75,7.611394966320781
18,27,77,9,12.6875,9.540920640413411
18,38,77,0,124.5,62.46219909504846
18,38,77,1,44.95,36.44097606873484
18,38,77,2,30.8,19.32710123389597
18,38,77,3,29.55,16.78493999174009
18,38,77,4,23.0,15.08223074384311
18,38,77,5,25.263157894736842,18.128682324069157
18,38,77,6,19.57894736842105,14.53087054619954
18,38,77,7,19.72222222222222,18.18792603885257
18,38,77,8,16.77777777777778,16.224728967392938
18,38,77,9,11.941176470588236,12.823175251450468
18,38,77,0,118.65,93.46053205835915
18,38,77,1,39.6,33.179575201113046
18,38,77,2,27.2,24.09979253022731
18,38,77,3,21.63157894736842,16.35444392993262
18,38,77,4,19.473684210526315,16.01169163473516
18,38,77,5,17.666666666666668,19.688754628557117
18,38,77,6,15.055555555555555,12.71623428453113
18,38,77,7,14.470588235294118,12.840938668273163
18,38,77,8,12.411764705882353,9.487220506617124
18,38,77,9,17.5,24.278934627916986
18,24,77,0,114.5,51.25118740601349
18,24,77,1,35.75,43.7816051255367
18,24,77,2,23.5,17.236741663025953
18,24,77,3,29.2,24.671739639557345
18,24,77,4,15.8,10.831727276361496
18,24,77,5,17.15,14.722968093210152
18,24,77,6,12.65,11.356774004508221
18,24,77,7,11.4,8.087677436433125
18,24,77,8,10.789473684210526,8.317177321452949
18,24,77,9,10.789473684210526,8.223130975543055
18,24,77,0,118.7,49.44438662195187
18,24,77,1,43.15,43.896139381858845
18,24,77,2,27.55,15.236642122130938
18,24,77,3,27.65,19.442966526958305
18,24,77,4,23.65,11.183987613877639
18,24,77,5,18.45,11.94053247512328
18,24,77,6,18.4,10.194941986360842
18,24,77,7,17.6,9.35498741173307
18,24,77,8,17.6,9.949345389733462
18,24,77,9,18.1,12.375272458457333
19,20,77,0,110.95,69.73670407136288
19,20,77,1,34.45,26.872946677986295
19,20,77,2,26.95,19.013776169149736
19,20,77,3,30.95,34.886998030483326
19,20,77,4,23.45,19.818850675689124
19,20,77,5,17.0,11.343133018115703
19,20,77,6,13.88888888888889,6.172890341112394
19,20,77,7,12.944444444444445,4.8926381939330055
19,20,77,8,12.833333333333334,7.326422768871265
19,20,77,9,53.833333333333336,59.82253165921388
19,20,77,0,100.75,61.17952443854329
19,20,77,1,35.3,28.163245925365768
19,20,77,2,30.7,25.557159878449554
19,20,77,3,21.6,14.597764789244458
19,20,77,4,17.15,9.820896089461492
19,20,77,5,17.85,12.47428934796857
19,20,77,6,17.65,10.82528716040656
19,20,77,7,16.57894736842105,14.342306452797782
19,20,77,8,16.210526315789473,10.824760440605196
19,20,77,9,66.94736842105263,69.40659085275094
19,9,77,0,82.9,42.97110412211542
19,9,77,1,36.35,23.81568479186066
19,9,77,2,31.2,28.207128624926675
19,9,77,3,24.3,14.797225913556977
19,9,77,4,15.7,8.778562404786838
19,9,77,5,19.15,15.540354937354147
19,9,77,6,16.25,11.073320236163658
19,9,77,7,17.4,12.158601027559396
19,9,77,8,14.8,9.90799783269211
19,9,77,9,49.8,72.11146342915762
19,9,77,0,92.0,70.06538299857385
19,9,77,1,26.7,22.898172760931683
19,9,77,2,24.75,24.222379821366154
19,9,77,3,18.65,13.468384031540406
19,9,77,4,17.0,9.878205675547612
19,9,77,5,13.9,8.825203143628807
19,9,77,6,16.4,12.167255453189016
19,9,77,7,14.55,8.068620178131287
19,9,77,8,17.75,15.973250666101286
19,9,77,9,29.3,44.90703848243789
19,0,77,0,118.7,62.41044109678073
19,0,77,1,28.45,28.566588875817846
19,0,77,2,26.9,20.46023100142271
19,0,77,3,27.4,22.0869096739985
19,0,77,4,19.0,14.315982970828536
19,0,77,5,19.0,13.054541456197493
19,0,77,6,20.8,23.61667564288108
19,0,77,7,14.05,8.810729105381748
19,0,77,8,13.45,9.092941160447944
19,0,77,9,64.45,73.02953620210619
19,0,77,0,136.25,67.96816205129853
19,0,77,1,63.5,47.44692325447235
19,0,77,2,33.85,26.28642835741428
19,0,77,3,33.1,30.445637488895898
19,0,77,4,23.55,16.900560563733414
19,0,77,5,20.6,12.704744244406868
19,0,77,6,20.65,18.621648409141553
19,0,77,7,15.352941176470589,17.613706227220423
19,0,77,8,12.8,7.073087828421998
19,0,77,9,50.46666666666667,43.11258793084959
19,21,77,0,117.7,74.15353914966603
19,21,77,1,30.9,25.951168719245324
19,21,77,2,27.65,22.074693775070994
19,21,77,3,20.85,15.006226777750069
19,21,77,4,19.7,15.587106682666995
19,21,77,5,19.25,19.86500493462389
19,21,77,6,19.95,24.06892515038295
19,21,77,7,13.722222222222221,9.669877762811298
19,21,77,8,15.117647058823529,15.272042892738583
19,21,77,9,15.176470588235293,11.441346588785162
19,21,77,0,80.75,47.751412213892195
19,21,77,1,41.7,42.13149840552478
19,21,77,2,30.5,17.638176299093246
19,21,77,3,25.9,21.15332498437862
19,21,77,4,23.0,14.707677908959125
19,21,77,5,21.65,10.484449637941244
19,21,77,6,14.65,8.604007634144745
19,21,77,7,14.894736842105264,8.755282448912421
19,21,77,8,15.31578947368421,11.348287347921454
19,21,77,9,27.473684210526315,42.233962664414776
19,1,77,0,115.75,93.79477877960899
19,1,77,1,27.35,15.034259122697765
19,1,77,2,29.25,22.580557542881188
19,1,77,3,28.0,22.145452188464766
19,1,77,4,21.1,15.413254719644115
19,1,77,5,15.789473684210526,9.99766054506098
19,1,77,6,23.36842105263158,23.786575406952622
19,1,77,7,15.235294117647058,7.258868814807734
19,1,77,8,13.411764705882353,6.7459137958601625
19,1,77,9,25.352941176470587,41.764131106235446
19,1,77,0,91.9,46.97468523185205
19,1,77,1,36.3,26.364050483465867
19,1,77,2,28.2,19.97261282751695
19,1,77,3,38.05,37.99511741485241
19,1,77,4,16.05,8.23647216253479
19,1,77,5,17.85,14.079754034932943
19,1,77,6,16.31578947368421,12.000243662243545
19,1,77,7,12.210526315789474,7.50983760268579
19,1,77,8,12.157894736842104,9.364609251471656
19,1,77,9,19.22222222222222,20.904701288172294
19,22,77,0,119.0,76.77856060399317
19,22,77,1,26.1,16.137240356262573
19,22,77,2,25.5,23.272979588943237
19,22,77,3,19.4,9.697530884877754
19,22,77,4,17.4,11.957820607627902
19,22,77,5,16.05,8.79279010864793
19,22,77,6,18.789473684210527,17.30632173310737
19,22,77,7,15.31578947368421,12.631761694584485
19,22,77,8,14.631578947368421,10.446746044772823
19,22,77,9,38.78947368421053,36.620545155491335
19,22,77,0,86.1,36.040766391757856
19,22,77,1,39.3,41.61616588728345
19,22,77,2,27.55,25.079819943952003
19,22,77,3,26.35,29.119129180154516
19,22,77,4,21.35,20.93165570437073
19,22,77,5,17.95,21.8523153054894
19,22,77,6,16.5,15.312533566021212
19,22,77,7,14.777777777777779,9.631782899861548
19,22,77,8,10.333333333333334,6.315247654777797
19,22,77,9,61.611111111111114,76.02254997416992
19,0,77,0,115.7,62.94450354332608
19,0,77,1,42.55,32.587493564895496
19,0,77,2,23.65,10.373422517994825
19,0,77,3,24.15,18.379837351092952
19,0,77,4,19.65,12.646093634420327
19,0,77,5,20.6,10.879241459625856
19,0,77,6,17.8,11.450580311656008
19,0,77,7,16.8,9.168596288131397
19,0,77,8,18.526315789473685,10.276015338061255
19,0,77,9,51.10526315789474,54.403732242111346
19,0,77,0,131.6,77.42935659785566
19,0,77,1,37.35,22.82951690477184
19,0,77,2,33.95,28.54078337729141
19,0,77,3,23.736842105263158,18.72859401872251
19,0,77,4,21.42105263157895,19.602482239285933
19,0,77,5,24.0,15.684387141358124
19,0,77,6,16.42105263157895,10.161560408791578
19,0,77,7,19.68421052631579,16.055641554637244
19,0,77,8,10.68421052631579,6.625310320438226
19,0,77,9,51.05555555555556,39.554091366012315
19,21,77,0,89.7,56.23456513381671
19,21,77,1,28.8,24.51551603201102
19,21,77,2,19.4,15.520444920372476
19,21,77,3,22.4,21.411752798281995
19,21,77,4,24.55,25.670944050054967
19,21,77,5,20.1,16.26070497597781
19,21,77,6,14.85,10.126957250719228
19,21,77,7,19.55,17.488266743282782
19,21,77,8,14.210526315789474,12.9468097630627
19,21,77,9,40.10526315789474,67.7412517819272
19,21,77,0,120.8,64.28931318246978
19,21,77,1,40.2,36.513299667813904
19,21,77,2,24.45,13.535431087957342
19,21,77,3,23.9,16.60342387010963
19,21,77,4,20.35,18.85477742056234
19,21,77,5,14.95,8.331771783518294
19,21,77,6,16.8,11.128909721035003
19,21,77,7,16.526315789473685,10.961388907598606
19,21,77,8,13.0,9.516068282413466
19,21,77,9,44.05263157894737,52.52562727343517
19,7,77,0,115.8,73.37258917405916
19,7,77,1,32.9,19.100564885556878
19,7,77,2,28.75,16.318781559263158
19,7,77,3,22.0,14.800426736379844
19,7,77,4,22.75,19.125279495721724
19,7,77,5,24.55,18.83299176836671
19,7,77,6,17.65,16.72777394193954
19,7,77,7,22.95,20.085278714835685
19,7,77,8,15.68421052631579,10.138225965670431
19,7,77,9,46.0,40.01617320093288
19,7,77,0,81.45,41.20229298677952
19,7,77,1,33.75,48.98428856598603
19,7,77,2,26.25,20.59349667402692
19,7,77,3,18.15,11.837829637493344
19,7,77,4,15.05,9.4950125412184
19,7,77,5,14.4,7.856609687993523
19,7,77,6,14.8,9.725711988549246
19,7,77,7,13.85,10.624078907443176
19,7,77,8,11.7,5.420234991992603
19,7,77,9,36.95,50.60005720820564
19,21,77,0,81.2,63.011778347593996
19,21,77,1,34.3,27.156660518670474
19,21,77,2,22.05,18.091798083516657
19,21,77,3,20.2,16.649956535426117
19,21,77,4,20.65,16.70573491192077
19,21,77,5,13.1,5.711484275700927
19,21,77,6,13.3,10.397874276681952
19,21,77,7,12.4,7.700991050371032
19,21,77,8,11.5,6.3618931310205395
19,21,77,9,33.75,58.7321081378473
19,21,77,0,87.05,57.49459928870208
19,21,77,1,23.3,11.991663771137015
19,21,77,2,20.25,12.677684497199253
19,21,77,3,19.2,11.551258760298309
19,21,77,4,19.45,12.150265320906414
19,21,77,5,17.3,9.776986943031606
19,21,77,6,18.4,11.151587094976307
19,21,77,7,18.1,11.951216630425892
19,21,77,8,17.2,11.678139722079928
19,21,77,9,13.052631578947368,10.911124212424097
19,10,77,0,110.8,59.32568450599844
19,10,77,1,28.9,18.836973720514887
19,10,77,2,25.2,15.045894701493197
19,10,77,3,21.8,13.044861864068611
19,10,77,4,19.85,12.88113675925096
19,10,77,5,14.65,9.642422713689422
19,10,77,6,16.1,9.323992819884793
19,10,77,7,15.3,9.268509219820345
19,10,77,8,18.45,11.731536445343426
19,10,77,9,31.35,37.80041074686331
19,10,77,0,117.4,59.75511429334335
19,10,77,1,47.1,34.57242588507418
19,10,77,2,30.6,18.457347702487656
19,10,77,3,30.2,23.227932368277276
19,10,77,4,27.9,22.28263425795263
19,10,77,5,21.65,16.258681891288276
19,10,77,6,21.210526315789473,16.250056230222103
19,10,77,7,16.894736842105264,13.995613347847824
19,10,77,8,15.947368421052632,11.702201522270768
19,10,77,9,41.27777777777778,37.433557696671926
19,4,77,0,112.2,84.49328842857096
19,4,77,1,39.0,36.30571942763144
19,4,77,2,21.25,12.809844076457678
19,4,77,3,23.0,19.830863770767447
19,4,77,4,19.7,10.068711306240786
19,4,77,5,27.0,19.220937657784663
19,4,77,6,17.263157894736842,10.321725228657582
19,4,77,7,15.11111111111111,11.437239943113019
19,4,77,8,15.941176470588236,12.646494515454146
19,4,77,9,33.294117647058826,34.514063629704545
19,4,77,0,120.9,63.2263269615801
19,4,77,1,35.55,40.04533615002403
19,4,77,2,24.8,30.27696710111674
19,4,77,3,17.15,12.261514459564333
19,4,77,4,13.25,6.422616289332565
19,4,77,5,10.777777777777779,5.826466546570113
19,4,77,6,10.722222222222221,5.859186407640324
19,4,77,7,10.333333333333334,5.698296959205804
19,4,77,8,10.944444444444445,6.328945848682508
19,4,77,9,22.22222222222222,39.2316732119156
19,5,77,0,89.35,53.57559833396269
19,5,77,1,39.85,31.795853751542413
19,5,77,2,26.35,16.931052132569597
19,5,77,3,27.4,19.545897402349116
19,5,77,4,23.25,16.66030580372654
19,5,77,5,20.25,19.300599936135065
19,5,77,6,17.9,9.738150694426967
19,5,77,7,11.5,5.889330227310724
19,5,77,8,12.0,5.676462121975466
19,5,77,9,18.210526315789473,11.128436784344776
19,5,77,0,101.15,53.28303274915353
19,5,77,1,34.5,24.314821124486805
19,5,77,2,21.15,16.664727957417632
19,5,77,3,26.35,28.571747178674695
19,5,77,4,20.4,16.474541763453985
19,5,77,5,16.9,10.315547795235572
19,5,77,6,15.55,8.774814437984011
19,5,77,7,12.473684210526315,7.5156756261136675
19,5,77,8,12.578947368421053,7.5595104888087405
19,5,77,9,19.263157894736842,18.546764034201516
19,0,77,0,114.75,43.02248494132244
19,0,77,1,35.2,21.595808560191053
19,0,77,2,37.0,41.80908992073375
19,0,77,3,35.45,27.001900517907018
19,0,77,4,24.6,17.980691398216443
19,0,77,5,27.55,24.103886998180457
19,0,77,6,17.88888888888889,13.415920695374401
19,0,77,7,16.352941176470587,12.399300264886866
19,0,77,8,16.941176470588236,14.851222964100021
19,0,77,9,40.4375,27.68867096846651
19,0,77,0,122.05,84.43214341768935
19,0,77,1,32.85,23.99402337864029
19,0,77,2,31.1,20.76662301817384
19,0,77,3,25.0,19.270011243726177
19,0,77,4,20.63157894736842,15.199453668236417
19,0,77,5,24.473684210526315,22.0614505946273
19,0,77,6,18.842105263157894,12.370498767878434
19,0,77,7,19.894736842105264,15.172690147623442
19,0,77,8,16.736842105263158,13.89581114046467
19,0,77,9,82.41176470588235,95.2680815013149
19,0,77,0,135.35,60.87975637962183
19,0,77,1,38.45,28.8288506808535
19,0,77,2,30.05,29.867206096319087
19,0,77,3,26.05,23.050231189615797
19,0,77,4,24.85,22.462307609813706
19,0,77,5,17.1,11.566284942384096
19,0,77,6,16.05263157894737,8.79061168526796
19,0,77,7,16.0,13.548267621934386
19,0,77,8,12.0,6.387487769068525
19,0,77,9,63.25,47.11192347307987
19,0,77,0,115.15,48.95462453290695
19,0,77,1,48.7,47.79242397570649
19,0,77,2,35.8,29.82510422622632
19,0,77,3,24.3,22.683404552784026
19,0,77,4,23.6,23.41029912801538
19,0,77,5,21.842105263157894,15.38853526310609
19,0,77,6,17.263157894736842,7.964100739242022
19,0,77,7,14.578947368421053,11.687199975822002
19,0,77,8,14.631578947368421,11.021244768959173
19,0,77,9,52.166666666666664,32.93353377727364
19,11,77,0,76.15,32.1317599891447
19,11,77,1,47.85,94.05053233012
19,11,77,2,22.31578947368421,19.782294641586695
19,11,77,3,24.05263157894737,18.179578543612934
19,11,77,4,18.63157894736842,14.72416957219127
19,11,77,5,19.894736842105264,27.872516803877904
19,11,77,6,16.263157894736842,13.357653258892274
19,11,77,7,11.947368421052632,8.62472984575637
19,11,77,8,16.555555555555557,13.958856443226802
19,11,77,9,23.055555555555557,26.61373423015272
19,11,77,0,121.7,68.37597300375714
19,11,77,1,58.7,39.8656955816718
19,11,77,2,43.55,26.21063464361465
19,11,77,3,38.7,39.676454637877846
19,11,77,4,23.75,12.842671471555901
19,11,77,5,22.88888888888889,15.944347657468532
19,11,77,6,24.055555555555557,27.26443971921327
19,11,77,7,23.055555555555557,13.86689762251105
19,11,77,8,15.88888888888889,9.94034493950486
19,11,77,9,39.64705882352941,46.67298626677774
19,17,77,0,122.8,95.32470823453907
19,17,77,1,34.95,21.88841318092628
19,17,77,2,24.4,17.61996475293685
19,17,77,3,21.55,15.47315161990703
19,17,77,4,28.1,30.39546365045804
19,17,77,5,19.3,11.671377495033692
19,17,77,6,15.05,10.840834110460612
19,17,77,7,14.842105263157896,12.038194576221583
19,17,77,8,11.789473684210526,8.657552562605035
19,17,77,9,49.0,56.62817320027196
19,17,77,0,114.65,64.58472607439984
19,17,77,1,36.95,26.80627381396888
19,17,77,2,24.15,15.587697578201656
19,17,77,3,40.35,38.12068784931961
19,17,77,4,19.15,15.15976322548052
19,17,77,5,15.35,8.080353040750008
19,17,77,6,15.4,10.767397183408029
19,17,77,7,18.055555555555557,14.280683054277622
19,17,77,8,15.055555555555555,14.85804286938548
19,17,77,9,52.22222222222222,51.70454019836346
19,1,77,0,91.95,70.61345853529474
19,1,77,1,31.7,29.32414130299291
19,1,77,2,27.5,30.30459405853561
19,1,77,3,39.75,60.18381929774113
19,1,77,4,24.45,28.71360396452488
19,1,77,5,15.055555555555555,13.348153528274205
19,1,77,6,12.529411764705882,12.155850685260695
19,1,77,7,10.0,7.053367989832941
19,1,77,8,9.3125,5.712194557844355
19,1,77,9,27.5625,57.04731223583924
19,1,77,0,90.1,50.57761102347664
19,1,77,1,20.3,14.030418082828016
19,1,77,2,21.75,16.045576534228662
19,1,77,3,13.65,9.653333212174081
19,1,77,4,15.65,13.448830902036761
19,1,77,5,18.55,17.605247423484435
19,1,77,6,14.0,11.239029738980328
19,1,77,7,12.7,9.492933660027559
19,1,77,8,9.8,6.304551405219298
19,1,77,9,50.05263157894737,89.96077767820726
19,5,77,0,136.1,71.44884073310962
19,5,77,1,38.95,42.55210428342374
19,5,77,2,24.1,24.14190503973057
19,5,77,3,22.7,16.258115382462805
19,5,77,4,18.6,14.354166825809079
19,5,77,5,18.7,14.35673324519489
19,5,77,6,14.75,10.21286598261954
19,5,77,7,9.444444444444445,7.294012227785539
19,5,77,8,10.294117647058824,7.295244220400994
19,5,77,9,37.470588235294116,44.645993167162864
19,5,77,0,122.25,80.39368592645883
19,5,77,1,54.3,59.96411207415736
19,5,77,2,40.15,37.20678347885107
19,5,77,3,28.68421052631579,25.1264637640586
19,5,77,4,18.11111111111111,8.884149063087776
19,5,77,5,21.72222222222222,13.481165753203966
19,5,77,6,19.5,12.67814237645433
19,5,77,7,17.61111111111111,12.866458395144598
19,5,77,8,15.470588235294118,11.05733719673742
19,5,77,9,34.411764705882355,38.67179014399483
19,2,77,0,93.1,51.47293616935736
19,2,77,1,39.35,34.954519322294104
19,2,77,2,37.25,46.93206176008712
19,2,77,3,24.95,18.30005752076091
19,2,77,4,17.68421052631579,14.491578518340104
19,2,77,5,16.42105263157895,14.633734958321794
19,2,77,6,16.68421052631579,13.453841382787907
19,2,77,7,14.631578947368421,11.562441717886935
19,2,77,8,13.421052631578947,9.364921483171383
19,2,77,9,54.36842105263158,76.84415001685467
19,2,77,0,91.45,58.55224837248937
19,2,77,1,29.65,25.933670452866767
19,2,77,2,29.35,28.383232633666697
19,2,77,3,19.5,12.84113456210569
19,2,77,4,17.7,13.970269183255978
19,2,77,5,18.75,12.143332586888555
19,2,77,6,24.6,24.424750173801808
19,2,77,7,15.2,11.619403010300893
19,2,77,8,13.55,8.666177449080266
19,2,77,9,40.421052631578945,39.68671172721794
