trial_id,stim_id,param_id,index,sample_n_mean,sample_n_std
0,19,28,0,34.1,17.189041796875614
0,19,28,1,14.2,10.185645213782612
0,152,66,0,40.1,32.68654962390172
0,152,66,1,12.5,19.720414215784245
0,70,71,1,59.9,42.65146384851348
0,153,74,0,43.15,22.91465860420723
0,153,74,1,13.75,13.93547158947456
0,113,155,0,53.35,27.465337005798876
0,113,155,1,15.25,10.562470803447658
0,97,72,0,54.1,45.14992568624764
0,97,72,1,15.8,21.46870427291537
0,153,74,0,52.2,21.922351007230283
0,153,74,1,20.5,19.779042603619356
0,97,72,0,66.45,50.767244931104315
0,97,72,1,17.75,24.759633956991586
0,113,155,0,71.3,53.90449644363729
0,113,155,1,20.9,15.630267533151658
0,175,74,0,40.1,28.6428093300184
0,175,74,1,13.05,11.860926563610803
0,143,72,0,28.7,24.908464002169392
0,143,72,1,19.25,24.81271957346834
0,175,74,0,51.35,36.758493468928556
0,175,74,1,14.0,9.464615542557501
0,143,72,0,36.45,28.135901396053068
0,143,72,1,16.1,28.966223524359503
0,337,74,0,47.65,31.05051063229582
0,337,74,1,17.7,12.549271314555112
0,70,155,0,78.45,65.57476648833757
0,70,155,1,35.5,36.98719550843167
0,118,72,0,48.8,30.184694622833014
0,118,72,1,15.15,15.149344262341765
0,337,74,0,38.95,19.821506130038603
0,337,74,1,23.75,25.397627323909816
0,70,155,0,61.2,39.2704522644269
0,70,155,1,19.35,23.930326498311498
0,118,72,0,40.4,42.08187508329822
0,118,72,1,24.35,33.29971550376338
0,53,74,0,48.9,24.595463852207853
0,53,74,1,18.65,12.270096297824836
0,241,72,0,49.65,36.80857308605672
0,241,72,1,24.3,33.84966764977169
0,53,74,0,44.6,20.458944768795668
0,53,74,1,16.95,14.076763234419152
0,100,155,0,89.65,75.20027645525892
0,100,155,1,23.85,28.751704754949564
0,241,72,0,48.0,38.759718645440195
0,241,72,1,15.8,24.4381065680543
0,19,74,0,48.45,23.426199907481006
0,19,74,1,13.4,12.991495193718892
0,19,74,0,35.9,19.067470232116047
0,19,74,1,9.4,7.401280116873098
0,18,72,0,36.1,24.128820940941146
0,18,72,1,14.8,23.507221734696987
0,18,72,0,37.0,24.298581288453427
0,18,72,1,18.0,18.82886921165139
0,175,74,0,42.5,27.633884615583245
0,175,74,1,18.35,15.728870538632219
0,100,155,0,75.05,39.34526655139091
0,100,155,1,32.2,39.7910331078432
0,175,74,0,34.1,17.970443570075368
0,175,74,1,12.25,10.161200716450788
0,16,72,0,38.15,30.501553023446284
0,16,72,1,16.05,21.950842208995315
0,16,72,0,25.4,28.414970109359427
0,16,72,1,6.9,7.447359122181289
0,48,155,0,70.45,36.092680406799495
0,48,155,1,17.35,17.52073959025342
0,132,74,0,46.15,21.75527764160131
0,132,74,1,14.7,13.286716754159515
0,169,72,0,41.5,29.86548791533553
0,169,72,1,12.75,17.492479587104373
0,132,74,0,45.9,31.585972902706775
0,132,74,1,17.1,16.415333011996342
0,48,155,0,68.2,48.285990122449206
0,48,155,1,22.5,28.36695631410455
0,169,72,0,47.25,46.95336432091562
0,169,72,1,10.6,7.465006081007146
0,316,74,0,46.85,19.429426949319616
0,316,74,1,13.6,12.253463527552228
0,116,72,0,27.55,22.439333417250307
0,116,72,1,14.6,27.219188278240697
0,316,74,0,45.5,32.59560835773013
0,316,74,1,13.25,9.486139473213704
0,116,72,0,39.05,36.92307080802918
0,116,72,1,17.65,24.46323772520719
0,150,155,0,77.55,56.228364260117154
0,150,155,1,27.05,37.70030713263138
0,99,74,0,46.25,21.297084060351647
0,99,74,1,11.3,9.61960717000768
0,316,72,0,37.85,29.337016315838756
0,316,72,1,25.9,29.66639069455712
0,99,74,0,36.65,19.47812538261967
0,99,74,1,12.75,10.7990009284485
0,316,72,0,42.8,49.33942589216479
0,316,72,1,8.45,13.260447718090461
0,150,155,0,71.2,61.54553299451511
0,150,155,1,29.25,33.510210541360614
0,111,74,0,43.15,19.751815372930047
0,111,74,1,18.35,19.515917929515354
0,75,72,0,31.35,38.160705885559956
0,75,72,1,26.85,39.86328610322246
0,111,74,0,39.15,24.6689128896653
0,111,74,1,14.55,12.671871045330034
0,75,72,0,22.55,24.303941633968932
0,75,72,1,15.35,29.57288053534682
0,8,155,0,70.25,49.096977074915074
0,8,155,1,17.0,12.251745310685116
0,94,74,0,48.45,35.1170598817276
0,94,74,1,14.2,13.0044526787437
0,23,72,0,44.55,39.839777794772424
0,23,72,1,24.15,31.028467404525223
0,94,74,0,45.0,35.18372829650242
0,94,74,1,16.05,13.697771620538177
0,8,155,0,59.95,46.63348130846944
0,8,155,1,25.55,36.1262042232359
0,23,72,0,48.0,38.41600543633096
0,23,72,1,15.65,20.36321502896312
0,134,74,0,44.35,31.561593916124007
0,134,74,1,16.3,19.434369988299217
0,111,72,0,39.45,34.70852314558152
0,111,72,1,15.45,24.924042503912602
0,134,74,0,46.45,31.56526238563025
0,134,74,1,19.0,22.966795253376695
0,160,155,0,89.15,55.98239854961933
0,160,155,1,28.4,32.02531893098926
0,111,72,0,39.7,29.30079934242858
0,111,72,1,18.95,24.169304151296842
0,111,74,0,36.65,17.77424215572991
0,111,74,1,9.4,7.155417527999327
0,166,72,0,42.8,35.96869984335065
0,166,72,1,15.95,25.670944050054967
0,160,155,0,62.05,50.04153537970128
0,160,155,1,18.15,16.655250476082692
0,111,74,0,48.4,22.85515028908894
0,111,74,1,21.3,19.123146625022393
0,166,72,0,37.85,40.828621282006004
0,166,72,1,16.7,17.363300680640066
0,197,74,0,34.85,23.488575050324716
0,197,74,1,17.65,16.8062488378579
0,113,155,0,61.8,40.30880797046719
0,113,155,1,16.9,13.795117366586437
0,108,72,0,41.5,46.68201501987451
0,108,72,1,16.25,24.319961478501348
0,197,74,0,43.4,19.78675793235679
0,197,74,1,15.45,8.999853799982121
0,108,72,0,42.4,29.553519694205452
0,108,72,1,19.05,20.32233668703116
0,71,74,0,37.7,23.43658857876987
0,71,74,1,13.3,11.369858583576418
0,113,155,0,72.9,49.2532659884227
0,113,155,1,17.75,15.505092542027672
0,57,72,0,25.6,30.596525430529734
0,57,72,1,24.0,31.00424419163829
0,71,74,0,45.15,22.532491160427355
0,71,74,1,14.35,11.132101518155785
0,57,72,0,41.8,33.19416562558769
0,57,72,1,16.5,23.752008225344692
0,183,74,0,47.65,29.599564363792858
0,183,74,1,14.5,13.394814393323221
0,99,155,0,80.9,61.479906858813806
0,99,155,1,18.95,14.291974192384671
0,150,72,0,43.85,48.68942930776443
0,150,72,1,17.4,43.74014174645528
0,183,74,0,43.45,22.17982725005101
0,183,74,1,19.7,19.647150590245637
0,150,72,0,40.3,26.344079530622995
0,150,72,1,16.0,23.019442583218762
0,55,74,0,44.95,25.109182635672923
0,55,74,1,13.4,12.783212675841293
0,99,155,0,90.25,50.286416498001984
0,99,155,1,20.85,15.42818678161569
0,55,74,0,36.85,15.718828803297287
0,55,74,1,17.25,15.413169352008179
0,19,72,0,38.15,33.01877456363592
0,19,72,1,17.75,25.013417452071177
0,183,74,0,39.5,24.974724064647106
0,183,74,1,15.3,14.585861936171364
0,19,72,0,48.55,29.139365668781252
0,19,72,1,27.1,32.718737589853376
0,15,155,0,76.3,57.02824784816362
0,15,155,1,19.4,15.675659979390778
0,183,74,0,42.7,21.07655219981624
0,183,74,1,10.7,9.194391883385391
0,108,72,0,32.1,22.920687047661595
0,108,72,1,16.55,21.55891560596829
0,63,74,0,48.8,25.17433948331222
0,63,74,1,10.9,8.943683451699894
0,15,155,0,81.65,61.19277133091697
0,15,155,1,21.5,18.96950461301396
0,108,72,0,57.05,46.934977418372725
0,108,72,1,20.2,18.057218996698712
0,63,74,0,39.8,20.299338853636023
0,63,74,1,11.1,12.13910601061059
0,42,74,0,37.1,18.677033462179384
0,42,74,1,13.05,12.52145527106427
0,15,72,0,48.3,32.75764274020243
0,15,72,1,19.05,24.769410251568896
0,42,74,0,44.35,22.499766080655387
0,42,74,1,12.55,15.449322928444744
0,153,155,0,74.7,39.677781134905636
0,153,155,1,24.45,21.627163718951124
0,15,72,0,47.25,30.379832299180254
0,15,72,1,12.4,15.749352534728464
1,333,74,0,38.45,33.58175413116944
1,333,74,1,28.35,50.024494000439425
0,53,72,0,47.75,30.523287054830426
0,53,72,1,19.6,25.738359658197663
1,333,74,0,34.5,28.019729890880367
1,333,74,1,25.25,37.36290730263456
0,153,155,0,83.3,47.705345612415385
0,153,155,1,37.3,44.48547959432204
0,53,72,0,48.75,39.09620388087234
0,53,72,1,16.6,19.1432274680822
1,794,74,0,46.3,32.95307668728209
1,794,74,1,42.1,33.25642003710277
1,381,72,0,36.95,48.359917069277195
1,381,72,1,45.25,51.53626725040593
0,150,155,0,88.05,59.43193807337848
0,150,155,1,30.8,39.06620561370955
1,794,74,0,38.55,25.61552777433826
1,794,74,1,38.65,40.51286345425559
1,381,72,0,38.7,31.284938363708708
1,381,72,1,37.4,43.94182757380849
0,150,155,0,69.35,55.66939535280914
0,150,155,1,23.6,21.02730055002431
1,593,74,0,49.75,31.438955051605046
1,593,74,1,49.5,40.28778056877662
1,329,72,0,44.3,38.50509193941962
1,329,72,1,46.95,52.32637958047547
1,329,72,0,35.4,34.51833990031508
1,329,72,1,32.85,34.04374121317271
1,593,74,0,45.2,23.128019006345845
1,593,74,1,53.45,45.14476713861752
0,183,155,0,82.6,63.62505299346362
0,183,155,1,26.25,35.812192866323294
1,696,72,0,44.65,28.61960130657603
1,696,72,1,23.1,20.598671393026656
1,523,74,0,38.75,26.28162255665594
1,523,74,1,28.6,35.07945867673319
0,183,155,0,67.55,41.26356236375343
0,183,155,1,22.45,19.410997967782674
1,523,74,0,44.95,32.71483648615395
1,523,74,1,20.5,23.114133293176643
1,696,72,0,43.45,25.726240955184466
1,696,72,1,38.0,48.92098893005677
1,665,74,0,40.25,22.016441224923845
1,665,74,1,41.1,42.62924619998514
0,169,155,0,87.3,40.85545766544087
0,169,155,1,30.05,31.865630717948008
1,734,72,0,57.4,50.03514554264516
1,734,72,1,33.9,35.09820808141515
1,734,72,0,22.25,21.918209204605244
1,734,72,1,27.8,31.622110852010533
1,665,74,0,44.05,17.771873105674892
1,665,74,1,43.95,55.61472258692884
0,169,155,0,78.05,52.20957262499101
0,169,155,1,25.5,28.0647746997436
1,794,72,0,39.15,37.04375080474722
1,794,72,1,21.55,28.597892818951028
1,470,74,0,43.5,27.886046312580213
1,470,74,1,30.5,33.92949345799005
1,794,72,0,20.2,19.89869077946693
1,794,72,1,13.15,14.950004400633043
0,187,155,0,66.85,33.9818449980822
0,187,155,1,18.4,14.87633231538926
1,582,72,0,35.1,26.9480982631428
1,582,72,1,26.65,33.62686113025841
1,470,74,0,42.1,21.03355714841856
1,470,74,1,41.7,35.82868594914004
1,582,72,0,41.0,37.91403017631502
1,582,72,1,22.15,33.13493148039583
1,245,74,0,45.5,28.15651742819432
1,245,74,1,21.0,26.86418080877055
0,187,155,0,93.9,51.953319128050445
0,187,155,1,25.6,31.959513862319454
1,245,74,0,31.0,23.174396034825747
1,245,74,1,22.25,23.735106133276396
1,398,72,0,47.1,43.5344993261545
1,398,72,1,38.7,39.31264695395511
1,651,74,0,39.25,20.664933430432594
1,651,74,1,33.35,21.369616896795073
0,1,155,0,69.0,53.18290188238677
0,1,155,1,26.05,30.508799420909092
1,398,72,0,45.1,35.65020115097898
1,398,72,1,41.7,61.38240790324211
0,1,155,0,43.25,26.68899832475822
0,1,155,1,27.75,29.384698846777198
1,651,74,0,44.55,25.79978580082441
1,651,74,1,55.7,50.11050945554972
1,640,72,0,42.05,32.45154282278344
1,640,72,1,24.15,24.04442160931129
1,282,74,0,42.0,24.462646067659545
1,282,74,1,33.7,28.83181722005268
1,640,72,0,45.9,47.59798757355853
1,640,72,1,25.3,41.034132134114884
0,19,155,0,75.95,51.02060987070762
0,19,155,1,37.4,43.812278980597256
1,282,74,0,49.05,31.270424904120034
1,282,74,1,43.55,34.938253805068285
1,121,72,0,48.8,36.06952351107219
1,121,72,1,31.35,41.09331486161453
1,121,72,0,22.5,18.28862171434814
1,121,72,1,13.5,16.981413988612125
0,19,155,0,71.35,48.232196060744585
0,19,155,1,24.6,21.330482265626593
1,550,74,0,60.25,31.376952654691255
1,550,74,1,27.3,24.1292571918735
1,733,72,0,45.85,34.06692330043755
1,733,72,1,38.0,48.03069194193492
1,550,74,0,43.5,25.580625892511538
1,550,74,1,22.75,28.393614923448062
0,12,155,0,88.15,53.73352868799106
0,12,155,1,25.9,26.179340991263363
1,733,72,0,36.5,34.39935739913878
1,733,72,1,21.9,27.724015809972027
1,172,74,0,36.95,17.745199499108427
1,172,74,1,36.9,31.203744714545508
0,12,155,0,50.65,32.107180702010865
0,12,155,1,11.6,11.217467581739134
1,282,72,0,45.8,36.77899858400315
1,282,72,1,45.0,41.238714564682645
1,172,74,0,51.45,28.509416726851203
1,172,74,1,42.2,38.71025975792872
0,75,155,0,59.4,45.20991973124111
0,75,155,1,14.85,16.743498345390822
1,282,72,0,37.45,24.99152487923603
1,282,72,1,35.9,33.36859538390456
1,523,74,0,40.1,22.409819276379718
1,523,74,1,26.8,28.555762622408956
1,96,72,0,31.8,40.47299294461353
1,96,72,1,18.9,24.04797835906159
0,75,155,0,90.95,49.65509991298398
0,75,155,1,19.2,20.35112825011507
1,523,74,0,41.15,28.169178752298535
1,523,74,1,29.85,46.62535452101706
1,96,72,0,39.7,23.588801982028855
1,96,72,1,32.65,46.97734616420534
1,709,74,0,42.25,28.454719338478437
1,709,74,1,34.2,36.20351829369772
0,102,155,0,52.5,46.30732578170145
0,102,155,1,23.8,24.130347784698966
1,624,72,0,49.05,46.22766886206845
1,624,72,1,28.9,32.53160406678242
1,709,74,0,43.5,21.702534414210707
1,709,74,1,31.65,32.33911595966457
1,624,72,0,37.35,35.36170244770464
1,624,72,1,25.75,29.33809271596445
0,102,155,0,87.05,55.87436565046717
0,102,155,1,30.8,37.49891226492619
1,257,74,0,40.4,25.572188840716457
1,257,74,1,30.1,23.92290248188741
1,332,72,0,47.45,24.147518124621985
1,332,72,1,30.25,32.287972341024094
1,257,74,0,47.3,27.938089449804245
1,257,74,1,31.85,26.028880720825228
1,332,72,0,46.1,34.92684083232143
1,332,72,1,25.4,22.755913054574812
1,526,74,0,43.7,30.213451169618924
1,526,74,1,34.4,31.77453465641281
1,330,72,0,31.9,27.15627290138941
1,330,72,1,19.95,30.670532746389792
1,392,155,0,101.9,54.481189414329066
1,392,155,1,49.6,39.09556442737126
1,330,72,0,32.0,21.16352373405963
1,330,72,1,33.75,33.818205934549205
1,526,74,0,41.35,23.877483337368613
1,526,74,1,46.6,36.24391055931436
1,662,72,0,47.35,39.19354807269068
1,662,72,1,43.05,33.78332662564089
1,151,74,0,36.9,25.67591539904561
1,151,74,1,57.2,48.5523049482666
1,392,155,0,92.55,51.1874522042062
1,392,155,1,48.55,71.73670791971077
1,662,72,0,54.2,41.626914370392626
1,662,72,1,29.5,29.844332971710323
1,151,74,0,43.5,25.69763454196965
1,151,74,1,39.6,38.76976575686401
1,121,72,0,32.6,25.71994925099356
1,121,72,1,30.3,39.495636001435585
1,518,74,0,39.9,21.911064256263437
1,518,74,1,22.85,23.154572130063553
1,121,72,0,37.7,35.15993533315411
1,121,72,1,18.05,26.136232161100565
1,518,74,0,39.55,26.296837912770545
1,518,74,1,31.15,26.495828867359876
1,733,155,0,71.8,38.564505087341374
1,733,155,1,71.9,110.5788120944086
1,492,72,0,33.5,28.394773425662983
1,492,72,1,14.7,16.000328943987043
1,727,74,0,35.3,19.973930377791
1,727,74,1,32.65,26.05919375090811
1,492,72,0,50.1,33.05004180266486
1,492,72,1,31.2,49.34902547963306
1,727,74,0,48.4,50.020416884140005
1,727,74,1,29.0,25.08931414388457
1,733,155,0,87.0,67.02474012984821
1,733,155,1,62.1,71.0329056438671
1,533,74,0,42.4,21.726529986704225
1,533,74,1,24.55,22.556303821886758
1,341,72,0,56.25,37.679919264635814
1,341,72,1,40.55,44.81127090364655
1,533,74,0,40.35,25.69307709337898
1,533,74,1,22.7,22.89127620548469
1,341,72,0,27.8,24.340998552366656
1,341,72,1,34.0,35.55129725962338
1,257,155,0,73.15,46.13626841388339
1,257,155,1,38.85,40.952186497760636
1,520,72,0,33.15,32.73863804516967
1,520,72,1,26.65,30.11779505454157
1,536,74,0,42.45,23.49126377367149
1,536,74,1,29.25,29.25725281199968
1,536,74,0,40.8,27.595956988393485
1,536,74,1,25.1,28.611554530147068
1,520,72,0,53.85,35.69206752501915
1,520,72,1,23.7,31.56963897898039
1,257,155,0,83.6,42.939860024776145
1,257,155,1,48.05,46.217420957902874
2,9,74,0,65.85,49.888586396405124
2,9,74,1,43.3,37.87666966964173
2,334,72,0,58.6,54.0588373417043
2,334,72,1,39.15,54.994042739574134
2,9,74,0,36.35,20.163215595680533
2,9,74,1,28.85,29.140810594512693
2,334,72,0,41.3,39.980389929906494
2,334,72,1,21.75,30.6300076464413
1,736,155,0,74.8,58.952791103961886
1,736,155,1,48.4,68.84031866344178
2,407,72,0,44.8,33.84733527566325
2,407,72,1,20.35,21.089471057228636
2,549,74,0,41.6,21.5391931628198
2,549,74,1,33.0,36.023384218120256
2,407,72,0,33.0,29.392086296180224
2,407,72,1,15.15,17.372922064311222
2,549,74,0,40.5,15.823034508356214
2,549,74,1,36.65,32.51440976098541
2,278,72,0,50.5,33.446736918962905
2,278,72,1,17.3,15.420765220960988
2,486,74,0,41.65,22.30948582766391
2,486,74,1,21.65,22.060383639361067
1,736,155,0,85.7,39.315324452967516
1,736,155,1,87.35,92.87641760623858
2,278,72,0,41.1,39.261471672553704
2,278,72,1,26.1,29.36503470384285
2,486,74,0,42.25,20.78682528100811
2,486,74,1,17.25,19.355061897411527
2,201,72,0,41.8,42.93029846525399
2,201,72,1,16.15,16.83128352987846
2,212,74,0,37.55,20.76554585694395
2,212,74,1,20.6,17.138445547641528
2,212,74,0,31.6,19.607732094628812
2,212,74,1,11.35,12.612754613777609
2,201,72,0,39.75,37.88469347902923
2,201,72,1,17.45,28.098464089884455
2,635,72,0,22.2,24.603380169998466
2,635,72,1,12.4,20.989721795503428
2,40,74,0,40.7,26.364050483465864
2,40,74,1,16.2,15.024891627597604
1,258,155,0,89.1,76.07814541986625
1,258,155,1,51.6,60.81585665805121
2,635,72,0,45.55,37.076698598275556
2,635,72,1,27.65,31.128384406992176
2,40,74,0,46.4,36.94718848359243
2,40,74,1,31.2,35.5003335788627
2,212,72,0,46.35,26.756750255038938
2,212,72,1,24.3,33.911805117330296
1,258,155,0,68.55,44.97072146934808
1,258,155,1,46.3,70.42285813120922
2,165,74,0,43.3,24.026520434938686
2,165,74,1,32.0,39.331251803382166
2,165,74,0,36.9,20.698080256772357
2,165,74,1,14.0,14.828848129308806
2,212,72,0,47.65,33.79080379411877
2,212,72,1,33.45,40.43640230756129
2,331,72,0,31.9,34.05243634532824
2,331,72,1,12.45,16.103203342650083
2,205,74,0,47.35,28.846736566313975
2,205,74,1,27.3,20.050200156501916
1,214,155,0,82.85,57.110488482737054
1,214,155,1,46.7,49.596370834971374
2,331,72,0,30.85,24.775359150830315
2,331,72,1,15.9,28.95531948219169
2,205,74,0,43.85,23.537819511764912
2,205,74,1,37.55,30.04290791167649
2,691,72,0,35.85,27.928998323756996
2,691,72,1,18.25,22.355677484466305
2,691,72,0,43.35,34.600387889520306
2,691,72,1,25.5,29.958743561596062
2,40,74,0,44.65,25.005841422818747
2,40,74,1,35.85,41.564502820758506
2,40,74,0,33.15,19.65565406803104
2,40,74,1,33.1,37.10284426606105
2,350,72,0,42.75,46.53337794699515
2,350,72,1,22.55,28.74108557448726
2,350,72,0,27.7,24.895782775401944
2,350,72,1,27.65,33.750282649888554
2,297,74,0,43.45,25.004157549032563
2,297,74,1,36.7,27.369018212108685
1,214,155,0,112.1,102.15205384750303
1,214,155,1,89.1,87.23465028603206
2,30,72,0,26.1,18.965064835389473
2,30,72,1,29.1,33.15180395186901
2,297,74,0,42.7,24.303129536402466
2,297,74,1,44.7,53.99522396033112
2,30,72,0,37.75,39.72520742882481
2,30,72,1,32.7,45.86949450687014
1,105,155,0,55.25,37.92912365257905
1,105,155,1,44.3,45.30957839946033
2,222,74,0,46.45,22.186944952286456
2,222,74,1,23.45,16.99063209381477
2,525,72,0,51.7,32.30789377226562
2,525,72,1,27.05,40.96400859290995
2,222,74,0,35.1,21.051065731241557
2,222,74,1,15.35,13.985989229827187
2,525,72,0,39.7,31.97712998543276
2,525,72,1,24.1,24.539763650043575
1,105,155,0,77.9,74.6380035836126
1,105,155,1,49.2,60.956067009471326
2,722,74,0,45.0,29.266470846165817
2,722,74,1,34.25,35.580708847706546
2,446,72,0,35.4,36.39028210359116
2,446,72,1,13.65,16.90616517879296
2,446,72,0,30.9,25.151959220537453
2,446,72,1,17.25,19.85705495734318
2,722,74,0,46.75,28.412145290350747
2,722,74,1,35.0,41.903397676585904
2,130,72,0,47.0,30.69373328804912
2,130,72,1,26.05,35.45118957249902
1,478,155,0,58.85,35.569465024164515
1,478,155,1,73.55,92.53930885958964
2,488,74,0,44.25,23.81038031040907
2,488,74,1,51.1,56.38392828121373
2,130,72,0,37.0,27.41110032546361
2,130,72,1,13.05,11.686587003461433
2,474,72,0,42.9,29.882048827101247
2,474,72,1,27.95,27.982090136747335
2,488,74,0,40.85,23.4930560849483
2,488,74,1,40.55,37.950764502389006
2,399,74,0,36.45,20.48227731993018
2,399,74,1,20.0,14.127241321943256
2,474,72,0,36.15,38.65539384981364
2,474,72,1,30.55,20.843969214897122
1,478,155,0,70.15,65.3615652392621
1,478,155,1,58.55,82.69823074540986
2,399,74,0,39.0,16.616415472595005
2,399,74,1,20.3,20.706215695318463
2,474,72,0,46.75,30.430031911012893
2,474,72,1,24.7,28.89563798805699
1,185,155,0,61.15,34.47542984732598
1,185,155,1,52.3,54.29170722757031
2,301,74,0,45.35,25.754457968731504
2,301,74,1,38.25,34.73489827097147
2,474,72,0,44.45,29.240338035341736
2,474,72,1,34.35,44.460834331731604
2,301,74,0,37.5,24.47662687458986
2,301,74,1,41.1,49.615256567013
2,534,72,0,38.85,48.78122481792398
2,534,72,1,22.25,31.185143223893274
2,534,72,0,31.85,27.881846574806563
2,534,72,1,12.6,15.88577649146689
2,77,74,0,44.9,24.146264830469285
2,77,74,1,22.6,19.08540362630425
1,185,155,0,82.95,35.372417145805045
1,185,155,1,56.0,64.13144396677154
2,293,72,0,33.9,25.05551730394767
2,293,72,1,32.3,36.45776215091419
2,77,74,0,53.15,28.53857039166468
2,77,74,1,38.7,38.214216147782935
2,293,72,0,38.5,22.291135835620967
2,293,72,1,22.25,31.664150407876598
2,288,74,0,41.6,27.490476819973015
2,288,74,1,28.55,26.605252746106558
1,521,155,0,71.85,50.51656841285367
1,521,155,1,69.85,54.95287454767613
2,77,72,0,43.5,38.779403106071115
2,77,72,1,30.2,35.53293505586346
2,288,74,0,39.25,18.898273382563428
2,288,74,1,36.5,31.037328968093956
2,77,72,0,51.35,50.97396136109205
2,77,72,1,28.2,31.897203309183215
2,9,74,0,46.3,19.56393029074303
2,9,74,1,24.0,15.532648128852236
2,3,72,0,32.95,27.06420242001561
2,3,72,1,14.0,17.174031804473074
2,3,72,0,23.15,22.205440300686867
2,3,72,1,28.8,27.53294677100032
2,9,74,0,43.2,18.237035770217993
2,9,74,1,47.65,39.44920117929146
2,328,72,0,33.15,39.28609637544882
2,328,72,1,34.45,30.761347927485062
1,521,155,0,79.05,47.31137061504015
1,521,155,1,96.5,126.02443372115127
2,507,74,0,43.35,23.2498443684661
2,507,74,1,24.85,21.885527541950495
2,328,72,0,40.45,31.027110386682295
2,328,72,1,21.25,23.86998776265865
2,507,74,0,38.65,16.787448318688327
2,507,74,1,35.1,29.48309060425903
3,368,72,0,42.1,34.883113091399515
3,368,72,1,28.6,38.402850771374005
2,288,74,0,41.8,20.934987084078326
2,288,74,1,31.05,25.679143697807206
1,524,155,0,70.8,39.42160775380346
1,524,155,1,59.65,82.9116682792121
3,368,72,0,38.3,29.7659289509968
3,368,72,1,13.65,12.860690822076885
3,112,72,0,45.4,28.722629992467795
3,112,72,1,14.3,16.160706081500017
2,288,74,0,45.3,26.738696578869398
2,288,74,1,45.15,43.532534717695555
3,112,72,0,46.2,34.39645024524601
3,112,72,1,15.9,10.537651790752905
1,524,155,0,58.7,29.189219350914293
1,524,155,1,66.6,66.02662939658273
2,212,74,0,40.85,20.479193549089103
2,212,74,1,23.9,27.260729418360263
3,259,72,0,37.7,53.118635841710116
3,259,72,1,7.5,8.38231220456127
2,212,74,0,49.0,27.811394862727155
2,212,74,1,26.8,22.774870731622283
3,259,72,0,50.7,59.95006694171233
3,259,72,1,11.35,13.370332436917348
1,344,155,0,70.9,38.23046456757531
1,344,155,1,48.55,58.03127559659895
3,98,74,0,41.4,23.26822997814379
3,98,74,1,16.15,33.681597349294464
3,248,72,0,50.05,30.142599685320338
3,248,72,1,12.8,11.578564586974364
3,98,74,0,44.6,23.32019680335842
3,98,74,1,17.1,15.677338657068711
3,248,72,0,56.05,32.783941832934964
3,248,72,1,14.1,17.274562984799047
3,768,74,0,35.9,17.678116117779183
3,768,74,1,21.15,21.40161085919518
1,344,155,0,68.3,54.685801101430926
1,344,155,1,52.1,63.85501670107633
3,768,74,0,36.5,20.155970775299732
3,768,74,1,18.1,16.527170611482553
3,202,72,0,43.9,39.84694401542509
3,202,72,1,19.4,24.24306737583909
3,202,72,0,36.0,32.828100927807505
3,202,72,1,14.65,25.016363066054016
3,199,74,0,52.1,28.306406193279773
3,199,74,1,42.3,51.1654694413908
3,219,72,0,58.65,54.857015096185805
3,219,72,1,20.4,27.755321917370047
3,199,74,0,40.2,22.52624200676554
3,199,74,1,25.85,26.725259094800382
1,711,155,0,90.75,59.89804934878492
1,711,155,1,71.75,55.78707169605743
3,219,72,0,47.1,35.15664195687937
3,219,72,1,22.6,27.005652429776525
3,457,74,0,43.1,16.861354131797796
3,457,74,1,22.7,27.809691608653647
3,457,74,0,42.0,23.22204034736691
3,457,74,1,20.95,21.26641780638642
3,723,72,0,54.95,37.61365233668838
3,723,72,1,13.3,9.782368672366896
3,202,74,0,36.0,25.114474752725034
3,202,74,1,20.6,19.768129586999905
3,723,72,0,41.05,31.349431288386448
3,723,72,1,21.0,20.895731117799357
1,711,155,0,71.15,48.28890577609551
1,711,155,1,80.5,70.71328320091375
3,202,74,0,44.0,21.496633763403395
3,202,74,1,19.2,14.144368416254466
3,112,72,0,37.25,35.52445414225619
3,112,72,1,26.45,29.683372981838627
3,325,74,0,42.05,24.718360957414887
3,325,74,1,23.0,19.77505073518011
3,112,72,0,46.15,32.83815976637707
3,112,72,1,10.8,14.61650112931128
1,606,155,0,57.95,51.6776190994658
1,606,155,1,50.15,51.44263539946321
3,325,74,0,37.4,28.34264037026005
3,325,74,1,23.3,27.117871364995096
3,495,72,0,50.45,33.007933655570234
3,495,72,1,26.1,30.103155980727333
3,199,74,0,43.75,23.58160523083952
3,199,74,1,33.95,28.585007111752613
1,606,155,0,47.75,27.470318910646665
1,606,155,1,58.6,70.93095234099144
3,495,72,0,37.95,36.26144102573914
3,495,72,1,15.85,19.626177470543343
3,199,74,0,35.1,20.442216379989617
3,199,74,1,26.7,29.232462128689455
3,319,72,0,59.65,80.26356255290574
3,319,72,1,13.95,10.67449000384118
3,117,74,0,39.15,27.66581588207824
3,117,74,1,26.8,30.21780583486637
3,319,72,0,49.4,32.98707881005914
3,319,72,1,16.25,13.89007597266177
3,117,74,0,47.3,34.18848682786279
3,117,74,1,26.9,25.91463719700956
1,87,155,0,82.15,53.326477081228006
1,87,155,1,78.3,83.26628179647825
3,327,72,0,37.15,36.07634448747472
3,327,72,1,18.55,21.580876037045297
3,368,74,0,41.75,22.77319523151355
3,368,74,1,29.0,25.366783087544356
3,327,72,0,47.65,40.51416256596023
3,327,72,1,23.75,30.578415159785678
3,368,74,0,38.45,25.67709403134897
3,368,74,1,21.9,18.090125250504688
3,327,72,0,53.6,45.595937030443956
3,327,72,1,15.15,19.52400681482321
1,87,155,0,66.4,50.95240297003717
1,87,155,1,87.45,67.51956831366117
3,24,74,0,48.95,30.308023950588954
3,24,74,1,33.9,32.58494970639698
3,327,72,0,44.3,34.31142206628175
3,327,72,1,25.65,23.744860939846152
3,24,74,0,39.75,22.821677137502867
3,24,74,1,24.2,25.054887116509875
3,467,72,0,50.7,34.653320642890016
3,467,72,1,13.05,11.546131728623958
3,776,74,0,40.65,23.163662559230453
3,776,74,1,23.95,25.236721365168613
3,467,72,0,36.3,25.2984293250745
3,467,72,1,23.8,30.360292627394955
1,721,155,0,62.6,39.559947847339366
1,721,155,1,83.65,83.81575972898753
3,776,74,0,46.4,30.7509520605717
3,776,74,1,19.95,38.40706486545083
3,564,72,0,33.6,23.66076032056807
3,564,72,1,43.25,48.470148165214994
3,340,74,0,42.6,29.729305053219264
3,340,74,1,29.8,40.397498619801226
3,564,72,0,36.5,31.981079933051205
3,564,72,1,18.25,23.124093154338535
3,340,74,0,42.25,28.68316028980291
3,340,74,1,28.5,37.60529078117655
3,368,72,0,32.3,29.86478299197727
3,368,72,1,17.2,24.603380169998466
1,721,155,0,71.35,51.74153884554714
1,721,155,1,99.35,83.2878805867431
3,319,74,0,35.95,13.850612754828232
3,319,74,1,26.25,24.181060444292477
3,368,72,0,43.2,40.146573557665576
3,368,72,1,20.3,18.912819378456117
3,319,74,0,51.3,28.28445732758169
3,319,74,1,16.55,10.787297598271968
3,243,72,0,43.15,35.02972422025855
3,243,72,1,19.75,25.103732161195726
3,575,74,0,44.95,26.182507217807203
3,575,74,1,26.5,35.04358188854198
3,243,72,0,57.8,37.7771860978777
3,243,72,1,19.9,26.131046265838044
1,167,155,0,79.25,56.35402661557977
1,167,155,1,67.55,80.40717106014075
3,575,74,0,35.75,20.372517607900367
3,575,74,1,14.4,16.22992687339624
3,88,72,0,39.6,40.92277708331299
3,88,72,1,30.5,29.639056736180496
3,104,74,0,47.95,22.712099719845597
3,104,74,1,22.0,16.556124641892946
3,88,72,0,31.15,27.20734227527949
3,88,72,1,19.3,27.110106874316116
3,104,74,0,49.0,28.997277549162405
3,104,74,1,26.7,31.701070876814907
3,497,72,0,45.75,42.11122490688076
3,497,72,1,21.9,27.44736589796628
1,167,155,0,91.9,46.597831438134996
1,167,155,1,71.05,83.9150416226216
3,104,74,0,41.4,15.325932615221685
3,104,74,1,30.6,38.08771040914019
3,497,72,0,43.65,36.70117594559435
3,497,72,1,44.15,45.46401121535004
3,104,74,0,47.05,22.234338071408473
3,104,74,1,24.5,18.35469250197631
3,104,72,0,40.95,29.516231038817303
3,104,72,1,27.6,30.780034540523012
3,276,74,0,45.65,22.31656217629456
3,276,74,1,22.45,21.37010947438895
1,247,155,0,80.1,45.368549273234365
1,247,155,1,68.35,73.16115952578863
3,104,72,0,49.2,38.609516143589595
3,104,72,1,15.4,17.324761713254606
3,276,74,0,40.55,20.638428642755372
3,276,74,1,20.85,21.55110205998756
3,327,74,0,35.8,20.59534950061862
3,327,74,1,14.6,12.675712374873703
3,723,72,0,44.45,24.645860119959934
3,723,72,1,28.0,30.173184330321828
1,247,155,0,65.2,49.35755687888768
1,247,155,1,50.15,52.60205619355077
3,723,72,0,38.85,28.240089085889007
3,723,72,1,14.95,21.32079538360316
3,327,74,0,50.6,33.812797328199494
3,327,74,1,22.15,27.028785824707235
4,411,72,0,41.55,43.62939014254641
4,411,72,1,28.8,48.43617612791844
3,202,74,0,37.5,20.508021537155187
3,202,74,1,28.05,45.31466011185157
4,411,72,0,30.75,30.997240963808718
4,411,72,1,24.15,43.27181530742615
1,376,155,0,73.3,52.09414554438914
1,376,155,1,54.65,76.2097348388677
3,202,74,0,47.0,31.56780505181622
3,202,74,1,21.8,18.452214244537583
3,322,74,0,39.55,25.34701269640229
3,322,74,1,17.6,22.762850621595103
4,836,72,0,46.7,36.1227439652492
4,836,72,1,32.55,33.83003181540891
3,322,74,0,41.0,18.324559303956278
3,322,74,1,14.8,16.459199954976388
1,376,155,0,68.15,53.420156850151024
1,376,155,1,46.05,59.65645065928042
4,836,72,0,38.8,30.47967398637639
4,836,72,1,35.4,40.337262386558976
4,819,72,0,25.6,28.501892827263983
4,819,72,1,14.25,11.999451741861506
4,583,74,0,40.45,23.013668707279624
4,583,74,1,40.8,31.40667042792695
4,819,72,0,41.7,27.43624187860015
4,819,72,1,38.7,34.26844489890771
1,515,155,0,79.55,45.843526777162566
1,515,155,1,49.2,46.87227886838647
4,583,74,0,48.05,19.375717304209193
4,583,74,1,44.05,46.215143337267826
4,627,72,0,46.65,37.73909741480591
4,627,72,1,40.25,40.73776858731568
4,505,74,0,44.15,25.477079482298755
4,505,74,1,34.95,41.08460462073482
4,505,74,0,38.8,23.89582654598475
4,505,74,1,39.85,31.375946200871773
4,627,72,0,42.75,31.971821474871472
4,627,72,1,54.25,62.08387789705829
1,515,155,0,86.3,57.81012477339752
1,515,155,1,58.6,86.08588123129378
4,504,72,0,31.35,28.030575411409895
4,504,72,1,28.8,24.47254100329377
4,599,74,0,47.1,32.3531500133986
4,599,74,1,43.45,35.4704843941818
4,504,72,0,33.35,50.495726760317375
4,504,72,1,28.9,40.46688054511531
4,599,74,0,38.5,23.077672052623093
4,599,74,1,39.9,59.07613285993093
2,226,155,0,87.8,50.77255785932935
2,226,155,1,48.8,52.13807579272964
4,499,72,0,30.85,26.654267950930485
4,499,72,1,14.75,19.422924599555035
4,801,74,0,37.0,18.547236990991408
4,801,74,1,37.1,52.93779865385214
4,499,72,0,40.9,22.622531851417975
4,499,72,1,24.65,42.34976542531195
2,226,155,0,65.0,34.21449369707768
2,226,155,1,45.45,49.34782563332291
4,13,72,0,26.15,29.917914013971103
4,13,72,1,26.4,39.94917824067553
4,801,74,0,41.8,35.75148138263129
4,801,74,1,27.9,26.854187167387
4,13,72,0,34.2,25.746946676409898
4,13,72,1,38.05,60.73451719530969
4,516,74,0,48.35,23.02235755452558
4,516,74,1,53.3,49.17862179957123
4,807,72,0,41.15,26.721320090302818
4,807,72,1,19.25,22.902252245024656
2,43,155,0,77.75,70.67484850020067
2,43,155,1,61.9,72.82921623113972
4,516,74,0,47.0,22.613456636539038
4,516,74,1,33.55,30.386068483677462
4,807,72,0,39.15,32.27721210161484
4,807,72,1,17.4,24.551556923511413
4,345,74,0,40.2,24.386363747842882
4,345,74,1,32.05,20.901964148451647
4,52,72,0,39.9,30.799692411314417
4,52,72,1,39.25,40.575952172892286
2,43,155,0,80.75,60.6628951015797
2,43,155,1,42.2,42.32903694180925
4,345,74,0,29.15,19.655654068031044
4,345,74,1,38.45,42.43319827434026
4,52,72,0,46.8,40.30358479550449
4,52,72,1,42.25,41.051796550212025
4,235,74,0,40.5,16.69383750149485
4,235,74,1,39.6,29.76292288985355
4,266,72,0,33.2,20.60045988244974
4,266,72,1,26.1,29.39011649123598
2,144,155,0,73.1,51.51279861405932
2,144,155,1,38.75,56.8616742630746
4,235,74,0,47.8,23.72118750910471
4,235,74,1,40.95,36.95584135865825
4,266,72,0,43.45,45.171573501833855
4,266,72,1,31.2,41.74559541846427
2,144,155,0,54.3,55.181137127979184
2,144,155,1,27.6,32.4465552465654
4,543,74,0,41.5,17.258102597422404
4,543,74,1,63.6,45.21108387622617
4,479,72,0,52.6,47.14635667120442
4,479,72,1,59.25,62.04826220052631
4,479,72,0,27.55,23.28422777671389
4,479,72,1,25.45,24.841550506740663
4,543,74,0,47.05,30.680827203560483
4,543,74,1,43.2,37.316004750325504
4,501,72,0,29.85,29.274157815204074
4,501,72,1,29.05,43.742638478407216
2,374,155,0,94.65,54.753298386586046
2,374,155,1,71.65,85.40077344651604
4,240,74,0,31.05,17.94575158637832
4,240,74,1,38.1,36.82090367397874
4,501,72,0,45.55,46.684241678029125
4,501,72,1,26.25,24.15492757835944
4,240,74,0,48.25,19.428343375485966
4,240,74,1,32.75,40.464246726683236
4,396,72,0,24.5,20.641042405337657
4,396,72,1,20.15,27.08131031580733
2,374,155,0,62.15,47.413383631295716
2,374,155,1,47.6,64.5497767944284
4,373,74,0,34.55,14.940143732134644
4,373,74,1,21.85,27.273034687262648
4,396,72,0,40.95,39.715402023581944
4,396,72,1,21.1,24.670246302612767
2,25,155,0,55.95,43.582317756776455
2,25,155,1,41.7,48.251643004477884
4,510,72,0,40.4,34.63554608536697
4,510,72,1,25.35,33.066559670172104
4,373,74,0,49.45,30.63103860981193
4,373,74,1,52.75,50.16695809206022
4,510,72,0,34.9,35.19255304000669
4,510,72,1,20.5,18.386207645377752
4,739,74,0,42.95,25.249231358806277
4,739,74,1,40.45,44.261751338813376
4,355,72,0,41.55,49.04613832108014
4,355,72,1,17.25,23.30998204971198
2,25,155,0,78.95,54.245518854459064
2,25,155,1,43.75,52.41622388455496
4,355,72,0,28.85,26.939063790242173
4,355,72,1,34.05,34.61437942760053
4,739,74,0,39.35,19.33982800772595
4,739,74,1,55.95,37.75610790601338
4,365,72,0,31.0,28.860827576856707
4,365,72,1,35.8,52.04107689326314
4,305,74,0,42.45,19.797594218543455
4,305,74,1,43.15,30.011006752786376
4,365,72,0,51.05,30.920058214692936
4,365,72,1,27.55,49.968911387613375
4,305,74,0,50.25,18.278186596682886
4,305,74,1,47.0,41.79649947568638
2,27,155,0,85.5,62.32470153199798
2,27,155,1,96.6,84.245505892943
4,836,72,0,30.0,21.923311313471068
4,836,72,1,40.05,35.907007086288004
4,402,74,0,36.65,22.868675427087457
4,402,74,1,32.95,36.297709076614275
4,836,72,0,29.35,28.88502617000901
4,836,72,1,23.65,25.895081833388648
4,402,74,0,42.95,19.98545523756293
4,402,74,1,42.5,36.335425660018586
4,702,72,0,46.9,37.231706917626006
4,702,72,1,22.4,27.536387409733823
2,27,155,0,81.1,51.18069126042298
2,27,155,1,51.75,47.5669887742816
4,702,72,0,36.85,35.50133429664448
4,702,72,1,26.1,35.664961428329214
4,844,74,0,43.0,28.08071074224215
4,844,74,1,40.7,49.40605119554529
2,390,155,0,72.1,51.90669767147487
2,390,155,1,34.4,62.768916209420595
4,732,72,0,38.05,36.86315376175997
4,732,72,1,34.6,35.070455402022695
4,844,74,0,57.1,28.09364041164739
4,844,74,1,42.6,44.515402420191364
4,732,72,0,41.75,40.08001864691236
4,732,72,1,27.1,32.19333046324641
2,390,155,0,58.5,39.27031824083989
2,390,155,1,40.65,52.981898597043205
4,643,74,0,45.65,30.22768859662837
4,643,74,1,37.05,31.18109244904337
4,277,72,0,37.3,26.6578713565648
4,277,72,1,33.8,31.513739693563576
4,643,74,0,43.4,28.87978714019821
4,643,74,1,32.3,31.11286753604993
4,277,72,0,42.65,32.06124894963585
4,277,72,1,27.35,36.04861483578734
4,357,74,0,33.0,19.09257226749381
4,357,74,1,38.3,40.3133776934237
5,294,72,0,31.4,24.240896283586114
5,294,72,1,17.05,27.92560605759901
5,294,72,2,6.4,6.302881546520899
5,294,72,3,6.75,9.486139473213703
2,201,155,0,87.6,47.89835729520322
2,201,155,1,47.55,80.80221140798719
5,294,72,0,45.75,52.82331522707513
5,294,72,1,23.0,31.44083834425338
5,294,72,2,10.65,13.834643776442261
5,294,72,3,9.85,10.766786159784466
4,357,74,0,46.5,33.8456247658316
4,357,74,1,55.65,51.795422476061376
5,150,72,0,23.3,22.471268204906504
5,150,72,1,9.75,10.432111357171234
5,150,72,2,6.4,5.285531392893543
5,150,72,3,5.8,8.50758175796278
2,201,155,0,68.7,43.07533180982261
2,201,155,1,51.85,52.62806435633689
5,150,72,0,37.95,36.048906837940685
5,150,72,1,16.95,26.75517657733192
5,150,72,2,10.05,11.189633360251001
5,150,72,3,7.65,11.117908739364708
4,221,74,0,45.75,24.802111539990005
4,221,74,1,54.2,45.36356061398783
4,221,74,0,38.25,17.543554821913194
4,221,74,1,33.05,31.628559712286684
5,307,72,0,50.5,43.80038452126336
5,307,72,1,18.25,23.32803824630465
5,307,72,2,12.15,18.960554622134538
5,307,72,3,6.5,3.8182387783402247
2,165,155,0,94.1,53.83982091156576
2,165,155,1,53.3,80.62198994789136
5,307,72,0,27.65,25.475013558180372
5,307,72,1,14.35,15.638262792199608
5,307,72,2,10.15,15.772310847611525
5,307,72,3,11.35,23.55570106431942
4,263,74,0,45.8,29.012882800939526
4,263,74,1,46.2,54.233995941563016
5,122,72,0,40.25,36.633138578413714
5,122,72,1,17.7,21.494430123075826
5,122,72,2,8.0,7.773098007331372
5,122,72,3,8.8,12.923255252288001
4,263,74,0,37.1,18.364439321115892
4,263,74,1,46.25,32.89996800510362
2,165,155,0,76.55,60.2018315860555
2,165,155,1,43.25,50.47758752263487
5,122,72,0,42.25,44.87863751567284
5,122,72,1,11.4,12.253463527552226
5,122,72,2,6.7,6.875586099419184
5,122,72,3,4.9,5.693024355805047
4,419,74,0,51.25,34.822671078661266
4,419,74,1,37.35,49.69303138691633
5,449,72,0,44.7,46.46345479598937
5,449,72,1,15.95,21.34053469462824
5,449,72,2,7.95,8.18519202102508
5,449,72,3,12.25,22.775506233902384
2,291,155,0,76.6,46.22872199014488
2,291,155,1,45.9,65.02865765021967
4,419,74,0,48.45,30.266317912821833
4,419,74,1,50.35,49.17773886627973
5,449,72,0,51.95,42.47287059809008
5,449,72,1,21.5,25.522951487466703
5,449,72,2,8.6,5.5383828154549155
5,449,72,3,9.95,15.2745919059966
5,183,72,0,36.35,32.25927039342008
5,183,72,1,23.65,22.600128085338017
5,183,72,2,11.9,13.51762981404187
5,183,72,3,7.6,8.905350254644382
4,725,74,0,39.15,16.912390350521743
4,725,74,1,53.7,44.27794984080974
2,291,155,0,79.05,35.61412345508007
2,291,155,1,65.9,65.82904494138387
5,183,72,0,48.9,36.574221580377156
5,183,72,1,8.75,7.926471306225808
5,183,72,2,17.15,26.04909332698347
5,183,72,3,7.75,15.355009468882582
4,725,74,0,40.35,23.99621680708506
4,725,74,1,52.45,44.222493681026414
5,152,74,0,41.45,23.60525142286864
5,152,74,1,9.2,6.7636800945234405
5,152,74,2,8.5,6.770679822821184
5,152,74,3,5.55,3.953346350678252
5,113,72,0,49.6,43.92146100532295
5,113,72,1,12.35,12.88930605293845
5,113,72,2,15.85,21.260972399408757
5,113,72,3,9.8,14.203780075073418
2,157,155,0,78.5,54.27173345887875
2,157,155,1,42.15,46.112305698610484
5,152,74,0,36.8,21.095272605865738
5,152,74,1,18.5,10.728712092226855
5,152,74,2,12.45,13.386855296776838
5,152,74,3,7.95,7.639750615935327
5,113,72,0,39.65,44.35179341297676
5,113,72,1,21.1,29.55084823789238
5,113,72,2,15.2,19.524882909548495
5,113,72,3,7.25,8.558621384311845
5,111,74,0,41.85,25.056305015956195
5,111,74,1,11.35,9.303508110271885
5,111,74,2,15.05,15.84953925944985
5,111,74,3,7.7,5.068997617094061
5,102,72,0,44.4,35.89516900496133
5,102,72,1,19.75,25.60812987684719
5,102,72,2,10.65,12.018735374406079
5,102,72,3,7.4,8.846051750863058
2,157,155,0,70.45,38.77801194654408
2,157,155,1,89.35,79.31899288051348
5,111,74,0,54.5,28.81063400168326
5,111,74,1,17.15,20.147547846091005
5,111,74,2,13.7,12.33352299522258
5,111,74,3,6.0,4.316431274486879
5,102,72,0,38.65,23.042923334279305
5,102,72,1,13.45,16.791210106544
5,102,72,2,12.75,11.001794112062383
5,102,72,3,7.45,8.306465458969456
5,71,74,0,40.7,19.167131954687978
5,71,74,1,17.9,13.817989799723517
5,71,74,2,14.45,17.700654165728928
5,71,74,3,8.75,8.415993546125202
5,108,72,0,38.1,27.32051475202818
5,108,72,1,20.0,35.809437156616745
5,108,72,2,10.5,10.515652493707703
5,108,72,3,9.95,13.260447718090461
2,663,155,0,66.55,43.60284273687717
2,663,155,1,40.65,46.75048550268587
5,108,72,0,36.3,30.388883008862233
5,108,72,1,8.65,9.178206452472647
5,108,72,2,7.55,6.840090796565726
5,108,72,3,6.0,5.938279034765615
5,71,74,0,47.0,22.953041307485986
5,71,74,1,17.6,17.098476386416486
5,71,74,2,13.0,12.698943180231057
5,71,74,3,6.05,4.904079934095692
5,146,72,0,32.65,35.80249182742217
5,146,72,1,17.75,32.888767879499206
5,146,72,2,10.1,12.834575013979764
5,146,72,3,11.95,16.772392730160384
5,12,74,0,35.9,16.192590898309017
5,12,74,1,15.0,10.612802596268736
5,12,74,2,14.0,15.297058540778353
5,12,74,3,9.2,9.134088840566882
2,663,155,0,77.45,45.480446926471366
2,663,155,1,28.35,29.446248979239588
5,146,72,0,26.85,35.026719124570874
5,146,72,1,15.9,23.454098508407977
5,146,72,2,18.3,33.77962637292983
5,146,72,3,14.25,23.726234647038197
5,12,74,0,43.6,26.77272767889781
5,12,74,1,16.1,21.65980998118526
5,12,74,2,7.8,9.9292232165568
5,12,74,3,11.05,18.158585036459087
5,241,74,0,42.6,25.296972983052008
5,241,74,1,18.2,26.09819513824058
5,241,74,2,9.4,9.751653031261176
5,241,74,3,5.55,4.297796252916016
5,134,72,0,53.35,35.98577935503793
5,134,72,1,11.55,11.568901144197339
5,134,72,2,9.4,12.737842500947613
5,134,72,3,11.2,16.462397344123044
2,291,155,0,76.75,45.00394719530604
2,291,155,1,56.1,70.99955522470027
5,241,74,0,51.1,26.932469154105462
5,241,74,1,13.3,11.507892028836924
5,241,74,2,13.5,9.040842997489957
5,241,74,3,11.4,9.659464951947118
5,134,72,0,41.8,35.74706465682109
5,134,72,1,18.9,25.544388610293343
5,134,72,2,17.25,22.671277910723582
5,134,72,3,9.4,12.592395365959234
5,113,74,0,48.45,28.35020653410334
5,113,74,1,12.65,13.58511181985245
5,113,74,2,13.6,10.266962857427188
5,113,74,3,9.95,9.577797791053838
5,63,72,0,41.95,29.91122830890381
5,63,72,1,19.05,19.640117375573794
5,63,72,2,9.7,10.672640870838611
5,63,72,3,12.6,16.573282240115454
2,291,155,0,87.35,51.34329762029623
2,291,155,1,69.75,71.6253961135368
5,113,74,0,35.85,29.335222227859376
5,113,74,1,15.8,17.479612184063555
5,113,74,2,9.75,7.566372975210777
5,113,74,3,8.75,10.067535108351732
5,63,72,0,46.6,27.06600120174075
5,63,72,1,17.25,14.104403940837619
5,63,72,2,22.2,30.54005135624538
5,63,72,3,11.95,11.076171673794535
5,108,74,0,46.3,20.79498927500008
5,108,74,1,13.8,10.211448683244035
5,108,74,2,12.7,11.150171110322644
5,108,74,3,11.95,9.528212954445506
5,51,72,0,45.0,42.27976995406221
5,51,72,1,11.55,14.791444895792404
5,51,72,2,13.3,15.654493217435588
5,51,72,3,13.6,19.380945607260212
5,108,74,0,31.65,16.148244160703175
5,108,74,1,10.05,13.307991267616138
5,108,74,2,11.25,9.175912402647088
5,108,74,3,7.35,5.546691759389934
2,328,155,0,68.1,33.00223277932953
2,328,155,1,58.3,81.24239235638913
5,51,72,0,43.5,40.12021409398719
5,51,72,1,13.6,22.896563750461496
5,51,72,2,9.55,12.249489785293099
5,51,72,3,7.6,12.567292552704547
5,296,74,0,38.5,27.240643009645485
5,296,74,1,20.0,15.505516845032252
5,296,74,2,8.95,7.2582076952487675
5,296,74,3,10.6,8.792341164780558
2,328,155,0,76.8,52.38280151668906
2,328,155,1,39.8,39.3374068660781
5,35,72,0,46.85,27.22861304622497
5,35,72,1,19.1,22.987181782806466
5,35,72,2,10.75,13.80265039384599
5,35,72,3,7.0,4.633970674327397
5,296,74,0,48.4,31.09306912108261
5,296,74,1,16.25,16.032450644995308
5,296,74,2,11.8,7.777159541009545
5,296,74,3,11.75,8.795184088914498
5,35,72,0,30.65,28.806569060765142
5,35,72,1,7.95,12.72988609532701
5,35,72,2,8.25,7.136820757614401
5,35,72,3,8.55,13.519868420412351
5,296,74,0,51.8,29.20454182413918
5,296,74,1,19.5,18.664630214730522
5,296,74,2,13.8,12.572317125126014
5,296,74,3,10.65,8.183905900575452
5,39,72,0,46.25,30.152027076833576
5,39,72,1,23.8,23.95082681794426
5,39,72,2,15.15,19.33166205722459
5,39,72,3,7.1,4.655500425359911
5,296,74,0,42.3,26.193812045475248
5,296,74,1,11.05,9.121836149418717
5,296,74,2,8.55,6.508900788434573
5,296,74,3,9.4,8.274246666297593
2,77,155,0,76.45,54.51747667636401
2,77,155,1,64.05,69.45613913224585
5,35,74,0,35.9,28.552629153528883
5,35,74,1,16.1,14.856860899580155
5,35,74,2,10.75,9.295584690423842
5,35,74,3,7.9,5.280550210566678
5,39,72,0,52.45,33.79578765405379
5,39,72,1,13.2,14.968739355561539
5,39,72,2,13.05,15.260802903620695
5,39,72,3,18.7,22.907364938400328
5,47,72,0,29.3,27.574015227918363
5,47,72,1,10.65,11.860039052034756
5,47,72,2,9.25,9.596463164268275
5,47,72,3,8.05,9.366654179925497
2,77,155,0,70.85,48.87069404911398
2,77,155,1,41.0,50.234188400038136
5,35,74,0,39.6,30.76806273086634
5,35,74,1,14.9,9.73274451475398
5,35,74,2,8.9,5.250563879492524
5,35,74,3,9.85,9.593171913836478
5,47,72,0,32.85,29.930225877073358
5,47,72,1,18.0,22.927804311061184
5,47,72,2,15.25,24.708564464467308
5,47,72,3,7.55,6.754920234053179
5,19,74,0,33.25,24.259290135837382
5,19,74,1,14.6,12.7502321960281
5,19,74,2,10.05,13.088665244964318
5,19,74,3,7.8,8.489002173090594
5,51,72,0,33.05,35.02401431799857
5,51,72,1,14.0,18.023376633227137
5,51,72,2,11.0,14.0
5,51,72,3,5.6,5.679140038680801
5,19,74,0,42.1,26.582344754208176
5,19,74,1,13.6,12.65077488785402
5,19,74,2,9.65,9.326109359720894
5,19,74,3,7.65,6.861601777090276
2,56,155,0,74.4,32.78221597467942
2,56,155,1,74.5,84.47702895493326
5,51,72,0,41.25,28.675819632208377
5,51,72,1,16.3,20.943784406433284
5,51,72,2,13.15,18.198539559680693
5,51,72,3,13.7,16.52462277617062
5,316,74,0,47.65,23.295075151537706
5,316,74,1,13.45,12.812309048641259
5,316,74,2,13.1,10.335936287892277
5,316,74,3,8.85,12.07988759097229
5,316,74,0,40.75,22.211601994405868
5,316,74,1,10.4,9.767831198162131
5,316,74,2,10.4,11.189280584559494
5,316,74,3,5.95,4.661996409942396
5,2,72,0,38.15,33.87170065501817
5,2,72,1,31.1,37.28397426297397
5,2,72,2,14.8,18.47786727269596
5,2,72,3,9.05,8.075140539757935
5,166,74,0,36.7,14.793668631510824
5,166,74,1,13.9,13.583658913329803
5,166,74,2,11.4,8.846051750863058
5,166,74,3,6.65,4.283075628809893
2,56,155,0,66.2,36.67295001984289
2,56,155,1,60.3,78.58759778944633
5,2,72,0,23.0,20.95107081800481
5,2,72,1,18.85,30.409962010395283
5,2,72,2,7.25,10.325619644971995
5,2,72,3,4.0,3.1788776569561055
5,166,74,0,38.15,21.76978833637402
5,166,74,1,12.1,9.430633176264633
5,166,74,2,7.5,4.828642611923584
5,166,74,3,9.05,10.03402107568887
5,69,72,0,21.6,34.2504706076005
5,69,72,1,13.15,16.41974100699649
5,69,72,2,13.2,21.94634605721777
5,69,72,3,12.75,31.291288513611985
2,331,155,0,62.7,37.919721295888955
2,331,155,1,21.4,26.27866855555341
5,126,74,0,41.2,29.416429351460614
5,126,74,1,19.45,23.820546195514314
5,126,74,2,9.9,6.972879794717456
5,126,74,3,9.95,7.843703475433421
5,69,72,0,51.65,43.07676745923308
5,69,72,1,16.25,17.15831852883149
5,69,72,2,10.45,12.746413324209243
5,69,72,3,15.1,22.315677755430382
5,126,74,0,45.4,22.79519801694161
5,126,74,1,12.35,8.54877645908281
5,126,74,2,13.95,12.758794696414828
5,126,74,3,12.1,16.820726562942017
2,331,155,0,83.15,67.35004786463348
2,331,155,1,35.4,48.9149638066975
5,39,72,0,50.65,30.776400733439626
5,39,72,1,24.8,32.35103512538989
5,39,72,2,15.95,19.988088558202012
5,39,72,3,6.9,4.32739133768529
5,79,74,0,40.45,20.856590527242286
5,79,74,1,13.8,9.058871778247932
5,79,74,2,10.0,6.206957047497081
5,79,74,3,8.15,7.768187487574258
5,39,72,0,46.55,27.884111680498737
5,39,72,1,20.75,20.2844897967829
5,39,72,2,10.8,13.96084750858252
5,39,72,3,19.45,24.6970592751871
5,79,74,0,47.0,22.84501557981752
5,79,74,1,19.3,14.32737534269715
5,79,74,2,12.4,10.343571611595799
5,79,74,3,9.1,7.859958483886607
2,25,155,0,73.1,54.41062202799821
2,25,155,1,39.7,51.07486764802389
5,82,74,0,42.5,24.703504971860507
5,82,74,1,13.9,16.412126453840227
5,82,74,2,12.65,12.406598414171643
5,82,74,3,8.75,5.476024297358729
6,287,72,0,37.6,28.27943273457715
6,287,72,1,16.4,19.61846605946336
6,287,72,2,13.85,14.342703995228264
6,287,72,3,20.25,30.917334602895
5,82,74,0,46.95,22.172707262948766
5,82,74,1,16.65,10.509519494249012
5,82,74,2,12.5,12.309602584546493
5,82,74,3,8.75,7.683714836211096
2,25,155,0,89.8,38.44011063021486
2,25,155,1,53.6,60.90925087460248
6,287,72,0,39.8,33.893952262903774
6,287,72,1,28.4,36.83162256882843
6,287,72,2,13.7,17.07907306741514
6,287,72,3,24.95,26.749274461385422
5,152,74,0,41.1,28.761999784071815
5,152,74,1,11.45,8.178759396336215
5,152,74,2,8.15,7.020833658701642
5,152,74,3,5.9,6.0948641019347285
6,757,72,0,27.2,27.927726272234228
6,757,72,1,13.25,15.213826813651767
6,757,72,2,9.25,14.212207502892122
6,757,72,3,12.2,11.372172870189484
5,152,74,0,39.4,18.857917505164217
5,152,74,1,18.3,17.183529445679262
5,152,74,2,8.65,8.19675802407654
5,152,74,3,5.0,4.103913408340616
6,757,72,0,43.3,40.941678673835284
6,757,72,1,13.55,13.945287828925546
6,757,72,2,12.15,25.947872846596844
6,757,72,3,22.75,31.090487629701652
2,279,155,0,84.3,62.13406557809619
2,279,155,1,49.95,46.892345913412754
5,16,74,0,57.65,33.54223574759692
5,16,74,1,12.2,7.790682694225537
5,16,74,2,7.7,6.266871963789137
5,16,74,3,6.45,5.80811591880842
5,16,74,0,32.05,18.55993137464627
5,16,74,1,14.0,13.290281372016485
5,16,74,2,9.1,9.957277158995456
5,16,74,3,12.25,14.454556739184907
6,580,72,0,49.5,34.195259751516495
6,580,72,1,18.5,24.767338424456895
6,580,72,2,13.65,20.07164797996365
6,580,72,3,18.6,26.486143348431916
6,580,72,0,33.55,20.633327664880326
6,580,72,1,9.95,7.54268554714817
6,580,72,2,10.3,13.36176792588702
6,580,72,3,16.75,26.421432687557992
2,279,155,0,76.75,71.24374395434015
2,279,155,1,47.55,72.08217167708123
5,132,74,0,52.55,33.217742564067045
5,132,74,1,17.1,13.297803538455833
5,132,74,2,10.45,8.611345026062695
5,132,74,3,7.45,4.860961568292949
6,471,72,0,43.0,36.289769473242075
6,471,72,1,13.5,20.849081766982348
6,471,72,2,9.35,11.846718399713284
6,471,72,3,8.25,8.765212340178707
5,132,74,0,53.25,29.969941081374394
5,132,74,1,13.2,12.02891253780263
5,132,74,2,9.95,6.62908265464425
5,132,74,3,8.85,6.217758946420283
6,471,72,0,40.25,38.53484410927746
6,471,72,1,12.05,12.193505605336325
6,471,72,2,12.6,13.542914247524035
6,471,72,3,25.1,47.11229585843415
5,55,74,0,45.1,20.48593869488353
5,55,74,1,23.7,19.34479394130573
5,55,74,2,15.9,16.960945852473156
5,55,74,3,10.2,10.57604044900299
2,423,155,0,72.35,52.77287481073467
2,423,155,1,63.95,91.98768510255226
6,770,72,0,23.35,22.91236163710484
6,770,72,1,9.65,10.373422517994825
6,770,72,2,5.05,3.268268493769815
6,770,72,3,15.65,16.403706256433892
5,55,74,0,42.35,19.730486696053845
5,55,74,1,11.8,13.181326504606911
5,55,74,2,8.05,5.906953975032978
5,55,74,3,9.5,8.635910338141604
6,770,72,0,35.65,27.269174808505703
6,770,72,1,16.0,21.740091511936384
6,770,72,2,15.95,23.75638418349232
6,770,72,3,18.45,18.85254415331341
6,602,74,0,48.9,25.0134700553627
6,602,74,1,14.7,10.872950502581116
6,602,74,2,10.15,9.297849213662264
6,602,74,3,28.35,34.27792753054761
2,423,155,0,71.4,42.078122831854465
2,423,155,1,68.8,83.25142641420625
6,718,72,0,33.3,32.19202254890913
6,718,72,1,19.2,31.864185471928728
6,718,72,2,14.5,18.386207645377755
6,718,72,3,20.35,23.09995443148843
3,131,155,0,55.9,45.77622917950688
3,131,155,1,32.75,35.21195221721409
6,718,72,0,34.9,32.721954645000565
6,718,72,1,18.75,23.90744213573849
6,718,72,2,10.8,16.100343245768983
6,718,72,3,21.5,38.88241383020296
6,602,74,0,49.4,25.40285935003961
6,602,74,1,18.85,21.701988751943304
6,602,74,2,9.3,8.026928363164107
6,602,74,3,52.2,50.46061517867698
6,275,72,0,35.45,29.71350038725087
6,275,72,1,10.1,7.311850510967579
6,275,72,2,9.75,8.972912453308393
6,275,72,3,23.3,26.44378347004313
6,494,74,0,37.7,21.94274847247527
6,494,74,1,12.75,10.361238495367951
6,494,74,2,10.4,14.158501258775127
6,494,74,3,26.05,26.041414384742907
3,131,155,0,70.1,54.50823211608548
3,131,155,1,31.7,47.06110249899648
6,275,72,0,35.55,36.393283070253204
6,275,72,1,16.85,35.27676289003853
6,275,72,2,15.25,23.554807309091306
6,275,72,3,19.5,26.589471600616662
6,494,74,0,47.5,30.448403294062807
6,494,74,1,14.7,14.682965425424475
6,494,74,2,9.85,10.65376138173497
6,494,74,3,19.55,18.085978867038058
6,344,72,0,36.25,32.486231901497824
6,344,72,1,14.3,13.334166640626625
6,344,72,2,10.8,11.311847538613756
6,344,72,3,25.75,36.85944140993772
6,85,74,0,42.85,25.858471074597382
6,85,74,1,15.25,10.562470803447658
6,85,74,2,14.7,20.204481003766936
6,85,74,3,26.85,23.740427433743523
3,776,155,0,97.9,63.704829198090586
3,776,155,1,49.35,39.30752572914464
6,344,72,0,24.1,23.690771021200373
6,344,72,1,7.4,11.85171539882463
6,344,72,2,10.25,25.74342021197895
6,344,72,3,9.9,15.210453469138983
6,85,74,0,41.7,24.159775181944582
6,85,74,1,11.45,10.101980003939822
6,85,74,2,8.75,6.850854729617013
6,85,74,3,21.05,22.352381246042246
6,830,72,0,37.55,37.91468955709023
6,830,72,1,9.8,12.037660202792514
6,830,72,2,8.6,10.070279356392724
6,830,72,3,20.85,27.530413803837497
3,776,155,0,72.4,49.88344309224095
3,776,155,1,40.1,34.17586097941368
6,85,74,0,35.4,20.069353436730868
6,85,74,1,16.6,19.39723257526566
6,85,74,2,8.9,6.648308055437864
6,85,74,3,24.7,29.882401087209207
6,830,72,0,19.7,21.440492924420028
6,830,72,1,9.95,19.62403199087658
6,830,72,2,10.55,21.184589731813624
6,830,72,3,26.65,26.825508284780774
6,85,74,0,39.9,17.39600680132021
6,85,74,1,19.75,15.196519684661872
6,85,74,2,10.25,7.913180211054945
6,85,74,3,30.45,27.831211180785388
6,168,72,0,48.1,39.74643314020041
6,168,72,1,17.55,23.480058728519758
6,168,72,2,22.1,29.3757866635987
6,168,72,3,26.6,28.307335854119064
3,565,155,0,96.85,58.52059916231027
3,565,155,1,59.55,78.72970080899383
6,769,74,0,49.15,25.565756291118046
6,769,74,1,15.3,13.0388084699404
6,769,74,2,9.25,6.45531197012034
6,769,74,3,32.65,38.51353145666024
6,168,72,0,30.4,30.793710909517667
6,168,72,1,29.3,33.26939481834539
6,168,72,2,17.85,27.86862978899015
6,168,72,3,15.05,12.93495875118034
6,302,72,0,30.8,28.033063185798074
6,302,72,1,13.75,15.344723077194631
6,302,72,2,6.2,4.33589667773576
6,302,72,3,25.4,36.22793339254583
6,769,74,0,42.75,29.639722635253133
6,769,74,1,21.25,19.3087790232428
6,769,74,2,12.15,11.699190255380024
6,769,74,3,45.75,38.916746496781265
3,565,155,0,82.4,45.84114446996049
3,565,155,1,54.15,52.69602501737279
6,302,72,0,38.6,30.36861260543437
6,302,72,1,22.4,21.762836502431824
6,302,72,2,11.1,13.668634860415594
6,302,72,3,19.0,18.85400976478283
6,489,74,0,40.3,18.81796454119532
6,489,74,1,18.2,12.593231264620313
6,489,74,2,15.1,8.955445270895243
6,489,74,3,39.15,26.053133966447955
6,758,72,0,35.3,22.23581747872941
6,758,72,1,14.75,15.77431289687196
6,758,72,2,9.2,10.118248236153383
6,758,72,3,17.3,21.945146927833736
6,489,74,0,34.2,15.656174164644575
6,489,74,1,20.5,20.579754998285907
6,489,74,2,13.1,13.388526116751889
6,489,74,3,33.2,35.568466223238865
3,93,155,0,78.0,57.537173338542395
3,93,155,1,61.7,55.28690717758733
6,758,72,0,56.4,39.25543877839363
6,758,72,1,16.7,26.778034989422522
6,758,72,2,5.7,3.785011993306452
6,758,72,3,16.0,23.330576278216622
6,557,74,0,49.9,29.01342701868259
6,557,74,1,16.55,16.36901758940057
6,557,74,2,10.05,7.721978203052703
6,557,74,3,32.45,33.05095746682211
6,310,72,0,44.95,42.01688257180239
6,310,72,1,19.9,35.37751292915645
6,310,72,2,15.45,20.520785354828586
6,310,72,3,17.1,20.728571687661606
3,93,155,0,69.2,31.870791775872977
3,93,155,1,53.1,58.7303382552744
6,557,74,0,40.25,25.177004963803146
6,557,74,1,14.85,13.148043680775439
6,557,74,2,12.45,11.8431636953894
6,557,74,3,24.05,25.611418095101747
6,310,72,0,39.25,31.046442291305592
6,310,72,1,19.8,23.17575866015359
6,310,72,2,8.0,6.299540501204495
6,310,72,3,29.65,45.0932075641227
3,24,155,0,54.6,36.55478944788149
3,24,155,1,55.15,72.09881742223106
6,772,74,0,43.4,20.153098233796523
6,772,74,1,14.8,10.97173401830454
6,772,74,2,8.85,7.499298212780349
6,772,74,3,25.35,22.558170418533035
6,633,72,0,51.2,44.70440929624634
6,633,72,1,8.0,5.572488813712178
6,633,72,2,23.1,27.539254280313937
6,633,72,3,22.05,25.562050407833706
6,772,74,0,39.2,25.777591247560654
6,772,74,1,15.2,17.02505893026357
6,772,74,2,8.3,9.526141318553522
6,772,74,3,32.15,30.523976770642726
3,24,155,0,57.25,35.841573919857815
3,24,155,1,40.7,35.44469376069532
6,713,74,0,43.0,24.766275881783912
6,713,74,1,11.9,9.10118557921815
6,713,74,2,10.15,10.31746092796091
6,713,74,3,16.55,17.421931127476263
6,633,72,0,48.45,31.505179189928022
6,633,72,1,22.7,35.682960698497624
6,633,72,2,14.5,25.911793697688683
6,633,72,3,30.45,35.92019663526063
3,397,155,0,75.0,46.411205543489174
3,397,155,1,36.5,51.4735496715495
6,713,74,0,36.35,17.735705882707197
6,713,74,1,13.0,12.030662579644694
6,713,74,2,12.7,12.823087730627456
6,713,74,3,20.05,22.910523897614343
6,400,72,0,54.3,39.09516055661325
6,400,72,1,12.55,11.753946705591902
6,400,72,2,10.8,8.605995462161065
6,400,72,3,44.8,47.403752904951354
6,758,74,0,42.15,20.510010392873752
6,758,74,1,16.2,13.76341450902967
6,758,74,2,8.75,5.514335384871155
6,758,74,3,28.95,36.6311271145758
3,397,155,0,75.6,59.88005554967012
3,397,155,1,35.15,68.29138421422381
6,400,72,0,58.5,45.820588339626035
6,400,72,1,12.65,12.153730204950941
6,400,72,2,10.9,9.55813238749297
6,400,72,3,34.55,23.09585289727642
6,758,74,0,46.8,22.8048932883874
6,758,74,1,20.75,14.130500791959886
6,758,74,2,11.0,6.996239591455729
6,758,74,3,25.15,26.803917624108607
6,759,72,0,35.3,37.19380253978371
6,759,72,1,11.45,12.999898785031082
6,759,72,2,13.35,15.958086549326316
6,759,72,3,16.25,28.371362507400235
6,290,74,0,47.65,28.742550522288656
6,290,74,1,12.25,9.60742585602134
6,290,74,2,11.25,12.324024462299985
6,290,74,3,42.25,50.92706342872799
3,716,155,0,85.25,54.22941035423879
3,716,155,1,64.85,77.23666636759349
6,759,72,0,35.85,21.066998387350576
6,759,72,1,18.45,20.869204206450384
6,759,72,2,4.25,2.9713544669764755
6,759,72,3,25.2,29.19192390118595
6,290,74,0,40.45,26.61711954046829
6,290,74,1,10.75,9.419325040071943
6,290,74,2,7.95,6.692297221826236
6,290,74,3,19.4,28.3147720419832
6,172,72,0,43.1,30.961606105491025
6,172,72,1,18.4,21.25633032645495
6,172,72,2,10.25,8.283623666767557
6,172,72,3,30.25,31.380307267624488
6,794,74,0,40.25,29.85557340192773
6,794,74,1,10.05,9.472814287544953
6,794,74,2,10.45,13.523760766264607
6,794,74,3,22.35,22.276433145461382
3,716,155,0,75.4,46.426399023785905
3,716,155,1,59.55,73.790938682056
6,172,72,0,38.25,34.79999243799071
6,172,72,1,23.2,33.696165641618165
6,172,72,2,25.8,49.52256264094494
6,172,72,3,24.75,25.84136830335177
6,794,74,0,43.35,31.241461991533317
6,794,74,1,19.45,14.572775626958792
6,794,74,2,14.5,15.40847340366913
6,794,74,3,40.55,39.040431134375225
6,704,72,0,36.1,28.401074849934446
6,704,72,1,19.4,22.595761130190585
6,704,72,2,11.4,12.128261905240391
6,704,72,3,13.6,18.61634822011641
6,762,74,0,39.2,21.931952177491848
6,762,74,1,11.3,12.519878929967838
6,762,74,2,6.35,5.173566417248764
6,762,74,3,17.55,16.844411848631456
3,92,155,0,87.5,53.34150156748199
3,92,155,1,57.05,61.115486020966465
6,762,74,0,38.8,20.101322292196024
6,762,74,1,11.95,12.54664979397415
6,762,74,2,7.4,6.244155161766123
6,762,74,3,22.15,26.983962098370874
6,704,72,0,29.25,24.09384066301462
6,704,72,1,34.55,42.14445708699893
6,704,72,2,20.95,32.713227648122626
6,704,72,3,19.95,29.391146178470322
3,92,155,0,68.25,38.213906259095616
3,92,155,1,41.9,57.64765937641308
6,562,72,0,27.5,29.39656263471704
6,562,72,1,17.75,23.15138963659121
6,562,72,2,15.6,25.413216619455486
6,562,72,3,24.55,28.883568448441228
6,736,74,0,46.2,35.03622185831776
6,736,74,1,18.25,16.31232985392209
6,736,74,2,15.6,20.717142660125695
6,736,74,3,47.6,59.52301633556729
6,562,72,0,45.15,63.25909545586894
6,562,72,1,20.1,29.26269405160596
6,562,72,2,9.8,13.877660958685023
6,562,72,3,20.85,24.370549526231994
3,131,155,0,80.0,61.41232518159955
3,131,155,1,46.75,46.07416789664705
6,736,74,0,52.7,36.79116026553403
6,736,74,1,14.35,13.846052068901692
6,736,74,2,12.95,19.83743139145102
6,736,74,3,21.85,18.587701083752865
6,742,72,0,48.95,51.577713465369804
6,742,72,1,10.8,9.638737633004373
6,742,72,2,10.5,12.106979283389439
6,742,72,3,25.6,45.87786990879612
6,555,74,0,35.1,17.265420262539376
6,555,74,1,16.2,15.21979320697748
6,555,74,2,9.6,9.783982613919227
6,555,74,3,40.6,44.184302999809184
3,131,155,0,84.4,36.02250758389231
3,131,155,1,41.85,45.44432684181011
6,742,72,0,33.25,27.341649355400712
6,742,72,1,12.7,12.384625443202596
6,742,72,2,5.95,4.394673809822163
6,742,72,3,18.2,26.32509309225305
6,555,74,0,45.7,28.93750071046947
6,555,74,1,16.55,13.728475976290268
6,555,74,2,11.4,10.23101579563468
6,555,74,3,30.7,27.230207684230315
7,67,72,0,36.65,31.357488822658585
7,67,72,1,16.9,13.680181593131453
7,67,72,2,20.05,29.233137289546494
7,67,72,3,21.05,31.844151739369664
3,98,155,0,83.9,39.52334420114403
3,98,155,1,34.6,45.41550859621228
6,553,74,0,43.3,21.788698180961905
6,553,74,1,15.8,15.250884357446637
6,553,74,2,8.95,6.793766492741324
6,553,74,3,35.25,44.501774062803854
7,67,72,0,33.05,24.249742266671618
7,67,72,1,16.85,17.77424215572991
7,67,72,2,9.2,7.529590748646652
7,67,72,3,7.8,11.99824548577175
3,98,155,0,66.35,51.87563569680249
3,98,155,1,25.7,28.31979036496897
6,553,74,0,35.35,23.34021828247723
6,553,74,1,11.3,9.055966338044188
6,553,74,2,12.05,18.958333815307494
6,553,74,3,24.95,31.120267553984473
7,34,72,0,57.35,53.33042481104305
7,34,72,1,14.15,13.89537976981444
7,34,72,2,11.1,20.670090265379766
7,34,72,3,14.55,21.724289098658794
6,344,74,0,53.2,39.223516039823814
6,344,74,1,16.1,13.583658913329803
6,344,74,2,9.85,11.31498773169556
6,344,74,3,24.1,27.82634117446803
7,34,72,0,32.0,26.24179069628001
7,34,72,1,13.7,21.43558281284453
7,34,72,2,20.35,33.512409327700816
7,34,72,3,15.8,18.866846443877208
3,92,155,0,78.8,48.83656955925334
3,92,155,1,55.3,72.5273813992452
7,350,72,0,28.6,27.696475169994198
7,350,72,1,16.6,14.872793954062562
7,350,72,2,12.55,11.949344840001194
7,350,72,3,14.4,22.41334189131202
6,344,74,0,41.3,31.8699660627699
6,344,74,1,16.65,13.921868446894317
6,344,74,2,11.05,10.148761915674868
6,344,74,3,28.85,42.47634016348643
6,761,74,0,33.8,19.55720354565846
6,761,74,1,21.35,20.74728897952694
6,761,74,2,10.45,8.101169506214584
6,761,74,3,18.2,23.12119100920648
3,92,155,0,67.1,55.03673414423459
3,92,155,1,65.55,71.1591803449732
7,350,72,0,61.9,66.58030370992057
7,350,72,1,14.3,24.477917008042812
7,350,72,2,12.0,15.324558892939066
7,350,72,3,37.35,59.560031635494056
6,761,74,0,44.2,28.754130138121027
6,761,74,1,13.85,10.230372735916783
6,761,74,2,11.4,8.481558943099031
6,761,74,3,31.4,38.00055401258195
7,485,72,0,31.45,22.084705352943153
7,485,72,1,23.05,21.46839782711225
7,485,72,2,22.4,22.18676703755974
7,485,72,3,20.35,22.713953513435886
3,496,155,0,68.05,58.95089392652873
3,496,155,1,21.55,23.241240568392527
6,518,74,0,36.5,24.57534065727376
6,518,74,1,13.1,12.91632993335833
6,518,74,2,7.05,5.826211190997566
6,518,74,3,17.85,17.953961591863376
3,496,155,0,59.15,50.45088805227474
3,496,155,1,24.15,27.007357671957703
7,485,72,0,48.2,29.86918849002483
7,485,72,1,21.6,21.24394650619076
7,485,72,2,17.8,20.164063917876536
7,485,72,3,24.6,35.64208039294062
6,518,74,0,40.95,17.397746375532904
6,518,74,1,16.55,11.677576352723376
6,518,74,2,10.05,9.439419027617502
6,518,74,3,39.3,44.098096390469706
7,331,72,0,32.5,42.92281935116368
7,331,72,1,12.35,16.799984335832296
7,331,72,2,14.35,22.76487368039213
7,331,72,3,8.8,11.587652230306462
3,7,155,0,60.05,41.135814847379585
3,7,155,1,34.0,32.86015023830856
6,85,74,0,33.3,20.154926262122096
6,85,74,1,20.2,22.16588179589239
6,85,74,2,8.55,8.647938604387935
6,85,74,3,33.7,50.23114990772789
7,331,72,0,31.2,30.381088300384985
7,331,72,1,24.95,43.86519421087628
7,331,72,2,14.8,25.096864975110883
7,331,72,3,10.5,21.31098061415387
6,85,74,0,46.8,21.912745630172218
6,85,74,1,12.95,11.829824041045802
6,85,74,2,12.05,9.859406408949887
6,85,74,3,21.35,30.639285067926835
3,7,155,0,76.35,53.2454841178796
3,7,155,1,58.3,72.59918804823617
7,223,72,0,59.1,42.053725036834535
7,223,72,1,22.85,31.814056807114614
7,223,72,2,10.9,8.071391975431043
7,223,72,3,22.2,24.156507241430063
7,356,74,0,38.85,29.10828241691972
7,356,74,1,14.4,13.031944557408478
7,356,74,2,8.3,7.914676573503045
7,356,74,3,16.8,21.47360681100602
3,61,155,0,54.1,52.690656317395536
3,61,155,1,35.8,25.895742385268868
7,223,72,0,44.5,49.55008099202048
7,223,72,1,24.5,30.882630103429715
7,223,72,2,13.6,23.722962449247795
7,223,72,3,12.05,15.1743377554274
7,356,74,0,48.5,21.404623209410673
7,356,74,1,15.85,11.065712810298304
7,356,74,2,10.85,7.815470487908481
7,356,74,3,27.45,28.618130065066318
7,130,72,0,40.45,37.83409072586034
7,130,72,1,21.2,28.199664051750315
7,130,72,2,10.5,11.33926573321311
7,130,72,3,12.2,10.154594500701847
7,29,74,0,45.25,28.778418448918497
7,29,74,1,12.15,6.869267945368207
7,29,74,2,8.75,8.23902779139435
7,29,74,3,30.1,38.193275792860106
3,61,155,0,89.35,65.72292318193817
3,61,155,1,59.35,84.09848549859798
7,130,72,0,45.4,42.38718773651451
7,130,72,1,26.95,41.27759045395226
7,130,72,2,8.05,7.229144231220559
7,130,72,3,14.25,15.18959131150428
7,29,74,0,46.35,28.364683378417865
7,29,74,1,16.55,10.86992470801407
7,29,74,2,8.7,7.094104297899326
7,29,74,3,32.9,28.110496260293946
7,574,72,0,36.7,35.36293033821241
7,574,72,1,17.8,21.61529672781706
7,574,72,2,12.85,22.990329774883495
7,574,72,3,26.9,45.732517511008915
7,130,74,0,41.7,22.12429005700106
7,130,74,1,17.0,14.679021909191578
7,130,74,2,10.5,9.912777506568824
7,130,74,3,19.55,23.74752064620863
3,202,155,0,61.95,38.937838449994814
3,202,155,1,37.0,53.07393056165294
7,574,72,0,42.5,39.92163376047207
7,574,72,1,17.75,27.875427775806603
7,574,72,2,11.45,16.014713629396528
7,574,72,3,14.45,17.608236708995022
7,130,74,0,49.4,23.506773939710055
7,130,74,1,18.75,15.392667427262754
7,130,74,2,10.65,7.379024325749306
7,130,74,3,28.15,33.35814427502952
7,30,72,0,33.3,39.78904900915115
7,30,72,1,20.25,30.27049110237472
7,30,72,2,8.95,13.620707918846447
7,30,72,3,19.0,31.63442495297272
3,202,155,0,91.9,60.45172062328573
3,202,155,1,41.85,64.51297299156602
7,407,74,0,48.85,26.864719575955686
7,407,74,1,17.35,17.529749150035144
7,407,74,2,14.0,15.279845686738014
7,407,74,3,22.8,24.89472571491907
7,30,72,0,33.6,25.438056860580083
7,30,72,1,19.5,27.549954627911823
7,30,72,2,8.15,7.513321502504735
7,30,72,3,17.25,23.09904304237914
3,182,155,0,62.0,35.96343171963198
3,182,155,1,35.85,36.77424012596461
7,407,74,0,51.05,24.521687500959974
7,407,74,1,13.6,9.028609498349356
7,407,74,2,13.2,8.727452151265659
7,407,74,3,21.55,18.748964883708283
7,264,72,0,24.75,18.747280504536903
7,264,72,1,15.4,28.79583303188154
7,264,72,2,7.65,9.269502910648788
7,264,72,3,13.15,13.195992214544376
3,182,155,0,63.65,57.338583500944075
3,182,155,1,24.9,34.18356022233033
7,90,74,0,46.2,27.377670501802434
7,90,74,1,15.55,12.085114811204733
7,90,74,2,12.35,10.638930496307566
7,90,74,3,36.35,35.67436791753694
7,264,72,0,44.05,38.738631609123324
7,264,72,1,16.95,24.29961013332475
7,264,72,2,20.0,27.824638835316257
7,264,72,3,27.95,38.93648674444062
7,331,72,0,36.2,26.91037757172187
7,331,72,1,17.15,29.086576755754894
7,331,72,2,10.6,15.689084371659572
7,331,72,3,7.95,9.372271532782783
7,90,74,0,47.55,24.71623161534051
7,90,74,1,11.45,12.115561980579487
7,90,74,2,6.6,4.977845655343389
7,90,74,3,28.3,42.835179835958996
7,331,72,0,32.05,20.048559470498258
7,331,72,1,12.4,12.906138890180578
7,331,72,2,7.95,9.046517212950548
7,331,72,3,15.65,27.72662600234086
3,379,155,0,104.65,58.82111597216196
3,379,155,1,37.3,47.2597525440656
7,226,74,0,43.15,26.614746604882512
7,226,74,1,9.4,7.3799158460470835
7,226,74,2,11.8,10.024181289577507
7,226,74,3,23.65,35.85097077155872
7,211,72,0,34.65,36.182687049267955
7,211,72,1,23.85,28.101835489781386
7,211,72,2,14.8,20.31229858199732
7,211,72,3,16.15,18.731552328399772
7,226,74,0,43.4,20.471803458467093
7,226,74,1,16.15,10.04869721851911
7,226,74,2,10.2,8.27551874665968
7,226,74,3,10.5,9.719757415209822
3,379,155,0,68.3,41.159637868592625
3,379,155,1,28.4,42.59775136145841
7,211,72,0,53.4,34.31034829318992
7,211,72,1,16.4,23.959175805172386
7,211,72,2,13.75,25.403843472157803
7,211,72,3,14.15,13.267590111562122
7,165,74,0,45.45,25.056725118901923
7,165,74,1,17.1,13.439533199913564
7,165,74,2,9.75,7.601073331410088
7,165,74,3,19.9,23.548158940216204
3,61,155,0,80.8,58.15188823471821
3,61,155,1,38.45,42.90561857453121
7,165,74,0,48.95,20.66136745869348
7,165,74,1,13.7,8.436137804269888
7,165,74,2,10.95,7.074602462329597
7,165,74,3,14.15,12.478507839270561
7,226,72,0,48.9,39.885230085175245
7,226,72,1,19.4,19.046756872717754
7,226,72,2,13.05,16.13585416002773
7,226,72,3,23.5,29.437713011856424
7,328,74,0,38.55,25.911742918079277
7,328,74,1,15.75,12.813952099998371
7,328,74,2,12.65,19.45649668254526
7,328,74,3,29.0,36.41428291206625
7,226,72,0,55.7,38.87645749510134
7,226,72,1,34.4,36.21049571602134
7,226,72,2,10.3,8.832356781504554
7,226,72,3,21.6,24.530110390894567
3,61,155,0,73.55,37.249478979047836
3,61,155,1,54.85,85.09949285518995
7,328,74,0,39.4,20.200052110406993
7,328,74,1,17.85,15.17017503281738
7,328,74,2,9.3,10.712019810523719
7,328,74,3,22.6,41.543129142463115
7,163,72,0,38.65,34.959036178451996
7,163,72,1,15.25,17.65718878500974
7,163,72,2,7.95,8.525349197972387
7,163,72,3,12.85,20.71174342708681
7,486,74,0,45.45,27.59953279543543
7,486,74,1,17.0,14.104870379448817
7,486,74,2,12.65,7.300144194682588
7,486,74,3,28.5,29.256578207662166
3,93,155,0,61.55,45.77574052981154
3,93,155,1,62.65,68.2420421425786
7,163,72,0,56.05,37.12776659902369
7,163,72,1,15.6,17.150725011528014
7,163,72,2,6.65,5.851450562399935
7,163,72,3,18.1,28.16287216214022
7,486,74,0,47.05,25.452690892795808
7,486,74,1,14.1,9.2332351631997
7,486,74,2,16.85,14.858189306698316
7,486,74,3,16.4,17.61100134634748
7,584,72,0,34.5,31.19126058437051
7,584,72,1,21.15,33.98494248618752
7,584,72,2,11.75,13.672388618171873
7,584,72,3,19.65,24.6454330134622
3,93,155,0,74.1,52.13232152291341
3,93,155,1,51.0,45.852165190223886
7,279,74,0,42.85,24.68171068028436
7,279,74,1,20.5,26.845562212893135
7,279,74,2,12.65,9.42155982169005
7,279,74,3,36.6,58.155327402252304
7,584,72,0,50.25,40.409580677437326
7,584,72,1,25.85,37.634355804797636
7,584,72,2,10.85,7.56915485791894
7,584,72,3,19.6,30.91822831446303
3,182,155,0,74.5,43.21610323649471
3,182,155,1,32.95,29.525145393821784
7,279,74,0,41.85,28.50904750204195
7,279,74,1,17.15,13.865045030010199
7,279,74,2,13.0,11.724917236830557
7,279,74,3,20.3,23.89913013171466
7,446,72,0,50.85,55.42208850933752
7,446,72,1,30.15,37.530724255706744
7,446,72,2,12.9,19.042611497154976
7,446,72,3,13.45,13.67854639861076
7,67,74,0,43.15,26.168029911968617
7,67,74,1,16.9,20.51161416830654
7,67,74,2,10.85,7.428784699078521
7,67,74,3,23.5,28.62001507962382
3,182,155,0,82.95,67.54528695233802
3,182,155,1,29.55,40.4403068862321
7,446,72,0,49.0,52.788555378484915
7,446,72,1,15.3,17.345103965642508
7,446,72,2,10.35,15.062239296717436
7,446,72,3,13.0,18.817684851168455
7,67,74,0,40.1,18.95396084144281
7,67,74,1,15.5,16.49082679616315
7,67,74,2,8.05,4.828370107472795
7,67,74,3,27.2,27.147937791217025
7,390,72,0,37.05,36.22077769515869
7,390,72,1,23.65,39.774727495841134
7,390,72,2,17.25,37.94022306623657
7,390,72,3,21.95,28.450279806227417
7,597,74,0,44.6,19.413505879318034
7,597,74,1,13.7,8.754547690381148
7,597,74,2,9.2,6.100905886143379
7,597,74,3,18.9,22.939049675171812
4,832,155,0,82.75,55.92652604792714
4,832,155,1,63.3,57.35953093840364
7,390,72,0,23.35,18.172492225454672
7,390,72,1,28.85,42.8906504349939
7,390,72,2,11.6,14.409061476431383
7,390,72,3,11.35,21.24115915163914
7,597,74,0,47.45,24.210643592393296
7,597,74,1,14.6,13.060184571920551
7,597,74,2,9.85,9.82089608946149
7,597,74,3,30.6,42.2628367294607
7,374,72,0,50.2,26.162649149623892
7,374,72,1,21.4,23.591702377162854
7,374,72,2,15.5,22.115724341696218
7,374,72,3,29.85,52.65106086800451
7,67,74,0,44.9,32.834352998682725
7,67,74,1,13.6,16.956290557597914
7,67,74,2,6.4,8.917162635821116
7,67,74,3,22.95,36.74016159033885
4,832,155,0,74.3,53.81752796059546
4,832,155,1,79.35,92.65685136709082
7,374,72,0,40.25,24.31346821911891
7,374,72,1,17.3,17.317773042683484
7,374,72,2,6.65,8.707377392339877
7,374,72,3,17.7,26.239985558404243
7,67,74,0,54.4,30.252272641902458
7,67,74,1,20.8,16.75080516525133
7,67,74,2,8.05,5.2261991824591645
7,67,74,3,21.35,23.786938034405175
7,212,74,0,43.15,27.8610745249391
7,212,74,1,14.8,16.656277463688227
7,212,74,2,8.15,7.110222440816795
7,212,74,3,15.0,21.2924498602822
7,264,72,0,50.1,43.922060156839784
7,264,72,1,22.35,31.07084434676748
7,264,72,2,13.1,26.024077919860048
7,264,72,3,35.45,39.7736688883752
4,493,155,0,60.75,39.28556049183841
4,493,155,1,60.9,72.4677060562333
7,264,72,0,26.1,27.909440017765732
7,264,72,1,12.85,13.963391987245567
7,264,72,2,5.1,4.564162458476738
7,264,72,3,12.05,15.163928806285833
7,212,74,0,38.2,16.841677626149895
7,212,74,1,14.25,9.391345399944177
7,212,74,2,10.5,13.986835916223816
7,212,74,3,20.35,15.671882297185688
7,130,74,0,38.2,23.27772823062739
7,130,74,1,17.95,16.01142684065615
7,130,74,2,9.8,7.681830922103758
7,130,74,3,21.85,22.834127275222336
7,356,72,0,48.5,31.7133543180986
7,356,72,1,18.95,26.200592600771056
7,356,72,2,15.3,18.89054344318732
7,356,72,3,19.15,20.991915737154372
4,493,155,0,64.8,48.12768105997344
4,493,155,1,62.6,89.39645583461055
7,356,72,0,41.15,31.767701240493672
7,356,72,1,22.5,26.796504092492125
7,356,72,2,16.75,23.1377454208031
7,356,72,3,11.95,11.922888205376024
7,130,74,0,45.5,22.558695371011712
7,130,74,1,23.45,20.51822040092787
7,130,74,2,16.6,20.717142660125695
7,130,74,3,26.9,29.31839731384769
8,723,72,0,48.65,33.88878870659145
8,723,72,1,13.1,12.78938704757314
8,723,72,2,11.3,12.329254897023969
8,723,72,3,17.55,19.04696411781319
7,144,74,0,50.05,32.1140647986943
7,144,74,1,16.1,12.430438024208327
7,144,74,2,10.6,11.028193534372658
7,144,74,3,15.9,16.45376296746351
4,431,155,0,74.25,43.25551379517079
4,431,155,1,95.05,110.89609883509024
7,144,74,0,44.2,23.2867705835422
7,144,74,1,13.65,13.035477904953323
7,144,74,2,9.65,7.61767335663725
7,144,74,3,18.05,19.693640437567925
8,723,72,0,57.5,63.11851842701199
8,723,72,1,16.55,15.749603169603988
8,723,72,2,16.6,17.685557592804958
8,723,72,3,17.35,31.87851115852512
8,495,72,0,35.15,28.021185594211804
8,495,72,1,14.75,20.682754066842108
8,495,72,2,15.4,20.24949641998926
8,495,72,3,13.8,16.84167762614989
7,295,74,0,56.35,36.02524699502602
7,295,74,1,14.6,10.599900694668893
7,295,74,2,10.45,9.550282442778439
7,295,74,3,34.05,35.945097023098995
4,431,155,0,71.7,37.24047034583408
4,431,155,1,60.1,60.60562766990503
7,295,74,0,46.45,37.137688333239616
7,295,74,1,18.15,19.34799051173287
7,295,74,2,12.45,10.71386214701604
7,295,74,3,19.2,17.63250586722984
8,495,72,0,47.3,32.59173288782876
8,495,72,1,31.5,26.9804997807871
8,495,72,2,16.9,23.27388416681939
8,495,72,3,13.8,14.504445779429872
7,164,74,0,38.3,24.973881092895937
7,164,74,1,9.25,8.638195474323995
7,164,74,2,7.2,7.030759485814347
7,164,74,3,18.2,20.17711053331681
8,148,72,0,32.8,16.362987759607126
8,148,72,1,10.65,9.178206452472647
8,148,72,2,17.85,19.54286786043764
8,148,72,3,13.65,20.709202124456144
4,250,155,0,58.95,43.8111677663656
4,250,155,1,66.0,84.70630374852182
7,164,74,0,47.3,24.798344596703267
7,164,74,1,15.15,13.119992779202121
7,164,74,2,13.55,13.843010776865741
7,164,74,3,19.65,21.203959411790105
8,148,72,0,45.05,28.83980253965543
8,148,72,1,11.75,8.084260210921883
8,148,72,2,14.45,18.294304549432
8,148,72,3,14.9,22.28499613263549
8,716,72,0,42.95,33.51586427193452
8,716,72,1,19.75,29.843230740867043
8,716,72,2,10.55,9.917952887248669
8,716,72,3,9.35,7.788486779586229
7,268,74,0,47.65,33.98029614814723
7,268,74,1,18.1,14.516415390497535
7,268,74,2,9.05,9.859406408949887
7,268,74,3,21.4,23.168490398997104
4,250,155,0,75.3,46.49176497538371
4,250,155,1,62.65,70.60734641962586
8,716,72,0,34.2,29.560998487516407
8,716,72,1,18.75,19.93113142799475
8,716,72,2,8.45,13.461348176792772
8,716,72,3,20.7,23.452303219850062
7,268,74,0,37.0,23.065125189341593
7,268,74,1,16.4,13.903426310010593
7,268,74,2,12.55,12.006467555359267
7,268,74,3,25.15,22.978880463774143
8,391,72,0,47.7,26.99727081723164
8,391,72,1,15.45,15.097838813621811
8,391,72,2,14.4,16.397689182513364
8,391,72,3,18.35,23.853224431708888
7,584,74,0,46.75,23.062557944585603
7,584,74,1,15.05,12.48356814713688
7,584,74,2,9.3,8.214877389609402
7,584,74,3,16.35,19.27167269390627
8,391,72,0,47.95,36.59087461735724
8,391,72,1,15.9,16.80820601592223
8,391,72,2,11.35,12.20127258246364
8,391,72,3,9.3,7.692101211803675
4,267,155,0,87.75,55.477710080621335
4,267,155,1,87.1,84.65030232793339
7,584,74,0,39.9,15.900678568770845
7,584,74,1,16.85,17.144202641433235
7,584,74,2,10.4,9.241781555294924
7,584,74,3,23.85,26.402302531168914
8,271,74,0,43.3,24.421948713142616
8,271,74,1,10.15,8.77361475045911
8,271,74,2,8.4,7.3799158460470835
8,271,74,3,20.7,25.371139841207476
8,255,72,0,42.4,26.142121687341856
8,255,72,1,20.7,22.00980642684911
8,255,72,2,13.2,12.870202223087169
8,255,72,3,21.25,32.99262277986909
8,271,74,0,50.15,25.998532347240804
8,271,74,1,12.65,8.886861976506314
8,271,74,2,9.25,8.359520258206713
8,271,74,3,17.3,15.954210795437774
8,255,72,0,39.7,31.596302248672604
8,255,72,1,18.55,21.830627929344445
8,255,72,2,10.25,9.048844066916416
8,255,72,3,22.65,30.00925295901073
4,267,155,0,80.4,52.00141698474238
4,267,155,1,63.9,86.57391122770854
8,117,74,0,38.85,24.54700110314689
8,117,74,1,19.85,14.715816768290328
8,117,74,2,12.0,17.582886416537022
8,117,74,3,31.5,40.73470006608228
8,327,72,0,62.7,55.75519801115549
8,327,72,1,23.0,26.00607216543252
8,327,72,2,11.8,9.168596288131399
8,327,72,3,12.75,21.537910273454305
8,117,74,0,45.3,20.921155246355426
8,117,74,1,15.75,13.190407200130826
8,117,74,2,20.15,34.15487173388146
8,117,74,3,15.15,21.851833597639978
8,327,72,0,54.7,40.014602597709654
8,327,72,1,12.75,19.306053045885022
8,327,72,2,14.55,27.06614704366829
8,327,72,3,7.5,8.350858764538122
4,816,155,0,85.9,55.03960296674425
4,816,155,1,75.2,84.42287043586934
8,104,74,0,38.45,19.030377378231222
8,104,74,1,10.65,11.76647780773839
8,104,74,2,8.75,6.711145482271304
8,104,74,3,14.65,23.775872334430925
8,194,72,0,37.85,28.93963772369909
8,194,72,1,15.7,18.789974930657486
8,194,72,2,16.7,29.636570580778635
8,194,72,3,18.6,26.557583910399206
8,104,74,0,44.25,31.245841828616932
8,104,74,1,16.85,15.604570855327852
8,104,74,2,12.0,14.149576895292293
8,104,74,3,16.4,25.625645049647552
8,194,72,0,35.95,36.56497461261326
8,194,72,1,9.65,7.32174123667602
8,194,72,2,6.75,5.856844848461274
8,194,72,3,18.35,30.627258241122746
4,816,155,0,73.15,51.78729269049045
4,816,155,1,66.7,77.15814245670006
8,206,74,0,50.95,31.26705850201488
8,206,74,1,14.55,10.674490003841179
8,206,74,2,11.1,9.818886205460855
8,206,74,3,28.4,27.70597503484725
8,598,72,0,43.15,49.105980984204486
8,598,72,1,23.05,26.531956898089994
8,598,72,2,11.8,17.233993336304547
8,598,72,3,17.85,31.03355569294902
8,206,74,0,36.2,28.0518317255379
8,206,74,1,11.15,9.884996605701836
8,206,74,2,8.8,8.811475771013496
8,206,74,3,14.3,23.773271147501593
8,598,72,0,44.85,38.32173356149085
8,598,72,1,22.75,36.68338932857185
8,598,72,2,9.7,8.085724912982203
8,598,72,3,17.3,27.28813121602793
4,466,155,0,68.05,41.59007346142004
4,466,155,1,70.35,85.17676666173334
8,776,74,0,45.1,18.130811228113146
8,776,74,1,15.95,11.472965935991489
8,776,74,2,9.8,7.0082657964495185
8,776,74,3,16.5,22.521334914160605
8,45,72,0,38.35,33.7471636235044
8,45,72,1,24.95,33.45928397635739
8,45,72,2,14.3,21.1811733684222
8,45,72,3,11.3,11.126544836560901
8,776,74,0,47.95,27.821754078418564
8,776,74,1,18.65,18.9355555281036
8,776,74,2,9.95,7.199963450199628
8,776,74,3,15.45,19.92743414438867
4,466,155,0,70.65,55.423038151067985
4,466,155,1,43.9,40.90412410040157
8,45,72,0,43.0,27.86622177098061
8,45,72,1,15.8,16.356553491040316
8,45,72,2,9.75,12.404901408208309
8,45,72,3,14.45,19.94327481950534
8,805,74,0,46.6,33.45601983437203
8,805,74,1,22.6,24.532255887858508
8,805,74,2,11.3,12.11827675781286
8,805,74,3,29.85,37.68187474384106
8,391,72,0,59.6,53.987717901486874
8,391,72,1,21.85,35.9301588611778
8,391,72,2,8.55,9.561298084079985
8,391,72,3,7.7,4.942831066035781
8,805,74,0,51.95,18.523029762405166
8,805,74,1,10.65,7.457070117468529
8,805,74,2,9.25,6.0686858024139845
8,805,74,3,28.55,36.86600916262768
4,326,155,0,82.35,53.90564368461462
4,326,155,1,78.65,94.47543540379606
8,391,72,0,47.15,42.226550639939425
8,391,72,1,16.4,20.742531947159854
8,391,72,2,10.5,8.506963092234008
8,391,72,3,20.1,27.227888179894563
8,93,74,0,30.8,17.099092004209496
8,93,74,1,15.15,15.138918128626733
8,93,74,2,6.3,6.554227241776264
8,93,74,3,25.5,30.600137598589836
8,348,72,0,29.5,19.575763747956024
8,348,72,1,28.65,32.56293501578298
8,348,72,2,17.95,27.48487622407333
8,348,72,3,14.7,20.27469254747743
8,93,74,0,41.65,32.013607304263275
8,93,74,1,13.9,14.443720179772901
8,93,74,2,12.1,13.901533425451575
8,93,74,3,23.25,31.078635409994572
8,348,72,0,38.55,25.016783839738682
8,348,72,1,25.65,29.48197486779444
8,348,72,2,14.6,19.26928289163597
8,348,72,3,13.9,19.638576430345612
8,393,74,0,42.55,15.097838813621811
8,393,74,1,15.25,12.940654014221593
8,393,74,2,14.0,12.884098726725124
8,393,74,3,11.75,13.614523978380394
4,326,155,0,91.3,82.12448830249944
4,326,155,1,82.5,88.69967068116641
8,393,74,0,34.35,17.827462552271193
8,393,74,1,18.25,19.455414616366745
8,393,74,2,7.85,5.203996439984219
8,393,74,3,19.6,36.817330015546816
8,716,72,0,42.55,29.207920699340228
8,716,72,1,27.9,34.34791037848476
8,716,72,2,13.75,19.12803123552888
8,716,72,3,35.5,49.35851656902521
8,271,74,0,34.75,23.892026857686666
8,271,74,1,21.1,18.2292419797943
8,271,74,2,10.6,9.450146197699523
8,271,74,3,20.9,23.708537214305423
8,716,72,0,32.2,30.97809072979092
8,716,72,1,18.8,32.74398297477922
8,716,72,2,10.2,15.178239271022877
8,716,72,3,29.7,44.280327103817264
4,451,155,0,72.85,36.68539792686773
4,451,155,1,79.0,94.87498699812684
8,271,74,0,44.1,29.16901744912517
8,271,74,1,13.25,11.106541457982978
8,271,74,2,11.6,11.287627133981236
8,271,74,3,21.7,45.664796990795075
8,379,72,0,30.25,24.6317616952285
8,379,72,1,15.85,26.32644258055707
8,379,72,2,12.15,16.496490854915656
8,379,72,3,17.05,21.88600850820114
8,62,74,0,34.25,18.903842550071527
8,62,74,1,14.65,13.604469079951942
8,62,74,2,9.45,8.76881435903155
8,62,74,3,16.05,22.380618965148347
4,451,155,0,61.75,47.17255558054916
4,451,155,1,49.05,52.32939699130579
8,379,72,0,38.2,39.58149487882065
8,379,72,1,10.45,10.096768633682029
8,379,72,2,20.2,29.10706190311174
8,379,72,3,17.7,40.4528315318887
8,62,74,0,35.6,28.861557021134715
8,62,74,1,11.9,8.441127387911367
8,62,74,2,9.95,7.950339284385422
8,62,74,3,8.85,8.68922502752388
8,596,74,0,39.6,27.88019481922418
8,596,74,1,9.05,13.08866524496432
8,596,74,2,7.45,8.69043636479356
8,596,74,3,26.8,52.17036868205028
8,249,72,0,41.25,29.2788319439147
8,249,72,1,12.45,12.865600810320766
8,249,72,2,17.6,27.601296689600805
8,249,72,3,21.85,41.35504169607631
8,596,74,0,30.65,24.37918655004931
8,596,74,1,13.0,8.559390042213103
8,596,74,2,10.3,9.809233029731681
8,596,74,3,24.1,36.32876198507763
4,128,155,0,77.0,40.03156649182584
4,128,155,1,68.1,80.03545267074165
8,249,72,0,44.6,31.4866722013583
8,249,72,1,10.5,9.219544457292887
8,249,72,2,19.45,33.405759037059845
8,249,72,3,18.35,20.199726418157773
8,117,74,0,47.45,23.1140763673522
8,117,74,1,12.75,11.396559961118461
8,117,74,2,8.2,6.329546420932296
8,117,74,3,6.8,5.827340279822529
8,206,72,0,29.2,35.38152952571366
8,206,72,1,13.8,20.288965110698918
8,206,72,2,17.3,22.806047212826776
8,206,72,3,16.6,17.169127740465473
8,117,74,0,35.45,22.574962843123814
8,117,74,1,18.15,14.665659853800252
8,117,74,2,8.7,7.847896131079369
8,117,74,3,19.95,32.048441952440484
8,206,72,0,48.85,42.180408273335416
8,206,72,1,12.35,16.50605949341029
8,206,72,2,15.75,26.28162255665594
8,206,72,3,18.8,27.761389317577482
4,128,155,0,74.0,51.477128288610906
4,128,155,1,58.4,99.24843893774323
8,598,74,0,45.35,28.52196752643385
8,598,74,1,14.05,16.352933102432466
8,598,74,2,10.7,7.888032240779632
8,598,74,3,22.75,27.746739969721997
8,224,72,0,34.7,37.45748467122074
8,224,72,1,16.85,23.385274268897916
8,224,72,2,9.75,12.060701733970104
8,224,72,3,12.35,11.226261504544647
8,224,72,0,32.7,27.692104137803387
8,224,72,1,16.95,18.036439723369377
8,224,72,2,9.25,7.531512743833494
8,224,72,3,9.75,11.144387305772023
4,744,155,0,74.7,45.373421387647774
4,744,155,1,47.65,45.54266363012067
8,598,74,0,53.55,28.53893923451919
8,598,74,1,19.7,15.162627185217435
8,598,74,2,11.65,8.604007634144745
8,598,74,3,26.2,37.94261595176534
8,88,72,0,38.8,37.159117319979494
8,88,72,1,16.45,21.8233940145842
8,88,72,2,11.65,13.20396670861091
8,88,72,3,20.65,31.81074793541526
8,148,74,0,39.7,22.634626477798868
8,148,74,1,18.15,13.631523064303254
8,148,74,2,15.25,10.871861313549424
8,148,74,3,31.5,32.57945752512738
8,88,72,0,43.25,33.13270764349744
8,88,72,1,23.6,35.66127193173953
8,88,72,2,14.4,17.56611570759545
8,88,72,3,30.0,45.86823232741922
4,744,155,0,78.2,47.769842942350586
4,744,155,1,75.65,111.21069382506627
8,148,74,0,50.3,49.605920699257794
8,148,74,1,24.25,21.754309917807092
8,148,74,2,15.25,13.194396737371433
8,148,74,3,17.75,17.42011843575667
8,325,72,0,43.5,28.923674513595625
8,325,72,1,12.3,15.95091153970106
8,325,72,2,20.25,26.05434603609196
8,325,72,3,18.95,32.321534291357025
8,457,74,0,48.05,37.676566778443686
8,457,74,1,18.85,23.82010429072578
8,457,74,2,11.9,17.025986330498323
8,457,74,3,19.55,25.736468084678677
4,425,155,0,68.9,73.71702652711923
4,425,155,1,30.75,43.81164829489744
8,325,72,0,33.5,28.996370008747828
8,325,72,1,23.6,24.284281249184083
8,325,72,2,15.4,26.632785493783686
8,325,72,3,21.5,48.07833520193346
8,457,74,0,39.4,22.200995710244975
8,457,74,1,21.3,24.71969170306816
8,457,74,2,14.15,11.435287030664519
8,457,74,3,20.45,24.92615409353671
4,425,155,0,76.35,51.833006147779905
4,425,155,1,33.6,34.90649162970603
8,319,72,0,52.3,34.60012169129802
8,319,72,1,22.5,27.49832530785906
8,319,72,2,15.55,16.646399958517975
8,319,72,3,12.65,10.614166303379152
8,824,74,0,50.2,28.7046667762725
8,824,74,1,14.1,11.233877335986893
8,824,74,2,10.7,9.454043969033624
8,824,74,3,42.4,32.444933105348305
8,319,72,0,49.7,33.74533106106758
8,319,72,1,17.7,23.265289256970917
8,319,72,2,9.65,8.845308003919959
8,319,72,3,8.65,8.719457974462692
4,599,155,0,61.75,47.25616083477482
4,599,155,1,48.85,55.46575520084441
8,824,74,0,46.55,22.565635261096507
8,824,74,1,18.2,14.11456880785166
8,824,74,2,15.9,11.822814697373085
8,824,74,3,33.6,31.39795501218779
9,450,72,0,38.7,39.29122039336523
9,450,72,1,10.9,13.486445437042178
9,450,72,2,8.1,7.369210484027087
9,450,72,3,23.2,32.60061349115995
8,453,74,0,41.1,21.20054616972725
8,453,74,1,10.2,6.354443120244373
8,453,74,2,13.1,19.846516332251255
8,453,74,3,21.0,23.521546673098197
9,450,72,0,38.05,27.37743019734552
9,450,72,1,25.4,30.2366107819469
9,450,72,2,20.2,22.505204076531182
9,450,72,3,21.2,19.696646789157846
4,599,155,0,78.25,33.903694877045325
4,599,155,1,65.05,91.18429862530868
8,453,74,0,44.9,19.38501863214016
8,453,74,1,13.3,11.328120576224183
8,453,74,2,10.3,9.234375139148632
8,453,74,3,17.95,22.07993850105852
9,305,72,0,34.45,26.6684812979075
9,305,72,1,25.95,25.01047149116798
9,305,72,2,11.2,18.176329315030056
9,305,72,3,24.85,31.484791650305674
8,340,74,0,37.55,21.881198369953673
8,340,74,1,21.8,21.2865166120172
8,340,74,2,13.95,10.23654444162009
8,340,74,3,22.15,24.322991072991865
4,123,155,0,78.85,49.92233441741492
4,123,155,1,34.7,29.840100183266287
9,305,72,0,39.3,27.92489928361426
9,305,72,1,16.8,20.952578035072186
9,305,72,2,10.75,18.410165955968885
9,305,72,3,22.9,25.579391375830166
8,340,74,0,41.9,29.788553082297266
8,340,74,1,13.0,10.042016991777992
8,340,74,2,11.75,10.710914256520136
8,340,74,3,14.5,18.01023101052931
4,123,155,0,57.75,35.20896267474489
4,123,155,1,46.95,48.01477294596562
9,506,72,0,32.95,30.945580417378203
9,506,72,1,21.05,23.063927177350028
9,506,72,2,13.25,17.274486815440916
9,506,72,3,24.0,25.920932406881224
8,508,74,0,53.15,29.652859984547153
8,508,74,1,18.65,20.530529257156218
8,508,74,2,8.85,7.154498033074239
8,508,74,3,23.25,28.48245073725223
9,506,72,0,28.45,18.68428836158732
9,506,72,1,16.85,27.403947084124095
9,506,72,2,6.75,7.724704048154786
9,506,72,3,23.55,30.706548247290154
4,429,155,0,65.2,52.10475278856906
4,429,155,1,43.35,39.70585930511887
8,508,74,0,44.3,23.389381306369284
8,508,74,1,13.1,12.540041131469522
8,508,74,2,11.35,11.608866847099428
8,508,74,3,25.9,32.41003743157032
9,605,72,0,31.45,24.358020401804758
9,605,72,1,15.95,27.112776168790745
9,605,72,2,8.15,11.545220017962322
9,605,72,3,29.25,50.78838968027821
8,805,74,0,35.55,25.607307756308856
8,805,74,1,16.6,13.781757584040692
8,805,74,2,11.75,10.238600850136754
8,805,74,3,13.35,18.65553396095703
9,605,72,0,21.75,22.057043271815395
9,605,72,1,20.3,34.48126875184325
9,605,72,2,13.45,22.52594994784086
9,605,72,3,15.95,17.09870724568627
8,805,74,0,39.8,23.0413815375271
8,805,74,1,14.85,13.739206289800157
8,805,74,2,9.75,7.347573892467035
8,805,74,3,18.8,18.007600734426735
4,429,155,0,64.2,36.127843177133876
4,429,155,1,70.8,64.22952264299782
9,412,72,0,52.65,36.87999743121352
9,412,72,1,19.9,18.344366695901066
9,412,72,2,6.85,6.792216908073224
9,412,72,3,27.25,35.57035282366482
9,451,74,0,47.6,30.608564332982294
9,451,74,1,14.3,13.215222482544812
9,451,74,2,11.8,10.630640917451283
9,451,74,3,36.9,32.26029007602804
4,655,155,0,82.7,56.02358525891714
4,655,155,1,50.15,56.590193496753486
9,412,72,0,45.0,34.5055296865208
9,412,72,1,29.35,44.67222733127197
9,412,72,2,13.7,13.580558859905892
9,412,72,3,31.75,33.17398314786358
9,451,74,0,47.6,22.008132468177347
9,451,74,1,14.25,14.410796391302561
9,451,74,2,8.8,7.338435226868693
9,451,74,3,29.3,27.503301237258203
9,455,72,0,51.95,46.919275581072554
9,455,72,1,13.1,13.038001138372804
9,455,72,2,9.6,8.133103246673599
9,455,72,3,15.05,15.122221362860962
9,338,74,0,53.15,27.116270120780953
9,338,74,1,13.9,9.602083107326242
9,338,74,2,12.0,10.80448250057647
9,338,74,3,32.15,30.293780845162544
4,655,155,0,67.9,50.34083829258309
4,655,155,1,56.2,66.95764568583243
9,455,72,0,38.2,33.331824527256074
9,455,72,1,13.05,15.476552723734258
9,455,72,2,10.25,12.818058806970242
9,455,72,3,15.3,18.697311937393852
9,338,74,0,47.45,27.561366935774814
9,338,74,1,21.8,28.175390531081327
9,338,74,2,11.05,7.3590259652955945
9,338,74,3,33.0,27.032144607952645
4,572,155,0,67.9,38.15743012421318
4,572,155,1,31.25,27.254888504054115
9,621,72,0,43.8,32.66673827417859
9,621,72,1,10.7,13.795880391967513
9,621,72,2,7.1,9.792048331494069
9,621,72,3,29.4,45.34476120149992
9,560,74,0,43.3,29.185612894027084
9,560,74,1,17.25,13.859729624460858
9,560,74,2,15.0,11.809897722272039
9,560,74,3,30.65,20.941711084767995
9,621,72,0,52.25,34.48855645450806
9,621,72,1,9.1,5.270573722890236
9,621,72,2,9.85,9.016213465926695
9,621,72,3,40.15,64.76944942600151
9,560,74,0,40.3,26.471633278304772
9,560,74,1,16.6,10.47000728899359
9,560,74,2,10.05,7.983370874907154
9,560,74,3,21.3,31.04343307113608
4,572,155,0,68.3,40.72901461586012
4,572,155,1,80.4,108.63865746011795
9,266,72,0,47.05,30.72710958026958
9,266,72,1,15.8,23.915641215255803
9,266,72,2,5.8,4.396170582390279
9,266,72,3,23.5,25.718107485419274
9,836,74,0,48.75,27.83953077342021
9,836,74,1,17.3,18.97116926174807
9,836,74,2,10.85,8.330508293078678
9,836,74,3,36.55,34.38248483105744
9,266,72,0,45.4,34.27044146045885
9,266,72,1,38.5,43.17223766801019
9,266,72,2,9.55,13.307991267616137
9,266,72,3,20.3,27.932437284125044
4,686,155,0,69.75,54.55260618985369
4,686,155,1,54.25,65.04320426495477
9,836,74,0,41.5,26.420685675790995
9,836,74,1,11.05,10.505512337515206
9,836,74,2,13.9,19.385018632140156
9,836,74,3,42.0,50.14610233056373
9,578,72,0,44.7,37.969655474366704
9,578,72,1,13.15,12.393865205691165
9,578,72,2,10.05,12.72988609532701
9,578,72,3,18.6,16.44896413311889
9,72,74,0,46.65,27.30582162720694
9,72,74,1,17.45,18.033521418093642
9,72,74,2,13.85,10.599280015270153
9,72,74,3,26.85,31.016591485339276
4,686,155,0,71.55,71.08888061693207
4,686,155,1,61.7,80.27852829532414
9,578,72,0,26.0,19.536740017882096
9,578,72,1,25.65,47.72098181369656
9,578,72,2,10.35,14.390329355069271
9,578,72,3,31.0,40.944121099757155
9,72,74,0,44.3,28.43293124085817
9,72,74,1,14.45,20.353391027437898
9,72,74,2,11.65,10.781441169167067
9,72,74,3,36.3,49.86940840572347
9,349,72,0,45.35,53.552016031636306
9,349,72,1,18.2,28.248148518740873
9,349,72,2,15.5,21.29121390324385
9,349,72,3,14.7,15.019636270036987
9,833,74,0,47.25,26.66137557157209
9,833,74,1,19.5,14.210818710442148
9,833,74,2,14.55,11.5779963724299
9,833,74,3,35.0,38.04567891640949
9,349,72,0,37.2,34.14612561824316
9,349,72,1,10.45,10.850539642170604
9,349,72,2,13.95,30.716830634206488
9,349,72,3,30.25,34.36319175176283
4,502,155,0,81.4,70.47612511004216
4,502,155,1,88.7,90.98935738807445
9,684,72,0,44.4,36.95573454539192
9,684,72,1,13.35,15.62479473549383
9,684,72,2,14.25,13.427681541463045
9,684,72,3,15.6,18.782410584598054
9,833,74,0,45.95,33.6912842079216
9,833,74,1,17.4,12.390148888277501
9,833,74,2,13.15,9.7293641270018
9,833,74,3,29.4,28.54617681102525
9,684,72,0,43.0,33.43808103282685
9,684,72,1,12.95,13.512080364972437
9,684,72,2,18.85,29.149839757616796
9,684,72,3,17.8,19.58947085607604
9,411,74,0,43.55,29.19710692228905
9,411,74,1,18.4,13.92989968604074
9,411,74,2,11.1,11.428956760421265
9,411,74,3,22.9,25.2146573914543
9,411,74,0,36.9,20.18571668023548
9,411,74,1,11.25,12.121642237185347
9,411,74,2,5.65,4.4517885229008325
9,411,74,3,27.0,38.834330986356576
4,502,155,0,95.9,79.30547203526905
4,502,155,1,78.5,89.35588220263134
9,686,72,0,54.2,47.70920687930823
9,686,72,1,10.95,9.344150999140416
9,686,72,2,18.9,23.307780494481822
9,686,72,3,42.4,41.05631562417138
9,447,74,0,39.6,16.391268535733477
9,447,74,1,16.95,13.547091356100259
9,447,74,2,10.35,8.343134587002783
9,447,74,3,20.6,23.4507322296184
9,686,72,0,54.55,39.156198675776
9,686,72,1,15.9,25.712786088268473
9,686,72,2,14.05,24.647995541433513
9,686,72,3,38.35,57.53742489161203
9,447,74,0,44.25,21.829181338170628
9,447,74,1,18.5,15.769724491135404
9,447,74,2,15.15,16.063279471154733
9,447,74,3,25.95,28.342779643054364
4,300,155,0,64.7,36.73389371368656
4,300,155,1,83.65,80.71931549967977
9,684,74,0,40.85,23.522162002315138
9,684,74,1,13.8,13.594116374373144
9,684,74,2,8.85,8.07383688869568
9,684,74,3,23.75,24.036978091879053
9,431,72,0,41.4,22.098821116449678
9,431,72,1,22.35,32.38302836851102
9,431,72,2,8.7,8.16346159806965
9,431,72,3,29.85,36.850016067981926
9,684,74,0,41.95,27.51167216406807
9,684,74,1,12.0,10.218661978536081
9,684,74,2,9.05,8.133588578105899
9,684,74,3,23.75,28.132908244896928
9,431,72,0,42.6,35.02840952261764
9,431,72,1,23.95,23.018242193621354
9,431,72,2,11.4,9.016943116039643
9,431,72,3,34.0,34.93301861382271
4,300,155,0,78.55,61.68977992640613
4,300,155,1,83.65,89.67794718059906
9,430,74,0,40.15,29.209362233798654
9,430,74,1,13.15,12.35984585153408
9,430,74,2,12.6,13.307694647913486
9,430,74,3,32.4,37.90903239126667
9,578,72,0,37.95,37.93134379514208
9,578,72,1,20.5,35.0600987778955
9,578,72,2,11.25,13.041936407725576
9,578,72,3,32.2,47.75992594545965
5,18,155,0,74.9,43.10928584789813
5,18,155,1,25.05,26.380764523457337
5,18,155,2,14.65,19.367022975856884
5,18,155,3,10.75,8.55246963409431
9,430,74,0,50.1,26.116943482002355
9,430,74,1,18.6,10.184611715204154
9,430,74,2,14.35,11.403023606413392
9,430,74,3,49.55,51.20492883348346
9,578,72,0,39.5,36.5261261939566
9,578,72,1,13.7,13.619258809726606
9,578,72,2,14.5,19.747085061371784
9,578,72,3,20.2,36.48013157871007
5,18,155,0,70.5,44.81952112287916
5,18,155,1,25.9,26.546681822583285
5,18,155,2,13.85,13.382136561377948
5,18,155,3,17.15,28.398063314247327
9,686,74,0,45.45,20.208062486880927
9,686,74,1,23.1,15.08537109429634
9,686,74,2,12.5,10.2469507659596
9,686,74,3,62.85,59.85708857463399
9,32,72,0,53.4,38.67598193901958
9,32,72,1,16.35,15.400871472266209
9,32,72,2,28.65,54.76675422572578
9,32,72,3,52.1,67.73236806882309
5,195,155,0,57.8,41.06426285969987
5,195,155,1,32.0,48.16200730210922
5,195,155,2,19.4,19.99842099029979
5,195,155,3,19.5,21.55409351766901
9,686,74,0,34.7,20.792458146873198
9,686,74,1,19.75,13.74150455257433
9,686,74,2,12.2,11.985078442094482
9,686,74,3,44.55,41.401086942253094
9,32,72,0,55.6,49.663499251409355
9,32,72,1,17.15,29.015921219401708
9,32,72,2,8.75,12.306930011818118
9,32,72,3,28.1,34.543488989662684
9,674,74,0,43.2,24.716497793131914
9,674,74,1,10.45,12.219376330023428
9,674,74,2,10.25,9.233092656309692
9,674,74,3,22.2,27.414172285612842
5,195,155,0,63.7,45.41631981197021
5,195,155,1,20.35,22.420092022910822
5,195,155,2,14.65,17.309185270741143
5,195,155,3,15.6,29.06689199977039
9,180,72,0,33.55,30.66023483276017
9,180,72,1,15.7,14.1982207929096
9,180,72,2,16.15,22.186470509844746
9,180,72,3,21.85,29.887992660316915
9,674,74,0,45.05,20.39214244958608
9,674,74,1,12.9,11.647904713317597
9,674,74,2,8.9,8.949566293519775
9,674,74,3,36.2,53.570023039205914
9,180,72,0,25.55,22.50023391691272
9,180,72,1,25.3,29.53695277017195
9,180,72,2,11.15,12.049350277308031
9,180,72,3,20.4,23.618458437149712
5,187,155,0,79.65,44.050539156745856
5,187,155,1,23.0,20.711044599948423
5,187,155,2,18.15,23.912725086293104
5,187,155,3,11.8,11.58310929986554
9,72,74,0,43.65,21.3499044740868
9,72,74,1,14.9,11.91593360522836
9,72,74,2,11.75,13.474635040463404
9,72,74,3,44.5,42.41834260639711
9,68,72,0,39.2,29.31067705587307
9,68,72,1,15.7,19.51814270715434
9,68,72,2,18.3,20.065943916575616
9,68,72,3,26.65,30.974140317707814
5,187,155,0,65.3,53.13943921420323
5,187,155,1,14.7,11.66686716619694
5,187,155,2,11.05,8.911701355668937
5,187,155,3,9.6,10.864718370172229
9,72,74,0,49.05,25.403014740277126
9,72,74,1,15.75,11.787035697168129
9,72,74,2,10.2,10.288470808577305
9,72,74,3,40.5,38.56982731290572
9,68,72,0,53.2,40.755496884663174
9,68,72,1,22.7,27.336307069729195
9,68,72,2,12.85,17.226891462875255
9,68,72,3,37.9,54.106036242684944
5,95,155,0,70.7,36.84976612080319
5,95,155,1,19.6,22.32864575052933
5,95,155,2,15.3,27.766128551471528
5,95,155,3,10.55,11.297298233136143
9,500,72,0,24.8,23.73893093855035
9,500,72,1,9.4,10.292562465453544
9,500,72,2,6.85,5.742500830602785
9,500,72,3,23.65,30.853260511824782
9,354,74,0,51.05,30.425880603958134
9,354,74,1,22.15,26.127773083747293
9,354,74,2,7.15,6.149668369321355
9,354,74,3,54.3,53.46430191209242
5,95,155,0,77.75,41.34180374441959
5,95,155,1,23.6,27.60320347541682
5,95,155,2,19.05,22.995365665830647
5,95,155,3,11.05,9.768235309032619
9,500,72,0,46.8,48.029157810646645
9,500,72,1,17.25,23.25799240102885
9,500,72,2,28.95,38.666557017388385
9,500,72,3,27.6,38.3740592204243
9,354,74,0,54.4,23.435016535091243
9,354,74,1,20.8,15.733303597949897
9,354,74,2,10.6,7.465006081007147
9,354,74,3,50.55,63.34573055026968
9,266,72,0,38.65,27.957251201376042
9,266,72,1,25.05,34.63869907609422
9,266,72,2,11.2,10.694809365688622
9,266,72,3,20.1,20.99598959199991
5,169,155,0,64.1,42.8963254468504
5,169,155,1,25.65,24.589846000245497
5,169,155,2,23.3,27.376709271318855
5,169,155,3,13.25,11.488552654937138
9,500,74,0,49.25,27.320466590760166
9,500,74,1,14.95,9.703363497153694
9,500,74,2,7.0,4.812265031857879
9,500,74,3,42.45,50.23573376958299
9,266,72,0,38.05,30.06392312530436
9,266,72,1,16.05,19.540713233764283
9,266,72,2,12.5,13.45362404707371
9,266,72,3,32.85,40.51546163600938
5,169,155,0,76.75,40.160041675382026
5,169,155,1,26.7,21.3420760594258
5,169,155,2,22.9,18.113385570955675
5,169,155,3,13.95,11.740505682644615
9,500,74,0,38.4,19.717478220310554
9,500,74,1,12.35,9.707701771491053
9,500,74,2,9.9,8.472245709870617
9,500,74,3,37.65,41.666943858727095
9,522,72,0,49.05,35.82482967234641
9,522,72,1,17.55,18.793825973889458
9,522,72,2,14.0,28.063837003667565
9,522,72,3,27.1,31.417226250309838
9,128,74,0,37.95,25.822216057210564
9,128,74,1,12.4,9.411079696433964
9,128,74,2,9.65,7.59691765749352
9,128,74,3,29.95,43.855594373976245
5,160,155,0,69.25,60.41163620920794
5,160,155,1,33.6,33.70210051239194
5,160,155,2,14.9,17.411127718245385
5,160,155,3,11.65,11.393788704931806
9,522,72,0,59.45,34.295120107063255
9,522,72,1,11.1,10.803995362340437
9,522,72,2,7.0,4.530597729822599
9,522,72,3,43.05,56.855750067952435
9,128,74,0,38.15,17.153409972486827
9,128,74,1,13.2,10.501127758985048
9,128,74,2,10.8,8.33256136775292
9,128,74,3,28.6,27.73065945274671
10,35,72,0,36.2,22.289010745208053
10,35,72,1,15.15,19.263477851815036
10,35,72,2,8.75,8.181333053134788
10,35,72,3,10.85,16.050168059457885
10,35,72,4,11.6,16.99969039965759
10,35,72,5,5.2,7.288058004275502
9,737,74,0,44.3,24.57662560881354
9,737,74,1,15.45,13.531542099071611
9,737,74,2,11.2,8.624323009281428
9,737,74,3,42.45,43.70773146107773
5,160,155,0,89.25,62.50126314513044
5,160,155,1,31.45,38.109917206334686
5,160,155,2,23.35,24.908833774386146
5,160,155,3,13.0,15.847961848037185
10,35,72,0,45.15,30.895877769662004
10,35,72,1,14.0,13.39284962405804
10,35,72,2,13.9,21.686522615622234
10,35,72,3,8.5,10.748316881701697
10,35,72,4,11.55,18.779818394951757
10,35,72,5,10.2,17.215659945770916
9,737,74,0,48.15,23.87968747040485
9,737,74,1,17.65,9.953973023238932
9,737,74,2,10.65,10.27657018352145
9,737,74,3,26.45,24.707712411949007
10,102,72,0,64.3,44.66023781962276
10,102,72,1,15.7,23.299198088752913
10,102,72,2,16.2,24.500483346467398
10,102,72,3,6.4,4.24759994151496
10,102,72,4,5.85,4.997631017739673
10,102,72,5,7.55,10.190165537625507
5,82,155,0,82.4,59.01061456703317
5,82,155,1,21.1,20.99097550452525
5,82,155,2,19.1,17.047611346801023
5,82,155,3,17.35,18.36551402120719
9,800,74,0,50.3,33.053545076213275
9,800,74,1,17.8,14.547924431449248
9,800,74,2,14.95,11.142498066317746
9,800,74,3,32.75,41.97226527877164
10,102,72,0,44.2,38.30019925741763
10,102,72,1,23.05,33.18286653649662
10,102,72,2,17.65,17.16261236402823
10,102,72,3,9.4,10.292562465453546
10,102,72,4,12.05,20.727492548989645
10,102,72,5,8.2,10.308912852989218
9,800,74,0,41.75,34.060124856834534
9,800,74,1,15.0,16.958152828902712
9,800,74,2,9.15,8.517937729162778
9,800,74,3,19.9,23.117320915620596
5,82,155,0,74.3,48.17632089249698
5,82,155,1,25.8,24.53697532082422
5,82,155,2,22.95,16.080308323831158
5,82,155,3,20.0,29.66124531580241
10,166,72,0,36.85,33.50298494164363
10,166,72,1,14.8,19.530273396636524
10,166,72,2,8.8,8.775564159402487
10,166,72,3,6.35,6.753361735968399
10,166,72,4,9.7,12.945635314043514
10,166,72,5,5.6,4.8709666175692155
9,812,74,0,39.2,19.704661484291638
9,812,74,1,15.05,16.810006418484015
9,812,74,2,10.3,12.4100977560932
9,812,74,3,19.05,19.610617424993883
10,166,72,0,54.65,44.50579501001734
10,166,72,1,18.35,17.90405717031463
10,166,72,2,10.85,8.474574977698383
10,166,72,3,10.35,10.68336138705023
10,166,72,4,11.6,19.378229781734042
10,166,72,5,8.4,4.739531400332404
9,812,74,0,44.1,18.229241979794296
9,812,74,1,17.9,16.92988637385316
9,812,74,2,9.85,9.471703009213119
9,812,74,3,51.4,52.28706189972107
5,143,155,0,95.5,66.16924074713742
5,143,155,1,42.25,67.00422217646948
5,143,155,2,15.1,14.860403054674137
5,143,155,3,17.473684210526315,24.86936629906277
10,294,72,0,31.65,27.276894019818695
10,294,72,1,26.65,36.31336567044963
10,294,72,2,11.45,15.229732001650762
10,294,72,3,9.35,12.227126873429723
10,294,72,4,7.35,8.892782407512758
10,294,72,5,10.15,19.6984503798756
9,401,74,0,43.7,17.69953909599135
9,401,74,1,25.5,24.541050464369633
9,401,74,2,9.4,6.87788217098074
9,401,74,3,38.3,43.95344426956658
10,294,72,0,35.4,48.11871284974058
10,294,72,1,14.6,16.047298510144447
10,294,72,2,8.55,10.515527366208206
10,294,72,3,8.8,16.3983311089237
10,294,72,4,6.3,8.627373815209841
10,294,72,5,5.6,4.750623227812492
5,143,155,0,69.45,52.681241043608075
5,143,155,1,22.45,21.15475559325908
5,143,155,2,16.65,25.045800152184356
5,143,155,3,8.85,7.808733302493668
10,57,72,0,41.1,33.847801763342424
10,57,72,1,10.7,8.492101593462257
10,57,72,2,9.2,8.439256639750859
10,57,72,3,11.25,13.85593165778697
10,57,72,4,10.45,18.96388534473938
10,57,72,5,4.6,5.082477638649129
9,401,74,0,47.35,26.11769918132751
9,401,74,1,14.4,10.985157450420376
9,401,74,2,10.85,6.643358377079758
9,401,74,3,61.05,68.84572761273074
5,100,155,0,61.3,36.885455698761035
5,100,155,1,22.8,22.437281006114986
5,100,155,2,12.7,12.74486480694748
5,100,155,3,12.45,13.339592828947415
10,57,72,0,42.85,29.030428682223835
10,57,72,1,12.45,13.256478058908248
10,57,72,2,6.9,6.189124587362476
10,57,72,3,11.75,21.72768062318567
10,57,72,4,9.25,18.438732117617608
10,57,72,5,3.75,3.160196529531535
10,97,74,0,38.1,23.984424770649543
10,97,74,1,13.9,11.778213607736689
10,97,74,2,8.65,7.379024325749306
10,97,74,3,8.2,7.309690755932731
10,97,74,4,7.25,7.232055833505946
10,97,74,5,7.3,5.974507246803309
10,18,72,0,31.9,27.22015507129346
10,18,72,1,17.1,21.046064765301445
10,18,72,2,14.55,20.296421774344985
10,18,72,3,7.95,8.750789438072069
10,18,72,4,5.05,3.42552339450715
10,18,72,5,6.5,6.840283158189472
5,100,155,0,80.9,46.69148462880684
5,100,155,1,26.65,26.330440658355073
5,100,155,2,17.7,14.83275181197978
5,100,155,3,15.3,21.240725530278652
10,97,74,0,44.55,23.767458956799693
10,97,74,1,16.95,15.339920400534576
10,97,74,2,11.15,7.14713781505355
10,97,74,3,11.15,9.348655968696924
10,97,74,4,6.65,4.944694126030447
10,97,74,5,8.6,7.088909054216126
10,18,72,0,43.95,30.215846313169067
10,18,72,1,16.2,21.33097574692235
10,18,72,2,11.75,11.29916158976315
10,18,72,3,11.5,11.905328307327906
10,18,72,4,10.85,17.851065131128436
10,18,72,5,10.3,10.136437659308749
10,0,74,0,40.75,21.882160482192365
10,0,74,1,14.65,10.34802294872641
10,0,74,2,11.35,13.172039765311498
10,0,74,3,6.75,4.951076437981627
10,0,74,4,5.3,5.1717858057979
10,0,74,5,6.9,6.536536987539631
5,48,155,0,75.95,74.3147467125292
5,48,155,1,27.45,30.365276221368383
5,48,155,2,16.3,26.549060841750077
5,48,155,3,22.4,37.11064537299237
10,0,72,0,50.85,40.961181880563835
10,0,72,1,23.55,37.575853108640196
10,0,72,2,13.6,12.579850220847122
10,0,72,3,10.4,11.641124923034036
10,0,72,4,14.45,18.980530190587128
10,0,72,5,6.95,10.133191942688562
10,0,74,0,52.35,29.04130452340343
10,0,74,1,23.7,20.60173727983561
10,0,74,2,14.1,10.527657809188538
10,0,74,3,10.95,6.6449426752903396
10,0,74,4,10.75,4.7114083267164
10,0,74,5,7.75,5.485627153130068
5,48,155,0,52.35,50.98428550466362
5,48,155,1,9.65,10.474404894538726
5,48,155,2,9.5,11.794289429969691
5,48,155,3,10.45,13.188811047327398
10,0,72,0,41.45,35.2979423882201
10,0,72,1,14.95,25.960445621023247
10,0,72,2,8.45,11.931713601728974
10,0,72,3,7.7,11.197274104371163
10,0,72,4,8.05,14.482203234532921
10,0,72,5,5.5,7.344887229975192
10,103,74,0,41.1,28.92258269023851
10,103,74,1,17.1,17.77609275640208
10,103,74,2,7.3,8.176345857346506
10,103,74,3,12.35,23.78029923232564
10,103,74,4,9.85,16.990012546075107
10,103,74,5,7.95,8.556161214986668
10,360,72,0,29.55,23.789593036496132
10,360,72,1,16.15,25.00373656286722
10,360,72,2,10.75,12.83037104111302
10,360,72,3,7.5,7.910685644646805
10,360,72,4,7.8,7.797435475847172
10,360,72,5,9.45,17.418909869811937
10,103,74,0,36.5,24.579623567842575
10,103,74,1,10.45,8.917605295735303
10,103,74,2,9.75,9.765001953809058
10,103,74,3,5.1,5.811965878119128
10,103,74,4,6.15,8.387176929223877
10,103,74,5,4.25,3.6688589937185476
10,360,72,0,25.75,19.968066611731
10,360,72,1,12.9,20.17267563079482
10,360,72,2,10.2,18.594283218802833
10,360,72,3,5.75,4.940434670840422
10,360,72,4,5.95,9.610712225099876
10,360,72,5,4.7,3.540740332933659
5,48,155,0,85.9,60.27908775896191
5,48,155,1,19.15,20.016506346407944
5,48,155,2,17.35,18.009573477517595
5,48,155,3,12.75,14.392523643965475
10,26,74,0,40.2,21.772991477854777
10,26,74,1,12.05,9.522687590558057
10,26,74,2,10.8,10.128646192073772
10,26,74,3,8.6,6.524447950028537
10,26,74,4,7.0,6.026258331144144
10,26,74,5,5.25,3.3853399114105915
10,26,72,0,49.55,36.694291826271545
10,26,72,1,16.05,18.695552524879446
10,26,72,2,8.1,7.018021913541405
10,26,72,3,9.2,8.049844718999243
10,26,72,4,8.55,8.469605098605
10,26,72,5,4.75,3.306691779757495
10,26,74,0,41.1,27.107777093435168
10,26,74,1,11.0,8.516238359127444
10,26,74,2,10.35,5.931849804678398
10,26,74,3,11.2,9.350485492602424
10,26,74,4,9.65,8.96352256884007
10,26,74,5,10.55,10.389645655271659
5,48,155,0,73.15,66.55925338017485
5,48,155,1,21.15,31.23640757024944
5,48,155,2,11.3,14.722342490957498
5,48,155,3,12.8,14.901783715204596
10,26,72,0,37.35,26.868637557764746
10,26,72,1,16.8,18.12994034303768
10,26,72,2,14.1,19.912704223025163
10,26,72,3,14.2,31.690277439784687
10,26,72,4,7.75,7.41885932500479
10,26,72,5,6.75,7.886530822931755
10,187,74,0,44.85,38.73020716919058
10,187,74,1,14.35,13.283448347473636
10,187,74,2,8.75,6.397984880125601
10,187,74,3,5.15,4.233637231805095
10,187,74,4,4.8,3.577708763999664
10,187,74,5,4.0,2.6754242162397546
10,95,72,0,46.45,35.74099076764144
10,95,72,1,10.5,10.480558442333018
10,95,72,2,5.45,3.3162280411715703
10,95,72,3,11.65,16.85940312360466
10,95,72,4,12.5,16.37552731171861
10,95,72,5,8.8,12.284350335198631
10,187,74,0,45.2,25.97083384349289
10,187,74,1,18.1,30.98199816871591
10,187,74,2,12.55,12.111217071267793
10,187,74,3,6.45,4.762518130922802
10,187,74,4,9.0,7.341303483857977
10,187,74,5,7.2,4.629425336623157
5,41,155,0,94.4,68.26218803839701
5,41,155,1,27.6,28.11704858360193
5,41,155,2,26.1,22.72929943116547
5,41,155,3,16.5,16.09020623988721
10,63,74,0,45.25,29.813234433191262
10,63,74,1,13.7,13.131320533265816
10,63,74,2,9.9,8.668758182176536
10,63,74,3,9.45,8.804753500838414
10,63,74,4,10.8,11.459769447483387
10,63,74,5,7.15,6.384809274652158
10,95,72,0,45.15,40.68528118697421
10,95,72,1,17.85,18.739979778678077
10,95,72,2,18.0,24.967347096810897
10,95,72,3,11.6,12.906138890180577
10,95,72,4,9.05,9.389103426733286
10,95,72,5,6.35,4.356181331105684
10,63,74,0,47.35,42.280112283872214
10,63,74,1,13.35,11.094213759765422
10,63,74,2,11.7,9.165725629528165
10,63,74,3,7.8,8.55693009388174
10,63,74,4,5.9,4.45917150671689
10,63,74,5,6.3,5.068997617094061
10,2,72,0,50.45,29.745366733413512
10,2,72,1,22.9,31.18856065594361
10,2,72,2,11.4,14.299061434050026
10,2,72,3,8.15,6.351750691116998
10,2,72,4,9.35,12.897470172173504
10,2,72,5,14.85,21.470359004671387
5,41,155,0,93.85,58.88461062468744
5,41,155,1,25.35,17.61959136870092
5,41,155,2,22.3,18.77316113358026
5,41,155,3,16.15,14.368368035375486
10,150,74,0,44.65,30.589428858589965
10,150,74,1,15.0,10.432741982008272
10,150,74,2,10.1,9.30138642750016
10,150,74,3,6.7,5.497367791186882
10,150,74,4,8.85,9.343024417347838
10,150,74,5,6.5,6.427735952392897
10,2,72,0,50.2,43.38517816271505
10,2,72,1,12.85,14.45965348642105
10,2,72,2,16.75,27.37243138634199
10,2,72,3,6.7,5.956862473342472
10,2,72,4,10.15,14.84046743482868
10,2,72,5,12.0,21.596783386226267
10,150,74,0,42.45,21.517373641340445
10,150,74,1,14.55,10.013017842578204
10,150,74,2,10.95,11.53701137985689
10,150,74,3,12.1,16.202339012429167
10,150,74,4,13.05,15.066431841051571
10,150,74,5,9.0,9.055385138137417
10,12,72,0,34.3,34.43391840674113
10,12,72,1,17.1,20.61399626722735
10,12,72,2,9.75,12.04323352277994
10,12,72,3,10.7,16.849488513242612
10,12,72,4,7.5,13.57435662912747
10,12,72,5,8.2,16.233817853643156
5,360,155,0,92.95,51.875838610849925
5,360,155,1,31.6,28.292457614967578
5,360,155,2,21.55,19.334928851283898
5,360,155,3,16.45,16.953419155221507
10,71,74,0,41.8,22.897023479276218
10,71,74,1,15.85,14.665659853800252
10,71,74,2,12.15,9.783310170629203
10,71,74,3,6.45,6.637017402418047
10,71,74,4,8.8,8.140865077528696
10,71,74,5,5.05,3.3635038122078655
10,12,72,0,22.9,19.097809188215116
10,12,72,1,14.05,21.26889253049355
10,12,72,2,10.55,13.4064988168543
10,12,72,3,10.0,8.169262029416315
10,12,72,4,10.5,16.077116787861133
10,12,72,5,21.45,29.457328638665043
10,71,74,0,39.5,28.40033357847089
10,71,74,1,18.7,15.768389431491025
10,71,74,2,9.6,11.13269249127376
10,71,74,3,9.65,10.137346273738716
10,71,74,4,8.25,10.808744023632952
10,71,74,5,4.9,3.059067625411721
5,360,155,0,70.25,46.87595613059956
5,360,155,1,18.45,18.077246529968637
5,360,155,2,18.25,24.27013542780943
5,360,155,3,9.05,9.594269122762817
10,83,72,0,44.05,45.54982812377301
10,83,72,1,9.65,10.673503839439338
10,83,72,2,10.7,12.230677564395625
10,83,72,3,9.4,13.12851456703469
10,83,72,4,10.3,14.711613743820507
10,83,72,5,5.35,3.787444632216458
10,63,74,0,38.4,21.61724457829662
10,63,74,1,12.7,7.88135708324932
10,63,74,2,10.85,10.017222012220019
10,63,74,3,8.3,7.712600762798227
10,63,74,4,7.8,7.374208253665003
10,63,74,5,4.6,3.4089665049071614
10,83,72,0,38.35,39.78002011060326
10,83,72,1,6.1,5.260578315216524
10,83,72,2,7.4,11.080566202519664
10,83,72,3,5.1,5.9639266471538335
10,83,72,4,3.75,3.0586374675490293
10,83,72,5,6.3,12.616196774489193
5,241,155,0,71.55,50.76517144242643
5,241,155,1,25.45,36.90596157804319
5,241,155,2,15.5,20.68943284817028
5,241,155,3,13.3,16.692576351874443
10,63,74,0,39.85,26.352419243781018
10,63,74,1,18.5,21.801738221382355
10,63,74,2,9.1,7.268533479827167
10,63,74,3,6.7,5.6670794483299956
10,63,74,4,7.1,5.955095120544829
10,63,74,5,5.9,5.766509479654687
10,53,72,0,51.1,31.81509075894645
10,53,72,1,31.5,34.80245000450097
10,53,72,2,21.25,30.602502477652653
10,53,72,3,7.4,8.881678362016707
10,53,72,4,10.2,14.021036826291075
10,53,72,5,7.55,8.75078943807207
10,143,74,0,50.05,29.059784111923115
10,143,74,1,14.85,14.426857264363427
10,143,74,2,11.5,8.482179461733443
10,143,74,3,8.25,5.711253894954381
10,143,74,4,8.25,8.090767968233267
10,143,74,5,9.35,7.24950089026098
5,241,155,0,62.55,38.293155909035285
5,241,155,1,22.0,18.990302234229144
5,241,155,2,12.2,11.619403010300893
5,241,155,3,11.85,19.33982800772595
10,53,72,0,34.8,29.25136074207759
10,53,72,1,14.4,14.666108442327339
10,53,72,2,9.5,8.91775284415719
10,53,72,3,13.75,18.188703839702846
10,53,72,4,7.6,9.450146197699521
10,53,72,5,8.75,13.09831246663799
10,143,74,0,44.7,27.97762263704785
10,143,74,1,15.65,10.752111175803668
10,143,74,2,9.7,10.042541091723118
10,143,74,3,8.9,8.340768612821696
10,143,74,4,11.7,15.287077446068796
10,143,74,5,8.7,12.570223797362935
5,169,155,0,84.05,45.18555311741039
5,169,155,1,24.1,19.297940986431414
5,169,155,2,14.25,11.737815631090553
5,169,155,3,16.0,15.734641634572457
10,186,74,0,43.2,20.71002808201608
10,186,74,1,12.95,11.39933054359357
10,186,74,2,8.7,7.821024296895616
10,186,74,3,9.05,6.20250373894115
10,186,74,4,6.6,5.235506309402127
10,186,74,5,6.8,8.918343013433782
10,174,72,0,31.15,35.30211712750682
10,174,72,1,31.9,47.42406673054471
10,174,72,2,17.65,30.790078716502514
10,174,72,3,7.3,5.563981913777408
10,174,72,4,4.85,3.950682819063321
10,174,72,5,3.9,2.468752081944492
5,169,155,0,51.15,39.60100344289536
5,169,155,1,15.95,16.956523352696045
5,169,155,2,11.85,14.644111444536334
5,169,155,3,9.35,8.969392398596462
10,174,72,0,34.85,29.04130452340343
10,174,72,1,15.35,15.414535177449956
10,174,72,2,12.05,17.199984700115593
10,174,72,3,4.8,3.901416746718933
10,174,72,4,6.15,6.458572434736397
10,174,72,5,3.8,2.4623480450043695
10,186,74,0,45.1,20.6828176844554
10,186,74,1,12.2,10.319118689418968
10,186,74,2,9.45,5.835237784358064
10,186,74,3,8.15,8.579504340976937
10,186,74,4,7.6,7.61162545750007
10,186,74,5,7.65,6.106726231227162
10,82,72,0,45.85,39.25795259696133
10,82,72,1,7.5,4.79583152331272
10,82,72,2,11.8,11.038687946443064
10,82,72,3,5.9,4.700503892361463
10,82,72,4,7.65,12.088598368972136
10,82,72,5,7.55,8.911701355668939
10,134,74,0,47.6,33.33782425887732
10,134,74,1,14.35,19.27440353367511
10,134,74,2,8.6,6.352786375822983
10,134,74,3,8.55,5.835237784358063
10,134,74,4,6.8,6.558241099242196
10,134,74,5,5.2,4.098780306383839
5,16,155,0,77.1,58.30762340696472
5,16,155,1,24.05,35.64514435080147
5,16,155,2,15.65,16.07965370142948
5,16,155,3,15.85,14.313317317504664
10,82,72,0,44.95,32.29221023877528
10,82,72,1,9.75,10.44723584696475
10,82,72,2,10.95,17.00301830790485
10,82,72,3,13.35,20.10047132204668
10,82,72,4,10.5,17.50939597383134
10,82,72,5,11.75,28.347236011182538
10,134,74,0,46.85,22.02695716855288
10,134,74,1,19.75,17.40802900055634
10,134,74,2,12.0,10.447865558899679
10,134,74,3,10.5,10.128126547808387
10,134,74,4,9.8,6.716828825694772
10,134,74,5,6.95,5.083254241547487
10,16,74,0,48.0,35.71819527473652
10,16,74,1,10.5,12.73825568493335
10,16,74,2,11.8,11.455175800989654
10,16,74,3,9.35,8.99868411432881
10,16,74,4,10.7,13.837781994464134
10,16,74,5,7.2,9.139849129239671
5,16,155,0,75.15,57.66990914725488
5,16,155,1,23.7,28.75687560804967
5,16,155,2,17.95,17.482246633897518
5,16,155,3,16.2,15.793403019848775
10,53,72,0,49.15,33.36445477008823
10,53,72,1,15.35,13.267590111562122
10,53,72,2,21.3,41.018737695171254
10,53,72,3,9.55,10.364285843830803
10,53,72,4,6.25,3.971941060674703
10,53,72,5,7.05,7.185328619375808
10,16,74,0,42.0,25.499225994445194
10,16,74,1,17.75,20.908006524824533
10,16,74,2,14.2,14.11829719865231
10,16,74,3,11.15,10.752111175803666
10,16,74,4,8.0,7.840515557699399
10,16,74,5,5.8,7.230054232889704
10,53,72,0,44.25,30.988750080939813
10,53,72,1,19.25,22.657344574285283
10,53,72,2,14.95,13.73230919363068
10,53,72,3,6.65,6.243101455965111
10,53,72,4,8.85,10.761896721890224
10,53,72,5,10.4,15.865885282248628
10,60,74,0,34.75,30.22699212014948
10,60,74,1,11.45,9.489467845985885
10,60,74,2,7.2,5.58758021254093
10,60,74,3,6.9,5.17992074720921
10,60,74,4,5.7,4.0275367945655
10,60,74,5,5.7,4.0275367945655
10,294,72,0,33.55,31.638542450957704
10,294,72,1,9.8,10.293585125545041
10,294,72,2,5.0,4.920419323166418
10,294,72,3,4.15,3.1501879643167827
10,294,72,4,6.35,9.740177238201518
10,294,72,5,7.4,16.242893182785153
5,102,155,0,86.0,62.25922041204652
5,102,155,1,47.25,54.90937509828546
5,102,155,2,17.25,18.51279784933996
5,102,155,3,18.2,27.312229765012635
10,294,72,0,29.7,21.957135274750307
10,294,72,1,21.1,26.944191835796644
10,294,72,2,11.7,20.139252063674327
10,294,72,3,10.55,12.692621146908442
10,294,72,4,9.75,11.299161589763152
10,294,72,5,6.1,6.239939270959546
10,60,74,0,49.1,24.42151769067167
10,60,74,1,17.3,12.65784549722341
10,60,74,2,12.0,13.86400109332762
10,60,74,3,10.55,12.023989179530798
10,60,74,4,11.8,13.926876704302442
10,60,74,5,6.4,6.80092872914776
10,26,72,0,38.85,35.1197575222417
10,26,72,1,11.7,13.611527622222509
10,26,72,2,15.05,25.069324933702923
10,26,72,3,6.35,6.251526129463782
10,26,72,4,5.85,5.842449017861926
10,26,72,5,7.5,12.36080392548197
10,307,74,0,50.45,22.954130461926848
10,307,74,1,14.45,8.191619594374934
10,307,74,2,11.4,6.652265146470589
10,307,74,3,7.1,5.128865679455325
10,307,74,4,7.4,7.570023986612906
10,307,74,5,5.95,4.346504948019489
5,102,155,0,79.8,54.653549988228484
5,102,155,1,35.2,36.119101230293786
5,102,155,2,14.4,17.61996475293685
5,102,155,3,14.25,14.333894317867335
10,307,74,0,36.85,19.23340022488292
10,307,74,1,15.05,10.605237037972275
10,307,74,2,14.65,15.738905867141364
10,307,74,3,9.35,7.9886432548106425
10,307,74,4,5.25,4.505844158306783
10,307,74,5,5.0,5.088687143272344
10,26,72,0,47.2,35.114249619147344
10,26,72,1,18.1,23.77282836393374
10,26,72,2,13.4,14.655338527936538
10,26,72,3,14.65,17.604649505472306
10,26,72,4,9.5,12.828832658056657
10,26,72,5,5.5,3.268671064257734
10,8,74,0,37.95,26.886652920420534
10,8,74,1,14.25,10.442196784403679
10,8,74,2,14.3,12.653686793724754
10,8,74,3,9.7,7.427544752650877
10,8,74,4,7.7,6.554227241776265
10,8,74,5,6.55,5.134762844931031
10,126,72,0,35.6,29.38205682313433
10,126,72,1,20.7,23.72007810406951
10,126,72,2,20.4,35.565210677378474
10,126,72,3,5.55,5.296225070746145
10,126,72,4,5.1,3.851178903578542
10,126,72,5,4.1,2.7125439603519985
5,134,155,0,94.85,60.69099907252354
5,134,155,1,25.15,22.09852340863763
5,134,155,2,27.0,22.273420553608165
5,134,155,3,28.35,31.04881555500018
10,8,74,0,39.4,25.95218274969726
10,8,74,1,15.05,17.712543875071017
10,8,74,2,12.0,10.523157420910474
10,8,74,3,6.45,5.826211190997565
10,8,74,4,6.75,5.014452795879653
10,8,74,5,5.55,3.2682684937698157
10,126,72,0,48.0,32.16896183067085
10,126,72,1,17.65,27.038520280284725
10,126,72,2,9.6,12.309175011904097
10,126,72,3,5.55,4.442320398881174
10,126,72,4,7.25,5.847851607304398
10,126,72,5,5.65,5.029125695700784
10,79,74,0,49.6,34.75387142387691
10,79,74,1,10.9,8.484661082459954
10,79,74,2,11.05,10.226256196158674
10,79,74,3,10.5,9.248043889897673
10,79,74,4,7.1,5.169750070310332
10,79,74,5,7.95,5.65196751955505
5,134,155,0,91.1,57.55171587363837
5,134,155,1,25.1,20.031291310820365
5,134,155,2,29.05,36.995696762561025
5,134,155,3,14.05,11.645984173457435
11,828,72,0,54.9,47.44403905766522
11,828,72,1,21.8,29.02739178231848
11,828,72,2,11.15,17.38503591265231
11,828,72,3,7.05,8.350701199678731
11,828,72,4,7.45,7.126488764129441
11,828,72,5,15.5,24.228082879171435
10,79,74,0,39.4,24.92810715469166
10,79,74,1,15.2,12.500947332523497
10,79,74,2,8.7,4.780442613288791
10,79,74,3,7.85,5.234249556627256
10,79,74,4,8.0,5.830951894845301
10,79,74,5,5.75,3.537394223823073
10,97,74,0,36.4,14.999649118703097
10,97,74,1,13.4,8.561849283764271
10,97,74,2,11.55,8.89396602078889
10,97,74,3,8.8,8.787551003071274
10,97,74,4,8.55,8.641850435373689
10,97,74,5,11.4,13.2164172229287
11,828,72,0,36.3,38.56109301792212
11,828,72,1,13.3,15.771726868705677
11,828,72,2,10.7,14.297957159936114
11,828,72,3,10.35,13.003137273264803
11,828,72,4,5.4,4.683678266625832
11,828,72,5,16.15,44.69225177165559
5,83,155,0,86.15,59.44681391134874
5,83,155,1,22.2,27.004093256978262
5,83,155,2,17.05,23.8977536931601
5,83,155,3,20.35,17.1011695506477
10,97,74,0,45.05,30.3687425870053
10,97,74,1,17.65,15.294563877748407
10,97,74,2,9.6,7.61162545750007
10,97,74,3,9.1,7.224956747275377
10,97,74,4,8.05,6.047835628509896
10,97,74,5,6.9,6.1121104977611544
11,630,72,0,32.45,27.492534871928612
11,630,72,1,18.45,27.60715963582445
11,630,72,2,13.35,24.50622906850205
11,630,72,3,6.95,9.572301048777199
11,630,72,4,6.1,5.369504534625929
11,630,72,5,14.15,19.18408057135971
10,187,74,0,39.85,26.803917624108607
10,187,74,1,18.9,16.30918372219194
10,187,74,2,14.45,12.93902705200942
10,187,74,3,6.8,4.443801123031118
10,187,74,4,6.3,4.317650433182138
10,187,74,5,6.25,5.3299056968057235
11,630,72,0,41.3,31.752496793662996
11,630,72,1,17.6,24.53654631897403
11,630,72,2,17.1,27.080581506622824
11,630,72,3,9.9,18.133713876295953
11,630,72,4,8.8,14.763397127248258
11,630,72,5,8.95,16.401139241560404
5,83,155,0,95.95,57.57692794495854
5,83,155,1,31.0,30.488997152553587
5,83,155,2,19.6,20.12958022413781
5,83,155,3,11.85,8.951771362491101
10,187,74,0,34.05,22.80460479815426
10,187,74,1,16.8,15.11221186221332
10,187,74,2,9.7,7.041979386806704
10,187,74,3,9.7,8.0661736836456
10,187,74,4,9.5,7.148794524805895
10,187,74,5,7.65,4.568484719420538
11,492,72,0,36.3,31.56797177687004
11,492,72,1,12.65,14.772930436586051
11,492,72,2,10.55,16.471586380635497
11,492,72,3,7.85,7.855772265967034
11,492,72,4,13.75,23.664041119497387
11,492,72,5,12.25,16.01274163711018
10,134,74,0,37.0,19.550205275540957
10,134,74,1,15.25,11.97310582755764
10,134,74,2,9.2,8.420526299341077
10,134,74,3,12.1,16.660384781049675
10,134,74,4,7.0,6.735608439675779
10,134,74,5,5.85,4.837082635334302
5,70,155,0,81.6,48.5455835706043
5,70,155,1,21.8,23.55419283269966
5,70,155,2,14.7,14.63988783391026
5,70,155,3,10.4,7.7893314354010075
11,492,72,0,56.65,46.950449804470516
11,492,72,1,13.2,18.369310791299938
11,492,72,2,11.95,12.90644473855886
11,492,72,3,8.3,9.59769709220312
11,492,72,4,7.2,11.919025039605247
11,492,72,5,29.8,36.724579464469095
10,134,74,0,40.75,23.630655825364688
10,134,74,1,16.1,14.657134063225607
10,134,74,2,10.25,10.794126082955342
10,134,74,3,10.45,10.95673308974897
10,134,74,4,6.1,6.889351050333903
10,134,74,5,7.5,6.484800041554664
5,70,155,0,74.9,46.25774472851461
5,70,155,1,23.15,19.626177470543343
5,70,155,2,15.35,13.311154799838485
5,70,155,3,10.65,14.280185020178354
11,515,74,0,54.7,32.265510346106986
11,515,74,1,15.8,13.256974331311524
11,515,74,2,10.05,8.042485868645864
11,515,74,3,7.8,5.237516486596335
11,515,74,4,8.9,6.758230849159143
11,515,74,5,41.9,27.39746434675258
11,413,72,0,60.9,40.80750704930341
11,413,72,1,21.0,22.045407685048605
11,413,72,2,9.7,10.326766447594228
11,413,72,3,13.1,27.653685392538076
11,413,72,4,7.05,6.369954143435703
11,413,72,5,25.35,28.22517539920327
11,413,72,0,42.75,32.98304987334204
11,413,72,1,21.25,25.105828637568358
11,413,72,2,11.2,11.246519929574474
11,413,72,3,9.15,9.10335392213106
11,413,72,4,8.95,11.273980289983983
11,413,72,5,25.75,27.773283262118916
11,515,74,0,50.75,28.345379276273402
11,515,74,1,18.4,14.741277528012787
11,515,74,2,8.9,7.166442264948635
11,515,74,3,14.55,15.42545742732141
11,515,74,4,8.45,7.141244178786538
11,515,74,5,49.55,52.88565122283319
6,381,155,0,92.05,45.48276133819679
6,381,155,1,32.2,29.215352849234307
6,381,155,2,24.9,21.222877427808637
6,381,155,3,63.0,68.62023638916777
11,461,74,0,41.85,25.02477719549588
11,461,74,1,12.15,8.634538966146064
11,461,74,2,9.95,6.770485483642257
11,461,74,3,6.55,4.211200603903332
11,461,74,4,6.8,4.958777438463086
11,461,74,5,13.9,20.715872378952632
11,330,72,0,47.45,68.03905612142732
11,330,72,1,12.35,13.235816639152386
11,330,72,2,13.45,17.718485737841856
11,330,72,3,8.7,8.74853371172925
11,330,72,4,8.8,11.533018959309372
11,330,72,5,25.65,50.75563230348249
11,461,74,0,42.8,20.088226454947762
11,461,74,1,15.6,9.875008327777968
11,461,74,2,11.5,7.54983443527075
11,461,74,3,8.6,7.903363707608099
11,461,74,4,6.1,4.076892521465209
11,461,74,5,15.95,16.158670476835255
11,330,72,0,28.65,31.275137258312963
11,330,72,1,8.15,7.464124723953696
11,330,72,2,15.1,20.30530135599801
11,330,72,3,14.7,21.499326794845903
11,330,72,4,11.75,15.161846158940158
11,330,72,5,27.6,34.048572116285506
11,537,74,0,43.65,23.39202518178499
11,537,74,1,14.15,15.648356227782486
11,537,74,2,8.25,9.380130175283451
11,537,74,3,9.1,8.46603119593392
11,537,74,4,7.75,9.424911000557037
11,537,74,5,21.9,27.892462667971973
11,308,72,0,41.3,55.58123500076736
11,308,72,1,25.75,34.908715545729144
11,308,72,2,8.55,6.597248230173419
11,308,72,3,8.95,14.992893053219019
11,308,72,4,6.3,7.462890649212627
11,308,72,5,22.4,32.22682766039238
6,381,155,0,99.2,73.0814974063743
6,381,155,1,20.65,25.45434509490524
6,381,155,2,17.05,20.21327078405357
6,381,155,3,67.35,68.79280485632201
11,537,74,0,47.05,25.2221185303276
11,537,74,1,11.55,11.582541308274914
11,537,74,2,12.1,11.6433852917711
11,537,74,3,9.2,10.84629454067876
11,537,74,4,5.6,4.453266098872648
11,537,74,5,26.35,33.20950244480605
11,308,72,0,42.85,35.076270281232944
11,308,72,1,13.9,13.798932071569507
11,308,72,2,15.15,21.418818582584898
11,308,72,3,9.45,9.997236460247665
11,308,72,4,5.2,3.9014167467189336
11,308,72,5,29.4,46.93825731745907
11,145,74,0,34.8,17.7188570381061
11,145,74,1,11.55,11.807557793745138
11,145,74,2,8.55,5.539095499029459
11,145,74,3,8.35,10.332753237820219
11,145,74,4,8.25,5.408326913195984
11,145,74,5,26.15,35.43010168293562
11,810,72,0,31.4,27.81215183105551
11,810,72,1,11.0,13.688258510586056
11,810,72,2,8.5,9.22525138724657
11,810,72,3,9.95,18.8692872149427
11,810,72,4,8.4,9.986306413758475
11,810,72,5,7.55,10.560477461295314
6,376,155,0,80.7,59.43780473384719
6,376,155,1,29.3,35.56624656520339
6,376,155,2,24.35,34.40360293249592
6,376,155,3,32.65,56.74900880191654
11,145,74,0,41.95,21.463494099222714
11,145,74,1,12.8,11.418360099787582
11,145,74,2,15.85,31.77432760479507
11,145,74,3,8.95,4.871776937249466
11,145,74,4,7.05,5.986607861235821
11,145,74,5,31.55,26.557732544303114
11,810,72,0,40.65,30.627258241122746
11,810,72,1,23.85,22.457620907881257
11,810,72,2,17.95,20.345631886036504
11,810,72,3,9.6,11.398984257610989
11,810,72,4,7.3,6.844898215382561
11,810,72,5,16.75,17.68101866558122
6,376,155,0,79.25,49.74553669478932
6,376,155,1,20.75,16.9204796497897
6,376,155,2,25.2,31.97466102038333
6,376,155,3,33.7,29.25585861255647
11,498,72,0,39.5,28.59977916734765
11,498,72,1,14.9,15.151515470494415
11,498,72,2,9.05,6.908994899861758
11,498,72,3,9.05,10.58536725862641
11,498,72,4,8.45,10.985516781079006
11,498,72,5,20.45,28.296317409644818
11,633,74,0,46.35,28.912344841097312
11,633,74,1,21.35,12.558389940383952
11,633,74,2,15.75,13.783571456820004
11,633,74,3,9.35,7.191186125719237
11,633,74,4,7.95,7.089465869569405
11,633,74,5,37.15,46.287744200359285
11,498,72,0,47.85,32.015251299801996
11,498,72,1,16.1,19.235110441175287
11,498,72,2,11.85,9.382374292705501
11,498,72,3,6.05,3.9266297320515946
11,498,72,4,6.2,4.237675629026142
11,498,72,5,21.8,30.86234292023721
11,633,74,0,44.8,25.549951076274095
11,633,74,1,13.6,7.401280116873099
11,633,74,2,8.95,7.479621437085253
11,633,74,3,7.6,5.752802520694177
11,633,74,4,8.1,9.031523739249739
11,633,74,5,39.15,53.83432186371734
6,214,155,0,87.35,95.1659354136652
6,214,155,1,24.5,24.81828697595893
6,214,155,2,11.55,10.138384590518509
6,214,155,3,45.55,58.28376590802153
11,490,72,0,33.55,28.214358046923557
11,490,72,1,30.5,41.427806578368795
11,490,72,2,12.1,14.16779149301237
11,490,72,3,10.45,15.971932618783095
11,490,72,4,7.55,6.386457711851161
11,490,72,5,27.1,37.96521954021657
11,792,74,0,45.3,24.44133685722655
11,792,74,1,13.3,12.346318436982274
11,792,74,2,13.5,14.277328365739786
11,792,74,3,10.65,8.969392398596463
11,792,74,4,5.0,2.6357861106418765
11,792,74,5,35.6,44.595727904906106
11,490,72,0,40.55,40.008518829711356
11,490,72,1,19.0,23.005720112501088
11,490,72,2,10.5,19.988154386773026
11,490,72,3,11.35,14.890035523622394
11,490,72,4,8.05,10.03402107568887
11,490,72,5,20.1,26.863984890751524
11,792,74,0,49.1,30.466374907428676
11,792,74,1,13.05,9.242208667446953
11,792,74,2,10.25,5.998903408562532
11,792,74,3,6.8,6.978161422760673
11,792,74,4,7.05,4.871776937249467
11,792,74,5,38.35,47.22764021206225
6,214,155,0,64.8,46.72607747061028
6,214,155,1,23.95,17.473212580826026
6,214,155,2,11.2,7.790682694225535
6,214,155,3,68.6,101.68858550030397
11,380,72,0,67.45,59.82912070397263
11,380,72,1,11.55,13.168842813726329
11,380,72,2,10.25,15.484712325047362
11,380,72,3,9.9,10.254139087268744
11,380,72,4,9.45,13.846812287538087
11,380,72,5,14.55,21.76785413595494
11,842,74,0,53.45,36.26289244421979
11,842,74,1,14.45,11.44540818062216
11,842,74,2,8.8,6.701138944828314
11,842,74,3,12.35,10.864112820125765
11,842,74,4,8.55,6.419337562150949
11,842,74,5,18.45,37.39050681657043
11,380,72,0,41.95,46.51595651522514
11,380,72,1,9.35,8.827439278212358
11,380,72,2,8.25,9.882866620145135
11,380,72,3,9.8,14.533445999885194
11,380,72,4,6.05,7.721978203052703
11,380,72,5,15.0,24.791764337121478
11,842,74,0,32.9,26.165264237755732
11,842,74,1,18.25,18.32994386530584
11,842,74,2,9.75,10.842775911808019
11,842,74,3,10.25,10.300102196733675
11,842,74,4,8.15,7.968853843492637
11,842,74,5,12.5,18.155758837001784
6,648,155,0,85.1,32.774990465292284
6,648,155,1,19.95,12.99584953987841
6,648,155,2,18.4,14.705530645949072
6,648,155,3,45.85,56.873150635057094
11,515,74,0,44.1,22.235344079096
11,515,74,1,13.0,10.513149660756936
11,515,74,2,9.55,8.77481443798401
11,515,74,3,10.85,11.6901893190739
11,515,74,4,7.2,5.596991673164584
11,515,74,5,22.15,27.24793570162701
11,786,72,0,38.8,38.41408732825964
11,786,72,1,20.05,22.695872567031817
11,786,72,2,10.9,13.821798192100688
11,786,72,3,9.95,12.128587369473303
11,786,72,4,8.7,9.492933660027557
11,786,72,5,31.4,52.55713682820771
11,786,72,0,29.7,25.472585883238228
11,786,72,1,16.1,20.6828176844554
11,786,72,2,13.45,16.61791994077161
11,786,72,3,7.85,11.259031462505298
11,786,72,4,10.35,22.56283623455545
11,786,72,5,16.55,27.269560820967044
11,515,74,0,45.85,23.62040821430752
11,515,74,1,16.4,21.426496140108984
11,515,74,2,8.7,4.985241376197081
11,515,74,3,8.55,7.500701721558422
11,515,74,4,5.0,3.3086807674740446
11,515,74,5,25.5,31.69841437176646
6,648,155,0,63.55,38.58616468714088
6,648,155,1,20.2,20.474888342347043
6,648,155,2,10.3,10.42820063199077
6,648,155,3,74.8,92.94797639426841
11,318,72,0,42.65,32.236421049881805
11,318,72,1,20.75,23.8346828227933
11,318,72,2,8.15,6.089464586264413
11,318,72,3,12.2,23.116637890671324
11,318,72,4,9.75,13.34117094205989
11,318,72,5,14.9,28.92258269023851
11,786,74,0,54.95,22.790752972480558
11,786,74,1,15.15,11.753051115617414
11,786,74,2,11.95,8.531520503712288
11,786,74,3,12.95,16.220438698720432
11,786,74,4,8.65,10.34802294872641
11,786,74,5,27.9,33.37017262545448
6,818,155,0,77.1,49.36960496840989
6,818,155,1,16.6,21.315672514299006
6,818,155,2,13.4,11.70874616865979
6,818,155,3,47.4,57.783078929097535
11,318,72,0,31.55,25.035711336114723
11,318,72,1,20.35,32.12029199578885
11,318,72,2,15.55,20.9522640404576
11,318,72,3,10.15,15.194441504431117
11,318,72,4,11.45,18.922209173349714
11,318,72,5,27.85,28.83031116906759
11,786,74,0,49.35,26.809807710494386
11,786,74,1,15.4,13.180527902533862
11,786,74,2,7.55,5.452908446537112
11,786,74,3,10.7,9.526141318553522
11,786,74,4,7.7,10.162366073436162
11,786,74,5,24.0,32.79441544242748
11,302,72,0,50.3,31.676157395877755
11,302,72,1,17.85,15.772310847611525
11,302,72,2,8.05,9.23651221483179
11,302,72,3,9.65,12.278672138048325
11,302,72,4,5.65,5.0915306353322
11,302,72,5,30.45,40.620807475972214
11,602,74,0,51.3,25.097913522002077
11,602,74,1,13.0,9.481283501831662
11,602,74,2,15.05,20.381815940995825
11,602,74,3,8.05,4.925497570376974
11,602,74,4,8.4,7.5491372807898065
11,602,74,5,37.4,38.47541935751763
6,818,155,0,92.3,61.81560014310815
6,818,155,1,26.85,18.596193724862932
6,818,155,2,17.25,14.867396331712238
6,818,155,3,40.1,34.07252327176934
11,602,74,0,41.25,23.087647642932584
11,602,74,1,7.45,6.328506932918695
11,602,74,2,6.85,6.409491317364306
11,602,74,3,6.0,3.9336604086431146
11,602,74,4,4.85,3.6602415796027215
11,602,74,5,20.3,30.451168848018398
11,302,72,0,39.25,24.130947589743496
11,302,72,1,33.45,45.81826227493506
11,302,72,2,14.6,17.91617910393314
11,302,72,3,12.15,13.78128020941909
11,302,72,4,7.0,3.825124696969815
11,302,72,5,32.45,33.3773875550499
11,641,74,0,38.75,24.326453004691697
11,641,74,1,9.45,8.617454746953387
11,641,74,2,11.6,11.545789845562528
11,641,74,3,5.85,4.2460507967311285
11,641,74,4,6.95,6.0738871625309185
11,641,74,5,26.9,27.725914156064785
11,185,72,0,51.45,32.63591015398448
11,185,72,1,12.25,16.514347828798034
11,185,72,2,15.0,26.45353423805996
11,185,72,3,10.25,14.249192036189648
11,185,72,4,7.65,10.727608258478142
11,185,72,5,20.1,19.067470232116047
6,80,155,0,68.65,57.73740464150465
6,80,155,1,28.75,23.325781986101944
6,80,155,2,26.6,39.1372752729348
6,80,155,3,51.2,78.9727467981335
11,641,74,0,37.65,17.217723426748382
11,641,74,1,17.9,14.212300084230227
11,641,74,2,10.5,8.876343486155239
11,641,74,3,8.95,8.550007694671821
11,641,74,4,6.5,4.904348231819124
11,641,74,5,27.15,32.08586342268114
11,185,72,0,42.3,47.11922168957779
11,185,72,1,16.1,21.417897090738713
11,185,72,2,22.35,35.43604320313904
11,185,72,3,10.95,14.659198656923845
11,185,72,4,8.15,7.205809060093552
11,185,72,5,10.0,9.392045906818678
11,528,74,0,46.1,25.40182339083058
11,528,74,1,17.15,15.34952425115652
11,528,74,2,10.35,6.960603422117942
11,528,74,3,10.1,11.589014762174338
11,528,74,4,7.9,7.018021913541404
11,528,74,5,8.3,10.367459212667095
6,80,155,0,78.3,46.11324732598398
6,80,155,1,31.2,43.390030385355864
6,80,155,2,16.25,16.061968811614072
6,80,155,3,41.85,54.25793660111419
11,631,72,0,41.95,41.581214128751135
11,631,72,1,16.7,24.965449809897805
11,631,72,2,17.3,31.84022612985027
11,631,72,3,11.9,16.698250775077263
11,631,72,4,5.05,3.804083678309265
11,631,72,5,18.75,31.450671484756967
11,528,74,0,48.1,27.50865892386384
11,528,74,1,17.9,17.546629605890583
11,528,74,2,14.85,14.20257574860056
11,528,74,3,7.4,7.63234115975874
11,528,74,4,10.5,13.394814393323221
11,528,74,5,12.8,29.20454182413918
11,631,72,0,27.85,26.022813877543356
11,631,72,1,30.25,31.141231764165553
11,631,72,2,8.35,11.188692600356092
11,631,72,3,14.05,25.881257189020214
11,631,72,4,7.2,6.420362344259001
11,631,72,5,24.85,39.49187124886389
11,252,74,0,48.55,19.41642007222373
11,252,74,1,22.3,14.6972965648717
11,252,74,2,13.2,11.362912895630426
11,252,74,3,8.0,6.751218213657522
11,252,74,4,7.55,4.51284715824547
11,252,74,5,20.85,21.367153838494605
6,736,155,0,75.6,60.40947991133424
6,736,155,1,28.6,27.31955151053623
6,736,155,2,16.85,10.926910287041467
6,736,155,3,49.9,77.07815582422272
11,797,72,0,41.85,43.299781207664076
11,797,72,1,13.6,16.557396184818813
11,797,72,2,5.9,4.290748922483052
11,797,72,3,11.25,17.516533543153482
11,797,72,4,6.35,6.351750691116998
11,797,72,5,26.05,33.314253311221165
11,252,74,0,44.5,25.621742411680874
11,252,74,1,23.15,19.36158703803949
11,252,74,2,9.8,7.550531525382135
11,252,74,3,6.95,4.684520983206848
11,252,74,4,6.3,4.3781755392665085
11,252,74,5,25.5,30.37571744875034
11,797,72,0,38.1,26.36564750619739
11,797,72,1,16.4,18.207575057477705
11,797,72,2,12.35,14.882964475498401
11,797,72,3,10.25,9.914768357301515
11,797,72,4,10.0,11.341586262395944
11,797,72,5,16.3,20.558261241242118
11,444,74,0,37.05,26.22870063198147
11,444,74,1,13.25,9.346403755343268
11,444,74,2,10.5,8.62371271858192
11,444,74,3,8.65,6.301837660138259
11,444,74,4,7.65,5.80630328993731
11,444,74,5,18.35,16.09274108999066
6,736,155,0,69.6,55.012343112585576
6,736,155,1,11.4,11.490957543353728
6,736,155,2,13.1,19.9153471632201
6,736,155,3,31.95,50.774501474657534
11,704,72,0,36.4,28.934408582170814
11,704,72,1,15.45,16.37866069969671
11,704,72,2,10.55,19.041436810006584
11,704,72,3,10.3,12.342054763671797
11,704,72,4,13.75,32.66395889242937
11,704,72,5,14.35,26.12777308374729
11,444,74,0,49.1,24.672379613435623
11,444,74,1,12.25,7.517523388373117
11,444,74,2,10.6,8.816252933614921
11,444,74,3,6.8,3.5333002315562982
11,444,74,4,7.3,4.835178111344096
11,444,74,5,29.3,33.675072773726704
11,704,72,0,33.8,26.3510710857912
11,704,72,1,17.55,30.54328248998719
11,704,72,2,9.95,12.377717670751828
11,704,72,3,16.15,44.96697618662412
11,704,72,4,5.4,5.1748379074538216
11,704,72,5,7.55,6.6922972218262355
6,444,155,0,69.75,54.95823773318102
6,444,155,1,29.1,27.474198422290108
6,444,155,2,16.95,19.063536425664353
6,444,155,3,38.8,49.761113543133575
11,85,74,0,55.4,25.050265257551352
11,85,74,1,12.55,9.321593493773364
11,85,74,2,11.0,10.213510144592025
11,85,74,3,9.75,15.113169579437733
11,85,74,4,8.05,7.221860089886451
11,85,74,5,22.6,33.43556253609715
11,461,72,0,44.65,36.678223856440454
11,461,72,1,25.75,30.50258832848193
11,461,72,2,19.3,40.026438630906
11,461,72,3,5.85,6.922693421676732
11,461,72,4,10.1,15.081881775651768
11,461,72,5,19.8,35.061750038888164
11,85,74,0,44.0,23.165309817642598
11,85,74,1,18.55,16.165183509466782
11,85,74,2,11.6,9.740852659101039
11,85,74,3,9.3,8.259603660683661
11,85,74,4,10.0,11.154418525032085
11,85,74,5,20.4,20.77802482887807
6,444,155,0,77.45,50.18332182581863
6,444,155,1,22.45,17.300669290369573
6,444,155,2,19.15,16.547459655567426
6,444,155,3,52.4,73.49643743603818
11,461,72,0,39.2,40.50549020616965
11,461,72,1,20.5,23.897808752224435
11,461,72,2,9.7,8.423650914944309
11,461,72,3,7.95,7.486654793697917
11,461,72,4,5.3,5.110360992501823
11,461,72,5,13.1,17.60053826928089
11,553,74,0,48.75,22.678241368742583
11,553,74,1,12.4,12.398641691309322
11,553,74,2,10.15,12.877050168910253
11,553,74,3,6.9,4.72284481619868
11,553,74,4,6.8,6.014018710698495
11,553,74,5,29.95,54.79384809879375
11,651,72,0,28.9,22.777874768014872
11,651,72,1,19.25,24.47528291326191
11,651,72,2,17.8,31.231900021410297
11,651,72,3,11.75,15.053850705139583
11,651,72,4,6.6,7.111147660724784
11,651,72,5,14.6,21.268706936173675
11,553,74,0,40.8,17.665309448032232
11,553,74,1,12.35,9.636962832323208
11,553,74,2,10.3,10.042541091723118
11,553,74,3,7.65,5.1837296063335465
11,553,74,4,6.4,5.471457036773948
11,553,74,5,22.65,26.12374398894615
11,651,72,0,32.6,31.791094416684153
11,651,72,1,20.0,21.74735313598077
11,651,72,2,17.1,23.301005173710063
11,651,72,3,7.6,5.072111571079019
11,651,72,4,5.25,3.75394529304276
11,651,72,5,15.8,18.997506761622557
6,823,155,0,104.7,55.17064436817827
6,823,155,1,29.7,33.97382893686814
6,823,155,2,15.5,10.520656373359781
6,823,155,3,32.2,36.42815568095356
11,422,74,0,38.65,27.91014718322843
11,422,74,1,15.0,21.31715395242946
11,422,74,2,8.15,6.200806399170998
11,422,74,3,9.05,8.39470384418527
11,422,74,4,8.55,8.666177449080267
11,422,74,5,33.2,42.309137995174716
11,96,72,0,24.45,31.651847871557365
11,96,72,1,12.45,18.497439367596122
11,96,72,2,8.1,16.698250775077263
11,96,72,3,9.85,17.559747630364885
11,96,72,4,11.35,28.977804573409916
11,96,72,5,20.7,35.766935627902576
11,96,72,0,27.5,36.281791866618605
11,96,72,1,5.05,6.89374239513824
11,96,72,2,12.75,28.33795112008295
11,96,72,3,3.85,4.208700261926102
11,96,72,4,2.75,2.7505980211009047
11,96,72,5,17.3,37.32517141357333
6,823,155,0,62.4,72.87725802225346
6,823,155,1,16.5,19.002769881201388
6,823,155,2,10.1,8.53414195730118
6,823,155,3,32.25,60.70019075665856
11,422,74,0,39.25,32.078645134796616
11,422,74,1,15.4,19.500067476266523
11,422,74,2,9.6,10.256705123966467
11,422,74,3,6.6,6.047182902197648
11,422,74,4,5.8,7.20087713955372
11,422,74,5,34.85,48.72184747166954
12,423,72,0,51.2,41.73929109427508
12,423,72,1,16.95,17.56034707725574
12,423,72,2,14.7,18.733870255151285
12,423,72,3,12.8,18.303292772498327
12,423,72,4,6.1,3.9590004054718553
12,423,72,5,13.25,20.48073549254981
11,648,74,0,48.4,27.821612197411525
11,648,74,1,16.2,15.463369279483828
11,648,74,2,11.7,13.310462841412827
11,648,74,3,8.1,6.797058187186572
11,648,74,4,7.25,6.068685802413984
11,648,74,5,38.6,47.27456198132687
6,727,155,0,80.8,39.410925549034985
6,727,155,1,25.2,16.343677354674014
6,727,155,2,19.05,18.534391929883384
6,727,155,3,46.25,73.63342704877567
12,423,72,0,31.75,35.29555660121361
12,423,72,1,11.3,14.08657442202924
12,423,72,2,9.85,13.60833722779029
12,423,72,3,10.4,11.904886214889821
12,423,72,4,6.7,9.968899004826012
12,423,72,5,17.75,27.91882028875485
11,648,74,0,33.6,22.290899724468634
11,648,74,1,12.95,17.39169493268494
11,648,74,2,12.7,13.203269132660807
11,648,74,3,7.95,5.595816106229443
11,648,74,4,4.45,3.2032056312059445
11,648,74,5,16.8,29.48612519384954
12,488,72,0,25.6,26.14816084908217
12,488,72,1,15.8,23.248316294439814
12,488,72,2,11.55,19.709669013750055
12,488,72,3,10.45,14.203316884668729
12,488,72,4,6.2,5.653131409833147
12,488,72,5,11.65,16.652090116954025
11,557,74,0,45.35,21.208923146935856
11,557,74,1,15.25,13.89007597266177
11,557,74,2,8.85,9.66423139318656
11,557,74,3,14.5,15.541116941503068
11,557,74,4,6.95,4.751454071068527
11,557,74,5,25.3,22.946390611711966
12,488,72,0,37.8,25.691694336783957
12,488,72,1,13.65,23.46839980641382
12,488,72,2,11.45,10.723682596060584
12,488,72,3,7.15,6.635431211942525
12,488,72,4,8.2,11.204322474173223
12,488,72,5,30.1,35.11020244586285
6,727,155,0,74.95,35.68056377888314
6,727,155,1,23.45,19.94327481950534
6,727,155,2,22.4,26.906074446214987
6,727,155,3,54.45,44.925054549947845
11,557,74,0,44.3,19.754013582853965
11,557,74,1,15.25,15.244930132238789
11,557,74,2,11.45,10.231401612065103
11,557,74,3,6.95,5.286278165411395
11,557,74,4,7.7,5.4202349919926025
11,557,74,5,17.1,28.975307091601834
12,313,72,0,38.75,50.26547941731613
12,313,72,1,15.05,24.553861310660647
12,313,72,2,5.15,5.575085555161321
12,313,72,3,5.9,7.390605701265557
12,313,72,4,8.25,14.355908374713106
12,313,72,5,7.4,7.9166712834704915
12,313,72,0,31.15,44.609740498779196
12,313,72,1,11.35,17.865800908586863
12,313,72,2,5.15,6.166761497611291
12,313,72,3,6.2,9.12255735150944
12,313,72,4,6.6,11.775979118974622
12,313,72,5,23.45,33.775536148302116
11,269,74,0,58.7,43.595147001762285
11,269,74,1,26.0,23.017156072899418
11,269,74,2,11.95,8.463388645715204
11,269,74,3,9.4,6.02975080221746
11,269,74,4,10.75,8.937649520280399
11,269,74,5,30.1,32.3108259517489
6,362,155,0,86.0,52.80550210566678
6,362,155,1,25.85,37.495648870375966
6,362,155,2,17.1,16.49210337356065
6,362,155,3,39.0,62.77109626504694
12,222,72,0,41.4,30.18085834641413
12,222,72,1,12.1,11.24324358518437
12,222,72,2,14.7,22.05758015071606
12,222,72,3,9.3,9.217260695935757
12,222,72,4,11.45,16.75041240654909
12,222,72,5,15.2,23.36348928518485
11,269,74,0,41.05,25.77937772308466
11,269,74,1,18.1,15.694115558319773
11,269,74,2,7.15,5.842449017861926
11,269,74,3,6.8,4.137123333148796
11,269,74,4,7.2,7.92464510246358
11,269,74,5,29.7,46.19763037896618
12,222,72,0,33.95,30.354874749414325
12,222,72,1,15.85,16.58875649665348
12,222,72,2,8.45,9.25927699803369
12,222,72,3,10.25,22.225814768085854
12,222,72,4,4.5,4.605488716280768
12,222,72,5,7.65,8.106365270251326
6,362,155,0,91.5,52.42488360552297
6,362,155,1,21.95,19.607933410524907
6,362,155,2,17.6,15.421789096838554
6,362,155,3,34.85,44.64394224245176
12,488,74,0,51.95,31.910194708208685
12,488,74,1,17.6,15.174077618720267
12,488,74,2,15.1,15.38933328469328
12,488,74,3,9.4,8.73227528075858
12,488,74,4,7.45,4.957450533235171
12,488,74,5,26.2,32.811422914652915
12,443,72,0,38.9,32.54454437261417
12,443,72,1,15.75,16.280032975525895
12,443,72,2,15.8,14.351233213102006
12,443,72,3,18.2,22.874025719832943
12,443,72,4,9.25,6.8046037047683665
12,443,72,5,29.1,35.869500311986215
12,488,74,0,51.05,31.744829666046652
12,488,74,1,13.85,13.906738238028812
12,488,74,2,8.4,6.628487165655762
12,488,74,3,8.05,5.365337091484855
12,488,74,4,6.35,5.284286537511598
12,488,74,5,32.8,38.822944924768116
12,443,72,0,45.7,35.893262818939625
12,443,72,1,10.0,8.68149877916432
12,443,72,2,21.35,34.16103505149505
12,443,72,3,10.5,12.454126350647595
12,443,72,4,5.55,3.5314377570019477
12,443,72,5,21.95,27.3312525951712
6,167,155,0,93.15,59.952854284363355
6,167,155,1,20.95,25.065125699181912
6,167,155,2,24.25,27.797907910677853
6,167,155,3,45.65,52.67304813659449
12,356,74,0,51.95,21.308449028495716
12,356,74,1,11.15,8.89869889957308
12,356,74,2,11.2,7.91800081094371
12,356,74,3,7.95,5.0416684790485355
12,356,74,4,7.45,5.835237784358062
12,356,74,5,23.55,21.719443144940794
12,486,72,0,47.7,36.982357102300895
12,486,72,1,19.6,29.528576703005232
12,486,72,2,14.25,16.28972876256369
12,486,72,3,9.55,14.054311943689251
12,486,72,4,7.05,6.48459713474939
12,486,72,5,20.6,28.549864042445197
12,356,74,0,45.05,22.790752972480565
12,356,74,1,18.5,21.34059635135764
12,356,74,2,10.5,10.399898784932578
12,356,74,3,9.0,8.81983410752212
12,356,74,4,7.1,6.616566131190789
12,356,74,5,30.9,36.54398935385595
12,486,72,0,49.2,48.05216463715021
12,486,72,1,18.5,22.37832598038134
12,486,72,2,16.55,22.816141562268445
12,486,72,3,7.05,6.030405415366715
12,486,72,4,7.2,6.403946151849613
12,486,72,5,16.95,30.074425225290327
12,374,74,0,43.0,26.568679621729515
12,374,74,1,12.65,9.75097835847093
12,374,74,2,8.7,7.726236913407799
12,374,74,3,6.8,6.993229808743219
12,374,74,4,5.85,4.602916695451174
12,374,74,5,22.8,28.212725758721756
6,167,155,0,76.95,44.0208981471779
6,167,155,1,24.95,23.4957442955102
6,167,155,2,15.35,14.22109256295769
6,167,155,3,78.95,102.92075387863892
12,719,72,0,41.8,36.75179909667152
12,719,72,1,10.0,8.441750878504816
12,719,72,2,7.35,5.896252154859407
12,719,72,3,8.4,6.999248079916194
12,719,72,4,14.3,29.645448749832532
12,719,72,5,16.7,16.460798727183384
12,719,72,0,16.75,22.37450381690355
12,719,72,1,11.95,22.986208679851583
12,719,72,2,6.15,6.619548402469128
12,719,72,3,5.2,6.220509371595325
12,719,72,4,5.85,9.93280052733314
12,719,72,5,10.7,30.22390131214559
12,374,74,0,47.55,28.038460427739157
12,374,74,1,17.35,21.868687058993974
12,374,74,2,13.9,15.572918463591986
12,374,74,3,7.45,4.322219215561425
12,374,74,4,7.1,4.711687595755898
12,374,74,5,28.3,35.32123261841538
6,553,155,0,74.5,38.731871820722034
6,553,155,1,34.25,28.51200116663711
6,553,155,2,25.05,24.997842012124924
6,553,155,3,49.0,64.53477234875213
12,155,74,0,44.8,31.1492164301211
12,155,74,1,15.0,13.482932681142131
12,155,74,2,7.0,6.440006538081023
12,155,74,3,5.2,3.4883263970895237
12,155,74,4,8.6,8.647482140393297
12,155,74,5,29.65,37.00963601408067
12,130,72,0,42.6,36.18432344479989
12,130,72,1,25.0,27.129319932501073
12,130,72,2,16.25,16.95155636388278
12,130,72,3,11.85,14.224793033366259
12,130,72,4,5.4,3.9256243217849405
12,130,72,5,15.95,27.325474907993247
12,130,72,0,46.7,41.971293447834206
12,130,72,1,16.55,17.957479016598597
12,130,72,2,11.5,14.637730626525986
12,130,72,3,9.05,13.620707918846447
12,130,72,4,4.35,2.621269278723372
12,130,72,5,8.5,9.757588140303396
12,155,74,0,46.0,32.48643441580857
12,155,74,1,23.05,24.127893881520095
12,155,74,2,9.0,8.583950752789521
12,155,74,3,7.35,8.132294296587881
12,155,74,4,7.75,6.8967955945992925
12,155,74,5,19.6,48.286862112085714
12,525,72,0,41.0,51.811398867735456
12,525,72,1,9.4,7.741888794426278
12,525,72,2,6.15,6.6195484024691265
12,525,72,3,8.4,16.822290976089153
12,525,72,4,5.65,9.810171949777972
12,525,72,5,7.75,9.904145862372884
6,553,155,0,67.6,51.51739614211066
6,553,155,1,31.2,32.58608033469118
6,553,155,2,26.2,29.342980869635404
6,553,155,3,56.85,62.85009316243147
12,27,74,0,43.5,17.74823934929885
12,27,74,1,15.15,13.581237057057798
12,27,74,2,8.85,7.065669409937484
12,27,74,3,7.0,4.812265031857878
12,27,74,4,7.1,4.552616367482954
12,27,74,5,15.6,17.06766718558499
12,525,72,0,31.4,34.04548041726104
12,525,72,1,22.55,32.96325705675144
12,525,72,2,14.75,20.844979201110682
12,525,72,3,10.3,13.996616132404816
12,525,72,4,9.7,12.528283790561344
12,525,72,5,17.85,47.22206776720526
12,27,74,0,43.7,29.449510763517385
12,27,74,1,13.6,10.485077114893489
12,27,74,2,10.75,8.771214883145651
12,27,74,3,8.8,10.071324587529112
12,27,74,4,10.4,10.698745622489435
12,27,74,5,30.0,39.05731281348636
6,481,155,0,75.6,49.167169191603755
6,481,155,1,20.65,14.82982414631159
6,481,155,2,17.3,15.947611601411468
6,481,155,3,28.55,39.08893368770892
12,722,72,0,23.15,28.14861873773037
12,722,72,1,14.95,21.197008229812454
12,722,72,2,6.5,6.353614802034475
12,722,72,3,9.5,12.588633135115437
12,722,72,4,5.95,7.2072697217535335
12,722,72,5,9.55,13.16484553250576
12,597,74,0,38.3,19.23839363028224
12,597,74,1,11.55,9.832679133754363
12,597,74,2,12.6,16.16493931810122
12,597,74,3,8.85,9.631499855873134
12,597,74,4,8.7,8.504487979265635
12,597,74,5,10.15,17.56873718614373
12,597,74,0,31.75,24.27880817329775
12,597,74,1,13.65,14.176611576447796
12,597,74,2,12.15,11.717171384901643
12,597,74,3,7.75,7.697402159170325
12,597,74,4,5.4,4.500292388161837
12,597,74,5,10.05,13.24853517225683
12,722,72,0,42.45,30.38260409476033
12,722,72,1,15.7,14.779430941256447
12,722,72,2,22.55,29.89186652269353
12,722,72,3,9.35,6.953037957763878
12,722,72,4,12.95,32.27916877557577
12,722,72,5,16.05,23.229914923830886
12,164,74,0,46.9,29.723108146604332
12,164,74,1,16.55,10.530532050336198
12,164,74,2,10.2,8.513765942655212
12,164,74,3,13.7,15.765051287746044
12,164,74,4,6.15,4.637093009520875
12,164,74,5,14.85,22.532491160427355
12,423,72,0,54.3,41.08156200586956
12,423,72,1,22.85,41.965242510289016
12,423,72,2,9.6,10.470007288993592
12,423,72,3,9.5,12.050333037546698
12,423,72,4,12.15,25.87678292865715
12,423,72,5,20.0,28.412376843459203
6,481,155,0,82.25,44.68235846388076
6,481,155,1,44.05,47.79944395184177
6,481,155,2,16.3,19.820510376348725
6,481,155,3,76.3,74.54288769066542
12,164,74,0,49.95,29.70818600637666
12,164,74,1,16.4,9.433423221938606
12,164,74,2,8.9,6.488045687424315
12,164,74,3,7.15,3.688888008172938
12,164,74,4,6.9,4.3029977310805325
12,164,74,5,33.5,41.22275814976096
12,423,72,0,48.25,37.20763221083602
12,423,72,1,18.6,29.844156617511015
12,423,72,2,9.6,7.673604793466744
12,423,72,3,8.95,11.477552462363906
12,423,72,4,19.2,24.19351805317849
12,423,72,5,29.15,28.69306719859621
12,204,74,0,43.15,19.093330331764932
12,204,74,1,11.15,7.822201870654014
12,204,74,2,9.65,6.4176975704113035
12,204,74,3,7.0,4.920419323166418
12,204,74,4,4.8,3.981536333998142
12,204,74,5,17.55,33.72095241209755
6,210,155,0,68.75,43.352745314637104
6,210,155,1,37.45,41.131976291982504
6,210,155,2,14.45,14.862439411589131
6,210,155,3,55.05,60.000416665219916
12,268,72,0,47.15,36.076344487474714
12,268,72,1,13.85,23.18183272351547
12,268,72,2,5.0,3.6992175559590694
12,268,72,3,7.2,8.420526299341077
12,268,72,4,5.2,4.7969288420602485
12,268,72,5,16.6,18.896950464085606
12,204,74,0,50.7,29.87359333838781
12,204,74,1,15.4,16.076789415014954
12,204,74,2,12.65,13.769818253587884
12,204,74,3,9.1,8.02561688070079
12,204,74,4,7.7,6.9213628107400025
12,204,74,5,18.65,28.101835489781394
12,268,72,0,52.45,43.13927871929539
12,268,72,1,17.1,24.01293511071853
12,268,72,2,16.35,20.194514627805038
12,268,72,3,9.8,9.589467906867519
12,268,72,4,9.15,10.147724660704668
12,268,72,5,22.25,30.811609227008812
12,584,74,0,41.7,24.570200179121564
12,584,74,1,17.15,10.524532743722364
12,584,74,2,11.4,8.035447781712703
12,584,74,3,8.5,6.92440383145384
12,584,74,4,8.35,5.976048685773639
12,584,74,5,8.2,8.062910536263534
12,663,72,0,29.6,34.19664495700988
12,663,72,1,16.8,35.242916421526985
12,663,72,2,8.35,8.542617619294083
12,663,72,3,8.9,7.966376710571553
12,663,72,4,10.5,23.180073111914126
12,663,72,5,10.65,13.73537499727581
6,210,155,0,95.85,70.1811753137624
6,210,155,1,19.0,20.920903673749752
6,210,155,2,10.0,9.262260722102921
6,210,155,3,59.8,78.25034050707819
12,584,74,0,43.15,27.352042163727294
12,584,74,1,16.1,18.755771041693304
12,584,74,2,12.85,11.249678357975162
12,584,74,3,14.1,12.366763606751086
12,584,74,4,6.0,3.6992175559590694
12,584,74,5,12.85,15.915153322012259
12,663,72,0,32.15,31.809093370491272
12,663,72,1,21.4,35.66422355954582
12,663,72,2,10.95,14.236628075052337
12,663,72,3,9.85,10.31746092796091
12,663,72,4,7.8,9.220115309245838
12,663,72,5,10.75,13.741504552574332
12,313,74,0,41.05,21.753342150962506
12,313,74,1,12.4,12.869384314394335
12,313,74,2,10.7,12.00482359194354
12,313,74,3,9.45,10.555492459029638
12,313,74,4,6.15,6.200806399170998
12,313,74,5,16.85,24.8686549696601
12,313,74,0,39.5,30.23852544441662
12,313,74,1,16.15,24.832650408600962
12,313,74,2,10.35,18.354047309287914
12,313,74,3,4.1,3.33876750029897
12,313,74,4,4.45,4.122786487444218
12,313,74,5,16.35,23.24305215939186
12,164,72,0,35.95,41.35656887936528
12,164,72,1,18.3,17.348138076947684
12,164,72,2,18.05,24.498066518766226
12,164,72,3,16.3,24.159775181944582
12,164,72,4,7.05,6.484597134749391
12,164,72,5,12.5,20.111531125464474
6,386,155,0,83.4,39.78415447597725
6,386,155,1,24.8,21.51278689523977
6,386,155,2,18.95,21.820982176746643
6,386,155,3,65.0,59.657796067060225
12,423,74,0,38.25,25.327071017308526
12,423,74,1,10.8,10.981323858452155
12,423,74,2,6.45,6.39469352378657
12,423,74,3,7.7,6.6972107312632305
12,423,74,4,9.15,8.779611548774149
12,423,74,5,19.65,23.138655285496878
12,164,72,0,41.2,30.920270986761043
12,164,72,1,26.15,34.73701953702692
12,164,72,2,7.2,6.4367366691024746
12,164,72,3,10.85,13.546314317147207
12,164,72,4,11.05,11.468377575338472
12,164,72,5,20.45,39.55871718424597
12,423,74,0,43.8,28.37085235162833
12,423,74,1,15.0,10.558109878691655
12,423,74,2,11.9,13.875005926978345
12,423,74,3,7.25,6.88916005880176
12,423,74,4,7.5,5.216370991004137
12,423,74,5,22.9,22.102393297416555
6,386,155,0,81.0,44.138537881490706
6,386,155,1,23.4,21.95785436742517
6,386,155,2,17.4,16.77843227103427
6,386,155,3,51.35,72.39095247335815
12,144,72,0,44.65,33.30445679042466
12,144,72,1,24.85,35.47167142501478
12,144,72,2,11.45,16.356151265212926
12,144,72,3,16.05,24.474422739281362
12,144,72,4,6.6,7.68731011746666
12,144,72,5,13.25,17.516533543153486
12,443,74,0,43.35,28.098089464925323
12,443,74,1,11.75,10.207711223435576
12,443,74,2,7.9,4.3877820797012435
12,443,74,3,6.9,4.351648205595572
12,443,74,4,4.85,2.996050031203365
12,443,74,5,38.0,46.869359309737355
12,144,72,0,40.35,40.55960526123706
12,144,72,1,15.15,21.256020818879335
12,144,72,2,11.55,15.672553951683211
12,144,72,3,10.45,13.256478058908247
12,144,72,4,11.0,20.212033934997084
12,144,72,5,16.6,27.21145269725115
6,448,155,0,71.75,44.68824760140199
6,448,155,1,20.1,21.584351056409268
6,448,155,2,17.6,22.18676703755974
6,448,155,3,50.0,78.95501717333804
12,443,74,0,43.05,25.21585758375492
12,443,74,1,14.65,13.561846637185008
12,443,74,2,10.5,6.660962471942893
12,443,74,3,6.0,5.515528318445926
12,443,74,4,6.6,5.040885469417994
12,443,74,5,42.4,47.25117653784429
12,361,72,0,40.9,38.229087850676436
12,361,72,1,16.8,17.410220833570268
12,361,72,2,7.9,8.668758182176536
12,361,72,3,7.65,8.418494677291122
12,361,72,4,5.55,4.605203007125973
12,361,72,5,21.0,30.83743453047047
12,204,74,0,46.2,27.31608355992183
12,204,74,1,11.05,7.022332795783524
12,204,74,2,8.35,5.224184650561072
12,204,74,3,8.4,7.162769238073689
12,204,74,4,6.4,5.461829267504471
12,204,74,5,19.65,34.57299676428351
12,361,72,0,37.0,29.22507935246532
12,361,72,1,13.3,19.50195671694186
12,361,72,2,9.25,14.606685563737406
12,361,72,3,5.6,4.018378829957752
12,361,72,4,6.3,6.489667901648297
12,361,72,5,9.85,15.901919778177065
6,448,155,0,50.8,37.5325823364461
6,448,155,1,24.55,28.978167825559915
6,448,155,2,11.65,17.720861925098934
6,448,155,3,36.5,40.93190751274095
12,204,74,0,44.65,18.661175570799674
12,204,74,1,13.3,10.188228501560024
12,204,74,2,11.05,9.03487395420772
12,204,74,3,7.1,4.266145801540309
12,204,74,4,6.0,4.1927255298219865
12,204,74,5,13.55,18.233788762393264
12,722,72,0,32.75,25.884104042930733
12,722,72,1,26.95,32.393103554533596
12,722,72,2,19.1,27.814990278814165
12,722,72,3,11.35,9.685990969055856
12,722,72,4,11.45,7.50771532982466
12,722,72,5,15.35,14.950004400633045
6,252,155,0,78.25,41.01973209386711
6,252,155,1,21.0,20.73136449161537
6,252,155,2,14.95,13.378989813175455
6,252,155,3,15.05,16.262565991613343
12,597,74,0,54.15,24.741346174497373
12,597,74,1,13.45,11.203735279384563
12,597,74,2,11.95,10.143574580154567
12,597,74,3,7.9,6.273587070954073
12,597,74,4,5.55,3.363503812207865
12,597,74,5,16.8,20.14055871278545
12,722,72,0,36.75,33.60901351533074
12,722,72,1,11.85,18.98829279208362
12,722,72,2,14.35,18.402731490618162
12,722,72,3,6.35,4.545385166934643
12,722,72,4,8.85,10.053933506213795
12,722,72,5,14.65,24.400765734317698
12,597,74,0,42.2,24.759049382312508
12,597,74,1,15.0,14.610738660674427
12,597,74,2,9.5,4.968320694793744
12,597,74,3,9.5,7.472757540771539
12,597,74,4,7.15,4.880411975707745
12,597,74,5,13.1,13.45909983695242
12,238,72,0,32.0,25.306541696398956
12,238,72,1,15.75,20.37251760790037
12,238,72,2,6.8,7.4169081372084875
12,238,72,3,7.65,10.37849497252549
12,238,72,4,12.05,22.78151374296828
12,238,72,5,15.8,20.46717526083887
6,252,155,0,103.7,78.15712918285358
6,252,155,1,25.85,27.151184911625187
6,252,155,2,19.6,25.6092088700016
6,252,155,3,26.95,25.178259209923652
12,350,74,0,42.5,18.71813081086441
12,350,74,1,17.95,17.24582329297826
12,350,74,2,11.2,10.11304524910901
12,350,74,3,10.6,8.580271128092571
12,350,74,4,8.5,6.992477160642376
12,350,74,5,26.7,38.4462714638713
12,238,72,0,35.1,27.77522561375041
12,238,72,1,12.45,13.519868420412353
12,238,72,2,19.95,30.59837456983278
12,238,72,3,11.25,16.957764872579293
12,238,72,4,5.85,5.101857246966153
12,238,72,5,30.0,30.676581158580028
12,486,72,0,41.25,29.23925803652199
12,486,72,1,17.45,19.484069065993918
12,486,72,2,11.95,15.295252101292911
12,486,72,3,9.0,8.80789119871613
12,486,72,4,7.9,6.40641126241189
12,486,72,5,12.5,13.535528298363145
12,350,74,0,42.85,27.57244047385379
12,350,74,1,18.9,17.374815409848697
12,350,74,2,10.45,7.3733160432524665
12,350,74,3,14.05,17.709572196087095
12,350,74,4,11.05,9.681642966269505
12,350,74,5,34.8,43.65848322943362
6,532,155,0,58.3,35.41349727820854
6,532,155,1,15.55,13.67469811078302
6,532,155,2,13.7,15.20422378987601
6,532,155,3,48.5,75.81591278603027
12,486,72,0,38.0,32.46050231475656
12,486,72,1,13.9,12.497999839974394
12,486,72,2,8.95,5.880162905011534
12,486,72,3,11.35,9.297849213662264
12,486,72,4,11.35,12.410839913898698
12,486,72,5,13.1,14.941640859656191
12,246,74,0,44.4,22.69337951218836
12,246,74,1,9.85,5.470254492299816
12,246,74,2,9.85,8.731521842394402
12,246,74,3,7.9,5.892903850350325
12,246,74,4,4.15,2.345768867332706
12,246,74,5,23.4,38.89039930233086
6,532,155,0,65.95,49.912001510026045
6,532,155,1,28.45,34.43143453605334
6,532,155,2,13.3,19.636432305391185
6,532,155,3,31.65,38.33134624903172
12,297,72,0,50.55,33.82536419845165
12,297,72,1,17.0,16.58788397405896
12,297,72,2,12.3,15.781734945649568
12,297,72,3,12.15,10.633982271349169
12,297,72,4,11.65,18.46839405436673
12,297,72,5,24.4,36.137748160410645
12,246,74,0,57.05,28.896321018791518
12,246,74,1,14.35,10.388632451411798
12,246,74,2,7.5,8.923652780524824
12,246,74,3,5.65,3.990449123911533
12,246,74,4,7.65,7.285710600028553
12,246,74,5,42.95,39.458805968009884
12,297,72,0,28.75,22.18552159452314
12,297,72,1,18.1,29.64331823176133
12,297,72,2,10.95,10.384578647408402
12,297,72,3,16.75,19.02595180550143
12,297,72,4,7.85,8.132294296587881
12,297,72,5,14.2,17.790003106416698
12,222,74,0,40.05,28.000892842907707
12,222,74,1,15.6,15.267440415541344
12,222,74,2,11.95,9.77900543861292
12,222,74,3,9.25,7.01033072273379
12,222,74,4,7.35,5.860438280718027
12,222,74,5,19.85,25.33829014295205
6,245,155,0,56.75,37.53296796431806
6,245,155,1,28.3,50.0894988469324
6,245,155,2,20.85,22.330708146312546
6,245,155,3,35.95,59.65556840819861
13,652,72,0,37.3,38.453115676927375
13,652,72,1,14.7,13.913643436721038
13,652,72,2,10.95,14.291974192384671
13,652,72,3,9.25,10.62209712667047
13,652,72,4,6.6,4.523622209550312
13,652,72,5,9.8,14.099645385611653
12,222,74,0,49.25,25.38311705797669
12,222,74,1,16.45,11.189633360251001
12,222,74,2,11.75,10.542520421706817
12,222,74,3,11.45,6.278409117971811
12,222,74,4,10.95,11.357700842206254
12,222,74,5,21.95,18.6448101993134
13,652,72,0,40.4,37.92568911353941
13,652,72,1,9.95,8.120636480110734
13,652,72,2,8.7,10.998085957876583
13,652,72,3,7.05,8.450942021611057
13,652,72,4,5.8,4.606631375699487
13,652,72,5,6.75,3.711645967690572
6,245,155,0,73.75,54.53427217911011
6,245,155,1,25.85,29.465903578275185
6,245,155,2,14.95,17.81919426378551
6,245,155,3,27.65,23.906121215683385
13,131,72,0,37.3,24.391758746282363
13,131,72,1,20.8,24.750544916914667
13,131,72,2,11.5,10.257218254272912
13,131,72,3,13.9,23.062614997573796
13,131,72,4,8.35,9.241069657840082
13,131,72,5,7.65,5.677981479734724
12,507,74,0,49.75,18.820131997971018
12,507,74,1,17.2,17.703998953551945
12,507,74,2,11.0,9.408842425584227
12,507,74,3,12.65,11.379922301094476
12,507,74,4,9.65,8.986978884680003
12,507,74,5,34.15,36.633713262081706
13,131,72,0,36.7,21.36918588208633
13,131,72,1,8.9,9.101185579218152
13,131,72,2,13.5,28.385504084043728
13,131,72,3,9.85,12.071170527116948
13,131,72,4,13.15,17.643472029709965
13,131,72,5,18.45,22.765336068588788
12,507,74,0,48.35,21.575509995801895
12,507,74,1,14.85,12.381118901906964
12,507,74,2,12.45,8.804753500838414
12,507,74,3,10.0,10.760551736979407
12,507,74,4,9.0,7.078507127770286
12,507,74,5,33.4,31.45155004129367
7,163,155,0,57.05,40.41426923618361
7,163,155,1,18.0,23.969278583000232
7,163,155,2,25.9,50.04408582755598
7,163,155,3,59.9,90.46016861173295
12,279,74,0,37.2,26.869274175847067
12,279,74,1,10.35,12.036239139846753
12,279,74,2,8.45,12.39471449321932
12,279,74,3,5.7,4.623737380996141
12,279,74,4,4.75,5.077038092182654
12,279,74,5,8.5,8.550161586654063
13,482,72,0,53.95,67.59046569325868
13,482,72,1,15.5,15.302218621390889
13,482,72,2,16.95,27.612878383674147
13,482,72,3,6.2,7.599168929629913
13,482,72,4,6.35,5.677981479734724
13,482,72,5,17.6,36.50868678172793
12,279,74,0,36.55,21.748502670782937
12,279,74,1,11.5,17.801537485343935
12,279,74,2,9.5,9.064099223686936
12,279,74,3,6.95,6.336818062552746
12,279,74,4,5.85,7.169195800161454
12,279,74,5,17.85,25.51836284139841
13,482,72,0,41.65,40.40228628236409
13,482,72,1,9.85,11.439888663425835
13,482,72,2,6.6,6.327883158146799
13,482,72,3,5.1,4.83300059350732
13,482,72,4,4.75,3.9983549248738735
13,482,72,5,4.65,4.880411975707745
7,163,155,0,61.35,26.298439017113584
7,163,155,1,23.55,32.146825987220446
7,163,155,2,20.8,22.649735678717963
7,163,155,3,57.55,64.03081084011123
12,201,74,0,41.25,27.7941209232229
12,201,74,1,9.1,4.3029977310805325
12,201,74,2,10.75,8.931758829562835
12,201,74,3,7.35,5.039580183016501
12,201,74,4,6.7,5.312349069063416
12,201,74,5,15.35,18.494024639553746
13,259,72,0,39.0,37.554171399109364
13,259,72,1,27.95,38.16925602187129
13,259,72,2,12.55,23.061645077578714
13,259,72,3,10.15,21.08697527659644
13,259,72,4,5.35,6.4176975704113035
13,259,72,5,12.45,23.567316797901103
12,201,74,0,48.25,26.20340476069153
12,201,74,1,16.95,18.916645413080264
12,201,74,2,12.4,12.453703739936376
12,201,74,3,9.2,7.557498890088189
12,201,74,4,6.45,6.1428178001887535
12,201,74,5,17.75,22.708391678663176
13,259,72,0,34.9,37.61564624069701
13,259,72,1,12.8,22.839485661090485
13,259,72,2,6.6,6.831814122949065
13,259,72,3,6.15,9.493903861231997
13,259,72,4,5.45,5.808115918808421
13,259,72,5,5.0,4.920419323166418
7,278,155,0,59.05,35.75718551269764
7,278,155,1,25.95,22.281630385399964
7,278,155,2,29.5,57.93871535374343
7,278,155,3,32.25,51.633195156849084
13,393,74,0,48.75,20.794419798033367
13,393,74,1,19.75,12.748064868627587
13,393,74,2,10.3,10.152002654389765
13,393,74,3,8.45,7.963568361772979
13,393,74,4,6.15,6.425893343587169
13,393,74,5,11.4,18.991410800952266
13,596,72,0,38.2,51.51555718012712
13,596,72,1,12.4,16.44896413311889
13,596,72,2,12.25,22.287298719461862
13,596,72,3,6.0,7.419746058925964
13,596,72,4,6.05,7.4302015273370685
13,596,72,5,18.25,37.86106874238747
13,596,72,0,42.85,39.22576355299906
13,596,72,1,11.4,13.503995510101523
13,596,72,2,6.35,8.671034661749609
13,596,72,3,5.15,4.95532674582562
13,596,72,4,5.25,6.3815111228083214
13,596,72,5,19.6,32.14342856634929
13,393,74,0,40.75,23.257992401028854
13,393,74,1,14.8,19.495208588131003
13,393,74,2,13.35,11.654116056253756
13,393,74,3,8.3,6.148170459575759
13,393,74,4,10.55,8.66010210223024
13,393,74,5,15.6,29.090421646633917
7,278,155,0,81.55,60.66428325759644
7,278,155,1,23.5,17.665011508033256
7,278,155,2,18.8,14.51895313030523
7,278,155,3,54.6,52.7530493007401
13,327,74,0,40.9,25.37072494452073
13,327,74,1,12.7,9.1081224594777
13,327,74,2,10.0,8.104579602071645
13,327,74,3,6.8,5.1257862041374995
13,327,74,4,7.3,5.974507246803309
13,327,74,5,6.0,7.46923514720286
13,508,72,0,36.4,29.505396473401806
13,508,72,1,13.6,13.136530023283607
13,508,72,2,12.65,15.055249128320309
13,508,72,3,7.9,9.46961901084338
13,508,72,4,11.1,17.45339659297235
13,508,72,5,6.8,6.203564340467163
13,327,74,0,46.25,26.281622556655936
13,327,74,1,16.95,14.49673284426166
13,327,74,2,8.75,5.8117394805233396
13,327,74,3,8.95,7.796591697996192
13,327,74,4,8.65,7.23496626406131
13,327,74,5,8.05,7.423114681786033
13,508,72,0,46.7,34.9888704109118
13,508,72,1,25.25,38.94513684929771
13,508,72,2,14.05,21.174649689515153
13,508,72,3,7.75,11.99506477462162
13,508,72,4,8.45,8.51917342172782
13,508,72,5,11.0,14.171877266726446
7,77,155,0,56.85,36.778533498710765
7,77,155,1,27.8,39.859754138729954
7,77,155,2,14.65,13.099919646197916
7,77,155,3,39.15,61.23318243876393
13,768,74,0,45.55,19.21478323418826
13,768,74,1,14.8,11.799197118091508
13,768,74,2,13.3,10.578528402282366
13,768,74,3,11.55,11.255291153380636
13,768,74,4,8.85,6.876925567661606
13,768,74,5,13.9,18.498648599289623
13,93,72,0,37.4,25.580420143868672
13,93,72,1,12.75,13.730009391647803
13,93,72,2,16.75,26.64755345736561
13,93,72,3,7.4,8.574134911096525
13,93,72,4,6.25,8.490706994306063
13,93,72,5,18.8,35.32197765220908
13,768,74,0,49.25,23.368613678675036
13,768,74,1,12.45,10.772650555921693
13,768,74,2,7.45,8.53768734864178
13,768,74,3,7.6,6.435101111543584
13,768,74,4,4.65,4.042862456491101
13,768,74,5,11.85,20.813141091754105
13,93,72,0,32.65,30.795206393887106
13,93,72,1,16.05,25.463027892881954
13,93,72,2,8.15,10.032971958287808
13,93,72,3,8.0,19.66562590169108
13,93,72,4,19.75,35.68262882692361
13,93,72,5,15.85,34.76125338422228
13,406,74,0,34.95,31.032198897613632
13,406,74,1,9.05,9.456131399924157
13,406,74,2,6.6,5.46182926750447
13,406,74,3,5.6,4.849308143816415
13,406,74,4,4.45,4.795557154393286
13,406,74,5,10.65,13.823226068735488
7,77,155,0,74.3,48.18833665394235
7,77,155,1,32.5,36.336874123301136
7,77,155,2,15.0,13.715147216048932
7,77,155,3,70.05,74.59890996804882
13,368,72,0,28.15,33.57987335796313
13,368,72,1,17.65,25.96612165272686
13,368,72,2,10.05,11.329862729692898
13,368,72,3,10.05,17.898765026495102
13,368,72,4,8.85,8.112855295925819
13,368,72,5,20.05,31.023717582384908
13,406,74,0,41.05,16.937889634283188
13,406,74,1,18.25,16.130634470505264
13,406,74,2,10.3,8.784555825574312
13,406,74,3,8.75,10.124878166908323
13,406,74,4,9.5,8.469760451468693
13,406,74,5,15.75,20.71834935510066
13,104,74,0,30.75,18.39300496327197
13,104,74,1,12.2,9.578484662046112
13,104,74,2,7.3,5.740896684041798
13,104,74,3,5.9,4.506136167260676
13,104,74,4,4.8,5.530775143161266
13,104,74,5,6.75,7.1441916046681255
13,368,72,0,37.05,29.93936855502608
13,368,72,1,20.7,24.50370541259767
13,368,72,2,22.65,41.43641292136029
13,368,72,3,10.25,11.238444357603385
13,368,72,4,11.05,10.374437207310141
13,368,72,5,16.75,20.19086557410501
7,549,155,0,68.45,39.868830986254494
7,549,155,1,22.85,20.32440845258155
7,549,155,2,19.7,20.196664654291183
7,549,155,3,58.4,89.36642487386882
13,104,74,0,53.4,25.41114550329193
13,104,74,1,14.7,10.969335248294387
13,104,74,2,10.3,6.199320845654661
13,104,74,3,10.95,7.996545306699968
13,104,74,4,9.05,7.199963450199628
13,104,74,5,12.2,9.827994387676995
13,368,72,0,46.4,33.27303317766665
13,368,72,1,14.05,18.8692872149427
13,368,72,2,7.35,7.79524146346245
13,368,72,3,7.95,14.365437322743928
13,368,72,4,3.7,2.2501461940809184
13,368,72,5,15.0,17.02629545268451
13,508,74,0,37.75,26.499006932733398
13,508,74,1,9.8,8.532291603080617
13,508,74,2,6.4,8.009205230299235
13,508,74,3,6.1,4.678056276522953
13,508,74,4,4.2,4.212762564048992
13,508,74,5,9.65,13.413563441924234
13,368,72,0,43.25,38.07592829846009
13,368,72,1,18.15,25.252983148426974
13,368,72,2,6.7,5.840872321296213
13,368,72,3,10.4,17.291312086831656
13,368,72,4,7.1,10.91064183552727
13,368,72,5,10.4,12.803782335906183
13,508,74,0,41.75,26.29363541159523
13,508,74,1,16.95,16.766115578122065
13,508,74,2,10.25,6.45531197012034
13,508,74,3,12.85,13.596729482915327
13,508,74,4,5.65,2.6611236249690506
13,508,74,5,14.4,15.604992453496546
7,549,155,0,98.8,51.54109244599222
7,549,155,1,24.15,19.620813331497594
7,549,155,2,16.35,13.219901265655665
7,549,155,3,50.45,54.311455610454004
13,348,72,0,44.3,31.484499110046617
13,348,72,1,17.35,19.24434298286396
13,348,72,2,18.85,26.68189806236667
13,348,72,3,6.25,5.128609127136457
13,348,72,4,4.55,3.5905577927611603
13,348,72,5,8.05,17.367468075929235
13,322,74,0,43.5,25.25345208293835
13,322,74,1,16.9,17.241015967133357
13,322,74,2,11.45,8.016266357587519
13,322,74,3,9.75,5.9282996585956464
13,322,74,4,8.0,5.331139899831832
13,322,74,5,10.75,7.886530822931756
13,322,74,0,35.05,21.184589731813627
13,322,74,1,14.2,18.88357682443161
13,322,74,2,8.9,7.552622409677178
13,322,74,3,10.65,6.975709735631885
13,322,74,4,5.9,4.024922359499621
13,322,74,5,9.4,7.570023986612906
13,348,72,0,46.45,33.331627149316496
13,348,72,1,14.5,15.480038079648528
13,348,72,2,9.55,7.917169882437058
13,348,72,3,12.45,15.274591905996598
13,348,72,4,16.6,23.820380482179317
13,348,72,5,16.1,27.451200721510006
7,722,155,0,86.45,52.12886360791526
7,722,155,1,33.55,26.804310336801787
7,722,155,2,26.15,22.448244568574317
7,722,155,3,33.75,32.781373080647974
13,575,74,0,46.05,20.813646838957418
13,575,74,1,11.85,11.084721585659198
13,575,74,2,13.65,13.978460874540252
13,575,74,3,8.85,7.292930968085681
13,575,74,4,6.55,5.206018783960289
13,575,74,5,6.05,3.9533463506782525
13,92,72,0,46.45,54.10659557032327
13,92,72,1,19.05,21.73882047833952
13,92,72,2,8.2,6.362720371532588
13,92,72,3,12.05,13.461348176792773
13,92,72,4,5.75,5.618344015248995
13,92,72,5,16.95,32.199174556271835
13,575,74,0,42.95,22.20117351094662
13,575,74,1,12.2,11.772403054780725
13,575,74,2,9.45,8.165878945182106
13,575,74,3,9.2,5.9964902015130574
13,575,74,4,6.25,4.929769931644617
13,575,74,5,10.45,19.08285259487938
7,722,155,0,68.6,40.924063182538724
7,722,155,1,22.2,15.34720958693349
7,722,155,2,24.9,33.86334767546578
7,722,155,3,33.6,35.946451402343634
13,92,72,0,34.45,23.676492894630186
13,92,72,1,20.55,30.292390915350694
13,92,72,2,13.15,21.05200328009815
13,92,72,3,11.25,19.00380848256752
13,92,72,4,10.95,14.3214046650092
13,92,72,5,25.7,29.663197116256615
13,254,74,0,42.35,23.651582788918223
13,254,74,1,9.65,6.4829736516833885
13,254,74,2,7.35,6.115338782197813
13,254,74,3,4.8,2.2384204957490614
13,254,74,4,5.4,3.858006029844405
13,254,74,5,9.45,18.30868358830973
13,254,74,0,43.45,24.89657554131111
13,254,74,1,14.1,10.532655985327878
13,254,74,2,9.25,7.826237921249264
13,254,74,3,8.2,5.166694963137002
13,254,74,4,6.65,4.51051403302387
13,254,74,5,6.8,10.54613922872152
13,206,72,0,40.0,36.26075158160898
13,206,72,1,6.6,6.8318141229490665
13,206,72,2,13.2,22.373856924638865
13,206,72,3,16.0,31.454227395576442
13,206,72,4,7.05,7.401813433562287
13,206,72,5,12.25,15.613337753006999
7,164,155,0,73.85,51.34944780105901
7,164,155,1,30.5,37.061115954453854
7,164,155,2,15.05,16.349714306211496
7,164,155,3,28.05,37.55623853145545
13,136,74,0,37.35,22.509120958309087
13,136,74,1,19.6,11.504690119114123
13,136,74,2,9.4,5.743646375275076
13,136,74,3,8.95,6.0738871625309185
13,136,74,4,7.8,5.094889079935117
13,136,74,5,14.1,23.366417647645747
13,206,72,0,42.5,44.30456790041073
13,206,72,1,10.85,11.908753967255835
13,206,72,2,16.75,22.280213076558358
13,206,72,3,7.45,8.338086363820317
13,206,72,4,6.25,6.298496061091008
13,206,72,5,10.3,11.192572725273056
7,164,155,0,57.35,35.31553258985716
7,164,155,1,19.25,23.644015599813212
7,164,155,2,10.75,11.196216466194942
7,164,155,3,32.25,48.841176545163094
13,136,74,0,43.45,33.39472854713513
13,136,74,1,13.45,17.376557105540364
13,136,74,2,8.65,7.2276879902366105
13,136,74,3,7.8,9.25430198681445
13,136,74,4,8.75,11.387319817743721
13,136,74,5,18.85,35.29018799072984
13,272,72,0,50.0,45.07887823757257
13,272,72,1,21.7,28.386616564853234
13,272,72,2,17.3,26.08508345678366
13,272,72,3,10.35,14.550366246068752
13,272,72,4,8.45,14.493101807411689
13,272,72,5,20.85,23.751509647311178
13,129,74,0,46.65,24.461086174618355
13,129,74,1,16.2,12.963917536560343
13,129,74,2,9.15,5.94956875925076
13,129,74,3,14.9,13.595277817954601
13,129,74,4,7.9,7.107446058443511
13,129,74,5,15.5,15.962126226922608
13,272,72,0,44.1,43.679333906623576
13,272,72,1,19.75,26.621864777106175
13,272,72,2,12.7,16.818223199224924
13,272,72,3,9.05,8.635757974229806
13,272,72,4,7.8,7.695521595810056
13,272,72,5,15.0,28.683389655081964
7,374,155,0,81.2,55.42619559283081
7,374,155,1,25.6,20.41258641648643
7,374,155,2,20.1,17.11539780739154
7,374,155,3,37.9,55.930313784208295
13,129,74,0,48.4,32.195782659420345
13,129,74,1,11.35,8.222402005304904
13,129,74,2,7.3,6.4571461840433235
13,129,74,3,6.4,3.7752657626910677
13,129,74,4,7.1,5.683771912902094
13,129,74,5,13.2,17.869703852875503
13,716,72,0,50.55,36.87885573062158
13,716,72,1,14.45,17.64705134158768
13,716,72,2,6.25,5.014452795879652
13,716,72,3,11.55,15.22627576540667
13,716,72,4,6.65,6.326843396862376
13,716,72,5,18.05,26.601295971595466
13,273,74,0,42.55,22.67499202112086
13,273,74,1,14.85,9.911582804184734
13,273,74,2,10.45,9.052333226417666
13,273,74,3,10.9,14.260360960958952
13,273,74,4,5.8,5.502152688768853
13,273,74,5,24.8,38.38530420548167
13,273,74,0,30.4,13.42189883813213
13,273,74,1,11.3,8.645656043415828
13,273,74,2,9.55,7.104298180086401
13,273,74,3,7.85,6.149668369321355
13,273,74,4,9.0,11.836606910677347
13,273,74,5,16.35,32.102262586270996
13,716,72,0,44.05,47.05816669433244
13,716,72,1,20.0,24.31373880621494
13,716,72,2,11.95,13.589760076887613
13,716,72,3,9.6,10.394330438424493
13,716,72,4,6.45,5.880162905011534
13,716,72,5,17.7,28.101507732541776
7,374,155,0,67.7,48.92755116657582
7,374,155,1,39.1,37.190689270582936
7,374,155,2,16.45,13.351424130623275
7,374,155,3,57.35,52.737956968991114
13,368,72,0,34.35,33.69097177208411
13,368,72,1,6.2,4.708335274025372
13,368,72,2,9.9,10.472520432566666
13,368,72,3,14.8,21.525016046207114
13,368,72,4,8.45,10.797051254369116
13,368,72,5,12.4,19.677398201998148
13,339,74,0,51.55,35.60377715030276
13,339,74,1,15.9,8.789347619644326
13,339,74,2,8.35,6.47485013035254
13,339,74,3,7.4,7.673604793466744
13,339,74,4,6.95,6.227908325052895
13,339,74,5,39.8,41.78340138833778
13,368,72,0,39.9,37.60165169944422
13,368,72,1,16.45,24.1191668704853
13,368,72,2,11.75,14.878012742227863
13,368,72,3,9.5,14.594519519326424
13,368,72,4,9.95,15.88271155425891
13,368,72,5,15.75,21.0585024708736
7,295,155,0,91.85,52.13068093490476
7,295,155,1,28.7,38.005678246116965
7,295,155,2,11.2,13.578620967109327
7,295,155,3,20.4,21.77009053966619
13,339,74,0,47.8,21.840570649957606
13,339,74,1,14.05,15.048955200663565
13,339,74,2,8.05,5.862234170833182
13,339,74,3,9.35,12.852503340021475
13,339,74,4,5.95,3.9533463506782516
13,339,74,5,29.1,41.618442268327456
13,206,72,0,45.4,36.74005415003315
13,206,72,1,15.15,22.676848848202223
13,206,72,2,8.9,9.458496598018991
13,206,72,3,9.15,15.170175032817381
13,206,72,4,5.1,4.228972750718049
13,206,72,5,13.95,18.534391929883384
13,467,74,0,50.0,24.072259640726006
13,467,74,1,18.75,11.719866174914062
13,467,74,2,11.2,8.192422686463646
13,467,74,3,14.3,17.871176440526266
13,467,74,4,7.0,6.181466356439181
13,467,74,5,12.75,11.827154304707808
7,295,155,0,84.4,54.51450796758023
7,295,155,1,23.1,21.999760764249473
7,295,155,2,17.7,15.420765220960988
7,295,155,3,26.5,48.16364647849313
13,206,72,0,35.35,43.49866906614863
13,206,72,1,11.4,18.024544669042704
13,206,72,2,6.35,6.442253610263054
13,206,72,3,6.2,7.156888474161026
13,206,72,4,10.45,19.575696532610074
13,206,72,5,24.85,39.05768338725362
13,467,74,0,47.55,29.500178411592522
13,467,74,1,21.65,18.762434473394467
13,467,74,2,12.6,8.07465169527454
13,467,74,3,9.6,7.583916499651365
13,467,74,4,8.35,6.098101516477334
13,467,74,5,14.5,15.40505726940618
13,457,72,0,41.05,26.75517657733192
13,457,72,1,12.4,11.412827501497924
13,457,72,2,6.3,4.846051023907588
13,457,72,3,9.4,15.336231610144651
13,457,72,4,5.6,4.500292388161837
13,457,72,5,14.5,21.087536852992482
7,201,155,0,64.5,45.74471496652287
7,201,155,1,25.9,31.366928611617613
7,201,155,2,11.95,13.264416189267633
7,201,155,3,35.35,41.57083365204883
13,325,74,0,46.15,32.57909403929232
13,325,74,1,12.55,8.537687348641779
13,325,74,2,7.4,4.345596682426453
13,325,74,3,12.0,9.797958971132712
13,325,74,4,6.9,4.983129433134204
13,325,74,5,13.15,16.180804091658473
13,457,72,0,33.65,25.200824965611112
13,457,72,1,12.3,13.970269183255976
13,457,72,2,15.1,28.80588390187708
13,457,72,3,9.4,9.304215230347564
13,457,72,4,6.95,8.210872124971353
13,457,72,5,17.0,28.950047722894944
13,325,74,0,34.45,29.54474750718235
13,325,74,1,15.6,16.268794798955646
13,325,74,2,7.4,6.244155161766124
13,325,74,3,7.2,5.987706704486064
13,325,74,4,8.1,9.447361090746313
13,325,74,5,7.75,7.136820757614401
13,588,72,0,44.65,36.181232413329546
13,588,72,1,15.25,17.600463510642943
13,588,72,2,11.1,17.41717240934481
13,588,72,3,9.1,16.62876391899543
13,588,72,4,4.95,4.91480041892799
13,588,72,5,12.7,12.831293982414941
7,201,155,0,67.0,56.20451377265934
7,201,155,1,19.05,19.25855927277941
7,201,155,2,16.8,18.1154194280075
7,201,155,3,29.6,51.20587959661622
13,199,74,0,42.75,26.63767612750189
13,199,74,1,9.8,9.395407612792875
13,199,74,2,9.75,6.103277807866851
13,199,74,3,11.6,19.19539418440624
13,199,74,4,4.9,4.178894338785899
13,199,74,5,11.75,10.75994032462419
13,588,72,0,24.45,28.154601381432634
13,588,72,1,17.8,31.12217013134223
13,588,72,2,11.8,18.989193602789204
13,588,72,3,7.25,9.424911000557039
13,588,72,4,5.25,4.529145382380305
13,588,72,5,14.15,19.682412667685142
13,199,74,0,39.35,22.769497139814046
13,199,74,1,14.9,15.269163972564202
13,199,74,2,8.75,7.261107643502217
13,199,74,3,4.85,3.8426279384926416
13,199,74,4,7.55,8.562310312920038
13,199,74,5,31.7,29.153134705514855
13,92,72,0,42.9,35.14765845311523
13,92,72,1,15.2,20.55698114228377
13,92,72,2,9.05,10.251957451089394
13,92,72,3,6.85,5.833433583098469
13,92,72,4,11.35,18.021259375351217
13,92,72,5,21.15,32.78201528759008
7,452,155,0,96.75,55.244790180661056
7,452,155,1,29.05,28.147122878116505
7,452,155,2,13.5,10.610322679750182
7,452,155,3,40.4,39.58122893759776
13,230,74,0,39.95,25.61347301714471
13,230,74,1,12.05,10.728589449640962
13,230,74,2,8.65,11.296366439561089
13,230,74,3,6.3,3.4351128074635335
13,230,74,4,10.35,12.330001920860395
13,230,74,5,17.15,18.99383556509017
13,92,72,0,35.8,23.153037768179296
13,92,72,1,17.35,24.255818618263643
13,92,72,2,7.0,5.581925719394885
13,92,72,3,10.25,17.084542105288293
13,92,72,4,11.2,18.60560187289386
13,92,72,5,8.35,11.837829637493344
13,230,74,0,44.0,17.72301506961766
13,230,74,1,21.15,17.69113664492685
13,230,74,2,11.5,11.962661207185246
13,230,74,3,9.3,9.398208115884309
13,230,74,4,8.65,6.054793664179604
13,230,74,5,16.15,25.257151149932294
13,138,72,0,34.45,32.55840905204061
13,138,72,1,20.6,23.459707899648752
13,138,72,2,6.55,5.871205381485046
13,138,72,3,5.7,5.497367791186883
13,138,72,4,10.8,14.96522284287281
13,138,72,5,9.05,15.955447840454799
7,452,155,0,77.85,50.87577750602054
7,452,155,1,29.6,35.74677018903063
7,452,155,2,22.15,35.00717971472349
7,452,155,3,29.0,33.58414412847386
13,217,74,0,43.15,24.044421609311293
13,217,74,1,13.3,10.848720516360686
13,217,74,2,10.6,8.90535025464438
13,217,74,3,6.5,5.817396777181173
13,217,74,4,6.45,4.925497570376974
13,217,74,5,15.65,30.92312199122544
13,138,72,0,42.0,42.473521163190604
13,138,72,1,13.75,23.810380310409066
13,138,72,2,10.65,12.222821622729045
13,138,72,3,11.95,14.659198656923847
13,138,72,4,8.75,10.833063424437924
13,138,72,5,6.7,5.381254011551778
13,217,74,0,47.2,20.103940435960098
13,217,74,1,18.55,18.619387179694403
13,217,74,2,10.8,8.30091941641977
13,217,74,3,7.9,5.310367218940701
13,217,74,4,7.55,5.576973334968293
13,217,74,5,16.1,22.398073225403255
7,264,155,0,58.7,33.183857838603274
7,264,155,1,23.55,25.19079823644884
7,264,155,2,15.65,16.329743608391087
7,264,155,3,32.95,40.14903158037694
14,501,72,0,38.05,39.134686458569284
14,501,72,1,20.7,26.649972844856315
14,501,72,2,16.15,23.195451005928316
14,501,72,3,10.3,15.106986881293667
14,501,72,4,8.25,13.388427838995884
14,501,72,5,9.0,10.026281254257418
13,339,74,0,43.25,19.748084517371883
13,339,74,1,12.4,8.917162635821118
13,339,74,2,8.8,6.614179345999974
13,339,74,3,8.35,8.455922869737364
13,339,74,4,11.2,12.327120293760508
13,339,74,5,30.55,42.125720359294434
14,501,72,0,59.85,53.56184325274457
14,501,72,1,18.95,23.385724390387352
14,501,72,2,10.6,18.164163677562012
14,501,72,3,6.95,6.378211265501357
14,501,72,4,6.2,6.152449234162551
14,501,72,5,20.05,25.31584691972911
7,264,155,0,79.65,60.67365247999463
7,264,155,1,22.85,27.20347307548103
7,264,155,2,10.55,8.00312438988674
7,264,155,3,35.0,36.729451827912534
13,339,74,0,48.85,29.528353902825778
13,339,74,1,13.15,11.626987662557449
13,339,74,2,9.5,5.165676192553671
13,339,74,3,9.95,7.394699381811841
13,339,74,4,9.65,7.169195800161453
13,339,74,5,23.35,15.051752826760568
13,406,74,0,42.8,20.965133963446622
13,406,74,1,16.15,17.909935496078262
13,406,74,2,8.95,6.629082654644251
13,406,74,3,7.85,5.640781954005276
13,406,74,4,6.6,4.333468283998517
13,406,74,5,11.35,13.02335957949569
14,643,72,0,50.35,49.79777526208005
14,643,72,1,28.6,35.314228532449995
14,643,72,2,21.45,26.430594313966413
14,643,72,3,19.6,20.848829324701335
14,643,72,4,9.95,9.697937925146768
14,643,72,5,17.0,26.471434454998146
7,328,155,0,67.5,40.23679907746142
7,328,155,1,24.2,25.681449377036007
7,328,155,2,12.95,11.170803109233603
7,328,155,3,37.15,61.581161678586504
13,406,74,0,44.75,25.492775034259584
13,406,74,1,12.95,8.999853799982121
13,406,74,2,9.85,10.44925079157655
13,406,74,3,8.5,6.361893131020539
13,406,74,4,6.55,5.642647754752243
13,406,74,5,13.6,13.963863136117114
14,643,72,0,66.5,50.05733554740267
14,643,72,1,18.7,22.711230702011726
14,643,72,2,7.5,5.196152422706632
14,643,72,3,7.25,4.897636379445003
14,643,72,4,9.85,15.798983977991817
14,643,72,5,27.95,38.91214801521364
14,749,74,0,42.5,26.414708821133406
14,749,74,1,14.85,12.516410280739022
14,749,74,2,16.6,30.076043972780592
14,749,74,3,11.85,10.946160105380864
14,749,74,4,11.05,12.580164001943276
14,749,74,5,21.6,33.32203317231472
7,328,155,0,82.0,60.0
7,328,155,1,34.75,36.02904530046776
7,328,155,2,26.15,32.76756258702708
7,328,155,3,11.7,10.998085957876587
14,351,72,0,38.4,41.59250944707788
14,351,72,1,14.65,34.823275640235074
14,351,72,2,9.45,13.072570721291122
14,351,72,3,7.25,8.819088149546625
14,351,72,4,13.25,20.24553232067185
14,351,72,5,22.65,25.688979820353442
14,749,74,0,37.55,26.194565527183205
14,749,74,1,14.15,14.470569042752004
14,749,74,2,11.0,11.168564908047191
14,749,74,3,8.5,5.735393346764044
14,749,74,4,9.0,8.27170191868511
14,749,74,5,34.65,38.864508230517984
14,351,72,0,32.0,38.009694054349644
14,351,72,1,7.15,9.66423139318656
14,351,72,2,11.9,22.55729547058708
14,351,72,3,7.55,7.970174666249562
14,351,72,4,5.2,8.994735302269586
14,351,72,5,30.9,40.62524493853285
14,801,74,0,43.35,21.993479895067466
14,801,74,1,18.05,17.889941307897015
14,801,74,2,12.0,13.178930553209382
14,801,74,3,9.4,8.146035522684768
14,801,74,4,6.2,5.662433919679491
14,801,74,5,23.6,26.739287082572165
7,488,155,0,86.3,61.43640271815537
7,488,155,1,26.95,32.59879720093009
7,488,155,2,17.75,18.02885114709782
7,488,155,3,76.3,84.35083377118887
14,801,74,0,36.1,17.12769379504556
14,801,74,1,14.35,15.159763225480521
14,801,74,2,8.85,7.706968821855491
14,801,74,3,8.5,7.330541733409828
14,801,74,4,7.35,5.460624602793308
14,801,74,5,26.9,34.19433625001292
14,666,72,0,51.85,49.938145951292896
14,666,72,1,31.35,44.7652061785772
14,666,72,2,21.55,21.551590489603754
14,666,72,3,6.5,7.762934876368399
14,666,72,4,11.35,15.465666558712016
14,666,72,5,24.05,25.224205167176024
14,666,72,0,28.45,36.99142859465803
14,666,72,1,13.3,19.48845812269406
14,666,72,2,7.0,8.5038690884611
14,666,72,3,10.8,15.746678847834616
14,666,72,4,10.45,12.939027052009418
14,666,72,5,19.6,23.054626205464363
14,385,74,0,41.25,21.635436331702625
14,385,74,1,21.4,23.34951819631403
14,385,74,2,16.8,16.188364892562088
14,385,74,3,8.9,8.384823382629758
14,385,74,4,8.15,7.080551569356429
14,385,74,5,13.55,12.415927800929527
7,488,155,0,72.2,46.57037685052592
7,488,155,1,14.5,12.262480216197357
7,488,155,2,12.15,10.5495073469408
7,488,155,3,64.35,80.68279344379901
14,462,72,0,49.45,31.21146044577047
14,462,72,1,17.1,18.909479661075594
14,462,72,2,13.8,26.206869328479506
14,462,72,3,9.35,16.62678561839299
14,462,72,4,9.9,15.289831502290046
14,462,72,5,26.7,41.22990738720978
14,385,74,0,36.4,23.46868013690632
14,385,74,1,20.5,21.10749430390717
14,385,74,2,9.4,6.003507746572657
14,385,74,3,9.3,7.034501441205041
14,385,74,4,7.6,5.1442354042886524
14,385,74,5,42.2,62.17598114689424
14,462,72,0,51.45,39.169637811904636
14,462,72,1,9.8,8.08246965905061
14,462,72,2,7.3,6.61019945554635
14,462,72,3,6.25,7.246596297209942
14,462,72,4,4.85,4.826189517948698
14,462,72,5,12.1,17.090779293001983
7,225,155,0,78.15,54.37324709818239
7,225,155,1,24.05,20.36890044315495
7,225,155,2,24.55,28.86534071749097
7,225,155,3,22.25,21.635436331702625
14,419,74,0,41.35,18.422740524174266
14,419,74,1,19.15,13.390000196533155
14,419,74,2,13.8,10.08699005754703
14,419,74,3,9.95,6.336818062552746
14,419,74,4,9.15,7.1618506870192356
14,419,74,5,27.6,28.901648104526753
14,326,72,0,40.65,35.80249182742217
14,326,72,1,10.95,8.786802304413257
14,326,72,2,10.95,16.426791338670206
14,326,72,3,9.05,5.020746432239145
14,326,72,4,8.7,15.300842770046499
14,326,72,5,16.6,25.954210691746702
14,419,74,0,36.1,28.419600352758767
14,419,74,1,17.55,17.251925903168637
14,419,74,2,13.65,18.431309174736796
14,419,74,3,7.45,5.500956854565348
14,419,74,4,4.85,3.0482954684803594
14,419,74,5,19.15,40.50506790903812
14,326,72,0,35.6,32.88800773278277
14,326,72,1,25.75,41.92082135595502
14,326,72,2,14.05,19.121426394712845
14,326,72,3,14.45,27.614784369780505
14,326,72,4,8.2,8.147327621276872
14,326,72,5,27.4,33.781651824622195
7,225,155,0,93.25,51.060206980016304
7,225,155,1,28.75,29.908412828077932
7,225,155,2,14.7,13.537861138692712
7,225,155,3,41.8,62.3256304462804
14,221,74,0,44.1,23.861221568411835
14,221,74,1,16.8,13.740451229854132
14,221,74,2,9.95,5.871205381485044
14,221,74,3,8.2,6.614179345999972
14,221,74,4,5.4,3.8716241661879485
14,221,74,5,36.35,39.228446982152875
14,519,72,0,39.3,44.494943532945406
14,519,72,1,12.75,13.626116564582109
14,519,72,2,8.6,9.533321064892117
14,519,72,3,7.85,8.701330811705578
14,519,72,4,5.8,5.405650065586834
14,519,72,5,17.45,25.36361878547178
14,221,74,0,54.3,24.542337211224883
14,221,74,1,17.2,11.533018959309373
14,221,74,2,11.95,8.888046378201041
14,221,74,3,10.35,5.565637051539894
14,221,74,4,8.55,7.111702734892234
14,221,74,5,18.4,36.666921849191766
7,201,155,0,103.2,58.27484787399142
7,201,155,1,18.95,18.874864935034356
7,201,155,2,17.45,24.12571242471401
7,201,155,3,25.05,41.63181349325107
14,519,72,0,49.0,41.48557136618643
14,519,72,1,16.05,17.09870724568627
14,519,72,2,10.5,9.965730754625282
14,519,72,3,9.05,9.14488640544108
14,519,72,4,8.8,17.276695590485925
14,519,72,5,39.75,43.52116847309086
14,702,74,0,43.1,22.596925734081147
14,702,74,1,16.55,14.474932960484697
14,702,74,2,13.1,12.565198387861441
14,702,74,3,11.1,9.47517532124979
14,702,74,4,7.85,5.343712488326326
14,702,74,5,16.6,18.39736823284072
14,479,72,0,47.6,36.98420715585733
14,479,72,1,18.4,18.457347702487656
14,479,72,2,8.25,8.65645484747167
14,479,72,3,6.5,6.411338640088724
14,479,72,4,5.4,6.418722614352485
14,479,72,5,19.25,22.009268382589234
14,702,74,0,57.25,27.39165258941029
14,702,74,1,13.65,11.640559762268625
14,702,74,2,15.1,11.116133367886137
14,702,74,3,7.45,5.4238750955964665
14,702,74,4,6.35,4.081730799034825
14,702,74,5,23.1,30.010349092131182
14,479,72,0,42.45,44.33778832648523
14,479,72,1,11.5,15.665920101659493
14,479,72,2,11.2,17.975421816293608
14,479,72,3,9.15,12.30008557950545
14,479,72,4,6.9,8.283782507500963
14,479,72,5,12.45,22.600593844084344
7,201,155,0,85.45,51.08040617239494
7,201,155,1,38.15,64.65477146881125
7,201,155,2,20.1,18.373035161688218
7,201,155,3,48.4,69.47275118990709
14,619,74,0,44.45,21.473300435167097
14,619,74,1,12.8,11.39528988569169
14,619,74,2,9.8,8.464165952009559
14,619,74,3,7.0,4.6225989500097855
14,619,74,4,7.7,10.407992879968436
14,619,74,5,36.8,40.77357245234118
14,530,72,0,43.45,41.837373118704335
14,530,72,1,18.6,21.03981188629134
14,530,72,2,6.7,5.506933428821678
14,530,72,3,7.8,12.779918457856985
14,530,72,4,6.4,6.991724431520152
14,530,72,5,39.85,43.60139423169135
14,619,74,0,44.05,23.12545874367173
14,619,74,1,23.35,25.292551431097984
14,619,74,2,12.7,12.157302332343306
14,619,74,3,9.5,7.983535689483899
14,619,74,4,8.55,8.964696842263223
14,619,74,5,61.5,68.61985288913344
14,530,72,0,49.0,43.555167679380446
14,530,72,1,14.25,19.960157683165786
14,530,72,2,9.75,7.510518939250609
14,530,72,3,8.75,8.84887741913896
14,530,72,4,6.45,5.206018783960289
14,530,72,5,37.15,41.120202487725905
14,277,74,0,40.55,21.8233940145842
14,277,74,1,14.25,17.522541872805167
14,277,74,2,7.65,6.450418183098062
14,277,74,3,8.2,7.466416035893837
14,277,74,4,6.35,7.761409258904631
14,277,74,5,31.65,38.264006723372766
7,507,155,0,85.65,43.33258771288344
7,507,155,1,31.9,35.276203399966235
7,507,155,2,13.8,10.665241132813296
7,507,155,3,94.5,96.94789702124592
14,730,72,0,44.35,40.731825136462625
14,730,72,1,19.2,21.907941362365428
14,730,72,2,25.75,40.40046247781147
14,730,72,3,8.0,10.726258974076066
14,730,72,4,8.55,8.672248539844906
14,730,72,5,25.25,26.850218072230174
14,277,74,0,44.65,25.217527321498558
14,277,74,1,15.4,10.292562465453546
14,277,74,2,13.75,11.61158677220392
14,277,74,3,9.35,7.672747397873785
14,277,74,4,8.9,6.120715472453922
14,277,74,5,33.75,41.35325991095693
7,507,155,0,63.9,26.60609348488266
7,507,155,1,23.8,26.552034315957588
7,507,155,2,12.0,8.290768487013924
7,507,155,3,47.4,54.54635884417855
14,730,72,0,37.45,35.686463599108926
14,730,72,1,15.3,19.363829547298803
14,730,72,2,8.5,7.996709849747746
14,730,72,3,6.0,4.611199181854634
14,730,72,4,5.4,4.604345773288535
14,730,72,5,42.3,76.19096506735386
14,305,74,0,49.2,27.517649838450577
14,305,74,1,12.1,11.629816489478559
14,305,74,2,8.0,7.298161268068611
14,305,74,3,8.35,7.421696500623589
14,305,74,4,8.05,5.871205381485044
14,305,74,5,18.85,25.608951970993104
14,424,72,0,31.8,27.027471404597133
14,424,72,1,12.45,18.19333307618625
14,424,72,2,19.5,23.8757749943106
14,424,72,3,7.65,6.523439518988026
14,424,72,4,9.75,16.241191944850403
14,424,72,5,27.7,38.372276176262574
14,305,74,0,51.3,29.810100725478236
14,305,74,1,15.5,13.076696830622021
14,305,74,2,12.4,11.217467581739136
14,305,74,3,7.3,5.667079448329996
14,305,74,4,8.05,6.731504875935013
14,305,74,5,20.9,20.323437338776085
7,38,155,0,80.1,49.13343807268229
7,38,155,1,47.45,64.6883012281933
7,38,155,2,21.95,27.36973934071984
7,38,155,3,49.05,51.91235021902936
14,424,72,0,42.85,26.592984828808955
14,424,72,1,13.65,9.842309313955692
14,424,72,2,17.25,20.266318960544517
14,424,72,3,8.75,5.637048499833373
14,424,72,4,9.25,8.978776144477129
14,424,72,5,16.4,19.332002374029276
14,274,74,0,41.9,21.212955326502964
14,274,74,1,13.15,15.91845998898928
14,274,74,2,11.25,11.638751063399779
14,274,74,3,8.95,7.857112098367682
14,274,74,4,5.75,3.596416344962828
14,274,74,5,30.85,70.05957990769076
14,274,74,0,41.95,23.381222785546704
14,274,74,1,10.0,8.926601286397629
14,274,74,2,10.3,11.3141736912507
14,274,74,3,8.65,9.022049014556096
14,274,74,4,7.75,6.695442283256653
14,274,74,5,20.35,23.826732001991733
14,176,72,0,43.45,42.947305534009686
14,176,72,1,17.6,19.066090041581262
14,176,72,2,8.25,8.69891100262435
14,176,72,3,11.95,17.52734705358578
14,176,72,4,8.7,11.666867166196939
14,176,72,5,35.15,60.793243218737985
7,38,155,0,81.7,42.40419542302016
7,38,155,1,30.75,35.46068987365854
7,38,155,2,17.7,19.026574213867022
7,38,155,3,33.2,59.78434929856334
14,176,72,0,33.0,28.5657137141714
14,176,72,1,11.25,13.924136560209702
14,176,72,2,9.95,11.865363125722835
14,176,72,3,5.8,7.0082657964495185
14,176,72,4,5.3,5.497367791186883
14,176,72,5,31.55,39.46414095166182
14,387,74,0,44.05,31.93162926266715
14,387,74,1,12.65,7.407499755759627
14,387,74,2,10.95,9.784386057710304
14,387,74,3,8.35,7.835647287943264
14,387,74,4,6.65,6.4012745441414785
14,387,74,5,28.55,43.986211954489356
14,227,72,0,44.9,41.66647017497529
14,227,72,1,10.3,9.188665787118849
14,227,72,2,15.15,22.813373270956664
14,227,72,3,8.7,6.000877128869534
14,227,72,4,12.5,14.58008735805177
14,227,72,5,22.65,30.24509529615809
7,6,155,0,85.15,51.73746987893478
7,6,155,1,28.55,33.2668239985029
7,6,155,2,18.9,16.69194574133222
7,6,155,3,20.35,19.37245738834281
14,387,74,0,41.05,17.058644976112628
14,387,74,1,18.4,17.333873135994068
14,387,74,2,15.3,13.82255974466151
14,387,74,3,10.3,16.57550507287946
14,387,74,4,10.85,7.747835011693335
14,387,74,5,34.95,35.1050678602632
14,227,72,0,36.65,29.415847858988492
14,227,72,1,11.7,16.616732214057137
14,227,72,2,9.0,9.239503290363155
14,227,72,3,7.3,9.240072909258945
14,227,72,4,5.75,5.4083269131959835
14,227,72,5,24.25,26.110846707632323
7,6,155,0,52.9,40.61747096224014
7,6,155,1,19.6,20.579499252257918
7,6,155,2,8.8,9.029775307573447
7,6,155,3,24.6,39.42935054259107
14,504,74,0,48.2,23.28224984606807
14,504,74,1,14.05,12.279529392662537
14,504,74,2,9.75,10.150836107642094
14,504,74,3,8.5,9.616323840768173
14,504,74,4,7.45,6.012924675887328
14,504,74,5,39.55,36.31655414908135
14,527,72,0,41.4,28.810451320018537
14,527,72,1,15.15,20.974357778261677
14,527,72,2,12.05,12.584347002275653
14,527,72,3,10.85,18.032937700365494
14,527,72,4,5.9,11.525258302848073
14,527,72,5,14.1,18.811810400020402
14,504,74,0,51.3,33.44453381503864
14,504,74,1,20.55,20.68682519967975
14,504,74,2,5.8,3.3340350138659627
14,504,74,3,9.45,9.594269122762817
14,504,74,4,12.0,12.92081144592137
14,504,74,5,27.0,39.23612728354477
14,527,72,0,45.65,37.88802754933209
14,527,72,1,15.75,15.94356824619422
14,527,72,2,8.15,9.085992689733727
14,527,72,3,12.05,16.158670476835255
14,527,72,4,7.9,11.80499448271121
14,527,72,5,32.75,45.25468862013375
7,246,155,0,62.95,41.82479118770035
7,246,155,1,24.6,21.387157976594022
7,246,155,2,17.2,19.481705318202078
7,246,155,3,64.65,75.04544237362208
14,480,74,0,40.6,18.88859304893885
14,480,74,1,14.3,11.041071648979312
14,480,74,2,16.6,12.787329254918097
14,480,74,3,10.4,9.051897155031268
14,480,74,4,8.75,6.896795594599293
14,480,74,5,20.6,27.226921661434567
14,694,72,0,43.9,37.46282367754381
14,694,72,1,11.9,14.399926900399254
14,694,72,2,7.8,6.07497021868377
14,694,72,3,7.2,6.8564222679025155
14,694,72,4,5.2,3.750087718272313
14,694,72,5,19.5,25.487871212546732
14,480,74,0,41.75,19.888835799857276
14,480,74,1,14.6,11.426653974485776
14,480,74,2,12.4,7.687310117466659
14,480,74,3,9.75,12.156328219880939
14,480,74,4,10.75,14.588658175734363
14,480,74,5,11.8,13.379481541367344
14,694,72,0,33.05,29.487686993226962
14,694,72,1,11.15,11.462869118203027
14,694,72,2,10.65,15.792319918905285
14,694,72,3,8.5,11.104764269163223
14,694,72,4,7.4,8.92895939006745
14,694,72,5,23.75,44.433125386123216
7,246,155,0,73.65,46.532699312023134
7,246,155,1,29.8,27.876796614275538
7,246,155,2,19.75,20.819714847129617
7,246,155,3,53.55,53.30791883506912
14,440,74,0,44.25,25.272983286714023
14,440,74,1,13.55,13.24853517225683
14,440,74,2,8.85,8.158140913093787
14,440,74,3,8.15,8.343134587002782
14,440,74,4,7.65,8.014953130506163
14,440,74,5,38.35,50.07602115520803
14,571,72,0,30.7,28.73307282008331
14,571,72,1,13.9,24.16369612717218
14,571,72,2,11.4,20.257292384147544
14,571,72,3,6.15,5.760802210218917
14,571,72,4,9.1,20.403560060878952
14,571,72,5,22.6,36.965702453689914
7,205,155,0,75.1,34.186639433987565
7,205,155,1,17.75,13.134426439503814
7,205,155,2,22.4,27.966897726080607
7,205,155,3,36.3,38.05273349334827
14,440,74,0,46.2,21.86706246967415
14,440,74,1,17.3,14.743776563975088
14,440,74,2,13.2,11.344370270848234
14,440,74,3,10.9,16.68879233119294
14,440,74,4,5.75,3.6688589937185476
14,440,74,5,33.2,47.81059120716817
14,571,72,0,50.0,31.49436039741251
14,571,72,1,20.65,27.830832958391575
14,571,72,2,13.5,15.094439547832105
14,571,72,3,9.2,15.796735172346947
14,571,72,4,5.6,7.014271166700072
14,571,72,5,20.9,30.433534135883722
14,315,72,0,39.0,31.700904851771227
14,315,72,1,14.15,17.88935290524565
14,315,72,2,15.1,17.770170155865728
14,315,72,3,11.3,21.609208563407456
14,315,72,4,7.75,7.946366266546319
14,315,72,5,17.8,23.638950907347816
14,793,74,0,43.5,21.26400467308174
14,793,74,1,16.55,14.445815274582754
14,793,74,2,10.15,8.254344948347857
14,793,74,3,9.3,5.894689849436748
14,793,74,4,8.1,4.666791978267411
14,793,74,5,34.15,53.60015219931259
7,205,155,0,78.0,59.648973168026956
7,205,155,1,24.3,16.59771702754074
7,205,155,2,14.45,23.93956205904668
7,205,155,3,56.75,72.91586716353667
14,793,74,0,43.1,22.978021535463196
14,793,74,1,15.55,12.890122697550039
14,793,74,2,10.25,6.31518637471361
14,793,74,3,8.5,6.755115021031723
14,793,74,4,8.9,6.889351050333903
14,793,74,5,30.45,37.61645076852749
14,315,72,0,54.45,41.05000160266681
14,315,72,1,14.75,20.64964635863874
14,315,72,2,11.45,12.29238103781962
14,315,72,3,8.6,8.022337236544105
14,315,72,4,8.3,8.72443634131651
14,315,72,5,33.8,49.78966284597426
8,768,155,0,73.2,45.41689924292615
8,768,155,1,20.05,10.8019247797496
8,768,155,2,20.75,26.560506891168128
8,768,155,3,24.8,30.533157128121
14,500,72,0,41.5,34.38558449485237
14,500,72,1,14.75,17.298843892006193
14,500,72,2,6.15,5.353552681704877
14,500,72,3,16.3,29.83127994501568
14,500,72,4,10.4,21.524527013569767
14,500,72,5,23.25,29.769067308551218
14,820,74,0,46.5,27.153559425491242
14,820,74,1,14.05,11.56890114419734
14,820,74,2,12.95,13.449613573004909
14,820,74,3,14.1,15.064423059157065
14,820,74,4,7.2,8.648699324175862
14,820,74,5,40.0,51.7920944993691
14,500,72,0,28.6,30.252272641902458
14,500,72,1,11.3,15.881468843642233
14,500,72,2,4.55,5.40443287837328
14,500,72,3,6.25,7.670003087901662
14,500,72,4,6.15,11.793285333076973
14,500,72,5,15.45,13.941513170157828
14,820,74,0,39.25,24.163641673956523
14,820,74,1,9.5,6.793960165974046
14,820,74,2,7.4,6.6917073582472995
14,820,74,3,5.8,4.479191656397038
14,820,74,4,6.6,7.18477923332227
14,820,74,5,12.8,13.129316332864445
8,768,155,0,70.2,60.522809967117276
8,768,155,1,26.25,32.48461174156157
8,768,155,2,17.2,21.43926550195127
8,768,155,3,24.2,39.132164721485495
14,644,74,0,40.35,19.703793383107996
14,644,74,1,19.6,15.658863304850707
14,644,74,2,10.8,9.265669515957677
14,644,74,3,10.85,8.054256801938894
14,644,74,4,7.45,5.614595640874445
14,644,74,5,41.4,62.10127551872531
14,349,72,0,44.2,26.900596745484254
14,349,72,1,17.5,24.790702841356094
14,349,72,2,17.4,19.50006747626652
14,349,72,3,11.35,21.575509995801895
14,349,72,4,12.95,17.650033547008526
14,349,72,5,38.6,71.28918128595006
14,349,72,0,35.0,27.088548755594317
14,349,72,1,11.35,10.752111175803666
14,349,72,2,12.75,13.31747960981712
14,349,72,3,9.55,9.098727499231043
14,349,72,4,8.35,8.368330022676032
14,349,72,5,24.3,28.069650214384477
14,644,74,0,43.6,20.61016611695357
14,644,74,1,14.8,10.288470808577305
14,644,74,2,9.4,7.493154770926105
14,644,74,3,6.15,5.12244801674068
14,644,74,4,9.05,12.500421045540406
14,644,74,5,26.6,37.918749701794866
8,805,155,0,73.75,69.62446257942452
8,805,155,1,36.25,31.82828103564832
8,805,155,2,16.95,17.682804612033934
8,805,155,3,35.55,42.2093466825586
14,643,72,0,31.4,35.74088032373838
14,643,72,1,17.05,21.743662113481786
14,643,72,2,10.75,10.944236647179816
14,643,72,3,7.4,6.785433314325466
14,643,72,4,8.55,7.87049787765077
14,643,72,5,13.0,18.965342351940706
14,13,74,0,33.4,20.7704243171821
14,13,74,1,8.1,7.1811155855223205
14,13,74,2,8.45,9.219401738781787
14,13,74,3,9.55,9.533735116058024
14,13,74,4,6.45,6.134243830206055
14,13,74,5,29.3,36.70522693310214
8,805,155,0,87.35,62.46369471857021
8,805,155,1,18.85,17.738673183634383
8,805,155,2,20.05,22.878339560655
8,805,155,3,26.05,30.639628622182464
14,643,72,0,42.7,30.333410449101898
14,643,72,1,28.5,47.52450891243824
14,643,72,2,11.05,11.505033223493282
14,643,72,3,10.4,10.065051572540238
14,643,72,4,5.55,3.6631163034541476
14,643,72,5,18.45,29.699326591692277
14,13,74,0,53.4,40.58182118296708
14,13,74,1,13.45,11.949344840001194
14,13,74,2,10.55,8.382155230952806
14,13,74,3,8.45,5.49138080612652
14,13,74,4,6.8,5.61576727662954
14,13,74,5,38.85,48.79848466154618
8,217,155,0,79.75,50.43377627615926
8,217,155,1,27.6,20.150486477084318
8,217,155,2,21.15,14.57927512456963
8,217,155,3,42.3,54.34596774854889
14,527,74,0,37.1,17.64533634524551
14,527,74,1,19.75,17.56753884448905
14,527,74,2,14.95,12.845130144185095
14,527,74,3,11.5,8.97657770915069
14,527,74,4,9.1,7.758865896508329
14,527,74,5,57.1,79.88801372447624
14,527,74,0,38.4,30.12325557299193
14,527,74,1,14.25,12.259797371039515
14,527,74,2,10.5,12.420272053974376
14,527,74,3,8.4,7.422582895603475
14,527,74,4,8.15,6.876925567661606
14,527,74,5,30.75,41.091521727659796
8,217,155,0,73.35,65.92841013673767
8,217,155,1,24.2,19.664555343106677
8,217,155,2,11.3,7.320483159205444
8,217,155,3,39.3,55.59449045023304
14,389,74,0,46.2,30.26827416706528
14,389,74,1,14.1,13.76456166736656
14,389,74,2,11.25,8.5216442693081
14,389,74,3,10.4,7.17745006765524
14,389,74,4,10.9,9.82960083785598
14,389,74,5,28.0,38.326849184625814
14,389,74,0,39.75,24.977621563058573
14,389,74,1,11.85,8.505570929814485
14,389,74,2,11.65,10.085294140219057
14,389,74,3,8.45,9.02321567140183
14,389,74,4,8.65,8.235194050696776
14,389,74,5,20.85,35.625648655221184
8,7,155,0,73.25,62.85059560911935
8,7,155,1,28.3,35.277993736963886
8,7,155,2,13.45,13.072570721291122
8,7,155,3,25.65,31.08269953730396
8,7,155,0,68.65,36.59777818968048
8,7,155,1,29.85,33.54066659727373
8,7,155,2,12.35,12.419318567627233
8,7,155,3,34.75,47.075387468008785
8,339,155,0,71.6,47.32018596751285
8,339,155,1,18.85,15.928375871216025
8,339,155,2,13.75,11.011357772772621
8,339,155,3,84.25,85.537234120894
8,339,155,0,94.2,80.00236838599481
8,339,155,1,24.7,21.213451541788043
8,339,155,2,11.15,7.407499755759627
8,339,155,3,50.65,45.61887305652528
8,531,155,0,73.5,37.88695095453814
8,531,155,1,22.7,23.786550821840482
8,531,155,2,18.35,18.333963306560747
8,531,155,3,28.45,28.99269417955968
8,531,155,0,78.25,76.63507167430794
8,531,155,1,15.45,17.71551505557235
8,531,155,2,20.25,27.996005354147826
8,531,155,3,22.4,29.475056359037225
8,805,155,0,68.7,43.681984724525556
8,805,155,1,26.85,28.58095611821933
8,805,155,2,16.8,14.50807397714513
8,805,155,3,25.2,35.08275929855005
8,805,155,0,83.6,48.51521736310654
8,805,155,1,15.55,10.338863828446428
8,805,155,2,27.6,43.839900115137844
8,805,155,3,24.75,28.76378388108725
8,383,155,0,77.85,50.20722845839715
8,383,155,1,26.65,26.592984828808955
8,383,155,2,15.5,17.06489162918386
8,383,155,3,25.05,57.90961650892299
8,383,155,0,69.5,51.38349110263662
8,383,155,1,22.75,33.436310234612655
8,383,155,2,24.8,37.47223533568062
8,383,155,3,16.85,20.365799504897524
8,137,155,0,59.45,49.912001510026045
8,137,155,1,18.85,21.47281022473231
8,137,155,2,10.7,10.367459212667093
8,137,155,3,33.45,55.55601724954354
8,137,155,0,73.6,64.68824020679982
8,137,155,1,24.65,23.376270018974367
8,137,155,2,14.8,14.22229532144957
8,137,155,3,14.6,19.826616878381074
8,206,155,0,74.45,50.536568312877215
8,206,155,1,25.6,27.578404976586867
8,206,155,2,12.65,15.232496426010448
8,206,155,3,21.7,26.8898337275398
8,206,155,0,68.45,47.711275286599545
8,206,155,1,22.55,23.794017381642274
8,206,155,2,11.8,12.688992328620484
8,206,155,3,55.85,74.23524131187006
8,272,155,0,70.9,47.38853958723065
8,272,155,1,28.55,28.680591273358953
8,272,155,2,16.9,15.38933328469328
8,272,155,3,28.85,24.940508161792152
8,272,155,0,57.8,31.083249847025836
8,272,155,1,25.2,25.568483889762657
8,272,155,2,14.4,10.782051362284793
8,272,155,3,45.1,85.08256052366524
8,652,155,0,75.65,42.0792172730885
8,652,155,1,25.9,34.601338580739146
8,652,155,2,11.1,10.735577840943046
8,652,155,3,14.4,12.803782335906183
8,652,155,0,86.7,56.37571332259645
8,652,155,1,32.25,34.883075371423615
8,652,155,2,13.35,14.042323244579693
8,652,155,3,26.5,49.34891882780902
8,805,155,0,67.95,46.42648404792927
8,805,155,1,21.8,20.187541754885938
8,805,155,2,15.65,19.488930731382663
8,805,155,3,28.15,33.58300792145682
8,805,155,0,78.95,46.07371096520512
8,805,155,1,14.25,15.085283871166768
8,805,155,2,10.55,10.133191942688564
8,805,155,3,22.3,30.999320875413417
8,33,155,0,70.55,40.77470190926567
8,33,155,1,18.45,14.25879230140957
8,33,155,2,11.95,11.329862729692897
8,33,155,3,27.75,48.69872472122534
8,33,155,0,80.65,61.977309090547514
8,33,155,1,29.2,30.20909587664302
8,33,155,2,17.75,14.330222020537391
8,33,155,3,27.75,26.942189572255785
8,383,155,0,82.0,51.899700840837426
8,383,155,1,17.3,21.611644034981165
8,383,155,2,12.0,11.224972160321823
8,383,155,3,26.3,40.40466361826643
8,383,155,0,62.75,46.66552316894754
8,383,155,1,17.7,12.703501382233997
8,383,155,2,18.45,19.586448053907606
8,383,155,3,31.15,55.176534867640974
8,206,155,0,53.45,42.256702987436455
8,206,155,1,16.8,15.796735172346946
8,206,155,2,14.9,18.93729264260282
8,206,155,3,15.45,25.485754534848017
8,206,155,0,53.5,46.53521586701273
8,206,155,1,42.9,69.11843382728549
8,206,155,2,13.05,19.951190440672956
8,206,155,3,34.75,44.61516735253536
8,107,155,0,64.4,38.57241992599594
8,107,155,1,15.95,15.859498233252097
8,107,155,2,13.55,13.823987542635711
8,107,155,3,11.05,15.045457436505018
8,107,155,0,71.95,47.96103133081887
8,107,155,1,22.7,22.11953173578786
8,107,155,2,9.5,8.988296483995757
8,107,155,3,11.0,19.05946373575964
8,348,155,0,66.85,52.10543460896832
8,348,155,1,33.7,28.734904503793032
8,348,155,2,25.5,29.51627561728935
8,348,155,3,26.6,35.97572280829042
8,348,155,0,64.15,40.50896586916869
8,348,155,1,28.35,36.71264660920854
8,348,155,2,14.4,13.68979643076512
8,348,155,3,19.85,24.194986431512056
8,206,155,0,52.2,34.77990950625314
8,206,155,1,36.6,67.10823935608566
8,206,155,2,17.95,24.138798208431346
8,206,155,3,26.7,27.065417826171892
8,206,155,0,53.4,44.32226481007866
8,206,155,1,26.6,30.44823043860029
8,206,155,2,16.8,19.76067333180516
8,206,155,3,30.35,47.51318376597118
8,348,155,0,67.15,47.005346840321764
8,348,155,1,25.15,21.246114195801844
8,348,155,2,16.4,14.132456113127459
8,348,155,3,11.7,9.59221175307288
8,348,155,0,81.95,41.68108873211851
8,348,155,1,29.8,25.124112972035032
8,348,155,2,22.5,17.154100323092926
8,348,155,3,20.45,25.403014740277126
9,712,155,0,83.45,50.28704447574208
9,712,155,1,16.9,13.297803538455831
9,712,155,2,16.05,16.37544696055331
9,712,155,3,34.95,46.5996103439774
9,712,155,0,75.05,60.4147725050927
9,712,155,1,39.35,37.5026665718586
9,712,155,2,32.1,26.687075523556338
9,712,155,3,47.5,71.3711573765142
9,684,155,0,82.25,52.214008001483165
9,684,155,1,24.05,21.152267515626583
9,684,155,2,19.85,17.496691416559752
9,684,155,3,55.3,77.9217556270391
9,684,155,0,61.65,48.357522682618885
9,684,155,1,17.15,19.569780678113734
9,684,155,2,13.75,17.38079702611931
9,684,155,3,52.85,72.37204679912499
9,777,155,0,65.4,36.397512928336475
9,777,155,1,24.0,26.72274804652199
9,777,155,2,14.15,12.864782609082338
9,777,155,3,50.0,65.06919393998974
9,777,155,0,102.25,63.319469858471614
9,777,155,1,15.05,14.70937760320552
9,777,155,2,23.0,24.320231993353318
9,777,155,3,78.95,75.7700642178621
9,751,155,0,95.25,53.26781886200889
9,751,155,1,28.5,26.996101083012164
9,751,155,2,21.95,21.629597168791896
9,751,155,3,34.3,30.585686366768297
9,751,155,0,69.5,51.8829654632728
9,751,155,1,26.1,18.52423732359993
9,751,155,2,21.1,15.740995755301538
9,751,155,3,26.45,32.53415209639831
9,491,155,0,60.15,56.0697638754849
9,491,155,1,20.45,26.069694040560222
9,491,155,2,12.15,15.180579699076054
9,491,155,3,36.5,48.38061812881597
9,491,155,0,58.95,60.87560655701272
9,491,155,1,21.8,21.397491244978866
9,491,155,2,17.1,18.643186987546727
9,491,155,3,48.0,64.2290309832916
9,261,155,0,90.65,60.61724177162798
9,261,155,1,20.05,13.38685529677684
9,261,155,2,16.45,12.947159818601955
9,261,155,3,49.1,56.43524468012222
9,261,155,0,67.05,46.87662979622822
9,261,155,1,22.9,24.778810982050988
9,261,155,2,20.3,14.85402656733715
9,261,155,3,84.05,79.49940416857157
9,567,155,0,71.5,43.78476062693383
9,567,155,1,18.7,9.25145792209047
9,567,155,2,18.8,38.444217962352184
9,567,155,3,50.15,68.90517893606058
9,567,155,0,76.65,60.78371925372607
9,567,155,1,24.8,25.18061075301266
9,567,155,2,19.45,32.961660343975076
9,567,155,3,40.75,44.77531627323721
9,196,155,0,100.5,64.2302601255006
9,196,155,1,33.3,41.90729116313268
9,196,155,2,17.15,16.115618445928067
9,196,155,3,23.5,28.702649795152325
9,196,155,0,81.65,48.19398848731852
9,196,155,1,22.75,23.080807702732727
9,196,155,2,20.3,20.61450690016237
9,196,155,3,26.9,27.52396085327531
9,569,155,0,77.9,52.965629371667454
9,569,155,1,27.4,34.95621321174911
9,569,155,2,14.35,13.989751888247943
9,569,155,3,54.1,55.75878500526314
9,569,155,0,66.45,43.51463758565072
9,569,155,1,27.3,27.64835580911401
9,569,155,2,19.45,17.886999101081916
9,569,155,3,27.8,44.773817537061824
9,466,155,0,67.05,40.72045263940339
9,466,155,1,25.45,24.377459390096202
9,466,155,2,13.9,16.805074421608182
9,466,155,3,32.55,39.30243731560892
9,466,155,0,77.95,77.15430540226038
9,466,155,1,32.1,36.76797805871728
9,466,155,2,12.9,10.774726764150694
9,466,155,3,46.0,77.13768354197721
9,284,155,0,97.0,54.10126956385638
9,284,155,1,35.05,37.835481815493324
9,284,155,2,18.1,22.641136292853744
9,284,155,3,66.25,67.17210809006338
9,284,155,0,72.9,45.99530868526302
9,284,155,1,35.25,40.22944064658172
9,284,155,2,13.65,10.796076285294335
9,284,155,3,34.65,54.04703117607264
9,509,155,0,90.45,47.86876247671995
9,509,155,1,16.8,12.292916231459653
9,509,155,2,16.4,20.0981800694805
9,509,155,3,27.15,30.8105843057732
9,509,155,0,78.9,44.839949293365386
9,509,155,1,15.65,12.520614580510184
9,509,155,2,11.25,10.40685502824688
9,509,155,3,32.2,46.00297473219016
9,775,155,0,71.45,44.85118668851941
9,775,155,1,35.8,28.433856764890614
9,775,155,2,22.85,31.96754110360267
9,775,155,3,67.55,79.39141873288985
9,775,155,0,71.5,46.88676168229825
9,775,155,1,22.7,15.280190133840476
9,775,155,2,19.85,19.118123118626144
9,775,155,3,41.75,55.432153883919455
9,725,155,0,87.75,58.419422689448254
9,725,155,1,24.85,20.6990337938755
9,725,155,2,18.6,17.676627446850173
9,725,155,3,48.2,49.55549786270997
9,725,155,0,94.55,63.13600607543919
9,725,155,1,35.95,24.654400696107185
9,725,155,2,15.45,12.725750934310527
9,725,155,3,92.9,99.42249030751226
9,233,155,0,74.0,66.27851918429648
9,233,155,1,18.9,16.707703864416935
9,233,155,2,18.75,25.287556748641997
9,233,155,3,27.5,52.07737158861752
9,233,155,0,63.25,39.82180703822309
9,233,155,1,15.95,18.488901364986795
9,233,155,2,16.7,21.153822598441064
9,233,155,3,46.05,50.37801838939385
9,188,155,0,54.3,39.253695769684505
9,188,155,1,22.6,20.61016611695357
9,188,155,2,14.7,11.392980294900891
9,188,155,3,56.9,87.67457772323382
9,188,155,0,76.3,43.91151389592004
9,188,155,1,20.65,24.116548151359513
9,188,155,2,11.1,8.967191662710766
9,188,155,3,64.35,69.02194540411348
9,375,155,0,84.05,53.253588957384885
9,375,155,1,24.85,25.089891023656268
9,375,155,2,19.15,21.827734651126757
9,375,155,3,52.85,59.0622107344629
9,375,155,0,81.0,49.6577761971084
9,375,155,1,17.6,11.504690119114121
9,375,155,2,14.4,8.400501238178087
9,375,155,3,56.45,55.06309777738722
9,801,155,0,51.1,33.15815371661602
9,801,155,1,12.65,9.831608531455545
9,801,155,2,10.1,13.162546546126528
9,801,155,3,60.25,69.29864812230429
9,801,155,0,74.6,62.39804315420223
9,801,155,1,22.85,26.97615906489908
9,801,155,2,13.45,18.91942749773643
9,801,155,3,46.35,51.05752689497974
9,627,155,0,109.05,74.82222791038559
9,627,155,1,33.45,34.299723798182086
9,627,155,2,26.85,24.577000373691277
9,627,155,3,61.55,72.04492385055022
9,627,155,0,77.6,45.568225309910154
9,627,155,1,25.45,33.49387218110516
9,627,155,2,13.8,12.874290987120519
9,627,155,3,36.15,62.48222905249476
9,683,155,0,84.8,53.53169253127681
9,683,155,1,23.0,17.284005383743178
9,683,155,2,12.25,9.44164905311065
9,683,155,3,47.75,52.200902391877435
9,683,155,0,67.35,49.993973321001924
9,683,155,1,41.0,52.78755834275226
9,683,155,2,12.5,17.58737585524584
9,683,155,3,49.85,61.66571597180876
10,296,155,0,83.3,68.18944199801022
10,296,155,1,20.25,15.344723077194633
10,296,155,2,13.8,15.972344520253882
10,296,155,3,8.4,6.277780365367164
10,296,155,4,6.5,4.968320694793744
10,296,155,5,8.4,7.963072667996284
10,296,155,0,73.25,78.52044654939112
10,296,155,1,20.6,18.117743556495864
10,296,155,2,16.5,25.734474113428796
10,296,155,3,15.1,16.363952681684857
10,296,155,4,12.05,12.713337381208014
10,296,155,5,9.65,12.558389940383952
10,367,155,0,58.9,40.097118940996516
10,367,155,1,20.4,18.271058506484195
10,367,155,2,14.45,12.466692466433571
10,367,155,3,9.65,9.314815589891419
10,367,155,4,9.05,9.616187011054794
10,367,155,5,8.8,10.665241132813296
10,367,155,0,71.3,37.308246583803616
10,367,155,1,20.6,12.076074649792808
10,367,155,2,18.1,14.728775988019615
10,367,155,3,11.6,11.807223480386465
10,367,155,4,10.85,9.201115493014392
10,367,155,5,15.4,16.220195339209244
10,15,155,0,80.55,35.242729746715135
10,15,155,1,21.55,19.980187555096727
10,15,155,2,23.6,24.31027506393563
10,15,155,3,11.7,6.966838745461471
10,15,155,4,11.15,11.721662357407016
10,15,155,5,11.4,10.806430833925745
10,15,155,0,69.3,55.11910548506465
10,15,155,1,16.65,19.540174539973577
10,15,155,2,16.3,32.272034496237076
10,15,155,3,8.3,6.73638978744706
10,15,155,4,7.1,6.025384897074606
10,15,155,5,7.4,8.81625293361492
10,169,155,0,77.5,53.32077703070253
10,169,155,1,20.95,17.551353224181888
10,169,155,2,24.8,26.767222689818155
10,169,155,3,12.55,10.364285843830803
10,169,155,4,13.7,11.801427210745587
10,169,155,5,14.1,12.45581665010579
10,169,155,0,68.85,31.246515595216458
10,169,155,1,24.45,22.481512872861373
10,169,155,2,13.6,8.911258402481069
10,169,155,3,15.3,13.397171736091009
10,169,155,4,12.45,10.419995959187013
10,169,155,5,11.35,9.604138362404539
10,16,155,0,60.2,42.49160907879653
10,16,155,1,27.5,34.38864561695359
10,16,155,2,14.7,17.308653144719568
10,16,155,3,10.75,13.025784146514134
10,16,155,4,8.4,10.231015795634681
10,16,155,5,9.8,12.163794421842312
10,16,155,0,74.2,48.78481213181867
10,16,155,1,31.05,30.334061105593737
10,16,155,2,12.45,10.10718868716196
10,16,155,3,9.15,9.337389469507158
10,16,155,4,9.2,9.395407612792875
10,16,155,5,8.4,8.350228487261512
10,360,155,0,64.6,56.169292978318765
10,360,155,1,26.4,32.33931939524035
10,360,155,2,14.05,10.590338198466315
10,360,155,3,10.7,7.8947017543079925
10,360,155,4,14.0,13.64204028574519
10,360,155,5,10.35,12.633601811709998
10,360,155,0,48.75,34.01683019980117
10,360,155,1,18.05,25.541452375964923
10,360,155,2,9.95,11.650502586855032
10,360,155,3,9.7,15.87483941070868
10,360,155,4,8.1,10.876822291363169
10,360,155,5,8.2,10.149410146200097
10,241,155,0,78.75,54.655740778073806
10,241,155,1,27.05,32.24980620096809
10,241,155,2,25.8,19.324377841145843
10,241,155,3,17.7,17.204956446204374
10,241,155,4,19.3,20.460745471833565
10,241,155,5,13.4,10.60486482208693
10,241,155,0,83.0,39.01281840626232
10,241,155,1,17.2,15.143523889421303
10,241,155,2,20.05,24.295277860435952
10,241,155,3,22.6,30.063791825838738
10,241,155,4,13.0,12.435094649714912
10,241,155,5,11.4,9.309870257448615
10,140,155,0,81.0,47.2640956418517
10,140,155,1,25.9,22.83556782509988
10,140,155,2,20.15,19.602027285059332
10,140,155,3,12.95,15.174337755427402
10,140,155,4,12.1,12.681939084673466
10,140,155,5,10.25,10.294991117298895
10,140,155,0,85.35,59.46717360731134
10,140,155,1,33.7,32.06096166926211
10,140,155,2,25.0,20.248456731316587
10,140,155,3,17.25,17.456336505994784
10,140,155,4,14.95,13.200777489064402
10,140,155,5,10.55,10.708948545369356
10,150,155,0,84.25,59.03333135209563
10,150,155,1,39.8,57.56150029133599
10,150,155,2,18.15,20.40194779142939
10,150,155,3,10.0,8.435513898799652
10,150,155,4,10.05,9.213691185575838
10,150,155,5,7.45,7.38757847941216
10,150,155,0,49.2,32.451745553570525
10,150,155,1,12.25,11.955509630555937
10,150,155,2,13.4,22.481337289311536
10,150,155,3,5.2,4.443801123031119
10,150,155,4,6.2,7.156888474161026
10,150,155,5,5.9,7.137005121566268
10,127,155,0,61.65,38.59680243096229
10,127,155,1,17.5,20.836455906339783
10,127,155,2,9.15,5.769931131578427
10,127,155,3,7.25,4.655217785622811
10,127,155,4,7.25,5.369259480451755
10,127,155,5,8.35,6.643358377079757
10,127,155,0,58.4,44.96478154008278
10,127,155,1,22.05,20.327515704995584
10,127,155,2,15.6,18.757174066137157
10,127,155,3,8.9,10.078115947568353
10,127,155,4,8.25,11.773632449360376
10,127,155,5,7.65,8.132294296587881
10,241,155,0,60.3,37.883616789486084
10,241,155,1,22.35,30.91631318661123
10,241,155,2,28.05,48.612836727934756
10,241,155,3,12.85,13.608337227790292
10,241,155,4,8.75,10.562470803447658
10,241,155,5,11.5,12.454126350647591
10,241,155,0,70.35,54.439995939518
10,241,155,1,19.9,17.867642026270488
10,241,155,2,28.75,38.71879048785105
10,241,155,3,13.05,13.260447718090461
10,241,155,4,8.1,6.608606828260122
10,241,155,5,12.15,13.487908815325165
10,166,155,0,64.3,63.919439428409454
10,166,155,1,29.55,32.90412708076858
10,166,155,2,11.65,16.187308218737947
10,166,155,3,9.05,8.994003850519405
10,166,155,4,9.2,7.200877139553721
10,166,155,5,7.6,6.6917073582472995
10,166,155,0,76.8,73.13405139662515
10,166,155,1,25.1,26.042273326267043
10,166,155,2,30.1,33.04526401292945
10,166,155,3,15.3,13.63084736911099
10,166,155,4,11.55,11.080922439276577
10,166,155,5,9.6,8.683923440230773
10,175,155,0,71.6,54.23865391902133
10,175,155,1,27.15,32.868598035847306
10,175,155,2,15.65,16.128676651427913
10,175,155,3,13.1,8.441127387911367
10,175,155,4,8.6,10.148372957484886
10,175,155,5,12.0,17.075682925388985
10,175,155,0,68.45,47.759788194893126
10,175,155,1,36.55,37.28055087688767
10,175,155,2,15.0,16.45088383483904
10,175,155,3,11.1,9.574637549825388
10,175,155,4,7.35,7.801990299377393
10,175,155,5,8.8,7.984194913768866
10,57,155,0,56.45,28.71360396452488
10,57,155,1,16.7,13.286716754159515
10,57,155,2,17.15,22.19358608152127
10,57,155,3,11.65,9.953973023238932
10,57,155,4,11.95,14.140181641057701
10,57,155,5,13.55,25.923927171630464
10,57,155,0,65.4,43.64256734210909
10,57,155,1,24.95,22.134695318483725
10,57,155,2,15.3,16.07580725647606
10,57,155,3,14.0,23.17666703253171
10,57,155,4,8.2,6.4367366691024746
10,57,155,5,10.35,9.30916356692638
10,197,155,0,67.0,49.35265150451712
10,197,155,1,28.55,26.68031996967447
10,197,155,2,13.05,14.25879230140957
10,197,155,3,12.75,10.837920756113208
10,197,155,4,8.4,7.796085387450617
10,197,155,5,13.95,19.162669300930965
10,197,155,0,80.6,47.32685895923549
10,197,155,1,45.8,42.029563530047696
10,197,155,2,14.8,12.224220995522307
10,197,155,3,15.0,17.256577693280047
10,197,155,4,13.8,11.8125713587374
10,197,155,5,10.15,6.876925567661606
10,186,155,0,58.85,42.229043385603205
10,186,155,1,29.05,31.92338690645069
10,186,155,2,17.4,14.500090743817688
10,186,155,3,11.3,10.39787427668195
10,186,155,4,9.2,6.509911471627018
10,186,155,5,10.65,9.799436074000436
10,186,155,0,83.0,43.03364656686795
10,186,155,1,26.1,22.575953672226703
10,186,155,2,15.65,15.03075793865786
10,186,155,3,15.55,14.926045762534134
10,186,155,4,11.95,10.470384298984495
10,186,155,5,11.0,9.375219295680782
10,95,155,0,64.05,49.39579675278156
10,95,155,1,20.1,23.975645537656924
10,95,155,2,12.8,13.185318789431957
10,95,155,3,11.75,13.927915928280985
10,95,155,4,15.6,17.242542247531098
10,95,155,5,10.5,9.7143409994004
10,95,155,0,77.25,41.6399036856159
10,95,155,1,14.25,15.11665167604046
10,95,155,2,11.05,10.708948545369354
10,95,155,3,12.9,13.610754261941084
10,95,155,4,6.5,5.6893251842930885
10,95,155,5,9.95,10.894107533312145
10,360,155,0,81.75,41.400324178746025
10,360,155,1,31.25,33.28011101955167
10,360,155,2,13.25,12.539936203984453
10,360,155,3,12.05,11.066664024518813
10,360,155,4,9.4,7.6804605125090335
10,360,155,5,12.2,10.768374749090139
10,360,155,0,66.05,28.025317501370644
10,360,155,1,21.45,19.906293635827577
10,360,155,2,11.15,7.679603882328417
10,360,155,3,8.45,5.753488644200784
10,360,155,4,10.55,8.425993616248034
10,360,155,5,8.5,6.32039305906307
10,152,155,0,86.7,48.680591615139605
10,152,155,1,36.6,56.996214094031124
10,152,155,2,23.5,19.848107426680578
10,152,155,3,21.35,18.63295044015475
10,152,155,4,11.75,9.563499689746921
10,152,155,5,12.947368421052632,9.918969952181563
10,152,155,0,64.0,34.79261869692297
10,152,155,1,20.45,19.244889957432445
10,152,155,2,8.65,7.9357618279200945
10,152,155,3,11.4,11.278297743897348
10,152,155,4,10.25,13.722340601331368
10,152,155,5,11.3,11.810343370381565
10,53,155,0,81.4,57.69648351958996
10,53,155,1,21.05,17.58131484215408
10,53,155,2,23.8,20.49801017300537
10,53,155,3,19.2,26.708169457854535
10,53,155,4,14.3,10.868108826915757
10,53,155,5,8.1,5.495452665613635
10,53,155,0,75.0,38.732551249766516
10,53,155,1,29.75,30.436949497885657
10,53,155,2,14.35,12.02749044130942
10,53,155,3,13.3,8.676040814249683
10,53,155,4,15.85,15.322068707380351
10,53,155,5,10.95,10.241684688719815
11,318,155,0,90.3,69.21142284790552
11,318,155,1,15.7,17.223301230111428
11,318,155,2,18.5,37.80629298772473
11,318,155,3,12.0,11.697953037312036
11,318,155,4,8.05,7.6603902607744745
11,318,155,5,46.95,54.31823867387066
11,318,155,0,59.65,34.98762939277704
11,318,155,1,31.25,31.082022219655492
11,318,155,2,23.85,25.085695231808064
11,318,155,3,16.5,21.085040843413633
11,318,155,4,12.2,15.250884357446637
11,318,155,5,51.15,63.64893433597505
11,498,155,0,87.7,64.19058793115519
11,498,155,1,22.9,22.7917344205029
11,498,155,2,24.05,27.546085785556954
11,498,155,3,17.9,14.938117967838274
11,498,155,4,11.45,13.6052427975008
11,498,155,5,35.7,46.12123611800351
11,498,155,0,69.55,44.65478697743389
11,498,155,1,21.4,17.2699922286881
11,498,155,2,17.9,27.632741830166466
11,498,155,3,17.25,18.350032267288423
11,498,155,4,12.2,11.39528988569169
11,498,155,5,76.55,90.77356153464625
11,168,155,0,65.65,59.74795746343662
11,168,155,1,30.25,38.977557645393844
11,168,155,2,12.45,13.998026176647379
11,168,155,3,16.0,19.907681669990712
11,168,155,4,9.75,13.396287781164956
11,168,155,5,54.55,74.79901139228484
11,168,155,0,72.7,42.043961954626795
11,168,155,1,18.5,24.30183012384913
11,168,155,2,14.65,13.136029200557324
11,168,155,3,11.65,10.158092444217228
11,168,155,4,11.1,11.670475568716128
11,168,155,5,37.15,56.74900880191653
11,185,155,0,87.85,55.233737782931954
11,185,155,1,29.4,37.09220374886572
11,185,155,2,17.1,12.298480864681922
11,185,155,3,25.95,31.283886890016852
11,185,155,4,13.65,17.030236268719854
11,185,155,5,41.5,70.59036761485238
11,185,155,0,94.25,46.12554378512717
11,185,155,1,15.85,15.229040817153466
11,185,155,2,16.35,14.430504969827304
11,185,155,3,11.85,12.770339813308352
11,185,155,4,10.05,7.5705454159351575
11,185,155,5,36.2,44.90762448451382
11,593,155,0,83.8,63.03349151547596
11,593,155,1,24.0,24.986312042269947
11,593,155,2,18.75,15.081794532342279
11,593,155,3,11.65,12.5918729011174
11,593,155,4,10.65,8.664962720483476
11,593,155,5,35.6,51.008152083244184
11,593,155,0,62.4,34.524438331495894
11,593,155,1,18.75,19.574083295064046
11,593,155,2,14.15,14.636921591790076
11,593,155,3,10.2,11.381425310797553
11,593,155,4,13.45,16.78493999174009
11,593,155,5,29.3,43.541994248746754
11,329,155,0,81.5,60.51576567091291
11,329,155,1,22.35,24.594126384801285
11,329,155,2,22.45,53.79050493398098
11,329,155,3,13.65,17.508719632168848
11,329,155,4,13.25,14.03332499895573
11,329,155,5,43.75,55.854015546168014
11,329,155,0,92.15,63.18333807679297
11,329,155,1,24.4,17.676627446850173
11,329,155,2,13.45,11.722560345446364
11,329,155,3,12.5,14.46411166701189
11,329,155,4,11.85,12.807378629853226
11,329,155,5,56.2,69.73453422199
11,458,155,0,58.25,52.89699523851196
11,458,155,1,25.65,21.793951357876196
11,458,155,2,17.75,20.503850729481087
11,458,155,3,10.15,14.665659853800252
11,458,155,4,11.75,11.001794112062383
11,458,155,5,34.65,48.708882795214
11,458,155,0,62.25,32.56713713319965
11,458,155,1,17.35,26.11971427263726
11,458,155,2,14.85,17.38503591265231
11,458,155,3,10.35,11.851160280748884
11,458,155,4,6.6,4.4414317274358375
11,458,155,5,15.05,19.351254549294186
11,422,155,0,63.6,52.71711995966875
11,422,155,1,25.2,25.5087188396851
11,422,155,2,15.5,20.60531357122286
11,422,155,3,8.0,9.124864815148596
11,422,155,4,8.2,8.847241615923368
11,422,155,5,40.8,50.52419951708394
11,422,155,0,82.35,54.53465822179893
11,422,155,1,22.25,25.339536405845273
11,422,155,2,15.9,20.50134783759094
11,422,155,3,14.4,15.349952854376424
11,422,155,4,9.15,8.00838376492509
11,422,155,5,39.8,56.02687325128709
11,818,155,0,77.35,47.9201913272694
11,818,155,1,34.05,42.32266407891689
11,818,155,2,18.5,24.171536109538774
11,818,155,3,18.0,17.280960012319003
11,818,155,4,14.75,10.691240881158153
11,818,155,5,33.85,40.798961545091984
11,818,155,0,84.2,54.70552747979043
11,818,155,1,26.2,27.655017627909768
11,818,155,2,17.5,12.959450930539171
11,818,155,3,18.65,17.442461801139498
11,818,155,4,11.95,8.899881726002999
11,818,155,5,50.65,65.65081071371793
11,515,155,0,83.05,54.471117407108025
11,515,155,1,30.5,20.90454496036687
11,515,155,2,25.65,20.650665848829185
11,515,155,3,25.35,19.94274699971739
11,515,155,4,16.2,13.945759589434912
11,515,155,5,53.95,58.99194860317805
11,515,155,0,88.25,77.73969723581247
11,515,155,1,25.4,25.57013060090559
11,515,155,2,13.45,8.840546541809207
11,515,155,3,17.55,17.94575158637832
11,515,155,4,19.25,24.43008283588947
11,515,155,5,43.75,34.642345550830676
11,470,155,0,83.2,48.82579128633597
11,470,155,1,17.2,14.200074128790943
11,470,155,2,16.25,16.325230714900687
11,470,155,3,8.9,9.845650923390648
11,470,155,4,7.3,6.308724118235001
11,470,155,5,53.1,78.89760185802461
11,470,155,0,74.45,44.41725008668545
11,470,155,1,27.65,26.420237458592627
11,470,155,2,19.1,21.302087864066777
11,470,155,3,11.6,14.276959723532473
11,470,155,4,10.2,8.457945501436098
11,470,155,5,40.4,47.969727295890536
11,823,155,0,60.0,45.48568311481156
11,823,155,1,19.6,24.78624406272241
11,823,155,2,12.55,15.219360938239852
11,823,155,3,9.8,12.559751925139787
11,823,155,4,11.75,17.808557966385298
11,823,155,5,30.25,44.29194414100011
11,823,155,0,72.35,51.73340059228762
11,823,155,1,22.0,29.586625712518007
11,823,155,2,13.3,12.904915424180942
11,823,155,3,14.1,23.307780494481822
11,823,155,4,5.95,5.462551938811249
11,823,155,5,44.7,77.52493656542832
11,618,155,0,99.05,81.41348330072788
11,618,155,1,25.15,22.5114590702976
11,618,155,2,15.85,13.811798922431654
11,618,155,3,15.75,12.400657877285129
11,618,155,4,10.95,9.02321567140183
11,618,155,5,51.05,83.71409678184433
11,618,155,0,68.25,66.42912725129257
11,618,155,1,24.75,25.70045053875003
11,618,155,2,17.6,14.816065249373201
11,618,155,3,12.75,13.356941818277196
11,618,155,4,9.2,7.12002365460293
11,618,155,5,67.85,86.23668470827067
11,526,155,0,61.05,42.787694984718016
11,526,155,1,18.55,20.94221372705077
11,526,155,2,13.45,16.014713629396528
11,526,155,3,10.55,13.32380141740811
11,526,155,4,7.75,11.683884537889648
11,526,155,5,38.0,46.80755674483611
11,526,155,0,67.4,47.45346751236803
11,526,155,1,21.4,21.592883818030128
11,526,155,2,13.3,12.217761014626467
11,526,155,3,18.5,25.232602135457924
11,526,155,4,14.4,17.370271033851882
11,526,155,5,72.95,75.32629023123334
11,822,155,0,71.4,53.17636990044989
11,822,155,1,25.1,34.33411683657188
11,822,155,2,11.95,14.862439411589133
11,822,155,3,12.95,11.931713601728974
11,822,155,4,9.15,8.151686941977102
11,822,155,5,31.2,39.48697320169753
11,822,155,0,80.45,38.32200824316849
11,822,155,1,38.7,27.465001652821243
11,822,155,2,22.6,26.386599469786695
11,822,155,3,12.25,10.161200716450788
11,822,155,4,16.25,16.820648338465308
11,822,155,5,36.15,44.19725521365612
11,270,155,0,75.75,45.718676363397186
11,270,155,1,28.7,24.065918246612398
11,270,155,2,23.35,20.630266472754105
11,270,155,3,12.65,10.07485144202868
11,270,155,4,8.75,7.047769337285305
11,270,155,5,36.05,33.63343417994722
11,270,155,0,76.75,55.19999523264663
11,270,155,1,26.15,28.74438160204896
11,270,155,2,12.1,9.651288433212047
11,270,155,3,9.05,9.03487395420772
11,270,155,4,11.4,9.800107410796981
11,270,155,5,27.4,38.49456557681056
11,591,155,0,83.55,51.29837896279498
11,591,155,1,22.55,15.846218210631434
11,591,155,2,24.85,33.94310254714963
11,591,155,3,15.1,14.849774054634103
11,591,155,4,13.6,20.02472156321307
11,591,155,5,48.2,63.79292156740639
11,591,155,0,79.05,44.99763151661722
11,591,155,1,23.75,19.651904956544357
11,591,155,2,16.55,30.979577313551516
11,591,155,3,19.7,19.090091119409784
11,591,155,4,11.3,12.070407484509595
11,591,155,5,53.15,49.982391636297386
11,414,155,0,70.65,55.64480871421974
11,414,155,1,28.9,28.80040204397739
11,414,155,2,16.2,20.224008660890885
11,414,155,3,15.1,11.520690768763549
11,414,155,4,11.2,9.162854071567555
11,414,155,5,66.95,85.09219458297787
11,414,155,0,72.25,36.57418560448857
11,414,155,1,24.2,23.829658654268368
11,414,155,2,17.3,26.850659111776793
11,414,155,3,10.35,19.73048669605385
11,414,155,4,10.85,14.466931439084028
11,414,155,5,67.05,85.50560154011457
11,386,155,0,90.75,42.44857569986734
11,386,155,1,25.55,26.676374329515266
11,386,155,2,19.6,17.475998578501585
11,386,155,3,15.7,17.654878556424716
11,386,155,4,14.65,19.227926510540257
11,386,155,5,51.85,80.71801142509058
11,386,155,0,62.05,43.280571793090274
11,386,155,1,22.15,27.348193435957086
11,386,155,2,17.75,27.167850582318025
11,386,155,3,12.75,16.742240936593504
11,386,155,4,9.15,9.320464185413671
11,386,155,5,28.05,41.80213416863584
11,829,155,0,98.1,65.13298137777737
11,829,155,1,22.05,28.575799477695696
11,829,155,2,16.45,16.239895643947833
11,829,155,3,14.65,12.516410280739022
11,829,155,4,10.9,11.294619119413968
11,829,155,5,68.85,77.79817005018752
11,829,155,0,85.9,58.060676066190936
11,829,155,1,19.7,16.802568725926218
11,829,155,2,11.5,10.028905591759303
11,829,155,3,12.15,14.291237654038593
11,829,155,4,11.05,12.795866931408586
11,829,155,5,45.15,62.85009316243148
12,38,155,0,99.8,58.81961720736588
12,38,155,1,27.4,24.48286188981569
12,38,155,2,20.15,20.199726418157773
12,38,155,3,19.45,17.64705134158768
12,38,155,4,9.4,7.3870441350131095
12,38,155,5,32.6,36.70995849400512
12,38,155,0,80.65,53.980771430302156
12,38,155,1,24.2,22.693843357082326
12,38,155,2,8.5,6.004384363025686
12,38,155,3,11.35,17.94516501368603
12,38,155,4,12.05,11.273980289983983
12,38,155,5,36.75,43.79963350002877
12,328,155,0,74.4,40.17252268587782
12,328,155,1,16.2,16.668912129438663
12,328,155,2,17.7,16.329179564912558
12,328,155,3,11.0,9.727876384256145
12,328,155,4,13.3,14.000375934802234
12,328,155,5,20.55,14.77007999835799
12,328,155,0,62.05,29.142977848784376
12,328,155,1,27.4,24.807469163858478
12,328,155,2,16.0,14.33802452810083
12,328,155,3,15.05,12.525657877459286
12,328,155,4,13.45,11.109384368750213
12,328,155,5,17.2,22.533250285323966
12,525,155,0,75.1,42.21361715944525
12,525,155,1,26.1,29.12206614995071
12,525,155,2,30.15,31.30541402646547
12,525,155,3,23.05,21.201973592345745
12,525,155,4,14.35,15.023753122796474
12,525,155,5,41.85,50.395566847637866
12,525,155,0,92.45,52.78902896386112
12,525,155,1,37.5,35.130583467071006
12,525,155,2,13.95,9.886061426387952
12,525,155,3,16.4,16.30111394320872
12,525,155,4,16.35,18.916088947048003
12,525,155,5,37.6,33.820579222529126
12,452,155,0,58.15,29.24177797171999
12,452,155,1,29.0,29.338316961019817
12,452,155,2,14.75,16.146940397813026
12,452,155,3,13.35,11.877776683679837
12,452,155,4,13.45,14.01305782025052
12,452,155,5,37.05,51.3762949638306
12,452,155,0,91.55,48.86229307155494
12,452,155,1,37.5,28.372521918222215
12,452,155,2,15.1,12.285635600377505
12,452,155,3,13.1,10.467493542039161
12,452,155,4,9.4,8.120150374547453
12,452,155,5,36.55,59.40093477910578
12,223,155,0,67.35,41.64293710254256
12,223,155,1,18.95,14.940143732134642
12,223,155,2,10.95,7.735597823323711
12,223,155,3,8.75,6.086006382202579
12,223,155,4,11.25,10.171554763937982
12,223,155,5,24.3,39.82739073340833
12,223,155,0,64.2,49.61175582248096
12,223,155,1,15.75,14.742973348612374
12,223,155,2,16.5,17.804493814764857
12,223,155,3,18.65,18.502560278029236
12,223,155,4,14.05,14.203316884668729
12,223,155,5,24.1,31.86633267093559
12,222,155,0,67.65,37.631558704448
12,222,155,1,22.8,24.230472332863926
12,222,155,2,12.75,12.186597469955952
12,222,155,3,10.4,10.762508023103557
12,222,155,4,13.05,16.703214314049035
12,222,155,5,53.15,74.56560163619964
12,222,155,0,67.8,45.75748428859538
12,222,155,1,31.05,36.43519842419589
12,222,155,2,18.5,21.88366369788444
12,222,155,3,14.8,17.39207320954911
12,222,155,4,12.2,14.362231171044641
12,222,155,5,30.6,43.239114845606856
12,328,155,0,86.75,54.87198019505325
12,328,155,1,26.75,29.832647252720687
12,328,155,2,16.9,15.754364474646383
12,328,155,3,13.25,14.241802813142058
12,328,155,4,11.75,14.111865108556886
12,328,155,5,24.7,24.806832675059933
12,328,155,0,83.45,57.641793134751396
12,328,155,1,24.65,23.193181847485402
12,328,155,2,26.3,29.487017660765826
12,328,155,3,12.65,10.815558967962483
12,328,155,4,16.85,21.895144859558535
12,328,155,5,33.1,33.971969869910474
12,43,155,0,58.5,26.13829616321212
12,43,155,1,19.85,23.152298965079492
12,43,155,2,22.6,21.209233341810553
12,43,155,3,9.15,8.273451516749223
12,43,155,4,9.2,13.016588606365664
12,43,155,5,24.25,28.484298537227396
12,43,155,0,65.15,46.71557274445113
12,43,155,1,13.8,12.980146783696854
12,43,155,2,15.6,13.00769003320728
12,43,155,3,11.5,11.440923775731804
12,43,155,4,18.25,25.004999500099974
12,43,155,5,30.8,48.12986817482794
12,443,155,0,70.35,35.23645689817355
12,443,155,1,19.75,21.020979495431902
12,443,155,2,12.3,9.392606274702404
12,443,155,3,7.95,7.535704486327948
12,443,155,4,9.8,18.687457093772256
12,443,155,5,42.95,81.46389255046486
12,443,155,0,68.65,40.220805037874825
12,443,155,1,28.95,28.264679465070145
12,443,155,2,16.55,17.969198793022404
12,443,155,3,14.0,9.963089776506926
12,443,155,4,14.1,11.247923785022914
12,443,155,5,30.8,29.97999332888518
12,268,155,0,77.05,51.22959157197702
12,268,155,1,26.15,56.22256055881369
12,268,155,2,19.7,23.296939035440953
12,268,155,3,11.85,11.30102463915272
12,268,155,4,7.5,7.111887749987415
12,268,155,5,27.65,40.89173768044488
12,268,155,0,78.25,50.704380585175436
12,268,155,1,29.15,29.912635949940693
12,268,155,2,10.05,10.634972100525106
12,268,155,3,9.25,9.233092656309696
12,268,155,4,16.95,24.35369851950515
12,268,155,5,44.3,38.56109301792212
12,423,155,0,79.15,45.22141434972455
12,423,155,1,22.9,26.447365802565983
12,423,155,2,15.45,12.999898785031084
12,423,155,3,8.3,7.8679897787106166
12,423,155,4,16.8,25.094767749892657
12,423,155,5,50.3,58.09348183384215
12,423,155,0,77.05,53.90779164462222
12,423,155,1,21.45,22.06563176668998
12,423,155,2,17.0,21.349226535971052
12,423,155,3,24.95,46.61993587568125
12,423,155,4,12.15,12.507997441637091
12,423,155,5,49.6,78.7924655762145
12,719,155,0,67.35,65.55614307398538
12,719,155,1,16.15,21.3128945402592
12,719,155,2,15.2,26.398963297029198
12,719,155,3,11.05,16.077034945274544
12,719,155,4,10.35,14.386671463179859
12,719,155,5,43.15,60.060736802533135
12,719,155,0,63.75,43.88726586679965
12,719,155,1,17.1,16.565341116795317
12,719,155,2,11.25,11.751259730903657
12,719,155,3,12.0,19.059463735759643
12,719,155,4,6.35,6.384809274652158
12,719,155,5,26.8,30.571056142766974
12,423,155,0,85.95,66.06892334205959
12,423,155,1,25.65,25.676684078423328
12,423,155,2,15.5,16.2982078446487
12,423,155,3,18.7,20.46331762987255
12,423,155,4,15.0,15.399931647148376
12,423,155,5,26.0,31.81194744117373
12,423,155,0,84.4,65.90136169825483
12,423,155,1,17.35,19.59397060859606
12,423,155,2,13.35,12.558389940383952
12,423,155,3,10.7,11.00765284030304
12,423,155,4,9.4,10.6691882984306
12,423,155,5,32.3,41.546549669902596
12,719,155,0,63.3,36.71526285233144
12,719,155,1,20.05,23.245769281176397
12,719,155,2,12.75,13.210342837895496
12,719,155,3,5.15,4.30758205469086
12,719,155,4,5.85,6.011173806031214
12,719,155,5,26.95,36.23385302811664
12,719,155,0,69.8,43.874941895298164
12,719,155,1,21.65,24.514818289954214
12,719,155,2,12.15,11.10369781933739
12,719,155,3,8.8,9.412198132434874
12,719,155,4,6.3,5.089721324188068
12,719,155,5,45.8,59.48515958225476
12,370,155,0,97.4,65.17216066938236
12,370,155,1,31.5,41.87889809036477
12,370,155,2,13.95,18.540070402409906
12,370,155,3,10.45,6.886103473854541
12,370,155,4,9.15,8.171033562144034
12,370,155,5,37.6,64.87104617299576
12,370,155,0,66.8,39.57484581211443
12,370,155,1,30.55,29.662088154481143
12,370,155,2,19.2,21.06281332735867
12,370,155,3,16.55,20.466853819362612
12,370,155,4,10.65,11.563440573407934
12,370,155,5,37.0,53.10367218940701
12,452,155,0,87.25,56.512574287777575
12,452,155,1,18.2,18.2312629120536
12,452,155,2,21.4,25.962320875899323
12,452,155,3,11.45,8.223682105262888
12,452,155,4,11.2,10.792785114432505
12,452,155,5,23.45,27.515498025275633
12,452,155,0,62.75,36.33307178402561
12,452,155,1,20.1,20.193537267364057
12,452,155,2,16.85,13.577361188467561
12,452,155,3,11.75,9.882866620145137
12,452,155,4,14.85,17.02096230812867
12,452,155,5,18.15,29.958348278550794
12,223,155,0,93.45,52.50912201453041
12,223,155,1,29.05,32.95686974149539
12,223,155,2,19.75,13.591309142629576
12,223,155,3,18.25,20.98589752040265
12,223,155,4,13.6,10.246437121468638
12,223,155,5,26.5,30.701448620031286
12,223,155,0,74.35,41.28116047940411
12,223,155,1,24.45,35.58455460330773
12,223,155,2,22.95,28.446579666751536
12,223,155,3,11.55,10.610198668708973
12,223,155,4,11.0,12.375697747474367
12,223,155,5,31.95,42.95833354603774
12,246,155,0,88.6,54.87248375720029
12,246,155,1,31.2,28.46900438242117
12,246,155,2,28.1,30.03664428660432
12,246,155,3,18.85,12.385369127363651
12,246,155,4,12.4,12.067354831593333
12,246,155,5,67.4,71.86932586298552
12,246,155,0,84.05,66.67318169920149
12,246,155,1,37.75,48.94989382279759
12,246,155,2,15.65,27.137612275216846
12,246,155,3,7.95,9.561298084079985
12,246,155,4,12.95,14.96478322068533
12,246,155,5,59.3,70.92553545055101
12,663,155,0,78.45,53.034720504094
12,663,155,1,12.95,11.118855488242529
12,663,155,2,13.65,14.946483480105032
12,663,155,3,8.9,8.789347619644325
12,663,155,4,11.0,13.306112564492583
12,663,155,5,22.55,41.27121464040932
12,663,155,0,75.05,53.34049019963016
12,663,155,1,31.35,28.84126247328004
12,663,155,2,14.8,10.595927718256968
12,663,155,3,16.85,20.581736922253235
12,663,155,4,12.55,9.33851673108969
12,663,155,5,35.4,36.600834042840866
12,295,155,0,68.5,38.16515357454259
12,295,155,1,22.9,20.081151151737973
12,295,155,2,14.95,12.824626802818823
12,295,155,3,13.9,10.562595374841905
12,295,155,4,10.95,11.357700842206253
12,295,155,5,21.25,31.512528836705734
12,295,155,0,70.6,46.277651762287796
12,295,155,1,29.65,28.6048854862978
12,295,155,2,24.55,32.415842455584325
12,295,155,3,18.65,25.439867179395083
12,295,155,4,11.95,12.364954721435815
12,295,155,5,54.05,57.84687136151609
13,723,155,0,71.25,40.26997706271483
13,723,155,1,21.6,21.986598789166763
13,723,155,2,11.65,11.342862351090641
13,723,155,3,8.75,9.552486587271401
13,723,155,4,8.95,9.95503046599795
13,723,155,5,14.45,34.46657419648935
13,723,155,0,94.95,54.97030298739781
13,723,155,1,19.1,15.545857461411588
13,723,155,2,14.8,12.902876056380446
13,723,155,3,10.35,7.968853843492637
13,723,155,4,11.0,11.327655956714267
13,723,155,5,12.05,18.34601634659344
13,190,155,0,74.15,32.94377187365099
13,190,155,1,27.55,24.65226582945908
13,190,155,2,18.6,15.146304048043849
13,190,155,3,13.35,11.277714400766811
13,190,155,4,10.7,10.063482707816728
13,190,155,5,13.4,16.9158910028722
13,190,155,0,96.75,55.026189936678044
13,190,155,1,27.95,17.52734705358578
13,190,155,2,18.85,12.666885963013957
13,190,155,3,14.1,11.647904713317597
13,190,155,4,13.05,7.401813433562289
13,190,155,5,26.8,37.91902730264777
13,383,155,0,63.9,58.13405560471961
13,383,155,1,23.4,25.280323115856437
13,383,155,2,16.7,14.66144245075641
13,383,155,3,13.1,15.970037735182654
13,383,155,4,12.15,12.304363795867408
13,383,155,5,25.25,35.436934345248794
13,383,155,0,76.35,72.24466835181097
13,383,155,1,17.75,21.471829770287638
13,383,155,2,14.7,17.823993291126015
13,383,155,3,10.1,11.584472366059664
13,383,155,4,7.65,11.948463895986137
13,383,155,5,19.0,33.709283431625835
13,243,155,0,78.05,48.75338044959712
13,243,155,1,27.35,36.59058694024433
13,243,155,2,15.45,13.216715891149677
13,243,155,3,12.45,12.076401520494857
13,243,155,4,8.6,6.133600299300481
13,243,155,5,42.5,65.66622138953137
13,243,155,0,52.4,41.93905352444563
13,243,155,1,25.9,25.439091344249164
13,243,155,2,14.7,14.995086914684666
13,243,155,3,9.3,8.118205661221864
13,243,155,4,9.45,8.133588578105899
13,243,155,5,23.05,24.36018105541565
13,319,155,0,69.35,36.49697175613918
13,319,155,1,22.4,28.075837148319323
13,319,155,2,16.55,20.869204206450384
13,319,155,3,11.25,12.468381062342836
13,319,155,4,9.65,9.702278625473285
13,319,155,5,16.2,33.79286751278799
13,319,155,0,74.85,39.571753615559246
13,319,155,1,28.55,28.544471305408045
13,319,155,2,13.95,15.59174883003659
13,319,155,3,11.65,12.524817468992469
13,319,155,4,13.7,14.466294764400672
13,319,155,5,20.7,24.640787752274306
13,541,155,0,85.75,63.51947484205554
13,541,155,1,29.7,27.226341733889374
13,541,155,2,13.0,17.402359186706782
13,541,155,3,10.1,10.264399385100042
13,541,155,4,10.3,11.792504309718815
13,541,155,5,59.8,84.03044561034818
13,541,155,0,68.55,36.25127946925314
13,541,155,1,31.1,40.581172715279784
13,541,155,2,23.65,36.58051681600898
13,541,155,3,22.15,20.97937583738648
13,541,155,4,9.45,6.931810730249349
13,541,155,5,26.0,44.19573687466629
13,62,155,0,49.5,37.92305228666124
13,62,155,1,17.9,26.02812244274905
13,62,155,2,9.95,11.896372733338776
13,62,155,3,11.55,10.013017842578204
13,62,155,4,15.2,35.45434425166808
13,62,155,5,28.6,47.83678390879599
13,62,155,0,78.75,47.62117507778944
13,62,155,1,35.0,40.388898943827826
13,62,155,2,19.8,20.387302549949023
13,62,155,3,12.3,12.703501382233995
13,62,155,4,12.3,10.988510746277342
13,62,155,5,17.2,19.033488492930726
13,303,155,0,78.85,49.01371988374383
13,303,155,1,38.8,39.90857973972646
13,303,155,2,25.75,20.960803017964142
13,303,155,3,14.3,16.58502812462906
13,303,155,4,10.6,10.752723033333416
13,303,155,5,14.85,14.854646623726513
13,303,155,0,62.35,52.15086919596582
13,303,155,1,19.3,20.40407596019662
13,303,155,2,10.3,12.035473882608336
13,303,155,3,8.45,10.318481120377115
13,303,155,4,6.85,7.220402379806529
13,303,155,5,6.95,8.198042128267096
13,391,155,0,97.0,55.64644027958548
13,391,155,1,20.7,19.317567679514713
13,391,155,2,19.6,25.38627892966468
13,391,155,3,9.95,8.828631651739995
13,391,155,4,10.8,12.467220177223487
13,391,155,5,15.25,18.372963546300422
13,391,155,0,84.6,29.00344807087599
13,391,155,1,22.75,16.114312043384878
13,391,155,2,17.05,16.18795848771549
13,391,155,3,10.55,14.173641213998536
13,391,155,4,11.35,12.393865205691165
13,391,155,5,13.7,18.232706297951722
13,325,155,0,71.35,42.52216140468774
13,325,155,1,18.05,20.85911387329163
13,325,155,2,14.75,14.33022202053739
13,325,155,3,10.1,9.019861126250344
13,325,155,4,10.6,10.148372957484886
13,325,155,5,38.95,60.57138024895222
13,325,155,0,70.45,52.49308225100262
13,325,155,1,24.5,25.211734945206935
13,325,155,2,12.3,15.424177876240105
13,325,155,3,13.3,14.67579460773491
13,325,155,4,11.35,13.861248519751596
13,325,155,5,33.6,47.564250175282304
13,129,155,0,96.1,45.303537679918435
13,129,155,1,27.7,23.88370948884131
13,129,155,2,25.05,21.10493830961445
13,129,155,3,15.7,14.725917002989911
13,129,155,4,12.0,12.789798566373946
13,129,155,5,48.45,59.36991529474557
13,129,155,0,73.1,46.03762763104477
13,129,155,1,17.6,26.182356453796977
13,129,155,2,14.2,14.192659333168272
13,129,155,3,6.9,4.44735284955231
13,129,155,4,9.2,9.473508770305363
13,129,155,5,20.55,45.72282051437197
13,242,155,0,52.3,22.081428252814863
13,242,155,1,24.3,31.028170561943426
13,242,155,2,13.7,15.252609785317329
13,242,155,3,8.1,6.389959228928493
13,242,155,4,10.1,10.656848551641877
13,242,155,5,24.9,37.4192463847149
13,242,155,0,60.3,35.60913543342199
13,242,155,1,33.65,38.46977624331244
13,242,155,2,19.9,27.397464346752578
13,242,155,3,13.75,16.488831946119426
13,242,155,4,12.15,15.540354937354143
13,242,155,5,53.6,75.86442200607469
13,339,155,0,62.3,42.61591005098547
13,339,155,1,28.15,27.14342995042602
13,339,155,2,17.15,16.320071594270207
13,339,155,3,8.3,7.834471735121714
13,339,155,4,10.65,11.150997123221998
13,339,155,5,44.8,49.758998128347024
13,339,155,0,89.65,49.40943336310545
13,339,155,1,24.15,21.057002835661407
13,339,155,2,15.0,11.457013480603784
13,339,155,3,16.7,23.28790063078837
13,339,155,4,10.15,7.875845819238785
13,339,155,5,46.7,66.76045157678941
13,217,155,0,97.5,43.336504607304775
13,217,155,1,21.95,30.22107142201839
13,217,155,2,13.1,13.529305424269122
13,217,155,3,14.75,17.61242085634603
13,217,155,4,13.95,15.315884427269411
13,217,155,5,21.75,29.118406188309283
13,217,155,0,76.05,38.3686755460479
13,217,155,1,29.6,27.98006809366832
13,217,155,2,23.15,21.935971419229723
13,217,155,3,23.65,20.44060715958877
13,217,155,4,13.75,11.205614194397565
13,217,155,5,52.0,58.30951894845301
13,248,155,0,55.4,38.68958788261146
13,248,155,1,16.6,19.497368243459235
13,248,155,2,18.25,21.32671909526688
13,248,155,3,9.9,9.363422676058489
13,248,155,4,14.85,18.471243653453957
13,248,155,5,19.55,22.65409222937088
13,248,155,0,71.3,41.60604713133341
13,248,155,1,36.2,35.924775207149324
13,248,155,2,14.6,10.693825075100214
13,248,155,3,11.45,6.484597134749389
13,248,155,4,14.5,14.471387377566082
13,248,155,5,22.4,28.70613358261885
13,4,155,0,70.3,55.29071493383619
13,4,155,1,29.55,39.264923411695534
13,4,155,2,14.5,13.06461673859267
13,4,155,3,10.1,7.615081988016317
13,4,155,4,9.2,7.844542185829786
13,4,155,5,37.95,35.29496012926372
13,4,155,0,78.25,45.754349807595226
13,4,155,1,24.15,20.502310524477608
13,4,155,2,15.6,16.9252225360477
13,4,155,3,12.15,11.63603748795322
13,4,155,4,12.5,8.357158922932953
13,4,155,5,46.65,59.828065056635864
13,383,155,0,73.25,43.72627176086778
13,383,155,1,21.45,22.35709000930601
13,383,155,2,14.2,20.715110172858946
13,383,155,3,10.9,20.90555202005338
13,383,155,4,8.75,7.268352452132536
13,383,155,5,13.0,21.36154932287647
13,383,155,0,82.2,43.98875454381255
13,383,155,1,31.4,32.38160621483487
13,383,155,2,17.85,13.8650450300102
13,383,155,3,14.8,18.20526239710289
13,383,155,4,19.1,24.918604337026242
13,383,155,5,35.95,54.690011596461126
13,253,155,0,70.35,44.63450989631465
13,253,155,1,26.85,20.931655704370733
13,253,155,2,12.75,12.349621771323074
13,253,155,3,16.9,22.244810157593353
13,253,155,4,12.8,16.21435361517365
13,253,155,5,30.25,45.66107982216711
13,253,155,0,63.85,53.798136340250764
13,253,155,1,16.2,17.01268876301945
13,253,155,2,13.0,12.452013153661033
13,253,155,3,13.25,15.77764908109937
13,253,155,4,9.25,8.097270495277048
13,253,155,5,14.75,19.625104760028805
13,138,155,0,75.05,47.662713000062375
13,138,155,1,19.4,17.388441411950698
13,138,155,2,16.45,12.902366164063821
13,138,155,3,15.3,13.992855319769442
13,138,155,4,13.95,13.007993493880681
13,138,155,5,23.6,30.50004314060797
13,138,155,0,83.1,52.73558670635189
13,138,155,1,20.9,24.30053064181283
13,138,155,2,9.55,8.580731167471747
13,138,155,3,8.45,8.094670111284728
13,138,155,4,7.5,7.05989413965662
13,138,155,5,10.0,12.969600083109327
13,117,155,0,80.2,54.05903206096481
13,117,155,1,11.75,15.633550292139086
13,117,155,2,12.35,10.604244433244643
13,117,155,3,12.7,13.879557098955207
13,117,155,4,13.25,19.25691946725699
13,117,155,5,22.45,34.396258976507134
13,117,155,0,72.3,50.160899009823225
13,117,155,1,29.55,26.72368356267329
13,117,155,2,18.0,15.338290579290016
13,117,155,3,15.85,20.752361945469953
13,117,155,4,13.3,14.966981202493358
13,117,155,5,39.15,48.14481991045897
14,440,155,0,62.9,38.676662349876
14,440,155,1,18.6,30.186089511561445
14,440,155,2,11.3,9.096558053519619
14,440,155,3,8.9,8.55877512141471
14,440,155,4,8.35,8.505570929814485
14,440,155,5,49.45,69.87242133458591
14,440,155,0,87.85,55.33370059062227
14,440,155,1,25.4,22.323930987548813
14,440,155,2,21.85,29.478404227323328
14,440,155,3,13.85,13.42140866400825
14,440,155,4,18.0,16.082026580856297
14,440,155,5,85.55,97.70927607744798
14,231,155,0,87.0,45.18034039153243
14,231,155,1,23.15,18.542341304501747
14,231,155,2,16.6,10.179442648376137
14,231,155,3,19.35,16.190559302455114
14,231,155,4,12.95,8.840546541809207
14,231,155,5,42.5,52.657283196953976
14,231,155,0,90.15,60.4015292591347
14,231,155,1,26.9,37.898618222276845
14,231,155,2,19.45,21.556474177085832
14,231,155,3,9.45,6.908994899861758
14,231,155,4,15.1,16.40891926907276
14,231,155,5,61.35,71.83041065410139
14,125,155,0,87.0,62.35973734794963
14,125,155,1,23.5,26.98830155924288
14,125,155,2,19.1,27.113601170280806
14,125,155,3,11.6,13.472779574894123
14,125,155,4,9.1,11.893828563365828
14,125,155,5,41.4,52.95320675146272
14,125,155,0,75.9,36.6618976164915
14,125,155,1,30.0,28.178005607210743
14,125,155,2,19.65,25.190380369456406
14,125,155,3,11.9,15.57291846359199
14,125,155,4,10.3,12.570223797362937
14,125,155,5,42.15,60.17717262603119
14,240,155,0,46.6,38.94314344082449
14,240,155,1,14.95,15.357065920422771
14,240,155,2,7.3,5.930296877276177
14,240,155,3,9.55,13.982978374099215
14,240,155,4,7.6,10.649437840364602
14,240,155,5,15.6,33.623926318213215
14,240,155,0,72.0,43.49349618651409
14,240,155,1,30.45,29.21873047424059
14,240,155,2,20.75,24.954432155641737
14,240,155,3,8.25,6.679702167958657
14,240,155,4,7.3,6.921362810740002
14,240,155,5,28.4,31.067668081141846
14,438,155,0,71.55,40.18441043620353
14,438,155,1,26.9,27.544987126326156
14,438,155,2,12.25,11.37807217044212
14,438,155,3,10.2,14.40979199236262
14,438,155,4,12.6,15.574608215060548
14,438,155,5,69.25,103.94324109061182
14,438,155,0,71.05,56.36392556647521
14,438,155,1,19.9,33.07232902848575
14,438,155,2,13.55,14.343437890767882
14,438,155,3,8.85,11.05143477229612
14,438,155,4,11.5,14.73806385912985
14,438,155,5,37.8,55.908383704244685
14,816,155,0,77.05,50.33202914541334
14,816,155,1,15.85,12.171039829296252
14,816,155,2,17.85,15.782318554235573
14,816,155,3,12.85,15.974568604668583
14,816,155,4,14.4,14.946923640528489
14,816,155,5,33.9,40.979969433088186
14,816,155,0,65.65,57.330321728328755
14,816,155,1,21.6,24.07532040558503
14,816,155,2,15.05,18.670198600697148
14,816,155,3,14.8,15.89306369723002
14,816,155,4,11.55,13.720806328922126
14,816,155,5,19.2,29.849799435101563
14,162,155,0,80.95,48.48274245326345
14,162,155,1,27.6,27.04460253573325
14,162,155,2,19.1,28.29524788072335
14,162,155,3,16.05,13.915061888774373
14,162,155,4,14.85,10.864112820125769
14,162,155,5,31.55,56.01830058114937
14,162,155,0,80.25,50.263385229576826
14,162,155,1,21.95,16.442803577057173
14,162,155,2,16.1,13.150545315889495
14,162,155,3,11.6,9.371850348109941
14,162,155,4,17.0,17.6992417321968
14,162,155,5,50.35,70.20366986958655
14,567,155,0,72.7,40.12755976422662
14,567,155,1,22.15,17.738673183634383
14,567,155,2,18.65,19.394179810611117
14,567,155,3,18.65,20.520272389697176
14,567,155,4,8.3,8.285053123737825
14,567,155,5,28.55,37.2296924510531
14,567,155,0,69.7,39.49963357591535
14,567,155,1,21.65,14.12454004840325
14,567,155,2,26.15,25.154836303853862
14,567,155,3,14.0,12.008768726051372
14,567,155,4,14.55,22.528286313222456
14,567,155,5,48.75,69.74908035613312
14,552,155,0,76.65,42.80466649425283
14,552,155,1,34.9,29.167213027464136
14,552,155,2,28.05,21.268892530493545
14,552,155,3,15.4,16.10295821139379
14,552,155,4,14.55,12.288098649549188
14,552,155,5,63.65,83.26196768728143
14,552,155,0,80.1,41.13379965046034
14,552,155,1,20.95,15.605245406930525
14,552,155,2,18.1,18.453069920034558
14,552,155,3,14.95,14.310375330691476
14,552,155,4,8.35,8.658886521341742
14,552,155,5,25.05,39.56004762915551
14,178,155,0,89.15,65.12762773767246
14,178,155,1,22.35,24.972142373790078
14,178,155,2,16.5,19.951256390988195
14,178,155,3,14.45,13.624571456321885
14,178,155,4,7.55,6.202503738941151
14,178,155,5,32.1,51.12307131865839
14,178,155,0,73.85,61.102394646846264
14,178,155,1,16.6,16.76274063762279
14,178,155,2,11.25,10.617141056354404
14,178,155,3,10.95,7.294374184043626
14,178,155,4,8.3,9.090770333869287
14,178,155,5,32.35,49.44670176856565
14,783,155,0,65.3,45.76496016547341
14,783,155,1,16.65,13.35063570337422
14,783,155,2,13.05,13.34353776177817
14,783,155,3,9.85,10.80582201749058
14,783,155,4,12.0,15.914243868143306
14,783,155,5,27.55,33.90462629510206
14,783,155,0,73.8,43.580053380320436
14,783,155,1,25.9,35.654629875781175
14,783,155,2,20.15,35.45831503700025
14,783,155,3,18.45,19.674923928161636
14,783,155,4,17.3,15.884782522574039
14,783,155,5,38.7,47.328749469173495
14,643,155,0,93.85,63.84955590662854
14,643,155,1,37.65,36.810002931125574
14,643,155,2,18.45,12.491997438360288
14,643,155,3,12.75,9.98353908349033
14,643,155,4,10.35,7.713794888311936
14,643,155,5,43.85,53.8548487774509
14,643,155,0,99.4,80.40646740157163
14,643,155,1,32.0,31.146512857106405
14,643,155,2,21.0,16.26750069762926
14,643,155,3,16.25,13.897652206113998
14,643,155,4,13.5,10.128126547808389
14,643,155,5,56.05,83.43826901873088
14,176,155,0,72.95,68.67733480406382
14,176,155,1,34.15,56.690549662643356
14,176,155,2,17.75,15.409754258773548
14,176,155,3,17.35,16.846911320851415
14,176,155,4,12.95,14.474932960484699
14,176,155,5,38.9,51.983701899325084
14,176,155,0,67.75,43.91244278765356
14,176,155,1,18.4,26.719596593235895
14,176,155,2,12.85,10.717791406422265
14,176,155,3,13.25,15.279415116940488
14,176,155,4,8.05,9.93386022386909
14,176,155,5,27.9,35.31944447318979
14,22,155,0,64.75,28.194577679516957
14,22,155,1,23.3,17.776684907928963
14,22,155,2,23.2,24.12598511760166
14,22,155,3,28.9,43.644376257971295
14,22,155,4,13.7,10.058251391401567
14,22,155,5,42.6,43.34002647365184
14,22,155,0,81.0,40.97110663562028
14,22,155,1,32.8,45.74943197806711
14,22,155,2,9.75,7.099851740483184
14,22,155,3,11.5,9.98683343734455
14,22,155,4,7.6,6.723094525588644
14,22,155,5,33.25,39.256075627655534
14,509,155,0,80.05,52.598253923390594
14,509,155,1,37.3,34.14689629110952
14,509,155,2,14.35,14.072275841825341
14,509,155,3,16.65,18.596193724862932
14,509,155,4,6.75,5.077038092182654
14,509,155,5,22.55,37.038351389933794
14,509,155,0,76.2,57.22954702451853
14,509,155,1,20.65,14.423208636375648
14,509,155,2,16.3,13.254989130214529
14,509,155,3,13.85,13.868840500997381
14,509,155,4,10.2,9.451260010679723
14,509,155,5,28.1,28.497275954766362
14,364,155,0,65.95,37.596857371468246
14,364,155,1,17.6,17.442838977040044
14,364,155,2,12.45,14.551089668004792
14,364,155,3,10.25,12.623599453321335
14,364,155,4,9.1,10.10940156488009
14,364,155,5,44.9,73.80265292621512
14,364,155,0,96.7,61.68007440776452
14,364,155,1,26.65,20.530529257156218
14,364,155,2,19.05,18.466114058487037
14,364,155,3,19.55,24.671472978875187
14,364,155,4,12.45,12.032740423746503
14,364,155,5,43.2,61.6711141117904
14,419,155,0,101.7,80.15058196590768
14,419,155,1,26.4,28.44829104107828
14,419,155,2,22.55,20.06955012214432
14,419,155,3,19.25,19.57677195045189
14,419,155,4,9.0,6.282808624375432
14,419,155,5,48.95,72.41145227830077
14,419,155,0,83.1,36.13410693805129
14,419,155,1,24.25,17.45030538113121
14,419,155,2,9.75,6.528278567327805
14,419,155,3,9.25,13.158447356816277
14,419,155,4,9.6,8.518710058021199
14,419,155,5,70.1,80.000592103072
14,158,155,0,71.0,50.699320041116714
14,158,155,1,20.6,26.794343472182018
14,158,155,2,11.1,8.937796737804893
14,158,155,3,8.9,6.648308055437865
14,158,155,4,11.1,15.606678732280983
14,158,155,5,43.9,70.71060368632283
14,158,155,0,82.9,53.180823611523735
14,158,155,1,28.5,24.2367706725046
14,158,155,2,15.35,16.582409830584748
14,158,155,3,11.1,9.700244164045834
14,158,155,4,10.4,9.121403400793103
14,158,155,5,44.65,44.280535108258164
14,504,155,0,73.0,64.13554724996608
14,504,155,1,35.05,38.26153076971836
14,504,155,2,17.9,12.846871419266167
14,504,155,3,11.7,12.000438588476234
14,504,155,4,12.1,11.968819138868604
14,504,155,5,25.35,42.47386193140932
14,504,155,0,85.25,55.88510299571886
14,504,155,1,22.85,20.876264537810197
14,504,155,2,12.45,10.349040128386175
14,504,155,3,10.35,7.672747397873786
14,504,155,4,10.5,10.369489659065854
14,504,155,5,56.7,76.74091751505603
14,634,155,0,76.75,61.16489791409861
14,634,155,1,18.85,17.85990805657951
14,634,155,2,11.2,12.709714477723846
14,634,155,3,9.9,10.284889273512917
14,634,155,4,9.55,11.927301719827058
14,634,155,5,36.55,57.46438256135616
14,634,155,0,63.7,29.51556235365729
14,634,155,1,19.7,21.92355138345879
14,634,155,2,12.65,10.629031742801114
14,634,155,3,10.6,8.616996668152273
14,634,155,4,9.5,9.389243565742776
14,634,155,5,54.45,92.51314273630189
