param_id,trial_type,trial_number,count,sd_sample,mean_sample,ub_sample,lb_sample
0,background,1,100,413.94634155191,28.708,32.764674147208716,24.65132585279128
0,background,2,100,486.59068500829534,25.582,30.350588713081294,20.813411286918708
0,background,3,100,517.1306665783702,25.409,30.476880532468027,20.34111946753197
0,background,4,100,514.7012035612202,24.9215,29.965571794899958,19.877428205100045
0,background,5,99,642.1456508005838,29.974747474747474,36.29947796194394,23.650016987551002
0,background,6,100,705.0441195601277,32.866,39.77543237168925,25.95656762831075
0,background,7,100,592.8900226411037,28.201,34.011322221882814,22.390677778117187
0,background,8,100,586.5170141562278,29.1975,34.94536673873103,23.44963326126897
0,background,9,100,552.6657455603608,28.345,33.76112430649154,22.928875693508463
0,background,10,100,502.7854334656715,28.0025,32.92979724796358,23.07520275203642
0,deviant,1,100,441.9539360373968,27.6785,32.00964857316649,23.347351426833512
0,deviant,2,99,363.5870669635512,26.476262626262628,30.05736639035064,22.895158862174615
0,deviant,3,100,359.7676516279566,27.713,31.238722985953974,24.18727701404603
0,deviant,4,100,394.11966523673476,28.505,32.36737271932,24.64262728068
0,deviant,5,100,370.1495288180312,28.723,32.3504653824167,25.095534617583294
0,deviant,6,100,322.338952036517,28.426,31.584921729957866,25.26707827004213
0,deviant,7,100,389.595637201337,29.6485,33.466537244573104,25.830462755426897
0,deviant,8,99,303.02928901345496,28.67222222222222,31.656869989200644,25.687574455243798
0,deviant,9,100,393.06528184192723,30.43,34.282039762050886,26.577960237949114
0,deviant,10,100,370.146457500271,32.163,35.79043528350265,28.53556471649734
1,background,1,99,283.04341307334914,15.083838383838383,17.871637852126128,12.296038915550639
1,background,2,100,463.2424112480932,15.634,20.173775630231315,11.094224369768686
1,background,3,99,468.2250723968684,15.400505050505052,20.012227307856136,10.788782793153967
1,background,4,98,521.9263635297306,16.84438775510204,22.011195148148747,11.677580362055334
1,background,5,100,481.7409737498709,15.8785,20.599561542748734,11.157438457251267
1,background,6,99,512.7955373810255,17.886868686868688,22.937581971196863,12.836155402540513
1,background,7,100,429.18388280917293,15.064,19.270002051529893,10.857997948470105
1,background,8,100,457.10257975759964,16.592,21.071605281624475,12.112394718375523
1,background,9,100,482.2047937939799,17.769,22.494606979181,13.043393020818996
1,background,10,100,424.61906147560194,16.293,20.4542668024609,12.1317331975391
1,deviant,1,100,247.86094892096253,15.0015,17.43053729942543,12.572462700574567
1,deviant,2,99,163.11115034975705,13.844444444444445,15.450986611525424,12.237902277363466
1,deviant,3,98,156.95324479803395,14.85204081632653,16.40579866848944,13.298282964163622
1,deviant,4,100,149.90413603366653,13.8665,15.335560533129932,12.397439466870068
1,deviant,5,100,201.3045022635583,15.1485,17.12128412218287,13.17571587781713
1,deviant,6,100,281.67748915157705,17.3015,20.061939393685456,14.541060606314545
1,deviant,7,100,223.5189383239677,16.712,18.902485595574884,14.521514404425115
1,deviant,8,100,212.26040982469476,16.3265,18.40665201628201,14.24634798371799
1,deviant,9,100,242.4866843875415,17.8755,20.251869506997906,15.499130493002092
1,deviant,10,100,226.48211849945238,16.459500000000002,18.679024761294635,14.23997523870537
2,background,1,99,330.3412788712845,24.094444444444445,27.348098121070397,20.840790767818493
2,background,2,100,451.5008101642204,23.4835,27.90820793960936,19.05879206039064
2,background,3,100,531.3580688842703,25.7345,30.941809075065848,20.527190924934153
2,background,4,100,680.6938661936687,30.1025,36.77329988869795,23.431700111302046
2,background,5,100,627.1793162540057,28.605,34.75135729928925,22.458642700710744
2,background,6,100,598.5651417743674,27.4895,33.3554383893888,21.6235616106112
2,background,7,100,577.2440831909388,27.568,33.2249920152712,21.9110079847288
2,background,8,100,526.543857822429,26.5645,31.724629806659802,21.404370193340196
2,background,9,100,532.8406348105061,26.919,32.14083822114296,21.69716177885704
2,background,10,100,521.9048738691957,27.2945,32.40916776391812,22.179832236081882
2,deviant,1,98,365.2822196603608,24.056122448979593,27.672231932941607,20.44001296501758
2,deviant,2,100,324.40334705262734,25.685,28.864152801115747,22.50584719888425
2,deviant,3,100,405.4050021761864,28.595,32.567969021326626,24.622030978673372
2,deviant,4,100,371.22997908092094,27.1815,30.819553794993027,23.543446205006973
2,deviant,5,100,338.9861043573444,27.736,31.058063822701975,24.413936177298027
2,deviant,6,99,330.11203839717336,27.54040404040404,30.791799842646352,24.28900823816173
2,deviant,7,100,332.69691834112956,28.9985,32.25892979974307,25.73807020025693
2,deviant,8,100,341.97625340765524,28.383,31.73436728339502,25.031632716604978
2,deviant,9,100,346.47923534652955,30.6965,34.091996506395986,27.30100349360401
2,deviant,10,100,354.9279763854248,30.693,34.17129416857716,27.214705831422837
3,background,1,100,241.9044831072141,12.772,15.142663934450699,10.401336065549302
3,background,2,100,439.91149229433813,14.69,19.001132624484512,10.378867375515487
3,background,3,100,499.2494234769884,16.392500000000002,21.28514435007449,11.499855649925514
3,background,4,100,554.0583548023762,17.1965,22.62627187706329,11.766728122936714
3,background,5,100,449.6524827721491,14.435500000000001,18.84209433116706,10.028905668832941
3,background,6,100,499.22078756482296,17.355,22.247363718135265,12.462636281864736
3,background,7,100,497.72012321447437,17.187,22.06465720750185,12.309342792498153
3,background,8,100,539.4075429287404,19.4525,24.738693920701657,14.166306079298344
3,background,9,100,412.78946781239733,15.839500000000001,19.884836784561493,11.794163215438507
3,background,10,100,357.9140995149241,14.4925,18.000058175246256,10.984941824753744
3,deviant,1,99,264.6378558272457,13.39090909090909,15.997425404972965,10.784392776845216
3,deviant,2,100,165.7754267232124,13.6275,15.25209918188748,12.002900818112519
3,deviant,3,100,198.36451693523057,14.6975,16.64147226596526,12.75352773403474
3,deviant,4,100,267.9991358980571,15.058,17.68439153180096,12.431608468199041
3,deviant,5,100,301.3286499209093,15.4465,18.39952076922491,12.493479230775089
3,deviant,6,99,241.02972627327205,16.020707070707072,18.394698167867983,13.646715973546161
3,deviant,7,100,230.2776927743408,16.978,19.234721389188543,14.721278610811462
3,deviant,8,100,206.9863077088612,15.24,17.26846581554684,13.21153418445316
3,deviant,9,100,203.3734508885459,16.4415,18.43455981870775,14.448440181292252
3,deviant,10,100,209.18319218985263,17.1935,19.243495283460557,15.143504716539445
4,background,1,100,375.58849962775963,23.987,27.667767296352043,20.306232703647954
4,background,2,100,523.6988739020886,26.142,31.274248964240467,21.009751035759532
4,background,3,100,563.9593537051928,26.345,31.871801666310887,20.81819833368911
4,background,4,99,605.275820119268,27.52171717171717,33.48330303295976,21.56013131047458
4,background,5,100,546.6870123513858,25.647000000000002,31.00453272104358,20.289467278956423
4,background,6,100,609.9008374965124,28.241,34.21802820746582,22.26397179253418
4,background,7,100,629.2359778250714,29.831,35.9975125826857,23.664487417314298
4,background,8,100,623.836736401609,29.239,35.35260001673577,23.125399983264234
4,background,9,100,594.5224111574105,28.8035,34.62981962934262,22.977180370657376
4,background,10,100,499.17204607123915,26.269000000000002,31.160886051498146,21.377113948501858
4,deviant,1,100,446.0065316963301,25.55,29.920864010624037,21.179135989375965
4,deviant,2,100,446.27307547592073,27.776,32.149476139664024,23.402523860335975
4,deviant,3,100,333.5908698106899,26.069,29.33819052414476,22.799809475855238
4,deviant,4,100,386.0823303253772,27.5655,31.349106837188696,23.781893162811304
4,deviant,5,99,346.4433917456221,28.603535353535353,32.01578470713527,25.19128599993544
4,deviant,6,100,352.4972452299972,29.1075,32.561973003253975,25.65302699674603
4,deviant,7,100,330.9338540999903,27.842,31.085151770179905,24.598848229820092
4,deviant,8,100,324.66836926316057,28.8905,32.07225001877897,25.708749981221025
4,deviant,9,100,357.92296657241764,29.4035,32.911145072409695,25.895854927590307
4,deviant,10,100,324.3791235413797,29.502,32.68091541070552,26.323084589294478
5,background,1,100,337.93120212318513,13.7075,17.019225780807215,10.395774219192784
5,background,2,100,397.9379745374238,14.562,18.461792150466753,10.662207849533246
5,background,3,99,418.98308909473724,14.347979797979798,18.474699513224238,10.221260082735359
5,background,4,100,477.1259543514579,15.3445,20.020334352644287,10.668665647355713
5,background,5,100,416.9166173103127,14.6515,18.737282849641065,10.565717150358935
5,background,6,100,587.666153436402,19.2105,24.96962830367674,13.45137169632326
5,background,7,99,504.02527348912713,17.422727272727272,22.387058977816075,12.458395567638469
5,background,8,100,509.17710185418923,18.348,23.337935598171054,13.358064401828944
5,background,9,100,468.7599458593975,17.6515,22.245347469422093,13.057652530577904
5,background,10,100,394.4828093112617,15.4885,19.354431531250363,11.622568468749636
5,deviant,1,100,289.31249268058343,14.0885,16.92376242826972,11.253237571730283
5,deviant,2,100,277.927944088505,14.896,17.61969385206735,12.172306147932652
5,deviant,3,100,174.971298398217,13.7795,15.494218724302527,12.064781275697474
5,deviant,4,100,176.85541224996555,15.019,16.752183040049662,13.285816959950338
5,deviant,5,99,224.26887059016792,15.554545454545455,17.76345267268567,13.34563823640524
5,deviant,6,100,199.65675150380622,15.0265,16.983136164737303,13.0698638352627
5,deviant,7,100,192.4930757469638,15.951,17.837432142320246,14.064567857679755
5,deviant,8,100,195.91356176694492,16.2585,18.17845290531606,14.33854709468394
5,deviant,9,100,207.24413521001597,17.607,19.637992525058156,15.576007474941843
5,deviant,10,100,226.32798161773522,18.0265,20.244514219853805,15.808485780146194
6,background,1,100,364.33114636347847,27.883,31.45344523436209,24.31255476563791
6,background,2,100,317.1422061904855,23.784,26.891993620666756,20.67600637933324
6,background,3,98,383.1203878403593,24.195918367346938,27.98861670688527,20.403220027808604
6,background,4,100,467.9644076659092,24.0365,28.62255119512591,19.45044880487409
6,background,5,100,421.8472503544131,23.2365,27.370603053473246,19.102396946526753
6,background,6,100,448.3679439454774,25.0675,29.461505850665677,20.67349414933432
6,background,7,100,401.68506254736957,22.669,26.605513612964224,18.732486387035777
6,background,8,100,440.0951212970596,23.711,28.023932188711182,19.398067811288815
6,background,9,98,430.80021318960667,24.22091836734694,28.485622896508676,19.956213838185203
6,background,10,100,456.7827509647747,25.7515,30.227970959454794,21.275029040545206
6,deviant,1,99,373.77731901564914,27.618181818181817,31.299653151131764,23.93671048523187
6,deviant,2,100,283.70332910871605,25.173000000000002,27.95329262526542,22.392707374734584
6,deviant,3,100,335.5057651085189,26.5975,29.885456498063487,23.309543501936513
6,deviant,4,99,293.45493243157637,27.401515151515152,30.29186153236225,24.511168770668053
6,deviant,5,100,338.24886509320635,29.561,32.875838877913424,26.246161122086576
6,deviant,6,100,342.10547388657477,29.5975,32.95013364408843,26.24486635591157
6,deviant,7,100,365.2365383520225,30.2735,33.85281807584982,26.69418192415018
6,deviant,8,100,337.55039779658324,29.5245,32.83249389840652,26.216506101593485
6,deviant,9,100,319.53311746655413,28.8385,31.96992455117223,25.70707544882777
6,deviant,10,100,338.06453759444713,31.128,34.44103246842558,27.814967531574418
7,background,1,100,313.70124490130985,16.2825,19.356772200032836,13.208227799967162
7,background,2,99,253.67660203702786,13.205555555555556,15.704110418913572,10.70700069219754
7,background,3,100,144.49898925160977,11.15,12.566090094665777,9.733909905334224
7,background,4,100,290.19437678182106,12.525500000000001,15.369404892461848,9.681595107538154
7,background,5,100,329.54277335982385,13.4205,16.650019178926275,10.190980821073726
7,background,6,99,283.2500894225715,12.377272727272727,15.167107827516055,9.587437627029399
7,background,7,99,334.23079403940403,13.61969696969697,16.91165992262737,10.32773401676657
7,background,8,100,281.0000093650495,12.475,15.228800091777485,9.721199908222514
7,background,9,100,340.4398509359078,14.2265,17.562810539171895,10.890189460828104
7,background,10,100,277.74145967257505,12.8625,15.584366304791235,10.140633695208766
7,deviant,1,100,196.4212913210036,14.8675,16.792428654945834,12.942571345054164
7,deviant,2,99,144.68868576870025,13.856565656565657,15.281658142815129,12.431473170316185
7,deviant,3,99,182.43873521065413,14.921717171717171,16.718623884693915,13.124810458740429
7,deviant,4,100,195.14659132371017,16.1075,18.01993659497236,14.195063405027643
7,deviant,5,100,179.55610470502558,16.036,17.79564982610925,14.276350173890751
7,deviant,6,99,186.6580394309619,15.256060606060606,17.094524809933173,13.41759640218804
7,deviant,7,100,184.78336533698905,15.7015,17.51237698030249,13.890623019697507
7,deviant,8,100,160.36212310366747,15.341,16.91254880641594,13.769451193584057
7,deviant,9,100,226.26601135552116,17.3445,19.561906911284108,15.127093088715892
7,deviant,10,100,188.3326773781466,17.2595,19.105160238305835,15.413839761694163
8,background,1,100,394.6479343734909,26.0215,29.88904975686021,22.15395024313979
8,background,2,100,312.1530663666549,22.11,25.16910005039322,19.05089994960678
8,background,3,99,457.2587054220077,24.617676767676766,29.12138721267155,20.113966322681982
8,background,4,100,425.715271167553,23.354499999999998,27.526509657442016,19.18249034255798
8,background,5,100,402.48084949538446,23.0365,26.980812325054767,19.092187674945233
8,background,6,100,453.308893175039,24.565,29.007427153115383,20.12257284688462
8,background,7,100,445.17670353290174,23.586499999999997,27.949231694622434,19.22376830537756
8,background,8,100,405.9814197200343,23.3215,27.300117913256337,19.342882086743664
8,background,9,100,373.1731501595472,22.169,25.826096871563564,18.511903128436437
8,background,10,100,376.5856091948172,21.438,25.128538970109208,17.74746102989079
8,deviant,1,99,338.87916259650035,24.513636363636365,27.851382821122375,21.175889906150356
8,deviant,2,100,331.1262360649278,26.394,29.63903711343629,23.148962886563705
8,deviant,3,100,332.98309582509313,27.411,30.674234339085913,24.14776566091409
8,deviant,4,100,343.0956556812815,27.3315,30.693837425676556,23.96916257432344
8,deviant,5,100,317.0912619752437,27.086,30.19349436735739,23.97850563264261
8,deviant,6,100,338.72154376497264,29.948,33.26747112889673,26.628528871103267
8,deviant,7,100,331.3458361861437,27.569,30.816189194624208,24.32181080537579
8,deviant,8,100,364.2311802023256,29.769,33.33846556598279,26.199534434017206
8,deviant,9,100,345.2387846419528,28.9085,32.29184008949114,25.52515991050886
8,deviant,10,100,353.7989244576196,31.712,35.17922945968467,28.24477054031533
9,background,1,100,185.90000141558846,13.145,14.966820013872766,11.323179986127233
9,background,2,100,143.8266317480876,12.022,13.431500991131259,10.612499008868742
9,background,3,100,290.82844463794515,12.591,15.441118757451862,9.740881242548136
9,background,4,100,384.1906188065338,14.372,18.13706806430403,10.606931935695968
9,background,5,100,354.0734126970668,13.7925,17.262419444431256,10.322580555568745
9,background,6,100,324.44905933792313,13.3315,16.511100781511647,10.151899218488353
9,background,7,100,361.5669007033285,13.8135,17.356855626892617,10.270144373107382
9,background,8,100,320.23053373599794,13.067,16.20525923061278,9.92874076938722
9,background,9,100,293.349997533035,13.427,16.301829975823743,10.552170024176256
9,background,10,100,263.7692073325507,11.638,14.222938231858997,9.053061768141003
9,deviant,1,100,153.71076735219302,12.584999999999999,14.091365520051491,11.078634479948507
9,deviant,2,100,187.40662938338687,14.3465,16.183084967957193,12.509915032042809
9,deviant,3,100,169.52539787983326,13.5215,15.182848899222366,11.860151100777633
9,deviant,4,99,172.98506172195144,15.267676767676768,16.971470747030768,13.56388278832277
9,deviant,5,100,221.74442377134133,15.449,17.622095352959146,13.275904647040855
9,deviant,6,100,172.6192493992425,15.182,16.873668644112577,13.490331355887424
9,deviant,7,100,217.95908597233276,16.335,18.470999042528863,14.199000957471139
9,deviant,8,100,193.89869845658552,16.204,18.104207244874537,14.303792755125462
9,deviant,9,100,207.96420491593207,16.51,18.548049208176135,14.471950791823867
9,deviant,10,100,212.88543373076715,16.0625,18.14877725056152,13.976222749438481
10,background,1,100,392.0012083762256,25.574,29.41561184208701,21.732388157912993
10,background,2,100,460.35876741606864,25.194,29.70551592067747,20.682484079322528
10,background,3,100,356.4099834681816,22.3365,25.82931783798818,18.84368216201182
10,background,4,100,338.38877127693786,21.7365,25.05270995851399,18.42029004148601
10,background,5,100,378.810791543052,22.578,26.29034575712191,18.86565424287809
10,background,6,100,426.81502217927454,23.874,28.056787217356888,19.69121278264311
10,background,7,100,422.7773459050596,23.659,27.802217989869582,19.515782010130415
10,background,8,100,427.65029060276765,24.6455,28.83647284790712,20.454527152092876
10,background,9,100,450.2668682365815,25.224,29.636615308718497,20.811384691281503
10,background,10,100,454.9066648052218,25.725,30.183085315091176,21.266914684908826
10,deviant,1,100,327.8830905256194,25.264,28.47725428715107,22.05074571284893
10,deviant,2,100,298.8040019460037,25.168,28.096279219070837,22.23972078092916
10,deviant,3,99,309.0768981133472,26.65707070707071,29.70128361725465,23.612857796886768
10,deviant,4,100,311.19959748316546,27.195,30.24475605533502,24.14524394466498
10,deviant,5,99,282.92138577052776,27.040404040404038,29.827001616564253,24.253806464243823
10,deviant,6,100,325.5718531736849,30.073,33.26360416110211,26.88239583889789
10,deviant,7,100,320.0020189081049,28.3795,31.51551978529943,25.243480214700572
10,deviant,8,100,345.86199712115183,30.25,33.63944757178729,26.860552428212713
10,deviant,9,100,349.2064349500541,29.9005,33.32272306251053,26.478276937489472
10,deviant,10,100,326.59929174513076,28.3205,31.52117305910228,25.119826940897717
11,background,1,98,178.98654756859892,12.371428571428572,14.14330499280552,10.599552150051624
11,background,2,99,202.6671370031477,11.847474747474747,13.84361848613988,9.851331008809614
11,background,3,99,229.2811478007778,12.25909090909091,14.517365902975929,10.00081591520589
11,background,4,100,331.49720170288333,13.492,16.740672576688258,10.243327423311744
11,background,5,100,313.7594032979645,13.141,16.215842152320054,10.066157847679948
11,background,6,100,295.4997328345039,12.0455,14.941397381778138,9.149602618221863
11,background,7,100,327.30458613539645,13.3305,16.538084944126886,10.122915055873115
11,background,8,100,336.69464535469865,13.688,16.987607524476047,10.388392475523954
11,background,9,100,311.98779918789336,12.7795,15.836980432041354,9.722019567958647
11,background,10,100,331.16908545015906,13.994,17.239457037411558,10.748542962588441
11,deviant,1,99,167.01638747203984,12.311111111111112,13.956117405849485,10.666104816372739
11,deviant,2,99,154.98640008247924,13.895959595959596,15.42247808671069,12.369441105208502
11,deviant,3,100,153.54868077720843,13.9775,15.482277071616641,12.472722928383357
11,deviant,4,100,219.44881911399372,15.266,17.41659842731714,13.115401572682861
11,deviant,5,100,178.21784422442101,14.131,15.877534873399327,12.384465126600674
11,deviant,6,100,163.9601845121649,15.413,17.019809808219215,13.806190191780784
11,deviant,7,100,173.816115781199,15.93,17.63339793465575,14.226602065344249
11,deviant,8,100,184.2339473832688,16.602,18.407492684356036,14.796507315643966
11,deviant,9,100,201.85939608914347,15.06,17.038222081673606,13.081777918326395
11,deviant,10,99,178.909216908288,16.00858585858586,17.770729037800034,14.246442679371686
12,background,1,100,404.1422039983346,29.108,33.06859359918368,25.147406400816323
12,background,2,100,360.7331642495235,25.665,29.20018500964533,22.129814990354667
12,background,3,100,319.06392693891956,23.694,26.82082648400141,20.567173515998586
12,background,4,100,364.30311266133424,24.201,27.771170504081077,20.630829495918924
12,background,5,100,277.64075140747127,23.0165,25.73737936379322,20.29562063620678
12,background,6,99,373.1560242325622,25.04191919191919,28.71727116230517,21.366567221533213
12,background,7,100,367.02984605442765,24.6905,28.287392491333392,21.093607508666608
12,background,8,100,274.22475894975753,23.0205,25.707902637707623,20.333097362292374
12,background,9,100,316.8904675452586,23.505,26.61052658194353,20.399473418056466
12,background,10,100,333.3866295112059,23.8555,27.12268896920982,20.58831103079018
12,deviant,1,100,403.5786494796145,29.614,33.569070764900225,25.658929235099777
12,deviant,2,99,319.6510679837593,28.182828282828282,31.33119011074266,25.034466454913904
12,deviant,3,100,297.3948597934721,28.235500000000002,31.149969625976027,25.321030374023977
12,deviant,4,100,320.5314624511182,29.9345,33.07570833202096,26.79329166797904
12,deviant,5,100,326.20965166914556,28.473,31.669854586357626,25.27614541364237
12,deviant,6,100,361.08148227526885,31.704,35.242598526297634,28.165401473702367
12,deviant,7,100,352.04347443850855,32.7605,36.21052604949738,29.310473950502615
12,deviant,8,100,363.3949533293813,31.2235,34.78477054262794,27.662229457372064
12,deviant,9,99,336.8378611985923,30.602525252525254,33.920166176058316,27.284884328992188
12,deviant,10,100,349.910748018616,32.165,35.594125330582436,28.735874669417562
13,background,1,100,221.73013469435983,15.405,17.577955320004726,13.232044679995273
13,background,2,98,159.92573934568242,13.401020408163266,14.984204455049726,11.817836361276806
13,background,3,100,238.85777534362427,13.442,15.782806198367519,11.101193801632482
13,background,4,100,217.1147222819746,12.9875,15.115224278363351,10.85977572163665
13,background,5,100,288.7494315328193,13.9265,16.75624442902163,11.096755570978372
13,background,6,100,156.3286012825144,11.897,13.42902029256864,10.36497970743136
13,background,7,99,212.60399312980192,12.411111111111111,14.505126628262605,10.317095593959618
13,background,8,100,204.49863594963938,12.1995,14.203586632306466,10.195413367693535
13,background,9,100,173.82392785441488,12.411,14.114474492973265,10.707525507026734
13,background,10,100,169.04615532918504,12.3545,14.011152322226014,10.697847677773986
13,deviant,1,100,163.53160808267396,15.4615,17.064109759210204,13.858890240789794
13,deviant,2,100,161.10503275486886,14.744,16.322829320997716,13.165170679002285
13,deviant,3,100,163.05818302873234,14.9085,16.506470193681576,13.310529806318423
13,deviant,4,100,177.1356527458101,15.7435,17.479429396908937,14.007570603091061
13,deviant,5,100,186.15160770896276,16.451,18.275285755547834,14.626714244452165
13,deviant,6,100,182.85119057511452,16.064,17.855941667636124,14.272058332363878
13,deviant,7,99,178.79692243907388,16.23181818181818,17.992855331189908,14.470781032446451
13,deviant,8,100,170.212962583873,16.382,18.050087033321958,14.713912966678047
13,deviant,9,100,195.7584238961782,16.5575,18.47593255418255,14.639067445817455
13,deviant,10,100,189.86296304661977,16.8655,18.726157037856876,15.004842962143128
14,background,1,100,341.7925501944433,25.565,28.914566991905545,22.215433008094458
14,background,2,100,371.9521509973816,26.2965,29.941631079774343,22.65136892022566
14,background,3,100,324.4833058717716,23.261,26.44093639754336,20.081063602456638
14,background,4,100,319.5745732919577,23.9085,27.040330818261186,20.776669181738814
14,background,5,100,311.3402014720097,23.225,26.276133974425697,20.173866025574306
14,background,6,100,353.8031566905679,24.215,27.682270935567566,20.747729064432434
14,background,7,100,320.5179073739382,24.3405,27.481575492264593,21.199424507735404
14,background,8,100,346.71748320195036,24.3265,27.724331335379112,20.928668664620886
14,background,9,100,287.70832269395413,22.201,25.02054156240075,19.38145843759925
14,background,10,100,283.5885780121395,21.6875,24.466668064518966,18.908331935481034
14,deviant,1,100,326.85299286891717,24.89,28.093159330115387,21.686840669884614
14,deviant,2,99,315.2746505242023,26.714141414141416,29.819398284642084,23.608884543640748
14,deviant,3,100,338.3631068914919,28.5655,31.88145844753662,25.24954155246338
14,deviant,4,99,322.53487775498184,29.6,32.77676553906089,26.423234460939113
14,deviant,5,100,312.35871753650906,29.276,32.33711543185779,26.21488456814221
14,deviant,6,100,336.06629593453414,29.3405,32.63394970015843,26.047050299841565
14,deviant,7,100,311.25175121046135,30.019,33.06926716186252,26.968732838137477
14,deviant,8,100,337.97879488138557,29.5335,32.84569218983758,26.221307810162422
14,deviant,9,100,347.16990759114196,30.3745,33.77676509439319,26.97223490560681
14,deviant,10,100,337.59714001657125,31.1795,34.4879519721624,27.871048027837602
15,background,1,100,192.2606646142022,13.541,15.425154513219182,11.656845486780819
15,background,2,100,178.1746998993138,12.7135,14.459612059013274,10.967387940986725
15,background,3,100,234.74919427023877,13.153,15.45354210384834,10.85245789615166
15,background,4,100,177.21599963410694,12.469,14.205716796414247,10.732283203585752
15,background,5,100,241.75784970655417,12.729,15.09822692712423,10.359773072875768
15,background,6,100,281.77764189815383,13.3425,16.103920890601906,10.581079109398091
15,background,7,99,217.79733457360865,12.891919191919191,15.037085853548756,10.746752530289626
15,background,8,100,227.9046141654327,12.8825,15.115965218821241,10.64903478117876
15,background,9,100,165.3459212808424,11.965,13.585390028552256,10.344609971447744
15,background,10,100,197.73332653109497,12.871,14.808786600004732,10.93321339999527
15,deviant,1,100,198.55507654314113,13.7715,15.717339750122783,11.825660249877217
15,deviant,2,100,164.74253437281746,14.8975,16.511976836853613,13.283023163146389
15,deviant,3,100,158.19732015828575,14.2975,15.8478337375512,12.747166262448799
15,deviant,4,99,186.11076922374113,15.754040404040405,17.587114340829437,13.92096646725137
15,deviant,5,99,184.52441002408554,16.286868686868686,18.104317984012187,14.469419389725187
15,deviant,6,100,172.26212431548674,15.5415,17.22966881829177,13.85333118170823
15,deviant,7,100,176.9827600881539,16.0505,17.784931048863907,14.316068951136092
15,deviant,8,100,192.31267714187146,17.4005,19.28516423599034,15.51583576400966
15,deviant,9,100,192.35011936843867,16.91,18.7950311698107,15.024968830189302
15,deviant,10,100,194.20293238612135,16.63,18.533188737383988,14.72681126261601
16,background,1,99,303.15398640572784,24.16919191919192,27.15506787699839,21.18331596138545
16,background,2,99,374.11605292025564,25.221212121212123,28.906019769919784,21.53640447250446
16,background,3,100,340.5867537678253,24.321,27.65875018692469,20.983249813075314
16,background,4,100,313.75203501122377,23.5895,26.664269943109993,20.51473005689001
16,background,5,100,296.40796033063697,23.317,26.221798011240242,20.412201988759758
16,background,6,100,319.1295645147414,24.086,27.213469732244462,20.958530267755535
16,background,7,100,295.25665017689977,22.588,25.48151517173362,19.694484828266383
16,background,8,100,291.74703353924156,22.062,24.92112092868457,19.202879071315433
16,background,9,100,315.2818079449758,22.915499999999998,26.005261717860762,19.825738282139234
16,background,10,100,294.8892254104207,23.2715,26.16141440902212,20.381585590977878
16,deviant,1,100,292.153866274173,25.5255,28.388607889486895,22.662392110513107
16,deviant,2,100,322.4839694098232,27.712,30.872342900216267,24.551657099783732
16,deviant,3,100,330.3012102213436,27.689,30.925951860169167,24.452048139830833
16,deviant,4,100,323.55168382387245,29.197499999999998,32.368306501473946,26.026693498526047
16,deviant,5,100,328.24102184378575,29.178,32.3947620140691,25.9612379859309
16,deviant,6,100,326.21326572787024,30.072,33.26889000413313,26.875109995866872
16,deviant,7,100,325.18825317037516,29.672,32.85884488106968,26.485155118930326
16,deviant,8,100,327.22316141804674,30.2365,33.44328698189686,27.02971301810314
16,deviant,9,100,348.1004732454183,30.1745,33.585884637805094,26.7631153621949
16,deviant,10,100,343.35448921363746,32.225,35.58987399429365,28.860126005706356
17,background,1,100,182.8310551761984,13.312,15.103744340726744,11.520255659273255
17,background,2,100,200.85185690217716,13.533,15.501348197641335,11.564651802358664
17,background,3,99,238.5204559251404,12.853030303030303,15.20230666662312,10.503753939437487
17,background,4,100,166.91980425531173,12.02,13.655814081702054,10.384185918297945
17,background,5,100,243.47408270156484,12.9325,15.318546010475334,10.546453989524665
17,background,6,100,183.1175708031376,12.5805,14.375052193870749,10.785947806129252
17,background,7,100,181.71899938322937,12.577,14.357846193955648,10.796153806044352
17,background,8,100,207.73416083770954,12.038499999999999,14.074294776209552,10.002705223790446
17,background,9,100,177.14496739587102,12.0585,13.794520680479536,10.322479319520465
17,background,10,100,187.05350346329985,12.5835,14.416624333940339,10.750375666059663
17,deviant,1,100,170.8843098953823,13.387,15.061666236974746,11.712333763025255
17,deviant,2,100,157.91685853804944,14.5725,16.120085213672883,13.024914786327116
17,deviant,3,99,177.26564959493928,15.372727272727273,17.11868234838342,13.626772197071126
17,deviant,4,100,191.08774506961316,15.102,16.97465990168221,13.229340098317792
17,deviant,5,100,171.54123334301323,15.498,17.17910408676153,13.81689591323847
17,deviant,6,100,182.89957699010105,16.2595,18.05191585450299,14.467084145497008
17,deviant,7,99,176.62680698967648,16.73181818181818,18.471481059906708,14.992155303729653
17,deviant,8,99,162.06248794832194,15.355050505050505,16.951264007516432,13.758837002584578
17,deviant,9,100,172.78267457004753,16.242,17.935270210786467,14.548729789213535
17,deviant,10,100,179.0543360635478,16.404500000000002,18.15923249342277,14.649767506577234
18,background,1,100,435.2726308394484,28.173,32.43867178222659,23.907328217773404
18,background,2,100,596.0740019405927,27.756,33.59752521901781,21.914474780982193
18,background,3,100,606.4063102886503,27.7875,33.73028184082877,21.84471815917123
18,background,4,100,539.8174472132124,25.8385,31.12871098268948,20.54828901731052
18,background,5,100,603.4485980813243,27.913,33.826796261196975,21.999203738803022
18,background,6,100,591.4926546680997,27.395500000000002,33.19212801574738,21.598871984252625
18,background,7,100,589.146762610758,28.9255,34.699138273585426,23.151861726414573
18,background,8,100,585.108251342838,29.0435,34.77756086315981,23.30943913684019
18,background,9,100,584.6216387770093,29.6765,35.40579206001469,23.94720793998531
18,background,10,100,522.90399138898,27.244999999999997,32.369459115612,22.120540884387992
18,deviant,1,100,474.52446556637375,29.072,33.72233976255046,24.421660237449537
18,deviant,2,100,374.66605481625754,26.695999999999998,30.367727337199323,23.024272662800673
18,deviant,3,100,409.9850639127954,28.169,32.186853626345396,24.151146373654605
18,deviant,4,100,376.6728686805037,28.5065,32.197894113068934,24.815105886931065
18,deviant,5,99,374.79155961400033,29.175252525252525,32.86671348972259,25.483791560782457
18,deviant,6,100,393.51194056651076,29.853,33.70941701755181,25.996582982448196
18,deviant,7,100,376.64434920687944,30.2855,33.976614622227416,26.594385377772582
18,deviant,8,100,381.92913024056674,31.4635,35.20640547635755,27.720594523642447
18,deviant,9,100,337.6710677567743,30.4315,33.74067646401639,27.12232353598361
18,deviant,10,100,391.8396389233469,31.8045,35.6445284614488,27.9644715385512
19,background,1,100,222.2187281889057,14.981,17.158743536251276,12.803256463748724
19,background,2,100,443.3484966408302,15.235000000000001,19.579815267080136,10.890184732919867
19,background,3,99,439.73144914643206,15.121212121212121,19.452290123730915,10.790134118693327
19,background,4,100,486.04916905272256,15.443999999999999,20.20728185671668,10.680718143283318
19,background,5,100,583.8907454580686,19.3715,25.093629305489074,13.649370694510928
19,background,6,100,485.97903896751495,15.963,20.725594581881644,11.200405418118354
19,background,7,99,556.0367533289788,18.953030303030303,24.42964234797221,13.476418258088398
19,background,8,100,459.6322586132252,16.5525,21.056896134409605,12.048103865590392
19,background,9,100,421.5916582616282,15.712,19.843598250963957,11.580401749036042
19,background,10,100,441.27992667264004,17.14,21.464543281391872,12.815456718608129
19,deviant,1,100,267.9617755537061,15.5045,18.13052540042632,12.87847459957368
19,deviant,2,100,219.28644448948978,14.8595,17.008507155997002,12.710492844003001
19,deviant,3,100,244.1645152890071,15.669,18.061812249832272,13.27618775016773
19,deviant,4,99,238.61643963306028,15.258585858585858,17.608807601288536,12.908364115883181
19,deviant,5,100,212.39611082771,16.0855,18.166981886111557,14.004018113888442
19,deviant,6,100,249.34587582206706,16.5975,19.04108958305626,14.153910416943743
19,deviant,7,100,228.96139067766995,16.6725,18.916321628641164,14.428678371358835
19,deviant,8,100,182.3689724302441,16.849,18.63621592981639,15.061784070183608
19,deviant,9,100,208.96166231103126,16.8415,18.889324290648105,14.793675709351893
19,deviant,10,100,297.0454953635713,17.34,20.251045854563,14.428954145437
20,background,1,100,478.31151762709703,25.4875,30.17495287274555,20.80004712725445
20,background,2,100,587.142677450899,27.5395,33.29349823901881,21.78550176098119
20,background,3,100,651.3291935888124,29.0125,35.39552609717036,22.629473902829638
20,background,4,99,643.194660311038,28.917676767676767,35.25273933829365,22.58261419705988
20,background,5,100,639.6176880309872,28.4275,34.695753342703675,22.159246657296325
20,background,6,100,687.5826093909315,30.3835,37.121809572031125,23.645190427968874
20,background,7,100,643.5467696576856,30.7485,37.05525834264532,24.441741657354683
20,background,8,99,637.8587246652497,30.971717171717174,37.25422413471675,24.689210208717594
20,background,9,100,594.902849211533,29.958000000000002,35.78804792227302,24.12795207772698
20,background,10,100,492.5973507845937,25.8945,30.721954037689017,21.067045962310985
20,deviant,1,100,478.2668023295432,25.9885,30.67551466282952,21.301485337170476
20,deviant,2,99,300.54423004031594,24.3510101010101,27.311181601225215,21.390838600794986
20,deviant,3,100,327.15829099752466,25.2,28.40615125177574,21.99384874822426
20,deviant,4,100,338.29518798015187,25.9955,29.310792842205487,22.680207157794513
20,deviant,5,100,375.51344148624304,27.6975,31.377531726565184,24.01746827343482
20,deviant,6,100,348.55604397209027,28.379,31.794849230926488,24.963150769073515
20,deviant,7,100,325.5954545137263,29.054,32.24483545423452,25.863164545765482
20,deviant,8,99,321.89456430066633,29.072727272727274,32.24318612728314,25.90226841817141
20,deviant,9,99,376.97094680736615,31.05151515151515,34.76444170811077,27.338588594919525
20,deviant,10,100,347.0564795534006,30.173000000000002,33.57415349962333,26.771846500376675
21,background,1,100,308.10776054046926,13.5385,16.5579560532966,10.519043946703402
21,background,2,99,490.51178428893604,15.311111111111112,20.142343453109483,10.47987876911274
21,background,3,100,541.7312914215526,16.3085,21.617466655931214,10.999533344068784
21,background,4,100,606.2612256150072,18.731,24.672360011027074,12.78963998897293
21,background,5,99,514.8723321572568,16.7520202020202,21.8231886077379,11.680851796302502
21,background,6,100,534.8574502662024,17.299500000000002,22.541103012608787,12.057896987391219
21,background,7,100,553.2791600515677,18.8305,24.252635768505364,13.408364231494637
21,background,8,100,502.13583033404734,17.7955,22.716431137273666,12.874568862726337
21,background,9,99,504.2965867110554,18.649494949494947,23.616498919052365,13.68249097993753
21,background,10,100,417.41178393574506,15.8035,19.894135482570302,11.712864517429697
21,deviant,1,100,292.3418105754398,13.9345,16.79944974363931,11.06955025636069
21,deviant,2,100,201.36822777661516,12.995,14.968408632210828,11.02159136778917
21,deviant,3,100,267.38477597098273,14.9475,17.567870804515632,12.32712919548437
21,deviant,4,100,195.1465036702857,15.247,17.1594357359688,13.3345642640312
21,deviant,5,100,321.12527478425477,16.308,19.455027692885697,13.160972307114303
21,deviant,6,100,246.65238697405707,16.659,19.076193392345758,14.24180660765424
21,deviant,7,100,169.9320142694843,15.591,17.256333739840947,13.925666260159053
21,deviant,8,100,266.74404250240775,17.116,19.730091616523595,14.501908383476405
21,deviant,9,100,201.9845616820621,15.879,17.858448704484207,13.899551295515792
21,deviant,10,100,248.7775480646368,16.748,19.186019971033442,14.30998002896656
22,background,1,100,413.9766011694253,26.025,30.081970691460366,21.96802930853963
22,background,2,100,596.253050306663,27.255,33.0982798930053,21.4117201069947
22,background,3,100,704.5421394890368,31.424,38.32851296699256,24.51948703300744
22,background,4,100,578.3620087435677,27.0435,32.71144768568696,21.37555231431304
22,background,5,100,653.5239817610691,29.255,35.65953502125848,22.85046497874152
22,background,6,100,676.9849450242402,31.002,37.63645246123755,24.367547538762445
22,background,7,99,609.2244940992822,28.263636363636362,34.264114178245386,22.263158549027338
22,background,8,99,571.3113124991257,28.016161616161614,33.64321845496216,22.38910477736107
22,background,9,100,587.2124895595605,29.5035,35.25818239768369,23.748817602316308
22,background,10,100,547.3930441071042,28.4515,33.815951832249624,23.08704816775038
22,deviant,1,100,456.1571722438152,25.2755,29.745840287989388,20.805159712010614
22,deviant,2,100,402.18109301525766,27.667,31.608374711549526,23.725625288450477
22,deviant,3,100,369.5655308317422,25.1885,28.810242202151073,21.56675779784893
22,deviant,4,100,343.7991381147152,27.887,31.25623155352421,24.51776844647579
22,deviant,5,100,351.46154989220605,27.196,30.640323188943622,23.75167681105638
22,deviant,6,100,366.75362086972314,29.2345,32.828685484523284,25.640314515476714
22,deviant,7,100,382.69281345967846,28.931,32.68138957190485,25.180610428095154
22,deviant,8,100,353.61685331353823,29.257,32.722445162472674,25.791554837527325
22,deviant,9,100,362.42939421282273,29.8285,33.38030806328566,26.276691936714336
22,deviant,10,99,360.9813050998333,30.51060606060606,34.066044710430226,26.955167410781897
23,background,1,100,323.07607055989314,13.553,16.719145491486955,10.386854508513048
23,background,2,100,450.0682199751267,15.4815,19.892168555756243,11.070831444243758
23,background,3,98,505.63054433886913,16.237755102040815,21.24324211551965,11.23226808856198
23,background,4,100,597.3653272583924,18.8465,24.700680207132244,12.992319792867754
23,background,5,100,523.9838963977905,16.7875,21.922542184698347,11.652457815301656
23,background,6,100,520.5727109332769,17.177,22.278612567146112,12.075387432853887
23,background,7,100,481.3755919511456,16.8085,21.525980801121225,12.091019198878772
23,background,8,98,497.12147726475746,17.194897959183674,22.11614950624705,12.273646412120296
23,background,9,100,508.17849381781923,18.5225,23.50264923941463,13.542350760585373
23,background,10,100,466.68872754872984,17.764,22.33754952997755,13.190450470022448
23,deviant,1,100,363.66248811660233,14.945,18.5088923835427,11.381107616457298
23,deviant,2,100,205.04724102662672,14.4415,16.45096296206094,12.432037037939057
23,deviant,3,100,182.74851140584602,15.3315,17.122435411777293,13.54056458822271
23,deviant,4,99,218.19053720616708,14.391919191919191,16.540958651993606,12.242879731844775
23,deviant,5,100,269.83976726939267,16.133,18.777429719240047,13.488570280759951
23,deviant,6,100,189.23163889237642,15.419500000000001,17.27397006114529,13.565029938854712
23,deviant,7,100,188.07690896069758,15.429499999999999,17.272653707814836,13.586346292185162
23,deviant,8,100,190.31488450238956,16.7195,18.58458586812342,14.854414131876583
23,deviant,9,100,230.80520950975543,16.4985,18.760391053195605,14.236608946804397
23,deviant,10,100,184.9702892216392,16.9685,18.781208834372062,15.155791165627935
24,background,1,99,390.0588079818357,27.538383838383837,31.38021758991127,23.696550086856405
24,background,2,99,417.9942740730962,24.496464646464645,28.613445156116438,20.379484136812852
24,background,3,99,409.6887650528464,24.316161616161615,28.351338089538196,20.280985142785035
24,background,4,100,481.81599457840645,25.09,29.81179674686838,20.368203253131618
24,background,5,100,479.18353257884075,23.812,28.50799861927264,19.11600138072736
24,background,6,100,435.2325482459137,23.8235,28.088778972809955,19.558221027190044
24,background,7,100,406.5927711838313,22.9665,26.951109157601547,18.981890842398453
24,background,8,100,447.06934585140147,24.797,29.178279589343735,20.415720410656267
24,background,9,100,396.06742514773657,22.735,26.61646076644782,18.85353923355218
24,background,10,100,408.37990246441126,23.6755,27.67762304415123,19.67337695584877
24,deviant,1,100,411.5858578972954,27.1735,31.207041407393497,23.139958592606504
24,deviant,2,99,307.9952280901699,26.267171717171717,29.300730858441785,23.23361257590165
24,deviant,3,100,306.7818957809398,27.287,30.29346257865321,24.28053742134679
24,deviant,4,100,344.0711906139866,27.514,30.88589766801707,24.14210233198293
24,deviant,5,100,364.17434011747724,29.3975,32.96640853315128,25.828591466848724
24,deviant,6,100,335.0885271874159,28.058,31.341867566436676,24.774132433563324
24,deviant,7,100,318.3843217179349,28.6675,31.787666352835764,25.547333647164237
24,deviant,8,100,330.89357885325586,27.8775,31.12025707276191,24.634742927238094
24,deviant,9,100,351.89685241110374,31.107,34.555589153628816,27.658410846371183
24,deviant,10,100,342.32474194449986,31.4265,34.7812824710561,28.071717528943903
25,background,1,100,261.38436610116,15.3145,17.87606678779137,12.752933212208632
25,background,2,100,268.1577304890772,12.876,15.503945758792955,10.248054241207043
25,background,3,100,291.194707875567,12.428,15.281708137180557,9.574291862819445
25,background,4,100,374.6788624942698,14.1895,17.861352852443844,10.517647147556158
25,background,5,100,399.06463003800326,14.437,18.34783337437243,10.526166625627567
25,background,6,100,320.187362911813,13.111,16.248836156535766,9.973163843464233
25,background,7,100,409.3802086852243,15.1205,19.132426045115196,11.108573954884802
25,background,8,98,304.2134249087914,13.102551020408162,16.114110279942036,10.090991760874289
25,background,9,100,374.1035882437404,14.376000000000001,18.042215164788658,10.709784835211346
25,background,10,100,312.52543054420727,13.2595,16.32224921933323,10.196750780666768
25,deviant,1,100,269.9118569576294,15.238999999999999,17.884136198184766,12.593863801815232
25,deviant,2,100,155.09412252598506,13.6925,15.212422400754654,12.172577599245347
25,deviant,3,100,154.17238301398382,14.1925,15.703389353537043,12.681610646462959
25,deviant,4,100,182.4886802545644,15.2125,17.000889066494732,13.424110933505268
25,deviant,5,100,169.84208609919483,15.3735,17.03795244377211,13.70904755622789
25,deviant,6,100,258.7920573498507,16.0345,18.57066216202854,13.498337837971464
25,deviant,7,100,219.57194001535188,16.533,18.68480501215045,14.381194987849554
25,deviant,8,100,176.40255249376577,16.2635,17.992245014438904,14.534754985561095
25,deviant,9,100,220.38872356289966,16.474,18.633809490916416,14.314190509083584
25,deviant,10,100,185.56545163932122,17.005,18.823541426065347,15.186458573934651
26,background,1,100,307.06024181789337,23.2715,26.280690369815353,20.262309630184646
26,background,2,100,451.2033151240662,24.824,29.245792488215848,20.402207511784155
26,background,3,100,473.2847757401122,24.759,29.3971908022531,20.1208091977469
26,background,4,99,455.10769980418115,23.753030303030304,28.23555469655493,19.270505909505676
26,background,5,100,493.7659471108915,23.966,28.804906281686737,19.127093718313265
26,background,6,100,447.8350172011775,24.104499999999998,28.493283168571537,19.71571683142846
26,background,7,100,497.5516529652183,25.547,30.423006199059138,20.670993800940863
26,background,8,100,536.4170166852219,27.265,32.52188676351518,22.008113236484824
26,background,9,100,451.1641170641963,24.5405,28.961908347229127,20.119091652770877
26,background,10,100,438.0845538429648,24.0605,28.353728627661056,19.767271372338946
26,deviant,1,100,376.59024570200273,24.0095,27.700084407879626,20.318915592120373
26,deviant,2,100,303.6118150048287,25.1545,28.12989578704732,22.179104212952677
26,deviant,3,100,347.2315130920731,27.4335,30.836368828302316,24.03063117169768
26,deviant,4,98,299.439647728184,26.23112244897959,29.19542372548553,23.26682117247365
26,deviant,5,100,329.1047665537846,26.902,30.127226712227092,23.67677328777291
26,deviant,6,100,338.91499089392846,27.9085,31.2298669107605,24.5871330892395
26,deviant,7,100,321.42907460278076,28.9015,32.05150493110725,25.751495068892748
26,deviant,8,100,373.8504344900793,30.663,34.32673425800278,26.999265741997224
26,deviant,9,100,350.77352117555097,30.515,33.9525805075204,27.0774194924796
26,deviant,10,100,324.6580873537737,27.509,30.690649256066983,24.327350743933017
27,background,1,100,190.18249545882858,13.1895,15.05328845549652,11.32571154450348
27,background,2,100,358.5015892205839,13.671,17.184315574361722,10.157684425638276
27,background,3,100,325.00485421476077,13.0485,16.233547571304655,9.863452428695345
27,background,4,100,412.07845446174326,14.574,18.612368853725084,10.535631146274916
27,background,5,100,404.07003366404587,14.5465,18.50638632990765,10.586613670092351
27,background,6,100,429.2322705776712,15.308,19.51447625166118,11.101523748338822
27,background,7,100,331.97687379822423,13.4525,16.705873363222597,10.199126636777404
27,background,8,100,333.1501755570364,13.2135,16.478371720458956,9.948628279541044
27,background,9,100,354.89571485304333,14.503,17.980978005559827,11.025021994440175
27,background,10,100,320.62251537972355,13.7095,16.85160065072129,10.567399349278709
27,deviant,1,100,209.3775109825866,13.001,15.052899607629348,10.949100392370651
27,deviant,2,100,160.6331469365425,13.2855,14.859704839978118,11.711295160021884
27,deviant,3,100,154.3304810088437,14.1275,15.639938713886668,12.615061286113331
27,deviant,4,100,171.97469214056497,14.202,15.887351982977536,12.516648017022463
27,deviant,5,100,187.2707510812255,15.2895,17.12475336059601,13.45424663940399
27,deviant,6,100,173.238768907631,16.6275,18.325239935294785,14.929760064705217
27,deviant,7,100,194.99400800510446,16.232,18.142941278450024,14.321058721549976
27,deviant,8,100,194.72423821232016,16.6465,18.554797534480738,14.738202465519262
27,deviant,9,100,202.9404177533266,16.9915,18.980316093982598,15.002683906017397
27,deviant,10,100,196.50670271145032,17.817,19.742765686572213,15.891234313427788
28,background,1,100,354.0136705656555,24.586,28.055333971543423,21.116666028456574
28,background,2,100,413.845547085027,23.995,28.050686361433264,19.939313638566738
28,background,3,100,495.7590166921616,24.889499999999998,29.74793836358318,20.031061636416815
28,background,4,100,511.0317788037926,26.083,31.091111432277167,21.07488856772283
28,background,5,99,366.812123859785,21.743939393939392,25.356807938570764,18.13107084930802
28,background,6,100,407.77161435500165,21.551000000000002,25.54716182067902,17.554838179320985
28,background,7,100,541.9989026984425,27.277,32.58858924644474,21.965410753555265
28,background,8,100,455.8136507505303,24.265,28.731973777355197,19.798026222644804
28,background,9,99,433.89297734519016,24.43232323232323,28.70589596239501,20.15875050225145
28,background,10,100,418.13909169079136,23.535,27.632763098569754,19.437236901430246
28,deviant,1,100,401.0107722663872,25.4425,29.372405568210596,21.512594431789402
28,deviant,2,100,300.4091332972768,24.617,27.561009506313315,21.672990493686687
28,deviant,3,100,305.80665116170525,25.6125,28.609405181384712,22.61559481861529
28,deviant,4,100,317.0558144454761,28.166,31.273146981565667,25.058853018434334
28,deviant,5,100,313.6530223368693,27.8745,30.94829961890132,24.800700381098682
28,deviant,6,100,332.25461859686374,28.149,31.405095262249265,24.892904737750737
28,deviant,7,100,360.2848361475885,29.583000000000002,33.11379139424637,26.052208605753634
28,deviant,8,100,343.3098148136292,29.4775,32.841936185173566,26.113063814826432
28,deviant,9,100,314.51245896165267,28.825499999999998,31.907722097824195,25.7432779021758
28,deviant,10,100,318.36295489995626,28.616500000000002,31.736456958019573,25.49654304198043
29,background,1,100,180.73287936678955,12.407,14.178182217794538,10.635817782205462
29,background,2,100,324.41360864440344,13.3,16.479253364715156,10.120746635284847
29,background,3,100,251.82463091771248,11.7855,14.253381382993583,9.317618617006419
29,background,4,100,342.07692271276,13.464,16.81635384258505,10.111646157414953
29,background,5,100,413.6306450522204,14.497,18.55058032151176,10.44341967848824
29,background,6,100,379.94386704520343,13.711,17.434449897042995,9.987550102957007
29,background,7,100,353.818582713916,13.252,16.719422110596376,9.784577889403625
29,background,8,100,372.3925525005767,14.3285,17.977947014505652,10.679052985494348
29,background,9,100,278.4145196228855,12.1035,14.83196229230428,9.375037707695721
29,background,10,100,315.492659852892,13.6085,16.700328066558342,10.516671933441657
29,deviant,1,100,178.56420045521588,12.350999999999999,14.100929164461114,10.601070835538884
29,deviant,2,100,174.7793270323889,13.8625,15.575337404917413,12.149662595082589
29,deviant,3,100,190.05560128274928,14.07,15.932544892570943,12.207455107429057
29,deviant,4,100,145.17350780504358,14.128,15.550700376489427,12.705299623510573
29,deviant,5,99,226.58430521203593,15.333333333333334,17.565046125140178,13.10162054152649
29,deviant,6,99,205.46843783746553,16.934343434343432,18.95807822305855,14.910608645628315
29,deviant,7,100,179.17813835163565,15.798,17.55394575584603,14.04205424415397
29,deviant,8,100,183.32835080948698,17.118,18.914617837932973,15.321382162067026
29,deviant,9,99,200.61660869481997,16.654040404040405,18.629987729492477,14.678093078588335
29,deviant,10,100,190.70963737963976,16.392500000000002,18.26145444632047,14.523545553679533
30,background,1,100,315.2703476466874,27.607499999999998,30.697149406937534,24.517850593062462
30,background,2,100,330.00207734593357,24.3125,27.546520357990147,21.078479642009853
30,background,3,100,331.4146750554436,24.0795,27.327363815543347,20.831636184456652
30,background,4,100,355.52342065126874,23.8155,27.299629522382432,20.33137047761757
30,background,5,100,348.695354141692,23.7245,27.141714470588582,20.307285529411416
30,background,6,100,318.76368494874896,23.761499999999998,26.88538411249774,20.637615887502257
30,background,7,100,302.7874667155164,23.3085,26.275817173812058,20.34118282618794
30,background,8,100,334.13019051041505,23.59,26.864475867002067,20.315524132997933
30,background,9,100,288.4873161491634,22.484,25.311175698261803,19.6568243017382
30,background,10,100,294.39412358265577,22.39,25.275062411110028,19.504937588889973
30,deviant,1,98,334.2564292969035,27.671938775510203,30.980908604864794,24.36296894615561
30,deviant,2,98,308.17408784817167,27.289795918367346,30.34056374061524,24.23902809611945
30,deviant,3,100,306.58640063223874,27.369,30.37354672619594,24.36445327380406
30,deviant,4,100,350.7253461343401,28.935,32.37210839211653,25.497891607883467
30,deviant,5,100,349.5990297168276,30.6385,34.06457049122491,27.212429508775088
30,deviant,6,100,329.25274246549964,29.326,32.5526768761619,26.099323123838104
30,deviant,7,100,355.9418861496768,30.597,34.08523048426683,27.10876951573317
30,deviant,8,99,335.88901284109966,31.09949494949495,34.407790313921794,27.791199585068107
30,deviant,9,100,352.7631119574363,32.1795,35.636578497182875,28.72242150281712
30,deviant,10,99,336.2536558204707,31.82323232323232,35.13511919149587,28.51134545496878
31,background,1,100,264.6398645229717,16.207,18.800470672325122,13.613529327674879
31,background,2,100,178.70711852225227,12.9345,14.685829761518072,11.183170238481928
31,background,3,100,191.0663566187908,12.311,14.18345029486415,10.43854970513585
31,background,4,100,140.14445554873956,12.081,13.454415664377647,10.707584335622352
31,background,5,100,221.24108070038363,12.934,15.10216259086376,10.765837409136239
31,background,6,99,219.4077554643289,13.267676767676768,15.428705061464175,11.106648473889361
31,background,7,100,250.64380786497128,13.1625,15.618809317076717,10.706190682923282
31,background,8,100,247.98886328984506,13.3355,15.76579086024048,10.905209139759519
31,background,9,100,221.0729934231059,12.507,14.673515335546437,10.340484664453562
31,background,10,100,178.9198291502591,11.891,13.644414325672539,10.137585674327461
31,deviant,1,100,210.55689317416778,15.343,17.406457553106844,13.279542446893156
31,deviant,2,100,200.1810167665361,16.046499999999998,18.008273964312053,14.084726035687945
31,deviant,3,99,168.53492532004034,15.271717171717173,16.931680108474744,13.6117542349596
31,deviant,4,100,168.9393538023568,15.711,17.366605667263098,14.055394332736903
31,deviant,5,100,169.28164790014742,14.9935,16.652460149421444,13.334539850578555
31,deviant,6,100,190.62801334978082,17.9585,19.826654530827852,16.09034546917215
31,deviant,7,100,199.880326037462,17.5475,19.506327195167128,15.588672804832871
31,deviant,8,100,180.49228734068856,16.7935,18.56232441593875,15.024675584061253
31,deviant,9,100,199.35909811192465,17.0955,19.04921916149686,15.14178083850314
31,deviant,10,100,186.974203117914,16.451999999999998,18.284347190555554,14.61965280944444
32,background,1,100,302.008308529836,25.1135,28.07318142359239,22.153818576407605
32,background,2,100,367.5391565247809,23.88,27.48188373394285,20.278116266057147
32,background,3,100,382.53513426529645,25.3335,29.082344315799908,21.584655684200094
32,background,4,100,348.4135587125404,24.7725,28.186952875382897,21.358047124617105
32,background,5,100,334.5264288198279,23.616,26.894359002434314,20.337640997565686
32,background,6,100,358.78542920598983,24.238,27.7540972062187,20.7219027937813
32,background,7,100,316.35932268961443,22.633,25.73332136235822,19.532678637641776
32,background,8,100,319.0083689712297,23.8145,26.94078201591805,20.68821798408195
32,background,9,100,302.8077512391754,23.2385,26.206015962143915,20.27098403785608
32,background,10,100,306.5258725235372,22.732,25.735953550730663,19.728046449269335
32,deviant,1,100,339.91655709817036,26.0215,29.35268225956207,22.69031774043793
32,deviant,2,100,327.98657305637244,27.921499999999998,31.135768415952448,24.70723158404755
32,deviant,3,99,323.7012470912355,28.00050505050505,31.188758593402977,24.812251507607126
32,deviant,4,100,311.89434783356745,28.818,31.874564608768964,25.76143539123104
32,deviant,5,100,344.57493264967246,29.465,32.84183433996679,26.08816566003321
32,deviant,6,100,298.9611618852681,28.8125,31.74231938647563,25.88268061352437
32,deviant,7,100,304.95196774505143,28.4725,31.461029283901503,25.483970716098497
32,deviant,8,99,339.28195462895184,30.065151515151513,33.40686522063565,26.723437809667374
32,deviant,9,100,358.66410763451523,31.107,34.62190825481825,27.59209174518175
32,deviant,10,99,330.42658632042367,31.215656565656566,34.47015046696314,27.96116266434999
33,background,1,100,174.70405050587095,13.554,15.266099694957536,11.841900305042465
33,background,2,100,149.46711484822552,12.3015,13.76627772551261,10.836722274487391
33,background,3,100,267.40715063461994,13.748,16.368590076219274,11.127409923780725
33,background,4,99,264.31134452025566,13.333838383838383,15.937138767038038,10.73053800063873
33,background,5,100,249.33542193514933,12.793,15.236487134964463,10.349512865035535
33,background,6,100,166.52910287773477,11.803,13.434985208201802,10.1710147917982
33,background,7,100,209.67295962999145,12.7845,14.839295004373916,10.729704995626083
33,background,8,100,149.65284388948484,12.042,13.508597870116951,10.575402129883049
33,background,9,100,166.3952412654565,12.2505,13.881173364401475,10.619826635598526
33,background,10,99,200.593396018702,12.877777777777778,14.853496472980387,10.90205908257517
33,deviant,1,100,155.94952793502742,12.7635,14.29180537376327,11.235194626236732
33,deviant,2,100,155.91764864150156,14.3955,15.923492956686715,12.867507043313285
33,deviant,3,99,170.9278318010573,14.831818181818182,16.515349741293402,13.148286622342962
33,deviant,4,100,153.5801522264343,14.862,16.367085491819058,13.356914508180944
33,deviant,5,100,181.84327404605722,16.636499999999998,18.418564085651358,14.854435914348638
33,deviant,6,100,162.95891474459702,15.6765,17.27349736449705,14.07950263550295
33,deviant,7,99,187.4357012558258,16.219191919191918,18.065315602570905,14.37306823581293
33,deviant,8,100,177.2116115359202,15.8375,17.57417379305202,14.100826206947982
33,deviant,9,100,203.63583336824334,17.852,19.847631167008785,15.856368832991215
33,deviant,10,99,196.3363655084117,17.01919191919192,18.9529815432877,15.085402295096138
34,background,1,100,335.31197178307343,25.8255,29.11155732347412,22.539442676525884
34,background,2,100,349.1725821213102,23.9265,27.34839130478884,20.50460869521116
34,background,3,100,373.60487501045674,25.1915,28.852827775102476,21.530172224897527
34,background,4,100,296.17143417462233,23.9385,26.8409800549113,21.036019945088704
34,background,5,100,361.77363160727424,24.4165,27.961881589751286,20.871118410248712
34,background,6,100,333.946241340224,23.6435,26.916173165134193,20.370826834865806
34,background,7,100,327.649813062666,24.24,27.450968168014125,21.029031831985872
34,background,8,100,331.59352891914614,23.442,26.691616583407633,20.192383416592367
34,background,9,100,354.50411251419035,24.0185,27.492640302639064,20.544359697360935
34,background,10,100,305.2960513130958,23.091,26.08290130286834,20.099098697131662
34,deviant,1,100,305.02403701658454,23.646,26.635235562762528,20.656764437237474
34,deviant,2,100,320.2377817218094,26.567,29.705330260873733,23.428669739126267
34,deviant,3,100,303.5763972171889,27.5355,30.51054869272845,24.56045130727155
34,deviant,4,100,331.46018257338085,28.818,32.06630978921913,25.56969021078087
34,deviant,5,100,337.26127229415727,29.0425,32.347660468482744,25.73733953151726
34,deviant,6,100,327.11251082286987,29.772,32.97770260606412,26.566297393935873
34,deviant,7,100,325.5399280224195,29.3445,32.53479129461971,26.154208705380288
34,deviant,8,100,330.297222608907,30.5385,33.77541278156729,27.30158721843271
34,deviant,9,100,357.7947368033947,32.008,35.51438842067327,28.501611579326735
34,deviant,10,100,337.6094169614536,30.2795,33.58807228622224,26.970927713777755
35,background,1,99,161.32554533906702,13.696969696969697,15.28592477857385,12.108014615365544
35,background,2,100,204.8949024564339,12.648,14.655970044073051,10.640029955926948
35,background,3,100,176.2534732767138,12.4705,14.197784038111795,10.743215961888204
35,background,4,100,193.08216140449525,12.855,14.747205181764054,10.962794818235947
35,background,5,100,236.0964622218728,12.7535,15.067245329774355,10.439754670225646
35,background,6,100,231.13202538353428,12.9615,15.226593848758636,10.696406151241362
35,background,7,100,235.4444732840421,13.208,15.515355838183613,10.900644161816388
35,background,8,100,172.6907412262254,12.371500000000001,14.06386926401701,10.679130735982993
35,background,9,100,200.6248659615883,12.581,14.547123686423564,10.614876313576435
35,background,10,100,191.42422576708077,12.5535,14.429457412517392,10.677542587482607
35,deviant,1,100,162.63649328292968,13.3985,14.992337634172712,11.804662365827289
35,deviant,2,100,168.11531130369073,14.186,15.833530050776169,12.538469949223831
35,deviant,3,100,168.19821483501008,14.7375,16.3858425053831,13.089157494616902
35,deviant,4,100,164.03747967108646,15.469,17.076567300776645,13.861432699223352
35,deviant,5,100,174.3867073036547,15.9305,17.639489731575818,14.221510268424185
35,deviant,6,100,162.3686351615069,15.366,16.957212624582766,13.774787375417233
35,deviant,7,100,169.6774416666114,15.7285,17.391338928332793,14.065661071667208
35,deviant,8,99,181.29249411118107,16.45050505050505,18.236122010108122,14.66488809090198
35,deviant,9,100,193.48040156427643,16.8785,18.774607935329907,14.98239206467009
35,deviant,10,99,185.21120234393004,17.46666666666667,19.290880435886365,15.64245289744697
36,background,1,100,699.8170644419945,44.3035,51.161707231531544,37.445292768468455
36,background,2,100,825.8727409295733,40.464,48.55755286110982,32.37044713889018
36,background,3,99,708.4449389888724,33.74545454545454,40.7231912918402,26.767717799068887
36,background,4,100,816.1568315490662,38.545,46.54333694918085,30.546663050819152
36,background,5,100,692.7942544127864,33.156,39.945383693245304,26.366616306754693
36,background,6,100,756.3695977635886,35.102,42.51442205808316,27.68957794191683
36,background,7,100,693.7574826528662,34.1135,40.91232332999809,27.314676670001912
36,background,8,100,670.1556358904919,33.8865,40.45402523172682,27.31897476827318
36,background,9,100,600.6615081461613,31.738,37.62448277983238,25.85151722016762
36,background,10,100,594.5397290961171,32.228,38.054489345141945,26.401510654858054
36,deviant,1,100,692.0899926272137,42.969,49.751481927746696,36.18651807225331
36,deviant,2,99,454.4379119191903,33.23737373737374,37.7133011418027,28.761446332944768
36,deviant,3,100,535.7627715401856,35.071,40.321475161093815,29.82052483890618
36,deviant,4,100,400.0068979668384,31.5155,35.43556760007502,27.595432399924984
36,deviant,5,100,464.62030055111734,33.2925,37.845778945400944,28.739221054599046
36,deviant,6,100,451.09387224717136,35.6075,40.02821994802228,31.18678005197772
36,deviant,7,100,450.52517015963537,35.9285,40.34364666756443,31.51335333243557
36,deviant,8,100,418.28195917158683,32.0785,36.17766319988155,27.979336800118446
36,deviant,9,100,452.93642518918466,37.733,42.171776966854004,33.29422303314599
36,deviant,10,100,433.21061791429383,37.1815,41.42696405556008,32.93603594443992
37,background,1,100,547.3707393675602,24.404,29.76823324580209,19.03976675419791
37,background,2,100,580.0838437583601,20.9665,26.65132166883193,15.28167833116807
37,background,3,100,663.8630863125477,22.1005,28.606358245862967,15.594641754137033
37,background,4,100,711.517645969737,24.1475,31.12037293050342,17.17462706949658
37,background,5,100,698.533778334079,24.5685,31.414131027673974,17.722868972326026
37,background,6,100,625.5286543144294,21.6535,27.78368081228141,15.523319187718592
37,background,7,100,638.2968909940198,23.292,29.547309531741394,17.03669046825861
37,background,8,100,588.3027349033293,21.7145,27.479866802052626,15.949133197947374
37,background,9,100,528.3880003816971,19.694,24.87220240374063,14.515797596259368
37,background,10,100,436.0738620439142,16.7175,20.99102384803036,12.443976151969643
37,deviant,1,100,315.71767451316373,20.0435,23.137533210229005,16.949466789770998
37,deviant,2,100,287.7393786050147,18.3195,21.139345910329144,15.499654089670857
37,deviant,3,100,310.893855638358,18.552,21.598759785255908,15.505240214744092
37,deviant,4,100,330.2633598238007,18.5675,21.804080926273247,15.330919073726752
37,deviant,5,100,272.85546588470226,17.471,20.14498356567008,14.797016434329919
37,deviant,6,100,248.78383134127125,17.301,19.73908154714446,14.86291845285554
37,deviant,7,100,225.64638147704522,17.293,19.504334538475042,15.081665461524956
37,deviant,8,100,208.78629214934995,17.993,20.03910566306363,15.946894336936369
37,deviant,9,100,259.48526476773003,18.3785,20.921455594723753,15.835544405276245
37,deviant,10,100,217.09555257390332,17.647000000000002,19.774536415224254,15.51946358477575
38,background,1,100,716.9779340361438,38.698,45.72438375355421,31.67161624644579
38,background,2,99,761.5964655352528,35.99747474747475,43.49872057621549,28.496228918734
38,background,3,100,825.2468147549303,39.04,47.12741878459832,30.952581215401683
38,background,4,100,811.4119256936607,37.1335,45.08533687179787,29.181663128202125
38,background,5,100,710.6706598995806,33.1445,40.10907246701589,26.17992753298411
38,background,6,100,600.7883789786464,30.2185,36.106226113990736,24.330773886009265
38,background,7,100,646.0345884499405,32.302,38.63313896680942,25.97086103319058
38,background,8,100,572.687776605791,28.778,34.39034021073675,23.16565978926325
38,background,9,100,599.3109464429261,31.203,37.07624727514067,25.329752724859322
38,background,10,100,573.5686670220696,30.597,36.21797293681628,24.976027063183718
38,deviant,1,100,639.5788766631401,38.2585,44.52637299129877,31.990627008701225
38,deviant,2,100,520.3041190647922,33.9505,39.04948036683496,28.851519633165033
38,deviant,3,99,503.5696340286907,35.46313131313131,40.42297525631906,30.503287369943568
38,deviant,4,100,419.956044065767,33.064,37.17956923184452,28.948430768155482
38,deviant,5,100,412.75710010151306,32.5505,36.595519580994825,28.50548041900517
38,deviant,6,100,454.4716394370848,32.8525,37.30632206648343,28.398677933516566
38,deviant,7,100,424.09951972571133,33.2115,37.367675293311976,29.05532470668803
38,deviant,8,100,431.38244419296285,32.5445,36.77204795309103,28.316952046908963
38,deviant,9,100,394.7608903200972,34.1365,38.00515672513695,30.267843274863047
38,deviant,10,100,391.54326574130783,33.146499999999996,36.98362400426481,29.30937599573518
39,background,1,99,419.40938109127734,19.48939393939394,23.620312362491656,15.35847551629622
39,background,2,99,704.9415783931096,24.435858585858586,31.37908943542778,17.492627736289393
39,background,3,100,673.4941370432107,22.737,29.337242543023464,16.136757456976532
39,background,4,100,748.4243255350747,25.4265,32.76105839024373,18.09194160975627
39,background,5,100,671.7745274937669,22.089,28.672390369438915,15.505609630561082
39,background,6,98,613.660097928384,21.223469387755102,27.298394419997756,15.148544355512447
39,background,7,100,642.6786747258449,22.754,29.05225101231328,16.45574898768672
39,background,8,100,530.8672819572059,19.4175,24.619999363180618,14.215000636819383
39,background,9,100,531.9579474871457,19.692999999999998,24.906187885374024,14.47981211462597
39,background,10,100,500.174906249909,19.394,24.295714081249105,14.492285918750891
39,deviant,1,100,387.3217314897403,19.6255,23.421252968599454,15.829747031400544
39,deviant,2,99,308.87175417366313,17.963131313131314,21.005323684629104,14.920938941633521
39,deviant,3,100,381.8472724449976,18.3235,22.065603269960974,14.581396730039023
39,deviant,4,100,267.9468181718549,16.9845,19.61037881808418,14.358621181915822
39,deviant,5,100,232.33472337171327,16.2745,18.55138028904279,13.99761971095721
39,deviant,6,100,275.6029800847207,18.3365,21.037409204830265,15.635590795169739
39,deviant,7,100,291.3040914306054,18.354,21.208780096019932,15.499219903980066
39,deviant,8,100,250.95292596945666,19.1815,21.640838674500674,16.722161325499325
39,deviant,9,99,246.6122782617964,18.61919191919192,21.048167639723182,16.190216198660657
39,deviant,10,100,255.34464326103512,17.5085,20.010877503958145,15.006122496041858
40,background,1,100,579.1558671213239,36.0665,41.742227497788974,30.390772502211025
40,background,2,100,842.602817402563,40.2955,48.553007610545116,32.03799238945488
40,background,3,99,827.5413060131164,38.86919191919192,47.01995292026726,30.71843091811658
40,background,4,100,738.3870205422513,34.0855,41.321692801314065,26.849307198685942
40,background,5,100,768.0210797545653,35.756,43.28260658159474,28.22939341840526
40,background,6,100,706.8858167304935,33.452,40.37948100395884,26.524518996041163
40,background,7,100,733.0237089581324,35.815,42.998632347789695,28.6313676522103
40,background,8,100,608.8617443099956,30.6235,36.59034509423796,24.656654905762043
40,background,9,100,688.6297244299152,35.1665,41.91507129941317,28.41792870058683
40,background,10,100,568.4002458423854,29.9665,35.53682240925538,24.39617759074462
40,deviant,1,100,754.1104519128551,40.901,48.29128242874598,33.51071757125403
40,deviant,2,100,446.4896533250415,31.239,35.61459860258541,26.863401397414595
40,deviant,3,100,469.7666497987674,33.104,37.70771316802792,28.50028683197208
40,deviant,4,99,503.4888934122318,35.03989898989899,39.9989476888336,30.08085029096437
40,deviant,5,100,428.2667853963043,33.2415,37.43851449688378,29.04448550311622
40,deviant,6,100,403.6878484019161,32.352000000000004,36.30814091433878,28.395859085661225
40,deviant,7,100,460.0420261122604,36.2355,40.74391185590015,31.72708814409985
40,deviant,8,100,402.76434274830444,31.549,35.49609055893338,27.601909441066617
40,deviant,9,100,413.31416940576685,35.801500000000004,39.851978860176516,31.75102113982349
40,deviant,10,100,428.146015427349,34.261,38.456830951188024,30.06516904881198
41,background,1,100,551.5570782125054,21.532,26.937259366482554,16.126740633517446
41,background,2,99,612.7388707142794,21.42878787878788,27.463880091069225,15.393695666506535
41,background,3,100,689.5520971883429,23.549,30.30661055244576,16.791389447554238
41,background,4,100,648.0231233691069,21.226,27.576626609017246,14.875373390982752
41,background,5,100,702.5730754275954,23.268,30.153216139190434,16.382783860809567
41,background,6,99,553.0327843141994,19.042929292929294,24.489954133805142,13.595904452053446
41,background,7,99,555.3493660940404,19.463131313131314,24.93297302645779,13.993289599804836
41,background,8,100,509.04339593728974,18.691,23.679625280185437,13.70237471981456
41,background,9,100,580.9317221407982,21.6005,27.293630876979822,15.907369123020178
41,background,10,100,465.52871470031397,17.901,22.46318140406308,13.338818595936923
41,deviant,1,100,451.88194196458466,21.038,25.46644303125293,16.60955696874707
41,deviant,2,100,312.1659646304898,17.118,20.177226453378797,14.058773546621198
41,deviant,3,100,259.73551831369576,17.2375,19.78290807947422,14.692091920525783
41,deviant,4,100,263.5519223786343,16.65,19.232808839310614,14.067191160689383
41,deviant,5,99,268.13267532873977,18.006060606060608,20.646998692538247,15.365122519582966
41,deviant,6,98,321.09290752546667,19.28622448979592,22.464882102026195,16.107566877565645
41,deviant,7,100,249.60181447552353,18.2735,20.71959778186013,15.827402218139868
41,deviant,8,99,290.79903985217584,18.22070707070707,21.084894581293643,15.3565195601205
41,deviant,9,100,215.8184970854225,17.7515,19.86652127143714,15.63647872856286
41,deviant,10,100,268.11510685956466,18.541,21.168528047223734,15.913471952776266
42,background,1,100,572.8714951889299,34.2535,39.86764065285151,28.63935934714849
42,background,2,100,596.4263421236082,28.8965,34.74147815281136,23.05152184718864
42,background,3,100,622.7212120160489,29.6655,35.76816787775728,23.562832122242725
42,background,4,99,621.6307670364425,29.84747474747475,35.97014654187685,23.724802953072647
42,background,5,100,652.0251145469782,30.5565,36.946346122560385,24.166653877439614
42,background,6,100,719.7562361478255,32.6845,39.73811111424869,25.63088888575131
42,background,7,100,625.2732897238657,29.7525,35.88017823929388,23.62482176070612
42,background,8,99,569.2765468927254,29.135858585858585,34.74287426413884,23.52884290757833
42,background,9,100,519.8732664389415,27.700499999999998,32.79525801110162,22.605741988898373
42,background,10,99,448.4538408447642,25.825252525252527,30.242240596035323,21.40826445446973
42,deviant,1,100,543.1214994436278,33.176,38.49859069454755,27.85340930545245
42,deviant,2,100,392.66717190864944,30.1655,34.01363828470477,26.317361715295238
42,deviant,3,100,391.40032340034514,31.9835,35.81922316932338,28.147776830676616
42,deviant,4,100,400.08172849267214,30.818,34.73880093922819,26.897199060771815
42,deviant,5,100,412.61944044310246,32.0055,36.0491705163424,27.961829483657596
42,deviant,6,100,443.9340693106768,32.364,36.71455387924463,28.013446120755365
42,deviant,7,100,449.40012062865844,31.556,35.960121182160854,27.151878817839147
42,deviant,8,99,403.4388592561389,31.48131313131313,35.45493196634823,27.507694296278036
42,deviant,9,100,388.52589834425515,31.688,35.4955538037737,27.8804461962263
42,deviant,10,100,391.446027065371,31.8965,35.73267106524064,28.060328934759365
43,background,1,100,400.50069321183196,19.369,23.29390679347595,15.444093206524046
43,background,2,100,496.19783299978684,18.098,22.96073876339791,13.235261236602089
43,background,3,100,532.6201668217824,17.856,23.07567763485347,12.636322365146535
43,background,4,99,550.4414663656227,18.36919191919192,23.790693909276907,12.947689929106932
43,background,5,100,628.4097661641856,20.9695,27.12791570840902,14.81108429159098
43,background,6,100,492.2522860870173,17.0395,21.86357240365277,12.21542759634723
43,background,7,100,518.6675261008528,18.1805,23.263441755788357,13.09755824421164
43,background,8,100,482.85341297442693,17.3625,22.094463447149383,12.630536552850618
43,background,9,100,483.0841650544092,18.244,22.97822481753321,13.50977518246679
43,background,10,100,412.3626023167882,15.777,19.818153502704522,11.735846497295476
43,deviant,1,100,383.89352622007596,19.259500000000003,23.021656556956746,15.497343443043258
43,deviant,2,99,250.21835201321764,16.30757575757576,18.77206903485798,13.843082480293535
43,deviant,3,100,293.5648991279441,16.6905,19.567436011453854,13.813563988546148
43,deviant,4,99,296.24858871527044,17.344444444444445,20.262306581329444,14.426582307559446
43,deviant,5,100,250.60157096159844,17.302,19.757895395423663,14.846104604576336
43,deviant,6,100,210.3784121904847,17.2255,19.287208439466752,15.16379156053325
43,deviant,7,100,214.05280951942186,17.508,19.60571753329033,15.410282466709665
43,deviant,8,99,271.2621086310201,17.524242424242424,20.19600345904947,14.852481389435374
43,deviant,9,100,242.8918429433583,18.583,20.96334006084491,16.202659939155087
43,deviant,10,100,242.9965128621353,18.514,20.895365826048923,16.132634173951075
44,background,1,100,505.0095309157932,30.132,35.08109340297477,25.18290659702523
44,background,2,100,729.4975325523727,33.5145,40.66357581901325,26.365424180986746
44,background,3,100,561.2424351852161,27.1045,32.60467586481512,21.604324135184886
44,background,4,100,718.3480335940376,32.7855,39.82531072922157,25.74568927077843
44,background,5,100,597.8734948042719,29.292,35.15116024908187,23.432839750918138
44,background,6,100,674.3639244737066,31.2515,37.86026645984232,24.64273354015768
44,background,7,100,705.4563155560339,34.3735,41.28697189244913,27.46002810755087
44,background,8,100,661.0620840339948,31.948999999999998,38.427408423533144,25.47059157646685
44,background,9,100,574.1573986469673,28.4065,34.03324250674028,22.779757493259723
44,background,10,100,509.91003850524544,27.445,32.442118377351406,22.447881622648595
44,deviant,1,100,420.4524192368326,27.681,31.80143370852096,23.56056629147904
44,deviant,2,100,439.1913651964914,29.3665,33.67057537892561,25.062424621074385
44,deviant,3,99,415.02914926164175,29.513131313131314,33.60090720967085,25.425355416591778
44,deviant,4,100,430.2904282360682,31.993,36.20984619671347,27.77615380328653
44,deviant,5,100,384.47384758093,30.999499999999998,34.76734370629311,27.231656293706884
44,deviant,6,100,406.3067417863659,31.128,35.109806069506384,27.146193930493617
44,deviant,7,100,430.99674867499994,31.5195,35.743268137015,27.295731862985
44,deviant,8,100,394.76530002681744,30.215,34.08369994026281,26.34630005973719
44,deviant,9,100,362.4244276942073,32.6115,36.16325939140323,29.05974060859677
44,deviant,10,100,396.7470160402497,34.263,38.15112075719445,30.37487924280555
45,background,1,99,313.47449321234546,15.657575757575758,18.745102211592478,12.570049303559038
45,background,2,100,499.4065926045051,17.6225,22.516684607524148,12.72831539247585
45,background,3,100,530.1912738268193,17.9375,23.133374483502827,12.741625516497171
45,background,4,100,468.2267163402114,15.965,20.553621820134072,11.376378179865927
45,background,5,99,557.780970028842,18.61111111111111,24.104902592718435,13.117319629503786
45,background,6,100,589.220388131193,19.4085,25.18285980368569,13.63414019631431
45,background,7,100,600.2003130534619,21.009,26.890963067923927,15.127036932076074
45,background,8,100,438.9825437124016,15.144,19.446028928381537,10.841971071618463
45,background,9,100,469.9615689774958,17.1545,21.760123375979457,12.54887662402054
45,background,10,100,335.8460839510611,13.5935,16.8847916227204,10.302208377279602
45,deviant,1,100,311.42621834663214,16.311,19.362976939796994,13.259023060203006
45,deviant,2,100,248.86211570180572,15.295,17.733848733877696,12.856151266122303
45,deviant,3,100,191.64926160484993,16.2405,18.11866276372753,14.362337236272472
45,deviant,4,100,273.1221531225832,16.75,19.426597100601317,14.073402899398685
45,deviant,5,100,279.75350992577285,16.809,19.550584397272576,14.067415602727428
45,deviant,6,99,288.47866837127344,18.03131313131313,20.872646443278892,15.189979819347366
45,deviant,7,100,202.96361483617798,16.7985,18.787543425394546,14.809456574605456
45,deviant,8,100,220.69034629400633,16.6605,18.82326539368126,14.497734606318737
45,deviant,9,100,224.6552212192109,17.561,19.762621167948268,15.359378832051734
45,deviant,10,100,219.04022101215256,19.1385,21.285094165919094,16.991905834080907
46,background,1,100,583.1329811322719,33.165,38.879703215096264,27.450296784903735
46,background,2,100,744.9144263817016,34.524499999999996,41.82466137854067,27.22433862145932
46,background,3,100,738.121422403202,32.0435,39.27708993955138,24.809910060448622
46,background,4,100,637.7151773075665,29.373,35.62260873761415,23.12339126238585
46,background,5,100,750.747148898314,34.5085,41.865822059203474,27.151177940796522
46,background,6,100,690.2135634409791,32.241,39.0050929217216,25.476907078278405
46,background,7,100,603.8346845915606,28.611,34.528579908997294,22.693420091002707
46,background,8,100,577.5072134432152,29.0185,34.67807069174351,23.358929308256492
46,background,9,100,604.7601025025934,30.5095,36.43614900452542,24.582850995474583
46,background,10,100,513.463397455277,27.3945,32.426441295061714,22.362558704938287
46,deviant,1,99,497.33112976323827,28.51010101010101,33.40849961285389,23.611702407348133
46,deviant,2,100,437.72719814971515,29.245,33.53472654186721,24.955273458132794
46,deviant,3,100,383.47406760603207,31.0535,34.81154586253911,27.295454137460887
46,deviant,4,100,446.5238309194117,31.621,35.99693354301023,27.245066456989765
46,deviant,5,100,427.7927314163152,32.121,36.313368767879894,27.928631232120114
46,deviant,6,100,406.1216080514748,32.4705,36.450491758904455,28.490508241095547
46,deviant,7,99,394.7348010473547,32.43838383838384,36.32627317848769,28.550494498279996
46,deviant,8,100,402.33665531557807,33.773,37.715899222092666,29.830100777907337
46,deviant,9,99,413.56651918340015,34.49747474747475,38.570844658338274,30.42410483661122
46,deviant,10,100,377.0069558202369,32.408500000000004,36.103168167038326,28.71383183296168
47,background,1,100,346.6984773697836,16.2805,19.678145078223878,12.882854921776122
47,background,2,100,607.7548956264316,20.5385,26.494497977139027,14.58250202286097
47,background,3,100,603.222482304742,19.764,25.67558032658647,13.852419673413529
47,background,4,100,532.9676893534324,17.581,22.804083355663636,12.357916644336363
47,background,5,100,575.4088317746005,18.6285,24.267506551391083,12.989493448608915
47,background,6,100,503.1084219236707,17.116,22.046462534851972,12.185537465148027
47,background,7,100,553.238135173748,19.5735,24.99523372470273,14.15176627529727
47,background,8,100,513.8723064813097,18.814,23.849948603516836,13.778051396483164
47,background,9,100,402.5698468327543,15.7695,19.71468449896099,11.824315501039008
47,background,10,100,455.7573107650489,18.278,22.74442164549748,13.811578354502519
47,deviant,1,100,303.59976683300107,15.2355,18.21077771496341,12.26022228503659
47,deviant,2,100,212.54419354695693,15.8355,17.91843309676018,13.752566903239822
47,deviant,3,100,218.59353050570223,15.751,17.89321659895588,13.608783401044118
47,deviant,4,100,240.36208979480585,15.8185,18.174048479989096,13.462951520010902
47,deviant,5,100,216.01700712772833,16.693,18.80996666985174,14.576033330148263
47,deviant,6,100,249.64940680039572,17.807,20.253564186643878,15.360435813356121
47,deviant,7,100,248.57272577658236,17.183,19.619012712610505,14.746987287389492
47,deviant,8,100,282.13925732927663,17.7755,20.54046472182691,15.01053527817309
47,deviant,9,100,250.2126095943208,17.226499999999998,19.67858357402434,14.774416425975653
47,deviant,10,98,191.3507801202587,17.05,18.944276078917195,15.155723921082808
48,background,1,100,416.79873976978894,28.218,32.30262764974393,24.133372350256067
48,background,2,100,381.62422272232794,24.304,28.043917382678814,20.564082617321183
48,background,3,99,401.78401830886844,23.315656565656568,27.27297625893525,19.358336872377887
48,background,4,99,404.8139598695469,23.594949494949496,27.58211220552395,19.607786784375044
48,background,5,100,358.29682637371167,23.174,26.685308898462374,19.662691101537625
48,background,6,100,410.2533075013405,24.3295,28.349982413513136,20.309017586486863
48,background,7,100,315.3991581272347,21.4715,24.5624117496469,18.3805882503531
48,background,8,99,329.86737765669596,21.906565656565657,25.155551704506294,18.65757960862502
48,background,9,100,323.01701926809073,21.932,25.097566788827287,18.76643321117271
48,background,10,99,353.18198678510447,22.965656565656566,26.444276839053177,19.487036292259955
48,deviant,1,100,401.2556115364292,28.4395,32.371804993057005,24.507195006942993
48,deviant,2,100,349.3966340632618,27.2475,30.671587013819966,23.82341298618003
48,deviant,3,100,336.2830848524718,26.1225,29.418074231554222,22.826925768445776
48,deviant,4,99,348.94503412730387,28.95050505050505,32.387394007004644,25.513616094005457
48,deviant,5,100,318.39562034147326,29.526500000000002,32.64677707934644,26.406222920653565
48,deviant,6,100,388.99397235216355,31.692,35.504140929051204,27.879859070948797
48,deviant,7,100,317.8149908689844,28.707,31.821586910516046,25.592413089483955
48,deviant,8,100,325.59897032036855,29.711000000000002,32.90186990913961,26.52013009086039
48,deviant,9,100,351.8775429935219,30.268,33.71639992133652,26.819600078663484
48,deviant,10,100,319.8285642751689,29.828,32.96231992989665,26.693680070103344
49,background,1,100,251.12158933787222,15.057,17.517991575511147,12.596008424488852
49,background,2,99,254.91459870234766,12.846464646464646,15.357212997768013,10.33571629516128
49,background,3,100,221.39925236406833,11.6415,13.81121267316787,9.471787326832132
49,background,4,100,284.5988635920648,12.6685,15.457568863202235,9.879431136797765
49,background,5,99,192.52971062587778,11.645454545454546,13.541751014905767,9.749158076003326
49,background,6,100,277.02975329470723,12.546,15.26089158228813,9.831108417711869
49,background,7,100,255.89941486122206,12.549999999999999,15.057814265639974,10.042185734360023
49,background,8,100,249.82307950353902,12.1115,14.559766179134682,9.663233820865317
49,background,9,100,276.18323913472256,12.6725,15.379095743520281,9.965904256479718
49,background,10,100,201.053946675225,11.736,13.706328677417206,9.765671322582795
49,deviant,1,100,199.7253311293708,14.9375,16.894808245067836,12.980191754932166
49,deviant,2,100,160.14574776220502,14.3545,15.923928328069609,12.78507167193039
49,deviant,3,100,183.4413860208845,15.166,16.963725583004667,13.368274416995332
49,deviant,4,100,172.43631166012386,14.6985,16.388375854269214,13.008624145730785
49,deviant,5,100,194.21197724461578,15.7835,17.686777376997235,13.880222623002766
49,deviant,6,100,170.04461488865675,15.4995,17.165937225908834,13.833062774091163
49,deviant,7,100,194.55232011764312,17.617,19.523612737152902,15.710387262847098
49,deviant,8,100,173.36842424823436,15.959999999999999,17.659010557632694,14.260989442367302
49,deviant,9,100,176.9555103170821,16.459,18.193164001107405,14.724835998892596
49,deviant,10,100,176.37540704567147,16.518,18.24647898904758,14.78952101095242
50,background,1,100,393.9252467156681,26.204,30.064467417813546,22.343532582186455
50,background,2,99,419.3483760864179,24.315656565656564,28.445974127853603,20.185339003459525
50,background,3,100,362.95267561603964,23.0605,26.617436221037188,19.503563778962814
50,background,4,100,346.4952380625165,21.8975,25.29315333301266,18.50184666698734
50,background,5,100,443.24807121021854,24.425,28.768831097860144,20.081168902139858
50,background,6,100,397.85152943489396,23.2745,27.17344498846196,19.37555501153804
50,background,7,100,358.94352656533295,22.8035,26.321146560340264,19.285853439659736
50,background,8,99,320.6825081800247,21.675252525252525,24.83377338990087,18.51673166060418
50,background,9,100,335.9825927508432,22.1295,25.422129408958263,18.836870591041738
50,background,10,100,353.01353783493454,21.77,25.22953267078236,18.31046732921764
50,deviant,1,100,322.38312855816037,23.8655,27.024854659869973,20.70614534013003
50,deviant,2,100,311.3986022346346,25.803,28.85470630189942,22.751293698100582
50,deviant,3,100,307.5580304678503,26.406,29.42006869858493,23.391931301415067
50,deviant,4,100,294.491720909452,27.341,30.22701886491263,24.454981135087372
50,deviant,5,100,319.86319855443463,28.9485,32.08315934583346,25.81384065416654
50,deviant,6,100,358.3461205388768,29.643,33.154791981280994,26.131208018719008
50,deviant,7,100,344.6946894678949,29.2715,32.64950795678537,25.89349204321463
50,deviant,8,100,333.86683052725647,29.5125,32.784394939167115,26.240605060832884
50,deviant,9,99,298.55023821267014,27.56919191919192,30.509723854944035,24.628659983439803
50,deviant,10,100,336.869477300693,30.3495,33.65082087754679,27.048179122453206
51,background,1,100,179.09752562280283,13.4625,15.217655751103468,11.707344248896533
51,background,2,100,309.29936103529553,13.264,16.295133738145896,10.232866261854102
51,background,3,100,324.907363315826,13.755,16.939092160495093,10.570907839504907
51,background,4,100,245.15693684701344,12.2305,14.633037981100731,9.827962018899267
51,background,5,100,225.42208363306753,11.733,13.942136419604063,9.523863580395938
51,background,6,100,335.4046064084391,13.377500000000001,16.664465142802705,10.090534857197298
51,background,7,100,235.60131913668775,12.0975,14.406392927539539,9.788607072460461
51,background,8,100,292.6846875321452,13.183,16.051309937815024,10.314690062184978
51,background,9,100,250.24065259371088,12.469,14.921358395418366,10.016641604581633
51,background,10,100,205.98779984312313,11.882,13.900680438462606,9.863319561537393
51,deviant,1,100,138.92882501861385,12.3385,13.700002485182416,10.976997514817583
51,deviant,2,99,152.20535816005813,13.924747474747475,15.423874452979597,12.425620496515354
51,deviant,3,100,157.2088453383956,14.573,16.113646684316276,13.032353315683723
51,deviant,4,100,195.53992727290952,15.877,17.793291287274513,13.960708712725488
51,deviant,5,100,181.88658988212234,15.669,17.4514885808448,13.886511419155202
51,deviant,6,100,176.1224454448486,15.039,16.764999965359515,13.313000034640483
51,deviant,7,99,187.66781262309433,16.312626262626264,18.161036096879524,14.464216428373003
51,deviant,8,100,179.93631183224096,16.2425,18.00587585595596,14.479124144044038
51,deviant,9,100,192.49947368349106,17.047,18.933494842098213,15.160505157901788
51,deviant,10,100,194.8669789207094,16.8895,18.799196393422953,14.97980360657705
52,background,1,99,354.56514507952295,24.449494949494948,27.941738461517282,20.957251437472614
52,background,2,100,423.4318717338127,23.9065,28.056132342991365,19.756867657008637
52,background,3,100,405.85938062598143,23.549,27.526421930134617,19.57157806986538
52,background,4,100,359.87685393756567,23.0735,26.60029316858814,19.546706831411857
52,background,5,100,412.04772973400463,23.822,27.860067751393245,19.783932248606753
52,background,6,99,394.75644389927317,22.89949494949495,26.787597458067957,19.011392440921945
52,background,7,99,355.74429388477745,22.596464646464646,26.100322032050148,19.092607260879145
52,background,8,100,321.687924940666,21.414,24.56654166441853,18.261458335581473
52,background,9,100,361.74877877799173,22.562,26.10713803202432,19.016861967975682
52,background,10,100,318.7544261818592,21.894,25.01779337658222,18.770206623417778
52,deviant,1,100,352.29604401920113,24.6355,28.08800123138817,21.18299876861183
52,deviant,2,100,289.3232439222335,25.2945,28.12986779043789,22.45913220956211
52,deviant,3,100,338.0460533869998,27.2555,30.5683513231926,23.9426486768074
52,deviant,4,100,295.3248434485232,26.402,29.29618346579553,23.507816534204473
52,deviant,5,100,346.14616246532853,29.4575,32.84973239216022,26.06526760783978
52,deviant,6,100,356.0398188848811,30.13,33.61919022507183,26.640809774928165
52,deviant,7,100,328.7012081062775,28.968,32.18927183944152,25.74672816055848
52,deviant,8,100,314.07685113846367,27.321,30.398953141156944,24.24304685884306
52,deviant,9,100,356.21070051009804,31.852,35.34286486499896,28.36113513500104
52,deviant,10,100,332.4798213109292,30.75,34.00830224884711,27.491697751152895
53,background,1,100,157.2040912819685,12.557,14.097600094563292,11.016399905436709
53,background,2,100,246.81801840734062,12.4515,14.870316580391938,10.03268341960806
53,background,3,100,306.68048262165723,12.7125,15.717968729692242,9.707031270307759
53,background,4,100,228.72876375397354,11.902,14.14354188478894,9.660458115211059
53,background,5,100,191.4299583329851,11.3905,13.266513591663253,9.514486408336746
53,background,6,100,207.499727330195,11.279,13.31249732783591,9.24550267216409
53,background,7,100,274.9802289543549,12.434,15.128806243752678,9.739193756247321
53,background,8,100,199.91926660003222,11.291500000000001,13.250708812680317,9.332291187319685
53,background,9,100,227.79335048748854,11.803,14.03537483477739,9.570625165222612
53,background,10,100,274.59609572875155,12.712,15.403041738141765,10.020958261858235
53,deviant,1,100,215.47228421112047,12.397,14.508628385268981,10.28537161473102
53,deviant,2,100,168.1369272818719,13.925,15.572741887362344,12.277258112637657
53,deviant,3,100,157.14099434986136,14.0035,15.543481744628641,12.46351825537136
53,deviant,4,100,173.2849493874483,15.691,17.389192503996995,13.992807496003007
53,deviant,5,100,189.40627455843503,15.197,17.053181490672664,13.340818509327336
53,deviant,6,100,164.46858602624903,15.417,17.02879214305724,13.80520785694276
53,deviant,7,100,169.7789817132231,16.2925,17.956334020789587,14.628665979210414
53,deviant,8,100,185.05315025973658,16.44,18.25352087254542,14.626479127454584
53,deviant,9,100,176.04548604805163,16.546499999999998,18.271745763270903,14.821254236729093
53,deviant,10,100,185.22255461158642,16.129,17.944181035193548,14.313818964806455
54,background,1,100,319.0571760342453,26.3035,29.430260325135603,23.176739674864397
54,background,2,100,550.3562984677816,27.8705,33.26399172498426,22.47700827501574
54,background,3,100,549.2360986909574,27.939500000000002,33.322013767171384,22.55698623282862
54,background,4,100,374.6156697203147,22.485,26.156233563259082,18.813766436740917
54,background,5,100,583.2689909376923,28.198,33.91403611118938,22.48196388881062
54,background,6,100,455.33269502408325,23.605,28.067260411236017,19.142739588763984
54,background,7,100,505.76899501233714,26.6535,31.610036151120905,21.696963848879097
54,background,8,100,531.1930638220266,27.2325,32.43819202545586,22.02680797454414
54,background,9,100,436.7256636186588,24.649,28.928911503462857,20.369088496537145
54,background,10,100,465.24752891111063,25.854,30.413425783328883,21.294574216671116
54,deviant,1,100,402.1782859432002,27.913,31.85434720224336,23.97165279775664
54,deviant,2,100,309.0217204084699,26.3675,29.395912860003005,23.339087139996995
54,deviant,3,100,353.1352171321169,27.0515,30.512225127894745,23.590774872105257
54,deviant,4,100,372.23913507879655,28.027,31.674943523772207,24.379056476227795
54,deviant,5,100,387.0394138776267,29.1925,32.98548625600074,25.399513743999258
54,deviant,6,100,360.8482586759616,28.0105,31.546812935024423,24.474187064975577
54,deviant,7,100,386.36123675021787,29.228,33.014340120152134,25.441659879847865
54,deviant,8,100,326.96144549794434,29.1645,32.36872216587985,25.960277834120145
54,deviant,9,100,376.897347465216,28.813,32.506594005159116,25.119405994840882
54,deviant,10,100,354.2857937939518,29.9725,33.44450077918073,26.500499220819272
55,background,1,100,242.5683897052757,15.5105,17.8876702191117,13.133329780888298
55,background,2,99,375.0256026347787,14.604545454545455,18.298311595461065,10.910779313629847
55,background,3,100,469.2607231761352,16.092,20.690755087126124,11.493244912873873
55,background,4,100,412.70520573661935,14.8305,18.87501101621887,10.785988983781131
55,background,5,99,372.7846563366041,13.516161616161616,17.187855846515244,9.844467385807988
55,background,6,100,415.77654993239366,16.0485,20.12311018933746,11.973889810662543
55,background,7,99,361.86817532879206,14.032828282828282,17.59700204620229,10.468654519454272
55,background,8,100,317.46815008090095,13.218,16.32918787079283,10.10681212920717
55,background,9,100,377.72880483225003,14.6535,18.35524228735605,10.95175771264395
55,background,10,100,308.8397429770094,13.3985,16.425129481174693,10.371870518825308
55,deviant,1,100,343.82516977152954,16.297,19.666486663760992,12.927513336239011
55,deviant,2,100,154.55336329327537,14.162,15.676622960274099,12.647377039725903
55,deviant,3,100,172.98298516875798,14.3575,16.052733254653827,12.662266745346171
55,deviant,4,100,233.4306726789957,16.314,18.601620592254157,14.026379407745843
55,deviant,5,100,180.85133470106848,14.819,16.591343080070473,13.04665691992953
55,deviant,6,100,195.55131914935433,15.4565,17.372902927663674,13.540097072336328
55,deviant,7,100,220.8718073072204,15.6525,17.817043711610758,13.48795628838924
55,deviant,8,100,232.92272832083398,15.6605,17.943142737544175,13.377857262455828
55,deviant,9,100,232.76621431452585,16.061,18.342108900282355,13.779891099717647
55,deviant,10,100,227.0903077956804,17.2375,19.462985016397667,15.012014983602333
56,background,1,100,422.4128686237523,25.654,29.79364611251277,21.51435388748723
56,background,2,100,420.32381001218323,23.43,27.549173338119395,19.310826661880604
56,background,3,100,546.7019249434212,25.997,31.35467886444553,20.63932113555447
56,background,4,99,577.2286398227127,28.502525252525253,34.18786404103542,22.817186464015087
56,background,5,100,595.628480549835,28.3485,34.18565910938838,22.51134089061162
56,background,6,100,462.74608815771,23.992,28.526911663945558,19.457088336054444
56,background,7,100,513.4595484502522,25.7785,30.810403574812472,20.74659642518753
56,background,8,100,503.1860569359377,26.2195,31.15072335797219,21.28827664202781
56,background,9,99,569.5238870273457,29.026262626262625,34.635714449190424,23.416810803334826
56,background,10,100,489.68026625329185,26.211000000000002,31.009866609282263,21.41213339071774
56,deviant,1,100,381.25388695171296,25.151,28.887288092126788,21.414711907873212
56,deviant,2,100,388.0820619947607,26.4295,30.232704207548657,22.626295792451344
56,deviant,3,100,344.4028546858889,24.938,28.31314797592171,21.56285202407829
56,deviant,4,99,405.5135405617763,27.765656565656567,31.759709705726074,23.77160342558706
56,deviant,5,99,355.43275328149366,29.095959595959595,32.596748502689664,25.595170689229526
56,deviant,6,100,398.0297562269753,29.235500000000002,33.13619161102436,25.334808388975645
56,deviant,7,100,289.1541293606505,28.099,30.932710467734374,25.265289532265626
56,deviant,8,100,338.8985448245692,28.7325,32.05370573928078,25.411294260719224
56,deviant,9,100,351.02863880765904,30.285,33.72508066031506,26.844919339684942
56,deviant,10,100,340.62834740025903,28.8685,32.206657804522536,25.530342195477463
57,background,1,100,313.201805634373,14.4755,17.544877695216854,11.406122304783144
57,background,2,99,310.59807333255424,13.076767676767677,16.135963205417212,10.017572148118143
57,background,3,99,364.77137396341544,13.452020202020202,17.044788644641663,9.85925175939874
57,background,4,100,359.9784350266145,13.573,17.100788663260822,10.045211336739179
57,background,5,100,370.9981522155716,13.7775,17.4132818917126,10.141718108287398
57,background,6,100,355.22825501062647,13.3865,16.867736899104138,9.90526310089586
57,background,7,100,371.2513831269646,13.955,17.593263554644253,10.316736445355748
57,background,8,100,381.7481361757831,14.4415,18.182631734522673,10.700368265477326
57,background,9,100,405.23464287925043,15.519,19.490299500216654,11.547700499783346
57,background,10,100,374.920349435787,15.099,18.773219424470714,11.424780575529288
57,deviant,1,100,241.22883326833056,13.3245,15.68854256602964,10.960457433970362
57,deviant,2,99,257.27501668550394,14.515656565656565,17.049653548422253,11.981659582890877
57,deviant,3,100,231.85996227305642,15.137,17.409227630275954,12.864772369724047
57,deviant,4,100,295.98099156604815,15.383,18.283613717347272,12.482386282652728
57,deviant,5,100,232.19833854068085,15.313,17.588543717698673,13.037456282301328
57,deviant,6,100,165.25104506397787,14.7865,16.405960241626982,13.167039758373017
57,deviant,7,100,239.696579032743,16.6445,18.993526474520884,14.29547352547912
57,deviant,8,100,254.56159424225385,15.872,18.36670362357409,13.377296376425912
57,deviant,9,100,221.18438961763627,16.6075,18.775107018252836,14.439892981747166
57,deviant,10,100,201.09479958729077,16.8705,18.84122903595545,14.899770964044551
58,background,1,100,326.7069264485736,24.617,27.81872787919602,21.41527212080398
58,background,2,99,558.5907974066242,27.145454545454545,32.6472223170192,21.64368677388989
58,background,3,100,500.5867504607391,25.197,30.102750154515242,20.291249845484757
58,background,4,99,543.5902070106623,26.0510101010101,31.40503149870303,20.69698870331717
58,background,5,100,522.6517029835251,25.6035,30.725486689238547,20.481513310761454
58,background,6,100,506.11765846542676,26.099,31.058953052961183,21.139046947038818
58,background,7,100,457.2202883788767,24.6465,29.127258826112993,20.165741173887007
58,background,8,100,591.826726064488,28.932,34.731901915431976,23.132098084568018
58,background,9,100,501.5466473556416,25.4305,30.345657144085287,20.51534285591471
58,background,10,100,424.92173892438876,24.125,28.28923304145901,19.96076695854099
58,deviant,1,100,371.8439896402507,24.337,27.981071098474455,20.692928901525544
58,deviant,2,100,347.0021917115677,25.669,29.069621478773364,22.268378521226637
58,deviant,3,99,339.2790033368749,26.939393939393938,30.28107857650869,23.597709302279185
58,deviant,4,99,326.739490629526,27.51212121212121,30.730299541569035,24.293942882673388
58,deviant,5,100,329.38288390644453,26.546,29.773952262283157,23.318047737716842
58,deviant,6,100,357.35775234055683,28.653,32.155105972937456,25.15089402706254
58,deviant,7,100,357.60853707577184,30.0945,33.59906366334256,26.589936336657438
58,deviant,8,100,348.81957710028416,28.8395,32.25793185558278,25.421068144417216
58,deviant,9,100,350.6929306087412,29.477,32.91379071996566,26.040209280034336
58,deviant,10,100,352.5945673820973,29.8205,33.275926760344554,26.365073239655445
59,background,1,99,213.78518485423137,13.28080808080808,15.386457592990778,11.175158568625383
59,background,2,100,292.1791672749337,12.8925,15.755855839294352,10.029144160705648
59,background,3,100,440.1612802502952,15.135,19.44858054645289,10.821419453547108
59,background,4,100,428.1968005485328,15.529,19.72532864537562,11.33267135462438
59,background,5,100,467.0527807432474,15.527,20.104117251283824,10.949882748716174
59,background,6,100,467.35317142617663,16.6035,21.18356107997653,12.02343892002347
59,background,7,100,471.2763743841098,16.642,21.260508468964275,12.023491531035724
59,background,8,100,456.062755377048,16.961,21.43041500269507,12.491584997304928
59,background,9,100,332.1036379141148,13.299,16.553615651558324,10.044384348441675
59,background,10,100,345.25935331665033,14.302,17.685541662503173,10.918458337496826
59,deviant,1,99,192.33370807832384,13.007575757575758,14.901941725299626,11.11320978985189
59,deviant,2,100,148.4320241372248,13.0635,14.518133836544802,11.608866163455197
59,deviant,3,100,243.49595263036394,15.111,17.49726033577757,12.724739664222433
59,deviant,4,99,203.38345945269833,14.843434343434343,16.846633407366706,12.840235279501979
59,deviant,5,100,191.3916211112152,15.372,17.24763788688991,13.496362113110091
59,deviant,6,100,231.39396798761337,16.3,18.56766088627861,14.03233911372139
59,deviant,7,99,207.903437859224,15.227777777777778,17.275495784092733,13.180059771462822
59,deviant,8,100,196.28484940326686,15.839,17.762591524152015,13.915408475847984
59,deviant,9,100,239.46571010436853,17.335,19.681763959022813,14.988236040977188
59,deviant,10,100,209.7159796135315,16.6055,18.66071660021261,14.550283399787391
60,background,1,99,337.44096949649855,26.528787878787877,29.852369039452647,23.205206718123108
60,background,2,99,398.379724964961,24.897979797979797,28.821769344518827,20.974190251440767
60,background,3,100,371.97008934647016,24.23,27.87530687559541,20.58469312440459
60,background,4,98,445.48956512086664,25.09591836734694,29.50604006157429,20.68579667311959
60,background,5,100,383.7194733272294,23.2205,26.98095083860685,19.46004916139315
60,background,6,100,333.7128217021651,22.463,25.733385652681218,19.192614347318784
60,background,7,100,414.66354782490447,23.38,27.443702768684062,19.316297231315936
60,background,8,100,399.66109985441676,23.95,27.866678778573284,20.033321221426714
60,background,9,100,389.14135572673587,23.587,27.40058528612201,19.77341471387799
60,background,10,100,363.0962319884503,23.053,26.611343073486815,19.494656926513187
60,deviant,1,99,390.7132344558442,28.36262626262626,32.210905703019804,24.514346822232714
60,deviant,2,100,317.5674192820694,26.7415,29.853660708964277,23.62933929103572
60,deviant,3,100,284.9163681540696,26.287,29.07918040790988,23.494819592090117
60,deviant,4,100,345.08397910013,29.322,32.70382299518128,25.940177004818725
60,deviant,5,100,328.3631053382344,29.4715,32.689458432314694,26.253541567685303
60,deviant,6,100,325.91828972757475,28.111,31.304999239330233,24.91700076066977
60,deviant,7,100,330.89879992147706,29.026,32.268808239230474,25.783191760769526
60,deviant,8,100,354.8444247687621,29.9625,33.43997536273387,26.48502463726613
60,deviant,9,100,315.71166475624227,28.7945,31.888474314611173,25.700525685388826
60,deviant,10,100,344.35948169257506,30.666,34.040722920587235,27.291277079412765
61,background,1,100,194.8723873934454,14.996,16.905749396455764,13.086250603544237
61,background,2,100,180.33905931824498,12.0455,13.8128227813188,10.2781772186812
61,background,3,99,248.85946678904207,12.592424242424242,15.04353335554491,10.141315129303575
61,background,4,100,392.01106657311277,14.9095,18.751208452416506,11.067791547583495
61,background,5,100,259.61761354568745,12.35,14.894252612747737,9.805747387252262
61,background,6,100,274.3738229803312,13.105,15.793863465207247,10.416136534792754
61,background,7,100,305.0304773383524,13.0185,16.007798677915854,10.029201322084146
61,background,8,100,337.9942968998768,13.275500000000001,16.587844109618793,9.96315589038121
61,background,9,100,294.8173520209277,12.9665,15.85571004980509,10.07728995019491
61,background,10,100,259.8046330772818,12.592,15.138085404157362,10.045914595842639
61,deviant,1,100,221.06661891837047,15.2955,17.46195286540003,13.12904713459997
61,deviant,2,100,165.21214432231957,14.575,16.19407901435873,12.955920985641267
61,deviant,3,99,180.39671195509789,14.182828282828282,15.959622352008592,12.406034213647972
61,deviant,4,100,157.93843737355388,14.8355,16.383296686260827,13.287703313739172
61,deviant,5,100,169.2774816373214,15.2105,16.86941932004575,13.55158067995425
61,deviant,6,100,216.7696873836862,16.2705,18.394842936360124,14.146157063639874
61,deviant,7,100,209.42208072392185,16.2395,18.291836391094435,14.187163608905566
61,deviant,8,100,179.33072211625324,16.5565,18.313941076739283,14.799058923260718
61,deviant,9,100,192.71758038506422,16.5385,18.427132287773627,14.64986771222637
61,deviant,10,100,214.04010937451102,16.24,18.337593071870206,14.142406928129791
62,background,1,100,305.7780455786431,24.0975,27.094124846670702,21.100875153329298
62,background,2,100,338.16044930429723,23.721,27.034972403182113,20.407027596817887
62,background,3,100,340.55722140725715,21.971,25.308460769791118,18.633539230208882
62,background,4,100,403.7430690296413,23.3675,27.324182076490484,19.410817923509516
62,background,5,100,458.5014980174117,25.7445,30.237814680570633,21.251185319429364
62,background,6,100,399.1914723274376,22.84,26.752076428808888,18.927923571191112
62,background,7,99,363.5739156007526,22.10151515151515,25.682489382957204,18.5205409200731
62,background,8,100,428.9092776113063,24.252,28.4553109205908,20.048689079409197
62,background,9,100,418.6090501196853,23.925,28.027368691172917,19.822631308827084
62,background,10,100,403.28428330136376,24.9475,28.899685976353368,20.995314023646635
62,deviant,1,99,326.87595426045675,24.62929292929293,27.848815339613786,21.409770518972074
62,deviant,2,100,335.81702411314785,25.419,28.71000683630885,22.12799316369115
62,deviant,3,100,333.8818653356303,27.196,30.46804228028918,23.923957719710824
62,deviant,4,100,320.2875024263768,27.487000000000002,30.625817523778494,24.34818247622151
62,deviant,5,100,343.24513643198287,29.3805,32.74430233703343,26.016697662966568
62,deviant,6,100,372.64206404368383,28.883499999999998,32.5353922276281,25.231607772371895
62,deviant,7,100,322.9769260130546,28.275000000000002,31.440173874927936,25.10982612507207
62,deviant,8,100,339.1387582810627,32.1705,35.49405983115441,28.846940168845585
62,deviant,9,100,319.53735058839777,27.7725,30.9039660357663,24.641033964233703
62,deviant,10,99,346.4492216153685,30.417171717171716,33.82947849131925,27.004864943024184
63,background,1,100,157.86122319769882,13.2325,14.779539987337449,11.685460012662551
63,background,2,99,178.14425703847274,12.121717171717172,13.87632597768741,10.367108365746935
63,background,3,100,220.08362047185614,12.366,14.52281948062419,10.20918051937581
63,background,4,100,334.8749216616478,13.855500000000001,17.13727423228415,10.573725767715853
63,background,5,98,296.90514168315565,13.277551020408163,16.216761967154532,10.338340073661795
63,background,6,99,322.3685166487506,13.217676767676767,16.392803754550698,10.042549780802839
63,background,7,100,304.8792254406049,12.922,15.909816409317928,9.934183590682073
63,background,8,99,229.56506358993875,12.008585858585858,14.269657244294546,9.747514472877171
63,background,9,100,293.78064229876287,13.2295,16.108550294527877,10.350449705472123
63,background,10,100,272.1711584163249,12.5135,15.180777352479984,9.846222647520017
63,deviant,1,100,165.23644940062806,13.164,14.783317204126154,11.544682795873845
63,deviant,2,99,152.1568529338618,13.802525252525253,15.301174484809037,12.30387602024147
63,deviant,3,99,161.76823089320038,14.392424242424243,15.98573949810569,12.799108986742795
63,deviant,4,100,209.32923576836652,14.8145,16.86592651052999,12.76307348947001
63,deviant,5,99,167.39430286475985,14.465656565656566,16.11438508914933,12.816928042163802
63,deviant,6,100,183.11004025477487,15.3905,17.18497839449679,13.596021605503205
63,deviant,7,100,186.02806805765402,15.525,17.34807506696501,13.701924933034991
63,deviant,8,100,185.06330353635613,15.808,17.62162037465629,13.99437962534371
63,deviant,9,100,228.6792225850553,17.1825,19.423556381333544,14.941443618666458
63,deviant,10,100,213.71883891052553,17.117,19.21144462132315,15.02255537867685
64,background,1,100,338.99003633859525,25.700499999999998,29.02260235611823,22.378397643881765
64,background,2,100,425.6338987786026,24.564,28.735212208030305,20.392787791969695
64,background,3,99,424.71548061459237,24.761111111111113,28.944291274798942,20.577930947423283
64,background,4,99,431.89283210196083,24.567171717171718,28.821044275510026,20.31329915883341
64,background,5,100,450.6061005964488,24.965,29.3809397858452,20.5490602141548
64,background,6,100,396.50952069275706,22.730999999999998,26.616793302789016,18.84520669721098
64,background,7,100,421.6734549762162,23.8475,27.97989985876692,19.71510014123308
64,background,8,100,398.2477012852018,23.883,27.785827472594978,19.98017252740502
64,background,9,100,373.4721894810769,22.9765,26.636527456914557,19.316472543085446
64,background,10,100,415.8498938445533,23.8855,27.960828959676622,19.81017104032338
64,deviant,1,100,334.252232996517,24.4445,27.720171883365868,21.168828116634135
64,deviant,2,100,325.1775223668321,25.983,29.169739719194954,22.796260280805047
64,deviant,3,100,317.0624502655921,27.3065,30.4137120126028,24.1992879873972
64,deviant,4,100,299.3955050114357,26.549,29.48307594911207,23.61492405088793
64,deviant,5,100,314.2987055585649,26.5595,29.639627314473938,23.479372685526062
64,deviant,6,100,344.1381492794335,29.2845,32.65705386293845,25.911946137061552
64,deviant,7,100,317.41322892207387,27.739,30.849649643436326,24.628350356563676
64,deviant,8,100,331.28079598653716,29.6475,32.894051800668066,26.400948199331935
64,deviant,9,100,331.49201784467874,28.154,31.40262177487785,24.90537822512215
64,deviant,10,100,324.4904345358476,29.653,32.833006258451306,26.47299374154869
65,background,1,100,196.268076606301,12.568,14.49142715074175,10.64457284925825
65,background,2,100,236.06233008298997,13.0085,15.321910834813302,10.695089165186697
65,background,3,100,126.57699965675147,11.026,12.266454596636164,9.785545403363836
65,background,4,99,249.82261075031874,12.48989898989899,14.950494464825347,10.029303514972632
65,background,5,100,254.8952261533932,12.3695,14.867473216303253,9.871526783696748
65,background,6,100,221.92647549653873,11.2775,13.45237945986608,9.10262054013392
65,background,7,100,319.195625547126,13.297,16.425117130361834,10.168882869638166
65,background,8,100,297.63886630754746,12.861,15.777860889813965,9.944139110186036
65,background,9,100,296.2077329386111,12.754,15.656835782798389,9.85116421720161
65,background,10,100,261.9958718035558,12.394,14.961559543674847,9.826440456325154
65,deviant,1,100,212.5646650836052,13.435,15.518133717819332,11.35186628218067
65,deviant,2,100,170.40316744029207,14.5525,16.222451040914862,12.882548959085138
65,deviant,3,100,156.1620194406741,14.2005,15.730887790518606,12.670112209481394
65,deviant,4,100,165.10012910830488,14.568999999999999,16.186981265261387,12.95101873473861
65,deviant,5,100,171.39006757440146,15.5035,17.183122662229135,13.823877337770867
65,deviant,6,100,165.28654544536636,15.32,16.93980814536459,13.70019185463541
65,deviant,7,100,201.3224436464784,16.27,18.24295994773549,14.297040052264512
65,deviant,8,100,172.4558753634344,16.4295,18.119567578561657,14.739432421438345
65,deviant,9,100,196.59770572093876,17.178,19.1046575160652,15.2513424839348
65,deviant,10,100,191.72812439548483,16.369,18.24793561907575,14.490064380924249
66,background,1,100,332.46122449012563,27.7365,30.99462000000323,24.47837999999677
66,background,2,100,363.3692699111876,26.59,30.151018845129638,23.028981154870362
66,background,3,100,312.38227256124236,24.882,27.943346271100175,21.820653728899828
66,background,4,100,362.1693664571867,25.2725,28.82175979128043,21.72324020871957
66,background,5,100,351.39739087789127,24.931,28.374694430603334,21.487305569396668
66,background,6,99,288.99553811889825,23.644444444444446,26.490868598101088,20.798020290787804
66,background,7,100,351.3674115434396,25.514,28.957400633125708,22.07059936687429
66,background,8,100,312.2391332229025,23.8665,26.926443505584444,20.806556494415553
66,background,9,100,332.2997101539829,24.8065,28.063037159509033,21.549962840490966
66,background,10,100,321.92045846598097,23.3285,26.483320492966612,20.173679507033384
66,deviant,1,100,361.2437105626236,28.8185,32.358688363513714,25.27831163648629
66,deviant,2,100,297.88924116187883,28.121,31.04031456338641,25.201685436613587
66,deviant,3,100,304.65801362044937,28.59,31.575648533480404,25.604351466519596
66,deviant,4,100,331.7735792596162,29.0225,32.27388107674424,25.771118923255763
66,deviant,5,100,333.1501163139524,29.742,33.006871139876736,26.477128860123265
66,deviant,6,100,312.9523168656512,28.904,31.97093270528338,25.83706729471662
66,deviant,7,100,350.2169816135795,31.9805,35.41262641981308,28.54837358018692
66,deviant,8,99,344.988150063463,30.43989898989899,33.83781512887397,27.041982850924008
66,deviant,9,100,318.8410427255497,30.1,33.224642218710386,26.975357781289613
66,deviant,10,100,348.80758532312245,32.421,35.8393143361666,29.0026856638334
67,background,1,200,319.6422012846634,15.9555,18.17050744720145,13.740492552798548
67,background,2,199,390.5121940275495,14.014070351758795,16.726972547551238,11.301168155966351
67,background,3,200,305.1165221767959,13.25325,15.367599626456025,11.138900373543974
67,background,4,198,293.7899804819405,12.98030303030303,15.026420017333482,10.934186043272579
67,background,5,200,283.2584090822185,12.205,14.167880630523468,10.242119369476532
67,background,6,200,291.7220919768821,12.468,14.489530960696035,10.446469039303965
67,background,7,199,296.4231727925822,12.886180904522613,14.945443300554292,10.826918508490934
67,background,8,124,228.8453568863067,13.093951612903226,15.107941745511745,11.079961480294706
67,background,9,100,170.24184809295647,12.5995,14.267870111310975,10.931129888689027
67,background,10,100,140.38345981444425,11.685,13.060757906181554,10.309242093818447
67,deviant,1,200,235.34791714664308,15.3895,17.020377859894705,13.758622140105293
67,deviant,2,200,246.1278657848182,15.5905,17.29607909276709,13.88492090723291
67,deviant,3,200,245.02962226937728,15.711500000000001,17.4094686534829,14.013531346517102
67,deviant,4,200,258.73442999175404,15.9895,17.782438125741333,14.196561874258668
67,deviant,5,200,256.53371072208455,15.86075,17.638437919254432,14.083062080745565
67,deviant,6,199,255.6630389275779,16.47286432160804,18.24896460809657,14.696764035119509
67,deviant,7,200,267.1682743929474,16.87275,18.72413168570338,15.02136831429662
67,deviant,8,100,181.18746471105842,16.9135,18.68913715416837,15.137862845831627
67,deviant,9,100,182.58645392770717,16.1775,17.96684724849153,14.388152751508468
67,deviant,10,51,132.72484398380854,17.36078431372549,19.18213347945076,15.53943514800022
68,background,1,100,313.49038430649125,24.754,27.826205766203614,21.68179423379639
68,background,2,100,312.41210132232646,23.426000000000002,26.487638592958803,20.3643614070412
68,background,3,100,360.7393941979664,25.703,29.23824606314007,22.167753936859928
68,background,4,100,312.4957641818189,23.4275,26.489958488981824,20.365041511018173
68,background,5,100,320.8637274279338,24.132,27.276464528793753,20.98753547120625
68,background,6,100,325.3326839761998,24.4685,27.656760302966756,21.28023969703324
68,background,7,100,275.76527967400864,22.057,24.759499740805282,19.354500259194715
68,background,8,100,321.5854392487977,23.934,27.08553730463822,20.782462695361783
68,background,9,99,308.32374475370426,22.842424242424244,25.8792190660583,19.805629418790186
68,background,10,100,343.8646421271939,24.3855,27.755373492846502,21.0156265071535
68,deviant,1,100,300.56985789277707,24.4735,27.419084607349216,21.527915392650787
68,deviant,2,100,317.1828876382304,27.315,30.423392298854658,24.206607701145344
68,deviant,3,100,300.0213808170485,27.2805,30.220709532007074,24.340290467992926
68,deviant,4,100,285.452710619465,27.1345,29.931936564070757,24.33706343592924
68,deviant,5,100,314.1911503326731,29.089,32.16807327326019,26.009926726739803
68,deviant,6,99,340.4711286932921,30.18080808080808,33.53423440234737,26.827381759268786
68,deviant,7,100,330.4965721615373,30.614,33.852866407183065,27.375133592816937
68,deviant,8,100,343.6463987421096,30.854,34.221734707672674,27.486265292327325
68,deviant,9,100,339.49651575609187,29.894,33.2210658544097,26.5669341455903
68,deviant,10,100,330.4721423087054,30.607,33.84562699462531,27.368373005374686
69,background,1,99,147.18786777806324,13.358585858585858,14.808293714616257,11.90887800255546
69,background,2,100,162.1997144523413,12.537,14.126557201632945,10.947442798367057
69,background,3,100,232.7275004671434,13.008,15.288729504578004,10.727270495421994
69,background,4,100,197.23515887066588,12.6705,14.603404556932526,10.737595443067475
69,background,5,100,235.278133280592,12.905,15.210725706149802,10.599274293850197
69,background,6,100,196.04625528309978,12.3925,14.313753301774378,10.471246698225622
69,background,7,100,193.3206499166877,12.503,14.39754236918354,10.60845763081646
69,background,8,100,162.70548142029673,12.327,13.921513717918907,10.732486282081092
69,background,9,100,209.63454416021986,12.597,14.651418532770155,10.542581467229844
69,background,10,100,150.81640982891818,11.601,13.079000816323399,10.122999183676603
69,deviant,1,100,226.89575626381006,13.854,16.07757841138534,11.630421588614661
69,deviant,2,100,188.48373516315047,14.0165,15.863640604598874,12.169359395401127
69,deviant,3,100,155.44901855084532,14.0695,15.592900381798284,12.546099618201715
69,deviant,4,100,161.44691159374307,15.268,16.85017973361868,13.685820266381318
69,deviant,5,100,167.88238364057767,15.213,16.858247359677662,13.567752640322338
69,deviant,6,100,176.1906488348406,15.375499999999999,17.102168358581437,13.64883164141856
69,deviant,7,100,173.12357922654712,15.533999999999999,17.23061107642016,13.837388923579837
69,deviant,8,99,177.31713337823194,16.552020202020202,18.29848236053735,14.805558043503053
69,deviant,9,100,185.70150071666373,17.281,19.100874707023305,15.461125292976694
69,deviant,10,100,187.2969286285395,16.988500000000002,18.824009900559687,15.152990099440315
70,background,1,100,327.30189267306173,25.0265,28.234058548196003,21.818941451803994
70,background,2,100,378.29843760546623,25.5495,29.256824688533566,21.84217531146643
70,background,3,100,294.37122553173,22.9575,25.842338010210952,20.072661989789047
70,background,4,99,375.56636528960104,24.846464646464646,28.545556959168582,21.14737233376071
70,background,5,100,267.8000235839776,22.921,25.54544023112298,20.296559768877017
70,background,6,100,314.25515948534223,23.631,26.710700562956355,20.551299437043646
70,background,7,100,329.87770461187586,23.988,27.220801505196384,20.755198494803615
70,background,8,100,323.4069295875758,23.753,26.922387909958243,20.583612090041758
70,background,9,100,299.9882015223792,23.261,26.200884374919315,20.321115625080683
70,background,10,100,309.89963995155796,23.3955,26.432516471525265,20.358483528474732
70,deviant,1,100,311.0212084493004,25.671499999999998,28.719507842803143,22.623492157196853
70,deviant,2,100,334.4569242974741,27.8985,31.176177858115246,24.62082214188475
70,deviant,3,100,312.47975092290716,27.051000000000002,30.11330155904449,23.988698440955513
70,deviant,4,99,305.1459357508521,28.558585858585857,31.564081263688045,25.55309045348367
70,deviant,5,100,310.3192583538172,28.944,31.98512873186741,25.90287126813259
70,deviant,6,100,347.1548948994261,29.969,33.371117970014375,26.566882029985624
70,deviant,7,100,330.53635041757275,29.907,33.14625623409221,26.667743765907787
70,deviant,8,100,336.8446034035654,30.2075,33.50857711335494,26.90642288664506
70,deviant,9,100,357.2018852723278,32.0365,35.53707847566881,28.535921524331187
70,deviant,10,100,355.2504972402905,31.322,34.803454872954845,27.840545127045154
71,background,1,100,156.49600633882002,13.207,14.740660862120437,11.673339137879564
71,background,2,100,221.54708421984654,13.491,15.662161425354496,11.319838574645503
71,background,3,100,224.3980251343815,13.35,15.549100646316939,11.15089935368306
71,background,4,100,167.03463240014815,12.219,13.855939397521452,10.582060602478547
71,background,5,99,232.27793016579355,12.66868686868687,14.956478282661127,10.380895454712611
71,background,6,100,157.61575529048315,11.83,13.374634401846734,10.285365598153266
71,background,7,99,184.95032761314732,12.353030303030303,14.174674620349077,10.53138598571153
71,background,8,100,209.39273726911503,12.3085,14.360548825237327,10.256451174762674
71,background,9,100,214.2667177043357,12.706,14.805813833502489,10.60618616649751
71,background,10,100,174.41112953382057,12.015,13.724229069431441,10.30577093056856
71,deviant,1,100,177.14521993937186,13.2165,14.952523155405844,11.480476844594156
71,deviant,2,100,200.7902676400113,14.999,16.96674462287211,13.03125537712789
71,deviant,3,100,208.28843235434752,15.5785,17.619726637072606,13.537273362927394
71,deviant,4,100,161.17430904066828,15.334999999999999,16.91450822859855,13.75549177140145
71,deviant,5,100,157.69643556362865,15.5385,17.083925068523563,13.99307493147644
71,deviant,6,100,175.30018614695734,15.8565,17.574441824240182,14.138558175759819
71,deviant,7,100,183.69075127850923,15.5795,17.37966936252939,13.77933063747061
71,deviant,8,99,163.16585040026638,15.921212121212122,17.528293049361835,14.31413119306241
71,deviant,9,100,183.63595995739425,16.7305,18.530132407582464,14.930867592417535
71,deviant,10,100,176.29181101678813,15.5965,17.324159747964526,13.868840252035477
72,background,1,99,506.54692721769055,29.956565656565658,34.94573406372558,24.967397249405735
72,background,2,100,480.27669108546166,25.713,30.419711572637524,21.006288427362477
72,background,3,100,505.6560798137717,26.3535,31.30892958217496,21.39807041782504
72,background,4,100,582.4654880221162,27.7115,33.41966178261674,22.003338217383263
72,background,5,100,546.8158234148333,26.6465,32.00529506946536,21.287704930534634
72,background,6,99,593.898737602898,27.826262626262626,33.67579138557371,21.97673386695154
72,background,7,100,515.1819632548852,25.8755,30.924283239897875,20.826716760102123
72,background,8,100,590.122259857182,28.767500000000002,34.55069814660038,22.984301853399618
72,background,9,100,523.2645350912009,27.914,33.04199244389377,22.786007556106235
72,background,10,100,498.945938955314,27.0405,31.930170201762078,22.150829798237925
72,deviant,1,99,432.0964408676914,28.346969696969698,32.60284767349697,24.091091720442428
72,deviant,2,100,301.6043940766046,25.572,28.527723061950724,22.616276938049275
72,deviant,3,100,348.2152691715436,27.499,30.911509637881124,24.086490362118873
72,deviant,4,100,382.64953045560463,29.055,32.80496539846492,25.305034601535073
72,deviant,5,100,395.92704670909956,29.131,33.01108505774918,25.250914942250823
72,deviant,6,100,333.51269209652827,28.486,31.754424382545977,25.217575617454024
72,deviant,7,100,352.2793747790762,29.431,32.88333787283495,25.978662127165055
72,deviant,8,100,367.5423104895544,30.1975,33.799414642797636,26.595585357202367
72,deviant,9,100,367.6560463545413,30.624,34.227029254274505,27.020970745725496
72,deviant,10,100,330.69841563766704,29.964,33.20484447324914,26.723155526750862
73,background,1,100,248.51290869786553,15.5735,18.00892650523908,13.138073494760917
73,background,2,100,482.80432998537987,16.275,21.00648243385672,11.543517566143276
73,background,3,98,367.91773608554917,14.096428571428572,17.738628336897094,10.454228805960051
73,background,4,100,412.6536492150849,14.1015,18.14550576230783,10.057494237692168
73,background,5,100,515.3010744879358,17.2855,22.33545052998177,12.235549470018228
73,background,6,100,432.7578847832877,15.2975,19.53852727087622,11.05647272912378
73,background,7,100,420.80512429339416,15.336,19.459890218075262,11.212109781924738
73,background,8,100,444.1032952389627,16.301,20.65321229334183,11.948787706658164
73,background,9,99,370.95908768601714,14.677272727272728,18.330986255450078,11.023559199095377
73,background,10,100,385.6783838763506,15.202,18.981648161988236,11.422351838011764
73,deviant,1,99,251.75962324156913,15.458080808080808,17.93775463687006,12.978406979291556
73,deviant,2,100,183.36243947582702,14.249,16.045951906863106,12.452048093136895
73,deviant,3,100,166.16696580944057,14.7985,16.426936264932518,13.170063735067483
73,deviant,4,100,172.5569089955695,15.5255,17.21655770815658,13.834442291843418
73,deviant,5,100,187.6350601286276,15.209999999999999,17.04882358926055,13.371176410739448
73,deviant,6,100,232.1130396119415,16.04,18.314707788197026,13.765292211802972
73,deviant,7,100,167.13913995609514,15.1745,16.812463571569733,13.536536428430267
73,deviant,8,100,256.93845771435537,16.2865,18.804496885600685,13.768503114399318
73,deviant,9,100,195.15089977812178,16.386,18.298478817825593,14.473521182174405
73,deviant,10,100,203.1506182225654,17.195,19.18587605858114,15.20412394141886
74,background,1,100,436.03983099084684,25.8845,30.1576903437103,21.6113096562897
74,background,2,99,520.7607719279048,25.516666666666666,30.645832497879663,20.387500835453668
74,background,3,100,637.9944150885732,28.18,34.432345267868016,21.927654732131984
74,background,4,100,572.3387499871401,27.3975,33.00641974987397,21.788580250126028
74,background,5,99,518.94681047797485,25.776262626262625,30.887562078920123,20.664963173605127
74,background,6,100,523.0158244561813,25.738,30.863555079670576,20.612444920329423
74,background,7,100,508.42077735091164,26.0985,31.081023618038934,21.11597638196107
74,background,8,100,519.5391074890574,26.504,31.595483253392764,21.41251674660724
74,background,9,100,540.2372846113183,27.5995,32.893825389190916,22.30517461080908
74,background,10,100,537.4755294307287,28.4505,33.71776018842114,23.18323981157886
74,deviant,1,100,387.89773475953564,24.765,28.56639780064345,20.96360219935655
74,deviant,2,100,325.1598311438141,25.062,28.24856634520938,21.875433654790623
74,deviant,3,99,320.525510110473,27.02171717171717,30.17869170419666,23.864742639237683
74,deviant,4,100,421.01516724772705,28.7775,32.90344863902772,24.651551360972277
74,deviant,5,100,378.6214433552609,28.9725,32.68299014488156,25.262009855118443
74,deviant,6,100,361.70375709237084,29.0375,32.582196819505235,25.492803180494768
74,deviant,7,99,356.5632187247703,28.163131313131313,31.675054592950882,24.651208033311743
74,deviant,8,100,350.8517455684396,29.852,33.29034710657071,26.413652893429294
74,deviant,9,100,400.9928172345288,31.6945,35.62422960889838,27.76477039110162
74,deviant,10,100,378.2142215311596,31.2935,34.999999371005366,27.587000628994637
75,background,1,100,270.37748952548776,13.2625,15.912199397349779,10.61280060265022
75,background,2,100,470.69278448731393,15.7835,20.396289287975677,11.170710712024324
75,background,3,100,435.63445564758587,14.81,19.07921766534634,10.54078233465366
75,background,4,100,499.5270262958753,16.7625,21.65786485769958,11.867135142300421
75,background,5,100,460.46936865950613,15.8145,20.32709981286316,11.301900187136841
75,background,6,100,460.0810597915844,15.717500000000001,20.22629438595753,11.208705614042474
75,background,7,99,480.0043256384039,16.767676767676768,21.49541725547178,12.039936279881758
75,background,8,100,424.0480608312422,16.251,20.406670996146175,12.095329003853827
75,background,9,100,444.2982462028715,17.005,21.35912281278814,12.650877187211858
75,background,10,100,424.09022438751487,16.2525,20.408584198997648,12.096415801002355
75,deviant,1,100,271.22798722224735,13.521,16.179034274778026,10.862965725221976
75,deviant,2,100,185.73569931491366,13.8985,15.718709853286153,12.078290146713847
75,deviant,3,100,152.28914672597753,13.444,14.93643363791458,11.951566362085421
75,deviant,4,100,196.97600040827842,15.5535,17.48386480400113,13.623135195998872
75,deviant,5,100,184.85120616607463,14.753,16.564541820427532,12.941458179572468
75,deviant,6,100,191.48761812382767,15.2535,17.130078657613513,13.37692134238649
75,deviant,7,100,253.06946726770082,17.4065,19.88658077922347,14.926419220776534
75,deviant,8,100,215.19023407697958,17.604,19.7128642939544,15.4951357060456
75,deviant,9,100,203.25434545752879,16.5345,18.526392585483784,14.542607414516219
75,deviant,10,100,195.07916072038142,16.703,18.614775775059737,14.791224224940262
76,background,1,100,367.0725297611674,25.111,28.708310791659443,21.51368920834056
76,background,2,100,497.47354068755305,25.8375,30.712740698738017,20.96225930126198
76,background,3,100,561.7390244401284,27.032,32.53704243951326,21.526957560486743
76,background,4,100,583.3854868916345,27.816,33.533177771538014,22.09882222846198
76,background,5,100,487.84513019259674,25.3325,30.113382275887446,20.551617724112553
76,background,6,100,513.3842000316189,25.73,30.761165160309865,20.698834839690136
76,background,7,100,542.9459505909939,27.080000000000002,32.40087031579174,21.75912968420826
76,background,8,100,509.62921764130067,25.7805,30.77486633288475,20.78613366711525
76,background,9,100,510.31679015665304,25.749,30.750104543535198,20.7478954564648
76,background,10,99,468.1081156044369,26.294444444444444,30.905014751003904,21.683874137884985
76,deviant,1,100,410.8999173828868,26.553,30.579819190352293,22.52618080964771
76,deviant,2,100,340.2735354789855,25.859,29.19368064769406,22.524319352305945
76,deviant,3,100,347.8313830760985,26.9505,30.359247554145767,23.541752445854236
76,deviant,4,100,334.1184079429264,27.664,30.93836039784068,24.389639602159324
76,deviant,5,100,344.41575243637703,28.789,32.164274373876495,25.413725626123508
76,deviant,6,100,365.3678931822294,29.1045,32.68510535318585,25.523894646814153
76,deviant,7,100,342.8301405407026,28.909,32.26873537729888,25.549264622701113
76,deviant,8,99,361.57359300410025,28.584848484848486,32.146120797737474,25.023576171959494
76,deviant,9,100,348.75419635279536,29.668,33.08579112425739,26.250208875742604
76,deviant,10,100,329.696024272439,28.668,31.8990210378699,25.436978962130098
77,background,1,100,265.872595131776,13.74,16.345551432291405,11.134448567708596
77,background,2,100,515.0358597632841,17.16,22.207351425680184,12.112648574319817
77,background,3,100,373.2852126725622,13.8175,17.47569508419111,10.159304915808892
77,background,4,100,465.2209463764163,15.5455,20.10466527448888,10.98633472551112
77,background,5,100,363.9084615958423,13.836,17.402302923639255,10.269697076360746
77,background,6,100,378.7077786089789,13.7755,17.48683623036799,10.064163769632007
77,background,7,100,388.5212484875388,14.2395,18.04700823517788,10.431991764822119
77,background,8,100,417.2155002923675,15.261,19.349711902865202,11.172288097134798
77,background,9,99,387.2875003078937,15.394444444444444,19.208982559673583,11.579906329215305
77,background,10,98,395.7023801851722,15.519387755102041,19.436641464150338,11.602134046053745
77,deviant,1,100,221.7356178211482,14.009,16.182009054647253,11.835990945352748
77,deviant,2,100,184.98265921573923,14.128,15.940830060314244,12.315169939685756
77,deviant,3,99,177.45570240426053,14.34949494949495,16.097321925701685,12.601667973288215
77,deviant,4,99,244.30811542631548,16.341919191919192,18.748200358785155,13.93563802505323
77,deviant,5,100,213.13319902426227,15.8585,17.94720535043777,13.769794649562229
77,deviant,6,100,215.8335737992293,15.719,17.834169023232448,13.603830976767552
77,deviant,7,100,188.71392997980047,15.795,17.644396513802043,13.945603486197955
77,deviant,8,100,192.00004111841662,14.738999999999999,16.62060040296048,12.857399597039516
77,deviant,9,100,219.63443910758906,16.2375,18.389917503254374,14.085082496745628
77,deviant,10,100,233.0093063422688,16.74,19.023491202154233,14.456508797845764
78,background,1,100,393.5092655901042,27.723,31.57939080278302,23.866609197216977
78,background,2,100,431.59023573170344,25.254,29.483584310170695,21.024415689829308
78,background,3,100,392.2708214593853,24.3505,28.194754050301974,20.506245949698027
78,background,4,98,432.8104240402427,24.208163265306123,28.492767866605252,19.923558664006993
78,background,5,100,335.37354272198445,22.5545,25.841160718675447,19.267839281324555
78,background,6,100,402.14671975601925,23.136,27.07703785360899,19.19496214639101
78,background,7,100,387.4976740167882,23.566,27.363477205364525,19.768522794635473
78,background,8,100,413.9090924854215,23.459,27.51530910635713,19.40269089364287
78,background,9,100,397.6833340869672,22.9225,26.819796674052277,19.02520332594772
78,background,10,100,445.82594845498784,25.8405,30.20959429485888,21.471405705141116
78,deviant,1,100,372.92625205754035,27.49,31.144677270163893,23.835322729836104
78,deviant,2,100,301.2946931249589,26.5015,29.454187992624597,23.548812007375403
78,deviant,3,99,341.9656146149016,29.346969696969698,32.71511576419177,25.97882362974762
78,deviant,4,100,311.7354774399873,26.1385,29.193507678911875,23.083492321088126
78,deviant,5,100,333.10774296172195,28.759,32.02345588102487,25.494544118975124
78,deviant,6,100,336.50579098794276,28.948999999999998,32.246756751681836,25.65124324831816
78,deviant,7,100,329.43259034125236,28.546,31.774439385344273,25.317560614655726
78,deviant,8,100,368.8084226689772,29.041,32.65532254215598,25.426677457844026
78,deviant,9,100,332.33241126761527,29.726,32.98285763042263,26.46914236957737
78,deviant,10,100,345.76033683219913,31.24,34.62845130095555,27.851548699044447
79,background,1,100,289.98594793541287,15.3825,18.224362289767047,12.540637710232954
79,background,2,100,201.36145818429424,12.596,14.569342290206084,10.622657709793916
79,background,3,100,274.77263328068176,13.08,15.772771806150681,10.38722819384932
79,background,4,100,333.8877293185146,13.015,16.28709974732144,9.742900252678558
79,background,5,100,333.2472647654954,13.4205,16.686323194701856,10.154676805298145
79,background,6,100,285.11750578535714,13.1365,15.9306515566965,10.3423484433035
79,background,7,99,327.7536542812862,12.798989898989898,16.02715710208235,9.570822695897446
79,background,8,100,333.51111004929925,13.0515,16.319908878483133,9.783091121516868
79,background,9,100,306.1479432527593,13.346,16.34624984387704,10.345750156122959
79,background,10,100,249.63739492986318,11.8975,14.34394647031266,9.451053529687341
79,deviant,1,99,197.56286141511094,15.131313131313131,17.077182968120546,13.185443294505715
79,deviant,2,100,181.10996223579926,14.5205,16.29537762991083,12.745622370089167
79,deviant,3,100,173.765783077167,14.491,16.193904674156236,12.788095325843763
79,deviant,4,99,166.87794152739616,14.586868686868687,16.230511376191647,12.94322599754573
79,deviant,5,100,184.94534043162167,15.370000000000001,17.182464336229895,13.557535663770109
79,deviant,6,100,234.97243399352635,16.4625,18.765229853136557,14.15977014686344
79,deviant,7,100,175.8703918709517,15.824,17.547529840335326,14.100470159664674
79,deviant,8,100,189.16874254985876,15.8115,17.665353676988616,13.957646323011385
79,deviant,9,100,176.34269119201429,15.9155,17.64365837368174,14.18734162631826
79,deviant,10,100,183.70628731755482,16.224,18.024321615712037,14.423678384287964
80,background,1,100,296.86932709261333,24.6285,27.53781940550761,21.71918059449239
80,background,2,100,461.5527796699448,25.474,29.99721724076546,20.950782759234542
80,background,3,100,439.01924487250096,25.0265,29.328888599750506,20.72411140024949
80,background,4,100,417.82821325213746,23.762,27.856716489870948,19.667283510129053
80,background,5,100,388.41568888038114,23.551,27.357473751027733,19.744526248972264
80,background,6,100,473.15950353921215,25.088,29.72496313468428,20.45103686531572
80,background,7,100,453.1933913904748,23.8915,28.332795235626655,19.450204764373346
80,background,8,100,486.1867439575046,26.0415,30.806130090783544,21.276869909216455
80,background,9,100,455.8165143309773,24.633,29.10000184044358,20.16599815955642
80,background,10,100,347.36417640947315,22.0165,25.420668928812837,18.612331071187164
80,deviant,1,100,298.79471037380904,23.607,26.535188161663328,20.67881183833667
80,deviant,2,100,295.7752080283446,25.334,28.232597038677778,22.43540296132222
80,deviant,3,100,306.3135605362927,26.9305,29.932372893255668,23.92862710674433
80,deviant,4,100,343.687334957991,28.38,31.74813588258831,25.011864117411687
80,deviant,5,100,313.81540417056783,26.3705,29.445890960871566,23.295109039128434
80,deviant,6,100,324.9516482251021,27.851,31.035526152606,24.666473847394
80,deviant,7,100,319.7191613045161,28.629,31.762247780784257,25.495752219215746
80,deviant,8,100,323.3214589065713,30.1375,33.3060502972844,26.9689497027156
80,deviant,9,100,368.10299974470814,30.6225,34.22990939749814,27.015090602501857
80,deviant,10,100,325.8110568056923,28.964499999999997,32.15744835669578,25.771551643304214
81,background,1,100,192.57921131726275,13.089,14.976276270909175,11.201723729090826
81,background,2,100,262.4871776316943,12.8265,15.398874340790604,10.254125659209395
81,background,3,100,339.0511333893924,13.3105,16.633201107216046,9.987798892783953
81,background,4,100,266.33282996241655,12.381499999999999,14.99156173363168,9.771438266368317
81,background,5,100,283.4420250755829,12.5255,15.303231845740711,9.747768154259287
81,background,6,100,357.7039241725215,13.9805,17.48599845689071,10.475001543109288
81,background,7,99,365.3072211022849,14.381313131313131,17.979359330984664,10.783266931641599
81,background,8,100,381.16131065054594,14.8265,18.56188084437535,11.09111915562465
81,background,9,100,283.28126250108835,13.252,16.028156372510665,10.475843627489335
81,background,10,100,290.64186679974745,12.54,15.388290294637525,9.691709705362474
81,deviant,1,100,186.47911552320218,13.7545,15.58199533212738,11.92700466787262
81,deviant,2,100,137.87896103008916,12.9375,14.288713818094873,11.586286181905127
81,deviant,3,100,156.4153546103922,13.878,15.410870475181843,12.345129524818157
81,deviant,4,100,169.6963852234182,15.370000000000001,17.0330245751895,13.706975424810503
81,deviant,5,100,206.71877667879843,15.372,17.397844011452225,13.346155988547775
81,deviant,6,100,178.61519944753917,14.951,16.701428954585886,13.200571045414117
81,deviant,7,100,193.59472725529648,16.4315,18.328728327101906,14.534271672898095
81,deviant,8,100,194.8158509707916,16.379,18.28819533951376,14.469804660486243
81,deviant,9,100,218.96872523622858,17.1065,19.25239350731504,14.96060649268496
81,deviant,10,100,197.01723809165318,17.2595,19.1902689332982,15.328731066701797
82,background,1,100,374.94930885457876,25.04,28.71450322677487,21.36549677322513
82,background,2,100,346.28241060547214,23.4665,26.860067623933627,20.072932376066372
82,background,3,100,413.22396437869145,23.7395,27.789094850911177,19.689905149088823
82,background,4,100,377.5529415647699,22.8755,26.575518827334744,19.175481172665254
82,background,5,100,412.6851418645812,22.561,26.605314390272895,18.516685609727105
82,background,6,100,505.7603265329702,25.3905,30.346951200023106,20.434048799976892
82,background,7,100,419.0765537401691,24.642,28.748950226653655,20.535049773346344
82,background,8,100,421.0682280006162,22.935,27.061468634406037,18.80853136559396
82,background,9,100,419.58077134707986,24.3885,28.500391559201383,20.27660844079862
82,background,10,100,432.3754216686673,24.641,28.878279132352937,20.40372086764706
82,deviant,1,100,333.71761226648215,25.4215,28.691932600211526,22.151067399788477
82,deviant,2,100,298.5329832786708,25.27,28.195623236130974,22.344376763869025
82,deviant,3,99,342.93231647689686,27.461616161616163,30.83928363372663,24.083948689505696
82,deviant,4,100,315.1396014801259,26.464,29.552368094505233,23.375631905494764
82,deviant,5,100,365.9266679483602,28.903,32.48908134589393,25.31691865410607
82,deviant,6,100,301.2625974653656,25.875,28.827373455160583,22.922626544839417
82,deviant,7,100,338.35336169221233,30.5245,33.84036294458368,27.208637055416318
82,deviant,8,100,342.4665177641074,28.631,31.987171874088254,25.274828125911746
82,deviant,9,100,319.6095191586791,29.110500000000002,32.24267328775505,25.978326712244947
82,deviant,10,100,343.6531796662687,31.1195,34.48730116072943,27.751698839270567
83,background,1,100,153.2859642697441,13.2315,14.733702449843493,11.729297550156508
83,background,2,100,323.9825368913058,13.182,16.357028861534797,10.006971138465204
83,background,3,100,381.82754787441604,14.0725,17.814409969169276,10.330590030830722
83,background,4,100,302.01752737565624,13.5475,16.50727176828143,10.587728231718568
83,background,5,100,297.8429690466544,13.1555,16.074361096657213,10.236638903342786
83,background,6,100,328.72795903700006,13.1695,16.391033998562598,9.947966001437399
83,background,7,100,303.40627617281194,13.217,16.19038150649356,10.243618493506444
83,background,8,100,314.32932361491584,13.7795,16.859927371426174,10.699072628573825
83,background,9,100,348.25502603393204,14.048,17.460899255132535,10.635100744867465
83,background,10,100,283.3416851194257,12.842,15.618748514170372,10.065251485829629
83,deviant,1,100,155.85472317784308,13.037,14.564376287142863,11.509623712857138
83,deviant,2,100,150.02758518282386,13.6395,15.109770334791675,12.169229665208325
83,deviant,3,100,170.24044141958993,14.6445,16.312856325911984,12.97614367408802
83,deviant,4,99,194.43403698129111,14.602020202020203,16.517073087469317,12.686967316571087
83,deviant,5,99,212.07790897140657,15.857070707070706,17.94590462638488,13.768236787756534
83,deviant,6,98,202.59096072732623,16.423979591836734,18.429527781760193,14.418431401913274
83,deviant,7,99,160.3094129947984,15.537878787878787,17.11682560545622,13.958931970301354
83,deviant,8,100,238.91206265948674,16.444,18.785338214062968,14.102661785937029
83,deviant,9,100,183.51986125126678,15.6995,17.497994640262416,13.901005359737585
83,deviant,10,100,207.57763290925763,16.552,18.586260802510726,14.517739197489275
84,background,1,100,362.76045452670417,27.743,31.2980524543617,24.1879475456383
84,background,2,100,352.9802588784459,25.267,28.72620653700877,21.807793462991228
84,background,3,100,345.0165899901352,24.855,28.236162581903326,21.473837418096675
84,background,4,100,372.5022500815122,25.338,28.98852205079882,21.68747794920118
84,background,5,100,283.7182720494696,23.065,25.845439066084804,20.2845609339152
84,background,6,99,367.59050800986057,24.364141414141415,27.984676552727905,20.743606275554924
84,background,7,100,357.6606227314262,24.227,27.732074102767978,20.721925897232023
84,background,8,100,309.40222501156205,23.376,26.40814180511331,20.343858194886693
84,background,9,100,307.640605423379,23.588,26.602877933149117,20.573122066850885
84,background,10,100,330.237936550061,24.133,27.3693317781906,20.8966682218094
84,deviant,1,100,336.52812895647725,28.2405,31.53847566377348,24.942524336226523
84,deviant,2,99,299.9760121988704,27.05,30.004574912119132,24.09542508788087
84,deviant,3,100,300.8023087467389,26.8125,29.76036262571804,23.86463737428196
84,deviant,4,100,335.2879987492293,29.878,33.16382238774245,26.592177612257554
84,deviant,5,100,348.31426750474697,29.962500000000002,33.37597982154652,26.549020178453482
84,deviant,6,100,347.4520527315509,30.5465,33.9515301167692,27.141469883230805
84,deviant,7,100,319.39803990434393,30.2865,33.41660079106257,27.15639920893743
84,deviant,8,100,335.8635061105063,31.081,34.37246235988296,27.78953764011704
84,deviant,9,100,343.32631018195775,31.0975,34.46209783978318,27.732902160216813
84,deviant,10,100,326.88947512480183,31.1525,34.35601685622306,27.948983143776942
85,background,1,100,205.18803314854506,16.2525,18.263342724855743,14.24165727514426
85,background,2,100,210.1874101092191,13.475999999999999,15.535836619070347,11.416163380929651
85,background,3,100,267.5443740863619,13.6805,16.302434866046347,11.058565133953653
85,background,4,100,235.50109509187777,13.6255,15.933410731900402,11.3175892680996
85,background,5,100,217.5298951021627,12.3065,14.438292972001195,10.174707027998805
85,background,6,100,209.5713796249258,12.329,14.382799520324273,10.275200479675728
85,background,7,100,249.35969053389098,13.0725,15.516224967232132,10.628775032767868
85,background,8,100,165.44846550162413,11.811,13.432394961915916,10.189605038084084
85,background,9,100,234.76316172956774,13.124,15.424678984949765,10.823321015050237
85,background,10,100,207.84946475754995,12.93,14.966924754623989,10.89307524537601
85,deviant,1,100,222.41326517614857,15.6015,17.781149998726256,13.421850001273743
85,deviant,2,100,153.87345279054546,14.5635,16.071459837347344,13.055540162652655
85,deviant,3,100,178.61554567812598,16.2795,18.029932347645634,14.529067652354364
85,deviant,4,100,171.40601230012786,16.322,18.001778920541252,14.642221079458746
85,deviant,5,100,167.0487795131772,15.152,16.789078039229135,13.514921960770863
85,deviant,6,100,209.34268682310304,16.8635,18.915058330866408,14.811941669133589
85,deviant,7,100,196.05393994618174,16.244,18.16532861147258,14.322671388527418
85,deviant,8,100,159.7534037196078,15.4665,17.032083356452155,13.900916643547843
85,deviant,9,99,171.85633535019883,16.61111111111111,18.30378784613553,14.91843437608669
85,deviant,10,100,187.28261784631377,17.451,19.286369654893875,15.615630345106126
86,background,1,100,351.6117812827694,26.1495,29.59529545657114,22.70370454342886
86,background,2,100,368.8981245761349,25.983999999999998,29.59920162084612,22.368798379153876
86,background,3,100,319.5616899507989,23.377,26.508704561517828,20.24529543848217
86,background,4,100,345.87437253856694,23.4145,26.804068850877957,20.024931149122043
86,background,5,100,351.0485309079524,24.2265,27.666775602897935,20.786224397102067
86,background,6,100,350.4332093431304,24.5185,27.952745451562677,21.084254548437322
86,background,7,100,346.18006038841446,24.6855,28.078064591806463,21.29293540819354
86,background,8,100,306.8734352516651,23.309,26.31635966546632,20.301640334533683
86,background,9,100,316.88159834301047,24.285,27.3904396637615,21.1795603362385
86,background,10,100,269.5779449826202,21.687,24.328863860829678,19.045136139170324
86,deviant,1,100,317.9282275840522,25.07,28.18569663032371,21.95430336967629
86,deviant,2,100,307.1457994263688,27.636,30.646028834378413,24.625971165621586
86,deviant,3,100,309.19154342626484,26.637999999999998,29.668077125577394,23.607922874422602
86,deviant,4,100,295.7695181974249,27.9965,30.895041278334766,25.097958721665236
86,deviant,5,99,302.87713767518966,28.66212121212121,31.645270384183366,25.678972040059055
86,deviant,6,100,306.24460038204415,27.7185,30.71969708374403,24.717302916255967
86,deviant,7,100,341.00027010330405,29.499,32.84080264701238,26.15719735298762
86,deviant,8,99,346.1146334289901,30.804545454545455,34.213556745650465,27.395534163440445
86,deviant,9,100,326.49941968192167,30.5515,33.75119431288283,27.351805687117167
86,deviant,10,99,328.7418400027916,30.616666666666667,33.854566877141515,27.378766456191816
87,background,1,100,167.19589833800538,13.586,15.224519803712454,11.947480196287547
87,background,2,100,205.6262385980934,13.0075,15.022637138261317,10.992362861738684
87,background,3,99,242.21083682132019,13.163636363636364,15.549260656292214,10.778012070980514
87,background,4,100,138.14012717831883,11.769,13.122773246347524,10.415226753652476
87,background,5,100,178.15374791100191,12.124,13.86990672952782,10.378093270472181
87,background,6,100,231.3306701398853,12.867,15.134040567370876,10.599959432629126
87,background,7,100,156.27736812946935,11.572,13.103518207668799,10.0404817923312
87,background,8,100,193.08261117159697,12.095,13.987209589481651,10.20279041051835
87,background,9,100,196.5273651763486,12.377,14.302968178728218,10.451031821271783
87,background,10,100,218.92909811169457,13.3765,15.522005161494606,11.230994838505394
87,deviant,1,100,238.90005067083246,14.2475,16.588720496574158,11.906279503425843
87,deviant,2,100,156.79275627736325,14.735,16.27156901151816,13.198430988481839
87,deviant,3,100,144.75794678667816,14.241,15.659627878509445,12.822372121490554
87,deviant,4,100,170.3370343265313,14.474,16.14330293640001,12.804697063599994
87,deviant,5,100,159.72135275634184,14.958,16.52326925701215,13.392730742987851
87,deviant,6,100,175.47805380850633,15.266,16.985684927323362,13.546315072676638
87,deviant,7,100,175.2034531623164,15.7735,17.490493840990702,14.056506159009299
87,deviant,8,100,167.24440829296253,15.7685,17.407495201271033,14.129504798728966
87,deviant,9,99,188.64872675229788,17.17070707070707,19.028778291735374,15.312635849678768
87,deviant,10,100,187.32723970859686,16.938,18.773806949144248,15.10219305085575
88,background,1,100,345.8625982122167,26.412,29.801453462479724,23.022546537520274
88,background,2,100,336.1630243607533,24.853,28.147397638735384,21.55860236126462
88,background,3,99,322.96095983717186,24.086363636363636,27.267325815753576,20.905401456973696
88,background,4,100,407.0454196821413,25.441,29.430045112884983,21.451954887115015
88,background,5,100,329.33230698043064,23.506,26.733456608408222,20.27854339159178
88,background,6,99,281.0133448788509,23.17878787878788,25.94659245310597,20.410983304469788
88,background,7,99,299.15376700919126,23.512626262626263,26.459102577156777,20.56614994809575
88,background,8,100,322.65600062116016,24.181,27.34302880608737,21.01897119391263
88,background,9,100,328.36397087442623,23.889499999999998,27.107466914569375,20.67153308543062
88,background,10,100,303.93638098163007,23.0415,26.020076533619974,20.062923466380024
88,deviant,1,100,358.25757420281326,26.057,29.567924227187568,22.54607577281243
88,deviant,2,100,306.5739457464158,26.45,29.454424668314875,23.445575331685124
88,deviant,3,100,336.1974983469343,27.993000000000002,31.28773548379996,24.698264516200044
88,deviant,4,100,348.96377055203703,28.3175,31.737344951409963,24.897655048590035
88,deviant,5,100,324.17157169427554,28.8835,32.0603814026039,25.7066185973961
88,deviant,6,100,322.85099626526426,28.9775,32.14143976339959,25.81356023660041
88,deviant,7,100,318.73383963162087,28.8955,32.01909162838988,25.771908371610113
88,deviant,8,100,343.0730703202269,29.528,32.890116089138225,26.165883910861776
88,deviant,9,100,320.4784416757972,30.035,33.17568872842281,26.894311271577187
88,deviant,10,100,368.1180481427406,32.3285,35.936056871798854,28.720943128201142
89,background,1,100,167.85533401680968,13.8835,15.528482273364734,12.238517726635266
89,background,2,100,191.58079922471074,13.1105,14.987991832402166,11.233008167597834
89,background,3,99,185.1374240651352,13.118686868686869,14.942173968297258,11.29519976907648
89,background,4,100,235.86327997826476,12.8155,15.126960143786995,10.504039856213005
89,background,5,100,159.32053093982384,11.839,13.400341203210274,10.277658796789726
89,background,6,100,175.378072805732,11.434,13.152705113496173,9.715294886503825
89,background,7,100,219.9810338714633,12.7005,14.85631413194034,10.54468586805966
89,background,8,100,146.22737341839286,10.9955,12.42852825950025,9.562471740499749
89,background,9,100,188.552652146765,12.2615,14.109315991038297,10.413684008961702
89,background,10,100,179.24528915486331,12.181,13.93760383371766,10.424396166282339
89,deviant,1,100,185.10784907581223,13.182,14.99605692094296,11.36794307905704
89,deviant,2,100,182.74586178625222,14.7595,16.55040944550527,12.968590554494728
89,deviant,3,100,152.97049079032064,14.7135,16.212610809745144,13.214389190254858
89,deviant,4,100,161.15936865495334,15.178,16.757361812818544,13.598638187181457
89,deviant,5,100,179.88646273047954,15.8125,17.575387334758698,14.0496126652413
89,deviant,6,100,166.68935810441877,15.508000000000001,17.141555709423304,13.874444290576697
89,deviant,7,99,215.38386784138638,16.893939393939394,19.015334927317774,14.772543860561013
89,deviant,8,100,176.57229025022738,16.474,18.204408444452227,14.743591555547772
89,deviant,9,100,188.8195741414204,16.536,18.38643182658592,14.685568173414081
89,deviant,10,100,186.69756010020168,16.443,18.27263608898198,14.613363911018025
90,background,1,100,610.3874589144176,40.4765,46.458297097361296,34.49470290263871
90,background,2,100,644.2964910823687,34.201,40.515105612607215,27.886894387392786
90,background,3,100,683.4170973478556,34.6295,41.32698755400899,27.932012445991017
90,background,4,99,634.7218785876967,31.81919191919192,38.070802922691335,25.567580915692503
90,background,5,100,702.2726416128529,33.291,40.17327188780595,26.408728112194037
90,background,6,100,634.301787712077,30.689,36.90515751957835,24.472842480421647
90,background,7,100,553.4520161771264,27.6995,33.12332975853584,22.275670241464162
90,background,8,99,629.9881452518729,31.59090909090909,37.795895800511914,25.385922381306266
90,background,9,100,587.5432503676913,30.378500000000003,36.136423853603375,24.62057614639663
90,background,10,100,551.6307999683158,29.6035,35.0094818396895,24.197518160310505
90,deviant,1,100,581.0170687772661,39.7445,45.43846727401721,34.05053272598279
90,deviant,2,100,461.0937283414181,32.981,37.4997185377459,28.462281462254104
90,deviant,3,100,476.8452330848968,32.6475,37.32058328423199,27.97441671576801
90,deviant,4,100,480.7921998885633,32.0715,36.78326355890792,27.359736441092082
90,deviant,5,100,403.992424368785,32.358,36.31712575881409,28.398874241185904
90,deviant,6,100,446.83300778042945,33.42,37.79896347624821,29.041036523751792
90,deviant,7,100,420.76314127146594,32.713,36.83647878446037,28.589521215539634
90,deviant,8,100,409.71128795004444,34.3955,38.410670621910434,30.380329378089563
90,deviant,9,100,388.8916741337185,32.8265,36.63763840651045,29.015361593489562
90,deviant,10,100,394.56141873971245,31.9745,35.84120190364918,28.107798096350816
91,background,1,100,326.15021966798315,19.9995,23.195772152746237,16.803227847253766
91,background,2,100,609.6379210128272,22.156,28.130451625925705,16.181548374074293
91,background,3,100,581.3025754377202,20.487000000000002,26.18376523928966,14.790234760710344
91,background,4,100,623.4472353480749,21.4695,27.579282906411134,15.359717093588866
91,background,5,100,588.5171821486697,20.545,26.312468385056967,14.777531614943038
91,background,6,99,557.670207673241,19.91060606060606,25.4033066027257,14.417905518486421
91,background,7,100,573.7902949959845,19.5435,25.16664489096065,13.920355109039352
91,background,8,100,586.8015691687841,21.4535,27.204155377854082,15.702844622145914
91,background,9,100,513.7115640635625,19.4575,24.491873327822912,14.423126672177087
91,background,10,100,479.2022125640862,18.4955,23.191681683128046,13.799318316871954
91,deviant,1,100,323.87110415296877,20.0845,23.258436820699092,16.910563179300905
91,deviant,2,100,324.41497548015485,19.8615,23.040766759705516,16.682233240294483
91,deviant,3,100,268.9031864523188,18.0035,20.638751227232724,15.368248772767275
91,deviant,4,100,268.835725617748,17.694,20.32859011105393,15.05940988894607
91,deviant,5,100,244.9874540289338,16.838,19.238877049483552,14.43712295051645
91,deviant,6,99,267.73253542727264,19.118181818181817,21.755178778482247,16.481184857881388
91,deviant,7,100,301.5565540046475,18.1675,21.122754229245547,15.212245770754455
91,deviant,8,100,262.9240184419906,18.5665,21.14315538073151,15.989844619268494
91,deviant,9,100,289.44264498660544,19.1235,21.960037920868732,16.286962079131268
91,deviant,10,100,244.0519411928535,19.6445,22.036209023689963,17.252790976310038
92,background,1,100,557.7866338909246,35.2895,40.75580901213106,29.823190987868937
92,background,2,100,806.6545011406843,40.24,48.14521411117871,32.334785888821294
92,background,3,100,752.4540569993206,36.9375,44.311549758593344,29.563450241406656
92,background,4,100,663.326622332269,31.2935,37.794100898856236,24.792899101143767
92,background,5,100,627.9875250185687,30.713,36.86727774518197,24.55872225481803
92,background,6,100,624.6883328171695,30.0655,36.18744566160826,23.94355433839174
92,background,7,100,580.1519855311964,29.505,35.190489458205725,23.819510541794276
92,background,8,100,645.2591217569313,32.4205,38.744039393217925,26.09696060678207
92,background,9,100,602.0984379213819,31.1165,37.01706469162954,25.215935308370454
92,background,10,100,539.1530150933133,28.321,33.60469954791447,23.037300452085532
92,deviant,1,100,649.080604839605,38.35,44.71098992742813,31.989010072571872
92,deviant,2,100,492.90002188978184,33.416,38.24642021451986,28.585579785480135
92,deviant,3,100,433.0591396345915,31.7275,35.97147956841899,27.483520431581002
92,deviant,4,100,407.61302920655925,31.6535,35.64810768622428,27.65889231377572
92,deviant,5,100,422.70284759913915,31.2865,35.42898790647156,27.14401209352844
92,deviant,6,99,376.3528649384358,32.82525252525252,36.532091364466375,29.118413686038668
92,deviant,7,100,406.0458717928307,32.2375,36.21674954356974,28.258250456430254
92,deviant,8,100,405.3290606019029,32.483,36.455224793898644,28.51077520610135
92,deviant,9,100,383.64272030380715,32.614,36.373698658977304,28.854301341022687
92,deviant,10,100,393.50490199581617,32.5595,36.415848039558995,28.703151960441
93,background,1,100,411.34639967588845,20.0405,24.071694716823707,16.009305283176296
93,background,2,100,531.6461946781803,20.3935,25.603632707846167,15.183367292153832
93,background,3,100,669.0612040290799,22.979,29.535799799484984,16.422200200515015
93,background,4,100,614.1472907510397,20.779,26.797643449360187,14.760356550639811
93,background,5,100,530.4373939942097,18.302500000000002,23.500786461143257,13.104213538856747
93,background,6,100,545.0278722954886,19.2025,24.543773148495788,13.861226851504213
93,background,7,100,464.41359742548906,17.126,21.677253254769795,12.574746745230208
93,background,8,100,548.2849768044658,20.089,25.462192772683764,14.715807227316233
93,background,9,100,531.7426217536768,19.668,24.87907769318603,14.456922306813969
93,background,10,100,487.4013071489717,18.6605,23.43703281005992,13.883967189940076
93,deviant,1,100,485.081129947949,20.9145,25.6682950734899,16.1607049265101
93,deviant,2,100,371.41704110211833,18.8105,22.45038700280076,15.17061299719924
93,deviant,3,100,290.48184561445305,18.3375,21.184222087021638,15.49077791297836
93,deviant,4,100,272.95088241389936,18.321,20.995918647656215,15.646081352343788
93,deviant,5,100,370.33978708037415,19.197,22.826329913387667,15.567670086612333
93,deviant,6,100,315.07238099071435,18.854,21.941709333709,15.766290666290999
93,deviant,7,100,207.576758155425,17.237000000000002,19.271252229923167,15.202747770076837
93,deviant,8,100,247.93232310875734,17.255,19.68473676646582,14.825263233534177
93,deviant,9,100,320.44497844485926,18.566,21.706360788759618,15.425639211240378
93,deviant,10,100,259.59996553401766,18.494,21.038079662233372,15.949920337766628
94,background,1,100,619.8471246160111,36.229,42.30350182123691,30.15449817876309
94,background,2,100,653.3114474493931,33.69,40.09245218500405,27.287547814995946
94,background,3,100,601.2865570459817,30.1575,36.05010825905062,24.26489174094938
94,background,4,100,772.6419576601068,36.509,44.08089118506905,28.937108814930955
94,background,5,100,654.0201529970738,30.8425,37.251897499371324,24.433102500628678
94,background,6,100,718.9894095552669,34.1005,41.146596213641615,27.05440378635838
94,background,7,99,665.1800587256926,32.932323232323235,39.483928139484746,26.380718325161723
94,background,8,100,632.1495555059071,31.2275,37.42256564395789,25.03243435604211
94,background,9,100,553.2279962090438,28.526,33.94763436284863,23.10436563715137
94,background,10,100,516.151512843396,27.682,32.74028482586528,22.62371517413472
94,deviant,1,100,637.0419613544431,37.4265,43.66951122127354,31.183488778726456
94,deviant,2,100,559.66758460997,34.129,39.613742329177704,28.64425767082229
94,deviant,3,100,459.04689876216116,32.1135,36.61215960786918,27.614840392130823
94,deviant,4,100,440.97985692152236,31.7795,36.101102597830916,27.45789740216908
94,deviant,5,100,415.81450824034243,32.741,36.815982180755356,28.666017819244644
94,deviant,6,99,427.82982044635213,34.61666666666667,38.830521117499266,30.402812215834068
94,deviant,7,99,367.4816321940459,32.66111111111111,36.2805738914394,29.041648330782817
94,deviant,8,100,453.49327448155174,33.7525,38.196734089919204,29.30826591008079
94,deviant,9,100,406.2245166096415,32.146,36.12700026277449,28.164999737225514
94,deviant,10,100,393.93784575207997,33.397,37.25759088837038,29.536409111629617
95,background,1,100,341.7132261814991,18.8695,22.21828961657869,15.520710383421306
95,background,2,100,537.7513953100398,20.256,25.52596367403839,14.98603632596161
95,background,3,100,650.2972356829162,21.855,28.227912909692577,15.482087090307422
95,background,4,100,495.1905853199087,17.492,22.344867736135107,12.639132263864896
95,background,5,100,559.3843726059832,18.7775,24.259466851538637,13.295533148461363
95,background,6,100,519.0357963519828,18.086,23.17255080424943,12.999449195750568
95,background,7,100,559.5285680115472,19.4825,24.965879966513164,13.99912003348684
95,background,8,100,603.6854640238442,22.3305,28.246617547433672,16.41438245256633
95,background,9,100,430.6574258282941,15.8145,20.034942773117283,11.594057226882718
95,background,10,100,482.3843466518547,18.902,23.629366597188177,14.174633402811825
95,deviant,1,100,386.7630751710787,19.7595,23.549778136676572,15.969221863323428
95,deviant,2,100,282.43427740384413,17.771,20.538855918557672,15.00314408144233
95,deviant,3,100,337.6955924466511,18.5545,21.863916805977183,15.24508319402282
95,deviant,4,100,299.9448809013872,18.223,21.162459832833594,15.283540167166404
95,deviant,5,100,232.1368357807864,16.018,18.292940990651708,13.743059009348293
95,deviant,6,100,237.89901108177017,17.6505,19.98191030860135,15.319089691398654
95,deviant,7,100,274.4333252358394,17.7175,20.40694658731123,15.028053412688775
95,deviant,8,100,251.61489998554708,16.699,19.164826019858364,14.23317398014164
95,deviant,9,99,222.1341285184057,17.454040404040402,19.64192175640275,15.266159051678056
95,deviant,10,100,214.79961898427447,16.9005,19.00553626604589,14.795463733954112
96,background,1,100,507.3769075507768,33.005,37.977293693997616,28.03270630600239
96,background,2,100,587.3528886363578,32.113,37.869058308636305,26.356941691363694
96,background,3,100,672.6992074353964,31.139499999999998,37.73195223286688,24.547047767133115
96,background,4,100,620.5548154251712,29.619,35.70043719116668,23.53756280883332
96,background,5,100,674.2606535660882,31.2675,37.87525440494766,24.659745595052335
96,background,6,100,553.8332330223602,28.0845,33.51206568361913,22.65693431638087
96,background,7,100,558.3346171757955,27.1675,32.6391792483228,21.695820751677203
96,background,8,100,514.0817977100942,27.068,32.106001617558924,22.02999838244108
96,background,9,100,487.57690081722114,26.0715,30.849753628008767,21.293246371991234
96,background,10,100,519.3472649190975,28.738500000000002,33.82810319620716,23.648896803792848
96,deviant,1,100,572.3579736493589,33.8985,39.50760814176372,28.289391858236282
96,deviant,2,100,444.08103516078427,31.224500000000003,35.57649414457569,26.87250585542432
96,deviant,3,100,376.00639342268755,31.2275,34.91236265554234,27.54263734445766
96,deviant,4,100,393.6312694842592,30.0485,33.90608644094574,26.19091355905426
96,deviant,5,100,360.24404374344846,31.6025,35.1328916286858,28.072108371314204
96,deviant,6,100,359.1138618731859,30.0495,33.56881584635722,26.530184153642775
96,deviant,7,100,372.3708430272731,31.1635,34.81273426166727,27.514265738332725
96,deviant,8,99,351.03482733198996,31.02171717171717,34.479189275945224,27.564245067489118
96,deviant,9,100,403.59795654378104,34.644,38.599259974129055,30.688740025870946
96,deviant,10,100,386.9781579583558,35.39,39.18238594799189,31.597614052008115
97,background,1,100,257.2873777254573,18.204,20.725416301709483,15.682583698290518
97,background,2,100,423.3558133967717,16.5385,20.687386971288362,12.389613028711636
97,background,3,100,473.1001396166177,16.932,21.568381368242854,12.295618631757145
97,background,4,100,541.4696521602353,18.538,23.844402591170308,13.231597408829694
97,background,5,100,586.0903962970037,19.465,25.208685883710636,13.721314116289363
97,background,6,100,472.933101422445,16.6905,21.32524439393996,12.055755606060039
97,background,7,100,470.7950190900494,16.2595,20.873291187082483,11.645708812917515
97,background,8,100,452.1312891534703,16.4325,20.86338663370401,12.001613366295992
97,background,9,100,452.89522141323965,17.6515,22.089873169849746,13.21312683015025
97,background,10,100,398.29800731560147,15.6235,19.526820471692893,11.720179528307106
97,deviant,1,100,397.13600679708816,18.9535,22.84543286661146,15.061567133388534
97,deviant,2,99,256.0887901120481,16.754545454545454,19.276858852186013,14.232232056904895
97,deviant,3,100,273.4060985728777,16.394,19.0733797660142,13.714620233985798
97,deviant,4,100,214.53007395602822,16.469,18.57139472476908,14.366605275230924
97,deviant,5,100,192.5689145269954,16.2975,18.184675362364555,14.410324637635444
97,deviant,6,100,270.630472474145,17.648,20.30017863024662,14.99582136975338
97,deviant,7,100,217.83325346647484,15.846,17.980765883971454,13.711234116028546
97,deviant,8,99,246.43170293313784,17.134343434343435,19.56154060154341,14.707146267143461
97,deviant,9,100,204.08960880224308,15.947000000000001,17.94707816626198,13.946921833738019
97,deviant,10,100,216.31330226512213,17.8875,20.007370362198195,15.767629637801802
98,background,1,99,514.8204106901336,30.776262626262625,35.84691963820907,25.705605614316177
98,background,2,100,647.4240861818636,32.482,38.82675604458226,26.137243955417738
98,background,3,100,537.9386949027596,28.2565,33.528299210047045,22.984700789952953
98,background,4,100,631.8171787538078,29.749,35.94080835178732,23.557191648212683
98,background,5,99,612.502844246887,29.86111111111111,35.893878611246166,23.828343610976052
98,background,6,100,624.6118626374049,29.339,35.46019625384657,23.217803746153432
98,background,7,100,562.5382326188103,27.452,32.96487467966434,21.939125320335663
98,background,8,100,567.1989440269289,28.279,33.8375496514639,22.720450348536097
98,background,9,100,579.9364960697716,29.8105,35.493877661483765,24.12712233851624
98,background,10,100,510.5657130756246,28.134,33.13754398814112,23.13045601185888
98,deviant,1,100,496.91418299657937,31.092,35.96175899336647,26.22224100663352
98,deviant,2,100,427.5398719479426,30.656,34.84589074508983,26.46610925491016
98,deviant,3,100,401.18174120177036,29.585,33.51658106377735,25.65341893622265
98,deviant,4,100,393.6853037910517,30.4685,34.32661597715231,26.610384022847693
98,deviant,5,100,361.4275023759042,29.5515,33.093489523283864,26.009510476716137
98,deviant,6,100,386.46966245748195,33.367,37.15440269208332,29.579597307916675
98,deviant,7,100,409.6959880589251,32.3635,36.37852068297747,28.348479317022537
98,deviant,8,100,338.44852675578005,29.451999999999998,32.76879556220664,26.135204437793355
98,deviant,9,100,361.6481388252806,32.0165,35.56065176048775,28.47234823951225
98,deviant,10,100,389.70462161137266,31.1125,34.931605291791456,27.29339470820855
99,background,1,100,312.1478858355106,16.2225,19.281549281188003,13.163450718811996
99,background,2,100,555.1812340412624,19.6015,25.04227609360437,14.16072390639563
99,background,3,100,452.7922580470743,15.8445,20.28186412886133,11.407135871138673
99,background,4,100,475.19425113924683,16.1255,20.78240366116462,11.468596338835379
99,background,5,100,426.87013000997956,14.9655,19.1488272740978,10.7821727259022
99,background,6,100,464.6783267685518,16.47,21.023847602331806,11.916152397668192
99,background,7,100,493.9355540745648,17.811,22.651568429930734,12.970431570069266
99,background,8,100,472.85925913253345,16.853,21.48702073949883,12.218979260501174
99,background,9,100,438.09516510024457,16.408,20.7013326179824,12.114667382017604
99,background,10,100,358.2374175995873,14.719000000000001,18.229726692475957,11.208273307524045
99,deviant,1,100,358.4439690486763,16.99,20.502750896677025,13.47724910332297
99,deviant,2,100,208.40152918925773,15.2975,17.339834986054726,13.255165013945273
99,deviant,3,100,227.84797563287677,16.257,18.489910161202193,14.02408983879781
99,deviant,4,100,226.20101679700727,16.07,18.28676996461067,13.853230035389329
99,deviant,5,100,180.02841150043074,16.3135,18.07777843270422,14.54922156729578
99,deviant,6,100,235.41381258943733,16.556,18.863055363376485,14.248944636623515
99,deviant,7,100,190.40794156370242,16.416,18.281997827324282,14.550002172675716
99,deviant,8,100,241.18108505741841,16.551000000000002,18.9145746335627,14.187425366437301
99,deviant,9,100,215.78653560259133,17.7345,19.849208048905396,15.619791951094605
99,deviant,10,100,197.0230015959932,17.492,19.422825415640734,15.561174584359268
100,background,1,99,485.7648120557714,30.723232323232324,35.507709976528,25.93875466993665
100,background,2,99,580.0310540688408,31.67828282828283,37.391223633248515,25.96534202331714
100,background,3,100,587.3809330633023,28.688499999999998,34.444833144020365,22.932166855979634
100,background,4,100,704.6149489726921,33.756,40.66122649993238,26.850773500067618
100,background,5,100,598.4799429431727,28.237,34.10210344084309,22.37189655915691
100,background,6,100,609.4559826081307,29.587,35.55966862955968,23.61433137044032
100,background,7,100,581.9638056207891,29.3285,35.03174529508373,23.625254704916266
100,background,8,100,501.20740007978407,26.182,31.09383252078188,21.270167479218117
100,background,9,100,530.2301287871938,27.911,33.1072552621145,22.714744737885503
100,background,10,98,519.9964372347586,28.836734693877553,33.98443679133915,23.689032596415956
100,deviant,1,100,543.2897913346255,32.9225,38.24673995507933,27.59826004492067
100,deviant,2,100,476.6940677316284,31.046499999999998,35.71810186376996,26.37489813623004
100,deviant,3,100,448.8665901907534,29.698,34.09689258386938,25.299107416130617
100,deviant,4,100,398.92650688408355,29.178,33.08747976746402,25.268520232535984
100,deviant,5,100,417.0580484650471,32.96,37.047168874957464,28.872831125042538
100,deviant,6,100,384.69392139452196,31.5025,35.272500429666316,27.732499570333687
100,deviant,7,100,375.3229872214625,31.3065,34.98466527477033,27.628334725229667
100,deviant,8,100,396.740863987937,31.1735,35.06156046708178,27.285439532918218
100,deviant,9,100,399.10731309814537,32.861,36.77225166836182,28.949748331638173
100,deviant,10,100,394.75823047317937,31.6945,35.56313065863716,27.825869341362843
101,background,1,100,284.84880569393846,16.406,19.197518295800595,13.614481704199402
101,background,2,100,472.7194116019176,17.857,22.489650233698793,13.224349766301206
101,background,3,99,567.6491294897988,19.131818181818183,24.722804822993147,13.540831540643218
101,background,4,100,510.49062571938424,17.086,22.088808132049962,12.083191867950033
101,background,5,100,573.6744216934054,19.074,24.696009332595374,13.45199066740463
101,background,6,99,524.5806094295458,18.62121212121212,23.788000947570605,13.454423294853637
101,background,7,100,393.92477574705606,14.9765,18.83696280232115,11.11603719767885
101,background,8,100,519.1177434637998,18.626,23.71335388594524,13.538646114054764
101,background,9,100,475.4709548935335,18.171499999999998,22.831115357956627,13.51188464204337
101,background,10,100,423.76647615849635,16.751,20.903911466353264,12.598088533646738
101,deviant,1,99,323.5268719010915,16.82121212121212,20.007748178240696,13.634676064183544
101,deviant,2,100,257.74113390233845,15.6455,18.17136311224292,13.119636887757084
101,deviant,3,100,285.0187436126374,16.458,19.251183687403845,13.664816312596152
101,deviant,4,100,194.8897124016555,15.344,17.253919181536222,13.434080818463777
101,deviant,5,100,232.43226517576437,18.048000000000002,20.32583619872249,15.77016380127751
101,deviant,6,100,198.18057289675045,17.1055,19.047669614388155,15.163330385611845
101,deviant,7,100,245.59046998482742,16.524,18.93078660585131,14.117213394148692
101,deviant,8,100,220.7691816783932,16.66,18.823537980448254,14.496462019551746
101,deviant,9,100,238.89688923092018,18.0405,20.38168951446302,15.699310485536984
101,deviant,10,100,188.09813368222675,16.4515,18.294861710085822,14.608138289914177
102,background,1,100,380.4967839963683,28.6015,32.33036848316441,24.872631516835593
102,background,2,100,376.4116168015513,26.206,29.894833844655203,22.517166155344796
102,background,3,100,387.5441163342093,25.437,29.234932340075254,21.63906765992475
102,background,4,100,398.1773672491616,24.649,28.551138199041784,20.746861800958218
102,background,5,100,347.21686685928574,23.121,26.523725295221,19.718274704779
102,background,6,99,366.8424156156656,23.464646464646464,27.077813364007312,19.851479565285615
102,background,7,100,378.02587282660386,23.4675,27.172153553700717,19.762846446299285
102,background,8,100,379.3384095334514,24.4945,28.212016413427822,20.776983586572175
102,background,9,100,341.617456875531,22.9005,26.248351077380203,19.5526489226198
102,background,10,100,342.4490742008987,22.156,25.512000927168806,18.79999907283119
102,deviant,1,100,337.9118267116126,26.7845,30.096035901773806,23.472964098226196
102,deviant,2,99,327.58162100620456,27.831818181818182,31.058290965430622,24.605345398205742
102,deviant,3,100,321.10143093323086,28.6085,31.755294023145662,25.461705976854336
102,deviant,4,100,310.41545166370014,26.669999999999998,29.71207142630426,23.627928573695737
102,deviant,5,100,312.07588904994856,28.0845,31.142843712689494,25.026156287310503
102,deviant,6,100,375.21903427759435,29.5405,33.21764653592042,25.863353464079577
102,deviant,7,100,387.1953301425659,32.0455,35.84001423539714,28.250985764602852
102,deviant,8,100,313.65534218981594,30.34,33.4138223534602,27.266177646539802
102,deviant,9,100,311.1815809391511,28.7505,31.80007949320368,25.70092050679632
102,deviant,10,100,356.5050121445848,31.4585,34.95224911901693,27.96475088098307
103,background,1,100,347.9571737108493,16.85,20.259980302366323,13.440019697633678
103,background,2,99,328.4180222953988,14.52979797979798,17.764508789669264,11.295087169926695
103,background,3,100,242.7177372999344,13.17,15.548633825539357,10.791366174460643
103,background,4,100,290.59461272943173,12.8325,15.68032720474843,9.98467279525157
103,background,5,100,273.3000471816163,13.011999999999999,15.690340462379838,10.333659537620159
103,background,6,100,154.0408096987015,11.1485,12.658099935047275,9.638900064952725
103,background,7,100,333.24932976597825,13.694,16.959843431706588,10.428156568293414
103,background,8,100,224.566260295615,11.857,14.057749350897026,9.656250649102972
103,background,9,100,224.12868131828577,12.2225,14.418961076919201,10.0260389230808
103,background,10,100,248.00631358686698,12.371,14.801461873151297,9.940538126848704
103,deviant,1,100,257.44841588579504,15.7735,18.29649447568079,13.250505524319209
103,deviant,2,100,188.13448437361586,15.183,17.026717946861435,13.339282053138565
103,deviant,3,99,171.04245394822766,14.587878787878788,16.27253930335926,12.903218272398316
103,deviant,4,100,169.63116334844656,15.873,17.535385400814775,14.210614599185224
103,deviant,5,100,155.44032532403588,14.626,16.14931518817555,13.102684811824448
103,deviant,6,100,180.2607541138232,15.5445,17.311055390315467,13.777944609684532
103,deviant,7,100,176.616578467237,16.247,17.977842468978924,14.516157531021078
103,deviant,8,100,192.21277957404124,15.705,17.588685239825605,13.821314760174396
103,deviant,9,99,183.68645338700057,16.759090909090908,18.568286860777793,14.949894957404023
103,deviant,10,100,192.6532609310531,16.613,18.50100195712432,14.72499804287568
104,background,1,100,291.99142020560157,24.633,27.494515918014894,21.771484081985104
104,background,2,100,369.73607941483436,24.024,27.64741357826538,20.400586421734623
104,background,3,99,320.91154708522345,21.93939393939394,25.10017069309901,18.778617185688873
104,background,4,100,445.1966596791509,25.8655,30.22842726485568,21.502572735144323
104,background,5,100,386.3625751463051,23.3475,27.13385323643379,19.56114676356621
104,background,6,100,388.8606772557357,24.166,27.97683463710621,20.35516536289379
104,background,7,100,322.50702562726815,21.9885,25.149068851147227,18.82793114885277
104,background,8,100,385.0341474945334,23.639,27.41233464544643,19.86566535455357
104,background,9,100,343.8142207952611,22.5725,25.94187936379356,19.203120636206442
104,background,10,99,334.72077915779295,22.37070707070707,25.667496068651843,19.073918072762297
104,deviant,1,100,336.69226149017504,24.538,27.837584162603715,21.238415837396285
104,deviant,2,100,316.0104220466554,25.613500000000002,28.710402136057226,22.516597863942778
104,deviant,3,99,331.5106214064086,28.588383838383837,31.85355480298434,25.323212873783334
104,deviant,4,100,343.552608397669,27.079,30.445815562297156,23.712184437702845
104,deviant,5,100,330.4783534594409,28.318,31.55668786390252,25.07931213609748
104,deviant,6,100,319.8590766999874,30.0965,33.23111895165987,26.961881048340125
104,deviant,7,100,336.3937229528893,29.954,33.25065848493831,26.657341515061685
104,deviant,8,100,332.706378373674,29.3005,32.561022508062,26.039977491937996
104,deviant,9,100,347.2120048555198,31.3665,34.769177647584094,27.963822352415903
104,deviant,10,99,326.9737716827163,30.386868686868688,33.607354537231494,27.166382836505885
105,background,1,100,177.20620608117596,13.5055,15.242120819595524,11.768879180404475
105,background,2,99,229.9583657969416,12.565151515151515,14.830096680050655,10.300206350252374
105,background,3,100,288.2045737246192,12.7975,15.621904822501268,9.973095177498731
105,background,4,99,250.80349825479337,12.60909090909091,15.079347508555488,10.138834309626331
105,background,5,100,214.93463510663204,11.5855,13.691859424044994,9.479140575955006
105,background,6,100,269.01590150613384,12.6965,15.332855834760112,10.060144165239889
105,background,7,100,315.55719308116426,13.602,16.69446049219541,10.50953950780459
105,background,8,100,259.31086810195495,13.02,15.561246507399158,10.478753492600841
105,background,9,100,271.1104989327764,12.7765,15.433382889541209,10.119617110458792
105,background,10,100,231.52516630288594,11.9545,14.223446629768281,9.685553370231718
105,deviant,1,99,186.46647081135558,13.413636363636364,15.2502137371811,11.577058990091627
105,deviant,2,98,169.0176026335719,14.117857142857142,15.791046044326428,12.444668241387856
105,deviant,3,100,169.5876655768027,14.9355,16.597459122652666,13.273540877347333
105,deviant,4,100,163.0425033380463,14.671,16.268816532712854,13.073183467287146
105,deviant,5,100,189.41750738847549,15.6025,17.45879157240706,13.74620842759294
105,deviant,6,100,189.3851408610173,15.735,17.59097438043797,13.87902561956203
105,deviant,7,100,190.6838938359007,17.04,18.908702159591826,15.171297840408172
105,deviant,8,100,189.17686656170534,17.3265,19.180433292304713,15.472566707695288
105,deviant,9,100,190.616907075836,16.129,17.997045689343196,14.260954310656809
105,deviant,10,100,191.28115845254436,17.2455,19.120055352834935,15.370944647165064
106,background,1,97,360.05944684615343,25.761855670103092,29.344588460141757,22.179122880064426
106,background,2,100,458.07521216498935,26.978,31.467137079216897,22.488862920783106
106,background,3,100,380.4255511923457,23.565,27.29317040168499,19.836829598315013
106,background,4,100,389.20053686337184,24.441,28.25516526126104,20.626834738738957
106,background,5,100,382.8457742252163,22.4855,26.237388587407118,18.73361141259288
106,background,6,100,341.981105202889,22.2605,25.61191483098831,18.90908516901169
106,background,7,99,377.2309428062952,22.772727272727273,26.48821462626815,19.057239919186397
106,background,8,100,407.3561354056567,24.977,28.969090126975438,20.984909873024563
106,background,9,100,320.733439905608,22.3635,25.506687711074957,19.22031228892504
106,background,10,100,382.54581768930495,24.0285,27.777449013355188,20.279550986644814
106,deviant,1,100,305.220450959975,24.6185,27.609660419407756,21.627339580592245
106,deviant,2,100,306.8567555408429,26.016000000000002,29.023196204300262,23.00880379569974
106,deviant,3,100,352.0017979918194,27.8115,31.26111762031983,24.361882379680168
106,deviant,4,100,315.10160850781216,28.5775,31.66549576337656,25.489504236623443
106,deviant,5,100,347.76270267011245,28.4065,31.814574486167103,24.9984255138329
106,deviant,6,100,344.7181839064912,28.52,31.898238202283615,25.141761797716384
106,deviant,7,100,336.92171119368993,30.6065,33.90833276969816,27.30466723030184
106,deviant,8,99,353.4666923934686,30.37929292929293,33.86071737373524,26.89786848485062
106,deviant,9,100,316.68336751897453,29.7235,32.82699700168595,26.62000299831405
106,deviant,10,100,350.393057489503,30.745,34.17885196339713,27.311148036602873
107,background,1,99,138.32252547084144,12.535353535353535,13.897743349596976,11.172963721110094
107,background,2,99,178.09421663827268,11.833838383838383,13.5879543233626,10.079722444314166
107,background,3,99,259.357749267808,12.625252525252526,15.179763113060236,10.070741937444815
107,background,4,99,278.16055568114285,13.263636363636364,16.003342759932394,10.523929967340335
107,background,5,100,325.13066604059355,13.2105,16.396780527197816,10.024219472802184
107,background,6,100,197.2814180168442,12.002,13.935357896565074,10.068642103434927
107,background,7,100,198.54649462107312,11.427,13.372755647286516,9.481244352713484
107,background,8,100,200.97117494281298,11.5885,13.558017514439566,9.618982485560434
107,background,9,100,260.82344300513444,13.251,15.807069741450317,10.694930258549682
107,background,10,100,318.498037670564,14.658,17.779280769171528,11.536719230828473
107,deviant,1,100,141.88613856113454,12.192499999999999,13.582984157899118,10.80201584210088
107,deviant,2,100,171.45271712786098,14.4735,16.153736627853036,12.793263372146962
107,deviant,3,99,192.46218357189852,14.81969696969697,16.71532834016873,12.92406559922521
107,deviant,4,100,158.4983230859325,15.0645,16.61778356624214,13.511216433757863
107,deviant,5,100,164.3024970178962,15.255,16.865164470775383,13.644835529224618
107,deviant,6,100,167.55548177748233,15.9585,17.600543721419328,14.316456278580674
107,deviant,7,100,204.96671103274056,15.569,17.57767376812086,13.560326231879143
107,deviant,8,100,207.46829180687624,16.7675,18.800689259707386,14.73431074029261
107,deviant,9,100,188.21980431623575,16.868,18.712554082299107,15.023445917700888
107,deviant,10,100,194.59961594596166,16.332,18.239076236270424,14.424923763729577
108,background,1,99,420.7594074377522,28.864646464646466,33.008861797536255,24.720431131756676
108,background,2,100,404.9986582174005,25.8265,29.795486850530523,21.857513149469476
108,background,3,100,475.9022511310269,25.446,30.109842061084066,20.782157938915937
108,background,4,100,453.0165211347736,24.831,29.27056190712078,20.39143809287922
108,background,5,100,523.9268555819601,26.9875,32.12198318470321,21.85301681529679
108,background,6,100,519.6537080747038,27.3365,32.4291063391321,22.243893660867904
108,background,7,100,491.38125941600896,25.709,30.52453634227689,20.89346365772311
108,background,8,100,403.05871976542977,23.541,27.49097545370121,19.59102454629879
108,background,9,100,438.62666657600624,24.935000000000002,29.233541332444865,20.63645866755514
108,background,10,100,464.39968890238464,26.3725,30.923616951243368,21.82138304875663
108,deviant,1,100,390.15269952592706,28.0735,31.896996455354085,24.250003544645914
108,deviant,2,100,354.77549609799564,26.113,29.589799861760355,22.636200138239644
108,deviant,3,99,293.10778958565646,25.833838383838383,28.72076562614851,22.946911141528258
108,deviant,4,100,344.83131268857585,29.1205,32.499846864348044,25.741153135651956
108,deviant,5,99,330.94650943205784,27.392424242424244,30.65203905913537,24.13280942571312
108,deviant,6,100,381.76805096398795,31.0285,34.76982689944708,27.28717310055292
108,deviant,7,100,364.8634099149116,29.8035,33.37916141716613,26.227838582833865
108,deviant,8,100,323.0341394700534,28.5195,31.685234566806525,25.353765433193477
108,deviant,9,100,353.0477081224665,27.733,31.192867539600172,24.27313246039983
108,deviant,10,100,324.4685371171562,28.977,32.15679166374813,25.79720833625187
109,background,1,99,257.1175289322191,15.967171717171718,18.499617544691986,13.434725889651448
109,background,2,98,236.45030634029862,13.258163265306122,15.598901875682184,10.917424654930059
109,background,3,100,378.2432000988949,13.9495,17.65628336096917,10.242716639030832
109,background,4,100,378.3678695883704,14.3075,18.01550512196603,10.599494878033969
109,background,5,100,385.50138917081944,14.696,18.473913613874032,10.91808638612597
109,background,6,99,309.72520078288755,12.587878787878788,15.638477071309218,9.537280504448358
109,background,7,99,376.12952346373,14.348989898989899,18.05362896525136,10.644350832728437
109,background,8,100,377.40037723463143,14.7695,18.46802369689939,11.070976303100613
109,background,9,100,319.5843517676309,13.698,16.829926647322782,10.566073352677218
109,background,10,100,358.7545011637668,15.1895,18.705294111404914,11.673705888595086
109,deviant,1,100,276.0853700922006,16.219,18.924636626903567,13.513363373096436
109,deviant,2,100,157.76403932855914,14.0325,15.57858758541988,12.486412414580121
109,deviant,3,100,155.5767284045163,14.0165,15.54115193836426,12.491848061635741
109,deviant,4,100,193.60575785261193,16.073,17.970336426955598,14.175663573044403
109,deviant,5,100,195.2992171272745,16.289,18.202932327847293,14.375067672152712
109,deviant,6,100,162.00729353302197,15.354000000000001,16.941671476623615,13.766328523376385
109,deviant,7,100,224.8895927947054,15.6595,17.863418009388113,13.455581990611886
109,deviant,8,100,170.1317214148465,15.3265,16.993790869865496,13.659209130134503
109,deviant,9,98,191.94453009028143,15.930102040816326,17.830255944555372,14.02994813707728
109,deviant,10,100,229.68242950006567,15.9605,18.211387809100643,13.709612190899357
110,background,1,99,412.85295266755173,26.947979797979798,31.014321527788447,22.88163806817115
110,background,2,99,507.50986249167204,26.033838383838383,31.032491097365487,21.03518567031128
110,background,3,100,515.6740045293814,25.624,30.677605244387934,20.570394755612064
110,background,4,100,465.8373134814116,24.6995,29.264705672117834,20.134294327882166
110,background,5,100,501.79389509827126,24.9205,29.83808017196306,20.00291982803694
110,background,6,99,489.4974221748154,26.074747474747475,30.895988988371883,21.253505961123068
110,background,7,100,481.99412258919324,25.1065,29.830042401374094,20.382957598625907
110,background,8,100,507.0838480442544,26.953500000000002,31.922921710833695,21.98407828916631
110,background,9,100,438.4789828726717,24.5905,28.88759403215218,20.293405967847818
110,background,10,100,414.07408757370933,24.1745,28.23242605822235,20.116573941777645
110,deviant,1,100,347.915998633669,25.184,28.593576786609958,21.774423213390044
110,deviant,2,99,362.1303996018416,26.64848484848485,30.215241355901696,23.081728341068
110,deviant,3,100,336.77741751395445,27.8285,31.128918691636752,24.528081308363245
110,deviant,4,100,403.3904729715496,28.73,32.68322663512119,24.776773364878814
110,deviant,5,100,368.41493340782847,29.309,32.91946634739672,25.69853365260328
110,deviant,6,100,336.62372011991135,26.6875,29.98641245717513,23.38858754282487
110,deviant,7,100,316.90020428154384,27.9915,31.09712200195913,24.88587799804087
110,deviant,8,100,340.89719472066804,29.8105,33.15129250826255,26.469707491737456
110,deviant,9,100,355.67762976576057,30.0485,33.53414077170446,26.562859228295547
110,deviant,10,100,367.00555352172734,32.1545,35.751154424512926,28.55784557548707
111,background,1,100,272.87973541470615,14.0725,16.746721407064122,11.39827859293588
111,background,2,99,295.54476016867204,13.873737373737374,16.784667242435425,10.96280750503932
111,background,3,100,307.7790218903644,13.051,16.067234414525572,10.034765585474428
111,background,4,100,355.32816559225637,14.31,17.792216022804112,10.827783977195889
111,background,5,100,410.8208695308763,15.1545,19.180544521402588,11.128455478597413
111,background,6,100,424.00053686659174,15.2955,19.450705261292597,11.140294738707402
111,background,7,100,438.29483287658763,15.6565,19.95178936219056,11.36121063780944
111,background,8,100,419.52263912313737,16.1395,20.25082186340675,12.028178136593256
111,background,9,100,411.5748221290101,15.7105,19.7439332568643,11.6770667431357
111,background,10,100,341.0953138902597,14.4665,17.809234076124547,11.123765923875455
111,deviant,1,100,324.82378218610194,14.776,17.959273065423798,11.592726934576202
111,deviant,2,100,158.37979004512175,14.34,15.892121942442193,12.787878057557807
111,deviant,3,100,192.2338625079797,14.393,16.276891852578203,12.5091081474218
111,deviant,4,100,161.99186951657074,14.4105,15.998020321262395,12.822979678737607
111,deviant,5,100,181.021073213503,15.4215,17.19550651749233,13.64749348250767
111,deviant,6,100,227.96301061910535,16.0055,18.239537504067233,13.77146249593277
111,deviant,7,100,177.2909814549605,15.8205,17.557951618258613,14.083048381741387
111,deviant,8,100,222.89335424911405,15.626,17.810354871641316,13.441645128358681
111,deviant,9,99,179.22825787540492,15.11919191919192,16.884477451124475,13.353906387259366
111,deviant,10,100,203.79693840993576,16.9515,18.94870999641737,14.95429000358263
112,background,1,100,340.36419349062896,25.172,28.507569096208165,21.836430903791836
112,background,2,100,525.4592377400131,28.076,33.22550052985213,22.926499470147874
112,background,3,100,472.8980028004259,25.779,30.413400427444174,21.144599572555826
112,background,4,100,524.43505192179,26.2885,31.427963508833543,21.149036491166456
112,background,5,99,568.0565506504101,27.68232323232323,33.277322715495075,22.087323749151384
112,background,6,100,478.61058778180205,25.817,30.50738376026166,21.12661623973834
112,background,7,100,427.24520261542403,23.509999999999998,27.69700298563115,19.322997014368845
112,background,8,100,516.837246600595,27.0965,32.16150501668583,22.031494983314168
112,background,9,100,441.7224211746796,24.3135,28.642379727511862,19.98462027248814
112,background,10,100,434.3099396562443,24.5095,28.765737408631193,20.253262591368806
112,deviant,1,100,378.204243762547,25.5995,29.30590158887296,21.89309841112704
112,deviant,2,100,327.6244038529487,25.7005,28.9112191577589,22.489780842241103
112,deviant,3,100,344.4564329643537,26.8965,30.272173043050667,23.520826956949332
112,deviant,4,100,390.02125448155823,27.142,30.96420829391927,23.31979170608073
112,deviant,5,100,327.97878220846445,27.1485,30.36269206564295,23.934307934357047
112,deviant,6,100,363.31676044610515,28.374,31.93450425237183,24.813495747628167
112,deviant,7,100,345.0214486086336,27.667,31.04821019636461,24.285789803635392
112,deviant,8,100,353.96343849255635,29.095,32.56384169722705,25.626158302772946
112,deviant,9,100,334.0920334909309,28.7345,32.00860192821112,25.460398071788877
112,deviant,10,100,345.67038223992336,29.8705,33.258069745951246,26.48293025404875
113,background,1,99,151.71829851821815,12.435353535353535,13.929683282673965,10.941023788033105
113,background,2,100,321.76584326919607,13.440999999999999,16.59430526403812,10.287694735961878
113,background,3,100,249.83408178439666,12.575,15.023374001487086,10.126625998512912
113,background,4,100,300.5427590210751,13.3055,16.250819038406537,10.360180961593464
113,background,5,100,359.00594116180537,13.5535,17.071758223385693,10.035241776614306
113,background,6,100,357.18630698101634,13.523,17.02342580841396,10.02257419158604
113,background,7,100,382.73854274852323,14.8405,18.591337718935527,11.089662281064474
113,background,8,100,361.65177712094385,14.4495,17.99368741578525,10.905312584214752
113,background,9,100,320.4572185914501,13.6515,16.791980742196213,10.51101925780379
113,background,10,100,343.00782559739457,14.068999999999999,17.430476690854466,10.707523309145532
113,deviant,1,98,196.55332743638758,12.851020408163265,14.796799077893958,10.905241738432572
113,deviant,2,100,155.5743602877652,13.6085,15.133128730820099,12.0838712691799
113,deviant,3,99,283.49915529438806,15.245959595959595,18.03824783827565,12.453671353643538
113,deviant,4,100,207.46369371657858,15.896,17.92914419842247,13.862855801577531
113,deviant,5,100,212.76326725902862,14.9055,16.99058001913848,12.82041998086152
113,deviant,6,100,160.87108274378554,15.187,16.763536610889098,13.610463389110901
113,deviant,7,100,189.86590836138734,15.78,17.640685901941595,13.919314098058404
113,deviant,8,100,199.29900176685072,16.0845,18.037630217315137,14.131369782684862
113,deviant,9,100,226.9974031847756,16.805,19.0295745512108,14.5804254487892
113,deviant,10,100,204.17173498900638,17.2225,19.223383002892263,15.221616997107738
114,background,1,99,312.3502504358984,27.88282828282828,30.95928165310716,24.806374912549405
114,background,2,100,384.16111272006157,24.825499999999998,28.5902789046566,21.060721095343396
114,background,3,100,334.6391379255854,23.458,26.737463551670736,20.17853644832926
114,background,4,100,418.5441308556174,25.139,29.24073248238505,21.03726751761495
114,background,5,100,412.87903160228683,24.072,28.118214509702412,20.025785490297586
114,background,6,100,424.70504935468847,23.477999999999998,27.640109483675946,19.31589051632405
114,background,7,100,348.25937853393424,21.972,25.384941909632555,18.559058090367447
114,background,8,100,374.57705622826353,22.988500000000002,26.659355151036984,19.31764484896302
114,background,9,100,342.87293564817855,22.4185,25.77865476935215,19.058345230647852
114,background,10,100,361.0294600896602,22.8425,26.38058870887867,19.304411291121333
114,deviant,1,100,348.9327713863639,27.941,31.360541159586365,24.521458840413633
114,deviant,2,99,372.72376182848734,28.675252525252525,32.346346983028845,25.004158067476205
114,deviant,3,100,381.5349297660425,29.3995,33.13854231170722,25.660457688292784
114,deviant,4,100,348.71672638856586,27.9045,31.321923918607943,24.487076081392054
114,deviant,5,100,355.68882763626857,29.646,33.13175051083543,26.16024948916457
114,deviant,6,100,336.8557711043642,29.892,33.193186556822766,26.590813443177233
114,deviant,7,100,343.40437265401084,29.801,33.16636285200931,26.435637147990693
114,deviant,8,100,329.42422257789826,30.0745,33.3028573812634,26.846142618736597
114,deviant,9,98,330.5805141199183,29.623979591836736,32.89655971750935,26.351399466164125
114,deviant,10,100,332.4567918106842,30.2955,33.553576559744705,27.037423440255296
115,background,1,99,191.41884359751668,15.124242424242425,17.009597552655617,13.238887295829233
115,background,2,99,289.3329851845266,14.157070707070707,17.006818501931075,11.307322912210338
115,background,3,100,243.6268285286893,12.758,15.145542919581153,10.370457080418845
115,background,4,100,254.60041964657194,12.873,15.368084112536405,10.377915887463594
115,background,5,100,224.47338372288158,12.485,14.68483916048424,10.28516083951576
115,background,6,100,254.92323405911418,12.3975,14.89574769377932,9.899252306220681
115,background,7,100,278.23969692940733,12.900500000000001,15.627249029908192,10.17375097009181
115,background,8,100,260.9017207584819,12.7345,15.291336863433123,10.177663136566878
115,background,9,100,265.5433109682862,12.8885,15.490824447489207,10.286175552510795
115,background,10,100,275.4439574291121,12.908,15.607350782805298,10.2086492171947
115,deviant,1,97,207.41803073427394,16.267525773195874,18.331416573634876,14.203634972756875
115,deviant,2,100,163.22036282922932,14.3515,15.951059555726447,12.751940444273552
115,deviant,3,99,166.06239315706802,15.695454545454545,17.331064596644445,14.059844494264645
115,deviant,4,100,176.41909581567708,16.0805,17.809407138993635,14.351592861006365
115,deviant,5,100,182.2959060659922,15.570500000000001,17.356999879446725,13.784000120553277
115,deviant,6,100,168.9205979774303,15.711,17.366421860178818,14.055578139821183
115,deviant,7,100,189.21657738658817,16.5365,18.390822458388563,14.682177541611436
115,deviant,8,100,174.89968553430853,15.696,17.410016918236224,13.981983081763776
115,deviant,9,100,180.50208483997892,16.9065,18.675420431431796,15.137579568568208
115,deviant,10,100,178.84732536292987,16.3555,18.10820378855671,14.602796211443287
116,background,1,200,508.9748830531301,25.496000000000002,29.023015994352885,21.96898400564712
116,background,2,200,605.137565917214,25.3865,29.57988938882568,21.193110611174323
116,background,3,200,521.0825674547776,23.76,27.370917966652627,20.149082033347376
116,background,4,199,504.46083255189126,23.54321608040201,27.047723548419164,20.03870861238486
116,background,5,200,559.8232310292242,23.60225,27.481627068679973,19.72287293132003
116,background,6,200,547.9358947329899,23.52675,27.32375203084791,19.72974796915209
116,background,7,200,543.7879617722526,23.645,27.413258321908355,19.876741678091644
116,background,8,199,525.907851644233,22.81608040201005,26.46958107965976,19.16257972436034
116,background,9,200,518.0968157847681,22.849,26.439227763175158,19.258772236824843
116,background,10,83,306.04434663176374,22.40843373493976,25.700521395682014,19.116346074197505
116,deviant,1,199,482.2253486100719,25.34145728643216,28.69149405127323,21.99142052159109
116,deviant,2,200,447.0399664224077,25.293499999999998,28.39132891884317,22.195671081156828
116,deviant,3,200,439.81622956579673,26.772,29.819770976338365,23.724229023661632
116,deviant,4,200,462.1764842909891,28.40075,31.603469636241737,25.19803036375826
116,deviant,5,200,462.2074949858046,27.349,30.551934529393154,24.146065470606846
116,deviant,6,199,449.5285015259994,27.676884422110554,30.799775019414504,24.553993824806604
116,deviant,7,200,485.06547306306476,28.74575,32.107082236159066,25.384417763840936
116,deviant,8,200,468.70417390031724,28.06975,31.317704217406458,24.82179578259354
116,deviant,9,200,465.4372505617984,29.15375,32.379065593672884,25.928434406327113
117,background,1,100,164.02265568800962,13.459,15.066422025742494,11.851577974257506
117,background,2,100,174.77621029250673,12.9335,14.646306860866567,11.220693139133434
117,background,3,100,270.3160187632246,13.4165,16.0655969838796,10.767403016120399
117,background,4,100,246.19322749246754,11.84,14.252693629426181,9.427306370573818
117,background,5,100,290.3117697996596,12.7305,15.575555344036664,9.885444655963335
117,background,6,99,260.19744021557335,12.52070707070707,15.083488085840003,9.957926055574138
117,background,7,100,287.9880662732216,12.635,15.45728304947757,9.812716950522429
117,background,8,99,260.7912908216474,12.52878787878788,15.097417948614858,9.9601578089609
117,background,9,100,313.8053956129332,13.659,16.734292877006745,10.583707122993255
117,background,10,100,261.0757905686635,12.688,15.246542747572903,10.129457252427098
117,deviant,1,100,163.033771122169,13.202,14.799730956997255,11.604269043002745
117,deviant,2,100,159.35608092042105,14.2325,15.794189593020127,12.670810406979873
117,deviant,3,100,157.6387025013711,14.5155,16.060359284513435,12.970640715486562
117,deviant,4,100,168.1032264319817,14.967,16.614411619033422,13.31958838096658
117,deviant,5,100,182.69755709483653,15.6515,17.441936059529397,13.861063940470602
117,deviant,6,100,196.77024405983855,15.8585,17.786848391786418,13.930151608213581
117,deviant,7,100,184.23165480334515,15.4365,17.241970217072783,13.631029782927218
117,deviant,8,100,173.4636166917705,15.666,17.36594344357935,13.96605655642065
117,deviant,9,99,203.38463689845352,16.934343434343432,18.93755409537539,14.931132773311475
117,deviant,10,100,188.58125430085627,16.438,18.28609629214839,14.589903707851608
118,background,1,100,329.2162183444987,25.9995,29.22581893977609,22.773181060223912
118,background,2,99,332.91784192753056,23.383838383838384,26.662869584852622,20.104807182824146
118,background,3,100,330.0912074914415,23.19,26.424893833416128,19.955106166583874
118,background,4,100,397.38442874693294,24.703,28.597367401719943,20.808632598280056
118,background,5,100,450.4297567762078,24.3625,28.776711616406836,19.948288383593166
118,background,6,99,355.86649255909975,21.90050505050505,25.4055660161195,18.3954440848906
118,background,7,99,416.17903219901063,24.306565656565656,28.405667176289928,20.207464136841384
118,background,8,99,361.2473966396815,22.751010101010102,26.30906958502097,19.192950616999234
118,background,9,100,382.0278613427366,23.5255,27.26937304115882,19.781626958841183
118,background,10,100,394.0410945707647,23.806,27.667602726793493,19.94439727320651
118,deviant,1,100,363.1540669134651,26.6605,30.219409855751955,23.101590144248043
118,deviant,2,100,346.1073342795632,26.7695,30.16135187593972,23.377648124060283
118,deviant,3,100,295.7060106538961,26.4275,29.32541890440818,23.529581095591816
118,deviant,4,100,316.7608802601071,27.6075,30.71175662654905,24.503243373450953
118,deviant,5,100,344.30393167726254,28.0235,31.397678530437172,24.649321469562825
118,deviant,6,100,324.65630409630694,29.363,32.54463178014381,26.181368219856193
118,deviant,7,100,350.823673659575,28.6485,32.086572001863836,25.210427998136165
118,deviant,8,100,327.84666666309914,29.502,32.71489733329837,26.289102666701627
118,deviant,9,100,322.2867307881373,29.682,32.84040996172374,26.523590038276254
118,deviant,10,100,338.0134768412582,30.607,33.91953207304433,27.29446792695567
119,background,1,100,215.4731269115771,13.098,15.209636643733456,10.986363356266546
119,background,2,100,255.33978909432986,12.9885,15.490829933124433,10.486170066875568
119,background,3,100,224.2245467570869,12.359,14.556400558219451,10.161599441780549
119,background,4,100,308.09665691143096,13.3685,16.38784723773202,10.349152762267977
119,background,5,99,322.30748639998063,13.697979797979798,16.87250567531642,10.523453920643176
119,background,6,100,314.3156308386105,13.67,16.750293182218382,10.589706817781618
119,background,7,99,288.51789600610476,12.978282828282827,15.820002507761396,10.136563148804258
119,background,8,99,235.7277588995184,11.942929292929293,14.264699348572451,9.621159237286134
119,background,9,100,310.10424817606435,13.2665,16.30552163212543,10.22747836787457
119,background,10,100,258.7362455027167,12.7675,15.303115205926623,10.231884794073377
119,deviant,1,100,154.4868159934351,13.3775,14.891470796735664,11.863529203264335
119,deviant,2,100,181.65101735267865,14.5405,16.32067997005625,12.760320029943749
119,deviant,3,100,195.36586460441745,14.555,16.469585473123292,12.64041452687671
119,deviant,4,100,207.59867660058868,15.508,17.542467030685767,13.473532969314231
119,deviant,5,100,199.46908479630045,15.732,17.686797031003742,13.777202968996255
119,deviant,6,99,164.90365608279788,15.516161616161616,17.140358836491192,13.891964395832042
119,deviant,7,100,158.61142522065148,15.115,16.669391967162383,13.560608032837616
119,deviant,8,100,174.27753123893174,15.36,17.067919806141532,13.652080193858469
119,deviant,9,100,178.3801897780781,15.8995,17.647625859825165,14.151374140174834
119,deviant,10,100,181.09745849592758,16.377,18.15175509326009,14.602244906739909
120,background,1,100,404.40118824334775,30.3,34.263131644784806,26.33686835521519
120,background,2,100,324.3862098762751,25.4615,28.640484856787495,22.282515143212507
120,background,3,99,320.1288597457362,24.362121212121213,27.51518898816393,21.209053436078495
120,background,4,99,286.44894833111186,24.14242424242424,26.963766089521435,21.321082395327046
120,background,5,100,310.5388864538546,24.391,27.434281087247772,21.347718912752224
120,background,6,100,318.09408158097204,24.3665,27.483821999493525,21.249178000506472
120,background,7,100,321.50206678553167,24.386,27.53672025449821,21.23527974550179
120,background,8,100,334.9143331156727,23.827,27.109160464533595,20.54483953546641
120,background,9,100,283.47954070796715,22.7525,25.53059949893808,19.974400501061922
120,background,10,100,303.37203146250016,23.909,26.8820459083325,20.935954091667497
120,deviant,1,99,332.18084801727156,28.45858585858586,31.730358133455724,25.186813583715995
120,deviant,2,100,329.2010104224437,28.741,31.967169902139947,25.514830097860052
120,deviant,3,100,338.1878332026683,29.885,33.19924076538615,26.570759234613853
120,deviant,4,100,296.5430606878287,28.1755,31.081621994740722,25.269378005259277
120,deviant,5,100,323.91300813969366,30.791,33.965347479769,27.616652520231003
120,deviant,6,99,334.73501302876645,30.07121212121212,33.36814131382703,26.774282928597206
120,deviant,7,100,343.96884421335847,30.3075,33.67839467329092,26.93660532670909
120,deviant,8,100,333.4379726110201,31.1135,34.381192131587994,27.845807868412003
120,deviant,9,100,340.9816016027536,31.145,34.486619695706985,27.803380304293015
120,deviant,10,100,333.4247764923108,31.8215,35.08906280962464,28.553937190375354
121,background,1,100,196.39084285652106,15.7,17.624630259993907,13.775369740006093
121,background,2,100,174.9105259990466,13.8305,15.544623154790656,12.116376845209345
121,background,3,100,176.89181201484348,12.7315,14.465039757745467,10.997960242254534
121,background,4,100,147.64161800935753,12.258000000000001,13.704887856491705,10.811112143508296
121,background,5,100,194.96065055071466,13.0075,14.918114375397003,11.096885624602997
121,background,6,100,146.55298125862018,12.4695,13.905719216334477,11.033280783665523
121,background,7,100,199.22245566728986,12.7105,14.66288006553944,10.75811993446056
121,background,8,100,190.26841843204454,13.0035,14.868130500634038,11.138869499365963
121,background,9,100,193.8236651131505,12.6385,14.537971918108875,10.739028081891126
121,background,10,100,190.45721304271999,12.5055,14.371980687818656,10.639019312181343
121,deviant,1,100,191.2771549349268,15.346499999999999,17.221016118362282,13.471983881637716
121,deviant,2,100,156.66691955933302,14.4445,15.979835811681463,12.909164188318536
121,deviant,3,100,166.8381267166345,14.7105,16.34551364182302,13.075486358176981
121,deviant,4,100,163.81396701586127,14.95,16.55537687675544,13.34462312324456
121,deviant,5,100,204.2004497649565,16.482499999999998,18.483664407696573,14.481335592303424
121,deviant,6,100,173.44362803303892,16.1125,17.812247554723783,14.412752445276219
121,deviant,7,100,174.95378337089335,16.233,17.947547077034756,14.518452922965245
121,deviant,8,100,196.8776269666008,16.914,18.84340074427269,14.984599255727314
121,deviant,9,100,188.56016071940098,17.7795,19.627389575050127,15.93161042494987
121,deviant,10,100,199.1007018412648,17.012,18.963186878044397,15.060813121955606
122,background,1,100,307.5775640301757,25.808,28.82226012749572,22.79373987250428
122,background,2,100,355.58925891065894,24.655,28.13977473732446,21.170225262675544
122,background,3,100,303.6195160498017,23.117,26.092471257288057,20.141528742711944
122,background,4,100,322.0471361380766,22.473,25.62906193415315,19.31693806584685
122,background,5,100,324.69392875201873,23.972,27.154000501769787,20.789999498230216
122,background,6,100,322.12544957385455,24.071,27.227829405823776,20.914170594176227
122,background,7,100,365.1834002107349,24.759999999999998,28.3387973220652,21.181202677934795
122,background,8,100,303.87963337306337,23.523,26.50102040705602,20.544979592943978
122,background,9,100,344.63929274716065,24.031,27.408465068922172,20.653534931077825
122,background,10,100,304.4909297758958,23.667,26.65101111180378,20.682988888196224
122,deviant,1,100,309.66976468149863,24.636,27.670763693878687,21.60123630612131
122,deviant,2,100,336.5616937267379,26.419999999999998,29.718304598522028,23.121695401477968
122,deviant,3,100,304.74970316465834,28.671499999999998,31.65804709101365,25.684952908986347
122,deviant,4,100,312.50284630282715,28.2495,31.312027893767706,25.186972106232297
122,deviant,5,100,296.92711315458513,28.89,31.799885708914935,25.980114291085066
122,deviant,6,100,310.19724624655737,28.537,31.576933013216262,25.497066986783736
122,deviant,7,100,332.1224924632477,30.3915,33.64630042613983,27.136699573860174
122,deviant,8,100,327.99016753555276,28.6785,31.892803641848417,25.464196358151582
122,deviant,9,100,321.5599068357412,28.783,31.934287086990263,25.63171291300974
122,deviant,10,100,338.01649757309025,31.132,34.44456167621629,27.819438323783718
123,background,1,99,173.07769019173222,13.785353535353535,15.490059846833546,12.080647223873523
123,background,2,100,245.3775447625235,13.9175,16.322199938672732,11.51280006132727
123,background,3,100,159.54892831453236,12.7055,14.269079497482418,11.141920502517584
123,background,4,100,265.7640722619654,13.706,16.31048790816726,11.101512091832738
123,background,5,100,224.45063341881055,13.0365,15.236116207504343,10.836883792495657
123,background,6,100,165.19696377992324,12.048,13.666930245043247,10.429069754956753
123,background,7,99,204.75602298190995,12.194444444444445,14.211162395233702,10.177726493655188
123,background,8,100,191.7917730522514,12.702,14.581559375912065,10.822440624087935
123,background,9,100,215.17076449819302,12.93,15.03867349208229,10.821326507917709
123,background,10,100,203.6537954987645,12.285,14.280807195887892,10.289192804112108
123,deviant,1,100,160.90736138340105,13.145,14.72189214155733,11.56810785844267
123,deviant,2,100,171.96202916249916,15.0905,16.77572788579249,13.40527211420751
123,deviant,3,99,158.16200055971925,14.921717171717171,16.479513328412924,13.36392101502142
123,deviant,4,99,164.33967551193604,15.169191919191919,16.787834285873775,13.550549552510063
123,deviant,5,100,173.5345711044951,16.053,17.753638796824053,14.352361203175949
123,deviant,6,100,152.73792483928318,14.66,16.156831663424974,13.163168336575024
123,deviant,7,100,180.28555565809302,16.2485,18.01529844544931,14.481701554550689
123,deviant,8,100,205.89723420345302,16.2035,18.221292895193837,14.18570710480616
123,deviant,9,100,168.07896796947622,15.9775,17.624673886100865,14.330326113899131
123,deviant,10,100,179.76998461484345,17.002,18.763745849225465,15.240254150774533
124,background,1,100,322.15484181564483,26.036,29.19311744979332,22.878882550206683
124,background,2,100,339.28238122620866,25.0765,28.401467336016843,21.751532663983156
124,background,3,100,332.9448982386693,24.44,27.70286000273896,21.177139997261044
124,background,4,100,322.58469308156316,23.536,26.69732999219932,20.37467000780068
124,background,5,100,372.3671045169212,25.4635,29.112697624265827,21.814302375734172
124,background,6,100,293.0735582175844,22.947,25.819120870532327,20.07487912946767
124,background,7,100,322.16427649978755,24.041999999999998,27.199209909697917,20.88479009030208
124,background,8,100,302.75072688860536,23.2665,26.233457123508334,20.299542876491667
124,background,9,100,323.14061628761067,23.399,26.565778039618586,20.232221960381416
124,background,10,100,294.3292284786581,23.135,26.01942643909085,20.250573560909153
124,deviant,1,100,306.9597950700933,25.443,28.451205991686916,22.434794008313087
124,deviant,2,100,327.2473513221588,27.8095,31.016524042957155,24.602475957042845
124,deviant,3,100,310.6866969862252,28.5665,31.611229630465008,25.521770369534995
124,deviant,4,100,309.90703614573124,27.9665,31.003588954228167,24.929411045771833
124,deviant,5,100,317.8006988830049,29.498,32.61244684905345,26.383553150946554
124,deviant,6,100,292.25785748745557,27.8015,30.665627003377065,24.937372996622937
124,deviant,7,99,316.8358490814414,29.53787878787879,32.65851248153356,26.41724509422402
124,deviant,8,100,323.77800224357753,30.229,33.40202442198706,27.05597557801294
124,deviant,9,100,324.8237578814249,29.928,33.11127282723797,26.744727172762037
124,deviant,10,100,335.21095871421807,31.6135,34.89856739539933,28.32843260460066
125,background,1,100,218.3886263184582,13.7835,15.923708537920891,11.643291462079109
125,background,2,99,203.59705431640162,12.637878787878789,14.64318162677979,10.632575948977788
125,background,3,98,196.76276123933192,13.310204081632653,15.25805604023515,11.362352123030156
125,background,4,100,233.28006660167986,12.66,14.946144652696463,10.373855347303538
125,background,5,100,262.2128956241072,13.8795,16.449186377116252,11.30981362288375
125,background,6,100,177.96267349614286,12.0135,13.757534200262201,10.2694657997378
125,background,7,100,209.85463640590032,12.481,14.537575436777823,10.424424563222177
125,background,8,100,165.30313462178955,12.035,13.654970719293537,10.415029280706463
125,background,9,100,217.38966953618709,13.077,15.207418761454633,10.946581238545367
125,background,10,100,178.80564279333257,12.261,14.013295299374658,10.50870470062534
125,deviant,1,100,198.90057024077447,14.328,16.277225588359588,12.378774411640409
125,deviant,2,100,159.85362547952226,14.7245,16.29106552969932,13.157934470300683
125,deviant,3,100,152.91650628606723,14.256,15.75458176160346,12.757418238396541
125,deviant,4,100,177.6958000866116,15.8985,17.639918840848793,14.157081159151208
125,deviant,5,100,153.7212189578743,15.6845,17.19096794578717,14.178032054212832
125,deviant,6,100,177.71870884542292,15.8595,17.601143346685145,14.117856653314856
125,deviant,7,100,182.9041235758577,16.1785,17.970960411043404,14.386039588956594
125,deviant,8,99,173.01467081085775,16.66919191919192,18.373277529435377,14.965106308948465
125,deviant,9,100,174.7532997956653,17.045,18.757582337997523,15.332417662002483
125,deviant,10,100,192.03209709782755,17.058,18.939914551558708,15.17608544844129
126,background,1,100,360.1543492214941,26.8525,30.38201262237064,23.322987377629357
126,background,2,100,475.0876484231204,26.083,30.73885895454658,21.427141045453418
126,background,3,100,530.168796357895,26.447,31.64265420430737,21.25134579569263
126,background,4,100,508.66533564241473,25.0625,30.047420289295665,20.077579710704335
126,background,5,100,532.6666578837581,26.507,31.72713324726083,21.286866752739172
126,background,6,100,564.2687442960788,27.341,32.87083369410158,21.81116630589843
126,background,7,100,563.333546143425,28.708,34.228668752205564,23.187331247794432
126,background,8,100,446.61771006910203,24.063,28.4398535586772,19.686146441322798
126,background,9,100,443.7057079452076,23.4405,27.788815937863035,19.092184062136965
126,background,10,100,407.5264957482422,23.8865,27.880259658332776,19.892740341667228
126,deviant,1,100,421.3033567645202,29.3675,33.4962728962923,25.238727103707703
126,deviant,2,100,310.3606136840108,26.381,29.422534014103306,23.339465985896695
126,deviant,3,100,337.59464949613914,26.779,30.087427565062164,23.470572434937836
126,deviant,4,100,343.6108302012306,27.7745,31.141886135972058,24.40711386402794
126,deviant,5,100,326.2634913524247,27.9945,31.19188221525376,24.797117784746238
126,deviant,6,100,354.26118078407393,30.045,33.51675957168393,26.573240428316076
126,deviant,7,100,325.23625421012275,28.317,31.504315291259203,25.129684708740797
126,deviant,8,100,345.89343886901287,29.3525,32.742255700916324,25.962744299083674
126,deviant,9,100,322.36646766325464,27.7295,30.888691383099896,24.570308616900107
126,deviant,10,100,367.0532336266629,31.4985,35.0956216895413,27.901378310458703
127,background,1,100,307.954866823046,16.778,19.795957694865848,13.760042305134148
127,background,2,100,327.13737658343894,14.111,17.316946290517702,10.9050537094823
127,background,3,100,299.99981578941714,12.928,15.867998194736288,9.988001805263714
127,background,4,100,355.2951256572336,13.501000000000001,16.98289223144089,10.019107768559111
127,background,5,100,418.1230648605995,14.9895,19.087106035633873,10.891893964366124
127,background,6,100,420.30353693241125,15.502,19.62097466193763,11.383025338062371
127,background,7,100,350.7740950946545,14.0315,17.469086131927615,10.593913868072384
127,background,8,100,376.645156193745,14.628,18.3191225306987,10.9368774693013
127,background,9,100,398.9443768114468,15.395,19.30465489275218,11.485345107247822
127,background,10,100,342.3306650163352,14.114,17.468840517160086,10.759159482839916
127,deviant,1,100,224.71915220652875,15.5815,17.783747691623983,13.379252308376019
127,deviant,2,100,148.30445214596827,13.746,15.19938363103049,12.292616368969512
127,deviant,3,99,155.99198697369042,14.72121212121212,16.257635009914736,13.184789232509504
127,deviant,4,100,219.5684882960931,15.671,17.82277118530171,13.519228814698288
127,deviant,5,100,219.32288742255886,15.4075,17.55686429674108,13.258135703258924
127,deviant,6,100,215.20127054017425,16.0415,18.150472451293705,13.932527548706291
127,deviant,7,100,228.49850281670052,15.0315,17.270785327603665,12.792214672396334
127,deviant,8,100,218.24576320720348,15.8525,17.991308479430593,13.713691520569405
127,deviant,9,100,203.7924447233405,15.2265,17.223665958288738,13.229334041711262
127,deviant,10,100,193.49247231379638,17.251,19.147226228675205,15.354773771324798
128,background,1,100,432.48184628770383,27.273,31.511322093619498,23.0346779063805
128,background,2,100,459.086008453639,26.058,30.557042882845664,21.558957117154335
128,background,3,100,453.43134163723994,25.9355,30.37912714804495,21.49187285195505
128,background,4,100,466.23314982956754,24.5265,29.09558486832976,19.95741513167024
128,background,5,100,589.3350624131178,29.098,34.87348361164855,23.322516388351445
128,background,6,100,539.6830551351414,27.238,32.526893940324385,21.949106059675614
128,background,7,100,506.36267686937185,27.2915,32.25385423331984,22.329145766680156
128,background,8,100,559.0923353737594,27.6325,33.111604886662846,22.153395113337158
128,background,9,100,459.62924704248553,25.2825,29.786866621016358,20.77813337898364
128,background,10,99,433.31056080513804,24.2979797979798,28.56581609171113,20.030143504248468
128,deviant,1,100,440.2515040770505,26.8885,31.202964739955096,22.574035260044905
128,deviant,2,100,316.1530442181777,25.338,28.436299833338143,22.23970016666186
128,deviant,3,100,360.78820511120983,27.3625,30.898224410089856,23.826775589910145
128,deviant,4,100,351.1600699636024,29.387,32.828368685643305,25.945631314356696
128,deviant,5,100,341.0989669629005,27.556,30.898769876236425,24.213230123763577
128,deviant,6,100,317.6723982841111,27.6,30.71318950318429,24.486810496815714
128,deviant,7,100,379.0404088998261,29.72,33.434596007218296,26.0054039927817
128,deviant,8,100,345.22530781779994,27.5905,30.973708016614438,24.20729198338556
128,deviant,9,100,331.6632050423251,29.5365,32.78679940941478,26.286200590585214
128,deviant,10,100,333.20741920090296,29.076999999999998,32.34243270816885,25.81156729183115
129,background,1,100,223.7825189541705,13.878,16.07106868575087,11.684931314249129
129,background,2,100,370.5879894097175,14.707,18.338762296215233,11.075237703784769
129,background,3,100,420.32970454907866,15.0395,19.158731104580973,10.92026889541903
129,background,4,100,460.06865620367216,15.896,20.404672830795988,11.387327169204013
129,background,5,100,359.1567573021417,13.7015,17.22123622156099,10.18176377843901
129,background,6,100,339.8607648341953,13.599499999999999,16.93013549537511,10.268864504624885
129,background,7,100,448.54547384324707,16.26,20.65574564366382,11.86425435633618
129,background,8,100,427.30785771286486,15.563,19.750617005586076,11.375382994413926
129,background,9,100,445.67318389387674,16.8715,21.239097202159993,12.50390279784001
129,background,10,100,341.76003431154965,14.255,17.60424833625319,10.905751663746814
129,deviant,1,100,343.6207364614595,14.854,18.2214832173223,11.486516782677697
129,deviant,2,100,220.3294781625201,14.466,16.625228885992698,12.306771114007303
129,deviant,3,100,239.19181358108918,14.7745,17.118579773094673,12.430420226905326
129,deviant,4,100,239.80639669270047,14.9625,17.312602687588466,12.612397312411536
129,deviant,5,100,157.54965800293604,14.827,16.370986648428772,13.283013351571228
129,deviant,6,99,299.5307031094862,16.214141414141412,19.164330312012307,13.263952516270518
129,deviant,7,100,298.46986976560083,16.638,19.56300472370289,13.712995276297114
129,deviant,8,100,188.9261203417051,16.205000000000002,18.05647597934871,14.353524020651292
129,deviant,9,100,203.74756698579642,17.2105,19.207226156460806,15.213773843539194
129,deviant,10,100,193.45027920971268,16.828,18.723812736255184,14.932187263744815
130,background,1,100,438.78093383229043,27.0715,31.371553151556448,22.771446848443553
130,background,2,99,597.0973296311344,28.19090909090909,34.07194196847102,22.30987621334716
130,background,3,100,452.7948298012433,24.264,28.701389332052184,19.826610667947815
130,background,4,100,466.47645904386786,23.4655,28.036969298629902,18.894030701370095
130,background,5,100,463.48475248865924,25.655,30.19715057438886,21.11284942561114
130,background,6,100,531.306832254207,26.3275,31.53430695609123,21.120693043908773
130,background,7,100,478.0872222777588,25.6525,30.337754778322036,20.967245221677963
130,background,8,100,445.230626222316,24.656,29.019260136978694,20.292739863021303
130,background,9,100,485.9576844259505,25.8965,30.658885307374312,21.134114692625687
130,background,10,100,485.77135893123085,26.8045,31.565059317526064,22.043940682473938
130,deviant,1,100,388.0877274670333,26.409,30.212259729176925,22.605740270823073
130,deviant,2,99,317.7160309392484,25.70858585858586,28.837888789544362,22.579282927627357
130,deviant,3,100,324.49522744037233,26.722,29.90205322891565,23.54194677108435
130,deviant,4,100,300.30839850148436,27.2655,30.208522305314546,24.322477694685453
130,deviant,5,100,342.43109180034884,28.229,31.58482469964342,24.87317530035658
130,deviant,6,99,395.3342855969123,29.77121212121212,33.66500600680727,25.877418235616975
130,deviant,7,99,372.7898519061517,28.833333333333332,32.50507873677686,25.161587929889805
130,deviant,8,100,331.77928617808874,27.651,30.90243700454527,24.39956299545473
130,deviant,9,100,356.45275762862696,28.853,32.34623702476055,25.35976297523946
130,deviant,10,100,338.56103779937456,27.5375,30.855398170433872,24.21960182956613
131,background,1,100,238.32476735925306,13.863,16.19858272012068,11.52741727987932
131,background,2,100,434.14938006465735,15.665000000000001,19.919663924633642,11.41033607536636
131,background,3,100,411.3810149650616,15.070500000000001,19.102033946657606,11.038966053342397
131,background,4,100,356.8315465756622,14.120999999999999,17.617949156441487,10.624050843558509
131,background,5,100,472.9886723913442,16.117,20.752288989435172,11.481711010564828
131,background,6,100,351.9940975880733,13.7065,17.156042156363117,10.256957843636881
131,background,7,100,354.95877818491306,13.8035,17.282096026212148,10.324903973787851
131,background,8,100,376.74194714265894,15.216,18.908071081998056,11.523928918001943
131,background,9,100,408.1475513637323,15.9055,19.905346003364578,11.905653996635424
131,background,10,100,318.60342037348596,13.8605,16.982813519660162,10.738186480339838
131,deviant,1,100,233.69296658560128,14.1415,16.431691072538893,11.851308927461108
131,deviant,2,100,164.8492852338319,14.2415,15.857022995291553,12.625977004708448
131,deviant,3,100,176.764540085332,14.2235,15.955792492836252,12.491207507163747
131,deviant,4,100,285.8488697122826,15.7975,18.598818923180367,12.99618107681963
131,deviant,5,100,206.05373596531362,15.329,17.348326612460074,13.309673387539927
131,deviant,6,100,187.55254000721476,14.775500000000001,16.613514892070704,12.937485107929296
131,deviant,7,100,186.04437784119088,15.652000000000001,17.47523490284367,13.82876509715633
131,deviant,8,100,194.49982411032497,16.5355,18.441598276281184,14.629401723718814
131,deviant,9,99,242.87150057072085,16.883333333333333,19.275464748092105,14.49120191857456
131,deviant,10,100,249.50397634211424,16.9995,19.44463896815272,14.554361031847282
132,background,1,100,351.8531093031803,27.569,31.017160471171167,24.12083952882883
132,background,2,100,448.5039722877544,26.3795,30.774838928419992,21.984161071580008
132,background,3,100,395.2934785833512,23.6545,27.52837609011684,19.780623909883158
132,background,4,100,423.6227281313807,24.4,28.551502735687528,20.24849726431247
132,background,5,100,388.2145161200388,23.258,27.06250225797638,19.453497742023618
132,background,6,100,436.4737226068894,24.546,28.823442481547517,20.268557518452482
132,background,7,100,412.49477508652666,23.4595,27.50194879584796,19.417051204152038
132,background,8,100,379.7855627643191,23.773,27.494898515090327,20.051101484909672
132,background,9,100,405.34140580892785,24.2105,28.182845776927493,20.238154223072506
132,background,10,100,410.82891816424024,24.391,28.41712339800955,20.364876601990446
132,deviant,1,100,343.30213407894496,27.9415,31.30586091397366,24.577139086026342
132,deviant,2,100,356.3964122035727,27.3335,30.826184839595015,23.840815160404986
132,deviant,3,100,313.5519767203887,26.838,29.91080937185981,23.765190628140193
132,deviant,4,100,337.4694255156973,28.2485,31.555700370053835,24.941299629946165
132,deviant,5,100,336.26310970335186,27.939,31.234378475092846,24.643621524907154
132,deviant,6,100,326.3898581048195,28.6055,31.80412060942723,25.40687939057277
132,deviant,7,100,353.52261522239877,29.6875,33.15202162917951,26.222978370820492
132,deviant,8,100,367.3234484612624,30.556,34.155769794920374,26.95623020507963
132,deviant,9,100,323.06339201951977,28.0285,31.194521241791293,24.86247875820871
132,deviant,10,100,316.08159339672176,29.154,32.25159961528787,26.056400384712127
133,background,1,100,236.2961901378949,15.814,18.12970266335137,13.49829733664863
133,background,2,100,227.2365333859482,12.59,14.816918027182293,10.363081972817707
133,background,3,100,260.3025314796935,12.6915,15.242464808500996,10.140535191499003
133,background,4,100,306.45675405391734,13.203,16.20627618972839,10.19972381027161
133,background,5,100,329.6864978158876,13.6305,16.861427678595696,10.399572321404301
133,background,6,100,344.10360664378845,14.0515,17.423715345109127,10.679284654890875
133,background,7,100,312.4529354032464,13.199,16.261038766951813,10.136961233048186
133,background,8,100,306.76339244989515,13.461,16.467281246008973,10.454718753991028
133,background,9,100,293.80060370401236,12.953,15.832245916299321,10.073754083700678
133,background,10,100,309.32726665254853,13.619,16.650407213194974,10.587592786805024
133,deviant,1,100,234.46693179479092,16.167,18.464775931588953,13.86922406841105
133,deviant,2,100,157.25534046659007,14.649,16.190102336572583,13.107897663427416
133,deviant,3,100,162.76368080586553,15.066,16.661084071897484,13.470915928102519
133,deviant,4,99,178.02536779613007,15.631313131313131,17.384750953076427,13.877875309549838
133,deviant,5,99,182.56719022696387,15.032323232323233,16.830495146359695,13.23415131828677
133,deviant,6,100,172.96139666654554,15.3735,17.068521687332147,13.678478312667854
133,deviant,7,100,194.3612548025482,15.4535,17.358240297064974,13.548759702935028
133,deviant,8,100,189.34579894718382,15.37,17.2255888296824,13.514411170317597
133,deviant,9,100,210.7959227609291,17.604,19.669800043057105,15.538199956942893
133,deviant,10,100,190.9670817596307,16.604,18.47547740124438,14.732522598755619
134,background,1,100,289.78470683559107,24.4995,27.339390126988793,21.65960987301121
134,background,2,100,310.95388471773856,22.5745,25.62184807023384,19.527151929766163
134,background,3,100,427.2140841360576,23.939,28.125698024533364,19.752301975466636
134,background,4,100,425.8819826640882,24.634,28.807643430108065,20.460356569891935
134,background,5,99,382.28086946366386,23.12929292929293,26.89451888193223,19.364066976653632
134,background,6,100,434.28768963490216,24.6645,28.92051935842204,20.40848064157796
134,background,7,100,420.5242185903834,24.2585,28.37963734218576,20.137362657814244
134,background,8,100,391.9717229328506,23.617,27.458322884741936,19.775677115258066
134,background,9,100,382.15433985980616,23.555500000000002,27.300612530626104,19.8103874693739
134,background,10,100,372.7680843860457,22.6145,26.267627226983247,18.961372773016752
134,deviant,1,100,361.49656036799956,25.065,28.607666291606396,21.522333708393607
134,deviant,2,100,300.97896411893186,26.13,29.07959384836553,23.180406151634468
134,deviant,3,100,310.85478925054383,26.458000000000002,29.504376934655333,23.41162306534467
134,deviant,4,100,306.12105018835456,26.0115,29.011486291845877,23.011513708154126
134,deviant,5,100,323.9233543196356,27.9465,31.12094887233243,24.77205112766757
134,deviant,6,98,316.53870637187316,27.68979591836735,30.823369239337314,24.556222597397383
134,deviant,7,100,334.0345042057781,28.2215,31.495038141216625,24.947961858783373
134,deviant,8,100,349.8044641766236,29.174,32.60208374893091,25.74591625106909
134,deviant,9,100,334.94727786230544,29.69,32.9724833230506,26.407516676949406
134,deviant,10,99,341.6056513768934,30.949494949494948,34.31409560538727,27.584894293602623
135,background,1,100,194.93690612200922,13.5895,15.49988167999569,11.679118320004308
135,background,2,100,230.67319101410897,13.258,15.518597271938267,10.997402728061731
135,background,3,99,286.24053190501024,12.86969696969697,15.688986046176542,10.050407893217397
135,background,4,99,297.54297787750016,12.62979797979798,15.560409035228863,9.699186924367096
135,background,5,100,283.6720725359515,12.9735,15.753486310852324,10.193513689147675
135,background,6,99,343.5766213479056,13.537373737373738,16.921387206931414,10.15336026781606
135,background,7,98,325.9184391030499,13.391326530612245,16.617754468261264,10.164898592963226
135,background,8,100,303.15392564104945,13.2545,16.225408471282286,10.283591528717714
135,background,9,100,270.77778323698726,12.929499999999999,15.583122275722474,10.275877724277525
135,background,10,100,294.23131340745107,13.2245,16.10796687139302,10.34103312860698
135,deviant,1,99,222.01475176212955,13.546969696969697,15.733675263419702,11.360264130519692
135,deviant,2,100,167.3752952908051,14.674,16.31427789384989,13.03372210615011
135,deviant,3,100,171.71556959724197,14.592,16.274812582052974,12.90918741794703
135,deviant,4,100,211.08708604444956,15.145,17.213653443235604,13.076346556764394
135,deviant,5,100,185.08294726533038,14.5725,16.386312883200237,12.758687116799763
135,deviant,6,100,218.5393256192241,15.551,17.692685391068395,13.409314608931604
135,deviant,7,100,187.3714366256445,15.6505,17.486740078931316,13.814259921068683
135,deviant,8,100,169.95543533526666,15.490499999999999,17.156063266285614,13.824936733714386
135,deviant,9,100,170.4951998089528,15.8365,17.507352958127736,14.165647041872262
135,deviant,10,100,174.70417101037128,16.361,18.073100875901638,14.648899124098362
136,background,1,100,363.7924907358444,25.5495,29.114666409211274,21.984333590788722
136,background,2,99,397.20978813402076,24.82020202020202,28.732468425326772,20.90793561507727
136,background,3,100,322.0198629048574,22.5605,25.716294656467603,19.4047053435324
136,background,4,100,362.8949318727769,22.714,26.270370332353213,19.157629667646784
136,background,5,100,416.34487854990704,24.008,28.08817980978909,19.92782019021091
136,background,6,100,377.31253623488305,22.4705,26.168162855101855,18.772837144898148
136,background,7,100,363.3633602593242,22.315,25.87596093054138,18.754039069458624
136,background,8,100,343.92833555844163,22.473,25.843497688472727,19.10250231152727
136,background,9,100,380.59533005957644,22.818,26.54783423458385,19.088165765416154
136,background,10,100,354.158149329988,21.576,25.046749863433885,18.105250136566116
136,deviant,1,100,330.1350401530291,25.5745,28.809823393499684,22.339176606500317
136,deviant,2,100,342.6613795755681,26.759,30.117081519840568,23.400918480159433
136,deviant,3,100,317.3720753477317,27.1915,30.30174633840777,24.081253661592232
136,deviant,4,100,312.1311465259097,27.994,31.052885235953916,24.935114764046084
136,deviant,5,100,335.9120107221062,28.323999999999998,31.61593770507664,25.032062294923357
136,deviant,6,100,293.17773484786716,27.492,30.3651418015091,24.6188581984909
136,deviant,7,100,350.4554292556142,28.1505,31.58496320670502,24.716036793294982
136,deviant,8,100,354.82783816499256,29.938,33.41531281401693,26.460687185983073
136,deviant,9,100,331.0548809646617,28.9175,32.16183783345369,25.673162166546316
136,deviant,10,100,336.48786636448915,29.257,32.554581090372,25.959418909628006
137,background,1,99,188.52960119385972,13.068686868686868,14.925584777943428,11.211788959430308
137,background,2,99,231.51656187204537,12.536868686868686,14.817161102362693,10.25657627137468
137,background,3,100,261.32035189741634,13.179,15.739939448594681,10.61806055140532
137,background,4,100,303.94704784672086,13.259500000000001,16.238181068897866,10.280818931102136
137,background,5,100,249.04801904346417,11.827,14.267670586625949,9.386329413374051
137,background,6,100,273.6382071660546,12.783,15.464654430227334,10.101345569772665
137,background,7,100,308.74945130997486,13.2875,16.313244622837754,10.261755377162245
137,background,8,100,279.7980427680689,12.4365,15.178520819127076,9.694479180872925
137,background,9,100,223.37987470014536,11.463000000000001,13.652122772061425,9.273877227938577
137,background,10,100,252.88701970809436,12.6685,15.146792793139324,10.190207206860675
137,deviant,1,100,168.27909930576018,12.4385,14.08763517319645,10.78936482680355
137,deviant,2,99,174.84616546824057,13.387373737373737,15.109498417230519,11.665249057516956
137,deviant,3,100,154.46888632376834,14.593,16.10679508597293,13.07920491402707
137,deviant,4,100,155.32471081406743,14.5035,16.025682165977862,12.98131783402214
137,deviant,5,99,178.69379867306677,15.223232323232324,16.98325376841606,13.463210878048589
137,deviant,6,99,179.08718841009136,16.08888888888889,17.8527849753787,14.324992802399077
137,deviant,7,100,185.2684183613205,15.2005,17.016130499940942,13.38486950005906
137,deviant,8,100,177.70811372644334,17.254,18.995539514519145,15.512460485480856
137,deviant,9,100,180.1718112773121,16.2565,18.02218375051766,14.490816249482341
137,deviant,10,100,177.07085260455847,15.7365,17.471794355524672,14.001205644475327
138,background,1,99,349.5193504168109,29.365151515151513,32.80769712562207,25.922605904680953
138,background,2,100,306.35491543392334,25.639499999999998,28.641778171252447,22.63722182874755
138,background,3,100,317.7719349338122,23.9455,27.05966496235136,20.83133503764864
138,background,4,100,313.96052383431237,23.981,27.057813133576264,20.90418686642374
138,background,5,100,341.88076561096085,24.577,27.927431502987417,21.226568497012586
138,background,6,100,337.59866783847923,24.063499999999998,27.371966944817096,20.7550330551829
138,background,7,100,330.5616233656068,24.1955,27.435003908982946,20.955996091017052
138,background,8,100,318.637159593297,23.9955,27.11814416401431,20.87285583598569
138,background,9,100,333.3577420887751,24.241,27.507905872469998,20.97409412753
138,background,10,100,311.425601489598,23.919,26.97097089459806,20.86702910540194
138,deviant,1,100,323.71511598284917,28.0735,31.245908136631922,24.901091863368077
138,deviant,2,100,331.6981705041339,29.0565,32.307142070940515,25.80585792905949
138,deviant,3,100,330.86446183484736,28.6235,31.865971725981503,25.381028274018497
138,deviant,4,100,349.3556098093505,30.772,34.19568497613163,27.348315023868363
138,deviant,5,100,325.7609472248663,28.729,31.92145728280369,25.53654271719631
138,deviant,6,100,310.6677189199859,29.602,32.64654364541586,26.55745635458414
138,deviant,7,100,330.3820157269301,31.3025,34.540243754123914,28.064756245876083
138,deviant,8,100,346.64669561233,31.611,35.008137617000834,28.213862382999167
138,deviant,9,100,344.2909991638805,30.831500000000002,34.20555179180603,27.457448208193973
138,deviant,10,100,332.24801690430314,29.5445,32.80053056566217,26.288469434337827
139,background,1,100,168.63533531199644,15.3675,17.020126286057565,13.714873713942435
139,background,2,100,179.67201111733388,13.577,15.337785708949871,11.816214291050128
139,background,3,100,177.8517567200871,13.107,14.849947215856853,11.364052784143146
139,background,4,100,196.1683621682902,12.634,14.556449949249245,10.711550050750756
139,background,5,100,232.64302335507398,13.3605,15.640401628879726,11.080598371120274
139,background,6,100,200.44088904213135,12.5025,14.466820712612886,10.538179287387113
139,background,7,100,139.13129921427685,12.0515,13.414986732299914,10.688013267700088
139,background,8,100,174.4093641860709,12.513,14.222211769023495,10.803788230976505
139,background,9,100,175.6529023536564,11.988,13.709398443065833,10.266601556934166
139,background,10,100,198.878917143599,12.4495,14.39851338800727,10.50048661199273
139,deviant,1,100,178.48822016268215,15.7555,17.504684557594285,14.006315442405715
139,deviant,2,100,171.40169808162102,15.697,17.376736641199884,14.017263358800113
139,deviant,3,100,159.95515818997197,14.274000000000001,15.841560550261725,12.706439449738276
139,deviant,4,100,164.53226367334062,15.9995,17.611916183998737,14.387083816001262
139,deviant,5,100,169.47327067618718,15.833,17.493838052626636,14.172161947373366
139,deviant,6,100,168.9992369960976,15.789,17.445192522561754,14.132807477438243
139,deviant,7,100,159.32578342238864,15.343,16.90439267753941,13.78160732246059
139,deviant,8,100,186.76724185889492,17.0805,18.91081897021717,15.25018102978283
139,deviant,9,99,190.44446628044122,17.62020202020202,19.49596014532529,15.744443895078746
139,deviant,10,100,182.48527698362267,17.2565,19.0448557144395,15.468144285560497
140,background,1,99,284.6525860357536,25.57979797979798,28.383446788935117,22.776149170660844
140,background,2,100,313.0272940848853,25.3395,28.407167482031877,22.271832517968125
140,background,3,100,360.5109568376529,24.7025,28.235507377009,21.169492622991
140,background,4,100,373.0723931441668,25.323,28.979109452812835,21.666890547187165
140,background,5,100,331.299943603344,24.894,28.140739447312768,21.64726055268723
140,background,6,100,304.1336833835099,23.6975,26.6780100971584,20.716989902841604
140,background,7,100,339.397984827935,23.5835,26.909600251313762,20.25739974868624
140,background,8,100,315.8888045532878,23.908,27.003710284622223,20.81228971537778
140,background,9,100,315.0469137997337,23.084,26.17145975523739,19.99654024476261
140,background,10,100,309.5472330254047,23.118,26.151562883648964,20.084437116351033
140,deviant,1,100,314.23958760960176,25.4745,28.554047958574095,22.394952041425903
140,deviant,2,100,308.13872473970315,27.046,30.06575950244909,24.02624049755091
140,deviant,3,100,316.2911300485178,26.697,29.796653074475472,23.597346925524526
140,deviant,4,100,335.62461016345094,28.115,31.404121179601816,24.82587882039818
140,deviant,5,99,307.41974990487995,28.201515151515153,31.229406194872105,25.1736241081582
140,deviant,6,100,340.76982121753616,29.9485,33.28804424793185,26.608955752068145
140,deviant,7,100,328.42475305776304,29.5905,32.809062579966074,26.37193742003392
140,deviant,8,100,340.59560447761754,30.7215,34.05933692388065,27.383663076119348
140,deviant,9,99,324.0856124707271,30.128282828282828,33.32032212824515,26.9362435283205
140,deviant,10,100,331.25033862941973,31.517500000000002,34.76375331856831,28.271246681431688
141,background,1,100,216.95010340726057,13.952,16.078111013391155,11.825888986608847
141,background,2,99,255.9035282864886,13.54141414141414,16.06190282667867,11.02092545614961
141,background,3,100,198.32778556298103,12.361,14.304612298517215,10.417387701482786
141,background,4,100,220.31702039035528,12.869,15.028106799825482,10.709893200174518
141,background,5,100,246.2903506881771,13.224,15.637645436744137,10.810354563255864
141,background,6,100,175.41153865905414,12.2185,13.937533078858731,10.49946692114127
141,background,7,100,197.4832171416893,12.179,14.114335527988555,10.243664472011446
141,background,8,100,192.7111896895947,12.4355,14.324069658958027,10.546930341041971
141,background,9,100,205.5789002075026,12.313,14.327673222033527,10.298326777966475
141,background,10,100,187.76635116968896,12.2445,14.084610241462952,10.404389758537048
141,deviant,1,100,174.76052788104974,13.655,15.367653173234286,11.942346826765712
141,deviant,2,100,177.63095984297567,14.696,16.43678340646116,12.955216593538838
141,deviant,3,99,184.22712669562623,15.56010101010101,17.374622253572422,13.745579766629598
141,deviant,4,100,171.5145843115942,15.34,17.02084292625362,13.659157073746377
141,deviant,5,100,164.7141063846848,15.677,17.291198242569912,14.062801757430089
141,deviant,6,100,173.3781537868203,15.427,17.126105907110837,13.72789409288916
141,deviant,7,100,192.9518347316651,16.87,18.76092798037032,14.979072019629683
141,deviant,8,99,197.625043693194,16.452525252525252,18.39900754563361,14.506042959416895
141,deviant,9,100,163.23442941784194,16.086,17.68569740829485,14.486302591705147
141,deviant,10,100,174.3641380318182,16.737,18.445768552711815,15.02823144728818
142,background,1,99,323.8869035879492,25.41212121212121,28.602203354657625,22.222039069584795
142,background,2,100,367.2602906014092,25.677,29.27615084789381,22.07784915210619
142,background,3,100,327.81975952776565,24.499,27.711633643372103,21.286366356627894
142,background,4,100,336.8551265986455,23.6775,26.978680240666723,20.376319759333274
142,background,5,100,331.06286173633646,23.9865,27.230916045016098,20.7420839549839
142,background,6,100,350.5558218180469,24.768,28.20344705381686,21.332552946183142
142,background,7,100,330.34079691322285,24.111,27.348339809749586,20.873660190250416
142,background,8,100,300.6727763217891,23.1255,26.072093207953532,20.178906792046465
142,background,9,100,297.0463369842986,23.068,25.979054102446128,20.156945897553875
142,background,10,99,290.8366334704435,22.08080808080808,24.94536586487277,19.21625029674339
142,deviant,1,99,334.81896522402104,25.393434343434343,28.691190412332126,22.09567827453656
142,deviant,2,100,349.7503959592958,28.4005,31.8280538804011,24.9729461195989
142,deviant,3,100,303.89481386614165,28.089,31.067169175888186,25.11083082411181
142,deviant,4,100,324.5249199741223,29.0435,32.223844215746404,25.863155784253603
142,deviant,5,99,342.27309041327317,28.912121212121214,32.28329572242877,25.54094670181366
142,deviant,6,100,355.02577000609546,29.6875,33.16675254605973,26.208247453940263
142,deviant,7,100,341.76916648213705,29.587,32.936337831524945,26.237662168475058
142,deviant,8,100,358.52975726166056,31.2835,34.79709162116427,27.769908378835726
142,deviant,9,100,335.50932609204295,31.3805,34.66849139570202,28.09250860429798
142,deviant,10,100,334.72690754042907,31.4315,34.71182369389621,28.151176306103796
143,background,1,100,177.04204823178378,13.1695,14.90451207267148,11.434487927328519
143,background,2,99,151.67327246073177,12.935858585858586,14.429744854852647,11.441972316864526
143,background,3,100,243.82563334006574,13.2115,15.600991206732644,10.822008793267354
143,background,4,99,193.12172327317302,12.625252525252526,14.527379946660652,10.7231251038444
143,background,5,100,159.3982434031191,11.812,13.374102785350566,10.249897214649433
143,background,6,100,222.63899265993726,12.979,15.160862128067384,10.797137871932614
143,background,7,100,207.90219740111104,12.9325,14.969941534530887,10.895058465469111
143,background,8,100,170.63589275043176,11.9705,13.642731748954231,10.298268251045767
143,background,9,100,228.40354983876097,12.8105,15.048854788419856,10.572145211580143
143,background,10,100,201.82796217518887,13.190999999999999,15.16891402931685,11.213085970683148
143,deviant,1,99,165.43958986511313,13.966666666666667,15.596142497429717,12.337190835903616
143,deviant,2,100,159.8061984174318,14.499,16.06510074449083,12.932899255509168
143,deviant,3,100,154.93866358557574,15.290000000000001,16.80839890313864,13.771601096861358
143,deviant,4,100,179.44094469094546,16.043,17.801521257971263,14.284478742028734
143,deviant,5,100,170.21150155955354,15.6255,17.293572715283624,13.957427284716376
143,deviant,6,100,170.20067876665937,15.5535,17.22146665191326,13.885533348086739
143,deviant,7,99,187.59737822205696,16.776262626262625,18.623978725997816,14.928546526527434
143,deviant,8,100,186.38396983251084,16.503,18.329562904358607,14.676437095641393
143,deviant,9,100,195.7741448441895,16.491,18.409586619473057,14.572413380526942
143,deviant,10,100,173.85603542193059,15.445,17.14878914713492,13.74121085286508
144,background,1,100,603.1592593215023,39.5195,45.43046074135072,33.60853925864928
144,background,2,99,673.9355993752393,37.351010101010104,43.988851572740785,30.713168629279423
144,background,3,100,725.1865712752096,34.411,41.51782839849706,27.304171601502947
144,background,4,100,581.3349473862995,29.863,35.56008248438574,24.165917515614264
144,background,5,99,606.9842753534194,30.054545454545455,36.032958524524844,24.076132384566066
144,background,6,100,612.3272001144485,30.861,36.8618065611216,24.860193438878404
144,background,7,100,551.2538101073721,28.464,33.86628733905225,23.06171266094775
144,background,8,100,530.0346264756274,27.994,33.18833933946115,22.79966066053885
144,background,9,99,562.1181136417954,29.733333333333334,35.269842949684694,24.196823716981974
144,background,10,100,518.8458750970881,27.884,32.968689575951466,22.799310424048535
144,deviant,1,100,558.9630648752534,39.3245,44.80233803577748,33.84666196422252
144,deviant,2,100,451.2122677037005,33.519,37.940880223496265,29.09711977650373
144,deviant,3,100,406.08580892531364,31.083000000000002,35.062640927468074,27.10335907253193
144,deviant,4,100,411.6740662734359,32.942,36.976405849479676,28.907594150520328
144,deviant,5,100,447.6960317471056,33.095,37.48242111112163,28.707578888878363
144,deviant,6,100,441.2489123290606,33.5665,37.890739340824794,29.242260659175205
144,deviant,7,100,397.17919196039935,32.379,36.27135608121191,28.486643918788083
144,deviant,8,100,391.46777779611915,32.956,36.79238422240197,29.119615777598035
144,deviant,9,100,403.5435996792729,35.729,39.68372727685687,31.774272723143124
144,deviant,10,100,372.5929873340699,33.0915,36.74291127587389,29.44008872412612
145,background,1,100,423.8363978061148,22.5575,26.711096698499926,18.403903301500076
145,background,2,100,467.3342177207139,19.426499999999997,24.006375333662994,14.846624666337
145,background,3,100,478.206374740138,18.264,22.95042247245335,13.577577527546648
145,background,4,100,491.38216181233986,17.5535,22.369045185760932,12.73795481423907
145,background,5,100,564.3302108181922,20.014499999999998,25.54493606601828,14.484063933981714
145,background,6,100,537.3337907033011,19.4675,24.733371148892353,14.20162885110765
145,background,7,100,467.07787584648366,16.604,21.181363183295538,12.026636816704459
145,background,8,99,480.94940920072486,18.033838383838383,22.770887349876773,13.29678941779999
145,background,9,100,411.4794360788756,16.143,20.175498473572983,12.110501526427019
145,background,10,100,476.78380844990954,18.838,23.510481322809113,14.165518677190889
145,deviant,1,100,311.7761004985874,20.94,23.99540578488616,17.884594215113843
145,deviant,2,100,323.7228427951423,18.618,21.790483859392392,15.445516140607603
145,deviant,3,100,231.07424758015947,18.0845,20.34902762628556,15.819972373714435
145,deviant,4,100,293.2218667799091,17.624,20.49757429444311,14.75042570555689
145,deviant,5,100,254.20982837432794,19.2,21.69125631806841,16.708743681931587
145,deviant,6,100,248.88269800936555,17.1035,19.542550440491784,14.664449559508217
145,deviant,7,100,241.31070820570073,17.061,19.425844940415868,14.696155059584132
145,deviant,8,100,256.9489402483241,19.803,22.321099614433578,17.284900385566424
145,deviant,9,100,197.02564620667508,17.28,19.210851332825417,15.349148667174585
145,deviant,10,100,227.3594823413493,19.1355,21.363622926945222,16.90737707305478
146,background,1,100,602.9170864703494,36.9085,42.81708744740942,30.999912552590573
146,background,2,100,690.2092779501161,36.077,42.84105092391113,29.31294907608886
146,background,3,100,698.7430312240764,34.9505,41.798181705995944,28.10281829400405
146,background,4,100,553.1973070490455,28.6755,34.09683360908065,23.25416639091935
146,background,5,100,596.0703486387456,28.956500000000002,34.79798941665971,23.115010583340293
146,background,6,100,582.9195055923244,29.1455,34.858111154804774,23.43288884519522
146,background,7,100,536.5989509964833,27.0365,32.29516971976554,21.777830280234465
146,background,8,100,593.5364773962929,30.0665,35.88315747848367,24.24984252151633
146,background,9,100,557.2975133813649,29.7385,35.200015631137376,24.27698436886262
146,background,10,100,494.61760083182594,27.0255,31.872752488151896,22.178247511848106
146,deviant,1,100,643.4856866686068,38.1115,44.417659729352344,31.80534027064765
146,deviant,2,100,500.9603908073919,34.4075,39.31691182991244,29.49808817008756
146,deviant,3,100,444.8370724800618,34.199999999999996,38.5594033103046,29.84059668969539
146,deviant,4,100,361.7757810985607,29.903,33.44840265476589,26.357597345234105
146,deviant,5,100,422.1462767185901,31.957,36.094033511842184,27.819966488157817
146,deviant,6,100,399.7047792137539,31.61,35.527106836294784,27.69289316370521
146,deviant,7,100,404.0813460313732,32.4145,36.37449719110745,28.45450280889254
146,deviant,8,100,428.5314304016746,34.1995,38.39910801793641,29.999891982063588
146,deviant,9,100,409.79156768699926,33.1245,37.14045736333259,29.108542636667405
146,deviant,10,100,379.6996770302051,32.9905,36.71155683489601,29.269443165103986
147,background,1,100,384.7210267467229,19.879,23.649266062117885,16.108733937882118
147,background,2,99,468.3485038436992,19.136363636363637,23.749301615776957,14.523425656950314
147,background,3,100,607.7120812393073,20.604,26.55957839614521,14.64842160385479
147,background,4,100,483.74347540819616,17.9595,22.70018605900032,13.218813940999677
147,background,5,100,567.7639960962281,19.5675,25.131587161743035,14.003412838256963
147,background,6,100,550.3881979303814,19.438,24.831804339717735,14.044195660282261
147,background,7,100,505.9945209813618,18.4695,23.428246305617346,13.510753694382654
147,background,8,99,483.9058221770452,17.4489898989899,22.2151576720478,12.682822125932002
147,background,9,100,542.4668774753853,20.2895,25.60567539925878,14.973324600741224
147,background,10,100,422.59188038629077,16.4975,20.63890042778565,12.35609957221435
147,deviant,1,100,427.27930899440565,21.447499999999998,25.634837228145173,17.260162771854823
147,deviant,2,100,223.32998950102143,15.91,18.09863389711001,13.721366102889991
147,deviant,3,99,337.5230050639044,17.936363636363637,21.26075279573331,14.611974476993963
147,deviant,4,100,244.23243351149614,17.081500000000002,19.474977848412664,14.68802215158734
147,deviant,5,100,223.60769805974698,16.8135,19.004855440985523,14.622144559014481
147,deviant,6,100,270.35794012655464,19.022000000000002,21.671507813240236,16.372492186759768
147,deviant,7,100,254.81743206501892,17.3265,19.823710834237183,14.829289165762814
147,deviant,8,100,261.7048106067919,17.9905,20.55520714394656,15.425792856053441
147,deviant,9,100,219.71021584662017,17.481,19.63416011529688,15.327839884703124
147,deviant,10,99,205.6641488088363,18.51111111111111,20.536773529711695,16.485448692510523
148,background,1,100,594.383915894167,35.8015,41.626462375762834,29.97653762423716
148,background,2,100,605.0033927699562,32.726,38.65503324914557,26.796966750854427
148,background,3,100,690.9060412926905,33.798,40.56887920466837,27.027120795331633
148,background,4,100,757.6566087893017,36.925,44.35003476613515,29.49996523386484
148,background,5,100,678.1045428638799,32.3145,38.959924520066025,25.66907547993398
148,background,6,99,663.8223129406655,32.65858585858586,39.19681782434425,26.120353892827467
148,background,7,99,565.51501911276,28.16767676767677,33.7376437648693,22.597709770484244
148,background,8,100,581.917135536993,29.158,34.86078792826253,23.45521207173747
148,background,9,100,589.0880753557279,31.4175,37.190563138486134,25.644436861513867
148,background,10,100,510.1455494061939,27.7185,32.7179263841807,22.719073615819298
148,deviant,1,100,594.9951282418864,36.1885,42.019452256770485,30.35754774322951
148,deviant,2,100,451.13241725100727,33.009,37.43009768905987,28.58790231094013
148,deviant,3,100,478.6929545510797,32.3715,37.062690954600576,27.680309045399415
148,deviant,4,100,416.4076286019442,30.5175,34.598294760299055,26.436705239700945
148,deviant,5,100,413.3767524591631,31.2005,35.2515921740998,27.149407825900205
148,deviant,6,100,397.6971043924072,30.2195,34.11693162304559,26.32206837695441
148,deviant,7,99,418.5128527234699,31.611616161616162,35.73370434457531,27.489527978657016
148,deviant,8,100,388.61794253888735,32.007,35.81545583688109,28.198544163118903
148,deviant,9,100,394.97359005648127,32.518,36.38874118255352,28.647258817446485
148,deviant,10,100,402.88967407180365,33.934,37.88231880590367,29.985681194096323
149,background,1,100,370.33932519984126,18.811,22.440325386958445,15.181674613041556
149,background,2,100,510.9891465527783,19.3165,24.32419363621723,14.308806363782773
149,background,3,99,423.34193595348194,16.744444444444444,20.914096057743713,12.574792831145174
149,background,4,100,494.4056453007622,17.97,22.815175323947468,13.12482467605253
149,background,5,98,514.5054932958237,18.318877551020407,23.4122220767613,13.225533025279514
149,background,6,100,521.343694090972,18.811,23.920168202091524,13.701831797908476
149,background,7,100,493.7731473588165,17.814,22.652976844116402,12.975023155883598
149,background,8,100,457.9034344304024,16.9795,21.466953657417946,12.492046342582059
149,background,9,100,452.6939392476764,17.7655,22.201900604627227,13.329099395372772
149,background,10,100,489.09791560855336,19.418499999999998,24.21165957296382,14.625340427036175
149,deviant,1,100,397.08136180729616,20.2565,24.147897345711502,16.365102654288496
149,deviant,2,100,301.45939763267063,18.421,21.375302096800173,15.466697903199828
149,deviant,3,100,239.26036797641717,16.3685,18.71325160616889,14.023748393831113
149,deviant,4,100,249.28588534367313,17.117,19.560001676367996,14.673998323632004
149,deviant,5,99,209.09990686901702,17.43080808080808,19.49031055379939,15.371305607816774
149,deviant,6,100,241.18541131581514,18.5355,20.89911703089499,16.17188296910501
149,deviant,7,100,214.88542234605424,16.799500000000002,18.905377138991334,14.69362286100867
149,deviant,8,100,262.2503976214938,17.8585,20.428553896690637,15.28844610330936
149,deviant,9,100,259.88575425205187,18.454,21.00088039167011,15.907119608329893
149,deviant,10,100,225.121551962256,16.2085,18.41469120923011,14.002308790769892
150,background,1,99,400.96061625734984,31.64848484848485,35.59769454981394,27.699275147155763
150,background,2,99,507.17507877094636,29.964141414141412,34.95949671873574,24.96878610954708
150,background,3,100,510.830958753532,28.896,33.90214339578461,23.88985660421539
150,background,4,99,582.9056617723968,28.900000000000002,34.64125388153756,23.158746118462446
150,background,5,100,524.5041743850743,27.2125,32.352640908973726,22.07235909102627
150,background,6,100,543.8033119660666,27.568,32.897272457267455,22.238727542732548
150,background,7,100,548.9958464994833,27.8735,33.25365929569494,22.493340704305062
150,background,8,100,530.8485411906211,27.122,32.324315703668084,21.919684296331916
150,background,9,100,510.0858673843681,27.3665,32.3653415003668,22.36765849963319
150,background,10,100,453.8741826588185,25.709,30.15696699005642,21.261033009943578
150,deviant,1,100,471.80499149542715,33.9865,38.61018891665518,29.362811083344813
150,deviant,2,100,390.11060509876717,30.597,34.420083929967916,26.773916070032083
150,deviant,3,100,406.1226707341151,32.1165,36.09650217319433,28.136497826805673
150,deviant,4,100,428.11738736989065,31.1145,35.31005039622493,26.918949603775072
150,deviant,5,100,405.5848376435143,30.0195,33.994231408906444,26.04476859109356
150,deviant,6,99,352.2365607611483,30.441414141414143,33.91072256353581,26.972105719292472
150,deviant,7,100,363.4008516051777,31.194,34.75532834573074,27.63267165426926
150,deviant,8,100,375.4938467503408,32.0925,35.77233969815334,28.41266030184666
150,deviant,9,100,357.47825844819977,32.238,35.741286932792356,28.734713067207643
150,deviant,10,100,340.38265231941546,30.819499999999998,34.15524999273027,27.483750007269727
151,background,1,100,365.992184270878,20.358,23.944723405854603,16.771276594145398
151,background,2,100,415.28024779722705,17.032,21.101746428412824,12.962253571587176
151,background,3,100,510.64636027603075,18.015,23.0193343307051,13.0106656692949
151,background,4,100,407.2811230070634,15.5415,19.53285500546922,11.550144994530777
151,background,5,99,460.7432896390011,16.192929292929293,20.73096069922771,11.654897886630877
151,background,6,100,484.5760626839876,17.4585,22.207345414303077,12.709654585696924
151,background,7,100,438.37060144417325,16.029,20.325031894152897,11.732968105847103
151,background,8,100,408.5038780979351,15.0315,19.034838005359763,11.028161994640236
151,background,9,100,401.9699910244676,15.779,19.71830591203978,11.839694087960218
151,background,10,100,320.7145106920188,13.6855,16.828502204781785,10.542497795218216
151,deviant,1,100,246.2502685010559,17.048000000000002,19.46125263131035,14.634747368689654
151,deviant,2,100,235.90698992343746,15.9095,18.221388501249688,13.597611498750313
151,deviant,3,100,220.15924260694382,16.9155,19.073060577548052,14.757939422451951
151,deviant,4,100,219.62542873576461,17.7815,19.933829201610493,15.629170798389508
151,deviant,5,100,201.11438876525236,16.6865,18.657421009899473,14.715578990100525
151,deviant,6,100,202.40248464254006,17.2285,19.212044349496892,15.244955650503108
151,deviant,7,100,195.7737886331811,16.3475,18.266083128605175,14.428916871394826
151,deviant,8,100,249.85921825573777,17.8785,20.32712033890623,15.429879661093768
151,deviant,9,100,225.6853946723648,18.1735,20.385216867789175,15.961783132210826
151,deviant,10,100,234.79614338265532,17.421499999999998,19.722502205150022,15.120497794849976
152,background,1,100,511.5815158588325,32.971,37.984498855416554,27.95750114458344
152,background,2,100,641.2668588119351,31.19,37.47441521635697,24.905584783643036
152,background,3,100,551.3168541630216,29.009,34.41190517079761,23.606094829202387
152,background,4,100,519.9698169377872,26.404,31.499704205990312,21.308295794009688
152,background,5,100,542.1975703220717,26.627,31.9405361891563,21.313463810843697
152,background,6,100,509.84337378206027,25.6585,30.65496506306419,20.66203493693581
152,background,7,100,509.42124539830286,25.841,30.833328204903367,20.848671795096635
152,background,8,100,517.882444494684,27.786,32.861247956047904,22.7107520439521
152,background,9,100,539.6453026123539,28.567,33.855523965601066,23.27847603439893
152,background,10,100,484.94054437523306,26.589000000000002,31.341417334877285,21.83658266512272
152,deviant,1,100,480.33840318982135,30.0015,34.708816351260246,25.29418364873975
152,deviant,2,100,386.37726995365836,29.3,33.08649724554585,25.513502754454148
152,deviant,3,99,349.7761464588158,28.03030303030303,31.475377920157225,24.585228140448837
152,deviant,4,100,422.2887824575425,30.096,34.23443006808392,25.957569931916083
152,deviant,5,100,350.1584979465878,30.737,34.168553279876555,27.305446720123438
152,deviant,6,100,395.8200514853874,32.1165,35.995536504556796,28.237463495443205
152,deviant,7,100,420.4612974241256,31.3945,35.51502071475643,27.27397928524357
152,deviant,8,100,399.9785257393596,32.851,36.770789552245724,28.931210447754275
152,deviant,9,100,368.66156566694065,30.642500000000002,34.25538334353602,27.029616656463983
152,deviant,10,100,412.4317391686583,32.9275,36.969331043852854,28.88566895614715
153,background,1,100,318.55525836435186,17.512,20.63384153197065,14.390158468029352
153,background,2,99,400.5314265874907,15.999494949494949,19.94447740271239,12.054512496277507
153,background,3,99,426.0482768543094,16.5489898989899,20.745297266763046,12.35268253121675
153,background,4,100,471.4597404255269,16.732499999999998,21.35280545617016,12.112194543829835
153,background,5,100,409.5553172585321,15.421000000000001,19.434642109133616,11.407357890866386
153,background,6,100,421.6990227513857,15.1915,19.32415042296358,11.058849577036419
153,background,7,100,451.2912264299312,16.3985,20.821154019013324,11.975845980986673
153,background,8,100,378.19765439446303,14.5745,18.28083701306574,10.868162986934262
153,background,9,100,465.82630600731545,16.912,21.47709779887169,12.346902201128309
153,background,10,100,337.60363710936775,13.779,17.087515643671804,10.470484356328196
153,deviant,1,100,198.41248899571238,15.81,17.754442392157983,13.86555760784202
153,deviant,2,100,179.62419102114285,15.4575,17.2178170720072,13.697182927992799
153,deviant,3,100,215.0094857148596,15.957,18.064092960005624,13.849907039994376
153,deviant,4,100,206.27186327501713,15.5565,17.577964260095168,13.535035739904831
153,deviant,5,100,212.9606338714913,16.218,18.305014211940616,14.130985788059386
153,deviant,6,100,222.7088020854043,17.177,19.35954626043696,14.994453739563038
153,deviant,7,100,203.95067128055618,15.5345,17.53321657854945,13.53578342145055
153,deviant,8,99,195.3533842472203,15.85909090909091,17.78319878646264,13.934983031719177
153,deviant,9,99,219.6253808072665,17.334848484848486,19.49802025128816,15.171676718408811
153,deviant,10,99,201.33237771354476,17.57979797979798,19.56279517957198,15.596800780023978
154,background,1,100,526.0276133436342,32.7835,37.93857061076761,27.62842938923238
154,background,2,100,616.6453450557682,31.0505,37.093624381546526,25.007375618453473
154,background,3,100,544.881457412141,27.8365,33.17633828263898,22.496661717361018
154,background,4,99,597.2208971561528,29.34949494949495,35.23174488940362,23.46724500958628
154,background,5,100,614.4539124509794,30.063,36.0846483420196,24.0413516579804
154,background,6,100,580.0172002894216,28.564,34.248168562836334,22.87983143716367
154,background,7,100,536.9443051584636,26.5005,31.762554190552944,21.238445809447054
154,background,8,100,505.6431990414211,26.6375,31.592803350605926,21.682196649394072
154,background,9,100,504.42159684971955,26.46,31.403331649127253,21.51666835087275
154,background,10,100,463.4687493013389,25.6765,30.21849374315312,21.13450625684688
154,deviant,1,100,513.2268760653417,31.464,36.493623385440344,26.43437661455965
154,deviant,2,100,437.6979912895962,30.312,34.60144031463804,26.02255968536196
154,deviant,3,100,375.15750025822484,29.1745,32.8510435025306,25.497956497469396
154,deviant,4,100,413.76490591690003,30.2915,34.34639607798562,26.23660392201438
154,deviant,5,100,369.5908014633424,30.1215,33.74348985434076,26.499510145659244
154,deviant,6,100,381.21244940183607,30.267,34.002882004137994,26.531117995862004
154,deviant,7,100,385.28288308721943,30.922,34.69777225425475,27.14622774574525
154,deviant,8,100,353.7676311395733,30.984,34.45092278516782,27.517077214832184
154,deviant,9,100,416.11776230445037,32.6235,36.701454070583615,28.545545929416384
154,deviant,10,100,378.94913559529476,31.534,35.247701528833886,27.82029847116611
155,background,1,100,268.0210419862001,16.025,18.65160621146476,13.398393788535238
155,background,2,100,308.1743141385032,15.0605,18.08060827855733,12.040391721442669
155,background,3,100,432.7382124637431,16.2795,20.520334482144683,12.038665517855316
155,background,4,99,508.4497982774907,17.99848484848485,23.006395337896855,12.990574359072847
155,background,5,100,480.56274304194665,17.2805,21.990014881811078,12.570985118188922
155,background,6,100,461.1304416437136,16.07,20.589078328108393,11.550921671891608
155,background,7,99,447.94898675724465,16.844444444444445,21.256460020225617,12.432428868663273
155,background,8,100,369.26188111163776,14.109,17.72776643489405,10.49023356510595
155,background,9,100,360.2306863225578,14.525,18.055260725961066,10.994739274038935
155,background,10,100,389.4992466717937,15.173,18.990092617383578,11.355907382616422
155,deviant,1,100,353.6536106358727,17.6855,21.151305384231552,14.219694615768448
155,deviant,2,100,211.882775435654,16.02,18.09645119926941,13.943548800730591
155,deviant,3,100,220.6330187151697,15.5995,17.761703583408664,13.437296416591337
155,deviant,4,100,210.15796690259347,16.1185,18.178048075645417,14.058951924354584
155,deviant,5,100,207.1366063355546,15.643,17.672938742088437,13.613061257911566
155,deviant,6,100,240.69614498476355,17.7195,20.078322220850684,15.360677779149317
155,deviant,7,100,227.80318143889957,16.957,19.189471178101215,14.724528821898785
155,deviant,8,99,221.49157641105143,17.823737373737373,20.005289992271297,15.64218475520345
155,deviant,9,100,189.059618834071,16.8105,18.663284264573896,14.957715735426106
155,deviant,10,100,215.736907268772,17.0645,19.178721691233964,14.950278308766034
156,background,1,100,434.08793979294603,29.5095,33.76356180997087,25.25543819002913
156,background,2,100,395.8541497758193,24.7405,28.619870667803028,20.861129332196974
156,background,3,100,344.7684272392885,23.57,26.94873058694503,20.19126941305497
156,background,4,100,403.1451416836843,24.292,28.24282238850011,20.341177611499894
156,background,5,100,390.095534857539,24.045,27.867936241603886,20.222063758396118
156,background,6,100,364.27085425979095,23.8385,27.40835437174595,20.26864562825405
156,background,7,100,341.5945927403911,22.7665,26.11412700885583,19.41887299114417
156,background,8,100,336.541801579724,22.58,25.878109655481293,19.281890344518704
156,background,9,100,336.66377104886425,22.052,25.35130495627887,18.75269504372113
156,background,10,100,320.9501600921207,22.326999999999998,25.472311568902782,19.181688431097214
156,deviant,1,100,379.262442116274,28.134999999999998,31.85177193273948,24.418228067260515
156,deviant,2,100,283.36734109632323,26.1385,28.915499942743967,23.361500057256034
156,deviant,3,100,329.63733261363404,27.520500000000002,30.750945859613616,24.29005414038639
156,deviant,4,99,353.4501044218115,28.947979797979798,32.42924086134193,25.466718734617668
156,deviant,5,100,318.04686844286925,29.861,32.97785931074012,26.744140689259883
156,deviant,6,99,371.43935893820014,29.765151515151516,33.423595412875116,26.10670761742791
156,deviant,7,99,321.2714666184315,28.395454545454545,31.559776280024593,25.231132810884496
156,deviant,8,100,357.9395016509148,30.1705,33.678307116178964,26.662692883821038
156,deviant,9,100,341.3753413534881,28.389499999999998,31.73497834526418,25.044021654735815
156,deviant,10,100,321.2519465433552,30.8095,33.95776907612488,27.66123092387512
157,background,1,99,165.69807672866617,15.458585858585858,17.09060762226057,13.826564094911145
157,background,2,100,208.1489471761179,12.81,14.849859682325956,10.770140317674045
157,background,3,100,280.8180952709047,13.6195,16.371517333654865,10.867482666345134
157,background,4,100,197.09531490599855,12.471,14.402534086078786,10.539465913921214
157,background,5,99,229.687367615429,12.827777777777778,15.09005378115811,10.565501774397445
157,background,6,100,245.78605373480065,12.864,15.272703326601047,10.455296673398955
157,background,7,100,220.25923124211712,12.1175,14.276040466172748,9.958959533827251
157,background,8,100,171.27268962250326,11.0395,12.717972358300532,9.361027641699469
157,background,9,100,233.0141287787638,12.688,14.971538462031885,10.404461537968116
157,background,10,100,198.94260611119932,11.5075,13.457137539889754,9.557862460110247
157,deviant,1,100,234.7520360317513,16.1345,18.43506995311116,13.833930046888836
157,deviant,2,100,187.26946529420897,14.98,16.81524075988325,13.144759240116752
157,deviant,3,100,203.45891865176955,16.035,18.02889740278734,14.041102597212658
157,deviant,4,99,172.57829649481602,16.17070707070707,17.870494668596073,14.470919472818068
157,deviant,5,100,170.89602101862997,15.0265,16.701281005982572,13.351718994017427
157,deviant,6,99,182.56871092968345,16.572222222222223,18.370409114223328,14.774035330221118
157,deviant,7,100,167.02129552214214,15.8825,17.519308696116994,14.245691303883007
157,deviant,8,100,183.4453381944146,16.7365,18.53426431430526,14.938735685694736
157,deviant,9,100,203.8667844193205,17.5535,19.55139448730934,15.55560551269066
157,deviant,10,98,176.05817668869392,15.738265306122448,17.481152334801255,13.995378277443642
158,background,1,100,329.6545959509422,25.465,28.695615040319232,22.234384959680767
158,background,2,100,354.34096350979877,24.0095,27.482041442396028,20.53695855760397
158,background,3,100,409.5932674456967,24.267500000000002,28.28151402096783,20.253485979032174
158,background,4,100,395.6254342310746,23.549,27.42612925546453,19.671870744535468
158,background,5,100,425.5036272960612,24.999,29.1689355475014,20.8290644524986
158,background,6,100,412.55573786108613,24.174,28.217046231038644,20.130953768961355
158,background,7,100,326.5694292264099,22.0775,25.277880406418817,18.877119593581185
158,background,8,100,388.1031435069806,23.9495,27.752910806368412,20.14608919363159
158,background,9,100,344.4515931157817,22.83,26.20562561253466,19.454374387465336
158,background,10,100,346.99047840720823,23.3005,26.701006688390642,19.899993311609357
158,deviant,1,100,350.7623314409556,26.110500000000002,29.547970848121366,22.673029151878637
158,deviant,2,100,323.94983367311994,26.741,29.915708369996576,23.566291630003423
158,deviant,3,100,373.94846957132586,27.921,31.585695001798992,24.256304998201006
158,deviant,4,100,336.3747909698347,29.073999999999998,32.370472951504375,25.777527048495617
158,deviant,5,100,330.01768293931093,28.4625,31.696673292805244,25.228326707194753
158,deviant,6,100,309.46669746857293,28.185,31.217773635192014,25.152226364807984
158,deviant,7,100,328.0837625716303,29.3855,32.60072087320198,26.17027912679802
158,deviant,8,100,322.3345842607124,29.469,32.627878925754985,26.310121074245018
158,deviant,9,100,312.72359579734473,31.320999999999998,34.385691238813976,28.25630876118602
158,deviant,10,100,376.7835061760476,33,36.692478360525264,29.307521639474736
159,background,1,100,201.29784818574325,13.4135,15.386218912220285,11.440781087779717
159,background,2,100,223.38612429225722,12.6255,14.81468401806412,10.43631598193588
159,background,3,100,185.4312966828245,12.2165,14.033726707491681,10.399273292508319
159,background,4,100,325.430686289642,13.555,16.744220725638492,10.365779274361508
159,background,5,100,240.10132729416776,12.31,14.662993007482845,9.957006992517156
159,background,6,100,221.75127128336712,11.754,13.927162458576998,9.580837541423001
159,background,7,100,216.531959474079,11.959999999999999,14.082013202845973,9.837986797154025
159,background,8,100,230.64479411560887,12.227,14.487318982332967,9.966681017667034
159,background,9,100,246.23926639711522,12.3815,14.79464481069173,9.968355189308271
159,background,10,100,227.67175124681037,12.513,14.744183162218741,10.281816837781259
159,deviant,1,100,150.48145540581615,12.994,14.468718262976997,11.519281737023002
159,deviant,2,100,171.52069078808262,14.653,16.33390276972321,12.972097230276791
159,deviant,3,100,183.04916653298665,15.2805,17.07438183202327,13.486618167976731
159,deviant,4,100,164.56432113150674,14.78,16.392730347088765,13.167269652911234
159,deviant,5,100,177.4285920114283,15.811,17.549800201711996,14.072199798288002
159,deviant,6,100,173.47033721860586,15.693,17.393009304742336,13.992990695257662
159,deviant,7,100,173.85986492453898,15.703,17.406826676260483,13.999173323739518
159,deviant,8,100,190.01742302386788,16.393,18.255170745633905,14.530829254366095
159,deviant,9,100,176.35798670228746,16.2475,17.975808269682418,14.519191730317582
159,deviant,10,100,200.52098590789365,16.1075,18.07260566189736,14.142394338102644
160,background,1,100,335.1582422803012,24.897000000000002,28.181550774346952,21.61244922565305
160,background,2,100,362.57222873881494,24.279,27.832207841640386,20.725792158359614
160,background,3,100,343.9136213460706,23.031,26.40135348919149,19.660646510808508
160,background,4,100,384.49664976981353,24.830000000000002,28.598067167744176,21.061932832255827
160,background,5,100,341.66184421072484,22.746,26.094286073265103,19.397713926734895
160,background,6,100,332.4322764429661,22.6775,25.935336309141064,19.419663690858933
160,background,7,100,342.92228289404466,22.7275,26.088138372361637,19.36686162763836
160,background,8,100,358.5320106093443,23.9985,27.512113703971572,20.484886296028428
160,background,9,98,350.79345024792315,23.52908163265306,27.001759617178912,20.05640364812721
160,background,10,100,275.24931282480316,21.047,23.74444326568307,18.34955673431693
160,deviant,1,100,329.16355716941246,24.518,27.743802860260242,21.29219713973976
160,deviant,2,100,355.8816368874408,26.6665,30.15414004149692,23.17885995850308
160,deviant,3,100,339.6761189566815,28.0135,31.34232596577548,24.68467403422452
160,deviant,4,100,311.2856024871524,27.958,31.008598904374093,24.907401095625904
160,deviant,5,100,349.38740750965223,29.9245,33.34849659359459,26.500503406405407
160,deviant,6,100,358.48291451615927,30.473,33.98613256225836,26.95986743774164
160,deviant,7,100,325.43502059793593,29.165,32.35426320185977,25.975736798140225
160,deviant,8,100,356.31473003807366,30.3215,33.81338435437312,26.82961564562688
160,deviant,9,100,326.2056100069402,30.938,34.134814978068015,27.741185021931983
160,deviant,10,100,357.8126788668825,31.9955,35.50206425289545,28.488935747104552
161,background,1,100,228.50180812367654,14.8215,17.06081771961203,12.58218228038797
161,background,2,100,261.19613018008636,13.5875,16.147222075764848,11.027777924235155
161,background,3,100,267.730982419608,12.972,15.595763627712158,10.348236372287841
161,background,4,100,335.15336630767774,13.519,16.803502989815243,10.234497010184759
161,background,5,100,348.36148421461655,13.5525,16.96644254530324,10.138557454696759
161,background,6,100,225.39106950038263,12.0605,14.26933248110375,9.85166751889625
161,background,7,100,215.0211739879538,12.32,14.427207505081947,10.212792494918054
161,background,8,100,209.05297112655947,12.0805,14.129219117040282,10.031780882959719
161,background,9,100,208.49962135520326,11.7465,13.789796289280991,9.703203710719007
161,background,10,100,235.15555322068482,12.0615,14.366024421562711,9.75697557843729
161,deviant,1,100,161.46400120215816,13.1275,14.709847211781149,11.54515278821885
161,deviant,2,100,204.45676418512699,14.29,16.293676289014243,12.286323710985755
161,deviant,3,100,177.2619530525375,14.99,16.72716713991487,13.252832860085132
161,deviant,4,100,177.61998909558517,15.2445,16.985175893136734,13.503824106863267
161,deviant,5,100,194.42435953076298,15.671,17.576358723401476,13.765641276598522
161,deviant,6,100,169.20460986627992,15.795,17.453205176689544,14.136794823310456
161,deviant,7,100,197.89811307310325,16.092,18.03140150811641,14.152598491883587
161,deviant,8,99,179.0229550115086,16.61868686868687,18.381950296629814,14.855423440743923
161,deviant,9,100,174.63879263994255,15.7565,17.46796016787144,14.045039832128564
161,deviant,10,99,178.49811291940728,16.65707070707071,18.41516477074756,14.898976643393858
