param_id,trial_type,trial_number,count,sd_sample,mean_sample,ub_sample,lb_sample
0,background,1,100,159.0999354923949,21.74,23.299179367825467,20.18082063217453
0,background,2,99,155.8792633317277,19.21969696969697,20.75500960147569,17.684384337918246
0,background,3,99,144.67307064005053,17.134848484848487,18.559787171909083,15.70990979778789
0,background,4,100,144.06308924985098,16.523,17.93481827464854,15.11118172535146
0,background,5,99,131.50747427227734,14.33030303030303,15.625568879705122,13.035037180900938
0,background,6,100,130.82847348220574,13.929,15.211119040125617,12.646880959874384
0,background,7,99,125.95054376097079,12.441919191919192,13.682452773375104,11.20138561046328
0,background,8,100,117.57124379890283,11.3175,12.469698189229248,10.165301810770753
0,background,9,100,110.01278633820132,11.1055,12.183625306114372,10.027374693885626
0,background,10,100,109.30254968856424,9.848,10.91916498694793,8.776835013052072
0,deviant,1,100,155.28282346466366,20.5275,22.049271669953704,19.005728330046296
0,deviant,2,98,160.08066223330238,20.02908163265306,21.61379933788108,18.44436392742504
0,deviant,3,100,161.0663805620789,19.865,21.44345052950837,18.286549470491625
0,deviant,4,100,161.5563532119919,19.5355,21.11875226147752,17.952247738522477
0,deviant,5,100,152.83548947186728,17.7605,19.2582877968243,16.262712203175703
0,deviant,6,100,150.93624481879758,17.7505,19.229675199224214,16.271324800775783
0,deviant,7,100,158.86337228144055,17.7555,19.31236104835812,16.198638951641882
0,deviant,8,100,156.80452967410025,17.2855,18.822184390806182,15.748815609193816
0,deviant,9,100,147.7234257872318,15.76,17.207689572714873,14.312310427285128
0,deviant,10,100,152.48078394894296,15.745,17.23931168269964,14.250688317300359
1,background,1,100,156.92406812817063,21.812,23.349855867656075,20.274144132343928
1,background,2,99,145.96500121243915,18.08939393939394,19.527057329437948,16.65173054934993
1,background,3,100,135.17658042256002,15.1755,16.50023048814109,13.85076951185891
1,background,4,100,135.84904548024892,13.953,15.284320645706439,12.62167935429356
1,background,5,100,115.67156317053811,11.88,13.013581319071275,10.746418680928727
1,background,6,100,114.78844385261637,10.4735,11.59842674975564,9.348573250244359
1,background,7,100,103.8046748769813,9.191,10.208285813794417,8.173714186205585
1,background,8,100,95.73797849503504,8.5375,9.475732189251342,7.599267810748656
1,background,9,100,94.96434233852978,8.223,9.153650554917592,7.292349445082409
1,background,10,100,85.7868073528178,7.2805,8.121210712057614,6.439789287942386
1,deviant,1,98,150.35654117358584,21.43673469387755,22.925188511911905,19.948280875843196
1,deviant,2,100,157.44845438896402,20.541,22.08399485301185,18.998005146988152
1,deviant,3,99,154.86738809296438,18.813636363636363,20.338982661198127,17.288290066074598
1,deviant,4,100,158.56669690833905,18.1845,19.738453629701723,16.630546370298276
1,deviant,5,100,154.4604105298592,17.1865,18.70021202319262,15.67278797680738
1,deviant,6,100,143.85630622988083,15.72,17.129791801052832,14.31020819894717
1,deviant,7,100,141.99086330872805,14.62,16.011510460425534,13.228489539574465
1,deviant,8,100,147.1913362725001,15.189,16.631475095470503,13.7465249045295
1,deviant,9,100,140.7817740147383,14.2835,15.663161385344434,12.903838614655566
1,deviant,10,100,147.05008992642072,14.2585,15.699590881278922,12.817409118721077
2,background,1,98,280.4250720827787,39.17448979591837,41.950556377100796,36.39842321473594
2,background,2,100,296.792936857367,38.17,41.078570781202195,35.26142921879781
2,background,3,100,296.9115276697048,35.9215,38.83123297116311,33.01176702883689
2,background,4,99,283.5295167034735,33.163131313131316,35.955718596217075,30.370544030045554
2,background,5,100,274.8591265970337,32.0415,34.73511944065093,29.34788055934907
2,background,6,100,273.3561345859819,31.1055,33.784390118942625,28.426609881057377
2,background,7,100,277.0045790995254,28.503,31.21764487517535,25.78835512482465
2,background,8,100,270.4389122577553,28.245,30.895301340126004,25.594698659874
2,background,9,99,266.6089142506205,26.863131313131312,29.489061312060638,24.237201314201986
2,background,10,99,244.60446051792098,23.91010101010101,26.319300989596584,21.500901030605434
2,deviant,1,99,288.5360873170123,39.494949494949495,42.3368483473907,36.65305064250829
2,deviant,2,99,298.00603579193,39.73989898989899,42.675070874333514,36.804727105464465
2,deviant,3,100,299.84960265194,38.513,41.45152610598901,35.574473894010985
2,deviant,4,100,302.567761005696,39.3575,42.322664057855825,36.39233594214418
2,deviant,5,100,315.16367510432286,38.353,41.44160401602237,35.264395983977636
2,deviant,6,100,319.03580066391163,37.744,40.87055084650633,34.617449153493666
2,deviant,7,99,307.1716389731866,36.55656565656566,39.58201296340905,33.53111834972227
2,deviant,8,99,308.3541837426224,35.68636363636364,38.72345826487992,32.64926900784735
2,deviant,9,100,309.3376242707533,35.1015,38.133008717853386,32.06999128214662
2,deviant,10,100,319.5491972665308,34.424,37.555582133212,31.292417866787996
3,background,1,100,297.8470421647927,39.3535,42.27240101321497,36.434598986785026
3,background,2,99,291.05547942834403,35.37525252525253,38.241965804258605,32.50853924624645
3,background,3,98,274.76342455589725,34.00867346938776,36.72869259954494,31.288654339230572
3,background,4,100,275.35248701485006,30.9365,33.634954372745526,28.23804562725447
3,background,5,100,260.75580429529117,28.347,30.902406882093853,25.79159311790615
3,background,6,99,253.96354898001863,25.555555555555557,28.056936665694625,23.05417444541649
3,background,7,100,243.77991044555355,23.7395,26.128543122366423,21.350456877633576
3,background,8,100,230.10828114744498,21.654,23.90906115524496,19.39893884475504
3,background,9,98,217.17705001365036,19.335204081632654,21.485147188591043,17.185260974674264
3,background,10,100,224.09052447146163,18.952,21.148087139820326,16.755912860179677
3,deviant,1,99,298.8567118378409,39.721717171717174,42.66526767977952,36.77816666365483
3,deviant,2,99,301.45566576372823,38.625757575757575,41.594906144181124,35.656609007334026
3,deviant,3,100,309.6362041935155,39.147,42.18143480109645,36.112565198903546
3,deviant,4,99,313.2524162968092,38.05707070707071,41.14240984324693,34.971731570894484
3,deviant,5,100,314.6825886173993,37.662,40.74588936845051,34.578110631549485
3,deviant,6,99,316.39525996183283,35.31666666666667,38.432960834804696,32.200372498528644
3,deviant,7,99,301.41372598228884,33.62070707070707,36.58944255868078,30.65197158273336
3,deviant,8,99,295.4723916214954,31.97222222222222,34.882439306280105,29.062005138164338
3,deviant,9,100,305.68852396550733,30.625,33.62074753486197,27.629252465138027
3,deviant,10,100,312.9028561205874,30.8485,33.914947989981755,27.782052010018244
4,background,1,100,81.42804379198529,19.653,20.450994829161456,18.855005170838542
4,background,2,100,82.64884499463601,17.336,18.14595868094743,16.526041319052567
4,background,3,100,76.5788894917488,14.633,15.383473117019138,13.88252688298086
4,background,4,99,72.83364245789312,12.604545454545454,13.321910990499319,11.887179918591588
4,background,5,100,70.99747956979287,10.892,11.587775299783969,10.19622470021603
4,background,6,100,62.92039665950521,9.3105,9.92711988726315,8.69388011273685
4,background,7,100,57.98781632468379,8.1525,8.7207805999819,7.584219400018099
4,background,8,99,55.34841793963991,7.442424242424242,7.987571322256516,6.897277162591969
4,background,9,100,51.51338609884252,6.6815,7.186331183768656,6.176668816231343
4,background,10,99,51.6890755026223,6.2318181818181815,6.740923041874236,5.722713321762127
4,deviant,1,99,79.67040657741447,19.768686868686867,20.55339022808717,18.983983509286563
4,deviant,2,100,122.4901822059307,22.8135,24.013903785618123,21.61309621438188
4,deviant,3,100,143.3849254353653,22.587,23.99217226926658,21.18182773073342
4,deviant,4,100,137.30376427545798,22.2845,23.630076889899488,20.938923110100514
4,deviant,5,99,142.3581565518538,21.325757575757574,22.727895816080572,19.923619335434577
4,deviant,6,98,143.3662497903442,20.37295918367347,21.792212647553985,18.953705719792953
4,deviant,7,99,133.0338302838793,18.60909090909091,19.919390404502842,17.298791413678977
4,deviant,8,100,151.03580091453395,20.2655,21.74565084896243,18.78534915103757
4,deviant,9,100,152.58379061320613,19.8615,21.35682114800942,18.36617885199058
4,deviant,10,100,150.0966618374201,19.3795,20.850447286006716,17.908552713993284
5,background,1,99,79.06894060515198,19.53989898989899,20.318678288041482,18.761119691756498
5,background,2,100,73.80916003629332,14.8865,15.609829768355674,14.163170231644326
5,background,3,100,72.40307495650924,11.807,12.51655013457379,11.09744986542621
5,background,4,99,58.55892219313,9.028282828282828,9.60505135428702,8.451514302278635
5,background,5,100,54.20234991992601,7.433,7.964183029215275,6.901816970784725
5,background,6,99,49.46314417401047,6.405555555555556,6.892736393049245,5.918374718061867
5,background,7,100,41.503614300443765,5.3465,5.753235420144349,4.939764579855651
5,background,8,100,35.933747515759,4.8615,5.213650725654438,4.5093492743455625
5,background,9,100,32.7221154894555,4.385,4.705676731796664,4.064323268203336
5,background,10,100,27.140133420918612,3.8745,4.140473307525002,3.6085266924749977
5,deviant,1,100,78.05760356098699,19.544,20.308964514897674,18.779035485102327
5,deviant,2,100,124.4800343322913,21.677,22.896904336456455,20.457095663543544
5,deviant,3,100,128.02316813353502,19.407,20.66162704770864,18.15237295229136
5,deviant,4,99,134.8511752773561,19.624747474747476,20.95294667448921,18.296548275005744
5,deviant,5,100,148.87377203523798,20.324,21.782962965945334,18.86503703405467
5,deviant,6,100,143.49141731164713,19.299500000000002,20.705715889654144,17.89328411034586
5,deviant,7,100,153.40167432010162,18.425,19.928336408336996,16.921663591663005
5,deviant,8,100,151.29704140148317,17.68,19.162711005734536,16.197288994265463
5,deviant,9,100,154.04918045870937,17.0345,18.54418196849535,15.52481803150465
5,deviant,10,100,152.1117663880221,16.112,17.602695310602616,14.621304689397382
6,background,1,100,159.81928116337824,36.9275,38.49372895540111,35.361271044598894
6,background,2,100,161.4407174883644,33.821,35.40311903138597,32.238880968614026
6,background,3,100,159.74761344070214,30.611,32.176526611718884,29.04547338828112
6,background,4,100,156.01455735047026,28.523,30.05194266203461,26.99405733796539
6,background,5,99,154.44591967825878,26.19090909090909,27.712104189862632,24.66971399195555
6,background,6,100,156.49419864814897,23.4975,25.03114314675186,21.96385685324814
6,background,7,100,159.62210307308226,22.787,24.351296610116204,21.222703389883794
6,background,8,98,141.77794906862374,20.29438775510204,21.697917844030066,18.890857666174014
6,background,9,99,145.57080932081055,19.166161616161617,20.599942464181584,17.73238076814165
6,background,10,100,136.60081104791203,17.2745,18.613187948269537,15.935812051730462
6,deviant,1,100,158.907106263542,37.553,39.11028964138271,35.99571035861729
6,deviant,2,100,223.81197465730025,41.546,43.739357351641544,39.352642648358454
6,deviant,3,100,236.20721277814755,41.516,43.83083068522584,39.201169314774155
6,deviant,4,100,261.41984783505876,43.017,45.578914508783576,40.45508549121643
6,deviant,5,99,267.72806313398235,42.131313131313135,44.76826604233956,39.49436022028671
6,deviant,6,100,272.39775967082437,40.9245,43.59399804477408,38.25500195522592
6,deviant,7,100,293.17310765592333,41.7605,44.63359645502805,38.88740354497195
6,deviant,8,100,295.144304580515,41.7015,44.59391418488905,38.809085815110954
6,deviant,9,100,314.11392083630733,43.6305,46.70881642419581,40.552183575804186
6,deviant,10,100,297.8465871445973,39.635,42.55389655401705,36.716103445982945
7,background,1,100,161.0141379866344,36.246,37.82393855226902,34.668061447730985
7,background,2,100,157.48794440076662,32.435,33.978381855127516,30.89161814487249
7,background,3,100,155.6881075808466,27.9775,29.503243454292296,26.451756545707703
7,background,4,99,146.24408220145995,24.43030303030303,25.8707151924324,22.98989086817366
7,background,5,100,143.6411097877367,20.868,22.27568287591982,19.460317124080177
7,background,6,100,134.9376951742817,18.3265,19.64888941270796,17.00411058729204
7,background,7,100,125.98142093599607,15.6215,16.85611792517276,14.386882074827238
7,background,8,99,111.40554176898968,13.805050505050506,14.902324971661795,12.707776038439217
7,background,9,97,100.11586708461981,11.93659793814433,12.93279010293561,10.94040577335305
7,background,10,100,102.77540664247606,11.015,12.022198985096265,10.007801014903736
7,deviant,1,100,161.4004255521684,36.5625,38.14422417041125,34.98077582958875
7,deviant,2,99,224.34694700748426,41.08080808080808,43.29048430251675,38.871131859099414
7,deviant,3,100,266.7610699128578,42.785000000000004,45.39925848514601,40.170741514854
7,deviant,4,100,288.6349953250918,41.3225,44.151122954185894,38.4938770458141
7,deviant,5,99,276.3144661622448,39.78888888888889,42.51041246537183,37.067365312405954
7,deviant,6,100,272.20724496332986,35.515,38.18263100064063,32.84736899935937
7,deviant,7,100,311.51894425793586,39.219,42.27188565372777,36.16611434627223
7,deviant,8,99,304.05820512734584,38.02171717171717,41.016499114806855,35.02693522862749
7,deviant,9,100,298.92993810379187,35.4605,38.39001339341716,32.53098660658284
7,deviant,10,100,315.51401670423786,35.666,38.758037363701526,32.57396263629847
8,background,1,98,79.18206867719483,19.73673469387755,20.52059718181788,18.952872205937222
8,background,2,100,79.94165635669951,17.085,17.868428232295656,16.301571767704345
8,background,3,100,76.56151637391781,14.9475,15.697802860464394,14.197197139535605
8,background,4,100,74.34438003040486,12.6135,13.342074924297968,11.884925075702032
8,background,5,99,72.2435027127736,11.172222222222222,11.883775253126789,10.460669191317656
8,background,6,100,66.81181348423819,9.6875,10.342255772145535,9.032744227854465
8,background,7,99,59.399760765068464,8.470707070707071,9.055757327412266,7.8856568140018775
8,background,8,100,58.07764766151206,7.4875,8.056660947082818,6.918339052917181
8,background,9,100,54.86847911141696,6.8315,7.369211095291886,6.293788904708114
8,background,10,99,49.46947490491912,6.099494949494949,6.586738140703461,5.612251758286438
8,deviant,1,100,80.77271556006625,19.471,20.26257261248865,18.67942738751135
8,deviant,2,98,117.14618622630626,22.043367346938776,23.203055424329463,20.88367926954809
8,deviant,3,100,122.78438525788977,21.579,22.78228697552732,20.37571302447268
8,deviant,4,100,136.10451672771265,22.2285,23.562324263931583,20.894675736068418
8,deviant,5,99,141.8642419988023,21.393939393939394,22.791212886789822,19.996665901088967
8,deviant,6,100,138.8301404405284,19.7615,21.12203537631718,18.400964623682825
8,deviant,7,97,135.8481447096449,19.052061855670104,20.40380420483036,17.700319506509846
8,deviant,8,98,142.2746879880791,19.169897959183672,20.578345512529665,17.761450405837678
8,deviant,9,100,140.93750014587465,18.605999999999998,19.98718750142957,17.224812498570426
8,deviant,10,100,152.3296114559339,19.267,20.75983019226815,17.774169807731848
9,background,1,100,78.29589624253019,19.454,20.221299783176796,18.686700216823205
9,background,2,100,75.9236111946877,15.342,16.08605138970794,14.597948610292061
9,background,3,99,70.75850330153743,11.875252525252526,12.572179246630578,11.178325803874474
9,background,4,99,62.30470540648977,9.772222222222222,10.385884355242874,9.15856008920157
9,background,5,100,57.08043724245174,7.8485000000000005,8.407888284976028,7.2891117150239735
9,background,6,100,48.75068150670737,6.5045,6.982256678765732,6.026743321234268
9,background,7,100,42.4603220356184,5.499,5.91511115594906,5.082888844050939
9,background,8,100,38.916881738013466,4.8205,5.201885441032532,4.439114558967468
9,background,9,99,33.98215475959792,4.465151515151515,4.7998543508099045,4.130448679493125
9,background,10,99,32.8623524800997,4.193434343434343,4.517107831454943,3.869760855413743
9,deviant,1,100,76.80873374133549,19.1325,19.885225590665087,18.379774409334914
9,deviant,2,99,127.66391939694425,22.52171717171717,23.779126424770872,21.26430791866347
9,deviant,3,99,139.6107747312242,21.74949494949495,23.124573208115603,20.374416690874295
9,deviant,4,97,147.05732859921275,21.115463917525773,22.578742045076222,19.652185789975324
9,deviant,5,96,140.91236545045328,20.228125000000002,21.637542191358985,18.81870780864102
9,deviant,6,98,147.7011385053936,19.264285714285716,20.726452387051637,17.802119041519795
9,deviant,7,100,148.76458796225313,18.4385,19.89639296203008,16.98060703796992
9,deviant,8,100,144.12658909517884,16.659,18.07144057313275,15.246559426867247
9,deviant,9,100,146.36170048349754,16.802,18.236344664738276,15.367655335261723
9,deviant,10,98,143.36284477910547,14.718367346938775,16.137587102927775,13.299147590949776
10,background,1,100,167.92300867393146,36.775,38.42064548500453,35.12935451499547
10,background,2,100,156.3152684733476,33.579,35.11088963103881,32.04711036896119
10,background,3,100,162.60481639788372,31.436,33.02952720069926,29.84247279930074
10,background,4,100,162.40410125752106,29.0255,30.617060192323706,27.433939807676296
10,background,5,100,161.52742964065203,27.268,28.850968810478392,25.68503118952161
10,background,6,100,151.52714712482867,24.0025,25.48746604182332,22.51753395817668
10,background,7,99,155.27357012366068,22.67222222222222,24.201569157131125,21.142875287313316
10,background,8,100,148.40961275434532,21.0405,22.494914204992586,19.586085795007417
10,background,9,100,144.48084010655091,19.7525,21.1684122330442,18.3365877669558
10,background,10,100,141.628442727701,17.768,19.15595873873147,16.38004126126853
10,deviant,1,100,160.73775634800145,37.114,38.68923001221041,35.538769987789586
10,deviant,2,100,217.6745276783666,41.241,43.37421037124799,39.10778962875201
10,deviant,3,100,249.95109521664432,43.8295,46.27902073312312,41.37997926687689
10,deviant,4,100,260.52919323238194,41.7895,44.34268609367734,39.23631390632266
10,deviant,5,100,260.92506990564004,41.2855,43.84256568507527,38.728434314924726
10,deviant,6,100,268.02991290250856,41.0985,43.72519314644458,38.47180685355542
10,deviant,7,99,283.15580609677744,40.68282828282828,43.471734751655454,37.89392181400111
10,deviant,8,100,300.07302619967624,40.376,43.31671565675683,37.43528434324317
10,deviant,9,100,288.1635454865317,40.1315,42.955502745768015,37.30749725423199
10,deviant,10,100,307.7487269630346,42.051,45.066937524237744,39.03506247576226
11,background,1,99,157.76646631885004,36.35353535353536,37.907435746911936,34.79963496015878
11,background,2,100,163.04895938918082,32.494,34.09187980201397,30.89612019798603
11,background,3,100,155.327302985121,27.6245,29.146707569254186,26.102292430745816
11,background,4,100,151.8570744240504,24.0425,25.530699329355695,22.554300670644306
11,background,5,100,145.57969421736348,20.764,22.190681003330162,19.337318996669836
11,background,6,100,140.38753693371714,18.6755,20.051297861950427,17.29970213804957
11,background,7,100,124.53548426896353,16.0475,17.26794774583584,14.827052254164157
11,background,8,100,117.80570533945425,14.046,15.200495912326652,12.891504087673347
11,background,9,99,106.86901722251059,12.53080808080808,13.58340063597255,11.478215525643611
11,background,10,100,108.48212319378513,11.0315,12.094624807299093,9.968375192700906
11,deviant,1,100,160.2459704723697,37.1115,38.68191051062922,35.541089489370776
11,deviant,2,99,232.0886854086964,41.50909090909091,43.79501838132039,39.22316343686143
11,deviant,3,98,258.2632123282471,43.36173469387755,45.918410056634094,40.80505933112101
11,deviant,4,99,288.9312702830353,43.144444444444446,45.990235600368685,40.29865328852021
11,deviant,5,100,287.97867702497115,40.2705,43.09269103484471,37.448308965155285
11,deviant,6,100,289.17872364772325,39.406499999999994,42.240451491747685,36.572548508252304
11,deviant,7,100,300.6470915944648,39.45,42.396341497625755,36.50365850237425
11,deviant,8,100,320.61645802718044,38.518499999999996,41.660541288666366,35.376458711333626
11,deviant,9,99,326.1880915248617,39.46515151515152,42.67789891047477,36.25240411982827
11,deviant,10,99,313.4358324324639,36.044444444444444,39.131590114112825,32.95729877477606
12,background,1,199,220.00180023186897,20.48467336683417,22.0130337511074,18.956312982560938
12,background,2,200,218.36284386073413,19.3345,20.84767730700042,17.821322692999576
12,background,3,200,206.40692435345431,17.33025,18.760577011763026,15.899922988236973
12,background,4,198,191.92893421647935,15.493939393939394,16.830639345240588,14.1572394426382
12,background,5,200,186.49539291614516,14.464,15.756347138512348,13.171652861487653
12,background,6,200,178.3822993933033,13.53975,14.775876268737607,12.303623731262393
12,background,7,199,171.5983069478497,12.30251256281407,13.494612145958573,11.110412979669565
12,background,8,200,161.83009283618551,11.4975,12.61892532923625,10.376074670763751
12,background,9,200,160.22834035410708,10.785,11.895325750826022,9.674674249173979
12,background,10,200,154.68834542565355,9.9825,11.054435544605866,8.910564455394134
12,deviant,1,200,221.84864446877197,20.6495,22.18683267282894,19.11216732717106
12,deviant,2,200,221.1456712095827,20.14125,21.673711316674996,18.608788683325002
12,deviant,3,200,225.7981690756033,19.79175,21.356451482022084,18.227048517977916
12,deviant,4,200,224.48383484176125,19.17525,20.73084361045703,17.619656389542968
12,deviant,5,198,211.0725741988934,17.955555555555556,19.425582473614966,16.485528637496145
12,deviant,6,199,217.5616790947485,17.189949748743718,18.701358524098875,15.67854097338856
12,deviant,7,200,208.22743764805276,16.89325,18.336192525262362,15.450307474737635
12,deviant,8,200,213.83664448900186,16.467,17.94881234556663,14.985187654433368
12,deviant,9,200,206.5413874671178,15.27225,16.703508793602037,13.840991206397963
12,deviant,10,158,189.83415199367553,15.510126582278481,16.990161217836615,14.030091946720347
13,background,1,100,158.46688181313766,21.155,22.70797544176875,19.602024558231253
13,background,2,100,149.37497852895683,18.451,19.914874789583777,16.987125210416224
13,background,3,100,135.29816974683033,16.038,17.363922063518938,14.712077936481062
13,background,4,100,128.36875337131409,13.219,14.477013783038878,11.960986216961121
13,background,5,98,121.01741936379939,11.909183673469387,13.10719500370313,10.711172343235646
13,background,6,100,109.92513002278557,10.6725,11.749766274223298,9.595233725776701
13,background,7,100,98.32601519007008,9.013,9.976594948862687,8.049405051137313
13,background,8,100,93.85547400125364,8.3735,9.293283645212286,7.453716354787714
13,background,9,100,85.76643620290729,7.6785,8.51901107478849,6.8379889252115085
13,background,10,100,82.86145697869172,6.918,7.730042278391179,6.105957721608822
13,deviant,1,100,160.31394364282784,20.6295,22.200576647699712,19.058423352300288
13,deviant,2,99,159.10780026530176,20.11262626262626,21.679737951125773,18.54551457412675
13,deviant,3,99,150.11918072335936,17.806060606060605,19.28464004960314,16.32748116251807
13,deviant,4,100,155.65494903116553,17.442,18.967418500505424,15.916581499494578
13,deviant,5,99,148.0410949347298,16.333838383838383,17.79194999033185,14.875726777344916
13,deviant,6,100,155.5922978745887,16.238,17.76280451917097,14.71319548082903
13,deviant,7,100,155.6478988648823,16.137999999999998,17.663349408875845,14.61265059112415
13,deviant,8,100,141.08266520395986,14.8195,16.202110118998807,13.436889881001193
13,deviant,9,100,135.22599991359496,13.1185,14.44371479915323,11.793285200846768
13,deviant,10,100,137.54509308433708,13.432,14.779941912226503,12.084058087773498
14,background,1,100,295.6080575427715,39.8545,42.75145896391916,36.95754103608084
14,background,2,100,285.4152561112539,36.331,39.12806950989029,33.53393049010972
14,background,3,100,303.7336263726387,36.365,39.34158953845186,33.38841046154814
14,background,4,100,279.2833639306521,34.155499999999996,36.892476966520384,31.418523033479605
14,background,5,100,290.0960956938961,32.0385,34.88144173780018,29.195558262199818
14,background,6,99,272.20498757950395,30.038888888888888,32.71993668788063,27.357841089897146
14,background,7,100,262.57029635188326,28.8015,31.37468890424846,26.228311095751543
14,background,8,99,264.0589696898861,27.495454545454546,30.09626919542242,24.894639895486673
14,background,9,99,254.37957547934673,26.13939393939394,28.64487264869996,23.633915230087922
14,background,10,99,236.4760864732082,23.78131313131313,26.11045374255193,21.45217252007433
14,deviant,1,100,289.15192692096184,39.017,41.85068888382543,36.18331111617458
14,deviant,2,99,297.34165622447824,38.81060606060606,41.73923422446863,35.88197789674349
14,deviant,3,100,317.11875992242534,40.0955,43.20326384723977,36.987736152760235
14,deviant,4,100,311.4049952274876,39.1705,42.222268953229374,36.11873104677062
14,deviant,5,100,305.8069308360561,37.854,40.85090792219335,34.85709207780665
14,deviant,6,100,318.1362046935904,36.9795,40.09723480599719,33.861765194002814
14,deviant,7,99,319.0362172148122,36.59040404040404,39.732709975237796,33.44809810557028
14,deviant,8,98,309.4026502795346,35.11632653061224,38.17925650042872,32.05339656079576
14,deviant,9,100,311.6665432967201,34.9315,37.985832124307855,31.877167875692145
14,deviant,10,99,305.0128340699263,33.079292929292926,36.083477366613586,30.075108491972266
15,background,1,99,309.11980304014645,40.69090909090909,43.73554458761719,37.646273594200984
15,background,2,100,296.6192535540257,36.8295,39.73636868482946,33.92263131517055
15,background,3,99,284.6604070966334,32.09191919191919,34.895645033583335,29.288193350255046
15,background,4,100,272.17697416048605,30.353,33.02033434677276,27.68566565322724
15,background,5,100,256.80489727253627,27.0205,29.537187993270855,24.50381200672914
15,background,6,100,258.2686076243308,25.969,28.500032354718442,23.43796764528156
15,background,7,99,246.81888202954767,23.91262626262626,26.3436369002313,21.481615625021224
15,background,8,100,229.97671506846996,21.071,23.324771807671006,18.817228192328997
15,background,9,100,226.84394705565643,20.4235,22.646570681145434,18.200429318854567
15,background,10,100,224.1038351911195,19.4035,21.599717584872973,17.20728241512703
15,deviant,1,99,302.42838212672683,39.44141414141414,42.42014335377537,36.46268492905291
15,deviant,2,99,291.20275537302547,39.884343434343435,42.752507288707605,37.016179579979266
15,deviant,3,99,316.0856271395625,38.34191919191919,41.45516367164399,35.22867471219439
15,deviant,4,100,306.35721324176967,36.44,39.44230068976934,33.437699310230656
15,deviant,5,100,297.8286729330349,34.9805,37.89922099474374,32.061779005256255
15,deviant,6,100,318.99860171282387,32.9615,36.08768629678568,29.835313703214325
15,deviant,7,100,312.2564440361564,32.7035,35.76361315155433,29.643386848445665
15,deviant,8,99,319.2921200010061,33.086868686868684,36.23169510307856,29.94204227065881
15,deviant,9,99,305.456229097946,30.65,33.65855159926919,27.641448400730813
15,deviant,10,99,300.141593778319,29.223737373737375,32.17994316019529,26.267531587279453
16,background,1,99,79.17643522372576,19.304545454545455,20.08438350702266,18.52470740206825
16,background,2,99,78.08300239589855,16.937878787878788,17.706947215219955,16.16881036053762
16,background,3,99,74.74773363929188,14.31868686868687,15.054904998028501,13.582468739345238
16,background,4,100,67.89395756386727,12.01,12.6753607841259,11.3446392158741
16,background,5,100,67.75695730445617,10.535,11.199018181583671,9.870981818416329
16,background,6,100,63.07153415807033,9.3645,9.982601034749088,8.746398965250911
16,background,7,100,58.067632980861205,8.0315,8.600562803212439,7.46243719678756
16,background,8,99,51.51823897774866,7.124747474747474,7.632169702559819,6.617325246935129
16,background,9,100,50.4223478022864,6.6235,7.117639008462406,6.1293609915375935
16,background,10,99,46.310792194522115,6.025252525252525,6.481384679871563,5.569120370633487
16,deviant,1,100,77.95136810520829,19.223,19.98692340743104,18.45907659256896
16,deviant,2,100,111.14451237726023,21.3905,22.47971622129715,20.30128377870285
16,deviant,3,99,124.03350566002636,21.651515151515152,22.873167114280594,20.42986318874971
16,deviant,4,100,137.55031615261453,21.607,22.95499309829562,20.259006901704378
16,deviant,5,98,141.49597353393412,21.18469387755102,22.58543255110114,19.7839552040009
16,deviant,6,99,145.7675691315675,21.4979797979798,22.93369860629304,20.06226098966656
16,deviant,7,100,154.3906528395114,21.347,22.860028397827215,19.833971602172788
16,deviant,8,100,146.24403721537718,19.9405,21.373691564710697,18.507308435289303
16,deviant,9,100,148.6952110509067,19.3985,20.855713068298883,17.941286931701114
16,deviant,10,100,141.82671970067074,17.433500000000002,18.823401853066574,16.04359814693343
17,background,1,98,76.54443154142567,19.069897959183674,19.827649171653835,18.312146746713513
17,background,2,100,75.78602148570394,14.839,15.581703010559899,14.096296989440102
17,background,3,100,67.47872959213458,11.584999999999999,12.246291550002917,10.923708449997081
17,background,4,100,58.22931075995101,8.879,9.449647245447519,8.30835275455248
17,background,5,100,51.26273910992887,7.491,7.993374843277302,6.988625156722697
17,background,6,100,44.955475048564516,6.16,6.600563655475932,5.719436344524068
17,background,7,99,40.2711533169052,5.4378787878787875,5.834524300965181,5.041233274792394
17,background,8,99,35.126837842910156,4.7555555555555555,5.101532799109066,4.409578312002045
17,background,9,99,29.71558159406752,4.273737373737374,4.566417149141067,3.981057598333681
17,background,10,100,27.438160134727465,4.06,4.328893969320329,3.7911060306796704
17,deviant,1,98,76.9995215296139,19.225510204081633,19.987766577585568,18.4632538305777
17,deviant,2,100,128.66471114776124,22.6815,23.94241416924806,21.42058583075194
17,deviant,3,100,125.98049138865238,19.901,21.135608815608794,18.666391184391205
17,deviant,4,99,154.62837453238106,21.53181818181818,23.054810346245834,20.00882601739053
17,deviant,5,100,146.250191182961,19.6025,21.035751873593018,18.16924812640698
17,deviant,6,100,147.49844780628425,18.863500000000002,20.308984788501586,17.418015211498417
17,deviant,7,100,157.16505738604204,18.7045,20.24471756238321,17.164282437616787
17,deviant,8,100,160.08275820238794,18.277,19.845811030383402,16.7081889696166
17,deviant,9,100,144.71551038975892,16.48,17.898212001819637,15.061787998180364
17,deviant,10,99,153.24942688997325,16.68030303030303,18.189713428377036,15.170892632229025
18,background,1,99,163.24144210663118,36.99292929292929,38.60075475180849,35.38510383405009
18,background,2,99,154.29550424940757,33.874242424242425,35.39395602589482,32.35452882259003
18,background,3,100,159.3102814932975,30.2345,31.795740758634317,28.673259241365685
18,background,4,100,156.14237767263296,28.652,30.182195301191804,27.121804698808198
18,background,5,99,156.1627946120734,25.956060606060607,27.49416584249318,24.417955369628032
18,background,6,100,151.63068013398453,24.043,25.528980665313046,22.557019334686952
18,background,7,99,147.35016475264482,22.292424242424243,23.743730621502856,20.84111786334563
18,background,8,99,147.00342817341652,20.134848484848487,21.582739726861334,18.68695724283564
18,background,9,99,136.65545418275386,18.603535353535353,19.949505564863237,17.25756514220747
18,background,10,100,137.8287457604354,17.346,18.696721708452266,15.995278291547733
18,deviant,1,100,155.96775982639218,35.837,37.36548404629865,34.30851595370136
18,deviant,2,100,215.19939346422058,40.676,42.78495405594936,38.56704594405064
18,deviant,3,100,230.16258555524112,41.905,44.160593338441366,39.649406661558636
18,deviant,4,98,255.30138020943423,42.840816326530614,45.368171047223875,40.313461605837354
18,deviant,5,100,268.70226136591765,41.173,43.806282161385994,38.53971783861401
18,deviant,6,100,274.78455196753697,42.2535,44.94638860928187,39.56061139071814
18,deviant,7,99,302.473778767855,43.60050505050505,46.579681391208275,40.62132870980182
18,deviant,8,100,302.31306968978885,42.0815,45.04416808295993,39.11883191704007
18,deviant,9,100,294.07394791464486,39.2925,42.174424689563516,36.41057531043648
18,deviant,10,100,299.56338842423736,39.0195,41.955221206557525,36.08377879344248
19,background,1,100,157.281569502797,36.0605,37.60185938112741,34.519140618872584
19,background,2,99,155.6476283485435,31.13131313131313,32.66434430430097,29.59828195832529
19,background,3,100,156.56432174063562,27.7775,29.31183035305823,26.24316964694177
19,background,4,100,146.27110733875392,23.805,25.23845685191979,22.37154314808021
19,background,5,100,139.44732074571345,20.4235,21.790083743307992,19.05691625669201
19,background,6,100,132.43003117833484,17.5795,18.87731430554768,16.281685694452317
19,background,7,100,119.72720088425584,15.7515,16.924826568665708,14.578173431334292
19,background,8,99,109.04721333826973,13.245454545454546,14.319500961379823,12.171408129529269
19,background,9,99,103.6400781043399,12.195454545454545,13.216244082633088,11.174665008276003
19,background,10,98,92.72945935127059,10.529591836734694,11.447566650057334,9.611617023412053
19,deviant,1,99,159.4290223199488,36.234848484848484,37.80512400840575,34.66457296129122
19,deviant,2,99,242.42360706655177,42.51717171717172,44.90489166282328,40.12945177152016
19,deviant,3,100,258.2617806962948,42.017,44.54796545082369,39.48603454917632
19,deviant,4,100,298.12523860742965,43.823,46.744627338352814,40.90137266164719
19,deviant,5,99,302.0884717046351,41.436868686868685,44.41224999551549,38.46148737822188
19,deviant,6,100,306.47336966821354,40.921,43.924439022748494,37.917560977251505
19,deviant,7,99,303.3325906102339,38.88333333333333,41.87096843013883,35.895698236527835
19,deviant,8,100,327.9292446148776,38.386,41.599706597225804,35.1722934027742
19,deviant,9,100,304.6979047481205,34.2075,37.19353946653158,31.221460533468424
19,deviant,10,100,313.7626072115836,36.394,39.46887355067352,33.319126449326475
20,background,1,99,76.83999095865587,19.38080808080808,20.137633627856808,18.623982533759353
20,background,2,99,75.53463827243345,16.777272727272727,17.5212413719648,16.033304082580656
20,background,3,99,76.84298755802057,14.288383838383838,15.045238900050215,13.531528776717462
20,background,4,100,73.29836287394147,12.3365,13.054823956164626,11.618176043835373
20,background,5,99,68.84251669762776,11.02070707070707,11.698762529978621,10.34265161143552
20,background,6,100,64.51972362651675,9.587,10.219293291539865,8.954706708460135
20,background,7,100,63.35358171239786,8.3775,8.998365100781498,7.756634899218501
20,background,8,100,56.584147863811495,7.4495000000000005,8.004024649065354,6.894975350934648
20,background,9,100,50.70596352345654,6.65,7.146918442529874,6.153081557470126
20,background,10,100,48.867463074815134,6.1045,6.583401138133188,5.625598861866812
20,deviant,1,100,79.69948490885523,19.3375,20.11855495210678,18.556445047893217
20,deviant,2,100,116.19606841795238,21.722,22.860721470495935,20.583278529504067
20,deviant,3,100,125.57595730326557,21.725,22.955644381572004,20.494355618428
20,deviant,4,100,139.5403073252351,21.424500000000002,22.791995011787307,20.057004988212697
20,deviant,5,100,138.54515699336366,21.8185,23.176242538534964,20.460757461465036
20,deviant,6,97,138.73335841405301,20.97577319587629,22.356224553606094,19.595321838146486
20,deviant,7,100,155.7582556737405,22.2465,23.772930905602657,20.720069094397346
20,deviant,8,98,151.58840568078452,20.34438775510204,21.845036409588,18.84373910061608
20,deviant,9,100,152.74676325281177,19.79,21.286918279877554,18.293081720122444
20,deviant,10,100,151.81976849298368,19.349,20.83683373123124,17.86116626876876
21,background,1,100,79.1456186239543,19.2275,20.00312706251475,18.45187293748525
21,background,2,100,73.97752147923399,14.878,15.602979710496493,14.153020289503507
21,background,3,99,69.67006832961076,11.70959595959596,12.39580228157289,11.023389637619031
21,background,4,100,60.16772609263121,9.1055,9.695143715707784,8.515856284292214
21,background,5,100,51.07414630762449,7.421,7.92152663381472,6.920473366185281
21,background,6,100,46.81995188738283,6.5405,6.999335528496351,6.0816644715036485
21,background,7,100,38.7976871258557,5.3535,5.733717333833386,4.9732826661666145
21,background,8,100,35.12874816113465,4.8705,5.214761731979119,4.52623826802088
21,background,9,100,29.900976924719895,4.365,4.6580295738622555,4.071970426137745
21,background,10,100,26.30789355227618,4.053,4.310817356812306,3.7951826431876934
21,deviant,1,100,77.98042939366935,19.67,20.43420820805796,18.905791791942043
21,deviant,2,100,122.69322033343762,22.012,23.214393559267688,20.809606440732313
21,deviant,3,100,136.20987096157322,21.8135,23.14835673542342,20.478643264576583
21,deviant,4,100,141.62262679760119,20.049,21.43690174261649,18.661098257383507
21,deviant,5,99,148.48597311034572,20.24949494949495,21.711988326007255,18.787001572982643
21,deviant,6,100,142.76744063428174,18.158,19.55712091821596,16.75887908178404
21,deviant,7,100,146.79098997159912,18.285,19.72355170172167,16.84644829827833
21,deviant,8,99,145.91521510795232,16.714646464646464,18.15181949289717,15.277473436395756
21,deviant,9,100,141.79266739262573,16.1355,17.525068140447733,14.745931859552268
21,deviant,10,97,140.88648846351077,15.267525773195876,16.669401619845438,13.865649926546315
22,background,1,98,155.95766969547253,36.36938775510204,37.91328991657812,34.825485593625956
22,background,2,100,156.30931716177045,33.4495,34.981331308185354,31.91766869181465
22,background,3,99,159.48069508646856,30.751010101010102,32.3217945687942,29.180225633225998
22,background,4,100,155.1017747361899,28.8935,30.413497392414662,27.373502607585337
22,background,5,99,160.12299548850103,26.451515151515153,28.028625873988688,24.87440442904162
22,background,6,99,149.04254073038484,23.87070707070707,25.33868228796728,22.40273185344686
22,background,7,99,153.39130387757697,22.882323232323234,24.393131029426275,21.371515435220193
22,background,8,100,148.31462823123155,20.6735,22.12698335666607,19.22001664333393
22,background,9,98,141.38012404041882,19.004591836734694,20.40418365881035,17.605000014659037
22,background,10,100,133.40538732907697,17.7255,19.032872795824954,16.418127204175047
22,deviant,1,100,156.08844490089248,35.5125,37.04216676002875,33.98283323997126
22,deviant,2,99,202.34078211093075,41.35909090909091,43.35202025747889,39.36616156070293
22,deviant,3,99,238.3448022022761,43.31969696969697,45.667243254677864,40.97215068471608
22,deviant,4,100,243.37934977055227,41.8465,44.23161762775141,39.461382372248586
22,deviant,5,100,279.25709245104326,43.0685,45.80521950602022,40.33178049397978
22,deviant,6,100,275.18579369697045,41.745,44.44182077823031,39.048179221769686
22,deviant,7,99,291.6122425413584,41.720202020202024,44.59239906543876,38.848004974965285
22,deviant,8,100,285.7895757002823,40.8565,43.65723784186277,38.05576215813723
22,deviant,9,100,288.43937609870557,39.05,41.876705885767315,36.22329411423268
22,deviant,10,99,289.09693784902703,37.43181818181818,40.27924105899454,34.584395304641816
23,background,1,100,153.01357008964578,36.202,37.701532986878526,34.70246701312147
23,background,2,99,157.17923895316054,31.89040404040404,33.43852061383562,30.342287466972458
23,background,3,98,150.5046773184702,27.324489795918367,28.814410086968934,25.8345695048678
23,background,4,100,147.3584601896806,24.338,25.78211290985887,22.89388709014113
23,background,5,100,144.47910065582423,20.959,22.37489518642708,19.54310481357292
23,background,6,100,128.63871276195445,17.6135,18.874159385067152,16.352840614932845
23,background,7,100,119.9874225864835,15.4085,16.584376741347537,14.232623258652461
23,background,8,100,109.45847566423008,13.628,14.700693061509455,12.555306938490546
23,background,9,100,103.39301615425333,12.24,13.253251558311684,11.226748441688317
23,background,10,100,91.91934393517873,10.5185,11.419309570564751,9.617690429435248
23,deviant,1,98,155.27584961507765,35.792857142857144,37.33000962989968,34.25570465581461
23,deviant,2,100,234.0253922345315,42.176,44.46944884389841,39.88255115610159
23,deviant,3,100,266.8187537794543,43.413,46.02782378703865,40.798176212961344
23,deviant,4,100,287.7339642977977,41.7395,44.55929285011842,38.91970714988158
23,deviant,5,100,298.49187152822276,42.4495,45.37472034097658,39.52427965902342
23,deviant,6,100,296.4113739915844,39.9555,42.860331465117525,37.050668534882476
23,deviant,7,98,322.1539432598874,41.36632653061225,44.555487860722984,38.17716520050151
23,deviant,8,99,305.0314392769513,38.0989898989899,41.10335758588944,35.09462221209036
23,deviant,9,100,323.06832420598454,39.348,42.51406957721865,36.18193042278135
23,deviant,10,97,300.26557104985375,34.16546391752578,37.1532241791796,31.17770365587195
24,background,1,99,151.81618906808947,20.43686868686869,21.932162594492016,18.94157477924536
24,background,2,100,152.4084280719686,18.8365,20.330102595105295,17.342897404894707
24,background,3,99,147.9511299115531,16.704040404040406,18.16126591168051,15.246814896400302
24,background,4,100,140.86960189069217,15.6825,17.063022098528783,14.301977901471215
24,background,5,100,134.76146567761478,14.456,15.776662363640625,13.135337636359374
24,background,6,98,128.74010948214112,13.085714285714285,14.360176347671572,11.811252223756998
24,background,7,98,117.44158682421433,11.701020408163265,12.863632802277214,10.538408014049315
24,background,8,100,117.69517943891289,11.3365,12.489912758501346,10.183087241498653
24,background,9,100,112.17828854574593,10.385,11.48434722774831,9.285652772251689
24,background,10,100,103.08056379152642,9.474499999999999,10.484689525156957,8.46431047484304
24,deviant,1,99,154.13569722129503,20.576262626262626,22.094402229272333,19.058123023252918
24,deviant,2,100,158.8275960378356,19.863,21.41951044117079,18.30648955882921
24,deviant,3,99,159.74963965036366,19.38989898989899,20.96333239236094,17.816465587437044
24,deviant,4,100,151.06695970922786,18.409,19.88945620515043,16.928543794849567
24,deviant,5,98,146.46024249460655,17.050510204081633,18.500392633071908,15.600627775091358
24,deviant,6,98,149.85367424327816,16.845408163265308,18.328883852669293,15.361932473861321
24,deviant,7,99,155.55927115445502,16.298484848484847,17.830645758723858,14.766323938245836
24,deviant,8,100,153.8772152348133,15.9755,17.48349670930117,14.46750329069883
24,deviant,9,99,146.95335815722012,15.072727272727272,16.520125356595177,13.62532918885937
24,deviant,10,100,139.09251937961446,14.0465,15.409606689920222,12.683393310079778
25,background,1,100,150.1046301750882,19.913,21.384025375715865,18.441974624284136
25,background,2,100,152.4570862829758,17.958,19.452079445573162,16.463920554426835
25,background,3,100,140.19202057028406,15.4985,16.872381801588784,14.124618198411216
25,background,4,100,129.9251910260589,12.7815,14.054766872055376,11.508233127944623
25,background,5,100,122.08985043379882,11.473,12.669480534251228,10.276519465748773
25,background,6,100,111.30457265870456,10.0965,11.187284812055305,9.005715187944697
25,background,7,99,100.01495940739646,8.755050505050505,9.74013490475178,7.76996610534923
25,background,8,99,88.96446659082193,8.131818181818183,9.008062182571964,7.255574181064403
25,background,9,99,91.54627820196507,7.773737373737374,8.675410593841681,6.872064153633067
25,background,10,99,81.18455258820714,6.863636363636363,7.663253108223637,6.064019619049089
25,deviant,1,100,153.75456347527927,20.6535,22.16029472205774,19.146705277942264
25,deviant,2,100,160.1513264647566,19.268,20.837482999354616,17.698517000645385
25,deviant,3,100,164.7873350396616,18.9815,20.596415883388683,17.366584116611318
25,deviant,4,100,150.560199535636,17.079,18.554489955449235,15.603510044550768
25,deviant,5,100,148.46817840870818,16.046,17.50098814840534,14.59101185159466
25,deviant,6,100,155.34769152825507,15.189,16.7114073769769,13.6665926230231
25,deviant,7,100,151.11712954561193,14.7365,16.217447869546998,13.255552130453003
25,deviant,8,100,142.6231692995659,13.632,15.029707059135745,12.234292940864254
25,deviant,9,100,133.3066310981447,12.464,13.770404984761818,11.157595015238183
25,deviant,10,99,138.18826783928165,12.647979797979797,14.009047259055533,11.286912336904061
26,background,1,100,296.9139960537926,38.847,41.756757161327165,35.93724283867284
26,background,2,99,294.1966581798824,36.22525252525252,39.12290443787049,33.327600612634555
26,background,3,100,283.08697752122976,35.386,38.160252379708055,32.61174762029195
26,background,4,100,280.58186252669174,32.9245,35.67420225276158,30.174797747238422
26,background,5,100,273.8122676118381,30.845,33.528360222596014,28.161639777403984
26,background,6,100,270.1458816425323,29.0535,31.700929640096817,26.406070359903183
26,background,7,99,268.06911913082973,27.693939393939395,30.33425149187056,25.05362729600823
26,background,8,99,266.2985315294413,26.491414141414143,29.114287065897987,23.8685412169303
26,background,9,100,257.4403814478218,25.1165,27.639415738188653,22.593584261811344
26,background,10,99,250.82028584122477,24.38080808080808,26.851230027432724,21.910386134183437
26,deviant,1,100,297.8452088267539,40.644,43.562883046502186,37.72511695349781
26,deviant,2,100,298.76330183996123,38.838,41.76588035803162,35.91011964196838
26,deviant,3,99,305.70538362768053,39.5479797979798,42.558985412546406,36.53697418341319
26,deviant,4,100,306.1438817219601,37.3635,40.36371004087521,34.36328995912479
26,deviant,5,100,307.32356941144207,37.5285,40.54027098023214,34.516729019767865
26,deviant,6,99,317.05570654481454,37.20505050505051,40.32784965633892,34.082251353762096
26,deviant,7,98,313.8169387598948,35.48010204081633,38.58673123709288,32.373472844539776
26,deviant,8,100,313.39749016561257,34.9585,38.029795403623005,31.887204596376996
26,deviant,9,99,328.2706761837025,34.87171717171717,38.10497671512943,31.638457628304913
26,deviant,10,99,313.17843408981304,31.95858585858586,35.04319631658834,28.873975400583376
27,background,1,100,291.60830343386823,38.1795,41.03726137365191,35.321738626348086
27,background,2,99,290.22585125526314,36.69949494949495,39.55803691317283,33.84095298581707
27,background,3,100,284.14358860859136,32.555,35.339607168364196,29.770392831635803
27,background,4,98,264.97413975111255,30.010204081632654,32.63331423643182,27.387093926833483
27,background,5,99,262.944075502958,27.42676767676768,30.016601320720373,24.836934032814984
27,background,6,100,253.42364675941764,25.0975,27.581051738242294,22.613948261757706
27,background,7,100,241.82541549421018,22.762,25.13188907184326,20.39211092815674
27,background,8,100,224.95736438150604,20.988,23.19258217093876,18.78341782906124
27,background,9,100,221.4093137393418,19.041,21.21081127464555,16.87118872535445
27,background,10,100,205.1507853673539,17.4575,19.467977696600066,15.447022303399931
27,deviant,1,100,291.8945465674025,38.057,40.91756655636055,35.19643344363946
27,deviant,2,100,304.3884593911641,39.7065,42.68950690203341,36.72349309796659
27,deviant,3,100,306.25665621123113,37.5375,40.538815230870064,34.53618476912994
27,deviant,4,100,308.58875290757544,35.2655,38.28966977849424,32.24133022150576
27,deviant,5,100,320.9834517787318,35.7565,38.902137827431574,32.61086217256843
27,deviant,6,100,319.3646241490981,34.447,37.57677331666116,31.31722668333884
27,deviant,7,100,311.71023149882745,32.452,35.50676026868851,29.39723973131149
27,deviant,8,98,294.82440358180736,30.141326530612243,33.0599392210599,27.222713840164587
27,deviant,9,100,297.22634030048727,28.642500000000002,31.555318134944777,25.729681865055227
27,deviant,10,99,296.92893443594073,27.802525252525253,30.72708836654214,24.877962138508366
28,background,1,99,78.81417184878953,19.236363636363638,20.01263362261008,18.460093650117198
28,background,2,100,76.04287225672523,16.1845,16.92972014811591,15.439279851884093
28,background,3,99,71.2949396595062,13.952525252525252,14.65473553439064,13.250314970659863
28,background,4,99,68.54660343230191,12.12020202020202,12.795342920061016,11.445061120343025
28,background,5,99,64.32246067563354,10.412121212121212,11.045656964546659,9.778585459695766
28,background,6,98,57.55025264016979,8.80408163265306,9.373800067265144,8.234363198040977
28,background,7,98,55.185667475684674,8.033673469387756,8.579983705136831,7.48736323363868
28,background,8,98,51.454732276868484,7.086734693877551,7.596110555517119,6.577358832237983
28,background,9,99,43.847973007222414,6.176262626262626,6.608137562010919,5.744387690514333
28,background,10,98,42.10366279853371,5.713775510204082,6.130580506890971,5.296970513517192
28,deviant,1,98,77.10106149859756,19.287755102040816,20.051016669953565,18.524493534128066
28,deviant,2,99,116.76909288262705,21.97979797979798,23.129900049003425,20.829695910592534
28,deviant,3,100,129.88540495780362,21.5535,22.826376968586477,20.280623031413523
28,deviant,4,99,137.73642831223162,21.40858585858586,22.765202984712676,20.05196873245904
28,deviant,5,100,131.72798927295116,19.431,20.721934294874924,18.140065705125078
28,deviant,6,99,138.18683005265007,19.48080808080808,20.841861380590455,18.11975478102571
28,deviant,7,100,135.5759061035163,18.224,19.55264387981446,16.89535612018554
28,deviant,8,100,146.1534881734376,19.547,20.97930418409969,18.114695815900312
28,deviant,9,100,153.9636662538139,18.723,20.231843929287376,17.214156070712622
28,deviant,10,99,149.34170461342038,18.645959595959596,20.11688138917083,17.175037802748363
29,background,1,100,75.73826120611905,18.938,19.680234959819966,18.19576504018003
29,background,2,99,75.19660196690022,14.974242424242425,15.714881624088578,14.233603224396271
29,background,3,99,66.43883217706818,11.494444444444445,12.148825124092664,10.840063764796227
29,background,4,100,56.413254321638746,8.5765,9.129349892352058,8.02365010764794
29,background,5,100,51.65439299604121,7.0945,7.600713051361204,6.588286948638796
29,background,6,99,39.27859333958947,5.754040404040404,6.140909826077869,5.367170982002938
29,background,7,100,34.3637278168956,5.0055,5.342264532605577,4.668735467394423
29,background,8,100,29.028117041023663,4.369,4.6534755470020315,4.084524452997968
29,background,9,100,28.348349993754862,4.1645,4.442313829938798,3.8866861700612025
29,background,10,100,24.527213672292984,3.769,4.009366693988471,3.5286333060115287
29,deviant,1,100,78.40077537210566,18.9985,19.766827598646636,18.230172401353364
29,deviant,2,99,118.76360863851394,21.081818181818182,22.251564975850034,19.91207138778633
29,deviant,3,99,129.54048341003386,19.681818181818183,20.9577104092718,18.405925954364566
29,deviant,4,99,131.0380619675464,18.288888888888888,19.579531322542397,16.99824645523538
29,deviant,5,100,145.13798334869585,19.0835,20.50585223681722,17.661147763182782
29,deviant,6,100,147.10715750592726,17.709,19.15065014355809,16.26734985644191
29,deviant,7,100,152.79344502335584,17.383,18.880375761228887,15.885624238771111
29,deviant,8,100,146.1146269561207,16.708,18.139923344169983,15.276076655830016
29,deviant,9,100,147.6820197159032,15.535,16.982283793215853,14.08771620678415
29,deviant,10,99,150.44230403083193,16.142929292929292,17.624691297673245,14.66116728818534
30,background,1,100,160.22821717458936,35.9745,37.54473652831098,34.40426347168902
30,background,2,100,163.43675744522872,32.923,34.52468022296324,31.32131977703676
30,background,3,99,159.22399812511733,30.514646464646464,32.08290262892901,28.946390300363916
30,background,4,99,156.3546323350593,28.028787878787877,29.568782596047193,26.488793161528562
30,background,5,100,152.1883009543389,25.359,26.850445349352523,23.86755465064748
30,background,6,100,143.90884358912032,23.0425,24.45280666717338,21.63219333282662
30,background,7,100,150.96760719125356,21.6165,23.095982550474282,20.137017449525715
30,background,8,100,138.55934506652068,20.2125,21.5703815816519,18.854618418348096
30,background,9,100,136.27212519537207,18.3885,19.723966826914648,17.053033173085353
30,background,10,100,129.02625191878795,16.803,18.067457268804123,15.538542731195879
30,deviant,1,100,158.7818347690679,36.5755,38.13156198073686,35.019438019263134
30,deviant,2,100,201.89837855504905,39.9715,41.95010410983948,37.99289589016052
30,deviant,3,100,235.8232779456952,41.5515,43.86256812386781,39.240431876132185
30,deviant,4,100,244.20135134761236,42.143,44.536173243206605,39.7498267567934
30,deviant,5,99,273.5087124562465,42.64343434343434,45.337323011883925,39.94954567498476
30,deviant,6,100,272.03251063449244,40.2755,42.94141860421803,37.60958139578197
30,deviant,7,100,280.30318172330925,40.476,43.22297118088843,37.72902881911157
30,deviant,8,99,288.3884715558439,40.3010101010101,43.1414550311147,37.4605651709055
30,deviant,9,100,310.27398757939903,39.944,42.98468507827811,36.90331492172189
30,deviant,10,99,297.1611914167301,37.32525252525252,40.25210322434521,34.398401826159834
31,background,1,99,157.97311563414166,35.342424242424244,36.8983600014892,33.786488483359285
31,background,2,98,154.52436360447638,31.27857142857143,32.808284583657084,29.748858273485773
31,background,3,100,149.47081214809307,26.8595,28.324313959051313,25.394686040948688
31,background,4,100,146.29564514869773,23.236,24.66969732245724,21.802302677542762
31,background,5,100,137.67974853948107,20.0215,21.370761535686913,18.672238464313086
31,background,6,100,132.21509588147404,17.449,18.74470793963845,16.153292060361554
31,background,7,98,110.14691146493013,14.641836734693877,15.732235527024367,13.551437942363387
31,background,8,99,108.3171391404839,13.183333333333334,14.250188977926758,12.11647768873991
31,background,9,100,99.56617741085836,11.6925,12.668248538626413,10.716751461373589
31,background,10,100,87.47378554684103,10.087,10.944243098359042,9.229756901640958
31,deviant,1,97,157.00835545986246,36.628350515463914,38.19064526524297,35.06605576568486
31,deviant,2,100,225.05411629907573,40.0935,42.29903033973094,37.88796966026906
31,deviant,3,98,261.7483021610847,40.6234693877551,43.21464537966546,38.03229339584474
31,deviant,4,100,275.2742412481357,40.8485,43.54618756423173,38.15081243576827
31,deviant,5,99,279.98330307359396,40.68333333333333,43.440992644188725,37.925674022477935
31,deviant,6,100,292.35166729201507,38.8645,41.72954633946175,35.99945366053825
31,deviant,7,100,297.1213335358222,37.6715,40.58328906865106,34.75971093134894
31,deviant,8,100,322.4905220965498,38.443,41.60340711654619,35.28259288345381
31,deviant,9,100,318.3618720559159,36.0235,39.143446346147975,32.90355365385202
31,deviant,10,99,314.806461011741,35.88838383838384,38.98902933687014,32.78773833989754
32,background,1,100,77.72265130781238,19.179,19.94068198281656,18.417318017183437
32,background,2,100,76.92487791413949,16.275,17.028863803558565,15.521136196441432
32,background,3,100,73.80149406560676,14.2655,14.988754641842945,13.542245358157054
32,background,4,99,70.66255987735694,12.056060606060607,12.752042345098275,11.360078867022938
32,background,5,99,68.89830415757322,10.782323232323233,11.460928162962034,10.103718301684431
32,background,6,97,62.97689634845632,9.258762886597939,9.88540771855228,8.632118054643598
32,background,7,100,56.728485372267606,7.991,8.546939156648222,7.435060843351777
32,background,8,100,53.81386047244119,7.22,7.747375832629923,6.692624167370076
32,background,9,99,49.597644256451076,6.463636363636364,6.952141942286334,5.975130784986393
32,background,10,100,46.835181333334404,6.1065,6.565484777066676,5.647515222933323
32,deviant,1,100,78.40638064797909,19.3285,20.096882530350193,18.560117469649803
32,deviant,2,100,114.52354389060426,21.911,23.033330730127922,20.78866926987208
32,deviant,3,100,127.37030555369685,20.367,21.61522899442623,19.118771005573773
32,deviant,4,100,134.2794219450424,20.742,22.057938335061415,19.426061664938587
32,deviant,5,100,145.13631523502312,22.1735,23.595835889303228,20.751164110696774
32,deviant,6,100,147.58429348752028,20.5935,22.039826076177697,19.1471739238223
32,deviant,7,98,134.87403479972673,18.398979591836735,19.734164416417016,17.063794767256454
32,deviant,8,99,140.7701373834215,18.657575757575756,20.044073008605572,17.27107850654594
32,deviant,9,100,151.37862951448665,18.056,19.53951056924197,16.572489430758033
32,deviant,10,98,148.29772685201104,18.256122448979593,19.724195045062096,16.78804985289709
33,background,1,99,75.56112896540334,19.10909090909091,19.853320470435214,18.364861347746604
33,background,2,99,73.66228057118086,15.052525252525253,15.778052352341506,14.326998152709
33,background,3,100,66.99882167070669,11.436,12.092588452372926,10.779411547627074
33,background,4,100,60.01767283585377,8.922,9.510173193791367,8.333826806208634
33,background,5,99,48.32238230446578,7.122222222222222,7.5981672733083485,6.646277171136095
33,background,6,100,41.69970970490902,5.9415,6.350157155108108,5.532842844891891
33,background,7,99,38.66148634385115,5.205050505050505,5.585841811593546,4.824259198507464
33,background,8,100,30.210968729568197,4.4685,4.764567493549768,4.172432506450232
33,background,9,98,28.561383572560832,4.239795918367347,4.522539190426536,3.9570526463081572
33,background,10,100,28.255553715853342,3.9435000000000002,4.220404426415363,3.6665955735846376
33,deviant,1,99,80.28121626015967,19.716161616161617,20.506881066486958,18.925442165836277
33,deviant,2,100,126.23155415013277,21.822,23.0590692306713,20.584930769328697
33,deviant,3,100,136.96233635181378,21.4915,22.833730896247772,20.149269103752225
33,deviant,4,99,140.67894579315583,20.12272727272727,21.50832634398991,18.737128201464632
33,deviant,5,100,147.57514588917243,19.642500000000002,21.08873642971389,18.196263570286114
33,deviant,6,100,141.9307373704735,18.2235,19.614421226230643,16.83257877376936
33,deviant,7,99,145.228141755979,17.432828282828282,18.86323407101321,16.002422494643355
33,deviant,8,100,146.4350583562197,16.632,18.067063571890955,15.196936428109048
33,deviant,9,99,155.93182552168852,16.604545454545455,18.1403757908121,15.06871511827881
33,deviant,10,100,134.63189580638408,13.311,14.630392578902564,11.991607421097436
34,background,1,98,156.72250871155077,36.08112244897959,37.63259613042267,34.529648767536514
34,background,2,100,155.789762179676,33.7875,35.31423966936082,32.26076033063918
34,background,3,100,157.47113352845608,31.388,32.93121710857887,29.844782891421133
34,background,4,99,159.52204104432516,28.656060606060606,30.22725230550602,27.084868906615192
34,background,5,100,154.57559894586754,25.938,27.4528408696695,24.423159130330497
34,background,6,99,145.24736613247435,24.003535353535355,25.434130489728737,22.572940217341973
34,background,7,100,145.72528227708753,22.208,23.636107766315455,20.779892233684542
34,background,8,100,139.4515950730613,20.156,21.522625631716,18.789374368283998
34,background,9,100,139.45504840741978,18.727,20.093659474392716,17.360340525607285
34,background,10,99,131.45550578047312,17.174242424242426,18.46899641670976,15.879488431775092
34,deviant,1,100,160.88055392613163,36.532,38.108629428476085,34.95537057152391
34,deviant,2,98,206.55096223450525,39.47857142857143,41.523321633364176,37.43382122377868
34,deviant,3,100,232.75021058275283,41.4805,43.761452063710976,39.19954793628902
34,deviant,4,97,254.795883218829,42.6659793814433,45.2012984060404,40.1306603568462
34,deviant,5,99,274.86048135467985,41.95050505050505,44.65770779178672,39.24330230922338
34,deviant,6,100,281.2957237686458,42.72,45.47669809293273,39.96330190706727
34,deviant,7,100,299.3880249336707,41.142,44.07600264434998,38.20799735565003
34,deviant,8,99,288.1896214209263,40.647474747474746,43.48596112890876,37.80898836604073
34,deviant,9,100,278.54992465681227,37.5555,40.28528926163676,34.82571073836324
34,deviant,10,100,310.96612609566876,40.144,43.19146803573755,37.09653196426245
35,background,1,99,157.64414456550384,36.03686868686869,37.589564287965395,34.48417308577198
35,background,2,100,163.53777126883853,31.6615,33.26417015843462,30.058829841565384
35,background,3,100,154.49596315625516,27.2835,28.7975604389313,25.7694395610687
35,background,4,99,147.4725933503364,23.10050505050505,24.553017274213087,21.64799282679701
35,background,5,99,137.2103456280481,20.112121212121213,21.463556754930767,18.76068566931166
35,background,6,99,125.48673656060858,17.34949494949495,18.585460321952397,16.113529577037504
35,background,7,99,118.12779654166697,15.274242424242424,16.437726869307117,14.11075797917773
35,background,8,100,114.73085208893303,13.488,14.612362350471543,12.363637649528457
35,background,9,100,100.05338048945886,11.501,12.481523128796697,10.520476871203302
35,background,10,100,93.32072596554765,10.656,11.570543114462367,9.741456885537634
35,deviant,1,100,157.12700193423822,35.788,37.32784461895553,34.24815538104446
35,deviant,2,99,227.0609238902519,42.233333333333334,44.469740519131825,39.99692614753484
35,deviant,3,100,279.1963702448417,43.8915,46.62762442839945,41.15537557160055
35,deviant,4,100,293.3196702360216,42.2265,45.10103276831301,39.35196723168699
35,deviant,5,100,296.7402151093746,41.9435,44.85155410807187,39.03544589192813
35,deviant,6,100,297.39447044730264,38.9845,41.898965810383565,36.07003418961643
35,deviant,7,100,307.6494801418961,36.978500000000004,39.99346490539059,33.96353509460942
35,deviant,8,100,317.39024211445707,37.5805,40.69092437272168,34.47007562727832
35,deviant,9,100,317.56029680245473,35.797,38.909090908664055,32.68490909133594
35,deviant,10,99,304.51277304469255,32.3520202020202,35.35127935298595,29.35276105105445
36,background,1,99,152.87111014115607,20.75808080808081,22.263765024295484,19.252396591866134
36,background,2,99,150.66465900696227,19.203535353535354,20.687487414841645,17.719583292229064
36,background,3,100,141.1854789760059,16.9375,18.321117693964858,15.553882306035142
36,background,4,100,138.6285646876877,15.314,16.67255993393934,13.95544006606066
36,background,5,98,138.39735888870285,15.423979591836735,16.794043545395876,14.053915638277594
36,background,6,100,131.51501815382147,14.194,15.482847177907452,12.90515282209255
36,background,7,100,120.00999958336806,12.31,13.486097995917007,11.133902004082994
36,background,8,99,114.75190630224841,11.351515151515152,12.481749202542199,10.221281100488104
36,background,9,98,112.46370174650272,10.75204081632653,11.865374662318638,9.638706970334423
36,background,10,100,109.95523012380515,10.275,11.35256125521329,9.19743874478671
36,deviant,1,99,149.69684277513036,20.882323232323234,22.356742912899637,19.40790355174683
36,deviant,2,100,162.38084700383916,20.2845,21.875832300637626,18.693167699362377
36,deviant,3,100,148.3514851893797,19.441,20.89484455485592,17.98715544514408
36,deviant,4,99,164.5981949763535,19.857070707070708,21.47825932776222,18.235882086379195
36,deviant,5,100,149.894761328354,18.4345,19.903468661017868,16.96553133898213
36,deviant,6,100,147.63118163001232,16.6465,18.093285579974122,15.19971442002588
36,deviant,7,99,149.5483815393956,16.868181818181817,18.34113924902929,15.395224387334347
36,deviant,8,100,161.23953250399006,18.0775,19.657647418539103,16.4973525814609
36,deviant,9,100,149.74306064230927,16.291,17.75848199429463,14.82351800570537
36,deviant,10,100,146.29382834052268,15.479,16.91267951773712,14.045320482262877
37,background,1,100,152.82369442906216,21.0445,22.542172205404807,19.546827794595192
37,background,2,99,145.49534266375025,18.52929292929293,19.962330478240354,17.096255380345504
37,background,3,100,136.29283488909192,15.155000000000001,16.490669781913102,13.8193302180869
37,background,4,100,135.34948914024875,14.189,15.515424993574438,12.862575006425562
37,background,5,100,116.42515101761165,11.717,12.857966479972594,10.576033520027407
37,background,6,99,113.79952363233936,11.206060606060605,12.326914287228663,10.085206924892548
37,background,7,100,104.61226656463128,9.591,10.616200212333386,8.565799787666613
37,background,8,100,102.87919589192182,8.7695,9.777716119740834,7.761283880259167
37,background,9,100,91.38654167873956,7.838,8.733588108451649,6.942411891548352
37,background,10,100,86.6440236952628,7.1754999999999995,8.024611432213575,6.326388567786424
37,deviant,1,100,154.68399025789728,20.808,22.323903104527393,19.292096895472607
37,deviant,2,99,149.48636621515195,19.915151515151514,21.38749813408828,18.44280489621475
37,deviant,3,99,155.76372120010893,19.387878787878787,20.922053402384492,17.85370417337308
37,deviant,4,99,151.3171729913868,17.496464646464645,18.98684355981839,16.0060857331109
37,deviant,5,100,151.74106233976354,16.7535,18.24056241092968,15.266437589070316
37,deviant,6,99,142.95322201409283,15.678282828282828,17.086282088868455,14.2702835676972
37,deviant,7,100,140.17323868023192,14.801,16.17469773906627,13.427302260933727
37,deviant,8,100,150.64830077473755,14.596,16.07235334759243,13.119646652407573
37,deviant,9,100,148.14766815224388,15.215,16.66684714789199,13.76315285210801
37,deviant,10,100,141.6297898339931,13.0095,14.397471940373132,11.621528059626867
38,background,1,100,302.02464608390034,39.2885,42.24834153162222,36.328658468377775
38,background,2,100,301.1044319623483,38.737,41.68782343323102,35.78617656676899
38,background,3,99,287.2212515960841,34.763636363636365,37.592584911797786,31.934687815474945
38,background,4,99,279.1593583751422,34.72929292929293,37.47883690346799,31.97974895511787
38,background,5,100,277.2648078718439,30.820999999999998,33.53819511714407,28.10380488285593
38,background,6,100,285.1816088039339,31.6285,34.423279766278554,28.833720233721447
38,background,7,100,266.79497351849955,29.816,32.43059074048129,27.201409259518705
38,background,8,100,262.60414976478233,27.9385,30.51202066769487,25.364979332305133
38,background,9,100,253.66137809458124,25.648,28.133881505326897,23.162118494673102
38,background,10,100,247.8123547321536,24.944,27.372561076375106,22.51543892362489
38,deviant,1,100,304.9646787140404,39.0075,41.996153851397594,36.01884614860241
38,deviant,2,99,291.5922576764378,39.07727272727273,41.94927293416868,36.205272520376774
38,deviant,3,100,305.043202289705,39.5675,42.55692338243911,36.578076617560896
38,deviant,4,100,300.2074589697142,37.6815,40.6235330979032,34.7394669020968
38,deviant,5,99,318.45430143941087,38.14141414141414,41.277988572124066,35.00483971070421
38,deviant,6,99,308.41223694065195,37.62878787878788,40.666454294765465,34.5911214628103
38,deviant,7,100,311.5841104657567,36.573,39.62652428256442,33.51947571743558
38,deviant,8,99,306.36949655775567,33.96363636363636,36.98118307256458,30.946089654708143
38,deviant,9,99,321.8856899093544,34.970202020202024,38.1405734675891,31.799830572814948
38,deviant,10,99,295.30215123888917,32.175252525252525,35.083792848692816,29.266712201812233
39,background,1,99,298.08219459880877,39.22929292929293,42.16521493004006,36.293370928545805
39,background,2,100,294.7321219076918,37.1105,39.99887479469538,34.22212520530462
39,background,3,98,270.7481010284769,32.42397959183673,35.104249047065366,29.7437101366081
39,background,4,99,275.2661104802903,30.906060606060606,33.61725853892232,28.19486267319889
39,background,5,100,275.1134120207232,29.55,32.24611143780309,26.853888562196914
39,background,6,100,250.89901512256617,25.044,27.502810348201148,22.585189651798853
39,background,7,99,253.24853093562587,24.29141414141414,26.785752773855776,21.797075508972505
39,background,8,100,243.15868762686858,21.854,24.236955138743312,19.471044861256686
39,background,9,100,228.56846837838788,21.5465,23.786470990108203,19.3065290098918
39,background,10,100,219.87911750730095,18.617,20.77181535157155,16.46218464842845
39,deviant,1,100,283.6004927246852,37.9205,40.69978482870191,35.141215171298086
39,deviant,2,100,311.1187537699526,41.413000000000004,44.46196378694554,38.36403621305447
39,deviant,3,100,317.41440619977834,39.843,42.953661180757834,36.73233881924217
39,deviant,4,98,303.96887825461414,36.39693877551021,39.40607714667929,33.38780040434113
39,deviant,5,99,308.4225698274161,34.821717171717175,37.85948536012576,31.78394898330859
39,deviant,6,100,314.65307127558424,35.1045,38.188100098500726,32.02089990149928
39,deviant,7,100,305.32430127221846,33.1535,36.145678152467745,30.16132184753226
39,deviant,8,100,319.76508235693404,33.3025,36.436197807097955,30.16880219290205
39,deviant,9,100,287.7535723862566,28.738500000000002,31.558485009385315,25.91851499061469
39,deviant,10,100,312.698185577016,31.3945,34.458942218654755,28.330057781345243
40,background,1,100,84.48402215803885,19.8925,20.72044341714878,19.064556582851218
40,background,2,99,81.02051397152776,16.916666666666668,17.71466773412727,16.118665599206064
40,background,3,99,77.35041591423578,14.867171717171717,15.629024628766098,14.105318805577335
40,background,4,100,76.12771471263552,12.6615,13.407551604183828,11.915448395816172
40,background,5,100,70.27914267218151,10.829,11.517735598187379,10.140264401812622
40,background,6,100,65.40873513208268,9.3845,10.025505604294409,8.74349439570559
40,background,7,100,64.82983799715099,8.8025,9.43783241237208,8.16716758762792
40,background,8,100,58.513561181193396,7.514,8.087432899575695,6.940567100424305
40,background,9,100,55.17715488363489,6.7425,7.283236117859621,6.201763882140378
40,background,10,98,51.40760746487973,6.131632653061224,6.640542002863121,5.622723303259328
40,deviant,1,99,82.16941741240922,20.51969696969697,21.32901401291841,19.71037992647553
40,deviant,2,100,115.1008825243957,21.9965,23.124488648739078,20.868511351260924
40,deviant,3,99,129.30237918599136,22.134343434343435,23.407890485055525,20.860796383631346
40,deviant,4,99,130.975047844598,21.325252525252527,22.61527430945674,20.035230741048313
40,deviant,5,100,142.0511768416765,21.781,23.173101533048428,20.38889846695157
40,deviant,6,100,145.12581655783697,21.0705,22.492733002266803,19.648266997733195
40,deviant,7,99,147.84347163558883,21.155050505050504,22.611215646433603,19.698885363667404
40,deviant,8,100,146.44423224522959,20.0285,21.463653476003252,18.59334652399675
40,deviant,9,100,154.50939334415548,19.291,20.805192054772725,17.776807945227276
40,deviant,10,99,147.41596178661823,18.486363636363638,19.938318074813548,17.034409197913728
41,background,1,100,80.5298898415659,20.011,20.800192920447344,19.221807079552654
41,background,2,100,76.89531503078851,15.186,15.939574087301727,14.432425912698273
41,background,3,99,73.65107995778045,11.90050505050505,12.625921831329093,11.175088269681007
41,background,4,99,63.483130788713005,9.486363636363636,10.111632517685925,8.861094755041348
41,background,5,100,55.26310275686471,7.707,8.248578407017273,7.165421592982725
41,background,6,100,54.40609969673002,6.6995000000000005,7.232679777027955,6.166320222972046
41,background,7,100,41.02816747450207,5.342,5.7440760412501195,4.93992395874988
41,background,8,99,39.551665079062296,4.861111111111111,5.250670117908174,4.471552104314047
41,background,9,100,38.79263359263756,4.62,5.0001678092078485,4.239832190792152
41,background,10,100,33.86847626053653,4.163,4.494911067353258,3.8310889326467423
41,deviant,1,100,81.20698051405758,19.633,20.428828409037763,18.837171590962235
41,deviant,2,100,127.36186531627946,21.9255,23.17364628009954,20.67735371990046
41,deviant,3,99,134.98406338683486,21.763131313131314,23.092639377110245,20.433623249152383
41,deviant,4,100,142.3389024753765,20.81,22.20492124425869,19.41507875574131
41,deviant,5,100,148.2567119275851,20.373,21.825915776890334,18.92008422310967
41,deviant,6,100,143.08367077380026,17.937,19.339219973583244,16.534780026416758
41,deviant,7,100,154.71121654978927,19.0345,20.550669922187936,17.518330077812067
41,deviant,8,100,155.60562498288996,18.505,20.02993512483232,16.980064875167677
41,deviant,9,100,143.6499491637113,15.509500000000001,16.917269501804373,14.10173049819563
41,deviant,10,100,146.0017844159159,16.379,17.80981748727598,14.948182512724026
42,background,1,100,158.94221889532187,37.8695,39.42713374517416,36.311866254825844
42,background,2,100,160.8648746455759,34.1155,35.69197577152664,32.53902422847335
42,background,3,100,165.4960247574736,31.2395,32.861361042623244,29.61763895737676
42,background,4,99,162.7901377460208,29.73989898989899,31.343279384881857,28.136518594916122
42,background,5,100,162.91268245677853,27.293,28.88954428807643,25.69645571192357
42,background,6,99,154.62822987308692,24.46060606060606,25.983596800230718,22.937615320981404
42,background,7,100,149.55978385705302,22.1255,23.59118588179912,20.659814118200877
42,background,8,99,146.36004631693288,20.522222222222222,21.963776557899973,19.08066788654447
42,background,9,100,139.0271745492869,18.4235,19.785966310583014,17.061033689416988
42,background,10,100,143.6203144991756,17.883,19.29047908209192,16.475520917908078
42,deviant,1,100,165.01492755441694,37.522,39.13914629003328,35.904853709966716
42,deviant,2,100,210.51868275636173,41.281,43.344083091012344,39.217916908987654
42,deviant,3,100,236.38363666762243,43.2325,45.5490596393427,40.9159403606573
42,deviant,4,100,255.2520580874809,43.6865,46.18797016925731,41.18502983074269
42,deviant,5,100,271.373611174899,42.526,45.18546138951401,39.866538610485996
42,deviant,6,99,266.4203248134125,41.58585858585859,44.20993109753158,38.961786074185596
42,deviant,7,98,303.83772504067815,44.45,47.4578400205918,41.4421599794082
42,deviant,8,100,308.2346764876945,43.13,46.15069982957941,40.109300170420596
42,deviant,9,100,298.7544978740906,41.8455,44.77329407916609,38.91770592083391
42,deviant,10,99,291.6961874784682,39.744949494949495,42.617973344980946,36.87192564491804
43,background,1,100,162.1824265254538,36.8845,38.47388777994945,35.295112220050555
43,background,2,100,161.64250678580805,32.274,33.85809656650092,30.689903433499083
43,background,3,99,161.86321385663885,27.41111111111111,29.005361889199158,25.816860333023065
43,background,4,100,155.13672238248085,23.7345,25.254839879348314,22.214160120651687
43,background,5,100,145.99058188801084,20.5895,22.020207702502507,19.158792297497495
43,background,6,100,141.36483222312995,17.941,19.326375355786674,16.555624644213324
43,background,7,98,131.6253455036201,16.559183673469388,17.862208114812237,15.256159232126539
43,background,8,100,121.85082553766523,13.804499999999999,14.998638090269118,12.61036190973088
43,background,9,100,109.22479234660001,12.5025,13.572902964996679,11.43209703500332
43,background,10,100,102.44059896246937,10.9875,11.991417869832201,9.9835821301678
43,deviant,1,97,160.6615763188671,36.728865979381446,38.327511710298346,35.130220248464546
43,deviant,2,100,234.68904398889404,42.168,44.46795263109116,39.86804736890884
43,deviant,3,100,265.2969636979821,42.679,45.27891024424023,40.079089755759775
43,deviant,4,100,278.8038595594817,41.5985,44.33077782368292,38.86622217631708
43,deviant,5,99,282.0009471801935,39.387373737373736,42.164905572752836,36.609841901994635
43,deviant,6,100,309.27656674381603,40.325,43.3559103540894,37.2940896459106
43,deviant,7,98,313.96523441466036,40.70510204081633,43.81319928917635,37.5970047924563
43,deviant,8,99,300.9409541666552,37.044444444444444,40.00852342760169,34.0803654612872
43,deviant,9,100,323.4703598232928,38.174,41.344009526268266,35.00399047373173
43,deviant,10,99,314.5248797790089,36.680808080808085,39.77868018138215,33.58293598023402
44,background,1,100,82.75650713801427,19.5975,20.40851376995254,18.786486230047462
44,background,2,100,80.59770141687797,16.843,17.632857473885405,16.053142526114595
44,background,3,100,76.47350762467386,14.5085,15.257940374721803,13.759059625278196
44,background,4,99,73.75444678833018,12.828787878787878,13.55522275783267,12.102352999743086
44,background,5,100,73.159235125926,11.078,11.794960504234075,10.361039495765924
44,background,6,100,66.49713092346641,9.651,10.302671883049971,8.999328116950029
44,background,7,100,64.69446409245946,8.54,9.174005748106103,7.905994251893897
44,background,8,99,58.62642659020626,7.658585858585859,8.23601926041328,7.081152456758439
44,background,9,100,60.079180210259565,7.2485,7.8372759660605436,6.659724033939456
44,background,10,99,52.66722740096789,6.1171717171717175,6.635910757767441,5.598432676575994
44,deviant,1,99,81.44253705592222,19.979292929292928,20.781450658509073,19.177135200076783
44,deviant,2,100,123.43833960407329,22.5735,23.783195728119917,21.36380427188008
44,deviant,3,100,133.97720740955592,22.9255,24.238476632613647,21.612523367386352
44,deviant,4,100,142.03530880512926,22.7255,24.117446026290267,21.333553973709733
44,deviant,5,99,137.86276547807665,20.483838383838382,21.84169985153084,19.125976916145923
44,deviant,6,100,143.06449594501075,20.7105,22.112532060261106,19.308467939738893
44,deviant,7,99,143.6147899581963,20.41262626262626,21.827141551063526,18.998110974188997
44,deviant,8,100,150.79446625334626,20.3695,21.84728576928279,18.891714230717206
44,deviant,9,100,142.84020331899043,18.5595,19.959333992526105,17.159666007473895
44,deviant,10,100,147.85392862729864,18.879,20.327968500547527,17.430031499452475
45,background,1,99,80.11209252304583,19.76969696969697,20.558750657659985,18.980643281733954
45,background,2,99,77.62131421879322,15.45050505050505,16.215026139893098,14.685983961117003
45,background,3,100,72.41239716483562,12.1275,12.83714149221539,11.41785850778461
45,background,4,100,65.55419614013238,9.609,10.251431122173297,8.966568877826703
45,background,5,100,58.27360601417022,7.7725,8.343581338938868,7.2014186610611315
45,background,6,99,49.13836533064995,6.5212121212121215,7.005194091517911,6.037230150906332
45,background,7,99,45.6174020349806,5.557575757575758,6.00687845555033,5.108273059601185
45,background,8,100,40.310113658459144,4.967,5.362039113852899,4.5719608861471
45,background,9,99,34.92947782393306,4.466666666666667,4.810700038253713,4.122633295079621
45,background,10,100,34.1764769826758,4.114,4.448929474430223,3.779070525569777
45,deviant,1,100,79.75435972244303,19.826,20.607592725279943,19.044407274720058
45,deviant,2,100,125.57159836439716,21.932,23.162601663971092,20.701398336028905
45,deviant,3,100,135.26082017230345,20.863,22.188556037688574,19.537443962311425
45,deviant,4,100,151.2226399786264,21.6065,23.08848187179054,20.124518128209463
45,deviant,5,100,146.2453328090201,20.5805,22.013704261528396,19.147295738471605
45,deviant,6,100,147.73155775897962,19.2665,20.714269266038002,17.818730733962
45,deviant,7,100,149.29835899968896,18.579,20.042123918196953,17.115876081803048
45,deviant,8,100,159.437943710827,17.845,19.407491848366103,16.282508151633895
45,deviant,9,100,151.17502926635805,17.397000000000002,18.878515286810313,15.915484713189693
45,deviant,10,99,150.16957958114864,16.58131313131313,18.060388971883324,15.102237290742938
46,background,1,100,164.06979419875265,37.1955,38.80338398314778,35.58761601685222
46,background,2,100,159.73752319285995,34.4155,35.98092772729003,32.85007227270997
46,background,3,100,168.0323747001405,32.034,33.68071727206138,30.387282727938622
46,background,4,100,163.05881244443512,29.3135,30.911476361955465,27.715523638044537
46,background,5,100,159.62238334005005,26.652,28.216299356732492,25.08770064326751
46,background,6,100,162.183846297959,24.932,26.521401693719998,23.34259830628
46,background,7,100,155.66131419476747,22.2145,23.73998087910872,20.68901912089128
46,background,8,100,147.43395488364126,20.7025,22.147352757859686,19.257647242140315
46,background,9,100,147.13218188883224,18.981,20.422895382510557,17.539104617489446
46,background,10,99,143.68506313608611,18.337878787878786,19.75308622288759,16.922671352869983
46,deviant,1,100,159.13591509676314,36.4375,37.99703196794828,34.87796803205172
46,deviant,2,100,218.53236542178854,41.606,43.74761718113353,39.464382818866476
46,deviant,3,100,243.03528550397775,44.0835,46.465245797938984,41.70175420206102
46,deviant,4,99,266.9999408633879,43.98383838383838,46.61361974878723,41.354057018889534
46,deviant,5,100,279.56595587483565,43.2125,45.95224636757339,40.47275363242661
46,deviant,6,99,278.7501569506285,42.76010101010101,45.50561460780027,40.01458741240175
46,deviant,7,100,293.1724793216085,42.5285,45.40159029735177,39.655409702648235
46,deviant,8,100,311.03656072118457,44.585,47.63315829506761,41.53684170493239
46,deviant,9,100,290.5802045273523,40.4645,43.31218600436805,37.61681399563195
46,deviant,10,100,307.26042443024227,40.459,43.47015215941638,37.44784784058363
47,background,1,100,158.50762060378574,36.6995,38.2528746819171,35.1461253180829
47,background,2,100,158.9142519526937,31.5335,33.0908596691364,29.9761403308636
47,background,3,99,161.01155564937434,28.270707070707072,29.856569551496147,26.684844589917997
47,background,4,100,155.25014619876154,24.4005,25.921951432747864,22.879048567252138
47,background,5,99,144.56136923011007,21.39090909090909,22.81474758938781,19.96707059243037
47,background,6,99,129.64872581426766,17.57323232323232,18.850190670238742,16.2962739762259
47,background,7,99,125.4667915803767,15.858585858585858,17.0943547855416,14.622816931630116
47,background,8,99,117.81187054836737,14.148484848484848,15.308857621362664,12.988112075607033
47,background,9,100,114.55307894044944,12.4595,13.582120173616405,11.336879826383596
47,background,10,100,107.76951526778171,11.382,12.43814124962426,10.325858750375739
47,deviant,1,99,160.84214229126056,36.525252525252526,38.10944639109472,34.94105865941033
47,deviant,2,100,246.92071495458654,43.3835,45.80332300655495,40.96367699344505
47,deviant,3,100,267.050335290835,43.9415,46.55859328585018,41.324406714149816
47,deviant,4,99,261.7650764772831,40.93585858585858,43.5140798314827,38.35763734023447
47,deviant,5,98,290.57423637016626,43.50561224489796,46.382150426554226,40.629074063241696
47,deviant,6,98,307.3833411573448,42.56377551020408,45.60671533958999,39.52083568081817
47,deviant,7,100,289.0933285836582,39.316,42.14911462011985,36.48288537988015
47,deviant,8,100,330.45681698935624,41.2795,44.51797680649569,38.04102319350431
47,deviant,9,99,310.48345154647217,36.6,39.65806657620078,33.54193342379922
47,deviant,10,99,325.5532214554174,37.35454545454545,40.56103977927853,34.14805112981237
48,background,1,100,155.0128602474816,21.2735,22.792626030425318,19.75437396957468
48,background,2,100,149.69857433487712,18.779,20.246046028481796,17.311953971518204
48,background,3,99,138.62799519805358,17.217171717171716,18.582570215962356,15.851773218381076
48,background,4,100,136.22057383832333,15.2665,16.60146162361557,13.931538376384433
48,background,5,98,139.27221546309946,14.898469387755101,16.277193979542744,13.519744795967458
48,background,6,100,129.93147991800993,13.434,14.707328503196496,12.160671496803502
48,background,7,100,123.64170434214982,12.4655,13.67718870255307,11.253811297446932
48,background,8,100,114.920624780759,11.1785,12.304722122851437,10.052277877148562
48,background,9,100,116.53812342116338,10.5485,11.690573609527402,9.4064263904726
48,background,10,100,106.31360015984487,10.0465,11.08837328156648,9.00462671843352
48,deviant,1,100,157.83844171877308,20.997,22.543816728843975,19.450183271156025
48,deviant,2,99,158.56332787680896,20.676262626262627,22.238011604432103,19.11451364809315
48,deviant,3,99,159.8337211637539,19.62878787878788,21.203049431234938,18.05452632634082
48,deviant,4,100,150.3606804005832,18.4215,19.895034667925717,16.947965332074286
48,deviant,5,99,149.44843328227404,17.764141414141413,19.236114417564714,16.292168410718112
48,deviant,6,100,161.86227088744957,18.291,19.877250254697007,16.704749745302994
48,deviant,7,100,149.22478628600967,16.947,18.409402905602896,15.484597094397104
48,deviant,8,100,153.41504592376026,16.4575,17.96096745005285,14.954032549947149
48,deviant,9,100,154.77270261155294,16.227,17.74377248559322,14.710227514406782
48,deviant,10,99,142.53417872658883,15.532828282828282,16.936700230782222,14.12895633487434
49,background,1,98,154.04134783266883,20.844897959183672,22.369829502082013,19.319966416285332
49,background,2,99,146.4860780164162,18.771212121212123,20.214007789804114,17.328416452620132
49,background,3,100,138.32431380445624,15.207,16.562578275283673,13.85142172471633
49,background,4,100,128.66574401996255,13.546,14.806924291395632,12.285075708604367
49,background,5,100,118.69796921066866,11.6375,12.800740098264551,10.474259901735447
49,background,6,100,105.98638194548735,10.3935,11.432166543065776,9.354833456934223
49,background,7,100,94.37170349767258,8.9015,9.826342694277193,7.976657305722809
49,background,8,98,98.80013051344459,8.840306122448979,9.818377514203394,7.862234730694563
49,background,9,100,86.0886018496122,7.629,8.4726682981262,6.7853317018738
49,background,10,99,81.3804580189152,6.844444444444444,7.645990734219264,6.042898154669624
49,deviant,1,100,154.04186033946132,20.478,21.987610231326723,18.96838976867328
49,deviant,2,98,155.39526003744533,19.980102040816327,21.51843663073047,18.441767450902184
49,deviant,3,99,153.01632179882677,18.348484848484848,19.855599308129843,16.841370388839852
49,deviant,4,100,149.37669620265757,17.7175,19.181391622786045,16.253608377213958
49,deviant,5,99,146.86102453107083,16.471212121212123,17.917700776978204,15.02472346544604
49,deviant,6,98,141.80560266565078,15.186224489795919,16.590028335367695,13.782420644224143
49,deviant,7,100,143.47719422667106,14.995,16.401076503421375,13.588923496578623
49,deviant,8,100,139.78168127853033,13.5755,14.945360476529597,12.205639523470403
49,deviant,9,99,140.0114656959057,13.646464646464647,15.025489458888329,12.267439834040966
49,deviant,10,100,138.67184854521616,13.3265,14.685484115743117,11.967515884256882
50,background,1,99,291.71829868808993,40.281313131313134,43.15455476284233,37.40807149978394
50,background,2,98,285.8190308937679,36.983163265306125,39.81262731442623,34.15369921618602
50,background,3,100,276.12013975613473,33.753,36.45897736961012,31.04702263038988
50,background,4,99,284.37073652096075,34.525252525252526,37.326125294067985,31.724379756437067
50,background,5,100,279.5157231242712,32.0805,34.819754086617856,29.341245913382142
50,background,6,100,269.60545734754504,29.4135,32.05563348200594,26.771366517994057
50,background,7,100,277.34868325857104,28.5645,31.282517095933994,25.846482904066004
50,background,8,99,254.81379166177922,26.892929292929292,29.402684758332065,24.38317382752652
50,background,9,100,261.27767544168506,27.5365,30.097021219328514,24.975978780671486
50,background,10,100,239.3358573878535,23.472,25.817491402400965,21.126508597599038
50,deviant,1,100,298.8660234954787,40.518,43.446887030255695,37.589112969744306
50,deviant,2,100,310.20168312007326,40.179,43.21897649457672,37.13902350542328
50,deviant,3,100,305.6594338044946,39.289,42.28446245128405,36.29353754871595
50,deviant,4,100,316.64212739637986,39.515,42.61809284848452,36.41190715151548
50,deviant,5,100,310.8167043197816,38.0755,41.121503702333854,35.02949629766614
50,deviant,6,100,308.53290364494177,36.836,39.85962245572043,33.81237754427957
50,deviant,7,100,303.88343939221517,36.0145,38.992557706043705,33.03644229395629
50,deviant,8,100,312.43942570815557,35.184,38.245906371939924,32.12209362806007
50,deviant,9,100,303.40708280252267,33.909,36.88238941146472,30.935610588535276
50,deviant,10,98,310.30713986731206,34.505102040816325,37.57698600072723,31.433218080905423
51,background,1,100,296.610678730288,39.634,42.54078465155682,36.72721534844318
51,background,2,100,291.14980318512465,35.0525,37.905768071214226,32.19923192878578
51,background,3,100,278.44592218049695,33.578,36.30677003736887,30.84922996263113
51,background,4,100,275.17044478688206,30.94,33.636670358911445,28.243329641088557
51,background,5,100,261.8429420774779,27.665,30.231060832359283,25.098939167640715
51,background,6,99,255.6762704342308,26.456060606060607,28.974310944518866,23.937810267602348
51,background,7,100,233.26171206563126,22.962,25.247964778243187,20.676035221756813
51,background,8,100,233.48592316409454,22.3415,24.629662047008125,20.053337952991875
51,background,9,100,229.00736600426308,20.71,22.954272186841777,18.465727813158225
51,background,10,99,225.74609631176355,19.7989898989899,22.02244686070651,17.575532937273287
51,deviant,1,100,309.9541222418842,39.637,42.674550397970464,36.59944960202954
51,deviant,2,99,299.53851786408126,38.94292929292929,41.89319516121426,35.99266342464433
51,deviant,3,100,305.63205432607845,38.086,41.08119413239557,35.09080586760443
51,deviant,4,99,322.4165293855956,37.71969696969697,40.8952968518091,34.54409708758484
51,deviant,5,99,332.57359692017206,36.51767676767677,39.79331737203994,33.2420361633136
51,deviant,6,98,304.6257539998876,34.329081632653065,37.344722741936465,31.313440523369668
51,deviant,7,100,324.9113401335331,33.204,36.388131133308626,30.019868866691375
51,deviant,8,100,318.01642625565904,32.793,35.90956097730546,29.67643902269454
51,deviant,9,98,302.26329146692797,31.184183673469388,34.17643759686982,28.191929750068958
51,deviant,10,100,291.4660628434701,28.9145,31.770867415866007,26.058132584133993
52,background,1,100,79.95715958199776,19.346,20.12958016390358,18.56241983609642
52,background,2,99,78.31913458475688,16.612626262626264,17.384020443403614,15.841232081848913
52,background,3,100,77.13743715295651,14.659,15.414946884098974,13.903053115901027
52,background,4,99,70.08348405182284,12.25959595959596,12.949874166228499,11.56931775296342
52,background,5,100,67.4932940138656,10.4095,11.070934281335882,9.748065718664117
52,background,6,100,61.86151766988143,9.173,9.779242873164838,8.566757126835162
52,background,7,100,62.24708828531661,8.335,8.945021465196104,7.724978534803898
52,background,8,100,54.81298347923361,7.342,7.879167238096489,6.80483276190351
52,background,9,99,52.79889851323157,6.606565656565657,7.1266015747420015,6.086529738389312
52,background,10,100,47.78394357059592,5.978,6.44628264699184,5.50971735300816
52,deviant,1,100,81.09226389217342,19.2675,20.062204186143298,18.4727958138567
52,deviant,2,100,114.499023208888,21.69,22.812090427447103,20.5679095725529
52,deviant,3,100,128.0747520210879,21.607,22.86213256980666,20.351867430193337
52,deviant,4,100,133.44539588989397,21.418,22.72576487972096,20.11023512027904
52,deviant,5,98,140.57618275474235,21.091836734693878,22.483469944082646,19.70020352530511
52,deviant,6,100,142.19954474721706,20.227,21.620555538522726,18.833444461477274
52,deviant,7,99,152.9952785649214,21.113636363636363,22.62054356067222,19.606729166600505
52,deviant,8,100,146.82167845096274,20.111,21.549852448819436,18.672147551180565
52,deviant,9,100,155.47930138090643,18.7825,20.30619715353288,17.258802846467116
52,deviant,10,99,148.5233456751036,19.13030303030303,20.59316450305552,17.66744155755054
53,background,1,99,81.66900462102788,19.555555555555557,20.359943847746937,18.751167263364177
53,background,2,99,76.75360440704844,15.470707070707071,16.226681764595064,14.714732376819079
53,background,3,100,68.32068346755383,11.747,12.416542697982027,11.077457302017972
53,background,4,99,61.55493908953034,9.276767676767676,9.88304508347704,8.670490270058313
53,background,5,100,51.89752047621299,7.364,7.872595700666887,6.855404299333113
53,background,6,100,45.63516649528774,6.221,6.66822463165382,5.77377536834618
53,background,7,100,37.92329515996037,5.3355,5.707148292567611,4.963851707432388
53,background,8,100,35.141668174764604,4.837,5.1813883481126926,4.492611651887307
53,background,9,100,27.165913238933513,4.0815,4.347725949741548,3.8152740502584517
53,background,10,100,30.839951873810506,4.0905,4.392731528363343,3.788268471636657
53,deviant,1,100,81.31583972064536,19.4545,20.251395229262325,18.657604770737674
53,deviant,2,99,120.57917250547568,22.257575757575758,23.445204712962294,21.06994680218922
53,deviant,3,100,136.7253778468665,21.8055,23.14540870289929,20.46559129710071
53,deviant,4,97,141.25769657652378,20.029896907216497,21.4354664202594,18.624327394173594
53,deviant,5,100,149.4211638641806,20.464,21.92832740586897,18.999672594131027
53,deviant,6,100,146.43541777502935,19.171,20.606067094195286,17.735932905804713
53,deviant,7,98,143.0451805696736,17.191326530612244,18.607401571368428,15.775251489856059
53,deviant,8,99,155.1684907650899,18.04090909090909,19.569221060274117,16.51259712154406
53,deviant,9,100,161.28000332863402,18.2485,19.82904403262061,16.66795596737939
53,deviant,10,100,157.760636475176,17.0045,18.550554237456726,15.458445762543276
54,background,1,99,165.15687120208824,37.01868686868687,38.64537809856521,35.39199563880853
54,background,2,100,158.9800964040203,33.2675,34.825504944759395,31.7094950552406
54,background,3,100,158.842714326899,30.9705,32.52715860040361,29.41384139959639
54,background,4,99,157.52672287917574,29.367676767676766,30.91921583906958,27.816137696283953
54,background,5,100,158.32776629178903,26.2115,27.763112109659534,24.659887890340467
54,background,6,100,144.73561195649484,24.1195,25.53790899717365,22.70109100282635
54,background,7,100,150.15761894194978,22.667,24.13854466563111,21.195455334368894
54,background,8,98,143.72011359803324,20.13826530612245,21.561021842975432,18.715508769269466
54,background,9,100,144.88560823520123,18.9955,20.41537896070497,17.57562103929503
54,background,10,100,129.77878952481532,17.3335,18.60533213734319,16.06166786265681
54,deviant,1,100,155.07467640836109,36.9275,38.44723182880194,35.407768171198065
54,deviant,2,100,199.19752825564348,39.8925,41.84463577690531,37.94036422309469
54,deviant,3,100,235.2958216463066,41.1995,43.505399052133804,38.8936009478662
54,deviant,4,100,258.73557422283676,43.1965,45.7321086273838,40.6608913726162
54,deviant,5,99,251.34698704129485,40.638888888888886,43.114498510822976,38.163279266954795
54,deviant,6,100,275.64076545196895,42.614,45.315279501429295,39.9127204985707
54,deviant,7,100,274.80189993980446,39.949,42.64205861941008,37.25594138058992
54,deviant,8,98,289.4150088858921,41.25408163265306,44.11914404769837,38.38901921760775
54,deviant,9,100,308.58267253602185,39.8615,42.885610190853015,36.837389809146984
54,deviant,10,98,299.84415250171827,39.97142857142857,42.939734240891944,37.00312290196519
55,background,1,100,160.61141402711536,35.866,37.43999185746573,34.29200814253427
55,background,2,99,157.077294080938,31.725757575757576,33.27287005636293,30.178645095152216
55,background,3,100,152.3181400538809,27.629,29.121717772528033,26.13628222747197
55,background,4,99,152.26830544176048,23.887878787878787,25.387625757216,22.388131818541574
55,background,5,98,144.68181968501926,20.772959183673468,22.205236125065078,19.340682242281858
55,background,6,100,131.37245165038055,17.84,19.12745002617373,16.55254997382627
55,background,7,98,124.59330682369402,15.665816326530612,16.899227136567475,14.432405516493748
55,background,8,99,110.9749379008849,13.486868686868688,14.579901976405722,12.393835397331653
55,background,9,100,103.77739333988427,12.177,13.194018454730866,11.159981545269133
55,background,10,97,95.38670601404853,10.708762886597938,11.657898042927641,9.759627730268235
55,deviant,1,100,159.76320470918003,36.3255,37.89117940614996,34.75982059385004
55,deviant,2,100,233.7707153781693,42.85,45.14095301070606,40.55904698929394
55,deviant,3,100,259.84598170940865,42.5375,45.0839906207522,39.9910093792478
55,deviant,4,100,261.66704939071354,39.5755,42.13983708402899,37.011162915971006
55,deviant,5,100,286.98503078512095,40.7245,43.53695330169418,37.912046698305815
55,deviant,6,98,290.26870944731627,40.28214285714286,43.15565647657337,37.40862923771235
55,deviant,7,99,288.26779399133636,36.97373737373737,39.81299370578729,34.13448104168745
55,deviant,8,100,316.00391819689435,39.7985,42.895338398329564,36.70166160167043
55,deviant,9,100,313.56757854693694,35.596000000000004,38.66896226975999,32.52303773024002
55,deviant,10,100,330.002149115809,37.1335,40.36752106133493,33.89947893866507
56,background,1,100,78.0377439043711,19.105,19.869769890262837,18.340230109737163
56,background,2,100,79.91795134616765,17.099,17.882195923192445,16.315804076807556
56,background,3,100,75.76320451178616,14.568,15.310479404215505,13.825520595784495
56,background,4,100,72.02917902891122,12.3465,13.05238595448333,11.64061404551667
56,background,5,100,67.94938131471568,11.0235,11.689403936884213,10.357596063115787
56,background,6,100,65.17747027600065,9.2845,9.923239208704805,8.645760791295194
56,background,7,99,60.521853382411415,8.372727272727273,8.968829435456465,7.776625109998081
56,background,8,99,58.629074878021335,7.615151515151515,8.192611000947053,7.037692029355977
56,background,9,100,53.71863834148403,6.9225,7.448942655746544,6.396057344253457
56,background,10,100,47.21989433546659,6.0415,6.504254964487573,5.578745035512427
56,deviant,1,99,77.29509414540725,19.343434343434343,20.104742370425864,18.58212631644282
56,deviant,2,100,113.6755308577421,21.823,22.937020202405872,20.70897979759413
56,deviant,3,99,127.13697544898488,21.67676767676768,22.928986863598013,20.424548489937344
56,deviant,4,100,142.13354543119684,21.5605,22.95340874522573,20.167591254774273
56,deviant,5,100,144.51985840597897,21.794,23.210294612378593,20.377705387621408
56,deviant,6,100,137.89168136430015,20.201,21.552338477370142,18.84966152262986
56,deviant,7,100,144.50690203876803,20.3135,21.72966763997993,18.897332360020073
56,deviant,8,99,143.4166822125031,18.87020202020202,20.28276607203529,17.457637968368747
56,deviant,9,100,147.23002947411024,19.0525,20.49535428884628,17.609645711153718
56,deviant,10,100,145.30728782389696,18.7985,20.22251142067419,17.37448857932581
57,background,1,100,81.91579437703729,19.3115,20.114274784894963,18.508725215105034
57,background,2,100,74.27640413029104,15.472,16.199908760476852,14.744091239523147
57,background,3,100,68.57400919329498,11.872,12.544025290094291,11.199974709905709
57,background,4,100,62.6137281062901,9.233,9.846614535441644,8.619385464558357
57,background,5,100,51.70037666563388,7.5595,8.066163691323212,7.052836308676788
57,background,6,100,45.656728333349335,6.288,6.735435937666824,5.8405640623331765
57,background,7,100,38.04228948780139,5.343,5.7158144369804536,4.970185563019546
57,background,8,100,37.85804510203041,4.89,5.261008841999898,4.518991158000102
57,background,9,98,32.59459916515069,4.464795918367347,4.787465987763643,4.142125848971051
57,background,10,100,27.27998109275468,4.1285,4.3958438147089955,3.861156185291004
57,deviant,1,100,78.40773995091637,19.206,19.97439585151898,18.437604148481018
57,deviant,2,100,129.6766829667661,22.024,23.29483149307431,20.753168506925693
57,deviant,3,99,136.2711113533374,21.36868686868687,22.7108715450544,20.026502192319338
57,deviant,4,98,139.1019599544086,21.09642857142857,22.473467719669998,19.719389423187145
57,deviant,5,99,154.48581948208914,21.23939393939394,22.760982026301857,19.71780585248602
57,deviant,6,100,145.93003009733988,19.182,20.61211429495393,17.751885705046067
57,deviant,7,99,151.68533912433054,18.389898989898988,19.88390410793461,16.895893871863365
57,deviant,8,100,156.68556343669218,18.0895,19.625018521679586,16.553981478320416
57,deviant,9,100,155.34608222661393,17.282,18.80439160582082,15.759608394179184
57,deviant,10,100,152.03829157571838,16.275000000000002,17.764975257442043,14.785024742557962
58,background,1,100,161.49169768459504,36.551,38.133618637309034,34.96838136269097
58,background,2,100,156.93122026778752,33.2695,34.80742595862432,31.731574041375683
58,background,3,100,157.1938210249406,30.6175,32.157999446044414,29.077000553955582
58,background,4,99,159.3343967886407,29.577272727272728,31.146616248904905,28.00792920564055
58,background,5,98,155.67968971408467,26.416836734693877,27.957987034751735,24.87568643463602
58,background,6,100,153.7577041287602,24.477,25.98382550046185,22.97017449953815
58,background,7,100,155.50674380367252,23.017,24.54096608927599,21.49303391072401
58,background,8,100,152.69042468168618,21.3035,22.799866161880523,19.807133838119476
58,background,9,100,141.51442180550845,19.496,20.88284133369398,18.109158666306016
58,background,10,100,135.95963990909408,17.2645,18.596904471109124,15.93209552889088
58,deviant,1,99,161.27141228702823,37.19292929292929,38.78135119804277,35.604507387815815
58,deviant,2,99,221.38072706491292,41.464646464646464,43.645107286890664,39.284185642402264
58,deviant,3,100,239.89923871667895,42.3165,44.66751253942345,39.96548746057655
58,deviant,4,100,248.93775379230428,41.721,44.16058998716458,39.281410012835416
58,deviant,5,99,257.51872185389385,39.53787878787879,42.07427611316253,37.001481462595045
58,deviant,6,99,270.3772024023981,40.89393939393939,43.55698465936375,38.23089412851503
58,deviant,7,98,285.7081506860122,43.108163265306125,45.936529656370986,40.279796874241264
58,deviant,8,99,297.1292028022401,40.657575757575756,43.58411138894969,37.731040126201826
58,deviant,9,100,291.5758274581326,40.686,43.5434431090897,37.8285568909103
58,deviant,10,100,298.2578979410445,37.461,40.383927399822234,34.53807260017776
59,background,1,100,158.1775734320201,36.4985,38.048640219633796,34.948359780366204
59,background,2,100,156.3453919338442,31.8975,33.42968484095167,30.36531515904833
59,background,3,100,155.98507013577662,27.893,29.42165368733061,26.36434631266939
59,background,4,100,150.30962780383138,24.216,25.68903435247755,22.742965647522453
59,background,5,100,142.86579090365305,20.8965,22.2965847508558,19.4964152491442
59,background,6,100,134.83367922233518,18.296,19.617370056378885,16.974629943621114
59,background,7,100,121.32068205683996,15.9725,17.16144268415703,14.78355731584297
59,background,8,99,113.16515643774343,13.972727272727273,15.087332836305908,12.858121709148637
59,background,9,98,108.99379509137688,12.222448979591837,13.301432502221012,11.143465456962662
59,background,10,99,98.3362651956621,10.671717171717171,11.640267490020559,9.703166853413784
59,deviant,1,100,158.02896136967726,36.265,37.813683821422835,34.716316178577166
59,deviant,2,100,235.02717088164846,42.3865,44.68976627464015,40.08323372535985
59,deviant,3,100,266.8455545816719,41.7835,44.39858643490038,39.16841356509961
59,deviant,4,100,283.43380829430095,43.1045,45.88215132128415,40.326848678715855
59,deviant,5,100,291.58780838711345,40.8555,43.713060522193715,37.997939477806284
59,deviant,6,99,307.77397721807404,42.096969696969694,45.12834965640723,39.06558973753216
59,deviant,7,98,302.48680266992426,40.01479591836735,43.00926248979012,37.02032934694458
59,deviant,8,100,300.5654889668718,36.2445,39.190041791875345,33.29895820812466
59,deviant,9,100,284.3442733544562,32.0415,34.82807387887367,29.254926121126328
59,deviant,10,98,311.008431938496,37.534183673469386,40.61301007068806,34.45535727625071
60,background,1,99,157.2577251052016,20.42070707070707,21.969596683336253,18.87181745807789
60,background,2,100,149.08219209550148,18.576,20.037005482535914,17.114994517464087
60,background,3,99,143.9043542006104,17.476767676767675,18.894134990737953,16.059400362797398
60,background,4,100,138.65489153783366,15.552,16.91081793707077,14.19318206292923
60,background,5,100,131.09057736421872,14.0935,15.378187658169344,12.808812341830658
60,background,6,100,125.19397580933106,13.142,14.368900962931445,11.915099037068554
60,background,7,100,118.76242317288217,11.8035,12.967371747094244,10.639628252905755
60,background,8,98,109.62081775014511,10.613775510204082,11.698966240468874,9.52858477993929
60,background,9,100,110.43849205017149,10.0485,11.130797222091681,8.96620277790832
60,background,10,99,103.81737507961299,9.764646464646464,10.787182265438876,8.742110663854053
60,deviant,1,100,153.21418616468014,20.9615,22.462999024413865,19.460000975586137
60,deviant,2,100,157.1063166675424,19.671,21.210641903341916,18.131358096658083
60,deviant,3,99,159.26183340319605,19.548484848484847,21.11711366644255,17.979856030527145
60,deviant,4,99,155.353459467181,18.564141414141414,20.094275208800806,17.034007619482022
60,deviant,5,100,158.47364881399383,17.796499999999998,19.34954175837714,16.243458241622857
60,deviant,6,100,150.9342397762751,16.1405,17.619655549807497,14.661344450192503
60,deviant,7,98,153.5328697877531,16.241836734693877,17.761734601761198,14.721938867626557
60,deviant,8,100,148.0611449083754,15.1675,16.61849922010208,13.716500779897922
60,deviant,9,100,143.03075672183604,15.0545,16.456201415873995,13.652798584126007
60,deviant,10,100,135.79178139613916,13.996500000000001,15.327259457682164,12.665740542317838
61,background,1,100,157.5443546567459,20.3515,21.89543467563611,18.807565324363893
61,background,2,100,140.52538635608272,17.213,18.59014878628961,15.83585121371039
61,background,3,99,132.13729900930198,15.169191919191919,16.47066114583543,13.86772269254841
61,background,4,99,127.45949821104166,13.192424242424243,14.447820075461639,11.937028409386848
61,background,5,100,124.51192079898468,12.0555,13.27571682383005,10.83528317616995
61,background,6,100,106.93211077964128,10.179499999999999,11.227434685640484,9.131565314359515
61,background,7,99,92.23388462861256,8.651515151515152,9.55996086213526,7.743069440895044
61,background,8,100,89.73328901748077,7.87,8.749386232371311,6.990613767628688
61,background,9,99,83.92374358214788,7.301010101010101,8.127606152812229,6.474414049207974
61,background,10,98,78.79368462536897,6.816836734693878,7.596854416679694,6.036819052708061
61,deviant,1,100,151.39138020376194,20.3335,21.817135525996868,18.849864474003134
61,deviant,2,98,158.70139952289747,19.60765306122449,21.178716762234597,18.036589360214382
61,deviant,3,100,146.8814864189207,17.2035,18.64293856690542,15.764061433094575
61,deviant,4,99,152.75703102088556,16.735353535353536,18.23991414403614,15.230792926670933
61,deviant,5,100,153.62202418855662,16.036,17.541495837047854,14.530504162952147
61,deviant,6,99,155.40276194795456,15.296464646464646,16.82708403952816,13.765845253401134
61,deviant,7,100,138.66244511117822,14.009,15.367891962089548,12.650108037910453
61,deviant,8,100,135.2403318852074,12.894,14.219355252475033,11.568644747524967
61,deviant,9,100,136.22946006453117,12.634500000000001,13.969548708632406,11.299451291367596
61,deviant,10,98,141.315250415516,12.740816326530613,14.139765932485023,11.341866720576203
62,background,1,99,288.0333907909399,38.95505050505051,41.791998113112356,36.11810289698866
62,background,2,100,312.1277150884166,36.627,39.68585160786648,33.56814839213352
62,background,3,100,285.9913138173035,35.022,37.82471487540957,32.21928512459043
62,background,4,99,285.9586738637154,33.50909090909091,36.32560386126813,30.692577956913688
62,background,5,100,271.2530766257728,31.019,33.677280150932575,28.360719849067426
62,background,6,100,269.6650700405968,30.1035,32.74621768639785,27.460782313602152
62,background,7,100,260.65773585903395,28.2385,30.79294581141853,25.684054188581467
62,background,8,100,246.4245747741722,25.7475,28.162460832786888,23.33253916721311
62,background,9,99,253.42971100692324,24.945959595959597,27.44208273806688,22.449836453852313
62,background,10,100,233.35034649754925,22.691,24.977833395675983,20.404166604324015
62,deviant,1,100,302.43258927012414,39.3035,42.26733937484722,36.33966062515278
62,deviant,2,99,298.2819356881921,38.57828282828283,41.51617215304125,35.64039350352441
62,deviant,3,98,317.3860922897337,40.275510204081634,43.41747221765482,37.13354819050845
62,deviant,4,100,313.031636201771,38.689,41.756710034777356,35.621289965222644
62,deviant,5,99,306.24410628056006,37.753535353535355,40.76984704715515,34.73722365991556
62,deviant,6,99,302.1363886863365,35.698484848484846,38.67433810924196,32.72263158772773
62,deviant,7,100,312.44980228409236,35.975,39.0370080623841,32.9129919376159
62,deviant,8,100,299.8576899306174,34.2555,37.19410536132005,31.316894638679948
62,deviant,9,100,318.7326548428289,34.775,37.89858001745972,31.651419982540276
62,deviant,10,100,310.32433373047496,33.6495,36.69067847055866,30.608321529441348
63,background,1,100,288.18989536323727,38.486,41.310260974559725,35.66173902544027
63,background,2,99,280.89856757049853,34.32121212121212,37.08788621128498,31.55453803113926
63,background,3,100,282.3801702073214,32.0135,34.78082566803175,29.246174331968252
63,background,4,100,272.31592044226096,30.9595,33.62819602033416,28.290803979665842
63,background,5,100,259.0131016804078,27.2405,29.778828396467997,24.702171603532005
63,background,6,99,242.81336779293548,25.157575757575756,27.549134601062722,22.76601691408879
63,background,7,98,237.23868172214907,22.200510204081635,24.549053332558476,19.851967075604794
63,background,8,99,229.9748269977207,21.895959595959596,24.16106689332556,19.63085229859363
63,background,9,100,204.2295986074703,18.3965,20.397950066353207,16.395049933646792
63,background,10,99,217.33110199586451,17.668181818181818,19.808756382372266,15.527607253991372
63,deviant,1,100,286.7398279754113,38.5495,41.35955031415903,35.739449685840974
63,deviant,2,100,298.88682948919865,38.279,41.20809092899415,35.349909071005854
63,deviant,3,99,305.10402453831,35.59444444444444,38.59952705048245,32.58936183840643
63,deviant,4,100,315.854592628017,36.9205,40.015875007754566,33.82512499224543
63,deviant,5,100,311.0458715535802,35.4865,38.53474954122508,32.43825045877492
63,deviant,6,99,318.4780460086278,32.98131313131313,36.11812143108477,29.844504831541496
63,deviant,7,100,317.03707237980524,32.149,35.25596330932209,29.04203669067791
63,deviant,8,99,293.89816084380044,29.803535353535352,32.69824725527026,26.908823451800444
63,deviant,9,100,302.39149424127936,29.247,32.210436643564535,26.28356335643546
63,deviant,10,100,300.871790320273,28.3465,31.295043545138675,25.397956454861323
64,background,1,99,78.19600878224978,18.846464646464646,19.616646115583972,18.07628317734532
64,background,2,100,77.8371106187382,16.428,17.190803684063635,15.665196315936367
64,background,3,99,74.4998763686717,13.873737373737374,14.607514264967355,13.139960482507393
64,background,4,99,70.44865618232001,11.884343434343434,12.578218356618212,11.190468512068655
64,background,5,100,65.07467370563403,10.3565,10.994231802315214,9.718768197684787
64,background,6,100,59.030054789243174,8.824,9.402494536934583,8.245505463065417
64,background,7,98,53.33479164672908,7.725510204081632,8.253497703933665,7.1975227042296
64,background,8,100,49.53199391355684,6.8595,7.344913540352857,6.374086459647143
64,background,9,100,45.216380357472,6.342,6.785120527503225,5.898879472496774
64,background,10,100,43.88039965274029,5.898,6.328027916596854,5.467972083403145
64,deviant,1,99,79.31861134225157,19.03030303030303,19.81154142806058,18.249064632545483
64,deviant,2,100,110.59774195848571,21.1515,22.23535787119316,20.06764212880684
64,deviant,3,100,126.40581057597163,21.6795,22.91827694364452,20.44072305635548
64,deviant,4,99,135.08630769369555,20.36868686868687,21.69920197473474,19.038171762638996
64,deviant,5,100,134.32612513854795,19.5625,20.87889602635777,18.24610397364223
64,deviant,6,100,145.76375984520476,21.253,22.681484846483006,19.824515153516995
64,deviant,7,99,139.19401454161212,18.902020202020203,20.2729936350864,17.531046768954006
64,deviant,8,98,149.91311518764178,19.395918367346937,20.87998249207868,17.911854242615195
64,deviant,9,100,151.6023885383285,19.07,20.55570340767562,17.58429659232438
64,deviant,10,100,144.18379170168078,17.5865,18.999501158676473,16.17349884132353
65,background,1,100,77.95406879762764,19.131,19.894949874216753,18.367050125783248
65,background,2,100,76.4562998677917,14.6695,15.418771738704358,13.920228261295641
65,background,3,99,65.64634114147687,11.22121212121212,11.867787262961912,10.57463697946233
65,background,4,100,60.55273908359816,8.8515,9.444916843019262,8.258083156980737
65,background,5,100,50.71543417104791,7.1815,7.67851125487627,6.68448874512373
65,background,6,99,40.80782948612215,5.873737373737374,6.27566880930096,5.471805938173787
65,background,7,99,34.863455455760395,5.127777777777778,5.471160870593492,4.784394684962065
65,background,8,100,29.065715017416725,4.499,4.783844007170684,4.2141559928293155
65,background,9,100,26.58115676069877,4.079,4.339495336254847,3.8185046637451516
65,background,10,100,23.35611043681807,3.7685,3.997389882280817,3.539610117719183
65,deviant,1,99,78.78603603230847,19.083333333333332,19.85932619949641,18.307340467170253
65,deviant,2,100,120.3400991925975,21.4885,22.667832972087453,20.309167027912544
65,deviant,3,100,139.5755878971753,21.2885,22.65634076139232,19.92065923860768
65,deviant,4,100,138.34151106667346,18.64,19.9957468084534,17.2842531915466
65,deviant,5,100,137.1903019435719,18.384,19.728464959047006,17.039535040952995
65,deviant,6,100,151.24086749288367,18.947,20.42916050143026,17.464839498569738
65,deviant,7,98,147.89821357591637,17.602551020408164,19.06666863683686,16.13843340397947
65,deviant,8,99,132.13373408865172,14.13888888888889,15.44032300330779,12.837454774469988
65,deviant,9,99,147.6255932739093,16.669696969696968,18.123716146352447,15.215677793041491
65,deviant,10,99,146.23771203438818,15.032323232323233,16.472672652316398,13.59197381233007
66,background,1,99,163.23841137234956,36.28484848484848,37.89264409290258,34.677052876794384
66,background,2,100,158.83414885378164,33.6005,35.15707465876706,32.043925341232935
66,background,3,99,152.94174157433108,30.083333333333332,31.589713224708618,28.576953441958047
66,background,4,100,157.73623052758876,27.6675,29.21331505917037,26.12168494082963
66,background,5,98,148.92871837860804,26.00408163265306,27.478400726158156,24.529762539147967
66,background,6,100,148.42987889023027,24.3645,25.819112813124256,22.909887186875743
66,background,7,99,140.29453978946168,21.535353535353536,22.917166449428947,20.153540621278125
66,background,8,100,145.21139762429118,20.0565,21.479571696718054,18.633428303281946
66,background,9,99,137.40725101529014,18.874747474747476,20.228122411687053,17.5213725378079
66,background,10,100,131.21676521574597,17.2135,18.49942429911431,15.92757570088569
66,deviant,1,100,161.31956679702233,35.5965,37.177431754610815,34.01556824538918
66,deviant,2,100,199.63371063288037,39.6225,41.57891036420223,37.666089635797775
66,deviant,3,99,237.02350538556965,41.842424242424244,44.176956585398614,39.507891899449874
66,deviant,4,99,237.82633535728058,40.241919191919195,42.584358904805335,37.899479479033054
66,deviant,5,100,285.48661596428093,43.4065,46.204268836449955,40.60873116355005
66,deviant,6,100,284.272210167797,42.432,45.21786765964441,39.64613234035559
66,deviant,7,100,289.74303043250325,40.8545,43.69398169823853,38.01501830176147
66,deviant,8,100,296.78206162984844,41.5225,44.430964203972515,38.61403579602749
66,deviant,9,99,302.6408110719963,41.26414141414141,44.24496291790855,38.283319910374274
66,deviant,10,99,298.25711708983044,38.26919191919192,41.206836796377566,35.33154704200627
67,background,1,99,161.24875356515406,36.49141414141414,38.079612872378796,34.903215410449484
67,background,2,99,152.30970871359793,31.203030303030303,32.70318506853546,29.702875537525145
67,background,3,99,151.64862433651646,27.01010101010101,28.50374451058534,25.516457509616682
67,background,4,100,143.48622710358322,23.1845,24.590665025615117,21.778334974384883
67,background,5,99,140.1837234338904,19.79040404040404,21.17112548312605,18.409682597682032
67,background,6,100,125.14737627882454,17.2065,18.43294428753248,15.980055712467518
67,background,7,100,115.51090174114576,14.872,16.00400683706323,13.739993162936772
67,background,8,97,102.20349927061154,12.811855670103093,13.828820594370082,11.794890745836103
67,background,9,100,98.65346047229107,11.725999999999999,12.692803912628452,10.759196087371546
67,background,10,99,90.88060414921502,10.17979797979798,11.074914729464911,9.28468123013105
67,deviant,1,100,158.93927175265134,36.5695,38.12710486317598,35.011895136824016
67,deviant,2,99,222.02886844068868,41.003535353535355,43.19037996038398,38.81669074668673
67,deviant,3,100,262.6427681932448,41.0265,43.6003991282938,38.452600871706196
67,deviant,4,100,277.5557364604545,41.844500000000004,44.564546217312454,39.12445378268755
67,deviant,5,98,284.8213151766338,40.73112244897959,43.550709616409755,37.911535281549426
67,deviant,6,99,297.1520920159804,38.5510101010101,41.47777117673266,35.62424902528754
67,deviant,7,100,307.4241583836487,40.3555,43.36825675215976,37.34274324784024
67,deviant,8,100,299.4223429767461,35.9245,38.85883896117211,32.99016103882789
67,deviant,9,100,299.18229348817107,33.8325,36.76448647618408,30.900513523815928
67,deviant,10,100,287.43459210199825,31.5745,34.391359002599586,28.75764099740042
68,background,1,99,78.40534017795633,19.38737373737374,20.159616988985402,18.615130485762077
68,background,2,100,80.08331188272162,16.702,17.486816456450672,15.91718354354933
68,background,3,100,74.72917770188563,14.0895,14.821845941478479,13.35715405852152
68,background,4,100,71.58614611633647,12.3215,13.023044231940098,11.619955768059903
68,background,5,99,65.36168602476532,10.444949494949494,11.088720962964583,9.801178026934405
68,background,6,100,63.29147277726904,9.327,9.947256433217236,8.706743566782764
68,background,7,100,57.278405961354096,8.003,8.564328378421271,7.44167162157873
68,background,8,99,52.04347878659272,7.115656565656566,7.628252074994595,6.603061056318536
68,background,9,99,48.83729700697377,6.543939393939394,7.0249560307525245,6.062922757126263
68,background,10,100,44.98432475523235,5.942,6.382846382601278,5.501153617398723
68,deviant,1,100,79.09313297758867,18.9405,19.71561270318037,18.16538729681963
68,deviant,2,100,111.03457261497195,20.9995,22.087638811626725,19.911361188373277
68,deviant,3,100,127.19951175013877,20.8,22.04655521515136,19.55344478484864
68,deviant,4,100,131.36708311565647,20.767,22.054397414533433,19.479602585466566
68,deviant,5,100,148.13107637991996,21.364,22.815684548523215,19.912315451476786
68,deviant,6,100,152.8882805050455,20.436,21.934305148949445,18.937694851050555
68,deviant,7,100,149.32323646160503,19.6035,21.06686771732373,18.14013228267627
68,deviant,8,99,147.29121708906797,18.515656565656567,19.966382347351225,17.06493078396191
68,deviant,9,100,143.80933100536464,17.5175,18.92683144385257,16.108168556147426
68,deviant,10,100,152.92732191951077,17.6385,19.137187754811205,16.139812245188796
69,background,1,100,77.35721991956673,19.1095,19.867600755211754,18.351399244788247
69,background,2,100,75.97542885350292,14.8435,15.58805920276433,14.098940797235672
69,background,3,100,68.7371806230078,11.485,12.158624370105477,10.811375629894522
69,background,4,100,59.408975044091406,9.237,9.819207955432097,8.654792044567904
69,background,5,100,51.3728629981976,7.2855,7.788954057382337,6.782045942617663
69,background,6,100,41.1272095870976,5.993,6.396046653953557,5.5899533460464434
69,background,7,100,37.955826125143226,5.3145,5.686467096026403,4.942532903973596
69,background,8,100,31.422335334833683,4.502,4.80993888628137,4.19406111371863
69,background,9,100,28.150208001475153,4.3025,4.578372038414456,4.026627961585544
69,background,10,100,24.795320016826608,3.8715,4.114494136164901,3.6285058638350995
69,deviant,1,100,78.49062967876117,19.451,20.22020817085186,18.681791829148143
69,deviant,2,99,124.11865078901,22.03181818181818,23.25430877051288,20.809327593123484
69,deviant,3,100,144.78254111088916,21.903,23.321868902886713,20.484131097113284
69,deviant,4,100,131.62001727460918,19.0125,20.30237616929117,17.72262383070883
69,deviant,5,98,145.61718919644645,18.987244897959183,20.428781525093026,17.54570827082534
69,deviant,6,100,151.31241643837774,19.302,20.7848616810961,17.8191383189039
69,deviant,7,99,146.57900689784296,16.80808080808081,18.251791767664447,15.364369848497173
69,deviant,8,100,146.52098825765543,16.055,17.49090568492502,14.619094315074976
69,deviant,9,100,151.40356493056632,16.3865,17.87025493631955,14.902745063680452
69,deviant,10,100,149.02883860797584,15.058,16.518482618358163,13.597517381641836
70,background,1,99,160.29953869323256,36.716161616161614,38.29501117808361,35.137312054239615
70,background,2,100,159.12916799023102,33.6285,35.187965846304266,32.06903415369574
70,background,3,99,152.4252793649193,31.06111111111111,32.56240417479041,29.559818047431815
70,background,4,100,154.06336700407266,28.163,29.672820996639913,26.653179003360087
70,background,5,99,152.1387265138734,24.984343434343433,26.48281413279929,23.485872735887575
70,background,6,100,153.3818163243198,24.0485,25.551641799978334,22.545358200021667
70,background,7,100,145.9189663369437,22.1125,23.542505870102048,20.682494129897954
70,background,8,100,148.84180050962624,20.4445,21.90314964499434,18.985850355005663
70,background,9,100,139.43741286062058,19.0975,20.463986646034083,17.731013353965917
70,background,10,100,137.00966158786412,17.293,18.635694683561066,15.95030531643893
70,deviant,1,100,159.8256615980774,35.864,37.43029148366116,34.29770851633884
70,deviant,2,100,216.04468957772795,41.9845,44.10173795786173,39.867262042138265
70,deviant,3,100,235.7612809155638,42.2795,44.58996055297253,39.96903944702747
70,deviant,4,100,252.31280710970455,40.993,43.465665509675105,38.5203344903249
70,deviant,5,99,278.5775900610286,43.273737373737376,46.01755129618948,40.52992345128527
70,deviant,6,100,278.10569270654906,40.8865,43.61193578852418,38.16106421147582
70,deviant,7,100,297.33342528123825,42.4625,45.376367567756134,39.54863243224386
70,deviant,8,99,304.77957954112213,41.01565656565657,44.01754359268135,38.01376953863179
70,deviant,9,99,292.0601956698942,40.925252525252525,43.80186162685896,38.04864342364609
70,deviant,10,100,304.5487472863486,38.8135,41.798077723406216,35.82892227659378
71,background,1,100,157.66242251622361,35.9405,37.48559174065899,34.39540825934101
71,background,2,100,155.54271709760397,31.164,32.68831862755652,29.639681372443484
71,background,3,100,153.11412152550236,27.2365,28.737018390949924,25.735981609050075
71,background,4,100,148.02398454304628,23.414,24.864635048521855,21.963364951478148
71,background,5,100,133.48673302893002,20.0645,21.37266998368351,18.756330016316486
71,background,6,99,127.6347481972226,17.26919191919192,18.526313854289022,16.012069984094815
71,background,7,97,120.49575227280617,15.130927835051546,16.329907854905372,13.93194781519772
71,background,8,99,111.6594682152179,13.813131313131313,14.912906795413988,12.713355830848638
71,background,9,99,100.75270663727522,11.846969696969698,12.839320442539456,10.854618951399939
71,background,10,100,98.27156251937792,10.812,11.775061312689903,9.848938687310095
71,deviant,1,99,154.3978626795073,36.326262626262626,37.846984394026045,34.80554085849921
71,deviant,2,100,228.85923621300492,39.7825,42.02532051488745,37.53967948511255
71,deviant,3,100,269.77170660432597,43.023,45.666762724722396,40.37923727527761
71,deviant,4,100,273.30252179782866,40.138,42.81636471361872,37.45963528638128
71,deviant,5,99,284.1150341526808,39.216161616161614,42.01451587759126,36.41780735473197
71,deviant,6,100,287.23339125636414,40.407,43.22188723431236,37.59211276568763
71,deviant,7,100,297.1402203107412,38.018,40.929974159045265,35.106025840954736
71,deviant,8,100,321.3889101679574,38.184,41.33361131964598,35.03438868035401
71,deviant,9,99,295.06699060953673,34.593434343434346,37.499658482688076,31.687210204180616
71,deviant,10,99,310.2576942512551,34.968686868686866,38.024529877623756,31.912843859749973
72,background,1,100,153.77750502798378,21.303,22.81001954927424,19.79598045072576
72,background,2,99,152.05601460957524,19.681818181818183,21.17947422007644,18.184162143559927
72,background,3,100,142.0508063298036,17.652,19.044097902032075,16.259902097967927
72,background,4,100,144.76068272551734,16.3885,17.80715469071007,14.96984530928993
72,background,5,99,134.56219458126535,14.77979797979798,16.105150901570692,13.454445058025268
72,background,6,99,129.0152275794157,13.896464646464647,15.167183434588189,12.625745858341105
72,background,7,100,125.43538911369973,12.941,14.170266813314258,11.711733186685743
72,background,8,99,117.99194887787898,11.545454545454545,12.707600976534867,10.383308114374223
72,background,9,100,108.2487632116049,10.296,11.356837879473728,9.23516212052627
72,background,10,100,108.64173376649265,9.911,10.975688990911628,8.846311009088371
72,deviant,1,99,155.27736643283134,21.227777777777778,22.757162103942576,19.69839345161298
72,deviant,2,100,165.0372366276296,21.443,23.06036491895077,19.82563508104923
72,deviant,3,100,157.05863806067367,20.074,21.613174652994605,18.5348253470054
72,deviant,4,99,159.17400277022233,19.431313131313132,20.99907687281756,17.863549389808703
72,deviant,5,100,159.88341969928229,18.3095,19.876357513052966,16.742642486947034
72,deviant,6,99,154.31791348075126,17.405555555555555,18.92548987403209,15.885621237079022
72,deviant,7,100,155.92959781159,18.2745,19.802610058553583,16.746389941446417
72,deviant,8,99,157.43369531664,16.72020202020202,18.27082482865638,15.169579211747662
72,deviant,9,99,149.30740102218644,16.446464646464648,17.917048570893268,14.97588072203603
72,deviant,10,100,151.13333255945332,15.975,17.456106659082643,14.493893340917356
73,background,1,100,158.13793945393638,21.5885,23.138251806648576,20.038748193351424
73,background,2,98,146.55194875609988,19.320408163265306,20.771198437926888,17.869617888603724
73,background,3,97,136.6992280423281,16.415463917525773,17.775674879826912,15.055252955224635
73,background,4,99,137.25080768624395,14.04040404040404,15.39223810901958,12.6885699717885
73,background,5,100,128.80356320667858,12.582,13.844274919425452,11.31972508057455
73,background,6,100,112.13362564369349,10.5775,11.676409531308197,9.478590468691804
73,background,7,100,106.39551336009379,9.684,10.726676030928918,8.641323969071081
73,background,8,100,99.68605983945696,8.742,9.71892338642668,7.7650766135733225
73,background,9,100,86.60167434870993,7.5745,8.423196408617358,6.725803591382642
73,background,10,99,91.55212780303448,7.502525252525253,8.404256087518293,6.600794417532212
73,deviant,1,100,157.88680155498483,21.024,22.57129065523885,19.47670934476115
73,deviant,2,100,163.60752138160265,21.278,22.881353709539706,19.67464629046029
73,deviant,3,100,155.6639768353954,19.427,20.952506972986875,17.901493027013125
73,deviant,4,99,153.8945896932121,18.111616161616162,19.627381007229854,16.59585131600247
73,deviant,5,100,139.33504678708042,15.4445,16.809983458513386,14.079016541486611
73,deviant,6,100,152.7900950909277,16.1345,17.63184293189109,14.637157068108907
73,deviant,7,99,156.06566600397142,16.417676767676767,17.954825348453298,14.880528186900234
73,deviant,8,100,151.31379037581056,15.662,17.144875145682946,14.179124854317058
73,deviant,9,100,141.45417706991307,13.598,14.984250935285148,12.211749064714853
73,deviant,10,100,143.6545564155463,13.503,14.910814652872354,12.095185347127646
74,background,1,100,293.5246694554776,40.014,42.89054176066368,37.137458239336326
74,background,2,100,287.3154510656408,38.202,41.01769142044328,35.38630857955672
74,background,3,100,298.19740900424017,35.56,38.48233460824156,32.637665391758446
74,background,4,100,288.4930720686009,34.377,37.20423210627229,31.549767893727715
74,background,5,99,264.83927101863924,30.442929292929293,33.051429419855566,27.83442916600302
74,background,6,99,280.28960586845653,31.840404040404042,34.601080240998655,29.07972783980943
74,background,7,100,276.70742196121347,30.2275,32.93923273521989,27.515767264780106
74,background,8,98,270.07071685997937,27.34030612244898,30.013869816531425,24.666742428366533
74,background,9,100,261.45257696186513,26.8875,29.449735254226276,24.325264745773723
74,background,10,100,244.37461535842664,23.91,26.304871230512582,21.51512876948742
74,deviant,1,100,301.33032670057236,39.6185,42.571537201665606,36.66546279833439
74,deviant,2,100,306.06994814567264,41.2915,44.29098549182759,38.29201450817241
74,deviant,3,99,309.8250609958023,40.99292929292929,44.044511136603866,37.941347449254714
74,deviant,4,100,311.221464555387,39.936,42.985970352642795,36.886029647357205
74,deviant,5,99,314.9271218953096,38.90858585858586,42.010419790830085,35.80675192634163
74,deviant,6,99,324.18999059193663,38.57727272727273,41.77034008603229,35.384205368513165
74,deviant,7,100,319.0848220837377,36.7465,39.87353125642063,33.61946874357937
74,deviant,8,100,315.98943186858577,35.852,38.94869643231214,32.755303567687854
74,deviant,9,99,320.6896392726807,35.57121212121212,38.72980322263474,32.4126210197895
74,deviant,10,100,314.62759941840676,35.332,38.41535047430039,32.24864952569961
75,background,1,99,303.22358000934594,39.60050505050505,42.587066461504214,36.613943639505884
75,background,2,99,289.1816766416281,35.7939393939394,38.6421968948874,32.945681892991395
75,background,3,100,291.46985490062167,33.0465,35.902904578026096,30.190095421973908
75,background,4,100,277.97208303599194,31.596,34.32012641375272,28.87187358624728
75,background,5,100,270.017928254676,27.0535,29.699675696895824,24.407324303104176
75,background,6,98,253.93975145380656,25.553571428571427,28.06744671229281,23.039696144850044
75,background,7,98,245.24640133633162,24.020918367346937,26.448733875598183,21.59310285909569
75,background,8,98,238.69572130312906,21.806122448979593,24.169089533410787,19.4431553645484
75,background,9,100,231.52635407568383,20.888,23.156958269941704,18.6190417300583
75,background,10,99,227.36399636289215,19.266161616161614,21.505553875058627,17.0267693572646
75,deviant,1,99,304.70288375468493,40.64141414141414,43.642545763215644,37.64028251961263
75,deviant,2,100,305.211992762925,40.3815,43.372577529076665,37.39042247092334
75,deviant,3,100,311.43370925954355,40.1085,43.16055035074353,37.05644964925647
75,deviant,4,100,325.0157405095134,38.205,41.39015425699323,35.01984574300677
75,deviant,5,100,323.72684635759134,37.8375,41.010023094304394,34.6649769056956
75,deviant,6,100,315.06704382601356,36.359,39.446657029494936,33.27134297050507
75,deviant,7,100,309.5641885653204,33.6805,36.714229047940144,30.64677095205986
75,deviant,8,100,298.5315728696045,30.52,33.445609414122124,27.594390585877875
75,deviant,9,98,310.5938242853688,31.73622448979592,34.81094648065178,28.66150249894006
75,deviant,10,100,312.7084062963787,30.136,33.20054238170451,27.071457618295486
76,background,1,100,88.25695141848156,20.229,21.09391812390112,19.36408187609888
76,background,2,99,85.57042344420795,17.828787878787878,18.67160269079377,16.985973066781987
76,background,3,99,81.93028165844163,15.15,15.956961706559406,14.343038293440594
76,background,4,99,80.36042165407702,13.26010101010101,14.051600583703733,12.468601436498288
76,background,5,100,77.3794988488893,11.1325,11.890819088719116,10.374180911280884
76,background,6,100,73.05272068855479,9.839,10.554916662747837,9.123083337252163
76,background,7,100,69.27403629977944,8.7265,9.405385555737839,8.04761444426216
76,background,8,100,63.494446503943195,7.5264999999999995,8.148745575738642,6.904254424261357
76,background,9,100,58.64323445520736,6.7795,7.354203697661032,6.204796302338967
76,background,10,98,59.007002260659476,6.365306122448979,6.949445642553011,5.781166602344948
76,deviant,1,100,86.24239096871096,20.3345,21.179675431493365,19.489324568506632
76,deviant,2,100,119.78402714007717,22.3275,23.501383465972758,21.153616534027243
76,deviant,3,100,136.69467513596248,22.8625,24.202107816332433,21.52289218366757
76,deviant,4,98,140.61941918750617,22.408163265306122,23.800224493542114,21.01610203707013
76,deviant,5,99,144.28975781574488,21.873232323232322,23.29439562023461,20.452069026230035
76,deviant,6,100,148.84409010066452,21.03,22.488672082986515,19.571327917013488
76,deviant,7,98,148.9458573477377,21.308163265306124,22.782652025949336,19.833674504662913
76,deviant,8,100,151.28287376546243,20.7705,22.253072162901532,19.287927837098465
76,deviant,9,100,157.63189965699735,20.092,21.636792616638573,18.547207383361425
76,deviant,10,99,164.36555856415072,20.116161616161616,21.735058914616722,18.49726431770651
77,background,1,100,84.39585609682379,20.1745,21.001579389748873,19.347420610251124
77,background,2,100,81.42565223629013,15.679,16.476971391915644,14.881028608084357
77,background,3,100,78.71502565049379,12.490499999999999,13.261907251374838,11.71909274862516
77,background,4,100,71.37060429823147,9.655,10.354431922122668,8.95556807787733
77,background,5,100,64.39260745409246,7.8975,8.528547553050107,7.266452446949894
77,background,6,98,56.9522191240859,6.411734693877551,6.975532898725238,5.847936489029864
77,background,7,100,50.81465288052671,5.5635,6.061483598229162,5.0655164017708385
77,background,8,100,44.250631871789494,4.8005,5.234156192343537,4.366843807656464
77,background,9,99,40.17648566014703,4.446969696969697,4.842682793221836,4.051256600717559
77,background,10,100,32.85574531189333,3.76,4.081986304056555,3.4380136959434453
77,deviant,1,100,87.34717481045634,20.2905,21.146502313142474,19.43449768685753
77,deviant,2,100,138.80883295116044,23.3985,24.75882656292137,22.038173437078626
77,deviant,3,99,139.8153669741108,21.620202020202022,22.99729538364261,20.243108656761436
77,deviant,4,99,145.67316517681485,20.874242424242425,22.30903141302019,19.43945343546466
77,deviant,5,97,146.35030073872684,20.676288659793816,22.132531582681754,19.220045736905877
77,deviant,6,100,149.90039675520686,18.1825,19.651523888201027,16.713476111798975
77,deviant,7,98,144.07933669738313,17.865816326530613,19.292128990636723,16.439503662424503
77,deviant,8,100,146.5079933152562,16.7085,18.144278334489513,15.27272166551049
77,deviant,9,99,142.54652056895597,16.278787878787877,17.68278138612105,14.874794371454705
77,deviant,10,100,146.4081623407657,15.3825,16.817299990939503,13.947700009060496
78,background,1,100,169.66777134028416,37.132,38.79474415913478,35.469255840865216
78,background,2,100,163.10800425678556,34.852,36.45045844171649,33.2535415582835
78,background,3,99,164.48436975815312,32.301515151515154,33.921582665450174,30.68144763758013
78,background,4,100,174.38759009444271,30.14,31.84899838292554,28.43100161707446
78,background,5,100,163.95792945624478,27.1415,28.7482877086712,25.534712291328802
78,background,6,100,161.3835330411443,24.6015,26.183058623803216,23.019941376196787
78,background,7,100,159.15674167641356,22.621,24.18073606842885,21.061263931571148
78,background,8,100,156.94198559373862,21.4065,22.944531458818638,19.868468541181365
78,background,9,100,149.1118795789891,19.431,20.892296419874093,17.96970358012591
78,background,10,100,149.1496510926279,17.9065,19.368166580707754,16.444833419292248
78,deviant,1,99,169.89026644154438,36.60454545454545,38.27785764828396,34.93123326080694
78,deviant,2,99,220.60830971608814,42.193939393939395,44.366792391465225,40.021086396413565
78,deviant,3,100,267.22208386520595,43.983,46.601776421879016,41.36422357812098
78,deviant,4,99,273.55080351785324,44.02626262626263,46.72056586517648,41.331959387348775
78,deviant,5,100,290.18633305987527,43.5725,46.41632606398677,40.72867393601322
78,deviant,6,98,276.8941656073101,41.20408163265306,43.94519402305993,38.46296924224618
78,deviant,7,98,294.482883069717,41.909183673469386,44.82441548333686,38.993951863601914
78,deviant,8,100,299.19769032319886,41.349,44.281137365167346,38.41686263483265
78,deviant,9,100,310.5615330163632,42.5245,45.568003023560365,39.48099697643964
78,deviant,10,99,295.45506827336885,37.39646464646465,40.30651110644698,34.48641818648232
79,background,1,98,161.14579864536535,37.172448979591834,38.76771099733787,35.5771869618458
79,background,2,100,169.2024869171472,33.6795,35.33768437178804,32.02131562821195
79,background,3,100,161.84080872394654,27.802,29.388039925494674,26.215960074505325
79,background,4,100,158.18576687586423,24.573,26.12322051538347,23.02277948461653
79,background,5,100,151.01773161836954,20.8705,22.35047376986002,19.39052623013998
79,background,6,100,139.41040322126534,18.2685,19.6347219515684,16.902278048431597
79,background,7,100,139.64724355166823,15.751,17.119542986806348,14.382457013193651
79,background,8,99,122.39943240322471,13.995959595959595,15.20151696564834,12.790402226270851
79,background,9,99,113.5320960878696,12.243434343434343,13.361654031611067,11.125214655257619
79,background,10,100,101.92424947763386,10.808,11.806857644880811,9.809142355119189
79,deviant,1,100,168.04522417617542,37.0835,38.73034319692652,35.43665680307348
79,deviant,2,100,238.86566914217045,43.4725,45.81338355759327,41.131616442406724
79,deviant,3,99,262.98438516783705,42.675252525252525,45.26548319403295,40.085021856472096
79,deviant,4,98,274.06082690181256,42.74285714285714,45.45592091109524,40.02979337461904
79,deviant,5,100,286.49684943615364,41.0265,43.83416912447431,38.21883087552569
79,deviant,6,100,308.308910365118,42.073,45.09442732157816,39.05157267842184
79,deviant,7,100,289.8876642679658,38.224000000000004,41.06489910982607,35.383100890173935
79,deviant,8,99,329.2709170912385,41.25252525252525,44.49563653931465,38.00941396573585
79,deviant,9,100,326.73798854417697,38.7885,41.99053228773293,35.586467712267066
79,deviant,10,98,322.7564667703891,36.84591836734694,40.04104437589908,33.6507923587948
80,background,1,100,85.13350197128472,20.4325,21.266808319318592,19.59819168068141
80,background,2,100,85.41699572037604,17.595,18.432086558059684,16.757913441940314
80,background,3,98,84.02858222997071,15.088265306122448,15.9201058304387,14.256424781806196
80,background,4,100,84.71340228273084,13.0325,13.862691342370763,12.202308657629239
80,background,5,100,77.52814429544111,11.2765,12.036275814095323,10.516724185904678
80,background,6,100,77.77711069053942,10.309,11.071215684767285,9.546784315232713
80,background,7,100,69.9054624776242,8.725,9.410073532280716,8.039926467719283
80,background,8,100,67.79124303019489,7.927,8.591354181695909,7.262645818304089
80,background,9,99,64.58739489209461,7.181818181818182,7.817963369523402,6.545672994112961
80,background,10,99,55.118269967502826,6.1217171717171714,6.664597438881435,5.578836904552908
80,deviant,1,100,86.92443784538868,20.353,21.20485949088481,19.501140509115192
80,deviant,2,100,117.92747548253631,22.254,23.409689259728857,21.098310740271145
80,deviant,3,100,139.82691368071343,23.1755,24.54580375407099,21.805196245929007
80,deviant,4,99,140.18829442837531,21.74141414141414,23.122180605554792,20.360647677273487
80,deviant,5,100,149.7843537609284,21.944,23.411886666857097,20.4761133331429
80,deviant,6,98,146.92035078124545,21.353061224489796,22.807498493133945,19.898623955845647
80,deviant,7,99,143.63966245984759,19.853535353535353,21.26829562045887,18.438775086611837
80,deviant,8,100,158.44324901331308,21.59,23.142743840330468,20.037256159669532
80,deviant,9,99,157.9496422081551,20.36262626262626,21.918330823219673,18.80692170203285
80,deviant,10,100,160.59480721761574,20.0095,21.583329110732635,18.435670889267364
81,background,1,99,88.60175535863597,20.494444444444444,21.367115967855437,19.62177292103345
81,background,2,99,83.02377592244918,15.737373737373737,16.55510567417689,14.919641800570584
81,background,3,100,79.31147789769011,12.049,12.826252483397363,11.271747516602636
81,background,4,100,73.72225615532652,9.8205,10.5429781103222,9.0980218896778
81,background,5,100,63.21485917925176,7.8345,8.454005619956668,7.214994380043333
81,background,6,99,55.377460738957126,6.539393939393939,7.084827072519645,5.993960806268233
81,background,7,100,53.02913796851889,5.652,6.1716855520914855,5.132314447908515
81,background,8,98,45.62109392075463,4.884693877551021,5.3363196658222165,4.433068089279825
81,background,9,100,42.77317777348446,4.4065,4.825677142180148,3.9873228578198527
81,background,10,99,35.46265641488241,3.881818181818182,4.231103026937896,3.5325333366984673
81,deviant,1,100,85.41682627285044,20.2705,21.107584897473934,19.433415102526062
81,deviant,2,100,131.6359813232969,22.62,23.910032616968312,21.32996738303169
81,deviant,3,99,136.81001040628723,21.66060606060606,23.008098553456446,20.313113567755675
81,deviant,4,100,144.57348340986724,22.0145,23.4313201374167,20.597679862583302
81,deviant,5,100,151.2513940779599,19.723,21.205263661964008,18.24073633803599
81,deviant,6,100,148.63525649617662,18.8365,20.29312551366253,17.37987448633747
81,deviant,7,100,139.9959491895165,16.1295,17.50146030205726,14.757539697942738
81,deviant,8,100,144.7148739309201,16.974999999999998,18.393205764523014,15.55679423547698
81,deviant,9,98,153.88923733783676,16.660714285714285,18.18414001153923,15.137288559889338
81,deviant,10,99,151.35142097641153,16.498989898989898,17.989706133440095,15.0082736645397
82,background,1,97,163.61541073987786,37.11185567010309,38.73989321264776,35.48381812755842
82,background,2,99,169.99822754493957,35.722727272727276,37.39710281538238,34.04835173007217
82,background,3,100,168.040479145886,31.7945,33.44129669562968,30.147703304370317
82,background,4,100,169.30458382826842,30.477,32.13618492151703,28.81781507848297
82,background,5,100,172.48604825348997,27.761,29.4513632728842,26.070636727115797
82,background,6,99,168.00612457507862,25.653535353535354,27.308289935787773,23.998780771282934
82,background,7,100,164.92098586579988,23.274,24.89022566148484,21.65777433851516
82,background,8,99,157.34175843484277,21.372222222222224,22.921939510256916,19.82250493418753
82,background,9,99,148.59450297971816,19.483838383838386,20.947400711254176,18.020276056422595
82,background,10,100,149.89251412086492,18.1145,19.583446638384476,16.645553361615523
82,deviant,1,100,165.00650704872535,37.545,39.16206376907751,35.92793623092249
82,deviant,2,100,227.5916183360936,42.0935,44.323897859693716,39.86310214030628
82,deviant,3,99,232.12757948571024,42.595454545454544,44.88176509986227,40.30914399104682
82,deviant,4,100,290.0612231200419,45.0855,47.92809998657641,42.24290001342359
82,deviant,5,99,277.18298155398696,44.273737373737376,47.0038152801763,41.543659467298454
82,deviant,6,100,287.09564699994286,42.478,45.29153734059944,39.66446265940056
82,deviant,7,100,304.27782059371856,42.4975,45.479422641818445,39.51557735818156
82,deviant,8,100,291.7782909207462,41.5515,44.41092725102331,38.692072748976685
82,deviant,9,100,313.5227138586025,41.3815,44.45402259581431,38.3089774041857
82,deviant,10,100,310.378588857306,41.096000000000004,44.137710170801604,38.0542898291984
83,background,1,100,168.74082431194202,37.7705,39.42416007825703,36.116839921742965
83,background,2,99,167.68202991941249,33.08989898989899,34.74146144378167,31.438336536016315
83,background,3,98,161.47539326962155,28.72091836734694,30.319443205406934,27.122393529286946
83,background,4,100,164.41108619298728,24.919,26.530228644691277,23.307771355308724
83,background,5,100,154.2211928231314,21.7825,23.293867689666687,20.27113231033331
83,background,6,99,147.18713473527143,18.307070707070707,19.756771343090993,16.857370071050422
83,background,7,99,138.3439744374792,16.335858585858585,17.698459658923205,14.973257512793966
83,background,8,100,124.36669041270868,14.068,15.286793566044544,12.849206433955455
83,background,9,100,114.71610266447475,12.504999999999999,13.629217806111852,11.380782193888146
83,background,10,99,112.17988373941861,11.313131313131313,12.41803256077239,10.208230065490236
83,deviant,1,99,168.31080273051242,37.346464646464646,39.00422011678047,35.68870917614882
83,deviant,2,100,247.03562496125937,42.863,45.28394912462034,40.44205087537966
83,deviant,3,100,289.0975841439958,44.667500000000004,47.500656324611164,41.834343675388844
83,deviant,4,100,281.8099396849997,41.158,43.919737408913,38.396262591087
83,deviant,5,100,295.80212536156847,43.4555,46.35436082854337,40.55663917145663
83,deviant,6,100,324.59414739997356,42.3205,45.501522644519746,39.13947735548026
83,deviant,7,99,315.0843537848238,42.36212121212121,45.46550377951376,39.25873864472866
83,deviant,8,100,316.1307690780743,37.915,41.013081536965124,34.816918463034874
83,deviant,9,100,306.40963293913387,35.313,38.31581440280351,32.310185597196494
83,deviant,10,99,321.3062361181635,36.33989898989899,39.50456318215711,33.17523479764087
84,background,1,99,157.7288813122061,21.511111111111113,23.064641315828645,19.95758090639358
84,background,2,100,149.26884082790104,19.4715,20.93433464011343,18.008665359886567
84,background,3,97,141.48568832217623,17.123711340206185,18.531549460586465,15.715873219825907
84,background,4,100,137.7969807170565,15.9695,17.319910411027152,14.619089588972846
84,background,5,100,135.0191799240701,14.576,15.899187963255887,13.252812036744114
84,background,6,100,127.83989781630855,13.8665,15.119330998599825,12.613669001400176
84,background,7,99,122.26702873542594,12.73030303030303,13.93455630720021,11.52604975340585
84,background,8,99,124.37551375191435,12.128282828282828,13.353303355489896,10.90326230107576
84,background,9,100,115.063540798346,10.9375,12.06512269982379,9.80987730017621
84,background,10,99,108.45901481544466,10.26060606060606,11.328859091299813,9.192353029912306
84,deviant,1,100,153.60959571178108,20.2695,21.774874037975454,18.764125962024547
84,deviant,2,100,158.71197016508935,21.094,22.649377307617875,19.538622692382127
84,deviant,3,100,161.21786501501626,19.504,21.08393507714716,17.924064922852843
84,deviant,4,100,158.03185887995062,19.511,21.059712217023517,17.96228778297648
84,deviant,5,98,160.09436362082798,18.787755102040816,20.37260844408527,17.20290175999636
84,deviant,6,100,155.49142809340427,17.926,19.44981599531536,16.402184004684635
84,deviant,7,99,152.33411167216408,17.44191919191919,18.942314311206747,15.941524072631633
84,deviant,8,100,150.11502607211438,16.247,17.718127255506722,14.77587274449328
84,deviant,9,100,146.4485808811586,15.5435,16.978696092635353,14.108303907364645
84,deviant,10,100,145.496816749407,15.4545,16.880368804144187,14.02863119585581
85,background,1,100,155.8750933819836,21.2995,22.82707591514344,19.771924084856558
85,background,2,100,148.34148016263725,17.706,19.159746505593844,16.252253494406155
85,background,3,98,131.7512308940803,15.498469387755103,16.802740030883406,14.194198744626801
85,background,4,98,127.40317272757628,13.045918367346939,14.307145430671842,11.784691304022036
85,background,5,100,120.8742931182727,11.941,13.125568072559073,10.756431927440929
85,background,6,99,104.73558184906963,10.342424242424242,11.374003801966857,9.310844682881626
85,background,7,100,110.2989239819634,9.475,10.555929455023241,8.394070544976758
85,background,8,100,94.79355685410604,8.2795,9.20847685717024,7.350523142829761
85,background,9,99,89.3154374585998,7.766666666666667,8.646367509563323,6.8869658237700095
85,background,10,99,84.5344682114312,6.8782828282828286,7.710894133286927,6.04567152327873
85,deviant,1,99,152.64409068500697,20.83080808080808,22.334256298268105,19.327359863348054
85,deviant,2,99,153.30952523022106,19.846464646464646,21.356466975363567,18.336462317565726
85,deviant,3,100,159.15593148329657,19.299,20.858728128536306,17.739271871463693
85,deviant,4,99,149.99779822945473,18.127777777777776,19.605161680154765,16.650393875400788
85,deviant,5,100,156.67184948500682,17.581,19.116384124953065,16.045615875046934
85,deviant,6,99,151.055827950777,15.641414141414142,17.12921897061118,14.153609312217103
85,deviant,7,99,146.300996507021,15.281313131313132,16.72228586352982,13.840340399096444
85,deviant,8,99,143.10743112118695,14.28989898989899,15.69941711312867,12.880380866669311
85,deviant,9,99,139.2254041398147,13.972222222222221,15.343504823073772,12.60093962137067
85,deviant,10,100,134.29431543402995,12.568999999999999,13.885084291253493,11.252915708746505
86,background,1,99,297.20312033496907,40.61515151515152,43.54241518769836,37.687887842604674
86,background,2,99,288.27950618143245,38.121212121212125,40.96058381096272,35.28184043146153
86,background,3,100,293.76774750418775,35.758,38.63692392554104,32.879076074458965
86,background,4,100,272.0155229703667,33.9015,36.56725212510959,31.235747874890407
86,background,5,100,284.3762981462562,32.233,35.01988772183331,29.446112278166687
86,background,6,100,286.34731855232246,30.3715,33.17770372181276,27.56529627818724
86,background,7,100,269.365848849322,29.0245,31.664285318723355,26.384714681276645
86,background,8,99,268.760468584359,27.81111111111111,30.45823256601696,25.16398965620526
86,background,9,100,252.46775197928488,25.9265,28.400683969396994,23.452316030603008
86,background,10,99,251.79239568802672,24.883838383838384,27.363835000597923,22.403841767078845
86,deviant,1,100,303.19629302691544,40.8615,43.83282367166377,37.89017632833623
86,deviant,2,100,301.35513234301106,40.075,43.02828029696151,37.121719703038494
86,deviant,3,100,308.5133623311024,39.31,42.33343095084481,36.2865690491552
86,deviant,4,99,303.2457401965746,38.60606060606061,41.592840280956125,35.61928093116509
86,deviant,5,100,309.0472157760807,38.4685,41.49716271460559,35.43983728539441
86,deviant,6,99,305.48725961891387,36.62070707070707,39.629564301076854,33.611849840337285
86,deviant,7,100,317.091722576159,37.1245,40.231998881246355,34.01700111875364
86,deviant,8,100,309.17695069669287,35.3165,38.34643411682759,32.28656588317241
86,deviant,9,100,316.461505100583,34.687,37.78832274998571,31.585677250014285
86,deviant,10,99,301.35708841313505,33.23131313131313,36.19949077487895,30.263135487747306
87,background,1,100,291.1669488545415,39.3585,42.21193609877451,36.50506390122549
87,background,2,98,294.49121602484087,36.671938775510206,39.587253077424734,33.75662447359568
87,background,3,97,274.18593384013974,34.28659793814433,37.01485557543436,31.558340300854304
87,background,4,99,279.16788007068055,29.772727272727273,32.52235518023974,27.023099365214804
87,background,5,100,276.6167118291263,27.785,30.495843775925437,25.074156224074564
87,background,6,100,258.4412739971369,24.3195,26.85222448517194,21.78677551482806
87,background,7,100,243.19366335235145,23.451,25.834297900853045,21.067702099146956
87,background,8,100,240.403985648719,22.3225,24.678459059357447,19.966540940642556
87,background,9,100,230.90468527990188,20.421,22.683865915743038,18.15813408425696
87,background,10,100,220.30417966744832,17.994,20.152980960740994,15.835019039259006
87,deviant,1,100,299.06789846912164,39.2735,42.20436540499739,36.34263459500261
87,deviant,2,100,311.0643866333448,40.31,43.358430989006784,37.26156901099322
87,deviant,3,99,306.49451785257793,39.57373737373737,42.59251546372988,36.554959283744864
87,deviant,4,99,322.34220129676174,38.95050505050505,42.125372847725046,35.775637253285055
87,deviant,5,100,333.60941943662516,37.2675,40.53687231047893,33.99812768952107
87,deviant,6,99,317.34123257896516,34.346464646464646,37.472076049476364,31.220853243452925
87,deviant,7,100,313.22966183398336,32.543,35.61265068597304,29.47334931402696
87,deviant,8,100,324.24916507622896,34.046,37.223641817747044,30.868358182252955
87,deviant,9,99,315.0071678382473,31.873737373737374,34.976359708137785,28.771115039336962
87,deviant,10,99,309.38548599985813,30.723232323232324,33.770484629869955,27.675980016594696
88,background,1,100,81.38427366512526,19.78,20.57756588191823,18.982434118081773
88,background,2,99,82.18294739241995,17.48989898989899,18.299349294907625,16.680448684890354
88,background,3,100,81.85767494479929,15.166,15.968205214459033,14.363794785540968
88,background,4,99,79.30553840087484,13.026262626262627,13.80737226377586,12.245152988749393
88,background,5,100,75.63344776653138,10.9415,11.682707788112006,10.200292211887993
88,background,6,100,71.442284397967,9.76,10.460134387100076,9.059865612899923
88,background,7,100,65.83060398517267,8.664,9.309139919054692,8.018860080945307
88,background,8,100,58.01828205515549,7.208,7.776579164140524,6.639420835859476
88,background,9,98,55.87325883310889,6.533673469387755,7.086790512298109,5.9805564264774
88,background,10,100,55.11695698574461,6.256,6.7961461784602974,5.715853821539703
88,deviant,1,100,83.71052879763063,20.396,21.21636318221678,19.57563681778322
88,deviant,2,99,113.120429538379,21.873737373737374,22.987902405508848,20.7595723419659
88,deviant,3,100,136.96588126821567,22.567,23.909265636428515,21.224734363571486
88,deviant,4,98,136.17131238182833,21.34387755102041,22.691904768456084,19.995850333584734
88,deviant,5,100,141.23552557416468,21.384,22.768108150626816,19.999891849373185
88,deviant,6,100,148.0380552070098,20.8845,22.335272941028695,19.433727058971304
88,deviant,7,100,154.35885223451845,20.7065,22.21921675189828,19.193783248101717
88,deviant,8,100,146.07150375937914,19.642,21.073500736841915,18.210499263158084
88,deviant,9,99,154.74955998577013,20.17676767676768,21.70095344163582,18.652581911899535
88,deviant,10,99,157.81147146616362,19.956060606060607,21.510404271811513,18.4017169403097
89,background,1,100,86.41058658338228,19.866,20.712823748517145,19.019176251482854
89,background,2,99,79.78505664068865,15.522727272727273,16.308559863088878,14.73689468236567
89,background,3,100,74.98705151382366,12.042,12.776873104835472,11.307126895164528
89,background,4,99,67.56665325128178,9.351515151515152,10.017004158881992,8.686026144148311
89,background,5,98,58.23683497038985,7.450510204081633,8.027025456995297,6.873994951167969
89,background,6,100,50.22970917903592,6.0705,6.562751149954552,5.578248850045448
89,background,7,99,44.82768176731405,5.332323232323232,5.773847682719486,4.8907987819269785
89,background,8,99,44.949650194763244,4.932828282828283,5.375554045466708,4.490102520189859
89,background,9,99,40.02390732917935,4.398484848484848,4.792695144211353,4.004274552758344
89,background,10,99,33.96352532690885,3.819191919191919,4.153711266663882,3.4846725717199565
89,deviant,1,100,79.56940036021517,20.107,20.88678012353011,19.32721987646989
89,deviant,2,100,121.87982649012575,21.8785,23.07292229960323,20.684077700396767
89,deviant,3,100,133.47883727392895,21.283,22.591092605284505,19.974907394715498
89,deviant,4,100,145.66913663649228,21.5995,23.027057539037624,20.171942460962374
89,deviant,5,99,137.95027708333325,19.138383838383838,20.497107240307354,17.779660436460322
89,deviant,6,98,154.50370460555988,20.06020408163265,21.589712723063137,18.530695440202166
89,deviant,7,99,146.67286370480542,17.43080808080808,18.87544347086584,15.98617269075032
89,deviant,8,99,149.18967087146765,17.045454545454547,18.514878901999175,15.57603018890992
89,deviant,9,100,145.47332908022767,15.833,17.258638624986233,14.40736137501377
89,deviant,10,100,138.5237771723875,13.911,15.268533016289396,12.553466983710603
90,background,1,100,159.43857916550746,36.7725,38.33499807582197,35.21000192417803
90,background,2,100,166.61045806563914,33.9745,35.607282489043264,32.341717510956734
90,background,3,100,163.65453826501982,31.0215,32.6253144749972,29.417685525002806
90,background,4,99,161.91601949288727,29.306565656565656,30.90133653693433,27.71179477619698
90,background,5,100,162.86913539144825,27.0455,28.641617526836193,25.44938247316381
90,background,6,100,155.46523557916163,24.2145,25.738059308675783,22.69094069132422
90,background,7,100,161.6481640705159,23.0385,24.622652007891055,21.454347992108943
90,background,8,100,158.73556295729202,21.044,22.599608516981462,19.48839148301854
90,background,9,100,147.6624974659942,19.4685,20.915592475166743,18.021407524833254
90,background,10,100,140.24002919806347,17.7595,19.13385228614102,16.385147713858977
90,deviant,1,99,167.6506471018952,37.025757575757574,38.67701092864038,35.37450422287477
90,deviant,2,99,204.79092033738112,40.62020202020202,42.63726368797791,38.60314035242614
90,deviant,3,100,228.1598124122651,41.557,43.7929661616402,39.3210338383598
90,deviant,4,99,265.8119339129196,43.07373737373737,45.691817617968105,40.45565712950664
90,deviant,5,100,265.85630764717524,42.5505,45.155891814942315,39.945108185057684
90,deviant,6,99,281.42235537580024,42.428282828282825,45.200115898560384,39.656449758005266
90,deviant,7,98,291.41089637540284,42.6295918367347,45.514412529876466,39.74477114359293
90,deviant,8,99,294.34299719884626,42.62626262626263,45.525355886110084,39.727169366415175
90,deviant,9,100,295.62358267157737,39.2305,42.127611110181455,36.33338888981854
90,deviant,10,100,307.33890945202154,39.807,42.81892131262981,36.79507868737019
91,background,1,100,167.69447469164052,36.407000000000004,38.050405851978084,34.76359414802192
91,background,2,100,161.44484963505093,32.8885,34.470659526423496,31.3063404735765
91,background,3,98,157.6310983210316,28.33061224489796,29.89108050457955,26.77014398521637
91,background,4,100,154.94786899232645,24.218,25.736489116124798,22.699510883875202
91,background,5,100,147.24285345896027,21.301,22.743979963897807,19.85802003610219
91,background,6,100,133.88888755429375,18.1035,19.41561109803208,16.79138890196792
91,background,7,100,133.0421282704724,16.2095,17.51331285705063,14.905687142949368
91,background,8,98,117.50444560459025,13.81530612244898,14.978540786740982,12.652071458156978
91,background,9,100,110.15204802549306,12.017,13.096490070649832,10.937509929350167
91,background,10,100,108.75924643086918,10.867,11.932840615022519,9.801159384977483
91,deviant,1,100,167.28176671019534,36.765,38.404361313759914,35.12563868624009
91,deviant,2,100,229.3221590504915,42.613,44.86035715869482,40.36564284130518
91,deviant,3,99,278.27603675411746,44.736363636363635,47.47720744854347,41.9955198241838
91,deviant,4,100,275.66893282761436,41.2365,43.93805554171062,38.53494445828938
91,deviant,5,100,308.97838878608013,43.0065,46.03448821010359,39.978511789896416
91,deviant,6,100,306.36132777799276,40.595,43.59734101222433,37.59265898777567
91,deviant,7,100,297.18267021090617,37.0755,39.987890168066876,34.16310983193312
91,deviant,8,99,322.68858215411274,38.81818181818182,41.99646124883099,35.63990238753265
91,deviant,9,100,308.59935276392883,35.2515,38.2757736570865,32.2272263429135
91,deviant,10,99,306.6422482650631,34.78484848484849,37.80508162642091,31.76461534327607
92,background,1,100,84.06692196352292,19.929,20.752855835242524,19.105144164757473
92,background,2,100,81.60571122944249,17.2125,18.012235970048536,16.41276402995146
92,background,3,100,83.50299395830069,14.961500000000001,15.779829340791348,14.143170659208653
92,background,4,100,81.11265719907551,13.207,14.00190404055094,12.412095959449061
92,background,5,100,75.63019447145085,11.395,12.136175905820219,10.65382409417978
92,background,6,100,74.0009423837576,9.8665,10.591709235360824,9.141290764639177
92,background,7,100,68.77857300979106,8.7655,9.439530015495952,8.091469984504046
92,background,8,100,61.569066908635214,7.5184999999999995,8.121876855704624,6.915123144295374
92,background,9,98,59.10109536788815,6.7729591836734695,7.358030178016081,6.187888189330858
92,background,10,100,57.536693097810016,6.2805,6.844359592358538,5.716640407641462
92,deviant,1,99,84.7083696852728,20.003535353535355,20.837859478601388,19.169211228469322
92,deviant,2,100,123.21163863343773,22.7325,23.939974058607692,21.52502594139231
92,deviant,3,99,132.89163571160242,22.443939393939395,23.752838362313152,21.135040425565638
92,deviant,4,100,135.57588669314163,21.917,23.24564368959279,20.588356310407214
92,deviant,5,100,148.2254062319668,22.4605,23.913108981073275,21.007891018926724
92,deviant,6,99,145.2882253352027,20.67676767676768,22.107765250390724,19.245770103144633
92,deviant,7,99,151.71888825268783,20.879797979797978,22.37413353563175,19.385462423964206
92,deviant,8,100,151.44746353282488,20.2575,21.741685142621684,18.773314857378317
92,deviant,9,99,154.10918036795928,19.8530303030303,21.370908731724636,18.335151874335967
92,deviant,10,100,153.6403524297469,18.752,20.25767545381152,17.24632454618848
93,background,1,100,82.43506216219048,20.3005,21.108363609189468,19.49263639081053
93,background,2,99,81.63028011454418,16.038888888888888,16.842895769065013,15.234882008712763
93,background,3,100,77.30969844517703,12.416,13.173635044762735,11.658364955237266
93,background,4,100,66.92592134119948,9.447,10.102874029143754,8.791125970856244
93,background,5,99,59.83771913750513,7.623232323232323,8.212596194250438,7.033868452214209
93,background,6,100,54.44582048625086,6.465,6.9985690407652585,5.931430959234741
93,background,7,100,47.16449378170204,5.458,5.92021203906068,4.99578796093932
93,background,8,100,44.727949580594576,4.834,5.272333905889827,4.395666094110172
93,background,9,99,36.712503248033116,4.2005050505050505,4.5621001002646295,3.838910000745471
93,background,10,100,34.68171063588961,3.967,4.306880764231718,3.6271192357682818
93,deviant,1,100,81.87776512004118,19.849,20.651402098176405,19.046597901823596
93,deviant,2,100,126.90039608415645,22.363,23.60662388162473,21.119376118375268
93,deviant,3,99,139.9369030745831,22.59292929292929,23.971219710463437,21.214638875395146
93,deviant,4,100,144.18260534548034,21.2415,22.654489532385707,19.82851046761429
93,deviant,5,99,151.57085367645894,21.613636363636363,23.106513872068792,20.120758855203935
93,deviant,6,100,151.03168890213595,19.6345,21.114610551240933,18.154389448759066
93,deviant,7,100,146.8172870934267,17.045,18.483809413515583,15.60619058648442
93,deviant,8,100,158.16101888498582,18.5865,20.13647798507286,17.03652201492714
93,deviant,9,100,153.40999418482969,17.951999999999998,19.45541794301133,16.448582056988666
93,deviant,10,100,140.3426633561396,15.066,16.44135810089017,13.690641899109833
94,background,1,100,169.569641026614,36.684,38.34578248206081,35.02221751793918
94,background,2,100,163.82069787615842,34.339999999999996,35.94544283918635,32.734557160813644
94,background,3,99,160.54208334986745,31.923737373737374,33.50497584786708,30.342498899607666
94,background,4,100,164.71232497903728,29.8805,31.494680784794568,28.266319215205435
94,background,5,99,167.75152364199417,27.322222222222223,28.97446914553225,25.669975298912195
94,background,6,100,164.4849137219133,25.8435,27.45545215447475,24.23154784552525
94,background,7,100,156.56526300219787,22.5685,24.102839577421538,21.034160422578463
94,background,8,100,154.05211011725527,21.365,22.8747106791491,19.855289320850897
94,background,9,98,147.9317410159158,18.8234693877551,20.287918908906306,17.359019866603894
94,background,10,100,145.7004136106545,17.911,19.338864053384416,16.483135946615587
94,deviant,1,99,165.22016411921078,36.762121212121215,38.389435837395986,35.134806586846445
94,deviant,2,100,212.43384728824225,41.4065,43.488351703424776,39.324648296575226
94,deviant,3,100,252.41886658989324,44.97,47.44370489258095,42.496295107419044
94,deviant,4,98,262.0065889087123,43.19387755102041,45.7876104512811,40.60014465075972
94,deviant,5,99,269.8487978187239,42.65151515151515,45.30935596437369,39.99367433865661
94,deviant,6,100,284.75105470901195,42.789,45.57956033614832,39.998439663851684
94,deviant,7,99,305.52425177234727,42.61010101010101,45.61932258989887,39.60087943030315
94,deviant,8,100,323.216812518682,43.2455,46.41302476268308,40.07797523731692
94,deviant,9,99,321.27483315854766,42.39949494949495,45.56384984236621,39.23514005662369
94,deviant,10,100,317.4893740451465,41.5795,44.69089586564244,38.46810413435757
95,background,1,100,166.6593358036876,37.7995,39.43276149087614,36.166238509123865
95,background,2,96,161.66443478292996,32.59375,34.21073111365898,30.976768886341024
95,background,3,100,165.54992886548888,27.834,29.45638930288179,26.21161069711821
95,background,4,100,155.3362820667335,24.8435,26.365795564253986,23.32120443574601
95,background,5,100,149.45754545936057,21.678,23.142683945501734,20.213316054498268
95,background,6,100,141.06775154625447,18.011,19.393463965153295,16.628536034846704
95,background,7,99,131.89364734711947,15.96010101010101,17.259170421228927,14.661031598973095
95,background,8,100,122.22766720991999,14.0315,15.229331138657216,12.833668861342783
95,background,9,99,104.98542505359592,11.884343434343434,12.918383792196707,10.85030307649016
95,background,10,100,115.00978219264654,11.3605,12.487595865487936,10.233404134512064
95,deviant,1,99,166.13286534388195,36.61464646464646,38.25095062252055,34.978342306772376
95,deviant,2,99,246.53567052681294,43.22727272727273,45.65549390983211,40.79905154471334
95,deviant,3,100,276.6047008391502,44.8585,47.56922606822367,42.14777393177633
95,deviant,4,100,299.15191968735814,45.3065,48.23818881293611,42.37481118706389
95,deviant,5,100,290.97787942692395,41.84,44.691583218383855,38.98841678161615
95,deviant,6,100,293.8600633670817,38.843,41.722828620997404,35.9631713790026
95,deviant,7,100,298.72532710272753,37.775999999999996,40.703508205606724,34.84849179439327
95,deviant,8,100,325.84396491830904,39.196,42.389270856199424,36.00272914380057
95,deviant,9,100,310.9850690272682,36.3205,39.36815367646723,33.272846323532775
95,deviant,10,98,323.63847195028563,36.51989795918367,39.723755373548265,33.31604054481908
96,background,1,100,154.73208594552273,21.0795,22.595874442266123,19.563125557733876
96,background,2,100,152.66747490784292,18.501,19.99714125409686,17.004858745903142
96,background,3,100,146.77720316323328,17.421,18.859416590999686,15.982583409000313
96,background,4,100,140.27292007106416,15.4575,16.832174616696427,14.082825383303572
96,background,5,99,130.5304158948565,14.38080808080808,15.666450520163341,13.09516564145282
96,background,6,100,126.47530443362825,13.0855,14.324957983449556,11.846042016550443
96,background,7,100,120.28979262816242,11.8375,13.016339967755993,10.658660032244008
96,background,8,99,119.90037531217321,11.378787878787879,12.559731109062438,10.19784464851332
96,background,9,100,114.64798526932684,10.6865,11.810050255639403,9.562949744360598
96,background,10,100,106.24586679267252,9.689,10.730209494568191,8.647790505431809
96,deviant,1,100,153.94190633585055,20.316,21.824630682091335,18.807369317908663
96,deviant,2,100,159.05802483105936,19.1705,20.729268643344383,17.611731356655618
96,deviant,3,100,158.09658939694864,19.502,21.051346576090097,17.9526534239099
96,deviant,4,100,159.15856872942783,18.1825,19.742253973548394,16.62274602645161
96,deviant,5,98,158.18137491000968,17.79795918367347,19.363874903661383,16.232043463685557
96,deviant,6,99,150.6532879093408,16.828787878787878,18.312627941939684,15.344947815636074
96,deviant,7,100,157.0709862986863,17.145,18.684295665727124,15.605704334272874
96,deviant,8,100,155.51891914016863,15.8945,17.418585407573655,14.370414592426348
96,deviant,9,100,147.14682964197428,15.531,16.97303893049135,14.088961069508652
96,deviant,10,99,148.06044284967575,15.52020202020202,16.978504191479928,14.061899848924115
97,background,1,99,156.07024396928318,20.17070707070707,21.707900741560504,18.633513399853637
97,background,2,100,145.85718501689465,18.1895,19.618900413165566,16.760099586834432
97,background,3,100,138.56297257355965,15.3695,16.727417131220886,14.011582868779115
97,background,4,100,124.50984953640798,13.3325,14.552696525456797,12.112303474543202
97,background,5,98,119.75062905010033,11.904591836734694,13.090062582672223,10.719121090797165
97,background,6,99,110.32708547529786,10.500505050505051,11.587157401415146,9.413852699594957
97,background,7,99,106.05869774997737,9.646464646464647,10.691076064848216,8.601853228081078
97,background,8,98,95.98523735175989,8.629081632653062,9.579287003806277,7.678876261499846
97,background,9,99,88.0148312860724,7.395959595959596,8.262850286671986,6.529068905247205
97,background,10,100,81.33905645668113,6.849,7.646122753275475,6.051877246724525
97,deviant,1,100,150.9517612037909,20.7605,22.239827259797153,19.281172740202848
97,deviant,2,100,158.21625773139218,19.681,21.231519325767643,18.13048067423236
97,deviant,3,100,149.41403090599943,17.472,18.936257502878796,16.007742497121207
97,deviant,4,99,152.33047523135522,16.877777777777776,18.37813708041218,15.377418475143372
97,deviant,5,100,158.35221401739392,17.5555,19.107351697370458,16.00364830262954
97,deviant,6,99,153.71230817410336,15.694949494949494,17.20891898232986,14.18098000756913
97,deviant,7,100,138.58719466933366,13.92,15.278154507759469,12.561845492240531
97,deviant,8,100,144.71805619712313,14.363,15.781236950731806,12.944763049268193
97,deviant,9,100,143.48826286127857,13.9795,15.38568497604053,12.57331502395947
97,deviant,10,100,140.6742317330513,13.0055,14.384107470983903,11.626892529016096
98,background,1,100,296.9443905054136,39.3535,42.26355502695305,36.443444973046944
98,background,2,100,291.44539977949825,36.338,39.19416491783908,33.48183508216092
98,background,3,99,291.8537936058143,34.775757575757574,37.65033374694444,31.901181404570707
98,background,4,99,286.7290257552003,33.76616161616162,36.59026204960242,30.94206118272081
98,background,5,100,274.0801793943556,31.3095,33.99548575806468,28.623514241935315
98,background,6,100,263.06259511258617,28.8425,31.420513432103345,26.264486567896657
98,background,7,100,263.9445615634984,28.461,31.047656703322282,25.874343296677715
98,background,8,99,259.04324471326964,26.673232323232323,29.224645239130286,24.12181940733436
98,background,9,99,242.4980032473409,24.681313131313132,27.069765832519735,22.29286043010653
98,background,10,99,243.28701373610474,24.58131313131313,26.9775370892226,22.18508917340366
98,deviant,1,100,302.2267709066018,38.294,41.25582235488469,35.3321776451153
98,deviant,2,100,281.73631288848804,38.3985,41.15951586630718,35.637484133692816
98,deviant,3,100,293.2781148186461,38.402,41.27612552522273,35.52787447477727
98,deviant,4,100,311.2432413132177,38.4065,41.45668376486954,35.356316235130464
98,deviant,5,100,319.294477180384,37.924,41.05308587636776,34.79491412363224
98,deviant,6,100,305.56973534349686,36.854,39.84858340636627,33.85941659363373
98,deviant,7,100,325.673710620728,36.8765,40.06810236408313,33.68489763591687
98,deviant,8,100,312.39204872285586,36.6285,39.68994207748399,33.567057922516014
98,deviant,9,99,293.076579717567,32.18131313131313,35.067932976066395,29.29469328655987
98,deviant,10,100,319.1413397490869,33.872,36.99958512954105,30.744414870458947
99,background,1,99,292.1013072278359,39.02929292929293,41.90630695386904,36.152278904716816
99,background,2,100,286.0702894854966,35.528,38.33148883695787,32.72451116304213
99,background,3,100,278.97961630877177,31.315,34.049000239825965,28.580999760174038
99,background,4,100,269.67979062896836,29.787,32.42986194816389,27.14413805183611
99,background,5,98,265.69422472577685,27.942857142857143,30.573095775216935,25.31261851049735
99,background,6,99,255.7349779505503,25.614141414141415,28.132969984684298,23.09531284359853
99,background,7,100,247.6721729689428,23.255,25.682187295095638,20.82781270490436
99,background,8,100,219.06303466786613,20.5685,22.71531773974509,18.42168226025491
99,background,9,100,223.83326736423112,19.86,22.053566020169463,17.666433979830536
99,background,10,100,213.0795996557945,18.044,20.13218007662679,15.955819923373214
99,deviant,1,99,304.2179923050332,39.336868686868684,42.33322443308687,36.3405129406505
99,deviant,2,99,299.63070691488844,39.1479797979798,42.099153670390464,36.19680592556914
99,deviant,3,99,312.2978756858502,37.51919191919192,40.59512943114804,34.4432544072358
99,deviant,4,98,315.3151389358038,36.433673469387756,39.55513409071975,33.312212848055765
99,deviant,5,98,326.9077489381209,36.88418367346939,40.12040527882143,33.647962068117344
99,deviant,6,99,305.6776811231761,33.36010101010101,36.370833772434494,30.34936824776753
99,deviant,7,100,314.6662099498618,32.8235,35.90722885750865,29.739771142491357
99,deviant,8,98,303.8414363135032,30.930102040816326,33.93797880113467,27.922225280497987
99,deviant,9,99,312.09421654365855,31.86868686868687,34.942618466277594,28.794755271096143
99,deviant,10,100,305.3233876607418,29.4075,32.39966919907527,26.41533080092473
100,background,1,100,77.75741629885657,19.393,20.155022679728795,18.630977320271207
100,background,2,100,80.46830039475826,16.792,17.58058934386863,16.003410656131372
100,background,3,99,75.13531652607637,14.556565656565656,15.296601233393393,13.81653007973792
100,background,4,100,69.55194953565662,12.064,12.745609105449436,11.382390894550564
100,background,5,99,68.54934834040901,10.610606060606061,11.285773996082238,9.935438125129885
100,background,6,100,61.04314694929878,9.3145,9.912722840103129,8.716277159896872
100,background,7,99,57.84386880123716,8.08131313131313,8.651038831469263,7.5115874311569995
100,background,8,100,54.01914865168306,7.316,7.845387656786494,6.7866123432135055
100,background,9,100,50.36386026758306,6.3665,6.860065830622315,5.872934169377686
100,background,10,100,43.67442344390931,5.8805,6.308509349750311,5.452490650249688
100,deviant,1,100,80.91410325316073,19.0625,19.855458211880975,18.269541788119025
100,deviant,2,100,114.41360795032435,21.767,22.88825335791318,20.64574664208682
100,deviant,3,100,125.53375515856492,21.7475,22.977730800553935,20.517269199446062
100,deviant,4,99,133.26865426845998,21.184343434343436,22.496955798202816,19.871731070484056
100,deviant,5,100,143.92781450947447,20.418,21.828492582192847,19.00750741780715
100,deviant,6,100,140.14953480216465,19.5875,20.960965441061212,18.214034558938785
100,deviant,7,100,153.8630371808847,21.0315,22.53935776437267,19.52364223562733
100,deviant,8,100,148.6856981760696,19.374,20.83111984212548,17.916880157874516
100,deviant,9,100,150.69217490947355,18.798000000000002,20.27478331411284,17.321216685887162
100,deviant,10,100,152.01959707464312,18.19,19.679792051331503,16.7002079486685
101,background,1,99,77.0076209489069,19.157575757575756,19.916052354520385,18.399099160631128
101,background,2,100,73.1767686747933,14.9215,15.638632333012975,14.204367666987025
101,background,3,100,69.06943493402319,11.4025,12.079380462353427,10.725619537646573
101,background,4,100,57.620308919685606,8.664,9.228679027412918,8.099320972587082
101,background,5,100,51.18665533330466,7.216,7.717629222266385,6.714370777733615
101,background,6,100,45.06550787464843,6.05,6.491641977171555,5.608358022828445
101,background,7,100,36.94330649436839,5.1665,5.52854440364481,4.80445559635519
101,background,8,100,29.562422805062226,4.432,4.72171174348961,4.1422882565103905
101,background,9,99,27.29319367631116,4.141919191919192,4.410739971009278,3.8730984128291066
101,background,10,99,24.946785469538113,3.7262626262626264,3.971972761369866,3.480552491155387
101,deviant,1,99,79.86460582234095,19.223737373737375,20.010353473469166,18.437121274005584
101,deviant,2,100,129.58084247620135,21.829,23.098892256266772,20.55910774373323
101,deviant,3,100,140.79115739278515,22.0035,23.383253342449294,20.623746657550704
101,deviant,4,100,145.92908335359698,20.7825,22.21260501686525,19.352394983134747
101,deviant,5,99,150.55605705447218,20.273737373737372,21.75661977416684,18.790854973307905
101,deviant,6,100,152.85169110508463,19.1325,20.63044657282983,17.63455342717017
101,deviant,7,100,145.57292439114312,16.9715,18.3981146590332,15.544885340966797
101,deviant,8,99,149.90312661322665,17.383838383838384,18.860289830382833,15.907386937293937
101,deviant,9,100,153.77629000733842,16.385,17.892007642071917,14.877992357928084
101,deviant,10,100,144.7057813561529,15.177,16.595116657290298,13.758883342709701
102,background,1,99,157.2940424474928,35.66969696969697,37.218944285289204,34.12044965410474
102,background,2,100,159.33152296556483,34.0465,35.60794892506254,32.485051074937466
102,background,3,99,157.84475217590756,31.145959595959596,32.70063105575425,29.591288136164938
102,background,4,99,153.05588934489876,28.482828282828283,29.99033245789786,26.975324107758706
102,background,5,100,155.75956505224053,25.983,27.50944373751196,24.456556262488043
102,background,6,100,147.27822756873965,23.7535,25.196826630173646,22.31017336982635
102,background,7,99,147.63782142726663,21.965656565656566,23.419796181926085,20.511516949387048
102,background,8,100,143.05747832694087,19.97,21.371963287604018,18.56803671239598
102,background,9,99,136.26028691248848,18.076262626262626,19.41834068870081,16.734184563824442
102,background,10,100,132.468159034142,16.8355,18.13368795853459,15.537312041465409
102,deviant,1,100,157.87034987109217,36.005,37.552129428736706,34.4578705712633
102,deviant,2,99,204.0257917132305,39.87323232323232,41.88275795564029,37.86370669082436
102,deviant,3,100,234.7365208281965,41.4695,43.76991790411632,39.169082095883674
102,deviant,4,100,244.80171353029465,40.704,43.10305679259689,38.30494320740311
102,deviant,5,100,258.00618617634575,40.7445,43.27296062452819,38.216039375471816
102,deviant,6,100,272.1288442902311,41.7705,44.437362674044266,39.10363732595573
102,deviant,7,100,284.1906420919443,40.323,43.10806829250105,37.53793170749895
102,deviant,8,100,302.1998510919554,42.9765,45.938058540701164,40.01494145929884
102,deviant,9,100,313.1897398668972,42.4395,45.50875945069559,39.37024054930441
102,deviant,10,99,301.80400576323837,40.0959595959596,43.068539094129484,37.12338009778971
103,background,1,98,161.1108559183299,36.79540816326531,38.39032426566199,35.200492060868626
103,background,2,100,157.5383829587671,31.472,33.01587615299592,29.928123847004084
103,background,3,100,151.3937007658474,27.493,28.976658267505304,26.009341732494693
103,background,4,100,143.2598853023487,23.326,24.729946875963016,21.922053124036985
103,background,5,99,136.5108825428639,20.374747474747476,21.719293746417346,19.030201203077606
103,background,6,100,133.64653893169495,17.7125,19.022236081530608,16.40276391846939
103,background,7,100,119.60356666042506,14.9175,16.089614953272164,13.745385046727835
103,background,8,100,115.5331918586716,13.6005,14.732725280214982,12.468274719785018
103,background,9,100,99.45031819694539,11.5555,12.530113118330066,10.580886881669935
103,background,10,100,91.35648797286838,10.4415,11.33679358213411,9.54620641786589
103,deviant,1,99,150.68376610776974,36.145959595959596,37.63009985018263,34.66181934173656
103,deviant,2,100,232.98334591486199,41.4265,43.709736789965646,39.14326321003435
103,deviant,3,100,267.66066498263683,42.431,45.054074516829836,39.80792548317016
103,deviant,4,99,272.9208580098673,41.246464646464645,43.934563318619126,38.55836597431016
103,deviant,5,100,305.2635746367391,41.5905,44.58208303144004,38.598916968559955
103,deviant,6,99,299.24618891298746,41.45,44.397386612111596,38.50261338788841
103,deviant,7,100,299.69931422572256,37.738,40.67505327941208,34.800946720587916
103,deviant,8,100,305.95117429523225,37.205,40.203321508093275,34.20667849190672
103,deviant,9,100,312.8022033507,35.1635,38.22896159283686,32.09803840716314
103,deviant,10,100,296.5716430707498,32.9135,35.819902102093344,30.00709789790665
104,background,1,100,79.91805013163238,19.211,19.994196891289995,18.427803108710002
104,background,2,100,78.35632174811894,16.6405,17.408391953131567,15.872608046868434
104,background,3,100,78.08064319730764,14.5305,15.295690303333615,13.765309696666385
104,background,4,100,71.25039242735883,12.368500000000001,13.066753845788117,11.670246154211885
104,background,5,99,69.59854807922966,10.517171717171717,11.202673609697987,9.831669824645447
104,background,6,100,65.62477067629104,9.312,9.955122752627652,8.668877247372347
104,background,7,100,60.9542537697869,8.237,8.834351686943911,7.639648313056089
104,background,8,100,57.34353999316198,7.2935,7.855466691932987,6.7315333080670126
104,background,9,100,51.583504095174085,6.665,7.170518340132706,6.159481659867294
104,background,10,100,46.81641075295579,5.9095,6.3683008253789675,5.450699174621033
104,deviant,1,97,78.20896435360308,19.222680412371133,20.00089029831906,18.444470526423206
104,deviant,2,98,122.90808504089975,22.03418367346939,23.250911639000414,20.817455707938365
104,deviant,3,98,126.4373362579266,21.770408163265305,23.022073933349315,20.518742393181295
104,deviant,4,100,134.1944974948479,21.417,22.73210607544951,20.10189392455049
104,deviant,5,99,146.2312606078036,21.29141414141414,22.73170001891604,19.85112826391224
104,deviant,6,100,143.09087101706052,20.2375,21.639790535967194,18.835209464032808
104,deviant,7,100,146.03163860507834,19.7245,21.155610058329767,18.29338994167023
104,deviant,8,100,141.66159640049534,18.7655,20.153783644724854,17.377216355275145
104,deviant,9,100,146.7616399041944,18.209,19.647264071061105,16.770735928938894
104,deviant,10,100,152.44334581807934,17.857,19.350944789017177,16.36305521098282
105,background,1,100,80.37017972776772,19.2395,20.027127761332125,18.451872238667875
105,background,2,99,75.16324339658804,14.983333333333333,15.723643972258145,14.24302269440852
105,background,3,99,70.77070089566132,11.81969696969697,12.516743829699848,11.122650109694092
105,background,4,99,57.867589328888094,8.828282828282829,9.398242160706374,8.258323495859283
105,background,5,99,49.221759202078175,7.298484848484849,7.783288195935231,6.813681501034466
105,background,6,100,45.63758838593698,6.241,6.688248366182182,5.793751633817817
105,background,7,97,37.61018898901565,5.202061855670103,5.57629799503759,4.827825716302616
105,background,8,100,34.05950674921761,4.7315,5.065283166142332,4.397716833857667
105,background,9,99,29.302999666820533,4.191414141414142,4.480030244517833,3.902798038310451
105,background,10,100,27.84038150071337,3.8355,4.108335738706991,3.5626642612930093
105,deviant,1,99,78.0450780672703,19.30757575757576,20.076270654149905,18.538880861001612
105,deviant,2,99,124.21195806489725,22.235353535353536,23.458763141987145,21.011943928719926
105,deviant,3,99,137.03399501391502,21.663636363636364,23.013334963893627,20.3139377633791
105,deviant,4,100,153.08985149767094,21.5165,23.016780544677175,20.016219455322826
105,deviant,5,100,144.8834649677203,19.729499999999998,21.14935795668366,18.309642043316337
105,deviant,6,100,143.4352136900691,18.1955,19.601165094162678,16.78983490583732
105,deviant,7,100,152.9682113519359,18.233,19.73208847124897,16.73391152875103
105,deviant,8,100,136.03411917216715,15.348500000000001,16.681634367887238,14.015365632112763
105,deviant,9,100,145.75996851348668,16.059,17.48744769143217,14.630552308567832
105,deviant,10,100,156.85793102777998,15.882,17.419207724072244,14.344792275927755
106,background,1,98,159.63196982269463,36.48826530612245,38.06854118310356,34.90798942914134
106,background,2,100,158.6926274279936,33.7085,35.26368774879434,32.15331225120566
106,background,3,100,157.67681804047297,30.776,32.32123281679664,29.230767183203366
106,background,4,100,155.85760201306564,28.3005,29.827904499728042,26.773095500271957
106,background,5,100,155.31712041734755,25.3745,26.896607780090008,23.852392219909994
106,background,6,100,153.5419195289403,24.374,25.878710811383613,22.869289188616385
106,background,7,98,148.0272556695308,22.29795918367347,23.763354251654512,20.832564115692428
106,background,8,100,144.80186099414752,20.193,21.612058237742648,18.773941762257355
106,background,9,98,136.58382812494006,18.42448979591837,19.77660071086425,17.072378880972487
106,background,10,100,134.65856432982056,17.3405,18.66015393043224,16.020846069567757
106,deviant,1,99,160.88501941972166,36.0040404040404,37.588656582610625,34.41942422547018
106,deviant,2,100,203.34727878551436,40.632,42.62480333209804,38.639196667901956
106,deviant,3,100,235.49765894467205,41.717999999999996,44.02587705765778,39.41012294234221
106,deviant,4,98,267.5577556931941,42.78775510204082,45.436441749776776,40.13906845430486
106,deviant,5,99,257.15668989527524,41.27070707070707,43.80353860906512,38.737875532349015
106,deviant,6,100,270.5374183672974,40.776,43.42726669999952,38.124733300000486
106,deviant,7,100,295.195466018526,42.182,45.07491556698156,39.289084433018445
106,deviant,8,100,287.60273679248314,40.1355,42.954006820566335,37.316993179433666
106,deviant,9,100,292.9051669774797,39.557,42.427470636379304,36.6865293636207
106,deviant,10,100,324.87639754868394,42.732,45.9157886959771,39.5482113040229
107,background,1,97,161.59848716071443,36.08711340206185,37.69508176351611,34.4791450406076
107,background,2,99,154.31806695741653,31.415656565656565,32.935592395781654,29.89572073553148
107,background,3,100,157.43127991202016,27.7835,29.326326543137796,26.240673456862204
107,background,4,99,145.94778265927127,24.257070707070707,25.694564505203548,22.819576908937865
107,background,5,100,141.01350252630718,20.9195,22.30143232475781,19.53756767524219
107,background,6,100,130.1118850512087,17.8125,19.087596473501847,16.537403526498153
107,background,7,100,116.88746274673096,15.22,16.365497134917963,14.074502865082037
107,background,8,100,111.3584066734169,13.849,14.940312385399485,12.757687614600515
107,background,9,100,112.15036898360114,12.112,13.211073616039291,11.012926383960709
107,background,10,100,98.79401750479042,10.806,11.774181371546945,9.837818628453054
107,deviant,1,99,161.2220273575021,36.62626262626262,38.21419812090366,35.038327131621585
107,deviant,2,100,229.37304136550821,42.4565,44.70435580538198,40.20864419461802
107,deviant,3,99,258.2022412149459,41.87020202020202,44.413331580977896,39.32707245942615
107,deviant,4,100,266.6087267099386,40.5405,43.1532655217574,37.927734478242606
107,deviant,5,100,286.0059301924755,41.4835,44.28635811588626,38.68064188411374
107,deviant,6,99,290.78047878443505,38.9530303030303,41.817034998782155,36.08902560727845
107,deviant,7,100,296.361789922918,36.631,39.535345541244595,33.726654458755405
107,deviant,8,99,314.0916016236766,37.314646464646465,40.408251048100304,34.221041881192626
107,deviant,9,100,302.4069539370311,35.8695,38.83308814858291,32.905911851417095
107,deviant,10,99,294.7534384425129,32.61616161616161,35.519297463923166,29.713025768400055
108,background,1,99,156.30558800665207,20.96868686868687,22.508198530180387,19.429175207193353
108,background,2,100,147.34511939839172,18.471,19.91498217010424,17.02701782989576
108,background,3,98,146.2357055542434,16.882142857142856,18.329802483828924,15.43448323045679
108,background,4,98,137.68261557502078,16.245408163265306,17.608396519009673,14.882419807520938
108,background,5,99,134.14456067204046,14.664646464646465,15.985885955276462,13.343406974016467
108,background,6,98,123.99510813780223,13.432142857142857,14.659631802317646,12.204653911968068
108,background,7,99,120.49435453034391,12.311111111111112,13.49790466282792,11.124317559394303
108,background,8,99,114.86453119355768,11.52878787878788,12.660131214107038,10.39744454346872
108,background,9,98,109.97074969951639,10.294387755102042,11.383042634927794,9.20573287527629
108,background,10,100,107.35092478703467,9.674999999999999,10.727039062912938,8.62296093708706
108,deviant,1,100,155.30787759191503,20.372,21.894017200400768,18.849982799599232
108,deviant,2,97,149.77186159728333,19.508247422680412,20.998536218794115,18.01795862656671
108,deviant,3,99,153.09842895133974,19.272222222222222,20.78014538564037,17.764299058804074
108,deviant,4,99,149.28401930900918,18.18232323232323,19.65267686159375,16.71196960305271
108,deviant,5,100,154.8470722663935,18.01,19.527501308210656,16.492498691789347
108,deviant,6,99,154.73249412079576,17.89040404040404,19.41442171724362,16.36638636356446
108,deviant,7,100,157.20941447636014,17.526,19.066652261868327,15.98534773813167
108,deviant,8,100,155.21179926661165,16.1275,17.648575632812797,14.606424367187207
108,deviant,9,100,142.8444406006979,15.8565,17.25637551788684,14.456624482113162
108,deviant,10,100,149.12377409387145,15.324,16.78541298611994,13.86258701388006
109,background,1,100,158.19984862591733,21.0515,22.60185851653399,19.50114148346601
109,background,2,99,147.11750584589106,17.65,19.09901483528504,16.200985164714957
109,background,3,99,138.5200631487614,15.85909090909091,17.22342634512958,14.494755473052237
109,background,4,99,127.80400290247069,13.809090909090909,15.067879896504024,12.550301921677793
109,background,5,100,119.60972720521215,12.227500000000001,13.39967532661108,11.055324673388922
109,background,6,100,109.04414847110996,10.215,11.283632655016877,9.146367344983123
109,background,7,100,101.25751434104194,9.574,10.56632364054221,8.58167635945779
109,background,8,99,95.09309842686298,8.656060606060606,9.592667772974409,7.719453439146803
109,background,9,100,90.12827116481205,7.724,8.607257057415158,6.840742942584842
109,background,10,100,85.63554967664453,7.201,8.040228386831116,6.361771613168884
109,deviant,1,99,153.13009604839104,20.62929292929293,22.13752799368543,19.12105786490043
109,deviant,2,99,158.15005366323533,19.93888888888889,21.496567376173775,18.381210401604005
109,deviant,3,100,152.6721289147709,18.083,19.579186863364754,16.586813136635243
109,deviant,4,100,150.14287055650485,17.2825,18.753900131453747,15.81109986854625
109,deviant,5,98,147.13997095497737,16.321938775510205,17.77855017295219,14.86532737806822
109,deviant,6,100,150.10439349788672,16.1385,17.60952305627929,14.667476943720711
109,deviant,7,100,151.56949943143158,15.7695,17.25488109442803,14.28411890557197
109,deviant,8,100,142.79686529067124,14.7815,16.180909279848578,13.382090720151421
109,deviant,9,100,137.07645772764153,13.2475,14.590849285730886,11.904150714269115
109,deviant,10,100,142.0623380588143,13.0985,14.490710912976379,11.70628908702362
110,background,1,99,308.28758361394694,39.102525252525254,42.138963911692905,36.0660865933576
110,background,2,100,286.8856777625247,35.6285,38.43997964207274,32.81702035792726
110,background,3,100,290.4627523905876,35.054,37.90053497342776,32.207465026572244
110,background,4,100,281.93238737795195,33.7025,36.465437396303926,30.93956260369607
110,background,5,100,288.5500914280879,32.2845,35.112290895995265,29.45670910400474
110,background,6,100,274.03138026222666,31.1025,33.78800752656982,28.416992473430177
110,background,7,99,269.126178585436,28.846464646464646,31.497188114699405,26.195741178229888
110,background,8,100,255.3780067190389,27.707,30.20970446584658,25.20429553415342
110,background,9,100,250.81883795617145,26.123,28.58102461197048,23.66497538802952
110,background,10,100,248.96207172558374,24.1465,26.58632830291072,21.70667169708928
110,deviant,1,100,294.80428833558824,39.411,42.300082025688766,36.521917974311236
110,deviant,2,100,310.384184689335,41.119,44.16076500995548,38.077234990044516
110,deviant,3,99,317.2768921869184,39.40707070707071,42.53204839771728,36.282093016424135
110,deviant,4,100,324.96204231781957,40.4485,43.633128014714636,37.26387198528537
110,deviant,5,99,307.6926397012379,37.79545454545455,40.82603338154593,34.76487570936316
110,deviant,6,100,307.28006683428754,37.3945,40.40584465497602,34.38315534502398
110,deviant,7,100,320.8493128852661,36.1415,39.28582326627561,32.997176733724395
110,deviant,8,97,292.057825925296,33.16288659793815,36.068976574733156,30.256796621143135
110,deviant,9,99,305.5887501373804,35.74747474747475,38.75733159557223,32.73761789937726
110,deviant,10,100,327.8571415466772,34.989,38.201999987157436,31.77600001284256
111,background,1,100,291.2108749415284,38.892,41.745866574426984,36.03813342557302
111,background,2,100,293.3725716379663,36.2085,39.08355120205207,33.33344879794793
111,background,3,99,280.0077019617402,33.07727272727273,35.83517235181945,30.319373102726004
111,background,4,100,271.299552834908,30.42,33.0787356177821,27.761264382217902
111,background,5,100,272.2892086695591,28.700499999999998,31.36893424496168,26.032065755038317
111,background,6,100,253.6810782728665,26.365,28.85107456707409,23.878925432925907
111,background,7,100,259.2372211741694,24.41,26.95052476750686,21.86947523249314
111,background,8,99,231.2200080124191,21.11868686868687,23.396058415317658,18.84131532205608
111,background,9,98,224.22716394904427,20.385714285714286,22.605449959878644,18.165978611549928
111,background,10,96,216.0844620439936,18.40416666666667,20.565461416185634,16.242871917147703
111,deviant,1,100,284.9860753754379,37.995,40.78786353867929,35.202136461320706
111,deviant,2,100,302.38050706457847,39.4985,42.46182896923287,36.53517103076713
111,deviant,3,100,312.5702952516189,38.506,41.569188893465864,35.44281110653414
111,deviant,4,100,313.7155097419182,36.87,39.944411995470794,33.7955880045292
111,deviant,5,100,326.3833675780354,37.1275,40.32605700226475,33.92894299773525
111,deviant,6,99,315.1529536757133,34.05050505050505,37.15456328364537,30.94644681736473
111,deviant,7,99,321.13970562095835,33.49090909090909,36.65393306258578,30.327885119232402
111,deviant,8,99,314.98917692350534,32.01464646464647,35.11709159986034,28.912201329432595
111,deviant,9,100,314.1425422353764,31.369,34.447596913906686,28.29040308609331
111,deviant,10,100,320.4184517323032,31.566,34.706100826976574,28.425899173023428
112,background,1,100,82.29934130324112,19.8745,20.681033544771765,19.067966455228238
112,background,2,99,78.01965002147654,17.018686868686867,17.787131315014623,16.25024242235911
112,background,3,99,77.44729956897346,14.586868686868687,15.34967584148265,13.824061532254724
112,background,4,100,74.92209989470115,12.396,13.130236578968072,11.66176342103193
112,background,5,100,70.85518961047838,10.822,11.516380858182687,10.127619141817311
112,background,6,98,63.30600287492493,9.614795918367347,10.24149337328479,8.988098463449905
112,background,7,99,60.043514922183945,8.37020202020202,8.961592850169202,7.778811190234839
112,background,8,100,55.30846513680771,7.192,7.734022958340716,6.649977041659285
112,background,9,99,50.46509997799939,6.732323232323233,7.229372703844749,6.235273760801716
112,background,10,98,49.66771163389118,6.167857142857143,6.659542402689937,5.676171883024349
112,deviant,1,100,80.74901009658846,19.2445,20.035840298946564,18.453159701053433
112,deviant,2,100,117.2966998234549,22.015,23.16450765826986,20.865492341730143
112,deviant,3,100,123.1854934213996,21.6495,22.856717835529714,20.442282164470285
112,deviant,4,100,136.00694641702756,21.804,23.13686807488687,20.471131925113127
112,deviant,5,99,139.9458541910519,21.35050505050505,22.728883630902487,19.97212647010761
112,deviant,6,100,148.12993940243283,20.295,21.74667340614384,18.843326593856162
112,deviant,7,99,146.05312659944562,20.394949494949493,21.833480864588477,18.95641812531051
112,deviant,8,99,152.10343606624375,20.677272727272726,22.17539583703161,19.179149617513843
112,deviant,9,100,155.21642784732617,20.1475,21.668620992903797,18.626379007096205
112,deviant,10,100,151.26193732796935,19.222,20.7043669858141,17.739633014185902
113,background,1,99,81.159848771616,19.57171717171717,20.371090599259862,18.77234374417448
113,background,2,100,79.19275285822029,15.5885,16.36458897801056,14.81241102198944
113,background,3,100,70.30123155318643,11.498,12.186952069221226,10.809047930778773
113,background,4,100,61.3020348249894,9.1215,9.722259941284895,8.520740058715104
113,background,5,100,52.60985999241067,7.4085,7.924076627925625,6.8929233720743754
113,background,6,99,46.90934706543317,6.196464646464647,6.658492189825462,5.734437103103832
113,background,7,99,43.88471739743383,5.644444444444445,6.0766812893090165,5.212207599579873
113,background,8,100,38.85286008574021,4.9115,5.292258028840254,4.530741971159746
113,background,9,100,30.77845281840425,4.2775,4.579128837620361,3.9758711623796383
113,background,10,100,34.0650693140117,4.1745,4.508337679277314,3.8406623207226853
113,deviant,1,100,79.4123648068141,19.4655,20.243741175106777,18.68725882489322
113,deviant,2,100,121.72198694263565,22.005,23.19787547203783,20.81212452796217
113,deviant,3,100,137.52830330708773,21.700499999999998,23.04827737240946,20.352722627590538
113,deviant,4,100,142.3643306154282,20.5645,21.959670440031196,19.1693295599688
113,deviant,5,100,142.7885260022483,19.583000000000002,20.982327554822035,18.18367244517797
113,deviant,6,99,155.49628528309646,20.177777777777777,21.709318316827872,18.646237238727682
113,deviant,7,99,140.8755142894456,16.891919191919193,18.27945433914802,15.504384044690367
113,deviant,8,98,160.84219137501137,18.846938775510203,20.43919523462065,17.254682316399755
113,deviant,9,100,142.83848994765492,16.1925,17.592317201487017,14.792682798512981
113,deviant,10,100,147.1117369821142,15.313,16.75469502242472,13.871304977575281
114,background,1,100,157.65423525784786,37.003,38.54801150552691,35.45798849447309
114,background,2,100,160.83143349482398,33.1815,34.75764804824927,31.605351951750723
114,background,3,100,161.11860619791216,31.228,32.80696234073954,29.64903765926046
114,background,4,100,159.9183261938155,28.7925,30.359699596699393,27.225300403300608
114,background,5,100,157.08247917306977,26.525,28.064408295896083,24.985591704103914
114,background,6,100,150.62477778974656,24.0845,25.560622822339514,22.608377177660483
114,background,7,99,150.38182980946237,22.14949494949495,23.63066132122152,20.66832857776838
114,background,8,99,145.88119715786036,20.80959595959596,22.246433932449516,19.372757986742403
114,background,9,99,140.81633241099632,19.08131313131313,20.468265374288926,17.694360888337336
114,background,10,99,137.22285945823577,17.486363636363635,18.837922432524202,16.134804840203067
114,deviant,1,96,157.0151601798877,37.0921875,38.66266618264854,35.52170881735146
114,deviant,2,100,211.47336525086635,41.106,43.17843897945849,39.03356102054151
114,deviant,3,100,227.3695172366363,41.1505,43.37872126891904,38.922278731080965
114,deviant,4,100,257.97999718460426,41.492,44.02020397240912,38.963796027590874
114,deviant,5,98,278.97724393143415,44.50561224489796,47.26734605862707,41.74387843116885
114,deviant,6,100,278.77192148874383,40.755,43.48696483058969,38.02303516941031
114,deviant,7,100,295.5842742060117,42.541,45.43772588721891,39.64427411278108
114,deviant,8,98,290.53090242374884,42.454081632653065,45.330190830126185,39.577972435179944
114,deviant,9,97,295.54093135344755,42.19175257731959,45.132500819959056,39.251004334680125
114,deviant,10,99,300.0513815648036,40.17878787878788,43.13410513172318,37.22347062585258
115,background,1,100,165.68927005248807,36.3265,37.95025484651438,34.70274515348562
115,background,2,99,158.91238069087663,32.09444444444444,33.65963137313499,30.529257515753894
115,background,3,100,154.90006965443035,27.563,29.081020682613417,26.04497931738658
115,background,4,100,153.02361358884932,23.608,25.107631413170722,22.10836858682928
115,background,5,100,144.52550312187665,20.416,21.83234993059439,18.99965006940561
115,background,6,100,132.67652590536048,18.2895,19.58972995387253,16.98927004612747
115,background,7,100,122.56893871141291,15.4355,16.636675599371845,14.234324400628152
115,background,8,99,116.86674823107411,14.154545454545454,15.305609367467804,13.003481541623104
115,background,9,99,100.98895197521674,12.397979797979797,13.392657411432992,11.403302184526602
115,background,10,99,97.36066967723669,10.857575757575757,11.816517074072678,9.898634441078837
115,deviant,1,99,165.88254405166518,36.596464646464646,38.230303297165236,34.96262599576406
115,deviant,2,100,207.66881528555328,38.31,40.345154389798424,36.27484561020158
115,deviant,3,97,253.01259590030398,41.14329896907216,43.66087358505534,38.625724353088984
115,deviant,4,100,268.4117418405811,41.141,43.77143507003769,38.51056492996231
115,deviant,5,100,294.276691317256,39.9795,42.86341157490911,37.095588425090895
115,deviant,6,99,273.0264398224195,36.925252525252525,39.61439111180635,34.2361139386987
115,deviant,7,99,298.92501259997425,38.78484848484848,41.72907171242863,35.840625257268336
115,deviant,8,98,319.6618937499268,39.8734693877551,43.037960686360194,36.70897808915001
115,deviant,9,100,312.7337273312975,36.95,40.01479052784672,33.885209472153285
115,deviant,10,99,294.4015964630627,33.11515151515152,36.014821940868515,30.215481089434522
116,background,1,100,78.5293776741847,19.324,20.093587901207012,18.55441209879299
116,background,2,100,80.45919201028164,17.1655,17.954000081700762,16.37699991829924
116,background,3,100,81.40215308157266,14.672,15.469741100199412,13.874258899800589
116,background,4,100,75.7074702564521,12.702,13.443933208513231,11.960066791486769
116,background,5,99,67.6429285991794,10.625757575757575,11.291997847292706,9.959517304222445
116,background,6,100,67.33445587044142,9.5775,10.237377667530327,8.917622332469675
116,background,7,100,64.97635197354091,8.623,9.2597682493407,7.986231750659298
116,background,8,100,61.09266042573966,7.7955,8.394208072172248,7.196791927827751
116,background,9,100,54.22072336390637,6.9565,7.487863088966282,6.425136911033718
116,background,10,99,49.88275727828417,6.2,6.691313762461909,5.708686237538092
116,deviant,1,100,79.95906847618316,19.649,20.432598871066595,18.865401128933406
116,deviant,2,100,117.0464707532417,22.3525,23.499555413381767,21.20544458661823
116,deviant,3,100,133.41226172637715,22.159,23.466440164918495,20.851559835081503
116,deviant,4,100,141.44813072010012,22.724,24.110191681056982,21.33780831894302
116,deviant,5,100,141.52390536398326,21.569,22.955934272567035,20.182065727432963
116,deviant,6,100,147.36226396912227,20.704,22.1481501868974,19.2598498131026
116,deviant,7,100,144.61338658280349,20.014,21.431211188511472,18.596788811488526
116,deviant,8,100,141.1512626488634,18.461,19.84428237395886,17.07771762604114
116,deviant,9,100,153.75592414774243,19.891,21.397808056647875,18.38419194335212
116,deviant,10,100,145.43728979583565,18.231,19.65628543999919,16.805714560000812
117,background,1,100,79.70366167379343,19.806,20.587095884403176,19.024904115596826
117,background,2,100,81.32446385345943,15.443,16.239979745763904,14.646020254236097
117,background,3,99,72.88178965391762,12.133838383838384,12.851678139368742,11.415998628308026
117,background,4,99,61.4818544047968,9.255050505050505,9.860608073615508,8.649492936485503
117,background,5,98,53.19900572873815,7.630102040816326,8.156745328660744,7.103458752971908
117,background,6,99,47.688021225681545,6.528282828282828,6.997979822016428,6.058585834549228
117,background,7,100,43.416616998321594,5.4805,5.9059828465835515,5.055017153416449
117,background,8,99,38.267238977320645,4.952020202020202,5.328928420146334,4.575111983894071
117,background,9,100,33.23817557853429,4.4875,4.813234120669636,4.161765879330364
117,background,10,99,35.47827355913535,4.081313131313132,4.430751795474144,3.7318744671521196
117,deviant,1,100,80.74870049467637,19.762,20.55333726484783,18.97066273515217
117,deviant,2,100,127.81789060180402,22.1245,23.37711532789768,20.871884672102322
117,deviant,3,100,139.4007853183346,22.317,23.68312769611968,20.95087230388032
117,deviant,4,99,146.65162801687543,21.205050505050504,22.649476736948117,19.760624273152892
117,deviant,5,97,146.1986122045155,20.234536082474225,21.689269644921403,18.779802520027047
117,deviant,6,98,137.83432083483416,18.18673469387755,19.5512248550733,16.8222445326818
117,deviant,7,99,135.65061545634143,15.976767676767675,17.312840859096404,14.640694494438948
117,deviant,8,100,143.60483058874118,17.118000000000002,18.525327339769667,15.710672660230339
117,deviant,9,99,147.16513281273345,16.522727272727273,17.972211203658798,15.073243341795747
117,deviant,10,99,130.41120189212032,13.335858585858587,14.620326842321436,12.051390329395737
118,background,1,99,157.10701180372166,36.5550505050505,38.102455686520635,35.00764532358037
118,background,2,100,160.18946840998532,33.2565,34.82635679041786,31.686643209582147
118,background,3,99,156.9543430092767,31.895454545454545,33.44135603539073,30.349553055518356
118,background,4,100,158.72515139136118,29,30.55550648363534,27.44449351636466
118,background,5,100,157.4598695741737,26.164,27.707106721826904,24.6208932781731
118,background,6,100,151.2878399816581,24.381,25.86362083182025,22.89837916817975
118,background,7,99,152.3576902866202,22.48030303030303,23.980930384102354,20.979675676503707
118,background,8,99,154.52902980550797,21.113131313131312,22.635144994527874,19.59111763173475
118,background,9,99,142.3412412035543,18.97020202020202,20.372173654990966,17.568230385413074
118,background,10,100,147.52054272648198,18.475,19.920701318719523,17.02929868128048
118,deviant,1,100,160.19776429217274,36.4405,38.010438090063296,34.870561909936704
118,deviant,2,99,213.94615653181725,40.7020202020202,42.80925518390986,38.59478522013054
118,deviant,3,98,239.11972887413975,42.82091836734694,45.18808291258044,40.45375382211344
118,deviant,4,100,251.58801431580235,41.4185,43.88406254029486,38.95293745970514
118,deviant,5,100,266.2289625985794,42.0205,44.62954383346607,39.411456166533924
118,deviant,6,100,294.47148016671997,44.465,47.35082050563386,41.579179494366144
118,deviant,7,100,295.2632099634066,42.498,45.391579457641384,39.60442054235861
118,deviant,8,100,284.37854682577034,40.234,43.02090975889255,37.44709024110745
118,deviant,9,99,291.2684419279883,39.44141414141414,42.31022496700089,36.572603315827394
118,deviant,10,100,309.9250885719254,39.7315,42.76876586800486,36.69423413199513
119,background,1,198,226.65802550608223,36.59621212121212,38.17478479912985,35.017639443294385
119,background,2,198,223.30883735782882,31.882323232323234,33.437570299368666,30.3270761652778
119,background,3,199,219.58050316096154,27.719849246231156,29.24528286466653,26.19441562779578
119,background,4,199,215.0416177590307,24.14346733668342,25.637369155698263,22.649565517668574
119,background,5,199,207.88546315092282,20.847989949748744,22.292177706445738,19.40380219305175
119,background,6,199,192.78553669270613,18.274371859296483,19.613659886173746,16.93508383241922
119,background,7,199,180.50904628154703,16.200502512562814,17.454505320943905,14.946499704181722
119,background,8,200,166.9714677800719,14.18725,15.344303239893208,13.030196760106794
119,background,9,200,157.33989355933596,12.291,13.381309835732365,11.200690164267636
119,background,10,200,143.46136468713357,11.198,12.192136537323774,10.203863462676226
119,deviant,1,200,230.70531442787168,36.946,38.54470626441968,35.347293735580315
119,deviant,2,200,338.2308188827642,42.68625,45.03006999525516,40.34243000474484
119,deviant,3,197,362.0320536841135,41.71192893401015,44.2397130849638,39.1841447830565
119,deviant,4,198,400.27491210811326,42.33939393939394,45.12713127408115,39.551656604706736
119,deviant,5,200,418.9497269174555,41.363,44.266173490219934,38.459826509780065
119,deviant,6,200,417.9877170192294,39.201,42.097507101738415,36.304492898261586
119,deviant,7,197,427.04496250394976,38.968527918781724,41.950245910260904,35.986809927302545
119,deviant,8,200,456.5151291664874,39.85,43.01348844676919,36.686511553230815
119,deviant,9,199,455.4892742396558,37.73065326633166,40.894953565127174,34.56635296753614
119,deviant,10,144,385.689106460249,35.528125,38.67791936942537,32.37833063057464
120,background,1,99,154.04491826121776,20.447474747474747,21.96472023486492,18.930229260084573
120,background,2,100,149.06624278099355,18.8985,20.359349179253734,17.437650820746263
120,background,3,99,142.65782580411735,17.363131313131312,18.768221106974146,15.958041519288479
120,background,4,99,143.8384601960788,16.02171717171717,17.43843547121719,14.604998872217152
120,background,5,99,132.622684016685,14.802525252525253,16.108775215985084,13.496275289065423
120,background,6,99,131.68362204841372,13.856060606060606,15.15306140018839,12.559059811932821
120,background,7,100,118.70140556964992,12.3535,13.51677377458257,11.190226225417431
120,background,8,99,117.99126863325192,11.513636363636364,12.675776094735262,10.351496632537465
120,background,9,100,109.05918238808641,10.756,11.824779987403247,9.687220012596754
120,background,10,100,114.29941059847113,10.1615,11.281634223865018,9.041365776134983
120,deviant,1,99,157.2691792337014,20.842424242424244,22.3914266710098,19.293421813838687
120,deviant,2,100,155.2966516058862,19.8155,21.337407185737685,18.293592814262315
120,deviant,3,100,154.0137297365674,19.1235,20.63283455141836,17.61416544858164
120,deviant,4,100,156.22669089297264,18.526,20.057021570751132,16.994978429248867
120,deviant,5,100,155.82901391893412,17.6125,19.139624336405554,16.085375663594448
120,deviant,6,100,156.68573138946834,17.4645,19.00002016761679,15.928979832383211
120,deviant,7,99,149.8297367013638,16.613636363636363,18.08936496574134,15.137907761531388
120,deviant,8,100,150.84885255045688,16.5985,18.076818754994477,15.120181245005524
120,deviant,9,100,152.24854160566738,16.3205,17.812535707735538,14.828464292264458
120,deviant,10,98,148.5893670489245,15.822448979591837,17.293408666326997,14.351489292856677
121,background,1,100,157.28820345902747,20.838,22.37942439389847,19.29657560610153
121,background,2,100,142.71663127367202,17.552,18.950622986481985,16.153377013518014
121,background,3,100,134.30714014800864,14.714500000000001,16.030709973450485,13.398290026549516
121,background,4,100,129.33395166247564,13.3965,14.663972726292261,12.129027273707738
121,background,5,99,123.1836348495077,12.383333333333333,13.596614603532743,11.170052063133923
121,background,6,100,111.50728085739748,10.592,11.684771352402496,9.499228647597505
121,background,7,99,103.63564718966659,9.452525252525252,10.473271147983127,8.431779357067377
121,background,8,100,93.86011427987705,8.457,9.376829119942796,7.5371708800572055
121,background,9,100,83.09420779104313,7.41,8.224323236352223,6.595676763647777
121,background,10,98,80.8559798263815,6.996938775510204,7.797372138396242,6.196505412624165
121,deviant,1,99,156.98663201552847,20.78030303030303,22.32652254662776,19.2340835139783
121,deviant,2,100,162.79494690205252,19.832,21.427390479640117,18.236609520359885
121,deviant,3,100,163.11354617985725,19.3775,20.976012752562603,17.7789872474374
121,deviant,4,99,150.67306887500013,16.937373737373736,18.42140863058694,15.453338844160534
121,deviant,5,100,148.66334273681665,16.103,17.559900758820806,14.646099241179199
121,deviant,6,100,147.07811207868957,15.5735,17.014865498371158,14.132134501628842
121,deviant,7,100,143.47154495064973,14.942,16.348021140516366,13.535978859483633
121,deviant,8,100,132.63695007921356,13.1935,14.493342110776293,11.893657889223707
121,deviant,9,99,136.40158395437774,13.012626262626263,14.35609601199322,11.669156513259306
121,deviant,10,100,135.04146536683112,12.8765,14.199906360594944,11.553093639405056
122,background,1,100,300.27008894625106,40.436,43.37864687167326,37.49335312832674
122,background,2,100,298.92589734792665,39.4425,42.37197379400968,36.51302620599032
122,background,3,99,285.92539512772794,35.26262626262626,38.07881144019999,32.446441085052534
122,background,4,100,293.21075588801494,33.183,36.05646540770255,30.309534592297453
122,background,5,100,289.1152201568015,32.923,35.756329157536655,30.08967084246335
122,background,6,99,268.6978492852638,29.513636363636362,32.16014105785936,26.867131669413357
122,background,7,99,257.3022746232839,27.74191919191919,30.27618464821558,25.207653735622802
122,background,8,100,255.56181145406723,27.8835,30.38800575224986,25.378994247750143
122,background,9,100,250.64435907644545,24.804,27.260314718949164,22.347685281050833
122,background,10,100,252.37999232569095,25.0435,27.516823924791773,22.57017607520823
122,deviant,1,100,289.24373713822087,39.1485,41.983088623954565,36.31391137604543
122,deviant,2,100,304.31940457355,40.716,43.69833016482079,37.733669835179214
122,deviant,3,99,303.8802438981168,38.48131313131313,41.47434226830557,35.48828399432069
122,deviant,4,100,308.2893804613827,37.961,40.98223592852155,34.93976407147845
122,deviant,5,100,318.4442031601702,39.411,42.53175319096967,36.290246809030336
122,deviant,6,100,302.0259007715102,36.4595,39.4193538275608,33.4996461724392
122,deviant,7,99,317.9227190107022,37.4489898989899,40.58032857736059,34.31765122061921
122,deviant,8,99,322.56225021406004,35.965656565656566,39.14269170621086,32.78862142510227
122,deviant,9,100,311.9222026825211,33.5205,36.57733758628871,30.46366241371129
122,deviant,10,100,323.99797351543,35.2285,38.40368014045121,32.053319859548786
123,background,1,198,420.8357286713141,38.888888888888886,41.81982319703369,35.95795458074408
123,background,2,199,417.30885949201513,36.209045226130655,39.108104816468725,33.309985635792586
123,background,3,199,397.4225975616278,32.49949748743718,35.26040650403607,29.73858847083829
123,background,4,199,382.62455144491315,30.025628140703517,32.68373460102515,27.367521680381884
123,background,5,199,365.173444731188,27.034422110552764,29.571295107626042,24.497549113479486
123,background,6,100,252.41271550254444,25.478,27.951644611924937,23.004355388075066
123,background,7,100,250.0706426508107,23.731,26.181692297977946,21.280307702022057
123,background,8,99,230.08880436635081,21.30909090909091,23.57532081179933,19.042861006382488
123,background,9,100,235.66108023354664,20.8375,23.146978586288757,18.52802141371124
123,background,10,100,213.52736789953943,18.435,20.527568205415484,16.342431794584513
123,deviant,1,199,415.20709163906196,39.36306532663316,42.24752386043439,36.47860679283193
123,deviant,2,200,433.2520720028203,38.219,41.2212836851479,35.2167163148521
123,deviant,3,199,442.4690117011466,38.13768844221106,41.21153651090791,35.0638403735142
123,deviant,4,200,430.77039005410813,36.19175,39.176836506628014,33.206663493371984
123,deviant,5,114,342.0392252051617,35.924561403508775,39.063982439757964,32.78514036725959
123,deviant,6,98,293.0467090485927,32.998979591836736,35.89999400425399,30.097965179419482
123,deviant,7,100,315.2249197002039,34.5505,37.639704213062,31.461295786938003
123,deviant,8,99,305.00618630481995,32.54242424242424,35.54654320344277,29.5383052814057
123,deviant,9,99,299.0100992837603,29.082323232323233,32.02738451018422,26.137261954462247
123,deviant,10,100,295.34033891338595,28.767,31.66133532135118,25.872664678648817
124,background,1,200,111.74952019207015,19.01725,19.791634666517126,18.242865333482875
124,background,2,200,108.44181073640125,16.574,17.325463409411405,15.822536590588598
124,background,3,199,102.85619752071847,14.225376884422111,14.939922571784521,13.510831197059701
124,background,4,198,103.95575982118548,12.360606060606061,13.084611847736234,11.636600273475889
124,background,5,197,95.1926163655896,10.501776649746192,11.166431573220741,9.837121726271643
124,background,6,200,87.39267101632961,9.147,9.752600312956186,8.541399687043814
124,background,7,200,82.66520938160903,8.2595,8.832340675195027,7.686659324804972
124,background,8,200,75.7199827619743,7.292,7.81671271016674,6.767287289833259
124,background,9,175,65.7156554286804,6.529714285714285,7.016542673936406,6.042885897492165
124,background,10,100,49.254574994560016,6.1095,6.592194834946688,5.6268051650533115
124,deviant,1,198,111.1395282374462,18.982323232323232,19.756360782154403,18.20828568249206
124,deviant,2,200,158.0876921871296,21.68325,22.77874181584298,20.58775818415702
124,deviant,3,199,182.6079709449496,21.829396984924625,23.097981098102938,20.56081287174631
124,deviant,4,200,198.94740775549602,21.88875,23.267385199009286,20.510114800990717
124,deviant,5,200,195.7252639476273,21.011,22.367306881591563,19.654693118408435
124,deviant,6,199,203.4059785386436,20.842964824120603,22.256033440809862,19.429896207431344
124,deviant,7,200,211.46746048057912,20.66175,22.127144737999934,19.19635526200007
124,deviant,8,199,216.48209479867165,20.48969849246231,21.993607357053698,18.985789627870922
124,deviant,9,100,154.68757137159437,19.2245,20.740438199441623,17.708561800558375
124,deviant,10,100,147.36634444025614,18.7195,20.16369017551451,17.27530982448549
125,background,1,98,79.62765322358017,19.26734693877551,20.055620488676613,18.479073388874408
125,background,2,99,74.5287298895357,15.0010101010101,15.735071181259885,14.266949020760316
125,background,3,99,67.26579251079454,11.725757575757576,12.388283294195515,11.063231857319638
125,background,4,98,58.08813630120499,9.118367346938776,9.693410558129763,8.543324135747788
125,background,5,100,51.09900091720817,7.3555,7.85627020898864,6.85472979101136
125,background,6,100,43.769822576988496,6.0275,6.456444261254487,5.598555738745513
125,background,7,100,38.33731863341514,5.3365,5.712205722607468,4.960794277392532
125,background,8,100,31.53360780267034,4.652,4.961029356466169,4.342970643533831
125,background,9,99,29.06734467260107,4.270707070707071,4.557002120441418,3.984412020972724
125,background,10,100,27.215369109925245,3.9865,4.253210617277268,3.7197893827227326
125,deviant,1,100,78.24014987608075,19.19,19.956753468785593,18.42324653121441
125,deviant,2,100,124.36911319049224,21.6905,22.909317309266825,20.471682690733175
125,deviant,3,99,142.38771199199664,21.493434343434345,22.895863686240247,20.091005000628442
125,deviant,4,98,134.52798574039687,19.051020408163264,20.38277952183289,17.719261294493638
125,deviant,5,100,145.3748964791232,18.6715,20.09617398549541,17.246826014504595
125,deviant,6,99,150.7638358842276,19.786363636363635,21.271292527488022,18.30143474523925
125,deviant,7,99,151.63947028187755,18.483333333333334,19.976886672141127,16.98977999452554
125,deviant,8,100,151.26851343850356,17.546,19.028431431697335,16.063568568302664
125,deviant,9,98,154.3502936760884,16.930102040816326,18.458091991527287,15.402112090105366
125,deviant,10,100,142.27413309301318,15.6135,17.00778650431153,14.219213495688471
126,background,1,99,157.67359689527834,36.08888888888889,37.64187457689627,34.535903200881506
126,background,2,98,154.47816231292674,33.72397959183674,35.25323537747063,32.194723806202845
126,background,3,99,159.02335975374316,30.668181818181818,32.234461820790216,29.101901815573417
126,background,4,98,158.7432219854309,28.074489795918367,29.645967518184563,26.503012073652172
126,background,5,100,157.1815410348978,25.241,26.781379102141997,23.700620897858002
126,background,6,100,149.22520952538392,23.85,25.312407053348764,22.38759294665124
126,background,7,100,147.17413602868362,22.029,23.471306533081098,20.586693466918902
126,background,8,100,140.04778319897594,19.9395,21.31196827534996,18.567031724650036
126,background,9,100,138.27855182470216,19.016,20.37112980788208,17.660870192117915
126,background,10,100,135.91091315928045,17.1125,18.44442694896095,15.780573051039053
126,deviant,1,100,163.96609887091714,36.7315,38.33836776893499,35.12463223106501
126,deviant,2,97,203.83115432554519,39.465463917525774,41.493663890141946,37.4372639449096
126,deviant,3,99,240.24604164546767,42.83585858585859,45.202130882694924,40.46958628902225
126,deviant,4,99,246.3804022879639,41.9510101010101,44.37770198914427,39.524318212875926
126,deviant,5,100,264.28995739329054,41.1735,43.763541582454245,38.58345841754575
126,deviant,6,99,265.3899415061384,39.773737373737376,42.38766125836775,37.159813489107
126,deviant,7,100,303.20500273612,41.892,44.863409026813976,38.92059097318603
126,deviant,8,100,285.9546890864466,39.793,42.595355953047175,36.99064404695282
126,deviant,9,100,302.9096573672021,41.6375,44.60601464219858,38.668985357801425
126,deviant,10,99,293.1114302211973,38.10808080808081,40.995043908359555,35.22111770780206
127,background,1,100,154.7909116059127,35.883,37.39995093373795,34.36604906626206
127,background,2,100,157.5697172348598,31.14,32.684183228901624,29.595816771098374
127,background,3,100,150.56368647257057,26.9965,28.472024127431194,25.52097587256881
127,background,4,99,147.1778283502469,22.927777777777777,24.377386751763105,21.47816880379245
127,background,5,100,140.19890944842012,20.4355,21.80944931259452,19.061550687405482
127,background,6,99,124.74196525122106,17.15858585858586,18.38721570241269,15.929956014759027
127,background,7,99,119.0720149188805,15.48030303030303,16.65308743208235,14.307518628523708
127,background,8,99,118.9650545770745,14.274747474747475,15.446478384481967,13.103016565012982
127,background,9,100,106.6037177193129,12.138,13.182716433649267,11.093283566350733
127,background,10,100,93.88908630035651,10.7025,11.622613045743494,9.782386954256507
127,deviant,1,98,161.98651665786068,35.67755102040816,37.281135721862015,34.073966318954305
127,deviant,2,99,237.96757850819216,41.413131313131316,43.75696218215402,39.06930044410861
127,deviant,3,99,259.22945028437033,42.48434343434344,45.037590357917004,39.93109651076987
127,deviant,4,100,282.17646121382603,41.5545,44.31982931989549,38.789170680104505
127,deviant,5,100,284.98246945160827,40.8425,43.635328200625764,38.04967179937424
127,deviant,6,100,282.00538908624463,37.783500000000004,40.5471528130452,35.019847186954806
127,deviant,7,100,307.86359334169924,40.0845,43.10156321474865,37.067436785251346
127,deviant,8,100,319.16863633673756,38.1855,41.31335263610003,35.05764736389997
127,deviant,9,99,307.70109812848193,37.3479797979798,40.37864194425571,34.31731765170388
127,deviant,10,100,341.48582462681037,36.699,40.04556108134274,33.352438918657256
128,background,1,200,111.00763368724739,19.4615,20.230743655328503,18.6922563446715
128,background,2,200,110.73563825141105,16.80775,17.575108823120612,16.040391176879385
128,background,3,199,107.35446697248962,14.293718592964824,15.039513919287588,13.54792326664206
128,background,4,200,102.4809866832816,12.3475,13.05765700613908,11.637342993860921
128,background,5,200,96.8832857237593,10.83425,11.505616917525261,10.16288308247474
128,background,6,197,88.910954863485955,9.284771573604061,9.905566611675955,8.663976535532168
128,background,7,200,83.83002853518855,8.314,8.894912460114078,7.733087539885923
128,background,8,200,77.8702192923044,7.53175,8.071363089117906,6.9921369108820945
128,background,9,99,52.32371405616747,6.679292929292929,7.19464857965326,6.163937278932598
128,background,10,100,52.20465798939281,6.126,6.6376056482960495,5.614394351703951
128,deviant,1,197,111.99425502183016,19.502791878172587,20.284759386190693,18.72082437015448
128,deviant,2,197,158.8258480222914,21.675888324873096,22.784843891947897,20.566932757798295
128,deviant,3,200,185.5211720078274,22.0345,23.320096132048025,20.748903867951977
128,deviant,4,200,201.47049542381092,21.77675,23.17286930452726,20.38063069547274
128,deviant,5,199,204.2256685243325,21.538442211055276,22.957205243427463,20.11967917868309
128,deviant,6,199,205.02096170109556,21.001507537688443,22.42579550023832,19.577219575138567
128,deviant,7,199,200.2115723034274,19.893969849246233,21.28484681143069,18.503092887061776
128,deviant,8,122,162.15715249492743,19.805737704918034,21.244477545089385,18.366997864746683
128,deviant,9,99,154.4812286331255,20.184343434343436,21.70588630427859,18.662800564408283
128,deviant,10,100,155.03518276422562,19.5105,21.02984479108941,17.99115520891059
129,background,1,100,79.86437516848568,19.5735,20.35617087665116,18.79082912334884
129,background,2,100,76.09497182365011,15.1975,15.943230723871771,14.451769276128228
129,background,3,100,71.19811129960948,11.8795,12.577241490736172,11.181758509263828
129,background,4,98,61.03622737875907,9.21938775510204,9.823615578987944,8.615159931216137
129,background,5,100,52.077902172964315,7.3745,7.8848634412950505,6.86413655870495
129,background,6,100,45.67254732273391,6.3765,6.824090963762792,5.928909036237208
129,background,7,100,40.064159071485115,5.449,5.841628758900554,5.056371241099446
129,background,8,100,36.48579391893147,4.9655,5.323060780405528,4.6079392195944715
129,background,9,100,31.995558902349003,4.388,4.70155647724302,4.0744435227569795
129,background,10,99,27.878070989673283,4.014646464646464,4.2892279171452685,3.74006501214766
129,deviant,1,98,78.28315675532602,19.660204081632653,20.43516779555398,18.885240367711326
129,deviant,2,100,127.08306442306898,21.629,22.874414031346078,20.383585968653925
129,deviant,3,100,133.33847906737196,20.1495,21.456217094860246,18.842782905139753
129,deviant,4,98,146.3618353332086,20.567857142857143,22.016765390651432,19.118948895062854
129,deviant,5,100,148.6891228811237,20.014499999999998,21.47165340423501,18.557346595764987
129,deviant,6,98,150.53961709725942,18.48418367346939,19.97444985068317,16.99391749625561
129,deviant,7,100,145.4225784250488,17.351,18.77614126856548,15.92585873143452
129,deviant,8,99,149.25568842196864,17.015656565656567,18.485731153521492,15.545581977791642
129,deviant,9,100,148.87293239538207,16.7135,18.172454737474744,15.254545262525255
129,deviant,10,100,149.56203606389874,16.7035,18.169207953426206,15.23779204657379
130,background,1,199,223.92957657075556,36.178140703517585,37.733787490667126,34.62249391636804
130,background,2,199,223.62257324151764,33.5786432160804,35.13215724010822,32.02512919205258
130,background,3,199,225.19472275764983,30.624120603015076,32.188556406028695,29.05968480000146
130,background,4,175,204.47627580827327,28.518285714285714,30.033067163729477,27.00350426484195
130,background,5,98,152.51923088408782,26.160204081632653,27.670067435505587,24.65034072775972
130,background,6,100,153.8814906279983,24.0795,25.587538608154382,22.571461391845617
130,background,7,100,148.68783973213988,22.065,23.522140829374973,20.60785917062503
130,background,8,100,148.22786512663535,20.698999999999998,22.151633078241023,19.246366921758973
130,background,9,100,137.61564514790345,19.2285,20.577133322449455,17.879866677550545
130,background,10,100,135.94423198696703,17.1595,18.49175347347228,15.827246526527725
130,deviant,1,198,224.8241183915248,36.00606060606061,37.571860933833605,34.44026027828761
130,deviant,2,200,309.67720035716656,40.9015,43.04745351384389,38.755546486156106
130,deviant,3,199,345.73888839320415,42.721608040201005,45.123468478460694,40.319747601941316
130,deviant,4,99,258.4139478067169,42.87373737373738,45.41895211119185,40.328522636282905
130,deviant,5,98,252.91766394785893,40.27295918367347,42.77671631730495,37.76920205004199
130,deviant,6,99,271.14749821725013,40.77626262626263,43.44689482063104,38.10563043189422
130,deviant,7,100,286.54893033072767,41.370000000000005,44.178179517241134,38.561820482758876
130,deviant,8,100,308.67958178429353,42.18,45.205059901486074,39.154940098513926
130,deviant,9,100,313.58945252804995,40.8455,43.91867663477489,37.77232336522511
130,deviant,10,100,294.44112091250184,38.924,41.80952298494252,36.03847701505748
131,background,1,198,227.21070675291227,36.21919191919192,37.80161377700918,34.63677006137466
131,background,2,200,223.7871756826115,31.8585,33.409266008784044,30.307733991215954
131,background,3,199,217.05061257930754,27.591959798994974,29.09981817696654,26.08410142102341
131,background,4,153,185.72014883746598,23.859477124183005,25.33090636860077,22.388047879765242
131,background,5,100,137.32827554133885,20.1155,21.461317100305124,18.769682899694878
131,background,6,100,129.0943963071005,17.223,18.488125083809585,15.957874916190415
131,background,7,99,122.2572137576735,15.385858585858585,16.590015191402554,14.181701980314617
131,background,8,100,108.76550101262033,13.5055,14.57140190992368,12.43959809007632
131,background,9,100,104.86335720455702,11.9185,12.946160900604658,10.890839099395341
131,background,10,99,102.89491317793478,11.044444444444444,12.057894576112496,10.030994312776393
131,deviant,1,200,220.45183863577722,35.91625,37.44390330223912,34.388596697760875
131,deviant,2,200,334.07955245483237,41.456,43.771053186566476,39.14094681343353
131,deviant,3,200,358.18419621900205,41.56375,44.04583984579103,39.08166015420897
131,deviant,4,100,277.6952940108807,41.9005,44.62191388130663,39.17908611869337
131,deviant,5,100,294.12096061600954,41.2055,44.0878854140369,38.323114585963104
131,deviant,6,100,303.2428113436145,41.4065,44.378279551167424,38.43472044883258
131,deviant,7,100,310.949103129181,38.9915,42.03880121066597,35.94419878933403
131,deviant,8,100,316.3231525546388,38.88,41.97996689503546,35.780033104964545
131,deviant,9,100,310.3443588219892,36.756,39.797374716455494,33.71462528354451
131,deviant,10,100,328.9590960014714,36.7485,39.97229914081442,33.52470085918558
132,background,1,99,159.6671867551871,20.456565656565658,22.029186949906833,18.883944363224483
132,background,2,99,153.56322202237985,18.217171717171716,19.72967279979399,16.704670634549444
132,background,3,99,142.2621283332101,16.886363636363637,18.28755605917416,15.485171213553112
132,background,4,99,136.80291240359344,16.047474747474748,17.394897329466158,14.70005216548334
132,background,5,100,134.89215965667577,14.076,15.397943164635423,12.754056835364578
132,background,6,100,121.0725315450901,12.44,13.626510809141882,11.253489190858117
132,background,7,99,120.16892715103842,12.212626262626262,13.396214559484308,11.029037965768216
132,background,8,100,120.76607444494543,11.1015,12.285007529560465,9.917992470439534
132,background,9,100,113.3499936154898,10.597,11.7078299374318,9.486170062568199
132,background,10,100,106.2966306343269,9.711,10.752706980216404,8.669293019783597
132,deviant,1,100,148.44523179309354,19.8255,21.28026327157232,18.370736728427683
132,deviant,2,99,161.02315949805745,19.333333333333332,20.919310104728353,17.74735656193831
132,deviant,3,99,166.04280519761986,18.959090909090907,20.59450803120911,17.323673786972705
132,deviant,4,100,149.45404151884213,17.718,19.182649606884652,16.253350393115348
132,deviant,5,100,154.75785840092936,17.374,18.890627012329105,15.85737298767089
132,deviant,6,100,153.86753530570581,16.5065,18.014401845995916,14.998598154004082
132,deviant,7,100,163.56046684877577,16.605,18.207892575118002,15.002107424881999
132,deviant,8,100,148.02250895689727,15.157,16.607620587777593,13.706379412222407
132,deviant,9,100,153.34471830349733,15.5365,17.039278239374273,14.033721760625726
132,deviant,10,100,151.10412060284094,15.1665,16.64732038190784,13.685679618092157
133,background,1,200,219.678808598755,20.035999999999998,21.558296477382978,18.513703522617018
133,background,2,200,203.4610592510983,17.48575,18.895663208097726,16.075836791902272
133,background,3,199,198.67805881030642,14.791708542713568,16.171932131747607,13.411484953679532
133,background,4,184,173.20726859672155,12.88586956521739,14.137232471822609,11.634506658612173
133,background,5,100,119.5422299308579,11.5845,12.756013853322408,10.412986146677593
133,background,6,96,108.26701883963118,10.448958333333334,11.531854054528342,9.366062612138325
133,background,7,100,104.42056915741216,9.2025,10.22582157774264,8.179178422257362
133,background,8,100,94.64101147299505,8.286,9.213481912435352,7.358518087564648
133,background,9,100,92.18819424359467,7.592,8.495444303587227,6.688555696412772
133,background,10,100,79.70930738759763,6.526,7.307151212398456,5.744848787601543
133,deviant,1,199,218.3074787155903,20.33643216080402,21.853022032831564,18.819842288776474
133,deviant,2,200,220.92908483564545,19.01325,20.544210449676505,17.482289550323493
133,deviant,3,200,217.15572874394957,17.731,19.235812426009865,16.22618757399014
133,deviant,4,99,147.02483678473834,16.018686868686867,17.46678897204643,14.570584765327306
133,deviant,5,100,153.16340603214732,16.1935,17.694501379115046,14.692498620884956
133,deviant,6,100,151.37775161565366,15.7185,17.202001965833407,14.234998034166594
133,deviant,7,99,148.63077707775346,14.123737373737374,15.587656978187516,12.659817769287232
133,deviant,8,100,145.58416809529805,14.022499999999999,15.44922484733392,12.595775152666079
133,deviant,9,100,131.5209408981583,12.659,13.947905220801951,11.37009477919805
133,deviant,10,100,133.95224011407555,12.1165,13.429231953117942,10.803768046882059
134,background,1,99,296.50665653307186,38.68333333333333,41.60373727579309,35.76292939087357
134,background,2,100,291.946327078689,37.714,40.57507400537115,34.85292599462885
134,background,3,100,294.1639535683245,34.803,37.685806744969575,31.92019325503042
134,background,4,98,292.2749246496308,33.24591836734694,36.13929250401451,30.352544230679364
134,background,5,98,277.567099521615,31.85918367346939,34.6069577697536,29.111409577185174
134,background,6,100,263.35379445269353,29.51,32.0908671856364,26.929132814363605
134,background,7,100,270.086189946839,28.6355,31.282344661479023,25.988655338520978
134,background,8,100,257.7752489037076,26.816,29.34219743925633,24.289802560743667
134,background,9,100,249.27216683355314,25.2485,27.69136723496882,22.80563276503118
134,background,10,100,235.68438976509958,22.753,25.062707019697974,20.443292980302026
134,deviant,1,100,295.6833521469244,38.7325,41.63019685103986,35.83480314896014
134,deviant,2,100,296.8516774772422,39.1805,42.089646439276976,36.27135356072303
134,deviant,3,100,310.3179184744506,38.031,41.07211560104962,34.98988439895038
134,deviant,4,98,302.852126501228,36.81428571428572,39.812368807126695,33.81620262144474
134,deviant,5,100,311.3713639944905,37.223,40.27443936714601,34.17156063285399
134,deviant,6,99,313.6172659049311,36.21313131313131,39.302063988307374,33.12419863795525
134,deviant,7,99,309.124629950616,34.275757575757574,37.320440614495695,31.231074537019456
134,deviant,8,99,316.65467244136374,35.31363636363636,38.43248558142084,32.19478714585188
134,deviant,9,99,315.9882284616245,34.573232323232325,37.685517487283185,31.460947159181465
134,deviant,10,99,308.8818331370514,33.28939393939394,36.3316855823373,30.247102296450578
135,background,1,115,312.97391012838847,37.71739130434783,40.57751812962307,34.85726447907258
135,background,2,99,294.4708099196538,36.035353535353536,38.93570567005428,33.13500140065279
135,background,3,100,278.02543427762714,31.761,34.48564925592075,29.036350744079254
135,background,4,100,271.77389499361414,28.4375,31.10088417093742,25.77411582906258
135,background,5,100,258.7574967131641,27.606,30.14182346778901,25.070176532210994
135,background,6,99,238.81214264288198,24.274242424242424,26.62639171841432,21.922093130070525
135,background,7,100,233.2214048585818,22.4185,24.704069767614104,20.1329302323859
135,background,8,100,234.24035676382093,20.7295,23.025055496285447,18.433944503714557
135,background,9,100,230.0645504383956,20.0165,22.271132594296276,17.761867405703725
135,background,10,100,221.58131452667308,17.783,19.954496882361397,15.611503117638605
135,deviant,1,100,293.30578170051024,38.0355,40.909896660665,35.161103339335
135,deviant,2,100,290.7490643511216,37.7315,40.58084083064099,34.88215916935901
135,deviant,3,99,312.8734694644736,38.10858585858586,41.19019260697667,35.02697911019505
135,deviant,4,100,306.9383702926285,35.304,38.31199602886776,32.296003971132244
135,deviant,5,99,319.99663238359574,35.50454545454546,38.65631087429638,32.352780034794534
135,deviant,6,99,307.54712090823966,34.04848484848485,37.07763041605625,31.019339280913442
135,deviant,7,99,316.8533904704691,32.36818181818182,35.48898828347778,29.247375352885857
135,deviant,8,100,315.7999616679421,31.330000000000002,34.424839624345836,28.235160375654168
135,deviant,9,99,313.3532561788607,29.57979797979798,32.666130325342735,26.49346563425323
135,deviant,10,100,300.6377694519646,27.601,30.547250140629252,24.654749859370746
136,background,1,99,74.8608006481644,18.91060606060606,19.64793782881953,18.17327429239259
136,background,2,99,77.79906642654593,16.43030303030303,17.19657486705834,15.664031193547718
136,background,3,99,76.09351933121852,14.216666666666667,14.966139938022184,13.46719339531115
136,background,4,100,69.0469519888269,11.7075,12.384160129490503,11.030839870509496
136,background,5,100,65.22235248101602,10.1195,10.758679054313957,9.480320945686044
136,background,6,100,59.312064983707806,9.031,9.612258236840336,8.449741763159665
136,background,7,100,55.499739212284396,7.702,8.245897444280388,7.158102555719613
136,background,8,99,50.49400693985479,6.9267676767676765,7.424101863669125,6.429433489866228
136,background,9,100,44.42601774446568,6.1585,6.593874973895764,5.723125026104237
136,background,10,99,43.41304072814018,5.758080808080808,6.185671934631066,5.33048968153055
136,deviant,1,98,76.29142533042207,19.183163265306124,19.938409844071526,18.427916686540723
136,deviant,2,99,108.97918681057746,21.033333333333335,22.106709730777453,19.959956935889217
136,deviant,3,99,127.81916708257886,21.800505050505052,23.05944339554774,20.541566705462365
136,deviant,4,99,132.95803651409798,20.562121212121212,21.871674186606192,19.252568237636233
136,deviant,5,100,141.7015859956557,21.3155,22.704175542757426,19.926824457242574
136,deviant,6,100,145.76879674766874,21.131,22.559534208127154,19.702465791872847
136,deviant,7,100,148.3450458612587,19.252,20.705781449440334,17.798218550559664
136,deviant,8,99,152.24128183491115,19.308585858585857,20.808066662404542,17.809105054767173
136,deviant,9,100,148.52664123952556,19.126,20.581561084147353,17.67043891585265
136,deviant,10,100,143.60912777030356,17.0695,18.476869452148975,15.662130547851026
137,background,1,100,82.93143966078561,19.2035,20.016228108675698,18.3907718913243
137,background,2,100,74.85160758390387,14.947,15.680545754322257,14.213454245677742
137,background,3,100,66.46530555188372,11.015,11.666359994408461,10.36364000559154
137,background,4,100,57.81237802263092,8.6585,9.225061304621782,8.091938695378218
137,background,5,99,49.27108151526827,7.195454545454545,7.6807436866458705,6.71016540426322
137,background,6,99,39.84370781731513,5.7979797979797985,6.1904152419338985,5.405544354025698
137,background,7,99,35.303757068588254,5.15,5.497719786571628,4.802280213428372
137,background,8,100,28.53299106205602,4.369,4.648623312408149,4.089376687591851
137,background,9,98,27.483822993095224,4.095408163265306,4.3674841298241835,3.8233321967064287
137,background,10,98,24.430190554441364,3.7168367346938775,3.958683282388028,3.4749901869997273
137,deviant,1,98,78.62251585900823,19.142857142857142,19.921180340507064,18.36453394520722
137,deviant,2,100,126.4477841057848,21.777,23.01618828423669,20.53781171576331
137,deviant,3,100,136.74062076947382,21.1095,22.449558083540843,19.769441916459158
137,deviant,4,100,146.0750888377186,20.621,22.052535870609642,19.189464129390355
137,deviant,5,100,147.24428324172192,19.216,20.658993975768876,17.773006024231126
137,deviant,6,99,161.4026674272503,19.23939393939394,20.82910862502525,17.649679253762628
137,deviant,7,100,147.46248407824385,16.992,18.43713234396679,15.54686765603321
137,deviant,8,100,157.39171716319433,17.706,19.248438828199305,16.163561171800694
137,deviant,9,100,137.8530682322763,14.512,15.862960068676308,13.161039931323693
137,deviant,10,100,144.2928217932293,14.8205,16.234569653573647,13.406430346426351
138,background,1,100,157.22598553138664,35.598,37.138814658207586,34.05718534179241
138,background,2,99,157.68945998218678,32.99545454545454,34.54859647488358,31.442312616025504
138,background,3,99,151.99645078958778,30.164646464646463,31.661715836767936,28.66757709252499
138,background,4,100,159.14883798375328,27.662,29.22165861224078,26.102341387759218
138,background,5,99,150.4258166532244,25.550505050505052,27.032104664956897,24.068905436053207
138,background,6,100,147.35965669426835,22.961,24.40512463560383,21.516875364396167
138,background,7,100,141.0218721371002,21.727,23.10901434694358,20.34498565305642
138,background,8,100,139.6018586816394,19.558,20.926098215080067,18.189901784919932
138,background,9,99,132.06845314377492,17.97222222222222,19.273013360422595,16.671431084021847
138,background,10,100,130.55924245136262,16.661,17.940480576023354,15.381519423976648
138,deviant,1,100,161.11530686208297,36.413,37.99193000724841,34.83406999275158
138,deviant,2,100,205.1688521553329,39.76,41.77065475112226,37.74934524887774
138,deviant,3,100,235.42259315626663,40.9845,43.29164141293141,38.67735858706858
138,deviant,4,100,260.14336634369823,43.0555,45.604904990168244,40.50609500983176
138,deviant,5,100,275.5220308318089,42.362,45.06211590215173,39.66188409784827
138,deviant,6,98,263.2626015377442,41.20969387755102,43.81586066847313,38.60352708662891
138,deviant,7,100,304.8096083925522,42.1325,45.11963416224701,39.14536583775299
138,deviant,8,100,301.4280179412657,41.8395,44.793494575824404,38.8855054241756
138,deviant,9,99,292.61933687948493,39.50858585858586,42.390702149177436,36.626469567994285
138,deviant,10,100,312.7701232534847,38.9265,41.99164720788415,35.861352792115845
139,background,1,99,162.40277253272433,35.867171717171715,37.46673680861533,34.2676066257281
139,background,2,100,152.06784323902414,31.8155,33.30576486374244,30.325235136257565
139,background,3,100,155.4563485863137,27.2755,28.798972216145877,25.752027783854125
139,background,4,98,141.85550468884284,23.191836734693876,24.59613458509157,21.787538884296183
139,background,5,99,137.92445491339777,19.17828282828283,20.53675189808522,17.819813758480436
139,background,6,100,127.79859771901792,17.0185,18.270926257646376,15.766073742353624
139,background,7,100,109.98798977496061,14.264,15.341882299794612,13.186117700205386
139,background,8,99,105.33379274827641,13.203535353535354,14.241006913914958,12.16606379315575
139,background,9,99,95.90055155979908,11.182828282828282,12.127388354882058,10.238268210774507
139,background,10,98,88.04735567923242,10.311224489795919,11.182848841524526,9.439600138067311
139,deviant,1,100,153.4475223171204,36.18,37.68378571870778,34.67621428129222
139,deviant,2,100,234.24330580784903,42.055,44.35058439691692,39.75941560308308
139,deviant,3,99,263.22566864114697,43.594949494949496,46.187556654075685,41.00234233582331
139,deviant,4,100,274.05195435210914,41.281,43.966709152650665,38.59529084734933
139,deviant,5,100,282.877833032305,38.488,41.26020276371659,35.71579723628341
139,deviant,6,100,285.03368683644914,38.0065,40.79983013099721,35.2131698690028
139,deviant,7,100,299.0139584842505,38.5,41.430336793145656,35.569663206854344
139,deviant,8,100,326.37307922392324,39.4065,42.60495617639445,36.20804382360555
139,deviant,9,99,320.8783053465991,35.861111111111114,39.021560454613436,32.70066176760879
139,deviant,10,100,321.3282466657159,35.138,38.287016817324016,31.988983182675984
140,background,1,99,76.97769670153612,19.223737373737375,19.981919235680035,18.465555511794715
140,background,2,100,77.24559261826768,16.3305,17.087506807659025,15.573493192340978
140,background,3,99,75.57742631514421,14.22020202020202,14.964592100183548,13.475811940220492
140,background,4,100,70.81982327301482,12.035,12.729034268075544,11.340965731924456
140,background,5,99,65.84267533094963,10.524242424242424,11.172751334183728,9.87573351430112
140,background,6,100,65.3451766028921,9.4085,10.048882730708343,8.768117269291658
140,background,7,97,57.62124516822631,8.081958762886599,8.655312763942069,7.508604761831128
140,background,8,99,53.157883011984126,7.105555555555555,7.629127245096014,6.581983866015096
140,background,9,100,50.35139678196363,6.481,6.974443688463244,5.987556311536756
140,background,10,98,43.81846522571098,5.883673469387755,6.317454144019775,5.449892794755735
140,deviant,1,100,78.57902492328813,19.011,19.781074444248222,18.240925555751776
140,deviant,2,100,115.02583233892788,21.471,22.598253156921494,20.343746843078506
140,deviant,3,100,133.37054634205765,21.6135,22.920531354152164,20.306468645847833
140,deviant,4,100,140.3903580434887,21.268,22.64382550882619,19.89217449117381
140,deviant,5,100,143.79747271038786,20.7625,22.1717152325618,19.353284767438197
140,deviant,6,100,150.2185162740564,21.0295,22.50164145948575,19.557358540514247
140,deviant,7,100,146.90897647326062,19.837,21.276707969437954,18.397292030562046
140,deviant,8,99,142.48903928299,18.143434343434343,19.546861696280075,16.74000699058861
140,deviant,9,100,154.48308543076982,19.3755,20.889434237221543,17.861565762778454
140,deviant,10,98,148.09805606599406,17.87908163265306,19.3451775888004,16.412985676505723
141,background,1,99,79.0165705472759,19.234848484848484,20.01311197088316,18.45658499881381
141,background,2,100,72.64303494703255,14.849,15.560901742480919,14.137098257519082
141,background,3,100,66.93274314760421,11.3455,12.00144088284652,10.689559117153479
141,background,4,100,59.35564088831961,8.9175,9.499185280705532,8.335814719294468
141,background,5,98,51.23049050999549,7.353061224489796,7.860217205893628,6.845905243085964
141,background,6,100,43.9547314979017,5.9595,6.390256368679437,5.528743631320563
141,background,7,99,38.10394371079966,5.195959595959596,5.571259458490244,4.820659733428947
141,background,8,100,31.08731337107758,4.48,4.78465567103656,4.17534432896344
141,background,9,99,28.960544848029652,4.222727272727273,4.507970411410518,3.937484134044027
141,background,10,100,24.550109872194906,3.7595,4.00009107674751,3.51890892325249
141,deviant,1,100,77.93752558772212,19.044,19.807787750759676,18.280212249240325
141,deviant,2,100,124.87446327791515,21.271,22.49476974012357,20.047230259876432
141,deviant,3,100,138.30270005356098,20.989,22.3443664605249,19.633633539475102
141,deviant,4,99,146.1045137816365,20.417676767676767,21.8567142687167,18.978639266636833
141,deviant,5,100,153.79044183563553,20.037,21.54414632998923,18.52985367001077
141,deviant,6,100,147.98128437851793,18.9475,20.39771658690948,17.497283413090525
141,deviant,7,100,156.49716661299252,18.495,20.028672232807327,16.961327767192675
141,deviant,8,100,147.2802823834452,16.0445,17.487846767357762,14.601153232642236
141,deviant,9,100,145.43170761201756,15.1375,16.56273073459777,13.712269265402227
141,deviant,10,99,143.38604497905936,14.534343434343434,15.946605728710681,13.122081139976187
142,background,1,100,156.33740502684032,36,37.532106569263036,34.467893430736964
142,background,2,100,155.32347401132697,33.4575,34.97967004531101,31.935329954689
142,background,3,100,155.96974234227545,30.9005,32.4290034749543,29.371996525045702
142,background,4,99,156.02243428430413,27.934343434343436,29.47106620989174,26.39762065879513
142,background,5,100,154.26486962364442,26.2795,27.791295722311713,24.767704277688285
142,background,6,100,154.88931531903674,23.799,25.31691529012656,22.28108470987344
142,background,7,100,149.19697330075186,21.308,22.770130338347368,19.845869661652632
142,background,8,100,141.26209310132856,20.172,21.55636851239302,18.78763148760698
142,background,9,99,137.31110469908913,18.95909090909091,20.311518865331404,17.606662952850417
142,background,10,100,140.4533917823201,17.6465,19.022943239466738,16.27005676053326
142,deviant,1,100,161.82495416181547,35.796,37.38188455078579,34.21011544921421
142,deviant,2,100,198.2538378204223,39.905,41.84788761064014,37.96211238935986
142,deviant,3,99,236.6914880732211,41.357070707070704,43.68833288849361,39.0258085256478
142,deviant,4,100,257.9604875904345,42.5445,45.072512778386255,40.016487221613744
142,deviant,5,100,274.3193874223794,43.277,45.96532999673932,40.58867000326068
142,deviant,6,99,273.32977479497856,40.33888888888889,43.03101513400022,37.646762643777556
142,deviant,7,100,291.51321176162656,41.843,44.69982947526395,38.98617052473606
142,deviant,8,100,301.8626866291151,40.7505,43.70875432896533,37.79224567103468
142,deviant,9,100,306.31875812451864,40.8135,43.81542382962028,37.811576170379716
142,deviant,10,100,298.6929421399349,39.073,42.00019083297136,36.14580916702864
143,background,1,100,160.93113106968588,36.4425,38.019625084482925,34.86537491551708
143,background,2,100,157.18925067038074,31.6395,33.179954656569734,30.09904534343027
143,background,3,100,157.41709597519312,27.799,29.34168754055689,26.25631245944311
143,background,4,100,150.22799339670354,23.6195,25.091734335287693,22.147265664712304
143,background,5,99,139.0271745492869,20.503535353535355,21.872865517687984,19.134205189382726
143,background,6,99,127.77113585585256,17.53939393939394,18.797859207084727,16.28092867170315
143,background,7,100,118.3918671637808,15.2265,16.38674029820505,14.066259701794948
143,background,8,98,108.6034069447179,13.48469387755102,14.559812754699031,12.40957500040301
143,background,9,100,101.32846537245516,11.519,12.51201896065006,10.52598103934994
143,background,10,99,91.6816000595195,10.461616161616162,11.364622216844387,9.558610106387937
143,deviant,1,99,158.82270817354473,36.62929292929293,38.19359664012858,35.06498921845728
143,deviant,2,98,232.62456764857015,41.570408163265306,43.8732738928338,39.26754243369681
143,deviant,3,99,266.95477637903196,43.07979797979798,45.70913450300292,40.45046145659304
143,deviant,4,100,270.14780067682636,39.5915,42.238948446632904,36.9440515533671
143,deviant,5,100,292.2895374183115,40.808,43.67243746669945,37.94356253330055
143,deviant,6,100,302.8870338313575,41.3455,44.313792931547304,38.3772070684527
143,deviant,7,100,324.1575153175414,38.787,41.96374365011191,35.61025634988809
143,deviant,8,98,324.0116956953382,39.446938775510205,42.65449091644916,36.23938663457125
143,deviant,9,100,319.55580189743984,35.58,38.71164685859491,32.448353141405086
143,deviant,10,100,324.0258111876113,36.119,39.29445294963859,32.94354705036141
144,background,1,100,160.15927105623064,20.9325,22.50206085635106,19.36293914364894
144,background,2,100,145.34572215021814,17.907,19.331388077072138,16.482611922927862
144,background,3,98,147.30072176190768,18.03214285714286,19.490345606384107,16.57394010790161
144,background,4,100,138.99373329304038,15.98,17.342138586271798,14.617861413728205
144,background,5,99,128.5203649641811,14.67979797979798,15.945642682633169,13.413953276962792
144,background,6,98,129.54961455588722,13.252551020408163,14.53502677374416,11.970075267072165
144,background,7,100,117.27370145361483,11.852,13.001282274245426,10.702717725754574
144,background,8,100,116.76714345000343,11.4385,12.582818005810033,10.294181994189966
144,background,9,100,112.00294873937825,10.8705,11.968128897645906,9.772871102354094
144,background,10,99,106.70050313105862,10.23989898989899,11.290831787327189,9.18896619247079
144,deviant,1,100,152.40744387125065,20.5685,22.062092949938258,19.074907050061743
144,deviant,2,100,153.77044579502265,20.5215,22.028450368791223,19.014549631208777
144,deviant,3,99,151.116049863394,19.77828282828283,21.266680805414843,18.289884851150816
144,deviant,4,100,156.28620843621624,19.326,20.85760484267492,17.79439515732508
144,deviant,5,100,153.21311267230635,18.03,19.5314885041886,16.5285114958114
144,deviant,6,100,155.75257030911158,17.93,19.456375189029295,16.403624810970705
144,deviant,7,100,152.2083492419104,16.4885,17.98014182257072,14.996858177429276
144,deviant,8,100,150.47963667098475,16.013,17.48770043937565,14.53829956062435
144,deviant,9,100,143.57710197147145,15.51,16.91705559932042,14.10294440067958
144,deviant,10,99,147.84120214822246,15.341414141414141,16.797556929775123,13.88527135305316
145,background,1,100,155.93239932065026,20.2225,21.750637513342372,18.694362486657628
145,background,2,100,150.98861058475833,18.3525,19.83218838373063,16.872811616269367
145,background,3,100,140.38735885511838,15.385,16.76079611678016,14.00920388321984
145,background,4,99,132.7949448150081,14.043939393939395,15.35188601783996,12.73599277003883
145,background,5,100,124.69949140992811,12.446,13.668055015817295,11.223944984182705
145,background,6,99,114.505492858364,11.003535353535353,12.131342387235337,9.87572831983537
145,background,7,100,101.50362969916527,9.5895,10.584235571051819,8.59476442894818
145,background,8,100,95.00808829834048,8.525,9.456079265323737,7.593920734676264
145,background,9,100,89.40820049519772,7.47,8.346200364852937,6.593799635147062
145,background,10,100,81.69962636002946,6.7535,7.554156338328289,5.952843661671711
145,deviant,1,99,155.14334627929372,21.903030303030302,23.431094615036443,20.374965991024162
145,deviant,2,100,156.56849014173687,19.5475,21.08187120338902,18.013128796610978
145,deviant,3,100,156.43092472566389,18.9375,20.470523062311507,17.404476937688493
145,deviant,4,100,154.89355428130227,18.0535,19.571456831956763,16.535543168043237
145,deviant,5,99,155.4770671869412,17.01161616161616,18.542967414515196,15.480264908717125
145,deviant,6,100,146.31060147939777,15.5665,17.000343894498098,14.132656105501901
145,deviant,7,100,145.21789435915002,14.939,16.36213536471967,13.51586463528033
145,deviant,8,99,141.94184316862052,14.207575757575757,15.605613573105906,12.809537942045608
145,deviant,9,100,144.21891254909013,14.07,15.483345342981083,12.656654657018917
145,deviant,10,100,140.51149044604293,14.081,15.45801260637122,12.703987393628779
146,background,1,100,298.8027865719426,40.476,43.40426730840504,37.54773269159496
146,background,2,99,282.26568298231666,37.20808080808081,39.988220124483334,34.42794149167828
146,background,3,99,294.90508285673354,35.877272727272725,38.78190217706778,32.97264327747767
146,background,4,100,275.30794719635986,34.0265,36.724517882524324,31.328482117475673
146,background,5,99,286.85091029460256,33.336868686868684,36.1621696063072,30.51156776743017
146,background,6,100,275.6774717329158,30.684,33.385639222982576,27.982360777017426
146,background,7,100,275.7672502596882,29.7105,32.413019052544946,27.007980947455057
146,background,8,99,270.01165666845213,28.01212121212121,30.671566082144512,25.35267634209791
146,background,9,100,251.14935271352198,26.3675,28.828763656592514,23.906236343407485
146,background,10,99,244.98123988325486,23.453030303030303,25.865941322125547,21.04011928393506
146,deviant,1,100,296.1975780845581,39.688,42.59073626522867,36.785263734771334
146,deviant,2,99,307.557619762028,40.214141414141416,43.24339038881455,37.184892439468285
146,deviant,3,99,304.53516779027785,39.08080808080808,42.08028780592236,36.081328355693806
146,deviant,4,100,320.7438230114494,39.37,42.5132894655122,36.22671053448779
146,deviant,5,100,313.2147447292184,38.2785,41.34800449834634,35.20899550165366
146,deviant,6,98,311.70967852187476,37.249489795918365,40.33525818013851,34.16372141169822
146,deviant,7,99,312.61613421002613,37.26161616161616,40.340688319720165,34.182544003512156
146,deviant,8,100,302.9771790954421,34.1405,37.109676355135335,31.17132364486467
146,deviant,9,100,317.11053195011385,36.009,39.116683213111116,32.901316786888884
146,deviant,10,100,307.72176427826213,33.854,36.869673289926965,30.83832671007303
147,background,1,100,297.95106009297285,39.0935,42.01342038891113,36.17357961108887
147,background,2,100,287.21085689052467,35.8555,38.67016639752714,33.04083360247286
147,background,3,99,265.58725397444096,32.968686868686866,35.58455415693949,30.352819580434243
147,background,4,100,261.6522803062754,29.557,32.1211923470015,26.9928076529985
147,background,5,97,255.67314145830395,27.061340206185566,29.60538829451764,24.517292117853493
147,background,6,100,255.4923420419979,25.114,27.61782495201158,22.61017504798842
147,background,7,98,237.2484041319518,23.008163265306123,25.35680264072958,20.659523889882667
147,background,8,100,249.60693837353668,22.1305,24.57664799606066,19.684352003939342
147,background,9,99,223.03737590958065,19.86010101010101,22.05687878075307,17.663323239448946
147,background,10,99,208.7512054802887,18.22979797979798,20.285865963586613,16.173729996009346
147,deviant,1,96,289.4335984206686,39.93385416666666,42.8287930747387,37.03891525859463
147,deviant,2,100,308.54410671648503,39.143499999999996,42.16723224582155,36.11976775417844
147,deviant,3,100,316.26970086337786,38.3615,41.460943068461106,35.26205693153889
147,deviant,4,99,310.83514838847333,35.997979797979795,39.059510366712615,32.936449229246975
147,deviant,5,100,313.0687077775,36.217,39.2850733362195,33.1489266637805
147,deviant,6,100,307.84670655513287,32.536,35.5528977242403,29.5191022757597
147,deviant,7,99,302.1474805455111,32.915151515151514,35.891114023740165,29.939189006562863
147,deviant,8,100,304.06819699049856,30.446,33.42586833050689,27.466131669493116
147,deviant,9,100,303.1831260059452,31.2695,34.240694634858265,28.298305365141736
147,deviant,10,100,315.72966034418215,31.8185,34.91265067137299,28.724349328627014
148,background,1,98,80.25631636070442,19.497448979591837,20.291945977035734,18.70295198214794
148,background,2,99,79.03436960555433,16.804040404040403,17.582479199596207,16.0256016084846
148,background,3,100,78.09471307666298,14.634,15.399328188151298,13.868671811848703
148,background,4,100,73.5766338767382,12.595,13.316051011992036,11.873948988007966
148,background,5,100,71.18095916302633,10.7305,11.428073399797658,10.032926600202341
148,background,6,100,65.54666879005893,9.3815,10.023857354142578,8.739142645857424
148,background,7,100,63.1359852348797,8.39,9.008732655301822,7.771267344698179
148,background,8,100,52.29440948282997,7.191,7.703485212931733,6.678514787068266
148,background,9,100,54.17187559299712,6.6585,7.189384380811372,6.127615619188628
148,background,10,98,49.39872681078245,5.9770408163265305,6.466063262264934,5.488018370388127
148,deviant,1,100,81.26040014409814,19.499,20.29535192141216,18.70264807858784
148,deviant,2,100,119.95567163704578,22.381,23.55656558204305,21.20543441795695
148,deviant,3,100,125.33625299884098,21.6705,22.898795279388644,20.442204720611358
148,deviant,4,100,140.56438869223263,21.701,23.07853100918388,20.32346899081612
148,deviant,5,100,143.442598091949,22.009,23.4147374613011,20.6032625386989
148,deviant,6,100,152.18748824705457,21.479,22.970437384821135,19.987562615178863
148,deviant,7,100,144.88438221742987,19.048,20.467866945730812,17.628133054269185
148,deviant,8,100,158.82646935703463,21.25,22.80649939969894,19.69350060030106
148,deviant,9,100,149.1333648997292,18.9275,20.389006976017345,17.46599302398265
148,deviant,10,98,151.93404905799719,19.87908163265306,21.383151982001614,18.37501128330451
149,background,1,100,82.0173120364488,19.5165,20.320269657957198,18.712730342042803
149,background,2,100,77.82123577046374,15.2985,16.061148110550544,14.535851889449455
149,background,3,99,71.54439181375434,11.767676767676768,12.472343996253706,11.06300953909983
149,background,4,100,64.47912758976227,9.368,9.99989545037967,8.73610454962033
149,background,5,99,54.65292403214267,7.542424242424243,8.080721145018808,7.004127339829678
149,background,6,100,47.13494066591098,6.2815,6.7434224185259275,5.819577581474073
149,background,7,99,41.10877739543428,5.2,5.604895583050549,4.795104416949451
149,background,8,100,37.96386786350799,4.8435,5.215545905062378,4.471454094937622
149,background,9,99,31.7940742575521,4.171717171717172,4.484868791631166,3.8585655518031787
149,background,10,100,34.57215947155046,4.1425,4.481307162821195,3.8036928371788057
149,deviant,1,100,81.14222406562313,19.7585,20.55369379584311,18.963306204156893
149,deviant,2,100,125.1007173188236,22.175,23.400987029724472,20.94901297027553
149,deviant,3,100,142.83606724235707,22.403,23.8027934589751,21.0032065410249
149,deviant,4,100,138.93925215529873,20.438,21.799604671121926,19.07639532887807
149,deviant,5,99,144.7373210518391,19.724747474747478,21.15031898792431,18.299175961570644
149,deviant,6,100,134.1770629076606,16.34,17.654935216495073,15.025064783504925
149,deviant,7,99,139.9055978715272,16.654040404040405,18.032022485028275,15.276058323052537
149,deviant,8,100,143.3758953535114,16.487,17.89208377446441,15.081916225535586
149,deviant,9,100,147.82721065665248,16.762999999999998,18.21170666443519,15.314293335564804
149,deviant,10,100,149.4422349235562,15.9805,17.44503390225085,14.515966097749148
150,background,1,100,164.20249052537798,37.388,38.9971844071487,35.778815592851295
150,background,2,99,161.63276276794875,34.07020202020202,35.662183000114794,32.47822104028924
150,background,3,100,164.65953709972206,31.693,33.30666346357728,30.079336536422726
150,background,4,100,154.01490016775713,28.423000000000002,29.932346021644022,26.91365397835598
150,background,5,100,151.7955082200704,26.0815,27.56909598055669,24.593904019443308
150,background,6,100,152.18339870730074,23.5385,25.029897307331545,22.047102692668453
150,background,7,100,153.7118288089419,22.326,23.832375922327632,20.81962407767237
150,background,8,100,150.6374700013946,21.043,22.519247206013667,19.566752793986332
150,background,9,100,141.85344549921936,18.95,20.34016376589235,17.55983623410765
150,background,10,100,136.54965358702614,17.5725,18.910686605152858,16.234313394847145
150,deviant,1,99,164.54121224275633,36.82121212121212,38.441839497843226,35.200584744581015
150,deviant,2,99,208.56992390537695,41.00757575757576,43.06185823195203,38.953293283199486
150,deviant,3,99,244.06057272303272,43.13636363636363,45.54020666340823,40.73252060931904
150,deviant,4,99,236.8901810855335,41,43.33321918253473,38.66678081746527
150,deviant,5,99,278.9275655830834,43.314646464646465,46.061907425712555,40.567385503580375
150,deviant,6,99,294.70770979145817,42.17424242424242,45.07692787357318,39.27155697491166
150,deviant,7,100,279.6827902426153,40.792,43.53289134437763,38.05110865562237
150,deviant,8,100,289.3601789429478,40.725500000000004,43.561229753640895,37.88977024635911
150,deviant,9,100,295.55727915779363,40.703,43.59946133574638,37.80653866425362
150,deviant,10,99,303.6330324932593,40.403535353535354,43.39412961378739,37.412941093283315
151,background,1,100,168.5884431326618,36.917,38.56916674270009,35.26483325729991
151,background,2,100,155.5254083151012,31.492,33.016149001487996,29.96785099851201
151,background,3,100,161.77623434855937,27.5945,29.17990709661588,26.00909290338412
151,background,4,99,151.72341525566216,24.26060606060606,25.754986204569786,22.766225916642338
151,background,5,100,145.7046670494806,20.7685,22.19640573708491,19.34059426291509
151,background,6,99,133.39314667158646,18.16868686868687,19.482525404360224,16.854848333013514
151,background,7,100,127.84259441738665,15.6745,16.92735742529039,14.421642574709612
151,background,8,99,113.49833061605615,13.385353535353536,14.50324065488524,12.267466415821833
151,background,9,100,108.35686653976195,11.906,12.967897292089667,10.844102707910334
151,background,10,100,100.64456740116886,10.7085,11.694816760531456,9.722183239468546
151,deviant,1,99,157.48068386146184,36.50959595959596,38.06068157564174,34.95851034355019
151,deviant,2,100,227.70055936875102,42.9905,45.221965481813754,40.75903451818624
151,deviant,3,100,266.72850379523015,43.047,45.660939337193255,40.43306066280674
151,deviant,4,100,286.85594679303114,40.9035,43.71468827857171,38.092311721428295
151,deviant,5,100,309.08613601014883,43.8825,46.91154413289946,40.85345586710054
151,deviant,6,99,310.51867051248644,42.18131313131313,45.239726592161965,39.1228996704643
151,deviant,7,100,304.98041783556846,38.1515,41.140308094788566,35.16269190521143
151,deviant,8,100,306.57104010584385,39.1555,42.15989619303727,36.15110380696274
151,deviant,9,98,304.0346024282174,34.47295918367347,37.48274819096635,31.463170176380586
151,deviant,10,99,303.574182384679,32.04040404040404,35.03041866412744,29.050389416680648
152,background,1,99,81.31603389505081,19.943939393939395,20.74485114664337,19.14302764123542
152,background,2,99,81.67873523429267,17.22020202020202,18.024686152809508,16.415717887594532
152,background,3,98,76.18825368782252,14.989285714285714,15.743510945897597,14.23506048267383
152,background,4,100,74.5485535882841,12.7685,13.499075825165184,12.037924174834815
152,background,5,100,73.54912429261496,11.248,11.968781418067627,10.527218581932372
152,background,6,100,69.97311513792468,9.858,10.543736528351662,9.172263471648339
152,background,7,100,61.9484080760587,8.435,9.042094399145375,7.827905600854625
152,background,8,98,58.85016656954471,7.555102040816327,8.137688966790288,6.972515114842366
152,background,9,99,54.88401646342852,6.7035353535353535,7.2441083711260905,6.162962335944616
152,background,10,99,51.53317786681345,6.262626262626263,6.7701956290932035,5.7550568961593225
152,deviant,1,100,81.85084316191121,19.6935,20.49563826298673,18.89136173701327
152,deviant,2,100,123.5803701836859,22.5615,23.77258762780012,21.350412372199877
152,deviant,3,98,133.55309411379585,23.054591836734694,24.37670001568304,21.73248365778635
152,deviant,4,100,130.18882036245827,20.6905,21.96635043955209,19.41464956044791
152,deviant,5,100,131.4920149666891,19.8555,21.14412174667355,18.566878253326447
152,deviant,6,100,146.7004376989129,21.2835,22.721164289449348,19.845835710550652
152,deviant,7,100,136.8810182526954,19.127499999999998,20.468933978876414,17.78606602112358
152,deviant,8,100,156.3485226227475,20.9285,22.460715521702927,19.396284478297073
152,deviant,9,100,153.7816377376153,19.4955,21.00256004982863,17.98843995017137
152,deviant,10,96,148.00487189705328,18.754166666666666,20.234523697007894,17.27380963632544
153,background,1,100,81.96666523975657,19.9805,20.783773319349613,19.177226680650385
153,background,2,99,75.22940354605197,15.162626262626263,15.903588537381404,14.421663987871122
153,background,3,100,72.48700427989617,11.8865,12.596872641942982,11.176127358057018
153,background,4,100,65.52906145167074,9.586,10.228184802226373,8.943815197773628
153,background,5,99,55.46179339253094,7.618181818181818,8.164445574865372,7.071918061498264
153,background,6,100,51.271439674694044,6.6585,7.160960108812001,6.156039891187999
153,background,7,98,40.46356385688241,5.380612244897959,5.781181090416429,4.980043399379489
153,background,8,100,39.71407678313626,4.9515,5.340697952474735,4.562302047525265
153,background,9,100,38.56590394854529,4.5295,4.907445858695743,4.151554141304256
153,background,10,100,30.55400740362961,4.019,4.31842927255557,3.71957072744443
153,deviant,1,99,79.41927381077959,19.628282828282828,20.410512687997368,18.846052968568287
153,deviant,2,99,130.19817890229373,22.017676767676768,23.300046881768722,20.735306653584814
153,deviant,3,100,133.6485867371672,21.2055,22.51525615002424,19.895743849975762
153,deviant,4,99,142.84354709740452,20.608080808080807,22.014999839767594,19.20116177639402
153,deviant,5,99,141.92959707656394,19.28787878787879,20.685795987109998,17.88996158864758
153,deviant,6,100,150.7545670077169,18.5415,20.018894756675625,17.064105243324374
153,deviant,7,100,143.06613303312784,17.2835,18.685548103724653,15.881451896275347
153,deviant,8,99,144.9777478388358,16.84040404040404,18.268343606105656,15.412464474702423
153,deviant,9,98,149.23797668224577,16.45,17.927380594516062,14.972619405483938
153,deviant,10,100,142.80800508301164,15.705,17.104518449813515,14.305481550186485
154,background,1,98,156.0557929918521,36.94285714285714,38.4877306754089,35.39798361030539
154,background,2,99,163.98948939361617,33.93434343434343,35.54953668817064,32.319150180516225
154,background,3,99,163.48214935550223,31.27828282828283,32.88847910205975,29.668086554505916
154,background,4,98,157.87965103371084,29.016326530612243,30.57925533661448,27.453397724610006
154,background,5,100,155.7543190243431,26.6105,28.13689232643856,25.084107673561437
154,background,6,100,157.9632035766891,24.697,26.245039395051553,23.148960604948446
154,background,7,100,157.5752702344936,23.4505,24.994737648298038,21.906262351701965
154,background,8,100,147.57832888976193,20.514,21.960267623119666,19.067732376880333
154,background,9,100,149.67902500456032,18.983,20.449854445044693,17.51614555495531
154,background,10,100,144.9579793922145,19.015,20.435588198043703,17.594411801956298
154,deviant,1,99,163.80735636716688,36.42777777777778,38.041177135930894,34.81437841962466
154,deviant,2,99,200.3275410027551,40.343939393939394,42.31703958456686,38.37083920331193
154,deviant,3,99,242.18541179065792,42.58282828282828,44.968202154934886,40.197454410721676
154,deviant,4,100,257.56303265312295,41.509,44.033117720000604,38.9848822799994
154,deviant,5,100,276.1274972487204,42.980000000000004,45.686049473037464,40.273950526962544
154,deviant,6,100,287.2255486363873,42.126,44.94081037663659,39.311189623363404
154,deviant,7,98,299.1681537372023,43.124489795918365,46.08610341903526,40.16287617280147
154,deviant,8,100,266.0488281262829,37.588,40.195278515637575,34.98072148436243
154,deviant,9,100,314.31486476227354,41.0815,44.16178567467028,38.00121432532972
154,deviant,10,99,281.59834217514396,38.21010101010101,40.983667439584174,35.43653458061785
155,background,1,100,164.43308509446697,37.6935,39.304944233925774,36.08205576607423
155,background,2,99,161.3885471707789,32.074747474747475,33.664323084739976,30.48517186475497
155,background,3,100,154.50792008314997,27.7445,29.258677616814868,26.23032238318513
155,background,4,100,153.46199598117548,23.8,25.30392756061552,22.29607243938448
155,background,5,99,137.4001168313301,20.862121212121213,22.215425881839113,19.508816542403313
155,background,6,99,141.9859703966335,18.32323232323232,19.72170476418426,16.924759882280384
155,background,7,100,121.06248930114347,15.363,16.549412395151204,14.176587604848793
155,background,8,100,119.71836468188685,14.3555,15.528739973882491,13.182260026117508
155,background,9,100,114.66506144327256,12.6615,13.78521760214407,11.53778239785593
155,background,10,100,100.82482202732668,10.6415,11.629583255867802,9.6534167441322
155,deviant,1,99,162.9170680212223,36.92575757575757,38.530388154059935,35.32112699745521
155,deviant,2,100,233.31231045644876,41.3985,43.68496064247319,39.112039357526804
155,deviant,3,100,270.8797946652624,43.813,46.467621987719575,41.15837801228043
155,deviant,4,100,287.38844517665046,42.9865,45.802906762731176,40.17009323726882
155,deviant,5,100,309.39164415621224,42.647,45.67903811273088,39.61496188726912
155,deviant,6,98,304.2278621449113,41.308673469387756,44.32037565026749,38.29697128850802
155,deviant,7,100,297.90411297314404,37.4495,40.36896030713681,34.53003969286319
155,deviant,8,97,306.0899549582047,36.901546391752575,39.94726155888938,33.85583122461577
155,deviant,9,100,315.1580138346644,37.907,40.99554853557971,34.818451464420285
155,deviant,10,100,328.2566269824491,37.4635,40.680414944428,34.246585055572005
156,background,1,99,158.50446614992805,20.666161616161617,22.2273308433695,19.104992388953733
156,background,2,99,149.43953186560285,18.59292929292929,20.064814623001027,17.121043962857556
156,background,3,100,139.44407481137372,16.7765,18.14305193315146,15.409948066848536
156,background,4,99,143.00722285770632,15.983333333333333,17.391864468239856,14.574802198426807
156,background,5,100,134.1959682506775,14.913,16.22812048885664,13.597879511143361
156,background,6,99,129.7154273988378,13.908585858585859,15.186201174217619,12.630970542954099
156,background,7,99,123.47826358897088,12.687373737373738,13.90355691521445,11.471190559533026
156,background,8,100,113.70956771298398,11.3225,12.436853763587242,10.208146236412757
156,background,9,100,115.05842909262734,10.719,11.846572605107747,9.591427394892252
156,background,10,100,111.41444676238545,10.238,11.329861578271377,9.146138421728622
156,deviant,1,100,159.3697702960336,20.6895,22.25132374890113,19.12767625109887
156,deviant,2,100,156.39246347435972,20.0185,21.551146142048726,18.485853857951273
156,deviant,3,100,160.10503131579463,19.873,21.44202930689479,18.303970693105214
156,deviant,4,100,159.7385528391875,18.906,20.471437817824036,17.34056218217596
156,deviant,5,100,156.81881935935866,18.335,19.871824429721716,16.798175570278286
156,deviant,6,99,151.4205801906173,17.37020202020202,18.86159942938261,15.878804611021428
156,deviant,7,100,158.34979600472127,17.033,18.58482800084627,15.481171999153732
156,deviant,8,100,152.37828620004612,16.347,17.840307204760453,14.85369279523955
156,deviant,9,99,151.73990038358747,15.30858585858586,16.803128370683737,13.814043346487981
156,deviant,10,100,158.87626764577723,16.683,18.239987422928618,15.126012577071384
157,background,1,99,158.95067093118445,20.902020202020203,22.467584265477505,19.3364561385629
157,background,2,100,141.3698769372852,17.709,19.094424793985393,16.323575206014606
157,background,3,99,141.62456856440068,15.07020202020202,16.465114880576557,13.675289159827482
157,background,4,99,130.28576890415687,13.352020202020201,14.635253022500445,12.068787381539957
157,background,5,100,116.55864798912448,11.8175,12.95977475029342,10.675225249706582
157,background,6,100,107.17803683100085,10.251,11.301344760943808,9.200655239056191
157,background,7,98,95.60797148003044,9.121428571428572,10.067899200994846,8.174957941862298
157,background,8,100,95.90181382401921,8.597,9.536837775475387,7.657162224524611
157,background,9,99,88.1192374002408,7.835353535353535,8.703272560576185,6.967434510130886
157,background,10,99,81.72049604404155,6.852020202020202,7.656915652319027,6.047124751721377
157,deviant,1,100,158.93431281341887,19.987,21.544556265571504,18.429443734428492
157,deviant,2,99,159.80148046214947,19.753030303030304,21.326974304859196,18.179086301201412
157,deviant,3,100,154.37598497448394,18.1215,19.634384652749944,16.60861534725006
157,deviant,4,100,157.36932758056096,17.746,19.288219410289496,16.2037805897105
157,deviant,5,98,152.3771377381238,16.249489795918368,17.757946499412302,14.741033092424434
157,deviant,6,100,149.22344602007172,15.604,17.0663897709967,14.141610229003296
157,deviant,7,99,145.80447433752542,15.047979797979798,16.484062099343202,13.611897496616395
157,deviant,8,99,144.62508699901855,14.241414141414142,15.665880219811978,12.816948063016305
157,deviant,9,100,138.3461619500729,13.4865,14.842292387110714,12.130707612889285
157,deviant,10,100,131.65232322494847,12.6035,13.893692767604495,11.313307232395506
158,background,1,98,294.48060877987945,39.24234693877551,42.15755623432225,36.327137643228774
158,background,2,100,287.6501896035311,36.384,39.20297185811461,33.56502814188539
158,background,3,100,281.5192337076961,36.877,39.635888490335425,34.11811150966458
158,background,4,99,279.463117800053,33.22979797979798,35.982333793119054,30.47726216647691
158,background,5,99,276.0557628641835,32.68888888888889,35.407864400716484,29.969913377061296
158,background,6,99,274.17311089317656,30.255555555555556,32.955988130429574,27.55512298068154
158,background,7,100,277.0886377278843,29.8725,32.58796864973326,27.15703135026673
158,background,8,99,258.24885998627474,26.493939393939392,29.037528120270512,23.950350667608273
158,background,9,99,251.92206919475797,26.69242424242424,29.173698061607222,24.21115042324126
158,background,10,100,245.71347777013517,24.5565,26.964492082147324,22.148507917852676
158,deviant,1,100,301.73447720942016,38.295,41.25199787665232,35.338002123347685
158,deviant,2,99,297.47473576936346,39.132828282828285,42.062767196446316,36.202889369210254
158,deviant,3,100,317.8924429160874,39.342999999999996,42.45834594057765,36.22765405942234
158,deviant,4,99,320.11786891706,37.804545454545455,40.957504977843456,34.65158593124745
158,deviant,5,100,314.67659254341885,38.504,41.5878306069255,35.420169393074495
158,deviant,6,98,316.8402345197439,37.14132653061225,40.277884827955305,34.00476823326919
158,deviant,7,100,315.9805665243555,36.0515,39.14810955193868,32.95489044806131
158,deviant,8,100,322.6088188503223,35.8025,38.96406642473316,32.64093357526684
158,deviant,9,99,312.16771386379367,35.47727272727273,38.5519282272068,32.40261722733865
158,deviant,10,100,318.90464669585873,35.214999999999996,38.34026553761941,32.089734462380584
159,background,1,99,291.90583827846376,38.354040404040404,41.229129182495406,35.4789516255854
159,background,2,99,289.40006456188127,34.86313131313131,37.71353979763816,32.01272282862446
159,background,3,99,280.01601927859696,32.59848484848485,35.356466393367604,29.840503303602095
159,background,4,98,270.428417418304,30.764795918367348,33.44190066731576,28.087691169418942
159,background,5,100,266.6696556850027,27.585,30.198362625713028,24.971637374286974
159,background,6,100,259.8814203277698,26.376,28.922837919212146,23.829162080787857
159,background,7,100,239.1346790761267,22.864,25.207519854946042,20.52048014505396
159,background,8,99,229.45420366371008,22.61111111111111,24.87109059632284,20.35113162589938
159,background,9,99,227.07928710381958,19.764141414141413,22.000729466035548,17.52755336224728
159,background,10,99,213.6768834626615,18.266666666666666,20.371249478308428,16.162083855024903
159,deviant,1,100,286.66084857416985,39.324,42.133276316026866,36.51472368397313
159,deviant,2,99,300.14642917644113,37.925252525252525,40.881505937338495,34.968999113166554
159,deviant,3,99,302.54500317699586,38.243434343434345,41.22331219973822,35.26355648713047
159,deviant,4,99,329.0815728340731,38.08434343434343,41.32558979937501,34.84309706931185
159,deviant,5,99,308.3766195315141,35.46515151515152,38.50246712206707,32.42783590823597
159,deviant,6,99,314.9783868942856,33.928282828282825,37.03062168850024,30.82594396806541
159,deviant,7,100,304.2234549246915,32.51,35.491389858261975,29.52861014173802
159,deviant,8,100,309.690911274961,31.4645,34.49947093049462,28.429529069505385
159,deviant,9,100,300.0885044887854,29.689,32.6298673439901,26.748132656009904
159,deviant,10,98,307.5845241127782,30.093367346938777,33.13829878597333,27.04843590790422
160,background,1,99,78.9224302717548,19.391414141414142,20.168750404987808,18.614077877840476
160,background,2,100,77.69562745943809,16.614,17.375417149102493,15.852582850897507
160,background,3,100,74.21529846544976,14.425,15.152309924961408,13.697690075038594
160,background,4,99,74.67409894087494,12.695959595959597,13.43145246986827,11.960466722050922
160,background,5,100,69.03490726474999,10.6315,11.308042091194551,9.95495790880545
160,background,6,99,61.57054148655319,9.226262626262626,9.832693706762353,8.6198315457629
160,background,7,100,56.97889729401671,8.155,8.713393193481362,7.596606806518635
160,background,8,100,53.33989817052622,7.1985,7.721231002071157,6.675768997928843
160,background,9,100,48.95604903218911,6.495,6.974769280515454,6.0152307194845465
160,background,10,100,48.10285033681806,6.054,6.5254079333008175,5.582592066699183
160,deviant,1,99,79.3036303675543,19.704545454545453,20.485636299131414,18.923454609959492
160,deviant,2,99,115.2910276328196,21.654545454545456,22.790089511350025,20.519001397740887
160,deviant,3,100,134.51182691104663,22.078,23.396215903728255,20.759784096271744
160,deviant,4,100,130.23243390993375,20.9275,22.203777852317348,19.65122214768265
160,deviant,5,99,141.75156176620382,20.624242424242425,22.020406087723874,19.228078760760976
160,deviant,6,99,140.29426780502249,21.324747474747475,22.70655770994735,19.9429372395476
160,deviant,7,99,143.09226872343964,19.453030303030303,20.862399086185544,18.043661519875062
160,deviant,8,100,152.90186050983297,20.56,22.058438232996362,19.061561767003635
160,deviant,9,100,148.8558911020638,19.011499999999998,20.470287732800223,17.552712267199773
160,deviant,10,99,155.03254327296645,19.95959595959596,21.486568931730346,18.43262298746157
161,background,1,99,79.72767795175618,19.435858585858586,20.221126032248954,18.65059113946822
161,background,2,100,74.14605075191302,15.374,16.10063129736875,14.647368702631253
161,background,3,100,68.29373478238188,11.4555,12.124778600867343,10.786221399132659
161,background,4,100,59.831099992527214,9.0555,9.641844779926767,8.469155220073233
161,background,5,99,51.1626662817003,7.382323232323232,7.886243292880675,6.87840317176579
161,background,6,99,48.075023606201604,6.251010101010101,6.724518824608477,5.777501377411724
161,background,7,100,34.96904646292655,5.1795,5.52219665533668,4.83680334466332
161,background,8,100,34.384513037734095,4.676,5.012968227769794,4.339031772230206
161,background,9,100,29.09670807931083,4.0835,4.368647739177246,3.798352260822754
161,background,10,99,30.39390520621215,4.043434343434344,4.3427951794736845,3.7440735073950027
161,deviant,1,99,80.3013239715196,19.205555555555556,19.996473054181788,18.414638056929324
161,deviant,2,98,124.66185843058985,22.74795918367347,23.982048619995695,21.513869747351244
161,deviant,3,99,136.1862791604901,21.191414141414143,22.532763274076395,19.85006500875189
161,deviant,4,98,141.0419683714931,20.766326530612243,22.162570782355584,19.370082278868903
161,deviant,5,100,153.32203810418468,20.847,22.349555973421012,19.34444402657899
161,deviant,6,100,134.98701691956194,17.799999999999997,19.122872765811703,16.47712723418829
161,deviant,7,99,148.453758527875,18.204545454545453,19.66672153769662,16.742369371394286
161,deviant,8,99,151.02154778288045,17.0510101010101,18.538477292129652,15.563542909890545
161,deviant,9,100,127.87475369117608,13.266,14.519172586173525,12.012827413826475
161,deviant,10,100,153.41677840033287,16.3505,17.853984428323262,14.847015571676739
162,background,1,99,164.9923044457401,36.96818181818182,38.593252169090164,35.343111467273474
162,background,2,100,162.9190225073083,33.8265,35.42310642057163,32.22989357942838
162,background,3,98,153.42432559477174,30.912755102040816,32.431578436419315,29.393931767662313
162,background,4,99,160.70032587658966,29.154545454545453,30.737342517963874,27.57174839112703
162,background,5,99,153.81302730400003,25.952525252525252,27.467486759941426,24.437563745109077
162,background,6,100,152.40427539244016,24.403,25.896561898845913,22.909438101154084
162,background,7,100,149.0590575294871,22.6585,24.119278763788973,21.197721236211027
162,background,8,100,142.0257389571193,19.966,21.35785224177977,18.57414775822023
162,background,9,99,135.8637378521506,18.46212121212121,19.800293515907192,17.12394890833523
162,background,10,100,134.40657095465784,17.324,18.641184395355648,16.006815604644355
162,deviant,1,100,159.71789274579695,35.903,37.468235348908806,34.33776465109119
162,deviant,2,100,211.68519327678916,39.574,41.64851489411253,37.499485105887466
162,deviant,3,100,253.74268462361627,42.6865,45.17317830931144,40.199821690688566
162,deviant,4,99,244.31298412185615,41.089393939393936,43.49572305984657,38.683064818941304
162,deviant,5,99,278.94185868441434,43.94595959595959,46.69336133507756,41.198557856841624
162,deviant,6,99,283.194209909588,42.01161616161616,44.80090088382775,39.22233143940457
162,deviant,7,100,298.4075410010876,43.4085,46.33289390181066,40.484106098189336
162,deviant,8,100,300.9005037514805,41.4465,44.39532493676451,38.49767506323549
162,deviant,9,97,283.07300062741854,38.16030927835052,40.976996717621695,35.34362183907934
162,deviant,10,100,297.0231383862915,37.0615,39.97232675618566,34.150673243814346
163,background,1,99,159.51357803944893,36.37828282828283,37.94939117245691,34.80717448410874
163,background,2,100,159.72312392321118,31.5115,33.07678661444747,29.946213385552532
163,background,3,100,159.04087524910065,27.445,29.003600577441187,25.886399422558814
163,background,4,100,141.03930956334574,23.1485,24.53068523372079,21.76631476627921
163,background,5,100,141.59522553651604,20.8675,22.255133210257856,19.479866789742143
163,background,6,99,125.61628079194196,17.24191919191919,18.479160493518776,16.004677890319606
163,background,7,100,119.37679180247993,15.4445,16.614392559664303,14.274607440335696
163,background,8,99,109.39637009276717,13.587373737373737,14.664859127567901,12.509888347179572
163,background,9,99,101.41129128455074,12.00959595959596,13.008433349421315,11.010758569770603
163,background,10,100,97.96225105406135,11.0285,11.9885300603298,10.068469939670198
163,deviant,1,100,150.24955556462862,35.3035,36.77594564453336,33.83105435546664
163,deviant,2,100,232.3004746579649,42.393,44.66954465164806,40.11645534835194
163,deviant,3,100,265.0590351322949,41.780499999999996,44.378078544296486,39.18292145570351
163,deviant,4,98,266.6234679922428,43.09285714285714,45.73229481422819,40.45341947148609
163,deviant,5,100,285.3620507355524,41.374,44.17054809720842,38.57745190279159
163,deviant,6,100,297.9584261003716,39.8455,42.76549257578364,36.92550742421636
163,deviant,7,100,311.6589102140182,40.0595,43.11375732009738,37.00524267990262
163,deviant,8,100,327.3909058956249,39.079,42.287430877777126,35.870569122222875
163,deviant,9,98,315.5757061558913,37.2469387755102,40.3709788807181,34.122898670302305
163,deviant,10,100,319.62452889865045,35.7605,38.892820383206775,32.628179616793226
164,background,1,100,78.41381457236648,19.65,20.41845538280919,18.88154461719081
164,background,2,100,79.60963972310203,16.825,17.6051744692864,16.0448255307136
164,background,3,100,79.49827869702258,14.4835,15.262583131230821,13.704416868769178
164,background,4,100,71.5283528620497,12.445,13.145977858048088,11.744022141951913
164,background,5,100,68.54625791160456,10.564,11.235753327533725,9.892246672466275
164,background,6,100,66.39770525521115,9.7605,10.41119751150107,9.10980248849893
164,background,7,100,61.478537119191344,8.396,8.998489663768076,7.793510336231925
164,background,8,100,58.225717775964924,7.5895,8.160112034204456,7.018887965795544
164,background,9,100,52.991632904589146,6.8185,7.3378180024649735,6.299181997535027
164,background,10,100,46.54378244417322,6.1385,6.594629067952897,5.682370932047102
164,deviant,1,100,82.25096384013733,19.178,19.984059445633346,18.371940554366656
164,deviant,2,100,116.34335527132383,21.5415,22.68166488165897,20.401335118341027
164,deviant,3,100,133.83639855789372,22.3435,23.655096705867358,21.03190329413264
164,deviant,4,100,138.56932523014189,21.518,22.87597938725539,20.16002061274461
164,deviant,5,100,140.0848990697014,20.595,21.967832010883072,19.222167989116926
164,deviant,6,100,145.41493262928313,20.421499999999998,21.846566339766973,18.996433660233023
164,deviant,7,99,143.8075834322779,20.03131313131313,21.447727314123867,18.614898948502393
164,deviant,8,100,149.35108760374342,19.487000000000002,20.950640658516686,18.023359341483317
164,deviant,9,100,145.24881555817467,19.4595,20.88293839247011,18.036061607529888
164,deviant,10,100,152.40116728382918,19.929,21.422531439381526,18.43546856061847
165,background,1,100,79.75419474201571,19.217,19.998591108471754,18.435408891528244
165,background,2,98,74.13433752317478,15.08265306122449,15.816545560164219,14.34876056228476
165,background,3,100,68.91153749554569,11.749,12.424333067456349,11.073666932543652
165,background,4,100,64.65039585501798,9.283,9.916573879379175,8.649426120620824
165,background,5,100,51.93725972140253,7.488,7.996985145269745,6.979014854730256
165,background,6,99,46.4079451001771,6.233838383838384,6.690927433429068,5.776749334247699
165,background,7,99,39.94311744942984,5.437373737373737,5.830788303634704,5.04395917111277
165,background,8,100,35.878156380493664,4.805,5.156605932528838,4.453394067471161
165,background,9,100,34.35396246202329,4.492,4.828668832127828,4.155331167872172
165,background,10,100,30.43837605461411,4.193,4.491296085335218,3.8947039146647815
165,deviant,1,99,79.8226488107097,19.46212121212121,20.248324061696618,18.675918362545804
165,deviant,2,99,129.160212628796,22.833838383838383,24.105985183443217,21.56169158423355
165,deviant,3,100,130.42353073131034,19.9525,21.230650601166843,18.674349398833158
165,deviant,4,100,140.74592636902028,20.221,21.6003100784164,18.8416899215836
165,deviant,5,100,147.09443797849912,19.627,21.06852549218929,18.185474507810707
165,deviant,6,98,141.97254182263183,18.182142857142857,19.58759931605389,16.776686398231824
165,deviant,7,99,152.65466703779828,18.72222222222222,20.225774610100377,17.218669834344066
165,deviant,8,100,151.57181726651459,17.393,18.878403809211843,15.907596190788158
165,deviant,9,98,149.66472178629277,16.555612244897958,18.037217400410757,15.074007089385159
165,deviant,10,100,154.29521430651937,16.5815,18.09359310020389,15.069406899796109
166,background,1,98,154.62727682023666,36.518367346938774,38.04909929088276,34.98763540299479
166,background,2,99,156.6476266892302,34.29191919191919,35.83479971915338,32.749038664685
166,background,3,100,160.1274574567989,31.3925,32.961749083076626,29.82325091692337
166,background,4,96,153.80107624016023,28.474479166666665,30.012810314607083,26.936148018726247
166,background,5,100,151.70992057212342,26.56,28.046757221606807,25.07324277839319
166,background,6,100,149.74822729817996,23.781,25.248532627522163,22.313467372477835
166,background,7,99,145.59128986381884,22.482323232323232,23.91630580080116,21.048340663845302
166,background,8,99,141.5559681018895,20.56313131313131,21.957368502127963,19.16889412413466
166,background,9,99,143.8694400818801,19.4010101010101,20.818033532886197,17.983986669134005
166,background,10,98,138.42123924342033,17.658673469387754,19.028973826397504,16.288373112378004
166,deviant,1,99,160.816313979973,36.70454545454545,38.28848492777807,35.120605981312835
166,deviant,2,99,204.3752611458174,40.41111111111111,42.42407879747034,38.398143424751886
166,deviant,3,100,244.79487653737235,43.354,45.752989790066245,40.955010209933754
166,deviant,4,99,263.5275527390477,41.95,44.545580527481505,39.3544194725185
166,deviant,5,100,272.9627986991711,42.749,45.42403542725188,40.073964572748125
166,deviant,6,100,287.4799764194113,41.804,44.62130376891023,38.98669623108977
166,deviant,7,100,304.07703750339664,43.2145,46.19445496753329,40.23454503246671
166,deviant,8,99,272.7705368793956,38.794444444444444,41.481062548077475,36.107826340811414
166,deviant,9,100,286.6023285614443,39.638,42.44670281990215,36.829297180097846
166,deviant,10,100,295.1420710526765,39.439,42.33139229631623,36.54660770368377
167,background,1,99,161.30151563878258,36.166666666666664,37.75538507084756,34.57794826248577
167,background,2,100,156.53861134590807,31.172,32.7060783911899,29.637921608810103
167,background,3,100,154.59598449200624,28.1525,29.66754064802166,26.63745935197834
167,background,4,98,145.8428047049649,23.669897959183672,25.113668065901717,22.226127852465627
167,background,5,99,142.9295280898947,20.75,22.15776589034548,19.34223410965452
167,background,6,99,130.95743583317443,17.492424242424242,18.782272559401118,16.202575925447366
167,background,7,100,120.9702769060931,15.1775,16.36300871367971,13.991991286320287
167,background,8,99,111.74318535680024,14.114646464646464,15.21524650808128,13.014046421211647
167,background,9,100,109.78338720071976,12.5055,13.581377194567054,11.429622805432945
167,background,10,100,100.89144765799686,10.864,11.85273618704837,9.875263812951632
167,deviant,1,100,162.18724558848317,35.9235,37.51293500676713,34.334064993232865
167,deviant,2,100,230.88024920656213,42.475,44.73762644222431,40.21237355777569
167,deviant,3,100,253.3016456405495,41.1885,43.67085612727738,38.70614387272261
167,deviant,4,99,289.05308199451235,43.82121212121212,46.668203045824846,40.974221196599395
167,deviant,5,99,292.9395842149026,41.134343434343435,44.01961395962186,38.24907290906501
167,deviant,6,99,311.4574778783066,42.19949494949495,45.267155072001934,39.13183482698796
167,deviant,7,100,315.73671576839223,40.035000000000004,43.129219814530245,36.94078018546976
167,deviant,8,99,314.1476102927278,38.68080808080808,41.77496431439963,35.58665184721652
167,deviant,9,100,312.7078424613654,35.625,38.68953685612138,32.56046314387862
167,deviant,10,100,339.87237542781753,37.523,40.85374927919261,34.192250720807394
168,background,1,99,154.35805947962612,20.36060606060606,21.880935791903198,18.84027632930892
168,background,2,100,154.2291442865726,19.0895,20.600945614008413,17.57805438599159
168,background,3,100,151.6836389192634,17.123,18.609499661408783,15.636500338591219
168,background,4,100,138.8345001109329,15.6905,17.051078101087143,14.329921898912858
168,background,5,99,135.6194656886843,14.20959595959596,15.545362336319254,12.873829582872666
168,background,6,99,126.51183635076247,12.992424242424242,14.238486202606175,11.746362282242309
168,background,7,100,116.2491765675421,11.4795,12.618741930361912,10.340258069638088
168,background,8,98,109.67567018978706,10.935714285714285,12.021448027427573,9.849980544000998
168,background,9,100,104.75863235376633,10.1785,11.205134597066909,9.15186540293309
168,background,10,99,109.39066880247435,9.773232323232323,10.850661559305555,8.69580308715909
168,deviant,1,99,156.64657672608107,20.036868686868686,21.579738872626713,18.49399850111066
168,deviant,2,99,164.8715847976364,20.343939393939394,21.96782073229613,18.72005805558266
168,deviant,3,100,160.6680870942525,19.5395,21.114047253523676,17.964952746476325
168,deviant,4,98,156.48693404343956,18.43520408163265,19.984345692841565,16.886062470423738
168,deviant,5,99,154.17728175878025,17.453030303030303,18.971579487560497,15.934481118500107
168,deviant,6,99,153.7606992426184,17.229292929292928,18.74373903824032,15.714846820345535
168,deviant,7,99,159.11004136495563,16.767676767676768,18.3348105295973,15.200543005756238
168,deviant,8,100,147.30202592668326,15.3455,16.789059854081497,13.901940145918504
168,deviant,9,98,154.42404878161065,15.685204081632653,17.21392417063728,14.156483992628026
168,deviant,10,99,140.0107514668634,14.527272727272727,15.906290504989885,13.14825494955557
169,background,1,99,153.00774834181297,20.85,22.357030016489635,19.34296998351037
169,background,2,100,145.66366270137158,17.4055,18.833003894473443,15.97799610552656
169,background,3,100,140.00712387890164,15.079,16.451069814013238,13.706930185986764
169,background,4,100,128.3002235712045,13.405,14.662342190997803,12.147657809002196
169,background,5,100,114.8671314812764,11.356,12.481697888516509,10.230302111483491
169,background,6,100,112.46409953496503,10.435,11.537148175442658,9.332851824557343
169,background,7,99,105.63200770898743,9.166666666666666,10.207075456709658,8.126257876623674
169,background,8,99,88.92817918203194,8.122222222222222,8.998108814839096,7.2463356296053485
169,background,9,100,91.69464485310382,7.5825,8.481107519560418,6.683892480439582
169,background,10,100,85.21381775769765,6.891,7.726095414025437,6.055904585974563
169,deviant,1,100,162.4757714731322,20.5195,22.111762560436695,18.927237439563307
169,deviant,2,99,153.42579210879285,18.945454545454545,20.45660202992781,17.43430706098128
169,deviant,3,100,152.97938457603743,17.8385,19.337697968845166,16.339302031154833
169,deviant,4,100,149.81705510388326,16.5605,18.028707140018057,15.092292859981946
169,deviant,5,100,146.7398969892682,15.2775,16.71555099049483,13.839449009505172
169,deviant,6,100,153.11584881355273,15.116,16.616535318372815,13.615464681627182
169,deviant,7,99,136.15975524129155,13.6,14.941087888752579,12.25891211124742
169,deviant,8,99,144.81296467113057,14.024242424242424,15.450558979458393,12.597925869026454
169,deviant,9,100,138.26639048171506,13.041,14.396010626720809,11.685989373279192
169,deviant,10,99,134.52278226147578,12.186868686868687,13.511833422097997,10.861903951639377
170,background,1,100,294.18956920934323,38.3815,41.264557778251564,35.49844222174844
170,background,2,100,291.4874873183374,35.6685,38.52507737571971,32.81192262428029
170,background,3,100,278.2063461760561,35.3735,38.09992219252535,32.64707780747465
170,background,4,100,280.9042400984064,33.8275,36.58036155296438,31.074638447035618
170,background,5,99,278.456511770453,30.803535353535352,33.54615673103323,28.060913976037476
170,background,6,100,267.6399240535097,30.0055,32.628371255724396,27.382628744275607
170,background,7,100,265.4098518775899,27.623,30.22401654840038,25.02198345159962
170,background,8,100,258.0328467463009,27.1325,29.661221898113748,24.603778101886252
170,background,9,98,244.54967206124633,25.11938775510204,27.54030599542239,22.69846951478169
170,background,10,100,247.92853915254653,24.2185,26.648199683694955,21.788800316305043
170,deviant,1,100,284.14896019332423,37.89,40.67465980989458,35.10534019010542
170,deviant,2,100,294.04822375715315,37.868,40.749672592820104,34.9863274071799
170,deviant,3,100,290.2890619256678,36.4655,39.31033280687154,33.620667193128455
170,deviant,4,100,302.217022927843,35.9175,38.87922682469286,32.95577317530714
170,deviant,5,100,309.3533323087474,35.536,38.56766265662573,32.504337343374274
170,deviant,6,100,311.1143849556233,35.2755,38.32442097256511,32.226579027434894
170,deviant,7,99,309.32482926528866,35.093434343434346,38.14008921941445,32.04677946745424
170,deviant,8,100,314.6489020780898,34.017,37.100559240365286,30.933440759634724
170,deviant,9,99,327.8606932990387,34.165151515151514,37.39437298519735,30.93593004510568
170,deviant,10,100,318.7578729677862,33.2345,36.358327155084304,30.11067284491569
171,background,1,98,286.60810397327896,37.3734693877551,40.21074486183045,34.53619391367975
171,background,2,100,286.0054977388408,35.5435,38.34635387784064,32.74064612215936
171,background,3,99,287.6938888544741,33.25959595959596,36.09319968726969,30.425992231922237
171,background,4,99,280.07988991864823,31.018686868686867,33.77729749917328,28.260076238200455
171,background,5,99,252.98657130993706,27.147474747474746,29.639233242483474,24.655716252466018
171,background,6,100,261.174397270241,25.6095,28.169009093248363,23.04999090675164
171,background,7,100,246.30402159248553,22.6605,25.07427941160636,20.24672058839364
171,background,8,100,235.45834920538778,21.1825,23.4899918222128,18.8750081777872
171,background,9,99,227.90603442277654,19.812626262626264,22.057357255248714,17.567895270003813
171,background,10,100,207.4933733881639,17.9,19.933435059204005,15.866564940795993
171,deviant,1,100,295.4642555636629,39.648,42.5435497045239,36.75245029547611
171,deviant,2,99,289.5360172122942,37.48585858585859,40.337606118401986,34.63411105331519
171,deviant,3,99,313.8566342171299,37.41565656565656,40.50694686804686,34.32436626326626
171,deviant,4,100,311.6216118104911,36.1305,39.18439179574281,33.076608204257184
171,deviant,5,100,305.28585827574443,34.1485,37.14030141110229,31.156698588897704
171,deviant,6,100,306.756499523645,32.4255,35.43171369533172,29.41928630466828
171,deviant,7,100,326.44273294827195,33.413,36.61213878289306,30.21386121710693
171,deviant,8,99,301.8042411895498,30.06161616161616,33.03419797858703,27.089034344645288
171,deviant,9,100,302.703720005657,29.065,32.03149645605544,26.098503543944563
171,deviant,10,100,316.9988792940508,29.455000000000002,32.5615890170817,26.348410982918303
172,background,1,100,80.82876637487554,19.247,20.03912191047378,18.45487808952622
172,background,2,100,76.28280140027425,16.4685,17.216071453722687,15.72092854627731
172,background,3,99,75.92333390716551,13.657575757575758,14.40537280962084,12.909778705530677
172,background,4,100,68.99925628889817,12.0975,12.773692711631202,11.421307288368798
172,background,5,100,63.76531807709959,10.125,10.749900117155576,9.500099882844424
172,background,6,99,58.39910327357686,8.975252525252525,9.550446935490818,8.400058115014232
172,background,7,100,58.55191129066133,7.962,8.535808730648482,7.388191269351519
172,background,8,100,52.6146117387656,7.1345,7.650123195039903,6.618876804960097
172,background,9,98,46.86823635413827,6.255102040816326,6.719073909292037,5.7911301723406154
172,background,10,100,41.11002566924905,5.6035,6.006378251558641,5.2006217484413595
172,deviant,1,100,75.393686040257,18.8345,19.573358123194517,18.09564187680548
172,deviant,2,100,108.09398931631578,21.158,22.217321095299894,20.098678904700108
172,deviant,3,100,128.86157403647485,21.771,23.033843425557453,20.50815657444255
172,deviant,4,100,138.66711369698524,21.833,23.191937714230455,20.47406228576954
172,deviant,5,100,140.624060230778,20.422,21.800115790261625,19.043884209738376
172,deviant,6,100,132.51030744416587,18.5065,19.805101012952825,17.207898987047173
172,deviant,7,98,138.28952276026973,18.595408163265304,19.964404593617036,17.226411732913572
172,deviant,8,100,150.58045585071966,19.45,20.925688467337054,17.974311532662945
172,deviant,9,100,147.78768554923647,18.222,19.670319318382518,16.773680681617485
172,deviant,10,99,149.92535862186472,18.22070707070707,19.697377488543545,16.744036652870598
173,background,1,99,81.21561620642593,19.212626262626262,20.012548964301224,18.4127035609513
173,background,2,100,73.78189765147432,14.723,15.446062596984449,13.999937403015553
173,background,3,99,67.02377818435232,11.472222222222221,12.132364251871053,10.81208019257339
173,background,4,100,56.55370060952314,8.783,9.337226265973326,8.228773734026673
173,background,5,100,48.361876024732325,6.9235,7.397446385042376,6.449553614957623
173,background,6,98,39.58887403511776,5.808163265306122,6.200073123362928,5.416253407249317
173,background,7,100,37.001102401784856,5.1795,5.542110803537492,4.816889196462508
173,background,8,100,29.624136674073902,4.346,4.636316539405924,4.055683460594076
173,background,9,99,26.58541349173106,4.037373737373738,4.299223327129961,3.7755241476175145
173,background,10,100,23.578424571271885,3.72,3.951068560798465,3.4889314392015356
173,deviant,1,100,79.24616876012298,19.0375,19.814112453849205,18.260887546150798
173,deviant,2,100,120.00324557014457,20.888,22.06403180658742,19.711968193412584
173,deviant,3,100,141.7048730729878,21.0495,22.43820775611528,19.660792243884718
173,deviant,4,100,147.7796457033597,21.0845,22.532740527892923,19.636259472107074
173,deviant,5,100,152.078286626191,19.748,21.238367208936673,18.25763279106333
173,deviant,6,100,153.8838078414668,18.758,20.266061316846372,17.249938683153626
173,deviant,7,100,161.4632270339303,18.678,20.260339624932517,17.095660375067485
173,deviant,8,100,149.94017227933912,16.3035,17.772913688337525,14.834086311662476
173,deviant,9,100,152.1111608763732,16.059,17.549689376588457,14.568310623411543
173,deviant,10,100,142.08099987794213,14.711,16.103393798803832,13.318606201196168
174,background,1,100,161.67058776217903,35.834,37.418371760069356,34.24962823993065
174,background,2,100,159.63179672708,32.68,34.24439160792539,31.115608392074616
174,background,3,99,155.90385026135752,30.283838383838383,31.819393181398688,28.748283586278077
174,background,4,100,162.78164257033018,28.117,29.712260097189237,26.521739902810765
174,background,5,100,152.24843789709388,25.4475,26.939534691391522,23.95546530860848
174,background,6,100,149.26319037190646,23.29,24.752779265644683,21.827220734355315
174,background,7,100,142.64941381988885,21.6455,23.04346425543491,20.247535744565088
174,background,8,100,141.818963545263,19.8075,21.197325842743577,18.417674157256425
174,background,9,100,133.71591055982125,17.9965,19.30691592348625,16.68608407651375
174,background,10,98,127.95134766160554,17.258163265306123,18.524816983614826,15.99150954699742
174,deviant,1,99,162.58702932664448,36.43131313131313,38.03269303620371,34.829933226422554
174,deviant,2,100,210.8632070923308,41.3995,43.46595942950484,39.333040570495164
174,deviant,3,99,226.93814367054208,39.795959595959594,42.031157473873094,37.560761718046095
174,deviant,4,99,249.1634318865304,41.39494949494949,43.84905247296161,38.94084651693738
174,deviant,5,100,253.52033552816974,40.2135,42.697999288176064,37.72900071182394
174,deviant,6,98,282.3071955008922,40.71122448979592,43.50592314222604,37.916525837365796
174,deviant,7,98,291.0403887688732,41.93010204081632,44.81125489578327,39.048949185849374
174,deviant,8,99,280.0007471794542,39.033838383838386,41.79166950815701,36.276007259519766
174,deviant,9,100,311.789381507858,41.9915,45.04703593877701,38.935964061223
174,deviant,10,99,311.1473419797325,40.974747474747474,44.03935295385628,37.91014199563867
175,background,1,199,227.74453023647257,35.89522613065326,37.47737553752852,34.313076723778
175,background,2,198,221.17505569832673,31.09747474747475,32.63786097109401,29.55708852385549
175,background,3,196,215.42266288441084,27.801785714285714,29.30974435447659,26.29382707409484
175,background,4,200,207.8626570852164,23.4705,24.910914724928023,22.03008527507198
175,background,5,200,196.25002179014294,20.07975,21.439693267915015,18.719806732084987
175,background,6,200,181.92755932542278,17.2125,18.473193666660496,15.9518063333395
175,background,7,198,166.3708998466663,14.721969696969698,15.880669267885565,13.56327012605383
175,background,8,100,105.93129600681856,12.7415,13.779626700866823,11.703373299133178
175,background,9,100,101.11059604007363,11.314,12.304883841192721,10.323116158807279
175,background,10,100,90.1011712056596,10.321,11.203991477815464,9.438008522184536
175,deviant,1,200,228.4504149815955,35.67375,37.25683060846399,34.090669391536004
175,deviant,2,199,323.9771434433056,41.47537688442211,43.72605770124675,39.22469606759747
175,deviant,3,197,391.608078111401,42.58756345177665,45.32185364283013,39.85327326072318
175,deviant,4,200,398.9290136035944,40.5045,43.268937025165386,37.740062974834615
175,deviant,5,198,416.43865094392964,40.79924242424242,43.69955303508981,37.89893181339504
175,deviant,6,196,437.51559069964935,41.24566326530612,44.30827240020366,38.18305413040858
175,deviant,7,144,377.0447970034442,39.62291666666667,42.70211584219479,36.543717491138544
175,deviant,8,100,315.13629048230445,38.4065,41.494835646726585,35.31816435327342
175,deviant,9,100,294.7446129144776,33.3875,36.27599720656188,30.499002793438123
175,deviant,10,100,314.133004851197,34.149499999999996,37.228003447541724,31.070996552458265
176,background,1,199,111.71764220098525,19.253266331658292,20.029372792534712,18.477159870781872
176,background,2,199,110.78130423686598,16.6464824120603,17.416084099570583,15.87688072455002
176,background,3,200,105.43441463523037,14.212,14.942623217678253,13.481376782321746
176,background,4,199,100.42437584151516,12.24748743718593,12.945139172261614,11.549835702110245
176,background,5,199,96.10976455129448,10.615829145728643,11.283507121668896,9.94815116978839
176,background,6,198,89.92205689256376,9.307323232323233,9.933590499214942,8.681055965431524
176,background,7,198,80.30270035441227,8.075,8.634272712534454,7.515727287465546
176,background,8,198,76.81493481430752,7.182575757575758,7.717557729130274,6.6475937860212415
176,background,9,200,71.33436833156344,6.47175,6.966071952673293,5.977428047326708
176,background,10,200,64.39411954191894,5.77425,6.220478482246955,5.3280215177530454
176,deviant,1,199,110.07775959699914,19.0786432160804,19.84335735378424,18.313929078376564
176,deviant,2,200,167.96349854091892,21.843,23.006927662338985,20.679072337661015
176,deviant,3,199,182.90451204471634,21.518341708542714,22.788985903359972,20.247697513725456
176,deviant,4,199,199.48971085457543,21.422361809045228,22.808223973895316,20.03649964419514
176,deviant,5,200,202.8639549316889,21.5075,22.91327548626709,20.10172451373291
176,deviant,6,197,207.70941240107533,20.446192893401015,21.896463816454293,18.995921970347737
176,deviant,7,198,209.55004426778726,19.745959595959597,21.205382767934175,18.28653642398502
176,deviant,8,200,210.87753991856326,18.9815,20.442806797068258,17.520193202931743
176,deviant,9,199,205.34971454364842,17.981909547738695,19.408481368058123,16.555337727419268
176,deviant,10,198,194.4686282371043,15.936363636363637,17.290751430759194,14.581975841968083
177,background,1,100,78.87665253919866,19.005,19.777991194884144,18.232008805115854
177,background,2,98,75.09429160448181,14.746938775510204,15.490334335017211,14.003543216003196
177,background,3,100,66.07665006801214,11.2845,11.932051170666519,10.63694882933348
177,background,4,98,58.442054072478726,9.057142857142857,9.635689675518545,8.478596038767169
177,background,5,99,50.22902809290555,7.221717171717172,7.716441483756628,6.726992859677716
177,background,6,100,41.64265272909243,5.937,6.345097996745106,5.528902003254895
177,background,7,100,35.801499527548465,5.052,5.4028546953699745,4.701145304630025
177,background,8,100,30.847204087242652,4.4455,4.747802600054978,4.143197399945022
177,background,9,99,26.140662013926036,4.086363636363636,4.343832703994712,3.82889456873256
177,background,10,100,24.0029055258777,3.8175,4.052728474153602,3.5822715258463984
177,deviant,1,96,76.32984171896405,19.143229166666668,19.906686587798703,18.379771745534633
177,deviant,2,98,128.9880859451348,21.481632653061226,22.758549556758318,20.204715749364134
177,deviant,3,99,140.73661476972546,21.43838383838384,22.82455091276823,20.052216763999446
177,deviant,4,100,148.15194902531658,20.783,22.234889100448104,19.3311108995519
177,deviant,5,100,156.28840580629674,20.4395,21.971126376901708,18.90787362309829
177,deviant,6,100,142.25140828088394,17.219,18.613063801152663,15.82493619884734
177,deviant,7,99,142.5331078806088,17.255050505050505,18.658911905845546,15.851189104255464
177,deviant,8,98,152.95971261809603,17.746938775510205,19.261162676078623,16.232714874941788
177,deviant,9,100,147.68142277070243,15.3365,16.783777943152884,13.889222056847116
177,deviant,10,100,149.06123785739518,14.211,15.671800131002474,12.750199868997527
178,background,1,100,159.24938238333513,35.7005,37.26114394735668,34.13985605264332
178,background,2,100,154.8995684816116,33.1535,34.67151577111979,31.63548422888021
178,background,3,100,156.57016251340383,30.186,31.720387592631358,28.651612407368642
178,background,4,99,153.40816728412372,28.466161616161617,29.97713550720514,26.955187725118094
178,background,5,100,155.7206591438995,26.0975,27.623562459610216,24.571437540389784
178,background,6,100,152.3766714428426,23.6585,25.15179138013986,22.16520861986014
178,background,7,100,149.2806170659103,22.0205,23.48345004724592,20.557549952754076
178,background,8,99,143.28266138173026,20.2979797979798,21.709223828984072,18.886735766975526
178,background,9,99,135.73931090997843,18.828787878787878,20.165734655509084,17.491841102066672
178,background,10,100,135.9956462151406,17.129,18.46175733290838,15.796242667091624
178,deviant,1,100,161.50362550924848,36.636,38.21873552999064,35.05326447000937
178,deviant,2,99,222.24357784812779,42.423737373737374,44.612696733108926,40.23477801436582
178,deviant,3,100,243.78251200177326,41.8315,44.220568617617374,39.44243138238262
178,deviant,4,100,268.2975371132814,42.498,45.12731586371015,39.86868413628984
178,deviant,5,99,252.48574738305322,39.965656565656566,42.45248226020931,37.478830871103824
178,deviant,6,100,281.5875483192058,41.612,44.37155797352822,38.852442026471785
178,deviant,7,100,260.5251124374123,38.2995,40.85264610188664,35.74635389811336
178,deviant,8,99,304.6710046142094,42.51717171717172,45.5179893495046,39.51635408483884
178,deviant,9,100,292.3623022714688,40.124,42.9891505622604,37.258849437739606
178,deviant,10,100,314.66392682051315,41.7265,44.81020648284103,38.64279351715897
179,background,1,199,234.86649063042734,36.21557788944724,37.84720381021017,34.58395196868431
179,background,2,198,224.69819524724372,31.185858585858586,32.750781914749076,29.620935256968096
179,background,3,199,215.4278545739055,27.31381909547739,28.810404115475954,25.817234075478822
179,background,4,197,210.7328690671277,23.67817258883249,25.149553923971574,22.206791253693403
179,background,5,199,191.15417447979692,20.467587939698493,21.795542834865092,19.139633044531895
179,background,6,168,169.81688280088795,17.651785714285715,18.935748095204268,16.367823333367163
179,background,7,100,122.56957208051267,15.312,16.513181806389024,14.110818193610974
179,background,8,100,103.45919612657879,13.459999999999999,14.47390012204047,12.446099877959528
179,background,9,100,103.59337257810107,12.2135,13.22871505126539,11.19828494873461
179,background,10,100,98.12868833161998,10.8265,11.788161145649875,9.864838854350124
179,deviant,1,199,223.60893965746735,36.58391959798995,38.13733890902116,35.030500286958734
179,deviant,2,200,324.97826243093795,41.30075,43.55273446441075,39.048765535589254
179,deviant,3,199,387.9230933004499,42.45175879396985,45.14667441429781,39.75684317364189
179,deviant,4,200,407.60470724517046,42.98625,45.81080651485885,40.16169348514115
179,deviant,5,200,409.50641341934926,40.19325,43.03098466630839,37.355515333691606
179,deviant,6,100,298.5568754772478,39.0225,41.94835737967703,36.096642620322974
179,deviant,7,100,308.5787112757969,38.535,41.55907137050281,35.51092862949719
179,deviant,8,100,331.5043184604007,39.5615,42.81024232091193,36.31275767908807
179,deviant,9,100,323.82632203405774,37.6045,40.77799795593377,34.43100204406623
179,deviant,10,100,307.0814909844994,33.664,36.673398611648096,30.654601388351907
180,background,1,99,154.45442182421527,21.105050505050507,22.62632934479038,19.583771665310632
180,background,2,99,150.1313197100949,19.17020202020202,20.648901025123497,17.691503015280542
180,background,3,99,152.53547473499918,18.017676767676768,19.520055186393233,16.515298348960304
180,background,4,100,144.31264488493102,16.0275,17.441763919872322,14.613236080127676
180,background,5,99,136.9715683137044,15.164646464646465,16.513730201198673,13.815562728094257
180,background,6,99,131.321672160186,13.567171717171718,14.860607532715504,12.273735901627932
180,background,7,100,124.89835867616517,12.645,13.869003915026418,11.42099608497358
180,background,8,99,120.57602973795586,11.590909090909092,12.778507092013648,10.403311089804536
180,background,9,99,118.44420183093992,11.109595959595959,12.276196797611192,9.942995121580726
180,background,10,98,118.61808462456307,10.937244897959184,12.11150402609062,9.762985769827749
180,deviant,1,100,160.3614831035118,20.989,22.560542534414417,19.417457465585585
180,deviant,2,99,159.72762177499146,20.911616161616163,22.484832701863976,19.33839962136835
180,deviant,3,99,156.91830760990857,20.264141414141413,21.80968797807488,18.718594850207946
180,deviant,4,100,160.55675336974016,19.363500000000002,20.936956183023455,17.79004381697655
180,deviant,5,98,154.3196699267977,18.06377551020408,19.591462301264,16.536088719144164
180,deviant,6,98,148.40905419960418,17.4,18.869174680596306,15.930825319403692
180,deviant,7,100,156.9385397636855,17.135,18.67299768968412,15.597002310315883
180,deviant,8,99,151.9732923212081,16.62070707070707,18.117548346491184,15.123865794922956
180,deviant,9,100,159.08573491244138,16.4485,18.007540202141925,14.889459797858073
180,deviant,10,100,158.0329495956294,15.9975,17.54622290603717,14.448777093962832
181,background,1,99,158.09682243219783,21.17979797979798,22.736952172961438,19.62264378663452
181,background,2,100,151.75816981389553,18.253,19.740230064176178,16.765769935823823
181,background,3,99,142.814132059084,16.216666666666665,17.623295978740128,14.810037354593202
181,background,4,99,132.67466144472985,14.343939393939394,15.65070130235033,13.037177485528458
181,background,5,100,117.16293198609768,11.697,12.845196733463757,10.548803266536241
181,background,6,100,109.4683323590603,10.338,11.41078965711879,9.265210342881208
181,background,7,100,104.43150613528573,9.2415,10.2649287601258,8.2180712398742
181,background,8,100,99.19465180829269,8.604,9.576107587721268,7.631892412278731
181,background,9,100,92.14543710324115,7.9615,8.864525283611764,7.058474716388237
181,background,10,99,86.78016690708226,7.164141414141414,8.018871437831427,6.309411390451402
181,deviant,1,100,157.84705288748077,21.4205,22.96740111829731,19.87359888170269
181,deviant,2,99,164.8772110900779,20.45959595959596,22.083532713391996,18.83565920579992
181,deviant,3,99,159.47770014050636,18.863636363636363,20.434391333087788,17.29288139418494
181,deviant,4,100,155.92711691515908,18.1535,19.68158574576856,16.62541425423144
181,deviant,5,99,155.93143736237005,17.308585858585857,18.84441237172753,15.772759345444188
181,deviant,6,99,150.82793438045115,16.174242424242426,17.659802645210352,14.6886822032745
181,deviant,7,100,159.1629998659104,15.6395,17.19929739868592,14.079702601314079
181,deviant,8,100,145.39032763021433,14.112,15.536825210776101,12.6871747892239
181,deviant,9,100,135.80879554494408,13.0405,14.371426196340451,11.709573803659548
181,deviant,10,100,142.28511961255086,13.1595,14.553894172202998,11.765105827797
182,background,1,100,294.75123320129507,38.489,41.37756208537269,35.60043791462731
182,background,2,100,292.2797686428103,37.976,40.84034173269954,35.111658267300456
182,background,3,97,290.8135774720728,36.049484536082474,38.94319375250204,33.15577531966291
182,background,4,100,278.66706696437296,33.6685,36.399437256250856,30.937562743749147
182,background,5,99,266.0750141555849,29.800505050505052,32.42117646954058,27.17983363146952
182,background,6,99,266.2513306119456,28.77020202020202,31.392610045357284,26.147793995046758
182,background,7,100,269.7402063975046,28.365,31.008454022695545,25.72154597730445
182,background,8,99,253.99665352126198,26.949494949494948,29.45120211852892,24.447787780460978
182,background,9,100,240.43384580904228,25.1795,27.535751688928617,22.823248311071385
182,background,10,97,251.54752088453967,25.56855670103093,28.071553245684996,23.06556015637686
182,deviant,1,100,293.4865638455954,39.307,42.183168325686836,36.43083167431317
182,deviant,2,99,301.20977128205766,40.733333333333334,43.700059995880984,37.766606670785684
182,deviant,3,100,314.1377756737689,39.537,42.615550201602936,36.45844979839706
182,deviant,4,100,315.21180848839765,38.368,41.4570757231863,35.278924276813704
182,deviant,5,100,300.15166341806525,37.389,40.33048630149704,34.447513698502966
182,deviant,6,99,311.7655200205504,37.222727272727276,40.293421416450414,34.15203312900414
182,deviant,7,100,314.4040435992816,35.9665,39.047659627272964,32.88534037272704
182,deviant,8,100,327.09667812759164,36.008,39.2135474456504,32.80245255434961
182,deviant,9,100,318.5019210055263,34.524,37.64531882585416,31.402681174145844
182,deviant,10,100,332.1452717997765,36.7845,40.03952366363781,33.529476336362194
183,background,1,100,294.606624429755,40.441,43.3281449194116,37.553855080588406
183,background,2,98,294.83992088482256,36.2734693877551,39.19223569166538,33.35470308384482
183,background,3,100,297.1041683351233,35.0345,37.946120849684206,32.122879150315796
183,background,4,99,272.88989489690175,30.29090909090909,32.97870279588937,27.603115385928806
183,background,5,100,256.29179505112194,27.389,29.900659591500993,24.877340408499006
183,background,6,100,261.7212307620055,26.0585,28.62336806146765,23.493631938532346
183,background,7,100,243.99312975659998,24.44,26.831132671614682,22.04886732838532
183,background,8,100,239.38666145842487,21.971,24.316989282292564,19.625010717707436
183,background,9,98,221.0389701292274,18.85816326530612,21.046337430894265,16.669989099717977
183,background,10,100,220.4892227942696,18.5415,20.70229438338384,16.380705616616158
183,deviant,1,99,305.9347926738982,39.46212121212121,42.47538636140061,36.44885606284181
183,deviant,2,99,319.09894522248936,41.87070707070707,45.01363083693478,38.72778330447936
183,deviant,3,98,307.96395038517426,39.285714285714285,42.33440185321124,36.23702671821733
183,deviant,4,100,322.77825613194415,38.5415,41.70472691009305,35.37827308990695
183,deviant,5,99,316.62312396851075,35.62676767676768,38.74530616195149,32.508229191583865
183,deviant,6,100,313.06761082451254,35.3155,38.383562586080224,32.247437413919776
183,deviant,7,100,325.908616510502,34.044,37.23790444180292,30.850095558197076
183,deviant,8,100,313.7787311231645,32.2275,35.30253156500701,29.152468434992986
183,deviant,9,98,311.6201635257088,30.116326530612245,33.2012087615811,27.03144429964339
183,deviant,10,99,297.1320059289615,28.12070707070707,31.04727031111489,25.19414383029925
184,background,1,100,86.60785791503898,20.39,21.238757007567383,19.54124299243262
184,background,2,100,86.5903391961555,17.3725,18.221085324122324,16.523914675877673
184,background,3,100,82.6544009717571,15.1925,16.00251312952322,14.38248687047678
184,background,4,100,81.10459458722357,13.1035,13.898325026954792,12.308674973045209
184,background,5,100,79.98402801086041,11.5415,12.32534347450643,10.757656525493568
184,background,6,100,66.98277469068564,9.4795,10.13593119196872,8.82306880803128
184,background,7,100,66.66568201027225,8.5325,9.185823683700669,7.879176316299333
184,background,8,99,63.320010140638225,7.612626262626263,8.236288508234857,6.988964017017668
184,background,9,99,59.28430607984225,6.67020202020202,7.254115120926122,6.086288919477918
184,background,10,100,57.28102468945264,6.013,6.574354041956636,5.451645958043364
184,deviant,1,99,83.43533581857206,20.197474747474747,21.019260290214607,19.375689204734886
184,deviant,2,99,115.81258680798858,22.26010101010101,23.400782096506195,21.119419923695826
184,deviant,3,99,130.36137020645825,21.89949494949495,23.18347239521861,20.61551750377129
184,deviant,4,99,139.04309252511385,22.174242424242426,23.543729370438008,20.804755478046843
184,deviant,5,100,138.31136688835923,20.1295,21.48495139550592,18.77404860449408
184,deviant,6,100,145.29518954618956,20.4455,21.869392857552658,19.02160714244734
184,deviant,7,100,161.43604730177535,22.3955,23.977573263557396,20.8134267364426
184,deviant,8,100,152.44597835229854,19.8915,21.385470587852527,18.397529412147474
184,deviant,9,98,150.7679552019907,19.667857142857144,21.160383751982547,18.175330533731742
184,deviant,10,100,144.85291996039507,17.592,19.01155861561187,16.172441384388126
185,background,1,99,82.8979874049393,19.68030303030303,20.49679602938132,18.86381003122474
185,background,2,99,82.02329579230268,15.860606060606061,16.66848389783993,15.052728223372192
185,background,3,99,78.2042030099473,12.35,13.120262177104612,11.579737822895387
185,background,4,100,70.78925357038759,9.5315,10.225234684989799,8.8377653150102
185,background,5,100,59.321292884374024,7.543,8.124348670266865,6.961651329733135
185,background,6,100,54.656174110717366,6.4795,7.01513050628503,5.94386949371497
185,background,7,100,48.657881927640574,5.329,5.805847242890877,4.852152757109122
185,background,8,100,44.67258078155112,4.8495,5.2872912916592005,4.411708708340799
185,background,9,100,39.57783803036612,4.302,4.689862812697587,3.9141371873024116
185,background,10,100,34.75576438369234,3.85,4.190606490960185,3.509393509039815
185,deviant,1,99,85.39171351391248,20.225757575757576,21.066812207431955,19.384702944083198
185,deviant,2,99,126.86677637336113,21.705050505050504,22.95460840105207,20.45549260904894
185,deviant,3,99,130.74856344184155,20.73181818181818,22.019609237206897,19.444027126429464
185,deviant,4,100,144.61966452879443,20.73,22.147272712382186,19.312727287617815
185,deviant,5,100,152.74871866117755,20.7385,22.235437442879537,19.24156255712046
185,deviant,6,98,156.84387980274826,19.85765306122449,21.410328255170324,18.304977867278655
185,deviant,7,100,158.86410942424314,19.538,21.094868272357584,17.981131727642417
185,deviant,8,100,159.53922137798824,18.301,19.864484369504282,16.737515630495714
185,deviant,9,100,151.07047849823013,15.725999999999999,17.206490689282653,14.245509310717344
185,deviant,10,100,153.66182966090452,16.203,17.708885930676864,14.697114069323135
186,background,1,99,166.0992807107592,37.07121212121212,38.70718549158847,35.43523875083577
186,background,2,100,170.5689473188883,34.5075,36.1790756837251,32.8359243162749
186,background,3,100,170.45084952930904,31.9745,33.64491832538723,30.30408167461277
186,background,4,100,163.20527113520504,29.1145,30.71391165712501,27.51508834287499
186,background,5,100,167.0881346381068,27.1265,28.763963719453447,25.489036280546554
186,background,6,100,159.17158070856482,24.9125,26.47238149094394,23.352618509056065
186,background,7,100,156.5422004646536,22.4095,23.94361356455361,20.875386435446394
186,background,8,99,167.83220787441246,21.467171717171716,23.120213329387564,19.81413010495587
186,background,9,100,152.00002596952686,19.1515,20.64110025450136,17.661899745498637
186,background,10,99,147.7961700949549,18.01969696969697,19.47539622067691,16.56399771871703
186,deviant,1,100,167.1280788402778,37.012,38.64985517263472,35.37414482736528
186,deviant,2,99,210.61087841149893,41.445454545454545,43.519839137118005,39.371069953791086
186,deviant,3,98,253.1177435607057,43.750510204081635,46.256248024827414,41.24477238333586
186,deviant,4,100,272.3354500765941,42.8075,45.47638741075062,40.13861258924938
186,deviant,5,100,272.08715708873797,41.251,43.917454139469626,38.58454586053037
186,deviant,6,100,289.1985704630898,41.3655,44.19964599053828,38.531354009461715
186,deviant,7,100,298.0066362736876,43.1265,46.04696503548214,40.20603496451786
186,deviant,8,100,312.07607878106967,42.433,45.491345572054485,39.374654427945515
186,deviant,9,100,283.25237955984727,37.714,40.4898733196865,34.938126680313495
186,deviant,10,100,320.0813917871845,40.5765,43.71329763951441,37.4397023604856
187,background,1,197,231.86025169439782,37.164213197969545,38.78311037435219,35.5453160215869
187,background,2,198,236.0500002787099,32.23459595959596,33.87857957866461,30.5906123405273
187,background,3,130,187.28774652923778,28.435384615384617,30.045154371496437,26.825614859272797
187,background,4,100,158.9130265270912,24.9345,26.491847659965494,23.377152340034506
187,background,5,100,146.99353727290188,20.332,21.77253666527444,18.89146333472556
187,background,6,100,136.66893344290446,18.0635,19.402855547740465,16.724144452259537
187,background,7,100,128.99771519804446,15.863,17.127177608940833,14.598822391059164
187,background,8,100,123.15923582265783,14.1745,15.381460511062047,12.967539488937954
187,background,9,100,108.31310607386541,12.1785,13.239968439523881,11.117031560476118
187,background,10,100,115.30508730274973,11.116,12.245989855566947,9.986010144433052
187,deviant,1,199,233.94817802239885,37.83994974874372,39.46519611893474,36.2147033785527
187,deviant,2,199,338.5713521937669,42.93492462311558,45.286991930734885,40.58285731549627
187,deviant,3,99,257.5237546528987,42.14343434343434,44.67988123862059,39.6069874482481
187,deviant,4,100,289.6710975172395,42.1805,45.01927675566895,39.34172324433106
187,deviant,5,100,297.76798191315265,41.8275,44.745626222748896,38.909373777251105
187,deviant,6,100,307.4800164666246,39.7085,42.72180416137292,36.69519583862708
187,deviant,7,100,319.9819279436361,40.0995,43.23532289384763,36.96367710615237
187,deviant,8,100,298.8667235090795,35.9105,38.839393890388976,32.98160610961102
187,deviant,9,100,312.4196696752623,35.5825,38.644212762817574,32.52078723718243
187,deviant,10,97,300.69469566322584,33.184536082474224,36.17656630242746,30.19250586252099
188,background,1,196,119.1324119580703,20.075,20.908926883706492,19.241073116293506
188,background,2,200,122.56383943415818,17.644,18.49332407552309,16.794675924476905
188,background,3,200,120.05291596449851,15.08575,15.917674263601214,14.253825736398788
188,background,4,198,116.96398456025055,13.132323232323232,13.94692553866093,12.317720925985535
188,background,5,100,77.31325548496977,11.3635,12.121169903752705,10.605830096247296
188,background,6,100,74.37182545193194,9.803,10.531843889428934,9.074156110571067
188,background,7,99,71.71080444175905,8.692424242424243,9.39873053064518,7.986117954203308
188,background,8,98,66.44499109869201,7.762244897959183,8.420016750903892,7.104473045014474
188,background,9,99,60.74287915814538,6.864141414141414,7.46242054164565,6.265862286637177
188,background,10,100,56.14668289400543,6.1885,6.7387374923612535,5.638262507638747
188,deviant,1,199,121.30145137327567,20.00251256281407,20.845198089197797,19.15982703643034
188,deviant,2,198,174.77727932549203,22.298232323232323,23.51547860095839,21.080986045506258
188,deviant,3,200,196.0001275509789,22.53975,23.89796158918631,21.181538410813694
188,deviant,4,121,151.56990744242495,21.461157024793387,22.811507109280445,20.11080694030633
188,deviant,5,100,138.91655958277897,21.237,22.59838228391123,19.875617716088765
188,deviant,6,98,149.27585732109316,21.65765306122449,23.135408654933016,20.179897467515964
188,deviant,7,100,146.62241158481663,20.705,22.141899633531203,19.268100366468794
188,deviant,8,100,144.62104745997743,19.198999999999998,20.616286265107778,17.781713734892218
188,deviant,9,100,139.291166077998,17.5335,18.89855342756438,16.16844657243562
188,deviant,10,100,157.17360498907934,19.391,20.931301328892975,17.850698671107022
189,background,1,199,118.57828859582932,20.063316582914574,20.887084199969422,19.239548965859726
189,background,2,199,117.56697978957402,15.936180904522613,16.752922923086366,15.119438885958859
189,background,3,182,108.15072328638594,12.541208791208792,13.326841958586678,11.755575623830905
189,background,4,99,68.0373156127538,9.595454545454546,10.265579280842072,8.92532981006702
189,background,5,100,59.36335481369666,7.8445,8.426260877174228,7.2627391228257725
189,background,6,100,54.44917958881233,6.5315,7.065101959970361,5.997898040029639
189,background,7,100,48.83255493062626,5.3795,5.858059038320137,4.900940961679863
189,background,8,100,44.21794110753545,4.872,5.305335822853848,4.438664177146152
189,background,9,100,38.11140180272067,4.384,4.757491737666663,4.010508262333338
189,background,10,100,37.317309374436,3.9945,4.3602096318694725,3.6287903681305274
189,deviant,1,199,120.1743689285216,20.02964824120603,20.864503885486265,19.194792596925794
189,deviant,2,198,188.69057795906582,23.058333333333334,24.37247956875395,21.744187097912718
189,deviant,3,100,135.88873157264015,21.393,22.724709569411875,20.061290430588127
189,deviant,4,100,144.8196609943771,20.1855,21.604732677744895,18.766267322255107
189,deviant,5,100,151.93242957938486,20.5,21.98893780987797,19.01106219012203
189,deviant,6,99,161.86490468418734,20.509090909090908,22.103358340766082,18.914823477415734
189,deviant,7,100,154.42422771464055,18.212,19.725357431603477,16.698642568396522
189,deviant,8,100,152.43429991138373,17.313,18.80685613913156,15.819143860868438
189,deviant,9,100,155.47959757845362,16.862,18.385700056268846,15.338299943731153
189,deviant,10,100,137.76549487788066,14.6,15.95010184980323,13.249898150196769
190,background,1,100,163.6114620872138,37.168,38.771392328454695,35.5646076715453
190,background,2,98,163.8416276389136,35.1295918367347,36.751541199952335,33.50764247351706
190,background,3,100,173.91041250870336,32.375,34.07932204258529,30.670677957414707
190,background,4,100,163.05432578712757,29.6385,31.23643239271385,28.04056760728615
190,background,5,99,168.6092336860901,27.24848484848485,28.90917967587755,25.58779002109215
190,background,6,100,167.44284177939016,25.419,27.059939849438024,23.778060150561977
190,background,7,99,161.0377611813943,23.643939393939394,25.230059982724832,22.057818805153957
190,background,8,100,159.5658583716916,21.48,23.04374541204258,19.91625458795742
190,background,9,99,149.23777389754488,19.642929292929292,21.11282743400423,18.173031151854353
190,background,10,99,144.96822700890448,18.055050505050506,19.48289629656981,16.627204713531203
190,deviant,1,100,167.344672677932,37.5815,39.22147779224373,35.941522207756265
190,deviant,2,100,233.90812973878172,43.1565,45.448799671440064,40.86420032855994
190,deviant,3,100,253.13638928243284,43.166,45.646736614967836,40.68526338503216
190,deviant,4,99,267.3839541695956,44.13030303030303,46.76386668461603,41.49673937599003
190,deviant,5,99,282.8149292567957,44.42424242424242,47.20979147074722,41.638693377737624
190,deviant,6,100,288.2235289347123,42.8615,45.68609058356018,40.03690941643982
190,deviant,7,100,280.27423131076836,40.1055,42.85218746684553,37.35881253315447
190,deviant,8,100,293.1573405456351,41.169,44.04194193734722,38.296058062652776
190,deviant,9,100,278.8182439473693,39.2265,41.95891879068422,36.49408120931578
190,deviant,10,100,296.75619534170505,37.8785,40.786710714348715,34.97028928565129
191,background,1,98,169.90871388081183,37.40765306122449,39.08966351397378,35.72564260847519
191,background,2,98,171.1897608226798,32.92397959183673,34.618671762300615,31.229287421372852
191,background,3,99,168.26883252700125,28.67676767676768,30.334109766995404,27.019425586539953
191,background,4,99,164.09551134051554,25.24949494949495,26.865732452767794,23.633257446222103
191,background,5,99,157.34633272196922,21.15252525252525,22.702287594409032,19.60276291064147
191,background,6,99,142.6732188198649,18.554545454545455,19.959786859904877,17.149304049186032
191,background,7,99,129.67717000710894,15.55050505050505,16.827743554907883,14.273266546102217
191,background,8,100,117.18224672435848,13.52,14.668386017898712,12.371613982101287
191,background,9,100,118.82435068532658,12.572,13.7364786367162,11.407521363283799
191,background,10,100,105.44039224030547,11.0925,12.125815843954992,10.059184156045006
191,deviant,1,99,166.72683299968625,37.37777777777778,39.01993214321208,35.73562341234348
191,deviant,2,98,244.67968857263168,43.63112244897959,46.05332778709607,41.208917110863105
191,deviant,3,99,273.6745137452229,43.33989898989899,46.03542069668793,40.64437728311005
191,deviant,4,99,281.94285535230455,41.7060606060606,44.4830202734986,38.929100938622604
191,deviant,5,99,282.5910053695791,42.15909090909091,44.94243444624666,39.375747371935155
191,deviant,6,98,311.8899392582683,42.329081632653065,45.41663450712041,39.241528758185716
191,deviant,7,99,302.0669584188596,37.71010101010101,40.685270426423614,34.73493159377841
191,deviant,8,99,324.7589956616412,40.38989898989899,43.588570690457395,37.19122728934058
191,deviant,9,100,318.10668931896674,37.8685,40.98594555532587,34.751054444674125
191,deviant,10,99,306.51949796314585,33.33181818181818,36.350842310177036,30.312794053459317
192,background,1,99,161.244004376499,20.147979797979797,21.73613175242539,18.559827843534205
192,background,2,100,155.0559830988048,19.475,20.99454863436829,17.955451365631713
192,background,3,100,150.09160360821056,17.782,19.252897715360465,16.311102284639535
192,background,4,100,143.16702612131414,16.1285,17.53153685598888,14.72546314401112
192,background,5,100,140.9858335548572,15.047,16.4286611688376,13.6653388311624
192,background,6,99,125.95535967785946,13.297979797979798,14.538560813185875,12.05739878277372
192,background,7,100,128.71644682871934,12.4965,13.75792117892145,11.235078821078549
192,background,8,100,120.85738659567662,11.4105,12.594902388637632,10.22609761136237
192,background,9,100,114.61566210601414,10.804499999999999,11.927733488638937,9.681266511361061
192,background,10,99,107.25275116088605,9.7,10.756372092931311,8.643627907068687
192,deviant,1,100,154.27236679941984,20.81,22.321869194634314,19.298130805365684
192,deviant,2,100,161.38204100176304,21.11,22.691544001817277,19.52845599818272
192,deviant,3,100,155.93573237580586,19.33,20.858170177282897,17.8018298227171
192,deviant,4,100,159.05375622229437,19.3005,20.859226810978484,17.741773189021515
192,deviant,5,99,158.9646187049181,19.376262626262626,20.94196406651233,17.810561186012922
192,deviant,6,99,151.39979315844866,17.11969696969697,18.61088963969428,15.628504299699665
192,deviant,7,100,150.10125529823281,16.8245,18.295492301922682,15.353507698077319
192,deviant,8,100,146.63146607091284,16.1195,17.556488367494943,14.682511632505053
192,deviant,9,100,148.5714253181029,16.083,17.538999968117405,14.62700003188259
192,deviant,10,100,150.2190856190069,15.071,16.543147039066266,13.598852960933732
193,background,1,100,158.47780020524874,21.0265,22.579582442011436,19.47341755798856
193,background,2,100,148.10566995791962,18.329,19.780435565587613,16.87756443441239
193,background,3,98,145.62624293573927,15.806632653061225,17.248258907641357,14.365006398481095
193,background,4,100,130.2973017452981,13.7205,14.997413557103922,12.443586442896077
193,background,5,99,120.4269815894131,12.016161616161616,13.202291586815491,10.830031645507741
193,background,6,100,116.06497726432562,10.828,11.96543677719039,9.690563222809608
193,background,7,100,110.10227302974171,9.758,10.837002275691468,8.67899772430853
193,background,8,99,97.362318443182,8.66969696969697,9.628654525500702,7.710739413893238
193,background,9,99,85.14691637646693,7.497474747474747,8.336118281423166,6.658831213526328
193,background,10,99,83.44121788483953,6.732323232323233,7.554166709713593,5.910479754932872
193,deviant,1,100,157.16329925138038,21.2605,22.800700332663528,19.720299667336473
193,deviant,2,100,167.31245588639487,20.529,22.168662067686668,18.88933793231333
193,deviant,3,100,160.2461100603496,18.737,20.307411878591424,17.166588121408573
193,deviant,4,99,153.65068893606147,17.60959595959596,19.122958536265408,16.096233382926513
193,deviant,5,100,164.79168668352176,17.912,19.52695852949851,16.297041470501487
193,deviant,6,99,149.41383716658274,15.922222222222222,17.393854475681124,14.450589968763323
193,deviant,7,99,147.08892763080075,14.901010101010101,16.349743458863927,13.452276743156274
193,deviant,8,100,150.83869913883086,14.1065,15.584719251560543,12.628280748439458
193,deviant,9,100,140.8256854562069,13.891,15.271091717470828,12.510908282529172
193,deviant,10,100,143.34521268601893,13.2915,14.696283084322985,11.886716915677013
194,background,1,100,294.18642943405445,39.1425,42.02552700845373,36.25947299154627
194,background,2,99,288.95841077548636,37.653535353535354,40.49959382622773,34.80747688084298
194,background,3,100,292.1275361351974,35.8215,38.68434985412493,32.95865014587507
194,background,4,99,279.93718750349774,33.02272727272727,35.77993237424285,30.2655221712117
194,background,5,100,286.42356379099965,32.343,35.1499509251518,29.536049074848208
194,background,6,98,278.54187061232017,30.862244897959183,33.61966873572019,28.104821060198176
194,background,7,98,268.3221012141937,28.406632653061223,31.062885935412137,25.75037937071031
194,background,8,98,255.87808054865334,26.37295918367347,28.906022946454776,23.839895420892162
194,background,9,100,251.68936054296438,25.0535,27.52005573332105,22.586944266678948
194,background,10,100,242.74967613399176,23.758,26.136946826113117,21.37905317388688
194,deviant,1,99,300.77807870850387,39.462626262626266,42.425101025036234,36.5001515002163
194,deviant,2,98,302.8621842217661,41.41989795918367,44.41808061837819,38.42171529998915
194,deviant,3,100,304.24153320399205,38.312,41.29356702539912,35.330432974600875
194,deviant,4,100,313.4119703487643,39.313,42.38443730941789,36.241562690582114
194,deviant,5,100,317.62776128172754,38.29,41.40275206056093,35.17724793943907
194,deviant,6,98,308.74686020138006,35.63418367346939,38.6906216527277,32.577745694211075
194,deviant,7,99,320.4834423836983,38.14646464646464,41.30302483831327,34.98990445461602
194,deviant,8,100,317.63773224755334,35.4425,38.55534977602603,32.32965022397398
194,deviant,9,99,309.95317558081507,35.39545454545455,38.448298237154845,32.34261085375425
194,deviant,10,100,322.4198880505456,34.609,37.76871490289535,31.449285097104656
195,background,1,100,302.1532984917981,41.587,44.548102325219624,38.62589767478038
195,background,2,100,295.5140748273297,36.685,39.58103793330783,33.78896206669217
195,background,3,100,279.9482094959709,33.099,35.84249245306051,30.35550754693948
195,background,4,100,268.76164846237,30.1655,32.799364154931226,27.531635845068777
195,background,5,100,271.12213697500755,26.7535,29.410496942355074,24.096503057644924
195,background,6,99,265.8277588372235,25.463131313131314,28.08136742290607,22.844895203356558
195,background,7,100,246.17258601489954,24.252,26.664491342946015,21.839508657053983
195,background,8,99,242.47757899605787,22.987373737373737,25.375625272560438,20.599122202187036
195,background,9,100,228.64596282416508,21.2225,23.463230435676817,18.981769564323184
195,background,10,99,211.6531422671984,18.048484848484847,20.133135083115175,15.96383461385452
195,deviant,1,100,298.3816877406309,39.571,42.495140539858184,36.64685946014181
195,deviant,2,100,297.7228046708089,39.065,41.982683485773926,36.14731651422607
195,deviant,3,99,315.9641427024342,39.275252525252526,42.38730045973519,36.163204590769865
195,deviant,4,100,308.761942023471,36.633,39.65886703183002,33.607132968169985
195,deviant,5,100,304.7880972258042,36.314,39.30092335281288,33.32707664718712
195,deviant,6,100,315.24636981924243,33.949,37.03841442422858,30.859585575771423
195,deviant,7,97,301.0528586215559,33.70876288659794,36.70435696853626,30.713168804659617
195,deviant,8,100,296.040413315124,30.04,32.941196050488216,27.138803949511782
195,deviant,9,100,320.38340518165023,32.336999999999996,35.47675737078017,29.197242629219822
195,deviant,10,99,298.35389618441565,29.36868686868687,32.3072849590404,26.43008877833333
196,background,1,100,82.9729505701454,19.999,20.812134915587425,19.185865084412573
196,background,2,99,83.46718548406662,17.35909090909091,18.18119015098938,16.53699166719244
196,background,3,99,79.32602612669204,14.864141414141415,15.64545284285876,14.08282998542407
196,background,4,99,75.44040868896387,12.632828282828283,13.375868825432264,11.889787740224303
196,background,5,99,72.60022111029109,11.031818181818181,11.746884664416005,10.316751699220358
196,background,6,100,67.82102996315493,9.4825,10.147146093638918,8.817853906361082
196,background,7,100,63.616594160891545,8.3875,9.010942622776737,7.764057377223262
196,background,8,100,62.132710259657316,7.519,8.127900560544642,6.910099439455358
196,background,9,100,56.33765684644124,6.701,7.253109037095124,6.148890962904876
196,background,10,100,55.589425348049,6.088,6.63277636841088,5.54322363158912
196,deviant,1,98,81.84145455825262,19.962755102040816,20.77294416704517,19.15256603703646
196,deviant,2,98,118.2062314681199,22.068877551020407,23.239059540915004,20.89869556112581
196,deviant,3,100,132.84227885967474,22.2805,23.582354332824814,20.978645667175186
196,deviant,4,100,142.44476307086825,22.358,23.75395867809451,20.96204132190549
196,deviant,5,100,141.6151939514074,21.095,22.482828900723792,19.707171099276206
196,deviant,6,99,137.95536081989482,19.800505050505052,21.15927852403394,18.441731576976164
196,deviant,7,98,137.9363029960225,18.941326530612244,20.3068262636963,17.575826797528187
196,deviant,8,100,150.20759319232695,20.651,22.123034413284802,19.178965586715197
196,deviant,9,100,151.4212406013871,19.2815,20.765428157893595,17.797571842106407
196,deviant,10,98,142.69465928854413,18.30969387755102,19.722298934659488,16.89708882044255
197,background,1,99,82.32570104549114,19.70808080808081,20.518937146721555,18.89722446944006
197,background,2,99,80.87436650691451,15.691919191919192,16.488480798840097,14.895357584998287
197,background,3,100,77.535984854572,12.1355,12.895352651574806,11.375647348425195
197,background,4,100,68.60733043541109,9.4515,10.123851838267028,8.779148161732971
197,background,5,100,58.72767212893944,7.6365,8.212031186863607,7.060968813136394
197,background,6,100,49.904751382271364,6.242,6.73106656354626,5.75293343645374
197,background,7,99,41.73099945831006,5.198484848484848,5.609508927221649,4.787460769748048
197,background,8,100,41.57627739595337,4.7705,5.177947518480343,4.363052481519658
197,background,9,96,38.533068505130146,4.288020833333333,4.673431787250218,3.902609879416449
197,background,10,100,35.419218690303985,3.915,4.262108343164979,3.567891656835021
197,deviant,1,100,82.02404974665725,20.1375,20.941335687517242,19.333664312482757
197,deviant,2,99,129.58534070764253,22.275252525252526,23.55158656885394,20.998918481651113
197,deviant,3,100,136.52088716229082,21.409,22.746904694190448,20.07109530580955
197,deviant,4,98,141.1479999671864,20.181632653061225,21.57892656404925,18.7843387420732
197,deviant,5,100,141.9478777579996,19.234,20.6250892020284,17.842910797971605
197,deviant,6,99,155.46030124490912,19.072727272727274,20.603913391649954,17.541541153804594
197,deviant,7,99,137.4578882881284,15.65808080808081,17.011954490286215,14.304207125875404
197,deviant,8,100,155.3421690130668,17.815,19.337353256328058,16.292646743671945
197,deviant,9,100,153.0912094832771,16.3665,17.866793852936112,14.866206147063883
197,deviant,10,100,149.09890747596484,16.242,17.703169293264455,14.780830706735546
198,background,1,100,162.89927465833148,37.142,38.73841289165165,35.54558710834836
198,background,2,99,161.13248880150897,34.23737373737374,35.82442733359475,32.650320141152726
198,background,3,99,157.54851383153797,31.416666666666668,32.968420365224794,29.864912968108538
198,background,4,100,159.3384514336171,29.152,30.71351682404945,27.590483175950553
198,background,5,100,162.87214068258055,26.5835,28.17964697868929,24.98735302131071
198,background,6,100,155.6819548073301,24.4135,25.939183157111835,22.887816842888164
198,background,7,100,153.61611414925125,22.374,23.87943791866266,20.868562081337338
198,background,8,98,149.29076186739545,20.59285714285714,22.070760284046322,19.11495400166796
198,background,9,96,141.15741492912687,19.05625,20.4681181966123,17.6443818033877
198,background,10,99,145.09557648594762,18.1030303030303,19.532130406743384,16.67393019931722
198,deviant,1,100,160.74358463092702,36.521,38.096287129383086,34.945712870616916
198,deviant,2,97,211.7943205341595,41.99432989690722,44.101766498191324,39.88689329562311
198,deviant,3,99,248.6518068557548,42.9969696969697,45.44603349045082,40.54790590348858
198,deviant,4,99,268.7378638630667,42.86515151515152,45.51205032778029,40.21825270252275
198,deviant,5,99,279.1420360959443,44.533838383838386,47.28321174446617,41.7844650232106
198,deviant,6,100,279.3552539236319,41.494,44.23168148845159,38.75631851154841
198,deviant,7,100,309.82030445506894,44.944,47.980238983659675,41.90776101634033
198,deviant,8,99,318.42772459299715,43.425252525252525,46.56156519075302,40.28893985975203
198,deviant,9,100,314.1190102995661,41.831,44.90936630093575,38.752633699064255
198,deviant,10,100,320.96674282548344,40.0265,43.17197407968973,36.881025920310265
199,background,1,100,161.99094354152544,36.3985,37.98601124670695,34.810988753293046
199,background,2,99,166.79222025275072,32.45909090909091,34.10188929781248,30.816292520369345
199,background,3,100,164.04627075117688,27.689,29.296653453361532,26.081346546638468
199,background,4,100,154.89301061326847,24.0455,25.563451504010033,22.52754849598997
199,background,5,99,148.38913990621168,20.826262626262626,22.287802256662044,19.364722995863207
199,background,6,100,136.83134066972258,17.399,18.73994713856328,16.05805286143672
199,background,7,100,125.36004987739578,15.649,16.87752848879848,14.420471511201521
199,background,8,99,123.07886859545323,13.821717171717172,15.033966560255122,12.609467783179221
199,background,9,99,111.93915170399731,12.026262626262627,13.128792814874066,10.923732437651188
199,background,10,100,98.80571046782988,10.475,11.443295962584733,9.506704037415266
199,deviant,1,97,160.57876408069723,36.36030927835051,37.95813099500059,34.76248756170044
199,deviant,2,99,230.03046136956456,41.15808080808081,43.42373606899258,38.89242554716904
199,deviant,3,100,279.65498480505545,43.242,45.98261885108954,40.501381148910454
199,deviant,4,100,304.96942901146497,44.177,47.165700404312354,41.188299595687646
199,deviant,5,100,293.9152939198639,40.538000000000004,43.41836988041467,37.657630119585335
199,deviant,6,100,299.6347952530142,40.425,43.361420993479534,37.48857900652046
199,deviant,7,100,314.8800481720652,39.2945,42.38032447208624,36.20867552791376
199,deviant,8,100,308.90486527323213,37.842,40.86926767967768,34.81473232032232
199,deviant,9,99,313.30298518577155,37.00050505050505,40.08634225840896,33.91466784260113
199,deviant,10,100,327.0136887525948,36.394,39.598734149775424,33.18926585022457
200,background,1,100,84.49297697379785,19.921,20.74903117434322,19.09296882565678
200,background,2,99,84.24283508499636,17.300505050505052,18.130243952770705,16.4707661482394
200,background,3,100,83.54626830306917,15.19,16.008753429370078,14.371246570629921
200,background,4,100,78.97876130227736,13.1715,13.945491860762319,12.397508139237681
200,background,5,100,77.7734902744739,11.187,11.949180204689844,10.424819795310155
200,background,6,100,73.6008616940404,9.9885,10.709788444601596,9.267211555398404
200,background,7,99,64.35162452453991,8.577777777777778,9.2116007757589191,7.943954779796635
200,background,8,99,62.51654517847759,7.646969696969697,8.262718318410261,7.0312210755291344
200,background,9,100,60.684212808691235,6.971,7.5657052855251745,6.376294714474826
200,background,10,100,57.72901760539677,6.4655,7.031244372532888,5.899755627467111
200,deviant,1,99,81.18286700244605,19.717171717171716,20.51677185980017,18.917571574543263
200,deviant,2,99,120.5449359324039,22.755050505050505,23.94234225174114,21.56775875835987
200,deviant,3,98,130.89869526107827,21.877551020408163,23.17338199135428,20.581720049462046
200,deviant,4,100,140.66318487417868,22.048,23.42649921176695,20.669500788233048
200,deviant,5,100,139.83044243503966,20.844,22.21433833586339,19.473661664136614
200,deviant,6,98,138.9919157058386,19.59081632653061,20.966766092290516,18.214866560770705
200,deviant,7,99,135.1970978355597,18.58939393939394,19.9210002586067,17.25778762018118
200,deviant,8,100,155.3517739976294,20.032,21.55444738517677,18.50955261482323
200,deviant,9,100,149.40076798224368,19.977,21.441127526225987,18.512872473774014
200,deviant,10,100,155.42495227431687,19.215,20.738164532288305,17.691835467711694
201,background,1,99,83.1041831868763,20.186868686868685,21.005392584617272,19.368344789120098
201,background,2,100,82.3736991750976,15.765,16.57226225191596,14.957737748084044
201,background,3,99,74.4970681160993,12.084343434343435,12.818092666053122,11.350594202633747
201,background,4,100,68.59898725660298,9.711,10.383270075114709,9.038729924885292
201,background,5,99,60.00364024044927,7.7303030303030305,8.321301119752667,7.1393049408533935
201,background,6,100,54.727602965192894,6.54,7.076330509058891,6.0036694909411095
201,background,7,100,48.235305916331704,5.5425,6.015205997980051,5.0697940020199495
201,background,8,100,41.67619540166658,4.733,5.141426714936332,4.324573285063667
201,background,9,99,38.73815608469388,4.2994949494949495,4.681041404728554,3.9179484942613447
201,background,10,100,34.581140281342584,4.0165,4.355395174757157,3.6776048252428426
201,deviant,1,100,82.06125760674156,19.8215,20.625700324546067,19.017299675453934
201,deviant,2,100,132.34605754373047,23.271,24.56799136392856,21.974008636071442
201,deviant,3,100,141.23347597804883,22.079,23.46308806458488,20.69491193541512
201,deviant,4,100,138.9092282183244,19.791,21.15231043653958,18.42968956346042
201,deviant,5,99,153.97355377842615,20.33888888888889,21.855431481041116,18.82234629673666
201,deviant,6,100,149.93311666768022,18.5715,20.040844543343265,17.102155456656735
201,deviant,7,100,150.02845344168972,18.839,20.309278843728556,17.36872115627144
201,deviant,8,100,151.60914081593947,18.44,19.925769579996206,16.954230420003796
201,deviant,9,100,146.7277285171057,16.404,17.841931739467636,14.966068260532364
201,deviant,10,99,144.9124054839954,15.267676767676768,16.694972752310367,13.840380783043168
202,background,1,100,157.30250775931202,36.721000000000004,38.262564576041264,35.17943542395874
202,background,2,99,158.17269875543928,34.6479797979798,36.20588132516984,33.09007827078976
202,background,3,99,165.10024068330188,31.523232323232325,33.14936577814446,29.89709886832019
202,background,4,99,165.38004079917516,28.63939393939394,30.268283249338307,27.010504629449574
202,background,5,100,157.06131052285886,26.6275,28.16670084312402,25.088299156875983
202,background,6,100,155.40969623614393,25.389,26.91201502311421,23.865984976885787
202,background,7,100,160.5725200977001,23.2385,24.81211069695746,21.664889303042536
202,background,8,100,151.9769113350688,21.0415,22.530873731083673,19.552126268916325
202,background,9,100,152.15763121461276,19.8255,21.316644785903208,18.334355214096796
202,background,10,100,146.60232639785482,18.428,19.86470279869898,16.991297201301023
202,deviant,1,100,162.67935041864277,37.6645,39.25875763410269,36.0702423658973
202,deviant,2,100,223.52400671728162,41.1405,43.331035265829364,38.94996473417064
202,deviant,3,99,241.8070892696338,43.872727272727275,46.254374906121946,41.491079639332604
202,deviant,4,100,272.01183217298706,43.563,46.22871595529528,40.897284044704726
202,deviant,5,100,276.85757786459925,42.6455,45.35870426307307,39.932295736926925
202,deviant,6,100,275.9214419092201,41.692,44.39603013071036,38.98796986928964
202,deviant,7,100,291.6568910642489,43.668,46.52623753242964,40.80976246757036
202,deviant,8,100,297.2602572264173,41.3575,44.27065052081889,38.44434947918111
202,deviant,9,99,298.202633332296,41.21111111111111,44.14821935757769,38.27400286464453
202,deviant,10,100,289.2122012786131,36.875499999999995,39.7097795725304,34.04122042746959
203,background,1,99,161.0259867880108,37.25757575757576,38.84358037599729,35.671571139154224
203,background,2,99,164.6651306839365,32.83838383838384,34.46023173366501,31.21653594310267
203,background,3,100,161.1989780560528,28.719,30.298749984949318,27.139250015050685
203,background,4,99,156.9516854925342,24.91212121212121,26.45799652719015,23.36624589705227
203,background,5,100,145.4987339427645,21.1615,22.587387592639093,19.735612407360907
203,background,6,99,144.2416831498258,18.616161616161616,20.036851407963297,17.195471824359934
203,background,7,100,131.7954655397602,16.4385,17.73009556228965,15.14690443771035
203,background,8,99,120.97544335416524,14.06060606060606,15.252138034435172,12.86907408677695
203,background,9,99,116.91655818979349,12.616666666666667,13.768221176331494,11.46511215700184
203,background,10,100,105.72843814026078,10.6655,11.701638693774555,9.629361306225444
203,deviant,1,99,161.06299846235387,37.31717171717172,38.90354087729,35.73080255705344
203,deviant,2,100,241.12576430262763,42.0865,44.44953249016575,39.72346750983425
203,deviant,3,100,269.04930579239266,41.5505,44.187183196765446,38.91381680323455
203,deviant,4,100,287.1871570211571,42.944,45.758434138807345,40.12956586119266
203,deviant,5,100,287.3270326373948,40.8065,43.62230491984647,37.99069508015353
203,deviant,6,100,308.1027938512524,40.312,43.331407379742274,37.29259262025772
203,deviant,7,99,305.506550881612,39.76464646464647,42.77369370181171,36.75559922748123
203,deviant,8,99,306.79236935545975,35.84040404040404,38.86211578022908,32.818692300578995
203,deviant,9,100,313.02573460710187,37.713,40.7806521991496,34.6453478008504
203,deviant,10,100,305.4546309666091,34.869,37.86245538347277,31.87554461652723
204,background,1,100,159.5031100175265,20.451999999999998,22.01513047817176,18.888869521828237
204,background,2,100,152.21460784729322,18.7125,20.20420315690347,17.220796843096526
204,background,3,100,138.592283524847,16.382,17.740204378543503,15.0237956214565
204,background,4,99,133.3305844014872,15.841919191919192,17.15514152860942,14.528696855228967
204,background,5,100,131.98144805835005,14.5005,15.793918190971832,13.20708180902817
204,background,6,100,128.83371575713198,13.494,14.756570414419894,12.231429585580106
204,background,7,100,123.96128427860049,12.517,13.731820585930285,11.302179414069714
204,background,8,100,119.59801089703087,11.263,12.435060506790903,10.090939493209097
204,background,9,100,114.45678338638513,10.7995,11.921176477186574,9.677823522813426
204,background,10,100,112.73755036880078,10.2705,11.375327993614247,9.165672006385753
204,deviant,1,100,154.54158867948442,21.3625,22.877007569058947,19.847992430941055
204,deviant,2,99,155.88702049206896,19.906060606060606,21.441449640986253,18.37067157113496
204,deviant,3,99,156.04710827182927,19.07171717171717,20.608682970512533,17.53475137292181
204,deviant,4,100,155.3411695184777,18.114,19.636343461281083,16.59165653871892
204,deviant,5,100,156.61976248226148,18.0415,19.576373672326163,16.506626327673835
204,deviant,6,100,157.7408934730757,17.854,19.39986075603614,16.308139243963858
204,deviant,7,100,157.31488703937248,17.145,18.68668589298585,15.60331410701415
204,deviant,8,99,153.26073414798373,16.303030303030305,17.81255207047881,14.793508535581802
204,deviant,9,100,154.25343978080528,15.5005,17.012183709851893,13.988816290148108
204,deviant,10,99,145.889404759402,14.41161616161616,15.848534974178953,12.974697349053368
205,background,1,100,155.4611984082405,19.896,21.41951974440076,18.372480255599243
205,background,2,100,152.67355956246544,18.129,19.625200883712164,16.63279911628784
205,background,3,100,145.31273896414984,15.7205,17.14456484184867,14.296435158151331
205,background,4,100,133.77321736510086,14.077,15.387977530177988,12.766022469822012
205,background,5,100,116.68924092378192,11.806000000000001,12.949554561053064,10.662445438946937
205,background,6,98,110.02512870871101,10.681122448979592,11.770315653531522,9.59192924442766
205,background,7,99,103.97818597136006,9.139393939393939,10.163513626254002,8.115274252533876
205,background,8,100,96.70643313930215,8.3675,9.31522304476516,7.4197769552348385
205,background,9,100,87.99144695276985,7.495,8.357316180137145,6.632683819862856
205,background,10,98,78.09963272371354,6.488775510204082,7.2619224289037145,5.71562859150445
205,deviant,1,100,157.76021945378142,21.0175,22.563550150647057,19.47144984935294
205,deviant,2,99,158.6984147435168,19.575252525252527,21.138332024033986,18.012173026471068
205,deviant,3,100,161.56115837272537,19.1915,20.77479935205271,17.608200647947292
205,deviant,4,100,155.52282790638807,17.5705,19.0946237134826,16.046376286517397
205,deviant,5,100,155.91670347032297,16.7915,18.319483694009165,15.263516305990834
205,deviant,6,100,142.82058122362,14.6675,16.067141695991477,13.267858304008524
205,deviant,7,99,153.84476968000808,15.216666666666667,16.731940816507535,13.701392516825797
205,deviant,8,100,141.91860157739794,13.707,15.0978022954585,12.316197704541501
205,deviant,9,100,135.62998232420128,12.8315,14.160673826777172,11.502326173222828
205,deviant,10,98,126.20233336736855,11.737244897959183,12.986584258118025,10.48790553780034
206,background,1,99,292.5730767913512,39.22727272727273,42.10893338511277,36.34561206943268
206,background,2,100,284.0933408508364,37.53,40.3141147403382,34.745885259661804
206,background,3,100,283.9000982554844,34.4155,37.19772096290375,31.633279037096255
206,background,4,98,273.87996314174995,33.68724489795918,36.398518206320325,30.97597158959804
206,background,5,100,270.3941324106447,30.0195,32.66936249762432,27.36963750237568
206,background,6,99,269.7563813205499,29.485858585858587,32.14278915437802,26.828928017339152
206,background,7,99,268.5609359452515,27.815656565656568,30.460812749655137,25.170500381657998
206,background,8,100,272.3199743336001,27.679,30.34773574846928,25.010264251530717
206,background,9,97,246.00298457753036,24.91340206185567,27.361228294477428,22.465575829233913
206,background,10,99,253.7435972746795,24.525757575757577,27.024972300038957,22.026542851476197
206,deviant,1,100,307.5112749323613,40.065,43.07861049433714,37.051389505662854
206,deviant,2,100,301.81124721813865,39.2115,42.16925022273776,36.25374977726224
206,deviant,3,98,302.63046338467166,38.39234693877551,41.38823567871651,35.39645819883451
206,deviant,4,100,294.45089841762643,36.031,38.916618804492735,33.14538119550726
206,deviant,5,100,300.7236841529552,36.3785,39.32559210469896,33.43140789530104
206,deviant,6,100,318.36036350750635,37.533,40.65293156237357,34.413068437626436
206,deviant,7,98,288.1720611754465,33.289795918367346,36.142553778846626,30.437038057888067
206,deviant,8,100,310.419215696587,33.719,36.761108313826554,30.676891686173448
206,deviant,9,100,312.03543574070994,33.9715,37.029447270258956,30.913552729741042
206,deviant,10,100,307.5538207071713,33.705999999999996,36.720027442930274,30.691972557069718
207,background,1,100,290.4739729259205,38.7995,41.64614493467403,35.95285506532598
207,background,2,100,282.7335271389318,35.221,37.99178856596153,32.450211434038465
207,background,3,100,290.6590016895363,33.0215,35.86995821655746,30.17304178344255
207,background,4,98,273.0086512992043,29.575,32.27764776118765,26.872352238812347
207,background,5,98,264.6705698152248,27.64387755102041,30.263982516776352,25.023772585264467
207,background,6,99,255.52348743624128,25.405050505050504,27.921796027141784,22.888304982959223
207,background,7,99,240.77168153995794,23.01161616161616,25.38306568056998,20.64016664266234
207,background,8,100,229.98571465934228,20.7015,22.955360003661553,18.447639996338445
207,background,9,100,231.90472748863687,20.4415,22.714166329388643,18.16883367061136
207,background,10,100,210.9227533831683,17.5155,19.582542983155047,15.44845701684495
207,deviant,1,100,297.0797651172245,38.0325,40.9438816981488,35.1211183018512
207,deviant,2,100,305.21507084953095,38.7405,41.7316076943254,35.7493923056746
207,deviant,3,100,316.9049085335088,38.105,41.210668103628386,34.99933189637161
207,deviant,4,98,316.5079029527998,37.16428571428571,40.29755409696453,34.03101733160689
207,deviant,5,100,332.6576278524529,36.658500000000004,39.91854475295404,33.398455247045966
207,deviant,6,99,317.5765593563725,35.285353535353536,38.41328275900558,32.15742431170149
207,deviant,7,99,322.6462418321668,32.78737373737374,35.96523614250118,29.6095113322463
207,deviant,8,100,306.59298409248834,31.095,34.099611244106384,28.090388755893613
207,deviant,9,100,305.2232056432766,29.706,32.69718741530411,26.71481258469589
207,deviant,10,100,299.79178300596357,28.4295,31.367459473458442,25.49154052654156
208,background,1,99,77.07412699882872,19.276767676767676,20.035899316444432,18.51763603709092
208,background,2,100,76.84613814218916,16.6645,17.417592153793453,15.911407846206547
208,background,3,100,73.96994410961082,14.09,14.814905452274186,13.365094547725814
208,background,4,100,71.09922643742334,12.251,12.947772419086748,11.55422758091325
208,background,5,99,66.9233457810226,10.513636363636364,11.172789197325603,9.854483529947125
208,background,6,100,62.317417519629224,9.3665,9.977210691692367,8.755789308307634
208,background,7,100,57.88657239082217,8.1645,8.731788409430058,7.597211590569943
208,background,8,100,55.60002839832671,7.229,7.773880278303602,6.684119721696399
208,background,9,100,49.8219725359045,6.4905,6.978755330851864,6.002244669148136
208,background,10,99,46.46560697525586,5.954545454545455,6.412202437312677,5.496888471778233
208,deviant,1,100,79.45953952202738,19.1565,19.93520348731587,18.37779651268413
208,deviant,2,100,121.3001605413959,21.7705,22.95924157330568,20.581758426694318
208,deviant,3,98,129.36705226032754,21.431122448979593,22.711790927795082,20.150453970164104
208,deviant,4,100,133.94321263328843,20.368,21.680643483806225,19.055356516193772
208,deviant,5,100,135.4281223224684,19.2475,20.57469559876019,17.920304401239807
208,deviant,6,100,141.72586585599532,19.705000000000002,21.093913485388757,18.316086514611246
208,deviant,7,100,147.9241804367857,20.746,22.1956569682805,19.2963430317195
208,deviant,8,100,151.42707120834385,19.752,21.23598529784177,18.26801470215823
208,deviant,9,100,148.40660717310257,18.330000000000002,19.784384750296407,16.875615249703596
208,deviant,10,98,148.50626426624498,18.794897959183672,20.265034970342477,17.324760948024867
209,background,1,100,76.73242984210576,18.9975,19.749477812452636,18.245522187547362
209,background,2,99,78.06348630913715,14.96919191919192,15.738068125362116,14.200315713021723
209,background,3,100,69.23436551612971,11.6825,12.36099678205807,11.004003217941928
209,background,4,99,57.38794573592503,8.91161616161616,9.476851306541715,8.346381016690607
209,background,5,100,49.33209161547779,7.0425,7.525954497831683,6.559045502168318
209,background,6,100,42.69543301103761,5.908,6.326415243508169,5.489584756491832
209,background,7,99,37.480977631466956,5.116666666666666,5.4858307054172535,4.747502627916079
209,background,8,99,31.869140328273023,4.621212121212121,4.935103094675346,4.307321147748897
209,background,9,99,30.99660422827331,4.148484848484848,4.4537818905464235,3.8431878064232734
209,background,10,97,26.933885915818305,3.8396907216494847,4.107693455861855,3.571687987437114
209,deviant,1,99,78.93728356639912,19.153535353535354,19.931017912712445,18.376052794358262
209,deviant,2,100,127.57944893074938,21.66,22.910278599521344,20.409721400478656
209,deviant,3,100,133.56273905231916,20.802,22.110914842712727,19.493085157287272
209,deviant,4,100,144.31878092028003,20.255,21.669324053018745,18.840675946981253
209,deviant,5,100,144.97378165868838,19.4645,20.885243060255146,18.043756939744856
209,deviant,6,100,138.64879903441,17.397,18.755758230537218,16.03824176946278
209,deviant,7,100,146.77579572438472,17.6055,19.04390279809897,16.16709720190103
209,deviant,8,100,140.07417208111752,16.044,17.41672688639495,14.671273113605048
209,deviant,9,100,154.27569307471677,16.593,18.104901792132225,15.081098207867775
209,deviant,10,98,142.19569539713106,15.41326530612245,16.82093087271432,14.005599739530576
210,background,1,100,164.80742350423802,36.5825,38.197612750341534,34.96738724965847
210,background,2,100,156.33946701766774,33.7405,35.272626776773144,32.20837322322685
210,background,3,100,157.30137851974004,30.6135,32.15505350949345,29.071946490506544
210,background,4,99,158.28866867713225,28.722727272727273,30.281771030653303,27.163683514801242
210,background,5,100,153.24956426485662,26.1775,27.679345729795592,24.675654270204404
210,background,6,98,150.4663802281007,23.41734693877551,24.906888107973877,21.92780576957714
210,background,7,100,145.59623332316926,21.912,23.338843086567056,20.48515691343294
210,background,8,100,139.72179124019422,19.937,21.306273554153904,18.567726445846098
210,background,9,100,139.5568267579083,18.7785,20.146156902227503,17.4108430977725
210,background,10,99,128.70117367476942,16.784343434343434,18.051968989175023,15.516717879511845
210,deviant,1,100,157.1450972157495,36.0885,37.62852195271435,34.548478047285656
210,deviant,2,100,208.47385927257162,40.5305,42.57354382087121,38.4874561791288
210,deviant,3,100,237.23421138746318,41.2025,43.52739527159714,38.87760472840286
210,deviant,4,100,263.21138193274885,42.347,44.92647154294094,39.767528457059065
210,deviant,5,98,272.6691749123256,42.545918367346935,45.24520548376158,39.84663125093229
210,deviant,6,100,302.66647441836386,44.234,47.20013144929997,41.26786855070004
210,deviant,7,100,313.8060035989382,44.8645,47.93979883526959,41.78920116473041
210,deviant,8,100,283.31045366857666,38.8125,41.58894244595205,36.03605755404795
210,deviant,9,99,287.61734447370395,39.0020202020202,41.83487001572117,36.16917038831922
210,deviant,10,99,292.8299218964734,37.89494949494949,40.77913991541399,35.010759074484994
211,background,1,100,164.57522676015944,36.153,37.76583722224956,34.54016277775044
211,background,2,100,158.7670587602114,30.88,32.43591717585007,29.324082824149926
211,background,3,100,154.9384852466498,27.2735,28.791897155417168,25.75510284458283
211,background,4,100,146.6016891552,23.3255,24.762196553720962,21.88880344627904
211,background,5,100,144.83847627797772,20.346,21.765417067524183,18.926582932475817
211,background,6,100,128.7061115794224,17.347,18.608319893478342,16.08568010652166
211,background,7,99,118.86814898073102,14.911111111111111,16.081887561715014,13.740334660507207
211,background,8,100,111.76924066081298,13.63,14.725338558475968,12.534661441524033
211,background,9,99,104.68785683364162,12.12020202020202,13.151311518381293,11.089092522022748
211,background,10,100,92.97223694256938,10.369,11.28012792203718,9.45787207796282
211,deviant,1,100,160.98885218025436,36.356,37.93369075136649,34.77830924863351
211,deviant,2,100,223.96245573521333,40.356500000000004,42.55133206620509,38.16166793379492
211,deviant,3,99,250.04774807182218,41.10757575757576,43.57038869341514,38.64476282173638
211,deviant,4,99,293.3787429963277,43.3530303030303,46.24262626589463,40.463434340165975
211,deviant,5,100,291.2245877777421,39.8465,42.70050096022187,36.992499039778124
211,deviant,6,100,297.53989560004254,39.305,42.22089097688042,36.38910902311958
211,deviant,7,100,335.1901306485776,41.6595,44.944363280356065,38.37463671964394
211,deviant,8,100,308.01276033034054,35.0015,38.02002505123734,31.982974948762664
211,deviant,9,100,303.7980804485283,34.644,37.62122118839557,31.66677881160442
211,deviant,10,100,294.8047569779736,32.0895,34.97858661838414,29.20041338161586
212,background,1,100,78.28483754517016,19.406,20.173191407942667,18.63880859205733
212,background,2,99,76.11715347168192,16.27979797979798,17.029504032561487,15.530091927034473
212,background,3,98,75.27309926982024,14.646428571428572,15.391594236513225,13.90126290634392
212,background,4,100,72.85185039011131,12.4165,13.13044813382309,11.702551866176908
212,background,5,99,66.22102146758631,10.707575757575757,11.359811138827917,10.055340376323597
212,background,6,100,64.78446044993716,9.389,10.023887712409383,8.754112287590615
212,background,7,99,59.1158986541202,8.357575757575757,8.939830151153892,7.775321363997622
212,background,8,99,56.088182449837994,7.377777777777778,7.930211072419982,6.8253444831355745
212,background,9,100,49.75492570167248,6.596,7.08359827187639,6.10840172812361
212,background,10,100,47.491855257396224,5.9345,6.399920181522483,5.469079818477517
212,deviant,1,100,78.40465211761487,19.477,20.245365590752627,18.708634409247374
212,deviant,2,99,119.44601290959865,21.744949494949495,22.921417541539142,20.568481448359847
212,deviant,3,100,121.749235380718,21.517500000000002,22.710642506731038,20.324357493268966
212,deviant,4,98,135.71710127669016,21.48469387755102,22.828224634451228,20.141163120650813
212,deviant,5,99,148.15456011952696,21.982828282828283,23.442057449975827,20.52359911568074
212,deviant,6,100,136.84773520807332,20.1455,21.486607805039117,18.80439219496088
212,deviant,7,100,150.26072078399702,19.847,21.319555063683172,18.37444493631683
212,deviant,8,100,149.325492236185,19.8965,21.359889823914614,18.433110176085385
212,deviant,9,100,146.12711661606932,19.0005,20.43254574283748,17.568454257162518
212,deviant,10,99,145.10591413098732,18.423232323232323,19.852434246242428,16.99403040022222
213,background,1,100,78.0187055843189,19.4815,20.246083314726327,18.716916685273674
213,background,2,100,74.54313481044663,14.89,15.620522721142377,14.159477278857624
213,background,3,99,68.08180064413229,11.77070707070707,12.441269955654331,11.10014418575981
213,background,4,100,63.18539971260847,8.985,9.604216917183562,8.365783082816437
213,background,5,98,50.96892758286531,6.975510204081632,7.480076844612734,6.470943563550531
213,background,6,100,42.548331651379584,5.9875,6.40447365018352,5.57052634981648
213,background,7,100,40.297609959165726,5.3155,5.710416577599824,4.920583422400176
213,background,8,100,33.398826011513755,4.6645,4.991808494912835,4.337191505087166
213,background,9,99,30.50797997418483,4.223232323232323,4.523716723936343,3.9227479225283033
213,background,10,99,27.153801711149413,3.7994949494949495,4.066942805462953,3.532047093526946
213,deviant,1,100,81.6624631929312,19.23,20.030292139290726,18.429707860709275
213,deviant,2,100,126.7156472704058,21.6755,22.917313343249976,20.433686656750023
213,deviant,3,100,133.00351202327823,20.3615,21.664934417828125,19.058065582171874
213,deviant,4,100,145.0650398596219,20.7385,22.160137390624293,19.316862609375704
213,deviant,5,98,151.05295341979283,20.53469387755102,22.030041825090496,19.039345930011546
213,deviant,6,100,148.5074869634879,19.188,20.64337337224218,17.732626627757817
213,deviant,7,100,152.3198677299293,17.998,19.490734703753308,16.505265296246694
213,deviant,8,99,153.14005457681367,17.43989898989899,18.94823213952845,15.931565840269528
213,deviant,9,100,149.00326736085532,16.561,18.02123202013638,15.100767979863617
213,deviant,10,99,139.02566972363505,14.234343434343435,15.603658776910546,12.865028091776324
214,background,1,100,148.77651024271273,36.3035,37.76150980037858,34.845490199621416
214,background,2,99,155.8300778344628,33.26616161616162,34.80098980175015,31.731333430573088
214,background,3,99,154.7389907656047,30.39040404040404,31.914485705105932,28.866322375702147
214,background,4,100,152.8268111638999,28.0205,29.518202749406218,26.52279725059378
214,background,5,100,151.9285496887478,26.277,27.76589978694973,24.78810021305027
214,background,6,100,154.02944865392323,23.8375,25.346988596808448,22.32801140319155
214,background,7,99,146.65960409630256,22.3530303030303,23.797535094290044,20.90852551177056
214,background,8,100,143.64264870265998,20.069,21.476697957286067,18.66130204271393
214,background,9,100,142.45002817239384,19.049,20.44501027608946,17.65298972391054
214,background,10,99,135.21655146273216,17.145454545454545,18.477252470650637,15.81365662025845
214,deviant,1,100,157.56786340795313,35.478,37.02216506139794,33.93383493860206
214,deviant,2,99,201.70093155331162,39.81363636363636,41.80026358676043,37.827009140512295
214,deviant,3,100,226.83901664767507,41.103500000000004,43.32652236314722,38.88047763685279
214,deviant,4,100,260.1345400891016,41.156,43.7053184928732,38.6066815071268
214,deviant,5,100,254.78219800655745,39.804,42.300865540464265,37.30713445953574
214,deviant,6,100,274.52660689764997,40.544000000000004,43.23436074759697,37.853639252403035
214,deviant,7,99,290.8105188859867,42.24040404040404,45.104704612248625,39.37610346855945
214,deviant,8,100,300.34551156258266,40.53,43.47338601331331,37.58661398668669
214,deviant,9,98,304.2282038207503,42.57142857142857,45.58313413472655,39.55972300813059
214,deviant,10,100,290.6203437657562,37.697,40.54507936890441,34.848920631095595
215,background,1,100,156.161370652958,36.544,38.07438143239899,35.01361856760101
215,background,2,100,158.43119874835924,30.9905,32.543125747733924,29.43787425226608
215,background,3,100,158.9530135804785,27.1905,28.74823953308869,25.63276046691131
215,background,4,100,147.34320836954643,23.282,24.725963442021555,21.838036557978445
215,background,5,100,137.33389967520765,20.159,21.504872216817034,18.813127783182964
215,background,6,100,132.1163860907655,18.0985,19.393240583689504,16.8037594163105
215,background,7,100,124.16313547316012,15.835,17.05179872763697,14.61820127236303
215,background,8,97,110.52944356476623,13.531958762886598,14.631770100133412,12.432147425639783
215,background,9,99,104.16391434960371,11.526262626262627,12.552211620749006,10.500313631776248
215,background,10,100,105.10334513180223,11.1835,12.213512782291662,10.153487217708339
215,deviant,1,99,157.86855791748832,36.7489898989899,38.30389583035554,35.19408396762425
215,deviant,2,100,225.72000587593382,41.712,43.92405605758415,39.499943942415854
215,deviant,3,100,276.1585833500287,43.855,46.56135411683028,41.14864588316971
215,deviant,4,97,279.1667347473077,40.79329896907217,43.57111752994599,38.01548040819835
215,deviant,5,100,278.3526445659213,40.767,43.49485591674603,38.03914408325397
215,deviant,6,98,309.46212250153957,42.090816326530614,45.154335041307704,39.027297611753525
215,deviant,7,100,291.18372297626075,37.2735,40.127100485167354,34.41989951483264
215,deviant,8,100,311.05984362464636,37.338,40.38638646752153,34.28961353247847
215,deviant,9,98,303.61810760091026,35.83622448979592,38.84189040865474,32.83055857093709
215,deviant,10,100,318.93285467238036,36.3775,39.50304197578932,33.25195802421067
216,background,1,100,158.03251664068844,20.7215,22.270218663078747,19.17278133692125
216,background,2,100,149.2991521814684,18.405,19.86813169137839,16.94186830862161
216,background,3,100,149.33852395427684,17.398,18.86151753475191,15.934482465248086
216,background,4,100,142.87570969570942,16.057,17.45718195501795,14.656818044982046
216,background,5,99,133.47613624677788,14.937373737373738,16.252029668128223,13.622717806619253
216,background,6,99,131.8811067431172,13.55151515151515,14.850461045586831,12.25256925744347
216,background,7,100,126.08953585699166,12.7075,13.943177451398517,11.471822548601482
216,background,8,99,118.10499343247179,11.561616161616161,12.724876010407797,10.398356312824525
216,background,9,99,109.98523824395231,10.155555555555555,11.238840926399119,9.072270184711991
216,background,10,100,107.53672567277214,10.187,11.240859911593166,9.133140088406833
216,deviant,1,100,153.0186779104881,20.472,21.971583043522784,18.97241695647722
216,deviant,2,99,157.64514615192934,20.15909090909091,21.7117963751835,18.60638544299832
216,deviant,3,100,162.7310422300034,19.6805,21.275264213854033,18.085735786145964
216,deviant,4,99,148.21338635473128,18.054040404040403,19.513848972578863,16.594231835501944
216,deviant,5,100,154.93750862508202,18.139,19.657387584525804,16.620612415474195
216,deviant,6,99,152.55953971448238,17.41060606060606,18.913221504223685,15.907990616988435
216,deviant,7,100,157.79289390977354,16.9335,18.47987036031578,15.387129639684218
216,deviant,8,100,158.1131174025003,17.431,18.980508550544503,15.881491449455497
216,deviant,9,100,142.87290082263215,15.2875,16.687654428061794,13.887345571938205
216,deviant,10,100,153.2031588928141,15.6555,17.156890957149578,14.154109042850422
217,background,1,100,148.5297861320114,20.0045,21.460091904093712,18.548908095906288
217,background,2,100,144.57251868143797,17.9825,19.399310683078095,16.565689316921908
217,background,3,100,137.97278526464635,15.987,17.339133295593534,14.634866704406466
217,background,4,100,132.77265888490905,13.671,14.972172057072108,12.369827942927891
217,background,5,100,118.23484658664896,11.603,12.76170149654916,10.44429850345084
217,background,6,99,111.10492906778661,10.974747474747474,12.06906109546069,9.880433854034258
217,background,7,100,100.52396938567749,9.028,10.01313489997964,8.04286510002036
217,background,8,99,97.44430257979765,8.746969696969696,9.70673474491742,7.787204649021973
217,background,9,100,83.03778467788341,7.3,8.113770289843258,6.486229710156742
217,background,10,99,83.4422744050924,7.269191919191919,8.091045802641785,6.447338035742053
217,deviant,1,100,158.72650261244638,21.0235,22.579019725601974,19.467980274398023
217,deviant,2,100,157.38494544470123,19.356,20.898372465358072,17.81362753464193
217,deviant,3,99,157.1631401810836,18.543434343434342,20.091392354093703,16.99547633277498
217,deviant,4,100,153.55203986716822,17.3405,18.845309990698247,15.83569000930175
217,deviant,5,100,149.7900811838108,16.306,17.773942795601346,14.838057204398655
217,deviant,6,100,146.4370710901911,15.305,16.740083296683874,13.869916703316127
217,deviant,7,100,151.09345313066137,14.93,16.41071584068048,13.449284159319518
217,deviant,8,100,136.88803530815366,13.4105,14.752002746019906,12.068997253980095
217,deviant,9,100,139.73829863449447,13.7925,15.161935326618046,12.423064673381955
217,deviant,10,99,139.9962499497754,13.427777777777777,14.806652724679024,12.04890283087653
218,background,1,100,280.0157749315676,39.2205,41.96465459432936,36.47634540567064
218,background,2,100,270.0830427849923,35.7925,38.43931381929292,33.145686180707074
218,background,3,100,286.94663908854295,36.106,38.91807706306772,33.29392293693228
218,background,4,100,291.09998282377137,33.329,36.18177983167296,30.476220168327043
218,background,5,100,274.68816290860667,31.9345,34.62644399650434,29.242556003495654
218,background,6,100,275.6197275423628,29.9545,32.65557332991516,27.253426670084842
218,background,7,100,274.05701001222747,29.8305,32.51625869811983,27.14474130188017
218,background,8,100,264.68027882711624,26.9565,29.550366732505736,24.36263326749426
218,background,9,100,255.06195841712454,27.2935,29.793107192487824,24.79389280751218
218,background,10,99,246.3733794574064,25.048484848484847,27.47510756615827,22.621862130811422
218,deviant,1,99,308.67457314340487,39.82070707070707,42.86095733316462,36.780456808249525
218,deviant,2,100,300.8499363645043,39.999,42.947329376372146,37.05067062362786
218,deviant,3,100,313.3345026107336,40.224,43.294678125585186,37.15332187441481
218,deviant,4,100,325.0424223325156,40.0355,43.22091573885865,36.85008426114135
218,deviant,5,99,309.39613936284263,37.473232323232324,40.52058955879001,34.42587508767464
218,deviant,6,100,315.46033197952414,36.282,39.373511253399336,33.19048874660066
218,deviant,7,100,316.6780616601695,36.317,39.42044500426966,33.21355499573034
218,deviant,8,98,296.95360704467316,34.698469387755104,37.638160117102416,31.758778658407792
218,deviant,9,100,319.0449564097924,35.179,38.30564057281597,32.05235942718404
218,deviant,10,100,322.5681608916984,35.2315,38.39266797673864,32.07033202326135
219,background,1,100,305.6227206351338,40.729,43.72410266222431,37.73389733777569
219,background,2,100,292.0190332657679,35.991,38.85278652600452,33.12921347399548
219,background,3,99,279.37756945715864,33.00606060606061,35.757753822049196,30.254367390072023
219,background,4,98,262.1919545917296,30.36530612244898,32.960874049350124,27.769738195547838
219,background,5,99,264.3284390378956,28.925757575757576,31.529226329196515,26.322288822318637
219,background,6,100,240.00678170243,24.7705,27.122566460683814,22.418433539316183
219,background,7,99,253.8729479172811,24.52828282828283,27.02877157497919,22.02779408158647
219,background,8,98,224.68721533910664,20.78214285714286,23.00643280771372,18.557852906572
219,background,9,100,220.79621468913962,19.482,21.645802903953566,17.318197096046433
219,background,10,98,210.83113721899008,18.68673469387755,20.773856469257023,16.599612918498078
219,deviant,1,100,305.5553615097736,39.824,42.81844254279578,36.82955745720422
219,deviant,2,99,313.86792814142296,39.70757575757576,42.798977298011835,36.61617421713969
219,deviant,3,100,310.0223336606913,37.926,40.96421886987478,34.88778113012523
219,deviant,4,100,318.57827675636116,38.2185,41.34056711221234,35.09643288778766
219,deviant,5,100,319.344398317619,35.5265,38.65607510351266,32.396924896487334
219,deviant,6,100,318.4842431862128,34.6735,37.794645583224884,31.55235441677511
219,deviant,7,100,324.1131746782287,33.8935,37.069809111846645,30.71719088815336
219,deviant,8,99,304.51023662682735,31.714141414141412,34.71337558298764,28.714907245295187
219,deviant,9,100,306.9578318373972,29.989,32.99718675200649,26.98081324799351
219,deviant,10,100,284.31210148819133,27.6775,30.463758594584274,24.891241405415723
220,background,1,100,80.53199756357064,19.4785,20.267713576122993,18.689286423877007
220,background,2,99,76.07103674578747,16.89242424242424,17.641676074464037,16.143172410384445
220,background,3,99,78.0779300308015,14.663636363636364,15.432654831373924,13.894617895898804
220,background,4,100,72.63937601169508,12.229,12.940865884914611,11.517134115085387
220,background,5,100,67.39475225549054,10.948,11.608468572103808,10.287531427896193
220,background,6,99,66.8467020798137,9.676262626262627,10.334660567735305,9.017864684789949
220,background,7,99,58.608311787035085,8.069191919191919,8.64644690160975,7.4919369367740885
220,background,8,99,55.1649202034466,7.511111111111111,8.054450853737274,6.967771368484948
220,background,9,100,52.46974065316625,6.631,7.1452034584010296,6.116796541598971
220,background,10,99,47.58427427096831,6.019191919191919,6.487867070721013,5.550516767662826
220,deviant,1,100,81.80442016110584,19.816,20.617683317578837,19.01431668242116
220,deviant,2,100,115.86392881306934,21.5195,22.65496650236808,20.384033497631922
220,deviant,3,99,126.50184105171627,21.435353535353535,22.681317048131007,20.189390022576063
220,deviant,4,99,137.33381344661439,21.93080808080808,23.283459703918577,20.578156457697585
220,deviant,5,100,137.57198115895548,21.1415,22.489705415357765,19.793294584642236
220,deviant,6,100,136.85238878364333,20.0705,21.411653410079705,18.729346589920294
220,deviant,7,99,147.43745328639855,19.645959595959596,21.09812571215537,18.193793479763823
220,deviant,8,100,145.3703075452118,19.979,21.403629013943075,18.554370986056924
220,deviant,9,100,147.20250999004202,18.945,20.38758459790241,17.50241540209759
220,deviant,10,100,153.31589336365207,19.579,21.08149575496379,18.07650424503621
221,background,1,100,79.88844195435742,19.224,20.006906731152704,18.441093268847297
221,background,2,99,77.07958976210716,15.023232323232323,15.78241776768905,14.264046878775595
221,background,3,99,70.19770951428991,11.417676767676767,12.109080023219907,10.726273512133627
221,background,4,100,61.86785578107074,9.099,9.705304986654493,8.492695013345507
221,background,5,100,54.78419384034817,7.4445,7.981385099635411,6.907614900364588
221,background,6,99,48.59545679436127,6.2994949494949495,6.7781296124306065,5.820860286559292
221,background,7,100,38.54358435248131,5.2275,5.6052271266543165,4.8497728733456835
221,background,8,100,38.32496094686787,4.8935,5.269084617279305,4.5179153827206955
221,background,9,100,33.34670345894699,4.3375,4.664297693897681,4.01070230610232
221,background,10,100,30.446199313404932,4.0225,4.320872753271368,3.7241272467286315
221,deviant,1,98,80.24511790363586,19.53469387755102,20.32908001592587,18.74030773917617
221,deviant,2,100,124.39504136334966,22.228,23.447071405360827,21.008928594639176
221,deviant,3,100,134.94323367916402,22.0675,23.389943690055805,20.745056309944193
221,deviant,4,98,139.0399696414478,20.12704081632653,21.503466291778683,18.75061534087438
221,deviant,5,99,150.16585567473825,20.416161616161617,21.895200778597534,18.9371224537257
221,deviant,6,100,153.28568958509774,19.1695,20.671699757933958,17.66730024206604
221,deviant,7,100,166.60865744865154,20.0485,21.681264842996786,18.415735157003216
221,deviant,8,100,148.52890025354094,17.1705,18.626083222484702,15.714916777515299
221,deviant,9,100,147.45006291158907,16.3,17.745010616533573,14.854989383466428
221,deviant,10,99,149.1517065907976,15.686868686868687,17.155919119143828,14.217818254593544
222,background,1,100,159.44113746392262,35.9725,37.53502314714644,34.40997685285355
222,background,2,97,159.1437036802042,33.733505154639175,35.31704745716037,32.14996285211798
222,background,3,99,158.82089382631452,31.236868686868686,32.80115452752609,29.672582846211284
222,background,4,100,164.33531990543318,28.6115,30.221986135073244,27.001013864926755
222,background,5,100,153.25088649181225,25.7045,27.20635868761976,24.20264131238024
222,background,6,100,153.5884538560589,23.8625,25.367666847789376,22.357333152210625
222,background,7,100,151.07673198533394,22.354,23.83455197345627,20.873448026543727
222,background,8,99,141.50823855503032,20.43686868686869,21.830635769870256,19.04310160386712
222,background,9,98,138.46592778692792,18.565816326530612,19.93655907755054,17.195073575510683
222,background,10,99,135.4493302037023,17.544444444444444,18.87853509372572,16.21035379516317
222,deviant,1,99,152.4602450338759,36.339393939393936,37.841031392904696,34.837756485883176
222,deviant,2,100,208.87736895881733,41.0605,43.107498215796404,39.01350178420359
222,deviant,3,99,236.9424591485629,41.76111111111111,44.094845199662316,39.42737702255991
222,deviant,4,98,254.79960133819924,42.34591836734694,44.86830573064511,39.82353100404877
222,deviant,5,100,285.6214461946368,44.412,47.211090172707436,41.61290982729256
222,deviant,6,100,286.3250958723594,42.7685,45.57448593954913,39.96251406045088
222,deviant,7,100,293.414328929336,42.556,45.43146042350749,39.68053957649251
222,deviant,8,100,290.50549863443564,41.7005,44.54745388661747,38.85354611338253
222,deviant,9,97,286.4611712459107,39.36134020618557,42.21174127269093,36.510939139680204
222,deviant,10,100,325.0290837189157,42.567,45.75228502044537,39.38171497955463
223,background,1,100,162.5945150236916,36.0475,37.64092624723218,34.45407375276782
223,background,2,99,151.38654775806623,31.921717171717173,33.41277938285751,30.43065496057684
223,background,3,100,156.59751460016014,28.0735,29.608155643081567,26.538844356918432
223,background,4,97,141.97927943708433,23.27422680412371,24.686976349791514,21.861477258455906
223,background,5,100,142.98461455695153,20.767,22.168249222658126,19.365750777341873
223,background,6,100,137.43348630481123,18.125,19.47184816578715,16.77815183421285
223,background,7,99,123.61375540899886,15.69949494949495,16.91701263648297,14.48197726250693
223,background,8,99,108.12026685715846,13.296464646464646,14.36138122298079,12.231548069948502
223,background,9,100,107.3166980679639,12.409,13.460703641066047,11.357296358933954
223,background,10,100,100.58294560892725,10.9345,11.920212866967487,9.948787133032512
223,deviant,1,100,164.16531302318404,35.8435,37.452320067627205,34.23467993237279
223,deviant,2,98,231.4161551018106,40.73979591836735,43.030698974047866,38.44889286268683
223,deviant,3,98,262.3537186399509,43.28469387755102,45.881863186828454,40.68752456827359
223,deviant,4,100,266.6357509491376,40.3675,42.98053035930155,37.75446964069845
223,deviant,5,100,278.6453886781171,39.271,42.00172480904555,36.54027519095445
223,deviant,6,100,305.7117923796856,40.091,43.08697556532092,37.09502443467908
223,deviant,7,100,316.9731725324134,39.1755,42.28183709081765,36.069162909182346
223,deviant,8,99,316.21555772505627,38.66969696969697,41.78422118390922,35.555172755484726
223,deviant,9,99,312.0546679501425,37.02121212121212,40.09475419004902,33.94767005237523
223,deviant,10,99,304.19479994863406,33.297474747474745,36.29360206357991,30.301347431369578
224,background,1,100,80.19915999035086,19.597,20.38295176790544,18.811048232094564
224,background,2,100,79.56845778123521,16.9725,17.752270886256106,16.192729113743894
224,background,3,100,76.99230993725077,14.73,15.484524637385057,13.975475362614944
224,background,4,100,75.44933817853504,12.6665,13.405903514149642,11.927096485850356
224,background,5,99,69.84185142539047,11.039393939393939,11.727292216742221,10.351495662045657
224,background,6,99,69.38784968717887,9.727272727272727,10.410699373253067,9.043846081292386
224,background,7,100,63.79752098797042,8.5795,9.20471570568211,7.9542842943178895
224,background,8,99,57.070109237858055,7.625757575757576,8.187862231226786,7.063652920288366
224,background,9,99,54.73644989738026,6.670707070707071,7.209826650502173,6.1315874909119685
224,background,10,100,53.44347727419966,6.416,6.939746077287157,5.892253922712844
224,deviant,1,100,81.59242418393099,19.6625,20.462105757002526,18.862894242997477
224,deviant,2,100,116.8506581743957,22.6045,23.74963645010908,21.459363549890924
224,deviant,3,99,135.5023111086651,22.374242424242425,23.70885490209085,21.039629946394
224,deviant,4,98,139.54146714375474,21.327551020408162,22.708941067845124,19.9461609729712
224,deviant,5,99,138.8947253744436,20.86717171717172,22.235197340317036,19.4991460940264
224,deviant,6,100,143.18417473567683,21.0365,22.439704912409635,19.633295087590366
224,deviant,7,100,148.47307039183553,21.241,22.69603608983999,19.78596391016001
224,deviant,8,99,141.21251249167167,18.85252525252525,20.243379619935812,17.46167088511469
224,deviant,9,100,153.61888076117398,19.229499999999998,20.734965031459502,17.724034968540494
224,deviant,10,100,148.4113061376177,19.035,20.489430800148654,17.580569199851347
225,background,1,100,81.15158006698589,19.464,20.25928548465646,18.668714515343538
225,background,2,100,76.93171955496776,14.979,15.732930851638683,14.225069148361316
225,background,3,100,69.66115356344218,11.8875,12.570179304921732,11.204820695078267
225,background,4,99,62.53340160098022,9.445454545454545,10.06136919204715,8.82953989886194
225,background,5,99,55.7472208417509,7.632323232323232,8.18139826973058,7.083248194915884
225,background,6,100,49.26555324810741,6.359,6.841802421831453,5.876197578168547
225,background,7,100,41.91548514256804,5.5235,5.934271754397167,5.112728245602834
225,background,8,100,36.394006157752486,4.8775,5.234161260345974,4.520838739654026
225,background,9,99,38.69761314548864,4.57979797979798,4.960945112598563,4.198650846997396
225,background,10,100,31.23059397449879,4.1525,4.458559820950088,3.8464401790499116
225,deviant,1,100,82.42594762637104,19.572,20.379774286738435,18.764225713261563
225,deviant,2,100,131.8770160733896,22.375,23.66739475751922,21.08260524248078
225,deviant,3,99,144.01257255056439,22.255555555555556,23.673988752159122,20.83712235895199
225,deviant,4,100,143.73219798236616,20.5235,21.93207554022719,19.11492445977281
225,deviant,5,100,148.43117313386276,19.9835,21.438125496711855,18.528874503288144
225,deviant,6,100,148.7546018748575,18.256,19.713795098373605,16.798204901626395
225,deviant,7,99,149.97825280949726,18.275252525252526,19.752443917545026,16.798061132960026
225,deviant,8,100,145.73404038286932,17.251,18.67919359575212,15.822806404247881
225,deviant,9,100,140.13536688727646,15.242,16.61532659549531,13.868673404504692
225,deviant,10,100,145.49527935912377,15.8915,17.317353737719415,14.465646262280588
226,background,1,99,155.72700472300883,36.372727272727275,37.906540253043275,34.838914292411275
226,background,2,100,157.6104458199993,34.437,35.98158236903599,32.892417630964005
226,background,3,100,162.04004540788512,30.5995,32.187492444997275,29.011507555002726
226,background,4,99,156.84972694303696,29.312121212121212,30.856992299651385,27.76725012459104
226,background,5,99,157.9739568809732,25.92878787878788,27.48473192360464,24.372843833971118
226,background,6,99,152.21514379325075,25.226767676767675,26.725991037327564,23.727544316207787
226,background,7,99,153.58499275645391,22.26010101010101,23.772816520751185,20.747385499450836
226,background,8,98,145.77031320034374,20.970408163265308,22.413460640700407,19.52735568583021
226,background,9,97,143.1930515073968,19.492268041237114,20.917095095310913,18.067440987163316
226,background,10,100,138.6058782075429,17.871,19.22933760643392,16.512662393566078
226,deviant,1,100,153.67058924856119,36.5485,38.0544717746359,35.042528225364094
226,deviant,2,100,212.4083145859953,40.8605,42.94210148294275,38.77889851705725
226,deviant,3,100,247.27204281498297,42.32,44.743266019586834,39.89673398041317
226,deviant,4,99,265.10857755783167,42.38888888888889,45.00004151572186,39.777736262055924
226,deviant,5,100,264.20681193656657,41.5685,44.157726756978356,38.979273243021645
226,deviant,6,100,287.9712567893575,43.1785,46.0006183165357,40.3563816834643
226,deviant,7,100,274.6723550552166,41.0995,43.79128907954112,38.407710920458875
226,deviant,8,100,284.42882746785153,40.059000000000005,42.84640250918495,37.27159749081506
226,deviant,9,100,302.6801942645075,40.826,43.79226590379217,37.85973409620783
226,deviant,10,99,302.584129232116,39.80959595959596,42.789859182916416,36.829332736275504
227,background,1,100,161.8504833090356,37.21,38.79613473642855,35.62386526357145
227,background,2,100,159.35049914872363,31.6475,33.20913489165749,30.08586510834251
227,background,3,100,154.6512375092999,27.099,28.614582127591138,25.583417872408862
227,background,4,100,153.22620017820918,24.038,25.53961676174645,22.53638323825355
227,background,5,99,146.41219750740498,21.214141414141412,22.65620940622081,19.772073422062014
227,background,6,98,134.02749128836456,18.285714285714285,19.612518757090214,16.958909814338355
227,background,7,99,125.11727130555306,15.435353535353535,16.667679907593982,14.203027163113088
227,background,8,99,112.89009559837623,13.960606060606061,15.072502448043098,12.848709673169024
227,background,9,100,107.13801969029434,12.3285,13.378452592964884,11.278547407035116
227,background,10,100,98.09545565953924,11.0105,11.971835465463485,10.049164534536516
227,deviant,1,99,159.03124486120726,36.44949494949495,38.0158526154489,34.883137283541
227,deviant,2,100,224.48149613111354,40.581,42.780918662084915,38.38108133791509
227,deviant,3,100,258.8508816816517,42.165,44.70173864048019,39.62826135951981
227,deviant,4,99,282.45723942795865,42.41464646464647,45.19667249147094,39.63262043782199
227,deviant,5,99,304.8091551325707,43.2060606060606,46.208238934045966,40.20388227807524
227,deviant,6,100,301.6619317259498,41.942,44.89828693091431,38.98571306908569
227,deviant,7,99,318.26011374345984,39.93939393939394,43.074055743522514,36.80473213526536
227,deviant,8,99,308.47874617565674,37.74040404040404,40.77872553048481,34.70208255032326
227,deviant,9,100,315.87076387928687,36.7345,39.83003348601701,33.638966513982986
227,deviant,10,99,292.06091650093884,33.176767676767675,36.0533838781062,30.30015147542915
228,background,1,100,157.12119860996344,21.3115,22.85128774637764,19.771712253622358
228,background,2,99,148.8412347365297,18.936868686868685,20.40286116679352,17.47087620694385
228,background,3,99,148.043485787827,17.0989898989899,18.557125053881546,15.640854744098252
228,background,4,100,143.8121764846884,16.439,17.848359329549947,15.029640670450053
228,background,5,100,132.82082311381592,13.9255,15.227144066515395,12.623855933484604
228,background,6,100,131.60269154182458,13.762,15.05170637710988,12.47229362289012
228,background,7,98,121.2674838181239,12.15765306122449,13.358139903257644,10.957166219191336
228,background,8,100,119.94945207307777,11.7655,12.941004630316161,10.589995369683837
228,background,9,100,116.46010159345518,10.9875,12.128808995615861,9.84619100438414
228,background,10,100,110.5911388855364,10.045,11.128793161078256,8.961206838921743
228,deviant,1,100,159.6638739088431,20.258,21.82270596430666,18.693294035693338
228,deviant,2,99,155.05645830844293,20.13939393939394,21.666602459575397,18.612185419212484
228,deviant,3,100,158.74773102398396,18.884,20.439727764035045,17.328272235964956
228,deviant,4,99,157.66014414756694,18.483838383838386,20.03669157074811,16.93098519692866
228,deviant,5,99,158.00058294362816,17.76969696969697,19.32590326447216,16.21349067492178
228,deviant,6,100,155.26626535694973,17.3705,18.892109400498107,15.848890599501892
228,deviant,7,99,152.3194098976849,16.297474747474748,17.797725063537136,14.79722443141236
228,deviant,8,100,155.960116359077,16.172,17.700409140318953,14.643590859681046
228,deviant,9,100,147.714571850045,15.493,16.940602804130442,14.04539719586956
228,deviant,10,100,152.04531872888563,16.053,17.54304412354308,14.562955876456922
229,background,1,99,157.7503774288587,20.981313131313133,22.535055059249814,19.427571203376452
229,background,2,100,148.45581479810218,17.8415,19.2963669850214,16.3866330149786
229,background,3,99,137.4048091550924,15.532828282828284,16.886179168981847,14.179477396674722
229,background,4,99,127.45928142372618,13.582828282828283,14.838221980647068,12.327434585009497
229,background,5,99,117.53983647212867,11.744949494949495,12.902642903397453,10.587256086501537
229,background,6,99,113.65834074564273,10.768181818181818,11.887644936777898,9.648718699585737
229,background,7,100,102.3758169429521,9.195500000000001,10.198783006040932,8.19221699395907
229,background,8,100,95.2859546727362,8.5445,9.478302355792813,7.6106976442071845
229,background,9,99,85.96712958114313,7.635353535353535,8.482075653117244,6.788631417589826
229,background,10,100,79.56885465795614,6.8695,7.649274775647971,6.08972522435203
229,deviant,1,100,157.6843699493256,20.4165,21.96180682550339,18.871193174496607
229,deviant,2,99,157.17180509171953,19.453030303030303,21.00107365760564,17.904986948454965
229,deviant,3,100,158.14780727967246,17.8275,19.37734851134079,16.27765148865921
229,deviant,4,100,157.84957029433204,17.3225,18.869425788884456,15.775574211115547
229,deviant,5,100,147.5041747848086,15.9425,17.388040912891125,14.496959087108877
229,deviant,6,100,141.91232467526152,15.0225,16.413240781817564,13.631759218182438
229,deviant,7,99,146.9295122803699,15.244949494949495,16.692112711939266,13.797786277959723
229,deviant,8,100,144.6761174049415,14.414,15.831825950568426,12.996174049431573
229,deviant,9,100,147.88004562731524,14.1965,15.645724447147689,12.747275552852312
229,deviant,10,100,133.16598269591384,12.449,13.754026630419956,11.143973369580044
230,background,1,100,300.49363335054295,40.4215,43.36633760683532,37.47666239316468
230,background,2,100,292.82551387976315,36.3125,39.18219003602168,33.44280996397832
230,background,3,98,273.1232274421585,34.775,37.47878200713468,32.071217992865314
230,background,4,100,275.89396323110884,32.832,35.53576083966487,30.128239160335134
230,background,5,100,278.31407381627423,29.8125,32.53997792339949,27.085022076600513
230,background,6,100,279.0412061628929,30.621,33.35560382039635,27.886396179603647
230,background,7,99,259.98804628391343,28.392929292929292,30.953647909630106,25.832210676228478
230,background,8,99,264.7609448063231,26.94040404040404,29.548132703438334,24.332675377369746
230,background,9,100,248.49190392403025,25.924,28.359220658455495,23.488779341544504
230,background,10,98,243.6815652919972,23.96734693877551,26.37967136052924,21.55502251702178
230,deviant,1,100,301.9555866610013,39.3825,42.34166474927781,36.42333525072219
230,deviant,2,99,308.01663488912584,39.14242424242424,42.176194227190365,36.10865425765812
230,deviant,3,99,288.30639768719743,37.326262626262626,40.16589918041921,34.48662607210604
230,deviant,4,99,305.5398587143057,37.19191919191919,40.20129449027216,34.18254389356622
230,deviant,5,99,313.55932872676414,38.13535353535354,41.22371556579092,35.04699150491616
230,deviant,6,100,311.1186776439939,36.595,39.64396304091114,33.54603695908886
230,deviant,7,100,304.48467250335233,35.139,38.12294979053286,32.15505020946715
230,deviant,8,99,315.47102210737785,34.97727272727273,38.08446373426934,31.870081720276108
230,deviant,9,99,311.83705681012316,34.98838383838384,38.05978257445827,31.91698510230941
230,deviant,10,98,315.31742569570815,34.64489795918367,37.76638121828376,31.523414700083585
231,background,1,99,283.81189100121264,38.2030303030303,40.99839879521946,35.40766181084115
231,background,2,99,283.8572102122363,35.78989898989899,38.58571384779234,32.99408413200563
231,background,3,100,280.87563271425233,32.841,35.59358120059967,30.08841879940033
231,background,4,100,273.23831895868557,31.084,33.76173552579512,28.40626447420488
231,background,5,98,252.0122125278017,27.89438775510204,30.389181376985317,25.399594133218766
231,background,6,99,267.46276179567207,25.831818181818182,28.46615804164569,23.197478321990673
231,background,7,100,244.22920102145636,23.7255,26.118946170010272,21.33205382998973
231,background,8,100,232.73100012901722,21.540499999999998,23.821263801264365,19.25973619873563
231,background,9,100,231.37900668998063,19.8005,22.06801426556181,17.53298573443819
231,background,10,100,221.63568969678246,19.122,21.29402975902847,16.94997024097153
231,deviant,1,100,293.36435491866104,38.2705,41.14547067820288,35.39552932179712
231,deviant,2,100,305.4447878439778,39.8465,42.83985892087098,36.85314107912902
231,deviant,3,100,299.5990698109374,36.5815,39.51757088414718,33.645429115852814
231,deviant,4,100,312.5779650111733,37.295,40.3582640571095,34.2317359428905
231,deviant,5,100,316.19714453253096,35.2845,38.3832320164188,32.1857679835812
231,deviant,6,100,296.10076520991083,32.613,35.51478749905713,29.711212500942874
231,deviant,7,100,313.4995005452246,32.677,35.7492951053432,29.6047048946568
231,deviant,8,98,317.0597652444127,32.86530612244898,36.00403766308932,29.72657458180863
231,deviant,9,100,303.5916795545241,30.200499999999998,33.17569845963433,27.225301540365663
231,deviant,10,100,292.49919028228004,29.3595,32.225992064766345,26.493007935233656
232,background,1,100,80.1548993807418,19.5045,20.29001801393127,18.71898198606873
232,background,2,100,79.38666201109075,16.476,17.253989287708688,15.69801071229131
232,background,3,98,73.53536564130215,14.156632653061225,14.884595632889182,13.428669673233268
232,background,4,98,68.62065823673005,12.012244897959183,12.691554756720652,11.332935039197714
232,background,5,100,68.87188716817089,10.725,11.399944494248075,10.050055505751924
232,background,6,100,59.68778416851615,9.138,9.722940284851457,8.553059715148542
232,background,7,99,57.45755870755021,7.976262626262626,8.542183415143555,7.410341837381697
232,background,8,100,54.48447388694179,7.257,7.790947844092029,6.72305215590797
232,background,9,100,46.42101384411795,6.492,6.946925935672356,6.037074064327644
232,background,10,100,46.31343444969631,5.9395,6.393371657607023,5.485628342392976
232,deviant,1,100,78.78535129671864,19.089,19.86109644270784,18.316903557292157
232,deviant,2,99,119.17072008809795,21.815656565656568,22.989413151226618,20.641899980086517
232,deviant,3,100,126.53241731500644,21.263,22.503017689687066,20.022982310312937
232,deviant,4,100,139.3424029617614,21.664,23.029555549025265,20.29844445097474
232,deviant,5,100,132.5455036065569,19.748,21.046945935344258,18.449054064655744
232,deviant,6,99,135.01621734950368,19.553535353535352,20.883360113808532,18.223710593262172
232,deviant,7,98,152.26930782420717,20.820408163265306,22.327797405072406,19.313018921458205
232,deviant,8,100,143.77562929421444,18.564,19.9730011670833,17.1549988329167
232,deviant,9,99,155.77932266004066,19.506565656565655,21.040893935631964,17.972237377499347
232,deviant,10,100,154.6267747632479,18.8775,20.39284239267983,17.36215760732017
233,background,1,100,79.37681618311747,19.14,19.91789279859455,18.36210720140545
233,background,2,99,74.40053409542307,14.885353535353536,15.618151967719085,14.152555102987987
233,background,3,100,68.60449195052371,11.3595,12.031824021115133,10.687175978884868
233,background,4,99,58.965824178524215,8.929292929292929,9.51006918374489,8.348516674840969
233,background,5,100,48.78338263233322,7.2415,7.719577149796866,6.763422850203135
233,background,6,98,42.19297771455639,6.075510204081633,6.493199373327453,5.657821034835813
233,background,7,100,40.58837012585852,5.473,5.8707660272334135,5.075233972766586
233,background,8,100,33.65799349806505,4.8385,5.168348336281038,4.508651663718962
233,background,9,99,30.313146357731718,4.245959595959596,4.5445250081718696,3.9473941837473236
233,background,10,99,26.378669612516777,3.9287878787878787,4.1886011714606015,3.668974586115156
233,deviant,1,100,78.92218019236284,19.543,20.316437365885154,18.769562634114845
233,deviant,2,100,127.35043859573595,21.9015,23.149534298238212,20.653465701761785
233,deviant,3,100,135.05153986923892,21.0655,22.38900509071854,19.74199490928146
233,deviant,4,100,150.32206652454764,20.3345,21.807656251940564,18.861343748059433
233,deviant,5,100,146.3699620464311,19.7975,21.231925628055023,18.363074371944975
233,deviant,6,100,143.6174377332106,17.918,19.325450889785465,16.510549110214534
233,deviant,7,98,148.3771953679647,17.964795918367347,19.433655212621154,16.49593662411354
233,deviant,8,100,148.84398402000454,17.026,18.484671043396045,15.567328956603955
233,deviant,9,100,143.45517363310833,15.5985,17.004360701604462,14.192639298395537
233,deviant,10,99,149.87866144950303,15.97020202020202,17.44641250028242,14.493991540121621
234,background,1,98,161.95385145157863,36.46377551020408,38.06703684261374,34.86051417779442
234,background,2,100,160.67372136364463,33.2535,34.82810246936372,31.678897530636284
234,background,3,100,163.19603968363035,31.213,32.81232118889958,29.613678811100424
234,background,4,99,157.1902802673445,28.514141414141413,30.06236673756819,26.965916090714636
234,background,5,99,153.89427334511524,25.98787878787879,27.503640517662838,24.47211705809474
234,background,6,100,148.22980913362022,23.6745,25.127152129509476,22.22184787049052
234,background,7,100,146.41115502511911,22,23.434829319246166,20.565170680753834
234,background,8,100,146.4145790123662,20.7175,22.15236287432119,19.28263712567881
234,background,9,100,133.75229461878206,19.3975,20.708272487264065,18.086727512735937
234,background,10,100,136.7792785937679,17.6525,18.992936930218924,16.312063069781075
234,deviant,1,99,162.40072271034418,35.872727272727275,37.472272174710625,34.273182370743925
234,deviant,2,100,206.0703699429421,39.9975,42.016989625440836,37.97801037455917
234,deviant,3,100,257.3227903257942,42.0215,44.543263345192784,39.49973665480722
234,deviant,4,100,274.8343759621899,43.4295,46.12287688442946,40.736123115570535
234,deviant,5,99,263.1423819111903,43.39848484848485,45.9902716857425,40.8066980112272
234,deviant,6,100,267.65276012027226,39.382,42.00499704917867,36.759002950821326
234,deviant,7,99,264.3809651560454,38.12626262626262,40.73024872890485,35.5222765236204
234,deviant,8,99,278.59765367206336,40.58888888888889,43.33290042528144,37.84487735249634
234,deviant,9,100,309.7159139734687,41.909,44.94421595693999,38.873784043060006
234,deviant,10,98,305.58064229818035,40.482142857142854,43.50723687830023,37.457048835985475
235,background,1,98,161.18008888393,36.23673469387755,37.83233616766663,34.64113322008847
235,background,2,100,161.57734012572826,31.384999999999998,32.96845793323214,29.801542066767862
235,background,3,99,150.1780084117722,26.75,28.229158859246642,25.270841140753358
235,background,4,100,146.53136003492293,23.4575,24.893507328342245,22.021492671657754
235,background,5,99,143.80844349707925,20.54141414141414,21.95783679532184,19.124991487506442
235,background,6,100,130.8118073698564,17.8425,19.124455712224595,16.560544287775407
235,background,7,99,115.44947630434436,14.796464646464646,15.933569322954483,13.659359969974808
235,background,8,100,107.80628338293691,13.544,14.600501577152782,12.487498422847219
235,background,9,99,102.67495979264395,12.45050505050505,13.461788779768948,11.439221321241153
235,background,10,99,93.37161182466993,10.954545454545455,11.87419706194933,10.03489384714158
235,deviant,1,98,160.83653846456397,35.68214285714286,37.27434335529495,34.08994235899076
235,deviant,2,99,228.60548641940474,41.46060606060606,43.712226215152896,39.208985906059226
235,deviant,3,100,272.4681874235867,42.7485,45.41868823675115,40.07831176324885
235,deviant,4,98,275.85066039816775,40.02091836734694,42.75170058321958,37.29013615147429
235,deviant,5,100,291.53374364592946,41.1375,43.99453068773011,38.280469312269894
235,deviant,6,98,270.03813570835155,36.06836734693878,38.74160850407566,33.3951261898019
235,deviant,7,99,309.77270104996256,39.52727272727273,42.57833885843669,36.476206596108774
235,deviant,8,100,308.19938437043606,37.9295,40.94985396683027,34.909146033169726
235,deviant,9,100,323.4605605178571,36.3075,39.477413493075,33.137586506925
235,deviant,10,100,322.5442605286908,35.622,38.78293375318117,32.46106624681883
236,background,1,100,77.4020263572636,19.288,20.046539858301184,18.529460141698816
236,background,2,100,79.15103816189188,17.0125,17.78818017398654,16.23681982601346
236,background,3,100,74.73872032480534,14.1625,14.894939459183092,13.430060540816907
236,background,4,99,71.6638901950957,12.463131313131314,13.168975525550932,11.757287100711695
236,background,5,98,69.32408634355322,10.761734693877552,11.448008135620787,10.075461252134316
236,background,6,100,65.47106632945419,9.4165,10.05811645002865,8.774883549971348
236,background,7,99,59.03921533496546,8.426767676767676,9.008266787917421,7.845268565617932
236,background,8,99,55.63149429859616,7.5181818181818185,8.06611702197859,6.970246614385048
236,background,9,99,53.81324920011509,6.695454545454545,7.225481179453761,6.16542791145533
236,background,10,100,50.259772550640385,6.1465,6.639045770996275,5.653954229003724
236,deviant,1,99,77.61261766654074,19.417676767676767,20.18211220149883,18.653241333854705
236,deviant,2,100,114.68055173990236,21.8835,23.007369407051044,20.75963059294896
236,deviant,3,100,130.69692743942096,22.0325,23.313329888906324,20.751670111093674
236,deviant,4,100,139.89877919786375,22.18,23.551008036139066,20.808991963860933
236,deviant,5,100,139.32433761777438,20.3855,21.75087850865419,19.02012149134581
236,deviant,6,100,138.36266228932382,20.069,21.42495409043537,18.713045909564627
236,deviant,7,99,145.62872764598842,20.485858585858587,21.920209892927158,19.051507278790016
236,deviant,8,99,139.34011777321214,18.302020202020202,19.674432659958757,16.929607744081647
236,deviant,9,100,148.54566017859537,18.3135,19.769247469750237,16.857752530249765
236,deviant,10,100,151.52481123912554,19.158,20.64294315014343,17.67305684985657
237,background,1,98,77.56057055787534,19.368367346938776,20.136177822457174,18.600556871420377
237,background,2,100,78.14896369316608,14.9955,15.761359844193027,14.229640155806973
237,background,3,99,68.65572004383061,11.503535353535353,12.179750983338769,10.827319723731938
237,background,4,100,58.34065117006638,9.064,9.63573838146665,8.49226161853335
237,background,5,100,52.10705074020315,7.3655,7.8761490972539905,6.854850902746009
237,background,6,99,42.45502264006487,6.265151515151515,6.683306766520836,5.846996263782193
237,background,7,99,39.79665418361857,5.3373737373737375,5.729345732651975,4.9454017420955
237,background,8,100,34.43582895458557,4.703,5.040471123754939,4.365528876245062
237,background,9,100,31.168514815266274,4.3275,4.632951445189609,4.02204855481039
237,background,10,100,27.0480080013687,4.007,4.272070478413413,3.741929521586586
237,deviant,1,99,79.41650696767876,19.446969696969695,20.229172305021173,18.664767088918218
237,deviant,2,100,126.13460854850351,21.5635,22.799619163775336,20.327380836224666
237,deviant,3,99,140.4091108904712,21.32777777777778,22.710719145085886,19.944836410469673
237,deviant,4,100,147.90664730088866,20.9325,22.38198514354871,19.48301485645129
237,deviant,5,100,147.84307114034974,19.052,20.50086209717543,17.60313790282457
237,deviant,6,100,138.7915419082271,17.2655,18.625657110700626,15.905342889299375
237,deviant,7,99,151.54018921516632,17.83989898989899,19.33247447268822,16.347323507109763
237,deviant,8,99,148.2161827942727,16.803030303030305,18.26286641473814,15.34319419132247
237,deviant,9,100,144.89132043308217,16.152,17.571934940244205,14.732065059755795
237,deviant,10,100,139.57455091512168,14.2795,15.647330598968193,12.911669401031808
238,background,1,100,156.73191157279734,36.3815,37.91747273341342,34.845527266586586
238,background,2,99,161.6704412653945,33.223232323232324,34.8155844126297,31.630880233834947
238,background,3,99,153.06743439962733,31.37020202020202,32.877819906794095,29.862584133609943
238,background,4,99,156.47506947888235,28.87878787878788,30.419968826109454,27.337606931466304
238,background,5,100,156.62364377536898,26.5245,28.059411708998617,24.989588291001382
238,background,6,99,154.88994395002572,24.866666666666667,26.392235125223593,23.34109820810974
238,background,7,100,145.41423589181355,22.569,23.99405951173977,21.143940488260228
238,background,8,100,142.40216401371669,21.2175,22.613041207334426,19.821958792665576
238,background,9,99,140.0696913006259,19.07020202020202,20.44980031818439,17.690603722219652
238,background,10,100,142.27577002723305,18.213,19.607302546266887,16.818697453733115
238,deviant,1,98,157.57166289459667,36.59438775510204,38.15426763408058,35.0345078761235
238,deviant,2,100,214.5816615502924,40.728,42.83090028319287,38.625099716807135
238,deviant,3,99,241.58196277214515,42.48939393939394,44.86882421848532,40.10996366030256
238,deviant,4,100,262.63170129730304,42.926,45.49979067271357,40.35220932728643
238,deviant,5,100,260.3367101113075,39.201499999999996,41.752799759090806,36.650200240909186
238,deviant,6,99,279.3691954536524,42.842424242424244,45.594034979748976,40.09081350509951
238,deviant,7,99,308.76157553412594,43.53030303030303,46.57141021154897,40.48919584905709
238,deviant,8,99,286.1102198362317,41.086868686868684,43.90487427149057,38.2688631022468
238,deviant,9,100,304.1790504568684,40.508,43.488954694477314,37.52704530552269
238,deviant,10,100,293.35978000795507,38.1415,41.01642584407796,35.266574155922044
239,background,1,99,160.5463697568564,36.49292929292929,38.07420998546993,34.91164860038865
239,background,2,100,160.5875560493239,32.398,33.97175804928338,30.82424195071663
239,background,3,98,154.44691644704338,27.68826530612245,29.21721177346524,26.159318838779658
239,background,4,100,148.12468965101843,24.2495,25.701121958579982,22.79787804142002
239,background,5,99,136.8760003568347,20.407575757575756,21.75571820990427,19.059433305247243
239,background,6,100,135.03495648788208,18.0245,19.347842573581243,16.701157426418757
239,background,7,100,126.50441015819837,15.6245,16.864243219550342,14.384756780449655
239,background,8,99,109.40027903360932,13.596969696969698,14.67449358777083,12.519445806168566
239,background,9,100,107.07915173759133,12.1335,13.182875687028394,11.084124312971605
239,background,10,99,95.78921486373362,10.727272727272727,11.670736202946738,9.783809251598715
239,deviant,1,100,160.39570311871628,35.4295,37.00137789056342,33.857622109436576
239,deviant,2,100,222.42608470657115,40.84,43.0197756301244,38.66022436987561
239,deviant,3,100,269.5001464700315,41.9505,44.591601435406304,39.30939856459369
239,deviant,4,100,279.4458802702233,43.09,45.82856962664819,40.35143037335182
239,deviant,5,100,300.9406349921421,42.1025,45.05171822292299,39.153281777077005
239,deviant,6,100,296.9837892084879,39.2745,42.18494113424318,36.364058865756824
239,deviant,7,100,289.2295846409542,36.618,39.452449929481354,33.78355007051865
239,deviant,8,100,318.5344978425249,38.764,41.88563807885674,35.64236192114326
239,deviant,9,99,319.5719299642142,37.67727272727273,40.82485509550489,34.52969035904057
239,deviant,10,100,301.6649675245353,34.675,37.631316681740444,31.71868331825955
240,background,1,100,150.48216365718355,20.1615,21.6362252038404,18.6867747961596
240,background,2,99,156.65390952166197,19.286868686868686,20.829811096047848,17.743926277689525
240,background,3,100,143.50524472352186,16.9865,18.392851398290514,15.580148601709485
240,background,4,99,141.19523623990335,16.214141414141412,17.60482562134591,14.823457206936917
240,background,5,100,133.60809737516112,14.2565,15.56585935427658,12.947140645723422
240,background,6,100,127.64194369200777,12.7995,14.050391048181677,11.548608951818323
240,background,7,100,128.7598437728978,12.5285,13.790346468974398,11.2666535310256
240,background,8,100,116.26530459527287,10.991,12.130399985033673,9.851600014966326
240,background,9,99,106.79928296625059,10.095454545454546,11.147360262086323,9.043548828822768
240,background,10,100,106.84580626205916,9.538,10.58508890136818,8.49091109863182
240,deviant,1,100,158.65503790498298,20.603,22.157819371468836,19.048180628531167
240,deviant,2,99,158.600997209316,19.016666666666666,20.57878666405186,17.45454666928147
240,deviant,3,100,159.5676972322406,18.8945,20.45826343287596,17.330736567124042
240,deviant,4,100,156.3436666618228,18.359,19.891167933285864,16.82683206671414
240,deviant,5,100,161.2893770770249,17.973,19.553635895354844,16.392364104645154
240,deviant,6,99,152.97835244174084,17.27828282828283,18.78502331365884,15.77154234290682
240,deviant,7,100,151.98949063391817,16.227,17.7164970082124,14.737502991787602
240,deviant,8,99,154.10826679557732,15.913131313131313,17.431000743712698,14.395261882549928
240,deviant,9,99,149.92606072397996,15.451010101010102,16.9276874341105,13.974332767909704
240,deviant,10,100,139.01886467973367,14.2365,15.59888487386139,12.874115126138609
241,background,1,99,155.65989410114264,19.79040404040404,21.32355602333479,18.257252057473295
241,background,2,99,144.18391946253558,16.96818181818182,18.38830267402076,15.548060962342877
241,background,3,100,132.69965097324504,14.5985,15.898956579537801,13.298043420462198
241,background,4,100,127.14126002207146,13.004,14.2499843482163,11.7580156517837
241,background,5,100,117.05192280171627,11.521,12.668108843456821,10.37389115654318
241,background,6,100,109.42208234750039,10.5615,11.633836407005504,9.489163592994498
241,background,7,99,102.35638205489886,9.096464646464646,10.104610585527915,8.088318707401378
241,background,8,99,93.41970940472444,8.391919191919191,9.312044530213484,7.471793853624899
241,background,9,99,87.52163642268843,7.274747474747475,8.136780506477539,6.412714443017411
241,background,10,98,80.1559007251034,6.668367346938775,7.461870280306484,5.874864413571067
241,deviant,1,100,159.89091676251627,20.444,22.010930984272658,18.87706901572734
241,deviant,2,100,157.64601418835076,19.2835,20.828430939045838,17.738569060954163
241,deviant,3,98,156.93340022207875,17.90765306122449,19.46121446210821,16.35409166034077
241,deviant,4,100,154.55782430091196,17.004,18.51866667814894,15.489333321851063
241,deviant,5,100,150.88959016795238,15.507,16.985717983645934,14.028282016354066
241,deviant,6,100,150.86323538050507,14.951,16.42945970672895,13.47254029327105
241,deviant,7,100,143.06194830433276,14.177,15.579007093382462,12.774992906617538
241,deviant,8,100,138.90955974832576,13.5665,14.927813685533593,12.205186314466406
241,deviant,9,100,137.8012489440002,12.461,13.811452239651203,11.110547760348798
241,deviant,10,100,137.5299010550452,12.214,13.561793030339443,10.866206969660558
242,background,1,100,305.8944090265205,38.677,41.6747652084599,35.6792347915401
242,background,2,100,284.33737836739317,36.3375,39.12400630800045,33.550993691999544
242,background,3,99,286.88853969882854,34.247979797979795,37.0736513433656,31.422308252593993
242,background,4,99,281.37320225524036,32.339393939393936,35.11074288237147,29.568044996416404
242,background,5,100,279.9330653078188,30.528,33.27134404001662,27.784655959983375
242,background,6,100,280.2361081584411,29.2285,31.97481385995272,26.48218614004728
242,background,7,100,266.15072896070717,27.663,30.27127714381493,25.05472285618507
242,background,8,100,253.37108732990202,27.1115,29.59453665583304,24.62846334416696
242,background,9,100,260.4472064899546,25.434,27.986382623601557,22.881617376398445
242,background,10,98,251.84942765574496,24.34642857142857,26.839610705295165,21.853246437561978
242,deviant,1,97,293.5302234954063,38.243814432989694,41.164555343403066,35.32307352257632
242,deviant,2,99,300.0965020227923,38.60606060606061,41.561822267107814,35.650298945013404
242,deviant,3,99,306.82683698584265,37.68030303030303,40.70235425459306,34.658251806013
242,deviant,4,100,296.7315994383867,37.422,40.32996967449618,34.51403032550381
242,deviant,5,100,307.33280863448,36.5295,39.541361524617905,33.51763847538209
242,deviant,6,100,314.8953794516521,36.182,39.26797471862619,33.09602528137381
242,deviant,7,100,303.02712228793195,33.61,36.57966579842173,30.640334201578266
242,deviant,8,100,292.7654530956748,32.899,35.76810144033762,30.02989855966239
242,deviant,9,100,316.2915044535241,34.185,37.28465674364454,31.085343256355465
242,deviant,10,99,309.6594479169181,32.92121212121212,35.97116278029829,29.87126146212595
243,background,1,100,296.97326656221367,38.63,41.5403380123097,35.71966198769031
243,background,2,99,289.58667459892416,35.012121212121215,37.86436768803863,32.159874736203804
243,background,3,99,292.11586562076434,32.12020202020202,34.99735943578528,29.243044604618767
243,background,4,99,274.69141538135204,30.596969696969698,33.302507244825975,27.891432149113417
243,background,5,100,265.7366375310634,26.706500000000002,29.310719047804422,24.10228095219558
243,background,6,100,242.0293044458177,24.485,26.856887183569015,22.113112816430984
243,background,7,100,249.31389008531727,23.366,25.80927612283611,20.92272387716389
243,background,8,99,229.81955736483445,21.355050505050507,23.61862849426087,19.09147251584014
243,background,9,100,221.5848239625772,20.1765,22.348031274833257,18.004968725166744
243,background,10,98,203.20316512246922,17.414285714285715,19.425894418519064,15.402677010052367
243,deviant,1,99,282.3120800219427,37.42020202020202,40.200798318242086,34.63960572216195
243,deviant,2,100,305.626715903051,37.947,40.9421418158499,34.951858184150105
243,deviant,3,100,308.0559629609358,37.3175,40.336448437017175,34.29855156298283
243,deviant,4,100,302.61991968387287,35.809,38.774675212901954,32.84332478709804
243,deviant,5,100,318.46076764071864,34.6975,37.81841552287904,31.576584477120957
243,deviant,6,99,325.6487492602065,34.95909090909091,38.166526122574965,31.751655695606857
243,deviant,7,99,304.25976176875406,31.21868686868687,34.21545401783257,28.221919719541173
243,deviant,8,98,329.0983575579927,32.38520408163265,35.64311160592521,29.127296557340088
243,deviant,9,100,301.9391015629337,28.568,31.527003195316752,25.60899680468325
243,deviant,10,100,284.5631185186383,27.156,29.944718561482652,24.367281438517345
244,background,1,98,78.35741324550165,19.085714285714285,19.861413101384116,18.310015470044455
244,background,2,99,77.07260759897295,16.496464646464645,17.25558132100915,15.737347971920142
244,background,3,100,74.6175688356795,14.2105,14.94175217458966,13.47924782541034
244,background,4,100,69.98847649510071,11.8485,12.534387069651986,11.162612930348013
244,background,5,99,63.45570357177891,10.113131313131314,10.73813005362978,9.488132572632848
244,background,6,100,61.81419526971216,9.195,9.800779113643179,8.589220886356822
244,background,7,99,55.35521655634635,7.804040404040404,8.349254445968114,7.258826362112694
244,background,8,99,50.07202706838261,6.769191919191919,7.262369869957912,6.276013968425927
244,background,9,100,48.608993103399236,6.3675,6.843868132413312,5.8911318675866875
244,background,10,99,43.758578106409445,5.605555555555555,6.036550007796926,5.1745611033141845
244,deviant,1,100,76.76783180473446,19.164,19.9163247516864,18.411675248313603
244,deviant,2,100,115.35131692264926,21.685,22.815442905841962,20.554557094158035
244,deviant,3,98,133.57371314036783,21.961224489795917,23.283536786693407,20.638912192898427
244,deviant,4,99,128.42372300933712,19.766666666666666,21.0315595070741,18.50177382625923
244,deviant,5,100,145.62972151821782,20.939,22.366171270878535,19.511828729121465
244,deviant,6,99,147.95281075574846,20.76212121212121,22.2193632750187,19.304879149223723
244,deviant,7,100,132.86153258978032,17.3275,18.62954301937985,16.025456980620152
244,deviant,8,99,149.7744795912912,19.42828282828283,20.903467182632994,17.953098473932663
244,deviant,9,100,154.2469226853318,18.6865,20.19811984231625,17.17488015768375
244,deviant,10,99,156.90048807411256,18.604040404040404,20.149411456762085,17.058669351318724
245,background,1,100,79.80772947660225,19.069,19.8511157488707,18.286884251129297
245,background,2,100,74.77918370635956,14.712,15.444836000322324,13.979163999677676
245,background,3,99,64.53752478413746,10.951010101010102,11.586664099540712,10.315356102479491
245,background,4,100,59.93254980655994,8.759,9.346338988104288,8.171661011895713
245,background,5,99,47.68694514059489,6.820707070707071,7.290393465679867,6.351020675734275
245,background,6,99,39.0081637879209,5.587878787878788,5.972084649043506,5.20367292671407
245,background,7,100,34.68831139401889,4.894,5.233945451661385,4.554054548338615
245,background,8,100,30.19410887120724,4.447,4.742902266937831,4.151097733062169
245,background,9,98,27.3919888403814,4.066326530612245,4.337493385441324,3.7951596757831663
245,background,10,99,22.719282327434644,3.68030303030303,3.904073661474327,3.456532399131733
245,deviant,1,100,78.92868199903799,19.035,19.80850108359057,18.26149891640943
245,deviant,2,99,123.37569921947649,21.058585858585857,22.273758841942136,19.84341287522958
245,deviant,3,100,135.8463431505185,20.7615,22.092794162875084,19.43020583712492
245,deviant,4,100,151.34621341741416,20.9795,22.46269289149066,19.496307108509342
245,deviant,5,99,155.0744388316378,19.993434343434345,21.52081996045214,18.46604872641655
245,deviant,6,98,147.81805138679601,18.302551020408163,19.765875071651553,16.839226969164773
245,deviant,7,100,146.62647675031454,17.2785,18.715439472153083,15.84156052784692
245,deviant,8,99,150.3367623213403,17.175757575757576,18.656480061092093,15.69503509042306
245,deviant,9,99,153.74295876046182,16.40252525252525,17.916796628889447,14.888253876161055
245,deviant,10,100,140.30071088089397,14.448,15.822946966632761,13.07305303336724
246,background,1,100,163.64540452164437,35.8705,37.474224964312114,34.266775035687886
246,background,2,99,161.21144173838414,33.96919191919192,35.55702315214735,32.38136068623649
246,background,3,100,153.4117696026989,30.6985,32.201935342106445,29.19506465789355
246,background,4,98,152.51069850307138,28.110714285714288,29.62049317332455,26.600935398104024
246,background,5,100,149.05850140835733,24.849,26.3097733138019,23.3882266861981
246,background,6,100,145.33727561850927,23.3245,24.74880530106139,21.90019469893861
246,background,7,100,141.80829349958051,21.3535,22.74322127629589,19.96377872370411
246,background,8,99,138.17608902754256,19.52020202020202,20.881149527647597,18.159254512756444
246,background,9,99,137.51337733969166,18.806565656565656,20.160985871003568,17.452145442127744
246,background,10,100,135.7526000526422,16.893,18.223375480515895,15.562624519484107
246,deviant,1,100,158.54546085553736,36.254,37.807745516384266,34.70025448361573
246,deviant,2,100,209.28501090492293,41.136,43.18699310686825,39.085006893131755
246,deviant,3,99,228.44096323604163,40.207070707070706,42.45707041181402,37.95707100232739
246,deviant,4,100,261.40574934280556,41.9295,44.49127634355949,39.3677236564405
246,deviant,5,100,270.2490469334185,41.384,44.032440659947504,38.7355593400525
246,deviant,6,98,280.8888663923116,40.968877551020405,43.74953546162168,38.18821964041913
246,deviant,7,100,275.9126148849153,38.7785,41.48244362587217,36.07455637412783
246,deviant,8,100,305.6320586312206,41.0485,44.04369417458596,38.053305825414036
246,deviant,9,99,306.5779457855788,39.7979797979798,42.81757960060195,36.778379995357646
246,deviant,10,100,301.6416355806828,40.6645,43.62058802869069,37.7084119713093
247,background,1,100,157.04503209354684,35.116,36.65504131451676,33.57695868548324
247,background,2,100,160.16482464209042,31.2595,32.829115281492484,29.689884718507514
247,background,3,100,154.3591761547006,27.3855,28.898219926316067,25.872780073683934
247,background,4,98,146.52333207412826,23.382142857142856,24.832649841106157,21.931635873179555
247,background,5,100,138.52675021928357,19.1855,20.54306215214898,17.82793784785102
247,background,6,99,129.2350266191916,17.689393939393938,18.962277609715457,16.41651026907242
247,background,7,100,119.17930984334839,15.0405,16.208457236464813,13.872542763535186
247,background,8,100,106.56813980291028,12.886,13.93036777006852,11.841632229931479
247,background,9,98,97.51160524724601,11.382142857142856,12.347458499548843,10.41682721473687
247,background,10,99,95.25268334388555,10.67878787878788,11.616966856689938,9.740608900885821
247,deviant,1,100,160.33227832749154,36.1065,37.677756327609416,34.53524367239058
247,deviant,2,97,224.9282166193894,40.641752577319586,42.879876598633025,38.40362855600615
247,deviant,3,99,255.4672653868016,41.516666666666666,44.03285843695771,39.00047489637562
247,deviant,4,100,293.8118669453205,42.1675,45.046856296064135,39.28814370393586
247,deviant,5,99,303.8891678158165,41.29191919191919,44.28503622388416,38.29880215995422
247,deviant,6,99,298.61247550347895,39.266666666666666,42.20781160056045,36.325521732772884
247,deviant,7,100,315.00189640197743,37.147,40.234018584739374,34.05998141526062
247,deviant,8,100,293.63069357702767,33.9,36.77758079705487,31.022419202945127
247,deviant,9,99,314.04780896511517,35.65151515151515,38.74468840484572,32.55834189818458
247,deviant,10,100,322.5731659149921,34.84,38.00121702596692,31.67878297403308
248,background,1,100,78.50222926770932,19.079,19.848321846823552,18.30967815317645
248,background,2,100,77.05234037908735,16.288,17.043112935715058,15.532887064284944
248,background,3,99,75.54650014534442,14.295959595959596,15.040045072633852,13.55187411928534
248,background,4,100,71.23831390776351,12.1815,12.879635476296082,11.483364523703917
248,background,5,99,68.82579075959977,10.56868686868687,11.246577587996324,9.890796149377415
248,background,6,99,62.16510275065908,9.066666666666666,9.678953801394757,8.454379531938576
248,background,7,100,59.023211312874295,8.1085,8.686927470866168,7.5300725291338315
248,background,8,100,56.46013964223833,7.258,7.811309368493935,6.704690631506065
248,background,9,100,49.060354881030285,6.5415,7.022291477834097,6.060708522165903
248,background,10,99,46.58043411246039,6.028282828282828,6.487070786078114,5.569494870487542
248,deviant,1,100,76.60017520936401,19.1375,19.888181717051765,18.386818282948234
248,deviant,2,99,112.74454123791256,21.703030303030303,22.81349307163021,20.592567534430398
248,deviant,3,100,129.28087537158038,21.3415,22.608452578641486,20.074547421358513
248,deviant,4,99,144.00005482455097,21.792929292929294,23.211239197810414,20.374619388048174
248,deviant,5,100,133.45538383176677,20.0475,21.355362761551312,18.739637238448687
248,deviant,6,100,138.82136381923203,19.3385,20.698949365428472,17.978050634571527
248,deviant,7,99,140.7681931777428,18.937373737373736,20.32385183920132,17.55089563554615
248,deviant,8,100,138.67831955929333,17.8465,19.205547531681074,16.487452468318924
248,deviant,9,99,147.24721425298054,18.05151515151515,19.501807532970194,16.601222770060108
248,deviant,10,99,141.26274511666102,16.814141414141414,18.20549054129118,15.422792286991648
249,background,1,99,82.41609768664577,19.303535353535352,20.11528204219488,18.491788664875823
249,background,2,96,74.10446040982674,14.8171875,15.55838647231244,14.075988527687558
249,background,3,100,68.30217304087229,11.3765,12.045861295800549,10.707138704199451
249,background,4,97,59.824370144263895,9.103608247422681,9.698884206536304,8.508332288309058
249,background,5,100,51.309535381375575,7.092,7.59483344673748,6.589166553262519
249,background,6,100,41.98508507102317,5.938,6.3494538336960265,5.526546166303973
249,background,7,100,34.42635159598714,4.923,5.260378245640674,4.585621754359326
249,background,8,100,30.97439519820746,4.4955,4.799049072942433,4.191950927057567
249,background,9,99,29.1444677426094,4.132323232323232,4.419377895755095,3.84526856889137
249,background,10,99,24.572235080311785,3.78989898989899,4.031920039418282,3.547877940379697
249,deviant,1,100,77.95518280599302,19.072,19.83596079149873,18.308039208501267
249,deviant,2,99,121.5019384727321,21.65959595959596,22.856313578961423,20.4628783402305
249,deviant,3,98,130.9491062247186,20.73469387755102,22.031023891576446,19.438363863525595
249,deviant,4,100,137.43609041066478,19.799,21.145873686024515,18.452126313975484
249,deviant,5,97,145.62495990512213,19.906701030927834,21.355726527884382,18.457675533971287
249,deviant,6,99,150.62982684993733,17.716666666666665,19.200275653149983,16.233057680183347
249,deviant,7,100,158.03522258960933,18.199,19.74774518137817,16.650254818621832
249,deviant,8,100,146.03429662060103,16.072,17.50313610688189,14.640863893118109
249,deviant,9,100,149.68646178631275,15.666,17.132927325505865,14.199072674494136
249,deviant,10,99,139.11712218203238,14.276767676767678,15.64698376848887,12.906551585046486
250,background,1,100,160.42598719790084,36.5605,38.13267467453942,34.98832532546057
250,background,2,99,164.04481095115443,33.422222222222224,35.03796035857122,31.80648408587323
250,background,3,100,157.65893401163225,30.8775,32.422557553314,29.332442446686006
250,background,4,100,158.21944288001762,28.8265,30.37705054022417,27.275949459775827
250,background,5,100,153.46512547429825,25.8035,27.307458229648123,24.299541770351876
250,background,6,100,153.01263277740725,24.2475,25.74702380121859,22.74797619878141
250,background,7,100,145.8705175651915,21.4715,22.901031072138874,20.041968927861124
250,background,8,99,144.95343172350582,20.206565656565658,21.63426572383609,18.778865589295226
250,background,9,99,134.17384638084866,18.027272727272727,19.348800663701752,16.705744790843703
250,background,10,100,133.54865070551315,16.734,18.04277677691403,15.425223223085972
250,deviant,1,99,153.97134046377113,35.875757575757575,37.392278368153534,34.35923678336162
250,deviant,2,100,211.1613002821353,40.172,42.241380742764925,38.10261925723507
250,deviant,3,99,239.1200645348648,41.35454545454545,43.70972758554412,38.99936332354678
250,deviant,4,100,253.20593345504778,42.0845,44.56591814785946,39.603081852140534
250,deviant,5,100,284.27127055535857,43.405499999999996,46.19135845144251,40.61964154855748
250,deviant,6,98,279.7818134866788,40.474489795918366,43.24418844188577,37.704791149950964
250,deviant,7,99,275.2727451284023,38.53838383838384,41.249647118353536,35.82712055841414
250,deviant,8,100,291.4132894415728,39.891999999999996,42.74785023652741,37.03614976347258
250,deviant,9,100,302.95651503144796,41.3805,44.34947384730819,38.411526152691806
250,deviant,10,100,328.7179161850668,42.431,45.652435578613655,39.20956442138634
251,background,1,100,155.58848387907594,36.2975,37.822267142014944,34.772732857985055
251,background,2,100,153.1071863967064,30.771,32.27145042668772,29.270549573312277
251,background,3,100,157.20245076434335,27.398,28.938584017490566,25.857415982509433
251,background,4,100,144.47230657956925,23.549,24.964828604479777,22.133171395520222
251,background,5,100,146.48300601991883,19.7885,21.224033458995205,18.352966541004793
251,background,6,100,130.88198782430723,17.674,18.95664348067821,16.39135651932179
251,background,7,99,118.2824785707592,15.013636363636364,16.178644329329128,13.8486283979436
251,background,8,100,111.39968345414725,13.202,14.293716897850643,12.110283102149356
251,background,9,100,102.51707174905069,11.9315,12.936167303140696,10.926832696859304
251,background,10,100,88.98191714583005,10.4515,11.323522788029134,9.579477211970865
251,deviant,1,100,163.12388737269274,36.0525,37.65111409625239,34.45388590374761
251,deviant,2,99,224.92427380647118,40.67323232323232,42.88859485053548,38.457869795929156
251,deviant,3,99,265.0001936444178,41.857070707070704,44.46715582057451,39.2469855935669
251,deviant,4,99,271.1805768545341,40.76464646464647,43.43560446277208,38.09368846652085
251,deviant,5,100,294.06989860092426,39.974,42.85588500628906,37.092114993710936
251,deviant,6,99,313.2782351705572,42.14242424242424,45.22801767825621,39.056830806592274
251,deviant,7,100,289.4258336049061,36.7145,39.55087316932808,33.878126830671924
251,deviant,8,99,318.95416268601485,37.93737373737374,41.078871486744816,34.79587598800266
251,deviant,9,100,327.1718967148615,35.9755,39.18178458780564,32.769215412194356
251,deviant,10,100,279.5668642363529,29.933,32.67275526951626,27.19324473048374
252,background,1,100,156.13237467307232,21.0405,22.57059727179611,19.510402728203893
252,background,2,100,152.12641038571215,19.4515,20.942338821779977,17.960661178220022
252,background,3,100,152.5156247388237,17.687,19.181653122440473,16.19234687755953
252,background,4,99,141.31265261636585,16.474242424242423,17.866083108851978,15.082401739632868
252,background,5,100,133.8105200018216,14.8535,16.16484309601785,13.542156903982148
252,background,6,100,128.99989800077566,13.634,14.898199000407601,12.3698009995924
252,background,7,99,123.06061835320708,12.04040404040404,13.252473675542758,10.828334405265322
252,background,8,99,118.78722685187113,11.673737373737374,12.843716792305242,10.503757955169506
252,background,9,100,110.67930201594532,10.7355,11.820157159756263,9.650842840243737
252,background,10,100,110.66830478601598,10.243,11.327549386902957,9.158450613097044
252,deviant,1,100,156.51245956792064,20.2435,21.777322103765623,18.70967789623438
252,deviant,2,99,150.19213133779502,19.856060606060606,21.335358567239453,18.376762644881758
252,deviant,3,99,158.8609123531783,19.924242424242426,21.488922422201355,18.359562426283496
252,deviant,4,99,153.4520669202773,18.916161616161617,20.427567890990364,17.40475534133287
252,deviant,5,100,153.46507403109158,17.4345,18.938457725504698,15.930542274495302
252,deviant,6,100,159.25162975287685,18.3005,19.861165971578192,16.739834028421807
252,deviant,7,100,154.90810518701588,16.6,18.118099430832757,15.081900569167246
252,deviant,8,99,150.5329741810394,16.66111111111111,18.143766159765867,15.178456062456355
252,deviant,9,100,151.46407425351296,16.0985,17.58284792768443,14.614152072315575
252,deviant,10,100,152.73407402548082,15.3765,16.873293925449712,13.879706074550288
253,background,1,100,151.61458234268682,20.9225,22.40832290695833,19.43667709304167
253,background,2,99,153.09321206032413,17.94040404040404,19.44827582072925,16.43253226007883
253,background,3,100,144.29286738764105,16.174,17.58807010039888,14.759929899601117
253,background,4,100,132.8657315923822,14.3065,15.608584169605345,13.004415830394654
253,background,5,99,129.91408091909295,12.415151515151516,13.694723442923186,11.135579587379846
253,background,6,100,112.98100678758728,10.6775,11.784713866518356,9.570286133481645
253,background,7,100,104.39388971834664,9.671,10.694060119239797,8.647939880760202
253,background,8,99,98.33207700654478,8.746969696969696,9.715478764246368,7.778460629693024
253,background,9,100,89.84520313470156,7.5225,8.402982990720075,6.6420170092799244
253,background,10,100,84.77210936573297,7.247,8.077766671784183,6.416233328215817
253,deviant,1,98,156.55416920266555,20.88826530612245,22.438072511449683,19.338458100795215
253,deviant,2,99,154.5184284700116,19.535858585858588,21.057767850773104,18.01394932094407
253,deviant,3,99,154.09119821852596,18.253030303030304,19.770731618870876,16.73532898718973
253,deviant,4,98,154.68209333985624,18.058673469387756,19.589948069190157,16.527398869585355
253,deviant,5,100,155.17941229428598,17.4985,19.019258240484003,15.977741759515997
253,deviant,6,100,147.54976858852172,15.7015,17.147487732167512,14.255512267832486
253,deviant,7,100,147.0190374353643,14.5825,16.02328656686657,13.141713433133429
253,deviant,8,100,150.83039446589282,14.9985,16.47663786576575,13.52036213423425
253,deviant,9,100,146.8331312104071,13.988,15.42696468586199,12.54903531413801
253,deviant,10,99,134.5598282119186,12.924242424242424,14.249572038766487,11.59891280971836
254,background,1,99,302.8135651901313,40.31868686868687,43.30120989178438,37.336163845589354
254,background,2,98,299.38778760734556,37.6234693877551,40.587257275257386,34.659681500252816
254,background,3,100,289.69411272472973,35.285,38.124002304702344,32.44599769529765
254,background,4,99,293.79303492156015,33.15555555555556,36.04923203312375,30.261879077987363
254,background,5,100,266.2675494586917,32.0015,34.61092198469518,29.392078015304822
254,background,6,98,266.27145824080395,30.496938775510205,33.13289172812925,27.860985822891163
254,background,7,100,261.84862541472114,29.0235,31.589616529064266,26.45738347093573
254,background,8,100,269.60531581515494,28.303,30.94513209498852,25.660867905011482
254,background,9,100,263.13241113453444,26.6215,29.20019762911844,24.042802370881564
254,background,10,99,256.82683086591936,24.483838383838386,27.013421018374007,21.954255749302764
254,deviant,1,100,301.06727697170595,39.795,42.74545931432272,36.84454068567728
254,deviant,2,100,298.21873374738675,39.7545,42.67704359072439,36.83195640927561
254,deviant,3,100,313.95265734284135,40.2195,43.296236041959844,37.14276395804015
254,deviant,4,99,300.845707088674,37.01565656565656,39.9787974250452,34.052515706267926
254,deviant,5,98,303.215981734056,38.49795918367347,41.4996442595495,35.49627410779745
254,deviant,6,100,301.87753703848364,36.019,38.97739986297714,33.06060013702286
254,deviant,7,100,319.98237615942475,36.519,39.65482728636236,33.383172713637634
254,deviant,8,99,312.3210898384781,35.72121212121212,38.79737827796039,32.64504596446385
254,deviant,9,98,308.33804074168506,33.31938775510204,36.37177862818911,30.26699688201497
254,deviant,10,100,318.9767769141295,33.972,37.09797241375847,30.846027586241533
255,background,1,100,302.22984021401567,38.1605,41.12235243409735,35.19864756590265
255,background,2,99,284.57437285217816,35.98080808080808,38.7836865393152,33.177929622300965
255,background,3,100,279.4227696708454,33.672,36.41034314277428,30.933656857225714
255,background,4,100,278.66348787324864,30.7545,33.48540218115784,28.023597818842163
255,background,5,100,255.27000153604132,27.337,29.838646015053204,24.835353984946796
255,background,6,99,246.32881853755006,23.975252525252525,26.401436345912476,21.549068704592575
255,background,7,99,244.52458169401206,24.248989898989898,26.65740312234654,21.840576675633255
255,background,8,98,229.28327113213612,20.56173469387755,22.83152327549989,18.29194611225521
255,background,9,100,221.50319588997738,20.8515,23.02223131972178,18.680768680278224
255,background,10,99,208.05537597881053,18.103535353535353,20.152749854696793,16.054320852373912
255,deviant,1,100,297.14912081310285,38.887,41.79906138396841,35.974938616031594
255,deviant,2,100,307.62210669312407,39.3795,42.394196645592615,36.364803354407385
255,deviant,3,100,319.56071822359354,37.95,41.08169503859122,34.818304961408785
255,deviant,4,99,302.8040142610919,36.45909090909091,39.44151986154884,33.47666195663298
255,deviant,5,100,317.6995974352601,36.0185,39.131956054865555,32.90504394513445
255,deviant,6,100,307.91141497788647,35.2125,38.230031866783285,32.19496813321671
255,deviant,7,100,305.85761221092474,32.398,35.39540459966707,29.40059540033294
255,deviant,8,100,332.7184640439864,32.4775,35.73814094763107,29.216859052368932
255,deviant,9,99,308.86001342798784,30.96818181818182,34.01025855072446,27.92610508563918
255,deviant,10,100,300.71864363816707,27.5885,30.535542707654038,24.64145729234596
256,background,1,99,82.31953148043236,19.423232323232323,20.23402789554043,18.612436750924218
256,background,2,100,78.6422780362881,16.7885,17.559194324755623,16.017805675244375
256,background,3,98,77.67237197627642,14.281122448979591,15.050039702073358,13.512205195885825
256,background,4,100,75.10096712531667,12.6015,13.337489477828104,11.865510522171896
256,background,5,98,69.09276753985029,10.912244897959184,11.596228400376418,10.22826139554195
256,background,6,99,68.73949680534933,9.647979797979797,10.325020576154202,8.970939019805392
256,background,7,99,63.4870065446466,8.42020202020202,9.045509075280812,7.794894965123226
256,background,8,100,57.761237229787504,7.4945,8.060560124851918,6.928439875148083
256,background,9,100,50.71434448794647,6.6405,7.137500575981876,6.143499424018125
256,background,10,100,50.628445301867686,6.0805,6.576658763958303,5.584341236041697
256,deviant,1,100,82.36393883886703,19.4455,20.252666600620895,18.638333399379103
256,deviant,2,100,112.01427305670047,21.7535,22.851239875955663,20.655760124044335
256,deviant,3,100,128.667165483989,21.6845,22.945438221743093,20.423561778256907
256,deviant,4,99,136.92288455838735,22.442929292929293,23.79153352513369,21.094325060724895
256,deviant,5,99,145.325053079748,21.65707070707071,23.08843101079776,20.22571040334366
256,deviant,6,99,150.07513030759662,22.05,23.52814557467307,20.571854425326933
256,deviant,7,99,144.05940843240592,20.496464646464645,21.915359147025356,19.077570145903934
256,deviant,8,100,160.6735739579507,21.4545,23.029101024787916,19.879898975212082
256,deviant,9,100,156.701375401212,20.036,21.571673478931878,18.500326521068125
256,deviant,10,100,151.5625370320085,19.7565,21.241812862913683,18.271187137086315
257,background,1,98,80.43503426270239,19.468367346938777,20.264633561348585,18.67210113252897
257,background,2,99,79.10026947854823,15.044444444444444,15.823532312271167,14.265356576617721
257,background,3,100,72.15805021289249,11.916,12.623148892086347,11.208851107913654
257,background,4,100,66.08324096805562,9.346,9.993615761486945,8.698384238513055
257,background,5,99,53.19722489794091,7.569191919191919,8.093151101546859,7.04523273683698
257,background,6,98,46.67691303552878,6.369897959183674,6.831975823435554,5.907820094931793
257,background,7,98,43.016000694967836,5.5045918367346935,5.930428517807812,5.078755155661575
257,background,8,100,37.19985144282732,4.7475,5.112058544139707,4.382941455860292
257,background,9,99,34.84559928418056,4.398989898989899,4.742197119754413,4.055782678225385
257,background,10,100,29.366692554302865,3.9785,4.266293587032168,3.690706412967832
257,deviant,1,100,77.99834681109054,19.092,19.856383798748688,18.32761620125131
257,deviant,2,100,117.3625960319915,20.979,22.129153441113516,19.828846558886482
257,deviant,3,100,130.17301240232067,19.834500000000002,21.110195521542746,18.558804478457258
257,deviant,4,99,144.91406709531435,20.827777777777776,22.255090128237033,19.40046542731852
257,deviant,5,99,151.2890228042095,20.13030303030303,21.620404682031097,18.64020137857496
257,deviant,6,98,142.39061360253095,17.564795918367345,18.974391076746628,16.155200759988062
257,deviant,7,100,149.02166038250243,17.5945,19.054912271748524,16.134087728251476
257,deviant,8,100,148.79005873695786,17.4445,18.90264257562219,15.986357424377815
257,deviant,9,100,152.3141058540058,16.4155,17.90817823736926,14.922821762630745
257,deviant,10,100,146.51375002834519,14.474,15.909834750277783,13.038165249722217
258,background,1,100,163.21894401144286,36.0625,37.66204565131214,34.46295434868786
258,background,2,100,159.79922435751416,33.7905,35.35653239870364,32.22446760129636
258,background,3,100,158.90774384098336,31.1165,32.67379588964164,29.559204110358362
258,background,4,100,162.7729286945144,29.416,31.01117470120624,27.82082529879376
258,background,5,99,156.5720281531794,26.526262626262625,28.068398555499222,24.984126697026028
258,background,6,100,147.8458122860648,24.144,25.592888960403435,22.69511103959656
258,background,7,100,153.10260577383013,22.3885,23.888905536583536,20.888094463416465
258,background,8,99,144.31977469640483,19.992424242424242,21.413883186808093,18.57096529804039
258,background,9,99,146.83906335275978,18.87878787878788,20.32506023077019,17.432515526805567
258,background,10,100,137.8401916026405,17.1535,18.50433387770588,15.802666122294124
258,deviant,1,100,167.79615609423237,36.6535,38.29790232972348,35.009097670276525
258,deviant,2,100,210.95818368377624,40.8065,42.87389020010101,38.73910979989899
258,deviant,3,100,230.30057019377733,41.439,43.69594558789902,39.18205441210098
258,deviant,4,99,258.8391900694126,43.541414141414144,46.09081724750424,40.99201103532405
258,deviant,5,100,273.5313414160105,42.457,45.137607145876906,39.776392854123095
258,deviant,6,100,278.2781786932674,42.1785,44.90562615119402,39.45137384880598
258,deviant,7,99,293.21569660719416,41.77121212121212,44.65920217976659,38.88322206265766
258,deviant,8,100,298.6240066846955,41.6685,44.595015265510014,38.74198473448999
258,deviant,9,99,293.79148979111733,40.46313131313131,43.35679257213717,37.56947005412546
258,deviant,10,100,301.64689622139326,38.5755,41.53163958296965,35.61936041703034
259,background,1,99,162.3969146712364,36.43737373737374,38.036881132568695,34.837866342178785
259,background,2,100,159.78124848811595,32.288,33.853856235183535,30.72214376481646
259,background,3,99,158.19009217760097,27.23939393939394,28.797466780844665,25.68132109794321
259,background,4,100,150.5181314484632,24.2095,25.68457768819494,22.73442231180506
259,background,5,99,139.24654394274924,20.39090909090909,21.762399905513934,19.019418276304247
259,background,6,100,133.25836598601666,18.3325,19.63843198666296,17.026568013337037
259,background,7,100,127.07394241977882,15.7285,16.973824635713832,14.483175364286168
259,background,8,100,115.26261775888823,13.5495,14.679073654037104,12.419926345962896
259,background,9,100,107.96385847514946,12.215,13.273045813056465,11.156954186943535
259,background,10,100,95.55491669853077,10.925,11.861438183645602,9.9885618163544
259,deviant,1,100,169.17453615781105,36.2925,37.950410454346546,34.63458954565345
259,deviant,2,99,229.47793724933675,42.019696969696966,44.27991021578895,39.75948372360498
259,deviant,3,100,278.6620193938018,44.117,46.847887790059254,41.38611220994074
259,deviant,4,100,286.0357127132352,43.5875,46.3906499845897,40.7843500154103
259,deviant,5,99,299.4030068758759,40.91161616161616,43.86054733195934,37.96268499127298
259,deviant,6,99,307.79330042980746,40.52020202020202,43.551772301112905,37.48863173929114
259,deviant,7,100,299.4213366513904,37.330999999999996,40.265329099183624,34.39667090081637
259,deviant,8,100,306.2402694479923,37.2945,40.29565464059032,34.29334535940968
259,deviant,9,100,314.5290004200935,37.2355,40.317884204116915,34.15311579588309
259,deviant,10,99,304.9603425468888,34.27777777777778,37.28144520663523,31.274110348920324
260,background,1,98,81.56323023468227,19.808673469387756,20.616108254109683,19.00123868466583
260,background,2,100,79.77407242694174,16.7615,17.543285909784032,15.979714090215973
260,background,3,99,78.37521090377064,15.013131313131312,15.785077810355927,14.241184815906697
260,background,4,100,77.55451393425754,12.8685,13.628534236555723,12.108465763444276
260,background,5,99,71.26782325551235,11.008585858585858,11.710529060939256,10.30664265623246
260,background,6,100,64.97023610044347,9.516,10.152708313784347,8.879291686215653
260,background,7,100,63.01829308349992,8.663,9.280579272218299,8.045420727781702
260,background,8,98,59.10882025196364,7.713265306122449,8.298412772915853,7.128117839329046
260,background,9,100,57.00676321833735,7.0285,7.587166279539706,6.4698337204602945
260,background,10,99,54.39453823201078,6.27929292929293,6.81504489438692,5.743540964198939
260,deviant,1,100,80.6468748374829,19.6945,20.484839373407333,18.90416062659267
260,deviant,2,100,117.02266986852547,21.892,23.03882216471155,20.745177835288448
260,deviant,3,100,136.94909734334834,22.7365,24.07860115396481,21.394398846035187
260,deviant,4,99,135.67383488972442,21.227272727272727,22.563574606405723,19.89097084813973
260,deviant,5,100,135.96498194678463,21.0905,22.422956823078486,19.75804317692151
260,deviant,6,100,146.65369161108052,21.373,22.81020617778859,19.935793822211412
260,deviant,7,100,145.0365380461801,19.996499999999997,21.417858072852564,18.57514192714743
260,deviant,8,98,152.387274990228,20.181122448979593,21.689679506149403,18.672565391809783
260,deviant,9,98,151.14088060307736,20.060714285714287,21.55693266795948,18.564495903469094
260,deviant,10,97,151.75159758111624,18.782474226804123,20.29246217284161,17.272486280766636
261,background,1,100,81.83579515359433,19.7775,20.579490792505226,18.975509207494774
261,background,2,100,79.41577796303254,15.2105,15.988774624037719,14.43222537596228
261,background,3,100,72.78739769464144,12.055,12.768316497407486,11.341683502592513
261,background,4,100,65.39567827343107,9.476,10.116877647079626,8.835122352920376
261,background,5,100,56.28295525851124,7.6615,8.21307296153341,7.10992703846659
261,background,6,100,48.374199299778965,6.397,6.871067153137834,5.9229328468621665
261,background,7,100,44.6192370596974,5.5285,5.965768523185035,5.091231476814966
261,background,8,99,42.68208671463696,5.034848484848485,5.455240174435838,4.614456795261132
261,background,9,97,34.49828371016983,4.436082474226804,4.7793539349011676,4.092811013552441
261,background,10,100,33.07837582724431,4.123,4.447168083106995,3.798831916893006
261,deviant,1,100,82.71805314312876,20.0435,20.854136920802663,19.23286307919734
261,deviant,2,100,134.19575254083117,22.8,24.115118374900145,21.484881625099856
261,deviant,3,100,138.4737767308499,21.1135,22.470543011962327,19.75645698803767
261,deviant,4,99,140.09660200995896,20.95959595959596,22.339459311127378,19.57973260806454
261,deviant,5,99,149.58186457764964,20.386363636363637,21.859650854063336,18.913076418663938
261,deviant,6,99,152.46574248525124,19.052020202020202,20.553711801966855,17.55032860207355
261,deviant,7,99,144.12254471364582,17.8479797979798,19.267496151172086,16.428463444787514
261,deviant,8,100,149.44514043621493,17.3495,18.814062376274904,15.884937623725094
261,deviant,9,100,148.8582600292888,16.6545,18.11331094828703,15.195689051712968
261,deviant,10,98,138.49114545132858,14.502551020408163,15.87354341356914,13.131558627247186
262,background,1,100,160.39319285988876,37.1895,38.76135329002691,35.617646709973094
262,background,2,99,166.84117881197201,33.878787878787875,35.522068478502746,32.235507279073005
262,background,3,99,163.75767559351064,31.794444444444444,33.407354478246646,30.181534410642243
262,background,4,96,154.42073422275502,28.605208333333334,30.149737351919384,27.060679314747283
262,background,5,98,157.42148418881882,26.820918367346938,28.379311552988042,25.262525181705833
262,background,6,100,154.25925716485426,24.8025,26.31424072021557,23.290759279784428
262,background,7,100,158.65125607013513,22.761,24.315782309487325,21.206217690512673
262,background,8,100,148.01880214848953,20.3765,21.827084261055198,18.925915738944802
262,background,9,100,149.60524371614926,19.5795,21.04563138841826,18.113368611581738
262,background,10,100,140.94500607273076,17.928,19.309261059512764,16.546738940487238
262,deviant,1,100,167.94250269222,36.591,38.236836526383755,34.94516347361625
262,deviant,2,100,213.0930856642109,42.307,44.395312239509266,40.21868776049074
262,deviant,3,99,234.8415591302716,42.46060606060606,44.773647606305545,40.14756451490658
262,deviant,4,99,261.92262818988115,42.64242424242424,45.222197273252746,40.062651211595735
262,deviant,5,99,285.67438678180076,44.297474747474745,47.11118765082837,41.48376184412112
262,deviant,6,100,281.59070241080497,42.6715,45.43108888362589,39.911911116374114
262,deviant,7,99,290.12778944893626,42.96111111111111,45.818687227717795,40.10353499450442
262,deviant,8,100,305.95205162694504,40.953,43.951330105944066,37.95466989405594
262,deviant,9,100,301.2063857923754,40.7005,43.65232258076528,37.74867741923472
262,deviant,10,100,294.8461775588292,39.363,42.252492540076524,36.473507459923475
263,background,1,100,165.00271927583816,36.7895,38.40652664890321,35.172473351096784
263,background,2,100,160.48980948137617,32.374,33.94680013291749,30.801199867082516
263,background,3,100,159.21897367759712,28.0145,29.574845942040454,26.45415405795955
263,background,4,100,153.27537997102849,24.011,25.513098723716077,22.508901276283922
263,background,5,99,144.54658691741457,20.858585858585858,22.282278760588667,19.43489295658305
263,background,6,99,136.58943474592215,18.244444444444444,19.58976440587286,16.899124483016028
263,background,7,99,123.12680669259552,15.750505050505051,16.96322659912711,14.53778350188299
263,background,8,100,111.96351614418163,13.6625,14.75974245821298,12.56525754178702
263,background,9,100,106.96663277076543,12.4985,13.5467730011535,11.4502269988465
263,background,10,100,101.97779686104018,11.4755,12.474882409238194,10.476117590761806
263,deviant,1,98,154.95096847576963,36.97091836734694,38.504854695195895,35.436982039497984
263,deviant,2,99,237.05086063188168,42.43939393939394,44.77419571432681,40.10459216446107
263,deviant,3,99,243.33860965199995,40.93939393939394,43.33612608459997,38.54266179418791
263,deviant,4,98,278.6971285709349,42.48979591836735,45.248756731503526,39.73083510523117
263,deviant,5,100,302.91410976502374,41.259,44.227558275697234,38.29044172430277
263,deviant,6,100,310.280908380234,41.756,44.79675290212629,38.71524709787371
263,deviant,7,100,319.71631751321445,41.6055,44.7387199116295,38.472280088370496
263,deviant,8,100,326.5269433551267,37.8115,41.01146404488024,34.61153595511976
263,deviant,9,100,310.2568927093873,36.7755,39.816017548552,33.734982451448005
263,deviant,10,100,325.14298069424297,36.629,39.81540121080358,33.44259878919642
264,background,1,99,149.6189458169266,20.17828282828283,21.651935272850086,18.70463038371557
264,background,2,100,156.3987481441352,19.298,20.830707731812524,17.765292268187473
264,background,3,100,145.02134144216228,17.094,18.51520914613319,15.672790853866811
264,background,4,99,140.7115377007346,15.485858585858585,16.87177866689719,14.099938504819981
264,background,5,99,134.07506734740252,14.64090909090909,15.961464116031228,13.320354065786953
264,background,6,99,125.32165982404089,13.86919191919192,15.103531389695199,12.63485244868864
264,background,7,99,129.4133626062341,12.658080808080808,13.932720975628161,11.383440640533454
264,background,8,100,116.47160259276212,11.4235,12.56492170540907,10.282078294590931
264,background,9,100,112.25252312250454,10.8325,11.932574726600544,9.732425273399455
264,background,10,100,106.03872182517001,9.992,11.031179473886667,8.952820526113335
264,deviant,1,100,153.88519302252232,20.063,21.571074891620718,18.55492510837928
264,deviant,2,100,156.1949018643728,19.589,21.119710038270853,18.058289961729145
264,deviant,3,100,153.92469963555146,19.1085,20.616962056428402,17.600037943571596
264,deviant,4,100,156.3857662792137,18.8215,20.354080509536296,17.288919490463705
264,deviant,5,100,157.09774027655521,18.281,19.82055785471024,16.741442145289756
264,deviant,6,99,157.10238867157872,17.911616161616163,19.458975808144537,16.36425651508779
264,deviant,7,99,150.45528274295708,16.27828282828283,17.760172665172277,14.79639299139338
264,deviant,8,100,152.12820943290947,16.3645,17.855356452442514,14.873643547557487
264,deviant,9,100,146.55149086134952,15.272499999999999,16.708704610441224,13.836295389558774
264,deviant,10,99,143.711653924392,14.646969696969697,16.062439034506795,13.2315003594326
265,background,1,100,157.39330554880328,20.431,21.973454394378273,18.88854560562173
265,background,2,100,151.34537880031397,18.1535,19.636684712243078,16.670315287756925
265,background,3,99,134.4854325901038,15.362626262626263,16.687223127100832,14.038029398151693
265,background,4,99,125.04680176469508,13.28030303030303,14.51193532192029,12.048670738685768
265,background,5,100,116.98828101453941,11.92,13.066485153942486,10.773514846057514
265,background,6,100,109.14831772939927,10.6805,11.750153513748113,9.610846486251887
265,background,7,100,103.60159011175556,9.625,10.640295583095204,8.609704416904796
265,background,8,100,94.30722470510382,8.661,9.585210802110018,7.7367891978899825
265,background,9,100,89.51930106495413,7.691,8.56828915043655,6.813710849563449
265,background,10,100,79.40746020898858,6.8425,7.620693110048088,6.064306889951912
265,deviant,1,100,157.2545121099785,20.8715,22.41259421867779,19.330405781322213
265,deviant,2,99,158.39509229505157,19.476767676767675,21.036859640346073,17.916675713189278
265,deviant,3,100,154.7869418537011,18.5495,20.06641203016627,17.032587969833727
265,deviant,4,99,144.30166683940823,16.594444444444445,18.01572503783415,15.173163851054738
265,deviant,5,98,156.5131993761145,16.433163265306124,17.982564890042863,14.883761640569388
265,deviant,6,100,150.91863440452377,15.7175,17.19650261716433,14.238497382835666
265,deviant,7,100,143.11090656881248,14.831,16.23348688437436,13.428513115625638
265,deviant,8,100,153.23607518088585,15.183,16.68471353677268,13.681286463227318
265,deviant,9,100,134.67698197421936,12.969,14.28883442334735,11.64916557665265
265,deviant,10,100,143.42756286527947,13.211500000000001,14.61709011607974,11.805909883920261
266,background,1,99,289.75317990171897,37.782828282828284,40.636714731178046,34.92894183447852
266,background,2,99,304.2984814117114,37.175252525252525,40.172401038510806,34.17810401199424
266,background,3,100,297.36400695373163,34.931,37.84516726814657,32.01683273185343
266,background,4,99,276.5467505922967,33.67474747474748,36.39855890666418,30.95093604283078
266,background,5,99,277.8627690444559,32.19949494949495,34.936268334849636,29.46272156414026
266,background,6,100,276.0537323745048,30.667,33.37232657727015,27.961673422729856
266,background,7,100,260.94886573103895,28.384,30.941298884164183,25.826701115835817
266,background,8,100,260.1180298896718,26.613,29.162156692918785,24.063843307081214
266,background,9,100,257.1638019874328,27.106,29.626205259476844,24.58579474052316
266,background,10,99,246.7843027934782,23.93989898989899,26.370569043793274,21.509228936004703
266,deviant,1,100,295.0280896528507,38.894,41.785275278597936,36.00272472140206
266,deviant,2,100,302.3907980359887,39.388,42.351429820752685,36.42457017924731
266,deviant,3,99,301.24469857750637,38.724242424242426,41.69131309866664,35.75717174981821
266,deviant,4,100,297.56565838925627,36.443,39.35914345221471,33.526856547785286
266,deviant,5,99,309.27301429064426,36.58131313131313,39.627457662405874,33.53516860022039
266,deviant,6,100,319.01099634569607,37.543,40.66930776418782,34.41669223581218
266,deviant,7,100,314.638255110448,36.917,40.00045490008239,33.833545099917615
266,deviant,8,100,308.7220603169067,34.745,37.770476191105686,31.719523808894312
266,deviant,9,97,312.94976055523506,34.717525773195874,37.831498697936446,31.6035528484553
266,deviant,10,100,314.6413622556724,33.5275,36.610985350105594,30.444014649894413
267,background,1,100,288.08956027048623,38.182,41.005277690650765,35.35872230934924
267,background,2,100,294.2166003044982,35.9455,38.82882268298408,33.06217731701592
267,background,3,100,285.4420809532949,33.2795,36.076832393342286,30.482167606657708
267,background,4,100,271.0614661309361,31.2095,33.86590236808317,28.553097631916824
267,background,5,99,259.01635286721097,27.621717171717172,30.172865219857467,25.070569123576878
267,background,6,100,247.66791220673323,24.896,27.323145539625987,22.468854460374015
267,background,7,99,255.74643589634684,23.672222222222224,26.191163646319453,21.153280798124996
267,background,8,100,226.14974079834334,20.528,22.744267459823764,18.311732540176234
267,background,9,100,242.60321731714853,20.993,23.370511529708054,18.615488470291943
267,background,10,100,224.8058987332476,19.3025,21.505597807585826,17.09940219241417
267,deviant,1,99,300.4165923303312,39.205555555555556,42.16446990466383,36.24664120644728
267,deviant,2,100,308.32973634696583,39.703,42.72463141620027,36.68136858379974
267,deviant,3,100,302.4437790295648,36.5325,39.496449034489736,33.56855096551026
267,deviant,4,98,313.7997182246898,35.96530612244898,39.07176484412446,32.8588474007735
267,deviant,5,100,311.33180387692994,35.2065,38.25755167799391,32.15544832200609
267,deviant,6,100,314.8876115294738,34.8405,37.92639859298884,31.754601407011155
267,deviant,7,100,311.0859079181555,33.189,36.237641897597925,30.140358102402075
267,deviant,8,100,313.8597281388111,31.8565,34.932325335760346,28.78067466423965
267,deviant,9,100,309.4948813453098,31.3815,34.41454983718403,28.34845016281596
267,deviant,10,100,308.4622428485501,29.2965,32.319429979915796,26.27357002008421
268,background,1,100,80.91060694241192,19.219,20.011923948035637,18.426076051964365
268,background,2,99,77.36706765733555,16.936363636363637,17.69838055714677,16.174346715580505
268,background,3,100,75.95850667859462,14.343,15.087393365450227,13.598606634549773
268,background,4,99,72.14280428792821,12.293939393939393,13.004500608739873,11.583378179138913
268,background,5,100,69.21465466974917,10.657,11.335303615763541,9.978696384236459
268,background,6,100,62.89893731844341,9.4145,10.030909585720746,8.798090414279255
268,background,7,99,60.03457337234936,8.238888888888889,8.830191650218104,7.6475861275596735
268,background,8,100,52.99575454694461,7.2435,7.762858394560057,6.724141605439943
268,background,9,99,50.7077280521473,6.397979797979798,6.897419003319024,5.898540592640572
268,background,10,100,48.178205380485174,5.9355,6.407646412728755,5.4633535872712455
268,deviant,1,99,78.78069159648862,19.22070707070707,19.99664729754117,18.444766843872973
268,deviant,2,100,115.49110241417779,21.705,22.83681280365894,20.573187196341056
268,deviant,3,100,124.0756348276918,21.245,22.46094122131138,20.029058778688622
268,deviant,4,99,130.8204273442275,20.96969696969697,22.258195839292295,19.681198100101643
268,deviant,5,98,137.053255112172,21.148979591836735,22.505737596865828,19.792221586807642
268,deviant,6,100,142.71319232347756,20.3365,21.73508928477008,18.937910715229922
268,deviant,7,99,140.43014746054166,19.244444444444444,20.627593008727107,17.86129588016178
268,deviant,8,100,151.71331170127564,20.4155,21.902290454672503,18.9287095453275
268,deviant,9,100,152.33796395894848,19.0295,20.522412046797694,17.536587953202304
268,deviant,10,100,144.0358599355328,18.1155,19.52705142736822,16.70394857263178
269,background,1,100,81.95175088846003,19.322,20.125127158706906,18.518872841293092
269,background,2,99,76.98340559394671,15.225757575757576,15.983995666697245,14.467519484817908
269,background,3,100,70.33321069250137,11.3985,12.087765464786514,10.709234535213486
269,background,4,99,58.44007276914666,8.958585858585858,9.534183792568884,8.382987924602832
269,background,5,98,50.95532098654766,7.460714285714285,7.965146227814036,6.956282343614535
269,background,6,100,44.03410759376131,6.1315,6.563034254418861,5.699965745581139
269,background,7,99,36.37762470183243,5.331313131313132,5.689609838168694,4.973016424457569
269,background,8,99,34.563328604324646,4.7005050505050505,5.040932082737102,4.360078018272999
269,background,9,99,32.882766242964934,4.391414141414141,4.715288692150327,4.067539590677955
269,background,10,100,29.570878277542977,3.944,4.233794607119921,3.654205392880079
269,deviant,1,98,77.6994039129069,19.089285714285715,19.858470569899282,18.32010085867215
269,deviant,2,100,118.68518729904977,20.33,21.493114835530687,19.16688516446931
269,deviant,3,99,137.86857777188428,21.885353535353534,23.243272250481677,20.52743482022539
269,deviant,4,100,139.23367333182614,19.559,20.923489998651895,18.194510001348107
269,deviant,5,100,150.09521539413083,19.552,21.022933110862482,18.081066889137517
269,deviant,6,100,145.34736070241487,17.5905,19.014904134883665,16.166095865116333
269,deviant,7,100,141.75356674246518,16.261,17.65018495407616,14.87181504592384
269,deviant,8,99,152.37334688883504,17.656565656565657,19.157347218042368,16.155784095088947
269,deviant,9,99,145.09039831846397,16.199494949494948,17.628544051517512,14.770445847472384
269,deviant,10,99,144.09884217366033,15.473232323232322,16.892515221324377,14.053949425140265
270,background,1,99,158.19730352349646,36.321717171717175,37.879861040386075,34.763573303048275
270,background,2,100,157.91964145695982,33.5215,35.06911248627821,31.973887513721795
270,background,3,99,161.94003113563525,31.102020202020203,32.69702758195677,29.50701282208364
270,background,4,100,154.92136375390072,28.6305,30.148729364788228,27.112270635211775
270,background,5,100,153.3825798109866,25.933,27.436149282147667,24.429850717852332
270,background,6,98,150.98937745836014,24.01581632653061,25.510534904161794,22.52109774889943
270,background,7,100,147.37663886861625,22.199,23.64329106091244,20.754708939087564
270,background,8,100,143.2841306818838,19.865,21.26918448068246,18.46081551931754
270,background,9,100,142.5477574635769,18.677,20.073968023143053,17.280031976856947
270,background,10,100,137.47840021732793,17.407,18.754288322129813,16.059711677870187
270,deviant,1,99,159.9932317647416,37.10454545454545,38.6803780860146,35.528712823076305
270,deviant,2,99,215.1713454313489,41.37020202020202,43.48950434160536,39.25089969879868
270,deviant,3,100,226.80064280981955,40.559,42.78164629953623,38.33635370046377
270,deviant,4,100,259.74829921939516,42.45,44.99553333235008,39.90446666764993
270,deviant,5,100,290.5557198125507,44.978,47.825446054162995,42.13055394583701
270,deviant,6,100,275.99987128143454,42.1505,44.85529873855806,39.44570126144194
270,deviant,7,100,289.3285693681694,41.261,44.09641997980806,38.425580020191944
270,deviant,8,100,300.91939382324193,39.5675,42.51651005946778,36.61848994053223
270,deviant,9,100,304.7401395149299,40.647,43.63345336724631,37.660546632753686
270,deviant,10,100,295.40317230951723,38.5035,41.39845108863327,35.60854891136673
271,background,1,100,157.30408031647025,36.185,37.72657998710141,34.643420012898595
271,background,2,100,159.86042431808409,32.0035,33.57013215831723,30.43686784168278
271,background,3,100,154.8773028799521,27.256,28.773797568223532,25.738202431776468
271,background,4,100,146.0714407044501,23.3855,24.81700011890361,21.95399988109639
271,background,5,100,138.0590548699322,20.7765,22.129478737725336,19.42352126227466
271,background,6,100,128.4820691974688,17.213,18.472124278135194,15.953875721864806
271,background,7,100,123.25727265828128,15.3535,16.561421272051156,14.145578727948845
271,background,8,99,108.3759659703202,13.553030303030303,14.620465354871392,12.485595251189213
271,background,9,100,107.0882690513814,11.9675,13.016965036703537,10.918034963296462
271,background,10,100,100.81316747747837,10.951,11.938969041279288,9.963030958720713
271,deviant,1,100,153.08994604136277,35.56,37.06028147120536,34.05971852879465
271,deviant,2,100,239.18252774596095,41.3105,43.654488771910415,38.96651122808958
271,deviant,3,100,261.6021386521304,42.653,45.216700958790874,40.089299041209124
271,deviant,4,100,283.5042188491437,41.272999999999996,44.05134134472161,38.494658655278386
271,deviant,5,100,301.63317299765225,42.3455,45.301505095376996,39.38949490462301
271,deviant,6,100,288.8995818983694,37.627,40.458215902604024,34.79578409739598
271,deviant,7,98,310.7436581052485,40.04489795918367,43.12110322918077,36.968692689186575
271,deviant,8,99,311.60016975199756,38.51262626262626,41.58169181027735,35.44356071497518
271,deviant,9,100,314.30159836825857,36.122,39.202155664008934,33.041844335991065
271,deviant,10,99,298.490875290316,34.02171717171717,36.96166442004775,31.0817699233866
272,background,1,99,77.52848373000522,19.227777777777778,19.991384545279743,18.464171010275813
272,background,2,100,78.26594339006488,16.78,17.547006245222637,16.012993754777366
272,background,3,97,75.8834286049471,14.410309278350516,15.16537917101651,13.655239385684522
272,background,4,99,71.5571358021723,12.486363636363636,13.191156385205291,11.781570887521982
272,background,5,99,67.58548193525776,10.72979797979798,11.395472437851012,10.064123521744946
272,background,6,100,68.97608281136296,9.697000000000001,10.372965611551358,9.021034388448644
272,background,7,98,59.074774204971966,8.410714285714286,8.995524713837884,7.825903857590689
272,background,8,100,57.719124806437016,7.7684999999999995,8.334147423103083,7.202852576896917
272,background,9,99,51.90380779054552,6.723232323232323,7.234452161169673,6.212012485294973
272,background,10,100,49.241991066675254,6.12,6.602571512453418,5.6374284875465825
272,deviant,1,100,80.23667293831745,19.9325,20.718819394795513,19.14618060520449
272,deviant,2,100,116.5146704112947,21.365,22.506843770030688,20.22315622996931
272,deviant,3,99,131.71984824259644,22.17929292929293,23.47665052863227,20.881935329953592
272,deviant,4,99,136.2232107898457,22.26060606060606,23.602318946572314,20.91889317463981
272,deviant,5,99,139.74385402171396,20.605555555555554,21.981944561426033,19.229166549685075
272,deviant,6,98,140.15561839762634,19.820918367346938,21.208388202011918,18.433448532681957
272,deviant,7,100,147.85327008113217,19.747,21.195962046795096,18.298037953204904
272,deviant,8,100,160.21180881636198,20.5315,22.10157572640035,18.961424273599654
272,deviant,9,98,147.69177541865963,18.660714285714285,20.122788268650492,17.198640302778077
272,deviant,10,98,142.70083723429383,17.7015306122449,19.114196827896034,16.288864396593763
273,background,1,99,76.14912654577338,19.56969696969697,20.319717937116092,18.81967600227785
273,background,2,99,75.42886157098447,15.20959595959596,15.952522770355719,14.466669148836202
273,background,3,100,68.87282330116636,12.0865,12.761453668351429,11.41154633164857
273,background,4,100,61.85928428806446,9.2515,9.857720986023033,8.645279013976968
273,background,5,100,51.952913904399004,7.403,7.91213855626311,6.893861443736889
273,background,6,100,46.73466537131106,6.4065,6.8644997206388485,5.948500279361152
273,background,7,99,40.897883100537896,5.496969696969697,5.899788103954592,5.0941512899848025
273,background,8,99,33.478469121763055,4.725757575757576,5.055499424908301,4.3960157266068505
273,background,9,100,35.030437892600894,4.48,4.8232982913474896,4.136701708652511
273,background,10,100,28.991241871695625,4.0215,4.305614170342617,3.7373858296573825
273,deviant,1,100,79.94382896430271,19.254,20.037449523850167,18.470550476149835
273,deviant,2,99,126.64803071588017,22.15707070707071,23.404474096026892,20.909667318114526
273,deviant,3,100,142.52414384569153,21.847,23.24373660968778,20.450263390312223
273,deviant,4,100,142.4061278989001,20.174,21.569580053409222,18.778419946590777
273,deviant,5,100,147.4094191091779,20.127,21.57161230726994,18.682387692730057
273,deviant,6,100,146.29279400895783,18.5635,19.997169381287787,17.129830618712216
273,deviant,7,100,152.68344445461767,17.4685,18.96479775565525,15.972202244344746
273,deviant,8,100,143.50433699662915,16.634,18.040342502566965,15.227657497433034
273,deviant,9,100,150.86232831712215,16.438,17.916450817507794,14.959549182492202
273,deviant,10,100,144.59207592759927,16.024,17.441002344090474,14.606997655909527
274,background,1,100,157.42211942484616,36.7105,38.25323677036349,35.16776322963651
274,background,2,99,156.75607098123402,32.89040404040404,34.434352675658495,31.346455405149587
274,background,3,100,160.49731921027282,31.528,33.10087372826067,29.955126271739324
274,background,4,100,155.0490669365499,28.9025,30.421980855978187,27.383019144021812
274,background,5,99,158.61899069949447,26.197979797979798,27.76027701991796,24.635682576041635
274,background,6,99,151.67755792782057,24.48939393939394,25.983322417541505,22.995465461246372
274,background,7,100,151.5973631905113,22.2075,23.69315415926701,20.72184584073299
274,background,8,100,146.9035397803606,21.1735,22.613154689847534,19.733845310152468
274,background,9,100,140.93392442074253,18.8745,20.25565245932328,17.493347540676723
274,background,10,100,141.71819702642654,17.722,19.110838330858982,16.33316166914102
274,deviant,1,98,159.7528848269299,36.54897959183673,38.13045246629003,34.967506717383436
274,deviant,2,98,204.83722677698066,39.642857142857146,41.67064223216544,37.61507205354885
274,deviant,3,98,237.11939586363846,42.77602040816326,45.12338266688777,40.42865814943875
274,deviant,4,100,263.83208375982747,42.867,45.452554420846305,40.28144557915369
274,deviant,5,100,267.38615383590434,41.3605,43.980884307591865,38.74011569240814
274,deviant,6,99,278.9758006860471,40.68333333333334,43.43106937980394,37.93559728686274
274,deviant,7,100,274.9919711746623,41.244,43.93892131751169,38.54907868248831
274,deviant,8,100,297.977078772318,40.1115,43.03167537196872,37.19132462803128
274,deviant,9,100,290.992625155238,40.3865,43.23822772652133,37.534772273478666
274,deviant,10,98,276.1554529798865,36.79540816326531,39.52920767175739,34.061608654773224
275,background,1,99,158.1145653931784,36.8969696969697,38.45429864713121,35.339640746808186
275,background,2,100,163.16493915183204,31.7335,33.332516403687954,30.134483596312045
275,background,3,99,152.00212948646822,27.736363636363638,29.23348894007515,26.239238332652125
275,background,4,99,148.44803272880588,24.074242424242424,25.536362111876638,22.61212273660821
275,background,5,99,145.41149415221255,20.53181818181818,21.964029875702092,19.09960648793427
275,background,6,100,134.10682113033698,17.8705,19.184746847077303,16.556253152922697
275,background,7,100,122.97387399041523,15.443,16.64814396510607,14.23785603489393
275,background,8,99,117.49597977444972,14.026262626262627,15.18352407384231,12.869001178682943
275,background,9,100,104.85876466140436,12.7465,13.774115893681762,11.718884106318237
275,background,10,98,95.65417425617962,10.878571428571428,11.825499442286247,9.931643414856609
275,deviant,1,99,162.64362074308679,35.45353535353535,37.05547264825865,33.85159805881205
275,deviant,2,99,220.41024548733992,40.871212121212125,43.04211431074848,38.70030993167577
275,deviant,3,100,274.3385490114071,42.8435,45.53201778031179,40.15498221968821
275,deviant,4,100,271.46809931807536,39.9895,42.649887373317135,37.329112626682864
275,deviant,5,100,302.82293332468794,42.5365,45.504164746581935,39.56883525341806
275,deviant,6,100,308.01027836575093,40.536,43.55450072798436,37.51749927201564
275,deviant,7,100,320.54343247875653,40.2985,43.43982563829181,37.157174361708186
275,deviant,8,100,323.80523710858563,39.363,42.53629132366414,36.18970867633586
275,deviant,9,100,322.50792319928485,36.8985,40.05907764735299,33.737922352647004
275,deviant,10,99,319.04724530520883,35.413636363636364,38.55605091821933,32.2712218090534
276,background,1,99,155.70806861424668,19.945959595959597,21.479586067522877,18.412333124396316
276,background,2,100,147.8470582445892,18.267,19.715901170796975,16.818098829203024
276,background,3,100,146.07890802036087,17.281,18.712573298599537,15.849426701400462
276,background,4,100,135.16751789811354,15.094,16.418641675401513,13.769358324598487
276,background,5,98,133.17083409152164,14.445408163265306,15.763732161058677,13.127084165471935
276,background,6,98,130.2648011592258,13.447448979591837,14.737004719086318,12.157893240097355
276,background,7,100,126.08391107345516,12.328,13.563622328519859,11.09237767148014
276,background,8,100,118.15512773691339,11.1775,12.335420251821752,10.019579748178248
276,background,9,99,115.83389877433616,10.678282828282828,11.81917382414256,9.537391832423097
276,background,10,99,104.5599551000588,9.608080808080809,10.63793055468698,8.578231061474638
276,deviant,1,100,150.26508156202527,19.784,21.256597799307848,18.31140220069215
276,deviant,2,100,155.0923918185544,19.4745,20.994405439821833,17.954594560178165
276,deviant,3,99,152.71139791329125,17.97020202020202,19.474313171496775,16.466090868907266
276,deviant,4,99,158.24427319811608,18.556060606060605,20.114667096461307,16.997454115659902
276,deviant,5,99,158.6185178676384,17.56010101010101,19.122393574942997,15.997808445259025
276,deviant,6,100,155.59277144622047,16.938,18.46280916017296,15.413190839827038
276,deviant,7,99,150.599005728178,16.205555555555556,17.68886097338868,14.722250137722432
276,deviant,8,99,147.67698569940802,15.576262626262626,17.030787985962334,14.121737266562915
276,deviant,9,99,144.9243632127862,14.651010101010101,16.07842386174597,13.22359634027423
276,deviant,10,100,158.74206983922724,15.8025,17.358172284424427,14.246827715575574
277,background,1,99,158.27324806369387,20.73838383838384,22.2972757129734,19.17949196379428
277,background,2,100,144.8415377322112,17.3915,18.810947069775672,15.972052930224331
277,background,3,99,133.85157726691943,15.276262626262627,16.594616414759003,13.957908837766253
277,background,4,100,130.70024966754232,12.7215,14.002362446741916,11.440637553258085
277,background,5,100,123.13240626936602,11.792,12.998697581439787,10.585302418560213
277,background,6,100,109.19776843680893,10.144,11.214138130680727,9.073861869319273
277,background,7,100,100.40347551124334,9.171,10.154954060010184,8.187045939989815
277,background,8,100,91.21217312571711,8.1115,9.005379296632027,7.217620703367972
277,background,9,100,90.20873455200268,7.409,8.293045598609627,6.5249544013903735
277,background,10,100,86.19489849356393,7.0705,7.9152100052369265,6.2257899947630735
277,deviant,1,100,155.27578182399418,20.112,21.63370266187514,18.590297338124856
277,deviant,2,100,154.0464899068836,18.625,20.13465560108746,17.11534439891254
277,deviant,3,98,161.01246274091562,18.588265306122448,20.182207365757517,16.99432324648738
277,deviant,4,100,154.76092768151173,17.1335,18.650157091278817,15.616842908721187
277,deviant,5,99,149.35179240550426,15.886868686868686,17.357889838482585,14.415847535254787
277,deviant,6,100,147.79122009389496,15.0245,16.47285395692017,13.576146043079829
277,deviant,7,100,138.69178247580416,13.354,14.71317946826288,11.994820531737119
277,deviant,8,100,144.33482637694604,13.828,15.24248129849407,12.413518701505929
277,deviant,9,100,138.85740508654345,12.613,13.973802569848125,11.252197430151874
277,deviant,10,100,123.72565151214708,11.074,12.286511384819041,9.861488615180958
278,background,1,99,288.4710922304549,38.602525252525254,41.443783944272454,35.761266560778054
278,background,2,99,291.73370156973454,36.80707070707071,39.68046404728937,33.933677366852045
278,background,3,100,278.47901744636835,35.537,38.26609437097441,32.80790562902559
278,background,4,99,280.85799464835384,33.83585858585859,36.602133058185345,31.069584113531832
278,background,5,100,269.4139888135378,30.767500000000002,33.40775709037267,28.12724290962733
278,background,6,100,272.02136622738027,29.6375,32.30330938902833,26.971690610971674
278,background,7,100,255.77798246876037,26.9665,29.47312422819385,24.45987577180615
278,background,8,100,268.0177429319108,26.891,29.517573880732723,24.264426119267274
278,background,9,100,238.3411917487418,23.4675,25.803243679137672,21.13175632086233
278,background,10,100,246.14564045659938,23.4905,25.902727276474675,21.078272723525327
278,deviant,1,98,288.0459073426355,37.07602040816327,39.927529409413395,34.22451140691314
278,deviant,2,100,310.5530381008761,39.592,42.635419773388584,36.54858022661141
278,deviant,3,98,294.2765795355755,37.1,40.01318950907583,34.186810490924174
278,deviant,4,99,306.82891684214894,37.462626262626266,40.484697972191825,34.44055455306071
278,deviant,5,100,311.23474809386664,37.181,40.23110053131989,34.130899468680106
278,deviant,6,100,315.05364204912956,36.783500000000004,39.871025692081474,33.69597430791853
278,deviant,7,100,302.3362888886271,34.983,37.94589563110854,32.02010436889145
278,deviant,8,99,289.5437427183817,32.84949494949495,35.701318573410795,29.997671325579102
278,deviant,9,100,309.8209924592281,33.384,36.42024572610043,30.347754273899564
278,deviant,10,100,304.1966988297989,32.265,35.24612764853203,29.28387235146797
279,background,1,100,297.9950326325663,38.6045,41.524851319799154,35.68414868020085
279,background,2,100,285.03501169985566,35.066,37.859343114658586,32.27265688534142
279,background,3,98,285.1037945805186,32.31122448979592,35.13360806065454,29.488840918937303
279,background,4,100,270.8019571568861,28.843,31.496859180137484,26.189140819862516
279,background,5,99,263.69248936473036,27.72171717171717,30.318922221148807,25.124512122285534
279,background,6,100,257.4865300513694,25.1175,27.64086799450342,22.59413200549658
279,background,7,100,244.23013306047397,22.808,25.201455303992645,20.414544696007354
279,background,8,100,226.9203604791778,19.9495,22.173319532695942,17.72568046730406
279,background,9,100,227.89613285095697,19.469,21.702382101939378,17.235617898060624
279,background,10,97,205.91548470696722,17.740721649484534,19.78966152732526,15.691781771643809
279,deviant,1,99,287.35487870539015,38.1979797979798,41.02824448906158,35.36771510689802
279,deviant,2,100,302.36805299780633,38.2285,41.1917069193785,35.2652930806215
279,deviant,3,100,294.3494879435525,36.05,38.93462498184681,33.165375018153185
279,deviant,4,100,321.16898732762576,37.1125,40.25995607581073,33.96504392418927
279,deviant,5,99,303.1965447310409,33.93787878787879,36.924173918402936,30.95158365735464
279,deviant,6,100,317.7399714761808,33.464999999999996,36.57885172046657,30.351148279533426
279,deviant,7,99,316.6706449426929,32.744949494949495,35.86395603181881,29.625942958080184
279,deviant,8,100,293.0434851869707,30.069,32.940826154832315,27.197173845167686
279,deviant,9,100,308.4706204555152,29.7215,32.74451208046405,26.69848791953595
279,deviant,10,99,304.6420159707732,29.44040404040404,32.440936152844834,26.439871927963246
280,background,1,100,77.65405740577211,19.115,19.876009762576565,18.35399023742343
280,background,2,98,74.65446720514593,16.444897959183674,17.183939479276457,15.70585643909089
280,background,3,100,72.8557876182372,13.7945,14.508486718658723,13.080513281341275
280,background,4,98,71.65384626250379,12.156122448979591,12.865459337243998,11.446785560715185
280,background,5,99,66.83993054895758,10.286363636363637,10.944694882519455,9.628032390207819
280,background,6,99,61.159261466746756,9.006565656565657,9.608945887734237,8.404185425397078
280,background,7,99,54.582168863968164,7.733838383838384,8.271438392560473,7.196238375116295
280,background,8,98,51.27605884354134,6.864795918367347,7.372403003258386,6.357188833476307
280,background,9,99,45.533879809723175,6.211616161616162,6.660096218241711,5.763136104990612
280,background,10,100,42.52002624151293,5.73,6.146696257166827,5.313303742833174
280,deviant,1,100,78.40366197140486,19.0985,19.86685588731977,18.330144112680234
280,deviant,2,100,112.84854778348769,21.84,22.94591576827818,20.73408423172182
280,deviant,3,99,132.990324143486,21.780808080808082,23.090679068120362,20.470937093495802
280,deviant,4,99,140.70858276294976,21.315151515151516,22.70104249191281,19.929260538390224
280,deviant,5,100,140.68648421971906,20.4735,21.852227545353248,19.094772454646755
280,deviant,6,100,142.98863591208917,20.7165,22.117788631938474,19.315211368061526
280,deviant,7,98,149.91563416942557,20.79234693877551,22.276436000154664,19.308257877396354
280,deviant,8,99,157.5225881880871,19.674242424242426,21.225740771530436,18.122744076954415
280,deviant,9,100,144.903061970481,17.4875,18.907550007310714,16.067449992689287
280,deviant,10,99,146.7873865224981,17.697979797979798,19.14374316570997,16.252216430249625
281,background,1,100,78.40972012784076,19.011,19.77941525725284,18.24258474274716
281,background,2,100,75.95734606377866,14.2625,15.00688199142503,13.518118008574968
281,background,3,100,67.18632771315119,11.0655,11.723926011588881,10.407073988411119
281,background,4,100,57.315172052157536,8.7815,9.343188686111143,8.219811313888856
281,background,5,100,48.27435300337786,7.0605,7.533588659433104,6.587411340566897
281,background,6,100,42.554268757360695,5.9005,6.317531833822135,5.4834681661778655
281,background,7,100,33.14664387234401,4.921,5.245837109948972,4.596162890051029
281,background,8,100,33.607212571739794,4.5145,4.8438506832030495,4.1851493167969505
281,background,9,99,27.850918911420614,4.08989898989899,4.364213011516807,3.815584968281173
281,background,10,98,23.934779802841863,3.7224489795918365,3.9593912110589846,3.4855067481246884
281,deviant,1,100,78.78576881912782,19.0455,19.817600534427452,18.27339946557255
281,deviant,2,98,122.57711858254784,21.293367346938776,22.506818911691155,20.079915782186397
281,deviant,3,100,131.9577185074227,19.706500000000002,20.999685641372743,18.41331435862726
281,deviant,4,99,136.27926049882007,19.3989898989899,20.741254839311274,18.056724958668525
281,deviant,5,100,147.1548772373408,19.31,20.752117796925937,17.86788220307406
281,deviant,6,100,149.3967606920015,18.2775,19.741588254781615,16.813411745218385
281,deviant,7,98,139.1189948815118,15.591836734693878,16.969044520109907,14.214628949277849
281,deviant,8,100,144.20639448556474,16.204,17.617222665958536,14.790777334041467
281,deviant,9,100,127.74967298341087,12.722,13.973946795237426,11.470053204762573
281,deviant,10,99,139.00646520367698,14.464141414141414,15.833267604274464,13.095015224008364
282,background,1,100,157.9051930748321,35.9725,37.51997089213335,34.42502910786664
282,background,2,100,155.71659479559924,33.518,35.04402262899687,31.991977371003127
282,background,3,100,153.51930274655845,30.1415,31.645989166916273,28.63701083308373
282,background,4,99,154.9232407559169,28.270707070707072,29.796603481844667,26.744810659569477
282,background,5,99,155.92268664478019,25.97171717171717,27.507457495798374,24.435976847635967
282,background,6,98,144.30427465674924,23.432142857142857,24.860682293438764,22.00360342084695
282,background,7,99,147.70329433663537,22.04141414141414,23.496198624631607,20.586629658196674
282,background,8,99,139.9044692864234,20.174242424242426,21.552213389377364,18.796271459107487
282,background,9,100,138.41412880422135,18.8755,20.23195846228137,17.51904153771863
282,background,10,100,130.53222026118988,17.0285,18.307715758559663,15.749284241440341
282,deviant,1,99,160.10771867385836,36.64090909090909,38.21786934637378,35.0639488354444
282,deviant,2,100,223.58427705759735,41.4165,43.607625915164455,39.22537408483554
282,deviant,3,99,249.10423204163484,42.81969696969697,45.27321686649787,40.36617707289607
282,deviant,4,100,272.808217772505,43.7585,46.43202053417055,41.08497946582945
282,deviant,5,100,283.25059576283337,41.909,44.68485583847577,39.13314416152423
282,deviant,6,99,270.90075382149206,40.48535353535353,43.153555452727225,37.81715161797984
282,deviant,7,100,291.0062126303727,41.288,44.13986088377765,38.43613911622234
282,deviant,8,99,295.43367765834824,41.25050505050505,44.160340826392904,38.34066927461719
282,deviant,9,99,301.87046716657863,40.624242424242425,43.59747652540371,37.65100832308114
282,deviant,10,100,300.0745740645148,39.6185,42.559230825832245,36.67776917416775
283,background,1,99,160.70497650565835,36.21111111111111,37.7939539802987,34.628268241923514
283,background,2,100,153.70637592500842,30.8775,32.383822484065085,29.371177515934917
283,background,3,100,151.5050198925157,26.9675,28.452249194946656,25.482750805053346
283,background,4,100,145.47076031032202,22.944,24.369613451041154,21.518386548958844
283,background,5,100,142.48279674550554,20.465,21.861331408105954,19.068668591894046
283,background,6,99,133.6360335900621,17.391919191919193,18.708150010863967,16.07568837297442
283,background,7,99,117.65138064817194,14.616161616161616,15.774953664536529,13.457369567786703
283,background,8,99,112.01043184500834,13.173737373737374,14.276969626873305,12.070505120601444
283,background,9,100,98.31391720295491,11.436,12.399476388588958,10.472523611411042
283,background,10,98,88.4667942462624,10.033673469387756,10.909450051086896,9.157896887688615
283,deviant,1,100,159.58355343303955,35.103,36.66691882364379,33.53908117635621
283,deviant,2,100,231.46003974768513,41.8865,44.15480838952731,39.618191610472685
283,deviant,3,100,264.5393712613841,41.845,44.43748583836156,39.25251416163844
283,deviant,4,99,286.0141558881677,42.31363636363636,45.13069577883347,39.496576948439255
283,deviant,5,100,308.1230273770528,42.777,45.796605668295115,39.75739433170489
283,deviant,6,100,309.0275111241375,38.0625,41.09096960901655,35.03403039098345
283,deviant,7,100,326.6512505313338,40.4915,43.692682255207075,37.29031774479293
283,deviant,8,100,313.12002491057643,37.0535,40.12207624412365,33.98492375587635
283,deviant,9,99,322.2052549475094,37.21313131313131,40.38665027500664,34.03961235125599
283,deviant,10,100,329.20065069961913,34.371,37.59716637685627,31.144833623143736
284,background,1,100,80.69177875034566,19.134,19.92477943175339,18.34322056824661
284,background,2,100,76.21215195271131,16.3155,17.06237908913657,15.56862091086343
284,background,3,100,73.42523945806157,14.0935,14.813067346689003,13.373932653310998
284,background,4,98,70.14027298732762,11.864285714285714,12.558638991576323,11.169932436995104
284,background,5,100,68.43354440623399,10.4355,11.106148735181092,9.764851264818907
284,background,6,100,63.37256171993814,9.0675,9.688551104855394,8.446448895144608
284,background,7,100,59.74469806910418,8.2015,8.78699804107722,7.616001958922778
284,background,8,100,55.217869914500845,7.3705,7.911635125162108,6.829364874837892
284,background,9,100,51.083085057065304,6.4755,6.97611423355924,5.97488576644076
284,background,10,100,46.47537548332223,5.9185,6.373958679736558,5.463041320263442
284,deviant,1,99,76.37861026009284,19.155050505050504,19.907331742616222,18.402769267484786
284,deviant,2,100,121.25725154658411,21.741,22.929321065156525,20.552678934843474
284,deviant,3,100,132.35282789812834,21.5615,22.858557713401655,20.264442286598342
284,deviant,4,100,139.82102281507113,21.7685,23.138746023587696,20.398253976412303
284,deviant,5,100,143.7405832155898,21.3885,22.797157715512782,19.97984228448722
284,deviant,6,100,146.78368437942956,21.2275,22.665980106918408,19.78901989308159
284,deviant,7,98,145.3357003267734,19.593367346938773,21.032117376432577,18.15461731744497
284,deviant,8,99,149.62260418870713,19.132828282828285,20.606516760054962,17.65913980560161
284,deviant,9,100,148.12508050186577,18.7015,20.153125788918285,17.249874211081714
284,deviant,10,100,152.67856672382703,18.4365,19.932749953893502,16.940250046106495
285,background,1,99,79.94417460097752,18.833838383838383,19.621238185958326,18.04643858171844
285,background,2,100,76.05192132248932,14.949,15.694308828960395,14.203691171039605
285,background,3,100,68.53170606983389,11.118,11.789610719484372,10.446389280515628
285,background,4,98,58.39890049433609,8.655102040816328,9.233221660563697,8.076982421068958
285,background,5,98,49.24813648625115,7.301020408163265,7.788552085946469,6.813488730380062
285,background,6,100,44.74183253899384,6.083,6.52146995888214,5.644530041117861
285,background,7,99,37.29456006613185,5.057575757575758,5.42490370064096,4.690247814510555
285,background,8,100,32.08811880464563,4.581,4.895463564285528,4.266536435714473
285,background,9,100,26.444529829337807,4.0755,4.334656392327511,3.8163436076724895
285,background,10,98,28.098510917653154,3.933673469387755,4.21183453594339,3.65551240283212
285,deviant,1,100,79.42184175255836,19.1515,19.92983404917507,18.373165950824927
285,deviant,2,98,129.56091840886035,21.672448979591838,22.955036635363108,20.38986132382057
285,deviant,3,99,136.85772481707147,21.110101010101012,22.458063459865674,19.76213856033635
285,deviant,4,100,146.58993108237976,20.7255,22.16208132460732,19.28891867539268
285,deviant,5,100,141.04477639164247,19.485500000000002,20.867738808638098,18.103261191361906
285,deviant,6,100,150.92256641281838,18.666,20.14504115084562,17.18695884915438
285,deviant,7,100,154.05090580372246,18.1055,19.61519887687648,16.59580112312352
285,deviant,8,99,148.5199171474105,15.75909090909091,17.221918613003574,14.296263205178246
285,deviant,9,100,153.17589648230523,16.0635,17.564623785526592,14.56237621447341
285,deviant,10,100,132.01600780128703,12.899000000000001,14.192756876452615,11.605243123547387
286,background,1,100,161.78589652930035,35.7645,37.35000178598714,34.17899821401286
286,background,2,99,154.9322772256181,33.08282828282828,34.608813697504786,31.556842868151776
286,background,3,99,154.94335977008535,30.795454545454547,32.321549116218584,29.26935997469051
286,background,4,99,158.24206141225537,28.27121212121212,29.829796826914215,26.712627415510024
286,background,5,100,158.32622052352275,26.1575,27.709096961130523,24.605903038869474
286,background,6,100,152.69107960019696,23.4815,24.977872580081932,21.98512741991807
286,background,7,100,146.55804490479457,22.1415,23.577768840066987,20.705231159933014
286,background,8,100,146.2687684763188,20.412,21.845433931067923,18.978566068932075
286,background,9,98,138.49814743203342,18.201020408163266,19.57208211739678,16.829958698929754
286,background,10,100,138.94159128739562,17.0625,18.424127594616476,15.700872405383523
286,deviant,1,100,155.8563272274889,35.811,37.338392006829395,34.283607993170605
286,deviant,2,100,201.22185975212847,39.77,41.741974225570864,37.79802577442914
286,deviant,3,99,239.77435664654212,42.69292929292929,45.05455578940968,40.3313027964489
286,deviant,4,99,269.93210647357824,42.945454545454545,45.604115896128064,40.286793194781026
286,deviant,5,97,267.30469013547264,41.73762886597938,44.39741542808195,39.077842303876814
286,deviant,6,100,301.08904523063393,41.7355,44.686172643260214,38.78482735673979
286,deviant,7,100,299.71293721967044,41.917500000000004,44.85468678475277,38.980313215247236
286,deviant,8,98,304.10275704456427,42.856632653061226,45.86709635663354,39.84616894948891
286,deviant,9,100,296.0624889587012,40.9375,43.83891239179527,38.03608760820473
286,deviant,10,100,299.5713999770514,37.8485,40.784299719775106,34.9127002802249
287,background,1,99,157.06662180173905,36.14191919191919,37.68892655729169,34.5949118265467
287,background,2,100,155.60625072007196,31.055,32.5799412570567,29.530058742943293
287,background,3,100,153.80342033018368,27.1085,28.6157735192358,25.6012264807642
287,background,4,100,148.49796206292564,23.8195,25.27478002821667,22.36421997178333
287,background,5,100,136.2764025601529,19.998,21.3335087450895,18.662491254910503
287,background,6,100,130.1582437690853,17.269,18.544550788937034,15.993449211062963
287,background,7,99,115.59802174595787,15.05,16.188567755593677,13.911432244406326
287,background,8,100,111.23512319217768,13.437,14.52710420728334,12.346895792716658
287,background,9,99,100.08052021405459,11.687878787878788,12.673608920260989,10.702148655496586
287,background,10,100,93.19634056515761,10.521,11.434324137538546,9.607675862461456
287,deviant,1,100,160.19004338597327,36.4945,38.06436242518254,34.92463757481747
287,deviant,2,100,234.1655565934855,41.2755,43.57032245461616,38.98067754538384
287,deviant,3,100,254.91450063026815,40.289500000000004,42.78766210617663,37.791337893823375
287,deviant,4,100,290.1987884917945,41.6,44.443948127219585,38.75605187278042
287,deviant,5,100,269.943741702249,36.3515,38.996948668682045,33.70605133131796
287,deviant,6,100,298.5652225314649,38.0145,40.940439180808355,35.08856081919164
287,deviant,7,99,307.0981242123384,39.56969696969697,42.59442020241696,36.54497373697698
287,deviant,8,100,344.3455424883251,41.296,44.67058631638559,37.92141368361441
287,deviant,9,100,316.69466035084463,35.8095,38.913107671438276,32.705892328561724
287,deviant,10,100,317.9182698678852,33.971,37.086599044705274,30.855400955294723
288,background,1,100,155.98310468563068,21.1355,22.66413442591918,19.60686557408082
288,background,2,100,152.3117820372686,19.233999999999998,20.72665546396523,17.741344536034767
288,background,3,99,142.8751479255117,17.443939393939395,18.851169673893146,16.036709113985644
288,background,4,99,143.46927050399108,16.554545454545455,17.967627467950262,15.141463441140647
288,background,5,99,140.93411114492662,15.323737373737373,16.711849663111213,13.935625084363533
288,background,6,98,128.23510480856308,13.616326530612245,14.88578930136048,12.346863759864009
288,background,7,98,129.69952116131225,12.921938775510204,14.205898528527573,11.637979022492836
288,background,8,99,123.68104139276967,12.11010101010101,13.32828142167867,10.89192059852335
288,background,9,99,114.57757656990124,11.029292929292929,12.157809942181313,9.900775916404545
288,background,10,100,108.7547942076941,9.92,10.985796983235403,8.854203016764597
288,deviant,1,100,153.81958844527472,21.0855,22.592931966763693,19.578068033236306
288,deviant,2,97,155.89242242142834,21.260824742268042,22.81201552040212,19.709633964133964
288,deviant,3,100,156.44689699366802,19.108,20.64117959053795,17.574820409462053
288,deviant,4,99,157.80623528472137,19.73989898989899,21.2941910825584,18.18560689723958
288,deviant,5,99,160.17951278421805,18.697474747474747,20.275142129738516,17.119807365210978
288,deviant,6,100,152.6813675600268,17.444,18.940277402088263,15.947722597911737
288,deviant,7,100,156.43418828107204,17.1005,18.633555045154505,15.567444954845495
288,deviant,8,100,155.26009586632702,16.6415,18.163048939490004,15.119951060509996
288,deviant,9,100,151.48420970343307,15.4725,16.957045255093643,13.987954744906355
288,deviant,10,99,149.862682760621,15.276262626262627,16.75231572631469,13.800209526210562
289,background,1,100,156.38827355419957,20.2755,21.808105080831158,18.742894919168844
289,background,2,99,147.68017541473301,18.756060606060608,20.21061738244863,17.301503829672587
289,background,3,100,144.0884048806587,15.895,17.307066367830455,14.482933632169544
289,background,4,100,134.17817102251533,14.2025,15.51744607602065,12.88755392397935
289,background,5,99,127.2062767402036,12.363636363636363,13.616538124566246,11.110734602706481
289,background,6,99,115.27422681771084,10.812121212121212,11.947499791471568,9.676742632770857
289,background,7,100,108.19537639698018,9.6075,10.667814688690406,8.547185311309594
289,background,8,100,97.59878935832414,8.4795,9.435968135711576,7.5230318642884235
289,background,9,99,90.62705533059504,7.957575757575758,8.85019521096556,7.064956304185956
289,background,10,99,84.32658942593686,6.877777777777778,7.708341607585839,6.047213947969717
289,deviant,1,100,157.02001213388797,20.638,22.176796118912105,19.0992038810879
289,deviant,2,99,159.64757238499138,20.16868686868687,21.741114972827106,18.596258764546633
289,deviant,3,99,154.75703368081275,18.843939393939394,20.368198769999687,17.3196800178791
289,deviant,4,100,144.818216359247,16.672,18.09121852032062,15.25278147967938
289,deviant,5,99,159.14911908415692,16.88080808080808,18.448326733666818,15.313289427949341
289,deviant,6,99,153.27604955902618,16.32929292929293,17.83896554390052,14.81962031468534
289,deviant,7,100,153.95804281481503,15.372,16.880788819585188,13.863211180414812
289,deviant,8,100,146.82046860026026,14.7335,16.17234059228255,13.294659407717448
289,deviant,9,100,148.05728798784537,13.9515,15.402461422280885,12.500538577719114
289,deviant,10,100,142.54726824534563,12.9235,14.320463228804387,11.526536771195614
290,background,1,100,305.5073519659767,39.103,42.096972049266576,36.10902795073343
290,background,2,99,293.0345677471121,37.806060606060605,40.69226665934766,34.91985455277355
290,background,3,99,284.4584050621924,36.95757575757576,39.75931200634285,34.15583950880867
290,background,4,99,279.9611345206782,33.948484848484846,36.705925813047145,31.19104388392255
290,background,5,98,291.60164789080255,33.49591836734694,36.38262740414956,30.60920933054432
290,background,6,99,271.60757779522544,30.80959595959596,33.484759648228525,28.134432270963394
290,background,7,100,265.38357046675713,29.0305,31.63125899057422,26.42974100942578
290,background,8,100,255.22096205775142,26.6095,29.110665428165966,24.108334571834035
290,background,9,100,252.48193265219888,25.198999999999998,27.673322939991547,22.72467706000845
290,background,10,100,250.9938036559552,23.952,26.411739275828364,21.49226072417164
290,deviant,1,100,301.0694053571456,39.3435,42.29398017250003,36.39301982749997
290,deviant,2,100,302.5731968857853,39.664500000000004,42.6297173294807,36.69928267051931
290,deviant,3,100,300.9239412560134,39.478500000000004,42.42755462430893,36.529445375691076
290,deviant,4,100,304.5289459926075,38.879,41.86338367072755,35.894616329272445
290,deviant,5,99,307.8738848089724,38.26414141414141,41.296505400466415,35.23177742781641
290,deviant,6,100,325.15005442831597,36.857,40.043470533397496,33.6705294666025
290,deviant,7,99,315.750901153025,35.505050505050505,38.61499814448795,32.39510286561306
290,deviant,8,99,320.39823082499925,37.17979797979798,40.33551889142647,34.0240770681695
290,deviant,9,100,317.7606928094424,34.793,37.90705478953254,31.678945210467464
290,deviant,10,100,311.84274039464526,33.761,36.81705885586753,30.70494114413248
291,background,1,100,293.6057731040042,40.6355,43.51283657641924,37.75816342358076
291,background,2,100,286.9486337675311,36.594500000000004,39.40659661092181,33.7824033890782
291,background,3,100,288.5684311799962,33.8905,36.71847062556397,31.06252937443604
291,background,4,99,270.0618301523989,29.788383838383837,32.448322885644295,27.12844479112338
291,background,5,100,263.8005227240342,27.878,30.463245122695536,25.292754877304464
291,background,6,100,258.23283047831484,24.611,27.141681738687485,22.080318261312517
291,background,7,99,249.25368603091914,23.43939393939394,25.894385863921382,20.9844020148665
291,background,8,100,232.14377350889117,21.388,23.663008980387136,19.112991019612867
291,background,9,99,222.48985192706277,19.82171717171717,22.013102175758753,17.63033216767559
291,background,10,100,216.8577571637807,18.4385,20.563706020205053,16.31329397979495
291,deviant,1,99,293.2573326583578,39.78989898989899,42.678299137351246,36.90149884244673
291,deviant,2,100,302.56205974973136,40.219,43.184108185547366,37.253891814452636
291,deviant,3,100,313.90469136850743,38.0875,41.16376597541137,35.011234024588624
291,deviant,4,99,315.6033569963546,38.12828282828283,41.2367772506429,35.01978840592275
291,deviant,5,100,313.50232098528056,36.342,39.414322745655745,33.26967725434425
291,deviant,6,100,308.37253188481725,33.4015,36.423550812471206,30.379449187528788
291,deviant,7,100,314.66960534235875,33.158500000000004,36.24226213235512,30.074737867644888
291,deviant,8,98,307.11329985425317,31.411224489795917,34.4514910466692,28.370957932922636
291,deviant,9,100,313.73990652667754,31.537499999999998,34.612151083961436,28.46284891603856
291,deviant,10,99,301.74416228600717,28.936868686868685,31.908858764453953,25.964878609283417
292,background,1,100,86.54355459596782,19.7385,20.586626835040484,18.890373164959513
292,background,2,100,85.0491034638226,17.6315,18.46498121394546,16.798018786054538
292,background,3,99,83.53601492454428,14.741919191919193,15.564696360484398,13.919142023353988
292,background,4,99,78.1062030018642,12.922222222222222,13.691519160929447,12.152925283514998
292,background,5,99,77.7303029712351,10.914141414141413,11.679735974142352,10.148546854140475
292,background,6,100,75.70100465161052,9.826,10.567869845585783,9.084130154414218
292,background,7,99,64.96132452629432,8.233333333333333,8.873161492580197,7.593505174086467
292,background,8,100,59.293227624284924,7.1194999999999995,7.700573630717992,6.538426369282007
292,background,9,100,57.29641304103095,6.815,7.376504847802104,6.253495152197897
292,background,10,99,54.77153505819953,5.956565656565656,6.496030803111861,5.417100510019452
292,deviant,1,100,85.89335492954407,20.006,20.847754878309534,19.164245121690467
292,deviant,2,100,119.8713125770606,22.085,23.259738863255194,20.910261136744808
292,deviant,3,99,129.492694368203,22.23838383838384,23.513805373854346,20.962962302913333
292,deviant,4,100,142.1643044989994,21.575,22.968210184090193,20.181789815909806
292,deviant,5,99,144.7794238797329,21.707575757575757,23.133561957107382,20.281589558044132
292,deviant,6,100,142.72208916927366,19.575,20.97367647385888,18.17632352614112
292,deviant,7,100,143.7172479851359,19.24,20.64842903025433,17.831570969745666
292,deviant,8,100,149.48469381247875,18.977,20.441949999362294,17.512050000637707
292,deviant,9,100,147.7585334609352,18.431,19.879033627917167,16.982966372082835
292,deviant,10,100,153.81071757879965,18.534,20.041345032272236,17.02665496772776
293,background,1,99,82.86209215189703,20.066666666666666,20.88280612009534,19.250527213237994
293,background,2,99,85.30035169915772,15.856060606060606,16.696215381363732,15.015905830757479
293,background,3,100,78.75431483584349,12.248,13.019792285391265,11.476207714608734
293,background,4,100,67.78796275694411,9.4825,10.146822035018053,8.818177964981947
293,background,5,100,60.187579589497574,7.7025,8.292338279977075,7.112661720022923
293,background,6,100,53.209491634481914,6.2245,6.745953018017922,5.7030469819820775
293,background,7,98,43.77448187195247,5.393877551020408,5.8272228126646,4.960532289376215
293,background,8,100,40.81550273067691,4.724,5.123991926760634,4.324008073239367
293,background,9,100,38.75747805602369,4.29,4.669823284949032,3.9101767150509676
293,background,10,99,36.393716924476784,3.951010101010101,4.309465306130097,3.592554895890105
293,deviant,1,100,82.03771597323552,19.9915,20.795469616537705,19.187530383462292
293,deviant,2,100,126.38671857271612,21.598499999999998,22.837089842012617,20.35991015798738
293,deviant,3,98,136.40082188361737,21.18673469387755,22.53703393946409,19.83643544829101
293,deviant,4,99,145.8912807177786,21.227777777777778,22.66471506734983,19.790840488205724
293,deviant,5,98,145.27018384991973,19.209183673469386,20.647285122932313,17.77108222400646
293,deviant,6,100,154.99835313216784,19.71,21.228983860695244,18.191016139304757
293,deviant,7,100,151.6914284779605,17.829,19.315575999084015,16.342424000915987
293,deviant,8,100,145.15774541040375,17.1445,18.567045905021956,15.721954094978043
293,deviant,9,100,146.73771803710466,15.291,16.729029636763627,13.852970363236375
293,deviant,10,99,151.82564446031336,16.354545454545455,17.849932491830863,14.859158417260046
294,background,1,99,162.78088275185658,37.12323232323232,38.72652156234786,35.51994308411678
294,background,2,99,166.08208179914186,34.842424242424244,36.47822821434633,33.20662027050216
294,background,3,100,165.69910109974393,31.6785,33.30235119077749,30.05464880922251
294,background,4,99,168.57711026489676,29.778787878787877,31.43916631070064,28.118409446875116
294,background,5,99,159.58654639246282,26.716666666666665,28.288493703190895,25.144839630142435
294,background,6,100,162.712395607128,24.296499999999998,25.891081476949854,22.701918523050143
294,background,7,100,160.12375148451176,23.16,24.729212764548215,21.590787235451785
294,background,8,98,148.44957499363034,20.745408163265306,22.214983979256903,19.27583234727371
294,background,9,100,158.68702231950658,19.6515,21.206632818731162,18.096367181268835
294,background,10,100,148.8525763085215,17.817,19.27575524782351,16.35824475217649
294,deviant,1,99,171.69740825067802,36.365656565656565,38.05676796878108,34.67454516253205
294,deviant,2,100,224.34999090941065,41.4765,43.675129910912226,39.27787008908778
294,deviant,3,100,247.521078315618,44.330999999999996,46.756706567493055,41.90529343250694
294,deviant,4,99,273.8452117529171,43.05555555555556,45.75275853028117,40.358352580829944
294,deviant,5,99,283.4744813540495,43.268181818181816,46.06022703771558,40.476136598648054
294,deviant,6,100,274.4407806891373,40.735,43.424519650753545,38.04548034924645
294,deviant,7,97,282.3934871397487,40.652061855670105,43.461987869085434,37.84213584225478
294,deviant,8,97,295.23612762097997,41.901546391752575,44.83926171764342,38.96383106586173
294,deviant,9,100,325.76055542942,42.0005,45.19295344320832,38.80804655679169
294,deviant,10,100,316.2311862512847,41.937,45.03606562526259,38.83793437473741
295,background,1,100,169.63226480583788,36.606,38.26839619509721,34.94360380490279
295,background,2,100,168.88109332962804,32.3895,34.04453471463035,30.734465285369645
295,background,3,100,158.61003154045193,28.528,30.082378309096427,26.97362169090357
295,background,4,99,162.16973726380186,24.885353535353534,26.4826233760731,23.28808369463397
295,background,5,99,146.80611990685287,21.278787878787877,22.724735758562957,19.832839999012798
295,background,6,99,135.91068080873828,18.07121212121212,19.409846783574103,16.732577458850137
295,background,7,100,129.884523611107,15.068999999999999,16.34186833138885,13.79613166861115
295,background,8,100,115.98090813850175,13.3175,14.454112899757318,12.180887100242684
295,background,9,100,111.00936423279083,12.243,13.330891769481351,11.15510823051865
295,background,10,100,105.41176155289415,10.8475,11.880535263218363,9.814464736781638
295,deviant,1,100,164.6430668861711,36.7725,38.386002055484475,35.15899794451553
295,deviant,2,98,233.9788283269731,43.031122448979595,45.347394675276796,40.714850222682394
295,deviant,3,100,256.97982206268347,42.0675,44.5859022562143,39.54909774378571
295,deviant,4,100,278.77027894137603,41.665,44.396948733625486,38.93305126637451
295,deviant,5,99,293.32205670110864,41.15,44.03903763853536,38.260962361464635
295,deviant,6,100,312.5296575400569,40.7825,43.845290643892554,37.719709356107444
295,deviant,7,99,308.199350216194,40.21363636363636,43.24920597937117,37.17806674790155
295,deviant,8,99,304.90230963548413,36.91161616161616,39.9147120028228,33.908520320409515
295,deviant,9,99,322.555731618584,37.906060606060606,41.083031542552334,34.72908966956888
295,deviant,10,100,335.61215867818555,36.933,40.22199915504622,33.64400084495378
296,background,1,100,81.61032248951174,20.0115,20.81128116039722,19.211718839602785
296,background,2,98,84.08565495030084,17.387244897959185,18.219650413381363,16.554839382537008
296,background,3,100,87.7489541098264,15.42,16.2799397502763,14.560060249723701
296,background,4,100,81.52431022642716,12.8445,13.643438240218986,12.045561759781014
296,background,5,100,77.09148700356644,11.4715,12.226996572634953,10.716003427365049
296,background,6,100,75.19010993195145,9.785,10.521863077333125,9.048136922666876
296,background,7,97,66.73255735041417,8.798453608247423,9.462468740961386,8.1344384755334591
296,background,8,100,66.83697763175239,7.6895,8.344502380791173,7.034497619208826
296,background,9,99,60.02617849957766,6.907070707070707,7.498290784186942,6.315850629954472
296,background,10,100,57.253476106833794,6.3075,6.868584065846971,5.746415934153029
296,deviant,1,100,86.46019771821994,20.1515,20.998809937638555,19.304190062361442
296,deviant,2,100,116.21767235847159,22.118,23.25693318911302,20.979066810886977
296,deviant,3,100,139.55391336985895,21.661,23.02862835102462,20.293371648975384
296,deviant,4,100,145.83864551728317,23.317,24.746218726069376,21.887781273930624
296,deviant,5,98,147.81914625649816,21.95,23.41333488990046,20.486665110099537
296,deviant,6,100,143.95087795202187,20.5505,21.961218603929815,19.139781396070184
296,deviant,7,100,148.37111188538444,19.3615,20.815536896476768,17.90746310352323
296,deviant,8,100,149.13204145814436,20.1215,21.582994006289816,18.660005993710186
296,deviant,9,99,156.75576880176237,19.935858585858586,21.47980424483544,18.391912926881734
296,deviant,10,100,157.88476810636294,18.703,20.250270727442356,17.155729272557643
297,background,1,100,86.81971641219947,19.928,20.778833220839555,19.077166779160446
297,background,2,99,83.23003949106483,15.677272727272728,16.497036230402298,14.857509224143158
297,background,3,100,80.80325358222701,12.3125,13.104371885105826,11.520628114894174
297,background,4,99,69.21746813295645,9.435353535353535,10.117102030264718,8.753605040442352
297,background,5,100,60.01626972395857,7.5280000000000005,8.116159443294794,6.939840556705207
297,background,6,100,53.113830095074306,6.377,6.897515534931728,5.856484465068272
297,background,7,99,49.852651304672484,5.744949494949495,6.2359667325203425,5.253932257378647
297,background,8,99,45.3492006544768,4.888383838383838,5.335044921569202,4.441722755198474
297,background,9,98,38.86501606437608,4.398979591836735,4.783723621577357,4.014235562096113
297,background,10,100,35.681411938076906,3.977,4.326677836993154,3.627322163006846
297,deviant,1,100,84.59418606375661,19.9555,20.784523023424814,19.126476976575187
297,deviant,2,99,129.5453588516393,22.165656565656565,23.44159681314134,20.88971631817179
297,deviant,3,100,140.8152578455377,20.954,22.33398952688627,19.57401047311373
297,deviant,4,100,147.3297679571776,20.4915,21.93533172598034,19.047668274019657
297,deviant,5,99,157.0215623811952,20.815656565656564,22.362220124097572,19.269093007215556
297,deviant,6,100,156.72907398303272,18.8955,20.43144492503372,17.359555074966277
297,deviant,7,99,148.55251596657658,18.58939393939394,20.05254272115735,17.126245157630528
297,deviant,8,100,153.21187599976844,17.655,19.15647638479773,16.15352361520227
297,deviant,9,100,155.48756931191096,17.375,18.898778179256727,15.851221820743273
297,deviant,10,100,156.10510123496593,16.7405,18.270329992102667,15.210670007897335
298,background,1,100,167.13366853478308,37.384,39.02190995164087,35.74609004835913
298,background,2,100,171.32831670585912,35.5035,37.18251750371742,33.824482496282585
298,background,3,100,171.26128852536533,31.5175,33.195860627548576,29.839139372451417
298,background,4,98,166.66551753989816,29.003061224489795,30.65296567148378,27.35315677749581
298,background,5,99,169.5240240698707,27.64848484848485,29.31818978537915,25.978779911590546
298,background,6,100,170.6429174128182,25.467,27.139300590645618,23.79469940935438
298,background,7,100,164.0361320916186,22.928,24.53555409449786,21.32044590550214
298,background,8,100,160.4155212991692,21.1765,22.74857210873186,19.60442789126814
298,background,9,100,151.8950555309054,19.4125,20.901071544202875,17.923928455797128
298,background,10,100,151.5700984259168,18.205,19.69038696457398,16.719613035426015
298,deviant,1,100,162.68276361971283,36.7985,38.392791083473185,35.20420891652681
298,deviant,2,100,227.50766904367026,42.4545,44.68407515662797,40.22492484337204
298,deviant,3,99,250.84227063404228,42.60959595959596,45.0802344425924,40.138957476599515
298,deviant,4,100,253.52555668953156,41.0915,43.576050455557414,38.60694954444259
298,deviant,5,100,280.8236850859684,42.494,45.24607211384249,39.74192788615751
298,deviant,6,100,288.16098844770414,43.0815,45.9054776867875,40.2575223132125
298,deviant,7,100,301.61091178082916,42.614,45.56978693545212,39.65821306454787
298,deviant,8,100,304.91296860096435,43.149499999999996,46.13764709228945,40.161352907710544
298,deviant,9,100,305.45315774918316,40.268,43.261440945942,37.274559054058
298,deviant,10,100,310.8108538035718,39.2815,42.327446367275,36.235553632725
299,background,1,100,170.21176439025032,37.3285,38.99657529102445,35.66042470897555
299,background,2,100,169.0772246481969,34.0695,35.72645680155233,32.412543198447665
299,background,3,98,161.1117052822276,28.20765306122449,29.802577571894773,26.61272855055421
299,background,4,100,154.27261414030752,24.0585,25.570371618575013,22.546628381424984
299,background,5,99,150.18327400038154,21.165656565656565,22.644867287636792,19.68644584367634
299,background,6,100,144.1775951643265,18.147,19.559940432610396,16.7340595673896
299,background,7,99,132.9894040100465,15.902525252525253,17.212387177102293,14.59266332794821
299,background,8,100,122.05403246966185,13.6555,14.851629518202685,12.459370481797315
299,background,9,100,109.84546561323992,12.149000000000001,13.225485563009752,11.07251443699025
299,background,10,100,99.71066036023271,10.859,11.83616447153028,9.88183552846972
299,deviant,1,100,163.71320398151988,37.5695,39.17388939901889,35.965110600981106
299,deviant,2,98,225.59236059293931,42.47704081632653,44.710291247754604,40.24379038489845
299,deviant,3,100,280.0758919706548,43.826,46.57074374131242,41.08125625868758
299,deviant,4,100,303.1542989095956,44.7585,47.729412129314035,41.78758787068596
299,deviant,5,99,307.09009050148546,43.27323232323232,46.29787642895691,40.24858821750773
299,deviant,6,100,298.7259745899858,40.0145,42.94201455098186,37.08698544901814
299,deviant,7,100,311.63313451286876,39.102000000000004,42.156004718226114,36.04799528177389
299,deviant,8,100,307.6778989035193,37.437,40.452243409254486,34.42175659074551
299,deviant,9,100,335.39937309673707,38.4485,41.735413856348025,35.16158614365198
299,deviant,10,99,309.3327071038731,33.291414141414144,36.33814660914591,30.24468167368238
300,background,1,99,159.72380767074804,20.3010101010101,21.874189074731753,18.727831127288447
300,background,2,99,146.8386332356928,18.986868686868686,20.43313680246861,17.54060057126876
300,background,3,100,143.39031201216966,17.3475,18.752725057719264,15.942274942280738
300,background,4,100,131.8947746461071,15.374,16.66656879153185,14.081431208468151
300,background,5,100,134.24436673469765,14.8005,16.116094794000038,13.484905205999963
300,background,6,99,133.52359342078836,13.686363636363637,15.001486990412085,12.37124028231519
300,background,7,100,125.91874991019951,12.173,13.407003749119955,10.938996250880045
300,background,8,99,125.63334287562861,11.772727272727273,13.01013662511212,10.535317920342427
300,background,9,100,118.12575814293051,11.215,12.372632429800719,10.05736757019928
300,background,10,100,103.34491304670772,9.5635,10.576280147857736,8.550719852142263
300,deviant,1,100,152.1561438301561,20.0445,21.53563020953553,18.55336979046447
300,deviant,2,99,158.3072129885765,20.883838383838384,22.443064791560158,19.32461197611661
300,deviant,3,100,157.10691130229557,20.1345,21.674147730762495,18.594852269237503
300,deviant,4,100,155.9337747419178,18.577,20.105150992470797,17.048849007529206
300,deviant,5,99,159.7506280359947,18.935353535353535,20.50879667279185,17.36191039791522
300,deviant,6,99,155.24298441645055,17.181818181818183,18.710863866762033,15.652772496874336
300,deviant,7,99,149.24360164368503,16.736363636363638,18.206319177070014,15.266408095657262
300,deviant,8,100,154.15435702397025,16.5215,18.032212698834908,15.010787301165092
300,deviant,9,100,147.57173099707708,15.062,16.508202963771353,13.615797036228644
300,deviant,10,99,153.93267496231147,15.35959595959596,16.875735921139015,13.843455998052907
301,background,1,97,157.0300088652183,21.35721649484536,22.919726704504896,19.794706285185825
301,background,2,100,150.42847574774356,17.904,19.378199062327887,16.429800937672113
301,background,3,100,146.3019498377099,15.9415,17.37525910840956,14.507740891590442
301,background,4,99,120.1976661477602,13.607070707070706,14.790942064957836,12.423199349183577
301,background,5,100,119.86001703741968,11.692499999999999,12.867128166966712,10.517871833033286
301,background,6,100,113.0142282611959,10.593,11.700539436959719,9.48546056304028
301,background,7,100,98.65195332448741,8.8495,9.816289142579977,7.882710857420024
301,background,8,100,95.23661668651786,8.2715,9.204818843527875,7.338181156472125
301,background,9,99,98.02339946209406,8.153030303030302,9.1184990907790109,7.187561515281595
301,background,10,100,81.32200453169261,6.736,7.532955644410587,5.939044355589412
301,deviant,1,100,156.4670303257123,20.645,22.17837689719198,19.111623102808018
301,deviant,2,100,157.19855865148784,20.3015,21.84204587478458,18.76095412521542
301,deviant,3,98,153.02335563050843,18.320408163265306,19.83526209751285,16.805554229017762
301,deviant,4,100,156.97660737561472,17.6485,19.186870752281024,16.110129247718973
301,deviant,5,100,158.15117684305136,17.031,18.580881533061902,15.481118466938096
301,deviant,6,100,144.7273207394549,15.266499999999999,16.684827743246657,13.84817225675334
301,deviant,7,98,152.48894696786525,15.33469387755102,16.84425743594865,13.825130319153393
301,deviant,8,100,143.05346810490863,14.031,15.432923987428104,12.629076012571897
301,deviant,9,99,145.46789300301577,13.865151515151515,15.29791870221781,12.43238432808522
301,deviant,10,99,133.11533384724376,12.426767676767676,13.737869930979555,11.115665422555798
302,background,1,100,298.32995685632164,38.433,41.35663357719195,35.50936642280805
302,background,2,99,277.715985173797,35.64848484848485,38.38381250510085,32.91315719186885
302,background,3,100,304.22874012129336,36.223,39.204441653188674,33.241558346811324
302,background,4,99,296.25367863583256,34.54040404040404,37.458316309802925,31.622491771005155
302,background,5,98,281.97950186792696,31.926020408163264,34.717475059133086,29.134565757193442
302,background,6,100,275.9921575926236,30.2985,33.00322314440771,27.59377685559229
302,background,7,100,249.24628487966638,26.802,29.24461359182073,24.35938640817927
302,background,8,100,256.9539534829661,27.1725,29.690648744133068,24.65435125586693
302,background,9,98,249.53749850051545,25.679591836734694,28.14988703963529,23.2092966338341
302,background,10,100,253.45886721206077,24.0345,26.518396898678198,21.550603101321805
302,deviant,1,100,298.3403081611403,39.3045,42.228235019979174,36.38076498002082
302,deviant,2,98,294.44117900649843,39.12295918367347,42.03777814437827,36.20814022296867
302,deviant,3,100,311.3853763932708,37.754,40.80557668865405,34.702423311345946
302,deviant,4,100,314.65100550158405,38.6425,41.72607985391552,35.558920146084475
302,deviant,5,100,312.7957000983229,36.8775,39.94289786096356,33.81210213903643
302,deviant,6,100,310.36773180755824,38.0645,41.106103771714075,35.02289622828593
302,deviant,7,100,327.8668977368392,37.4555,40.668595597821025,34.24240440217898
302,deviant,8,100,318.62834314076883,35.957,39.07955776277954,32.834442237220465
302,deviant,9,99,315.49996246559124,35.65252525252525,38.760001303834905,32.5450492012156
302,deviant,10,99,314.8298454386867,32.79191919191919,35.8927950122925,29.69104337154588
303,background,1,100,301.9999825723243,41.018,43.97759982920878,38.058400170791224
303,background,2,99,298.4492154630773,35.762121212121215,38.70165813737462,32.82258428686781
303,background,3,99,287.86292882112093,32.90959595959596,35.744864624545635,30.074327294646288
303,background,4,99,274.64233679077006,31.41969696969697,34.1247511243266,28.714642815067347
303,background,5,98,260.59181632745515,28.527551020408165,31.107278386664245,25.947823654152085
303,background,6,99,252.88103610403968,26.70959595959596,29.20031499925156,24.218876919940357
303,background,7,100,249.2469922745202,23.733,26.1756205242903,21.290379475709702
303,background,8,98,244.46381176599104,21.975,24.395068266762216,19.554931733237787
303,background,9,99,228.22369566536665,20.51969696969697,22.767556725619624,18.271837213774315
303,background,10,99,208.73452038414726,18.637373737373736,20.69327738346715,16.58147009128032
303,deviant,1,100,299.7165898153226,41.3815,44.31872258019016,38.44427741980984
303,deviant,2,99,290.9125117173275,38.51919191919192,41.384497056229854,35.65388678215398
303,deviant,3,100,309.7086746571602,38.632,41.667145011640166,35.59685498835983
303,deviant,4,100,309.7971365094805,37.4355,40.471511937792904,34.39948806220709
303,deviant,5,99,333.0977215551964,37.4530303030303,40.73383320515893,34.172227400901676
303,deviant,6,100,316.2323138387181,33.6965,36.79557667561944,30.597423324380564
303,deviant,7,100,302.5243008942901,32.22,35.18473814876404,29.255261851235957
303,deviant,8,99,308.49608886030506,32.79494949494949,35.833441799558386,29.756457190340598
303,deviant,9,100,308.7654066047384,30.9015,33.92740098472643,27.87559901527356
303,deviant,10,100,303.0906282737367,29.9245,32.894788157082615,26.954211842917378
304,background,1,99,81.4406790892998,19.764646464646464,20.566785894060803,18.962507035232125
304,background,2,100,82.32829020707919,17.099,17.905817244029375,16.292182755970625
304,background,3,98,83.22137567008282,15.154591836734694,15.978441423798536,14.330742249670852
304,background,4,98,81.11674497777553,12.883673469387755,13.686688275569663,12.080658663205847
304,background,5,100,74.86268130805612,10.881,11.61465427681895,10.14734572318105
304,background,6,100,67.91046737394294,9.389,10.05452258026464,8.723477419735358
304,background,7,100,64.57482400081972,8.4845,9.117333275208034,7.851666724791968
304,background,8,100,61.45462596608638,7.2605,7.862755334467647,6.6582446655323535
304,background,9,98,54.189992278629205,6.530102040816327,7.066555594993642,5.993648486639011
304,background,10,100,53.01189042390198,5.9565,6.47601652615424,5.4369834738457605
304,deviant,1,100,82.83931815013295,19.867,20.678825317871304,19.055174682128698
304,deviant,2,100,120.63138720477096,22.338,23.520187594606757,21.155812405393245
304,deviant,3,100,136.99232594718964,22.2675,23.610024794282456,20.92497520571754
304,deviant,4,98,140.60118102371385,22.410714285714285,23.80259496534016,21.01883360608841
304,deviant,5,100,143.84155208166783,20.7285,22.138147210400344,19.318852789599656
304,deviant,6,100,140.976976470404,20.2115,21.593074369409962,18.82992563059004
304,deviant,7,100,141.98611866917432,19.175,20.566463962957908,17.783536037042094
304,deviant,8,100,141.04816273360782,18.483999999999998,19.866271994789354,17.101728005210642
304,deviant,9,100,152.56461098929785,19.8565,21.35163318769512,18.36136681230488
304,deviant,10,99,148.60311854771172,17.45,18.913647185337798,15.986352814662201
305,background,1,99,81.59085991122186,19.957575757575757,20.761194373560645,19.15395714159087
305,background,2,100,81.9959883485964,15.436,16.239560685816244,14.632439314183756
305,background,3,100,73.2942698988127,12.0595,12.777783845008365,11.341216154991635
305,background,4,99,66.3375141942603,9.37020202020202,10.023584781490179,8.716819258913862
305,background,5,100,56.12324314446406,7.5555,8.105507782815748,7.005492217184252
305,background,6,100,52.83477224229075,6.3695,6.88728076797445,5.851719232025551
305,background,7,99,47.3928153560054,5.544444444444444,6.011233846167396,5.077655042721492
305,background,8,100,39.89908322386948,4.628,5.019011015593921,4.2369889844060795
305,background,9,100,38.098867230017824,4.3185,4.691868898854175,3.9451311011458254
305,background,10,100,37.39156251573904,4.0065,4.372937312654242,3.6400626873457576
305,deviant,1,100,82.80123632435752,19.7685,20.579952115978703,18.957047884021296
305,deviant,2,100,120.9077508289949,21.466,22.650895958124153,20.28110404187585
305,deviant,3,100,139.38220833377554,21.455000000000002,22.820945641671003,20.089054358329
305,deviant,4,100,140.51308236527112,21.375999999999998,22.753028207179653,19.998971792820342
305,deviant,5,100,146.1742021302701,18.9085,20.341007180876648,17.475992819123352
305,deviant,6,99,155.39898563646452,19.06919191919192,20.599774117964106,17.538609720419732
305,deviant,7,100,160.1528710490797,18.673000000000002,20.242498136280982,17.10350186371902
305,deviant,8,100,152.59835482316592,17.444,18.939463877267023,15.948536122732973
305,deviant,9,99,143.62459289484696,16.055050505050506,17.46966234624371,14.640438663857305
305,deviant,10,100,138.73047515539656,15.310500000000001,16.670058656522887,13.950941343477115
306,background,1,100,163.30455886890735,36.735,38.33538467691529,35.13461532308471
306,background,2,100,162.46869334056163,34.2275,35.8196931947375,32.635306805262495
306,background,3,100,171.58241843437654,31.59,33.27150770065689,29.90849229934311
306,background,4,100,156.25555990107998,28.483,30.014304487030586,26.951695512969415
306,background,5,100,170.5511344837208,26.626,28.297401117940467,24.954598882059535
306,background,6,100,161.9638361194446,24.516,26.103245593970556,22.92875440602944
306,background,7,99,151.71856736804014,21.39949494949495,22.89382734481691,19.905162554172993
306,background,8,100,144.7695628085872,20.025,21.443741715524155,18.606258284475842
306,background,9,100,149.79901447219908,19.4275,20.89553034182755,17.95946965817245
306,background,10,99,143.41146177492595,17.656565656565657,19.06907829037459,16.244053022756724
306,deviant,1,100,161.52194734364804,37.0555,38.63841508396775,35.472584916032254
306,deviant,2,100,209.38262004986794,41.0545,43.1064496764887,39.002550323511294
306,deviant,3,100,262.4919848400388,43.895,46.467421451432386,41.32257854856762
306,deviant,4,100,263.09526491568147,42.7895,45.367833596173675,40.21116640382632
306,deviant,5,98,268.01621121432976,41.34183673469388,43.99506186053998,38.68861160884778
306,deviant,6,100,279.79672132310253,42.489,45.2310078689664,39.74699213103359
306,deviant,7,100,308.97051894792054,42.7385,45.766411085689626,39.71058891431038
306,deviant,8,99,314.1883025729701,43.52424242424242,46.61879945118222,40.42968539730263
306,deviant,9,99,290.6275424337009,39.607070707070704,42.46956907602757,36.74457233811384
306,deviant,10,100,313.6655233306903,40.7715,43.84542212864077,37.697577871359236
307,background,1,100,164.72067265525598,37.485,39.09926259202151,35.87073740797849
307,background,2,99,163.25276655993824,32.27222222222222,33.88015921983876,30.664285224605678
307,background,3,100,158.80593917038956,28.135,29.69129820386982,26.578701796130183
307,background,4,99,155.13500063187752,24.1030303030303,25.63101241566223,22.575048190398373
307,background,5,100,144.65890006640123,20.7105,22.12815722065073,19.292842779349268
307,background,6,100,141.06755567159266,18.2115,19.59396204558161,16.829037954418393
307,background,7,100,124.0970015329689,15.2025,16.418650615023097,13.986349384976906
307,background,8,100,120.84906854593893,14.105500000000001,15.289820871750202,12.9211791282498
307,background,9,100,109.05077281996482,12.2085,13.277197573635656,11.139802426364346
307,background,10,99,100.57149852612058,10.93939393939394,11.929959899123105,9.948827979664774
307,deviant,1,100,164.68548173635966,35.8695,37.48341772101632,34.25558227898368
307,deviant,2,100,245.50912192293066,44.0165,46.42248939484472,41.610510605155284
307,deviant,3,100,257.6741873803142,41.8535,44.37870703632708,39.328292963672915
307,deviant,4,99,277.9434058259078,41.05050505050505,43.788072657403404,38.3129374436067
307,deviant,5,100,298.32921147794536,41.2795,44.203126272483864,38.35587372751613
307,deviant,6,99,325.63643352994956,42.307575757575755,45.51488966886843,39.10026184628308
307,deviant,7,100,300.9952832293487,39.5165,42.466253775647615,36.566746224352386
307,deviant,8,100,293.0584322909718,35.0465,37.918472636451526,32.17452736354848
307,deviant,9,100,322.91483723307476,37.0175,40.18206540488413,33.85293459511587
307,deviant,10,100,312.7030961084164,36.328,39.392490341862484,33.26350965813752
308,background,1,100,83.3396822142906,19.7285,20.54522888570005,18.911771114299953
308,background,2,99,81.85698375504491,17.37929292929293,18.185532697638347,16.573053160947513
308,background,3,100,81.1206541289935,15.211500000000001,16.006482410464137,14.416517589535864
308,background,4,100,79.3281824216072,13.3475,14.12491618773175,12.57008381226825
308,background,5,100,75.53333178489028,11.235,11.975226651491925,10.494773348508074
308,background,6,100,70.20612508891227,9.778,10.466020025871341,9.08997997412866
308,background,7,100,67.69470942555648,8.595,9.258408152370453,7.931591847629547
308,background,8,100,64.74275005134184,7.6695,8.30397895050315,7.03502104949685
308,background,9,99,57.17180939478551,6.63939393939394,7.202500277397743,6.076287601390137
308,background,10,100,53.62182391526794,6.14,6.665493874369625,5.614506125630374
308,deviant,1,100,80.62858315171258,19.557,20.347160114886783,18.766839885113214
308,deviant,2,100,114.02746668191284,22.024,23.141469173482747,20.906530826517255
308,deviant,3,100,133.99237016769985,21.9455,23.258625227643456,20.632374772356542
308,deviant,4,100,133.3256006529642,20.69,21.99659088639905,19.38340911360095
308,deviant,5,99,139.76027407860332,21.5479797979798,22.924530531075682,20.171429064883917
308,deviant,6,99,145.40214651278816,20.492929292929293,21.925048918448375,19.06080966741021
308,deviant,7,99,144.3592922646751,20.436363636363637,21.858211803922178,19.014515468805097
308,deviant,8,100,144.75755593405137,18.9405,20.359124048153703,17.521875951846297
308,deviant,9,100,146.170682494995,18.367,19.79947268845095,16.93452731154905
308,deviant,10,100,143.78781882379766,17.719,19.12812062447322,16.309879375526783
309,background,1,99,83.76502221911257,19.953535353535354,20.77856809981247,19.128502607258238
309,background,2,100,80.89094347850138,15.7255,16.518231246089314,14.932768753910686
309,background,3,100,77.49307269549628,12.3975,13.156932112415864,11.638067887584137
309,background,4,100,68.2951797636361,9.668,10.337292761683633,8.998707238316365
309,background,5,100,58.066296048931044,7.715,8.284049701279525,7.145950298720476
309,background,6,100,50.74479491067352,6.4655,6.9627989901246,5.968201009875399
309,background,7,100,49.31659270255268,5.71,6.193302608485016,5.226697391514984
309,background,8,99,42.506439140688464,4.916666666666667,5.335328338205048,4.498004995128286
309,background,9,99,37.457625181136706,4.36060606060606,4.729540092419172,3.9916720287929492
309,background,10,100,40.13700222199486,4.041,4.43434262177555,3.6476573782244506
309,deviant,1,98,85.09134410799527,19.792857142857144,20.635218473003725,18.950495812710564
309,deviant,2,99,131.5993621005176,22.43989898989899,23.73606987657409,21.14372810322389
309,deviant,3,100,130.70648113435809,19.916999999999998,21.197923515116706,18.63607648488329
309,deviant,4,99,136.20086752950388,19.657070707070705,20.998563525985674,18.315577888155737
309,deviant,5,100,154.1078655050621,20.0915,21.601757081949607,18.581242918050393
309,deviant,6,99,150.91349909973698,17.76060606060606,19.247009040203626,16.274203081008498
309,deviant,7,100,141.7239533295922,16.569,17.957894742630003,15.180105257369995
309,deviant,8,100,153.46413947650169,16.874,18.377948566869716,15.370051433130282
309,deviant,9,99,150.7614532613482,17.082828282828284,18.56773370661696,15.59792285903961
309,deviant,10,100,150.01713060075576,15.8625,17.332667879887406,14.392332120112595
310,background,1,98,165.48847153359753,36.952551020408166,38.590803306422615,35.31429873439372
310,background,2,100,162.8393137582665,34.897,36.49282527483101,33.301174725168984
310,background,3,100,168.14255386740334,32.3565,34.00429702790055,30.708702972099445
310,background,4,100,160.73273010285052,29.169999999999998,30.745180755007933,27.594819244992063
310,background,5,100,159.44591559522624,27.396,28.958569972833217,25.833430027166784
310,background,6,100,158.75247200727634,24.494,26.049774225671307,22.938225774328693
310,background,7,99,159.96906773366825,23.21060606060606,24.78620069157823,21.63501142963389
310,background,8,100,150.65534909363924,20.5245,22.000922421117664,19.048077578882335
310,background,9,100,150.11854087949786,19.7845,21.25566170061908,18.313338299380924
310,background,10,100,142.8730205462179,18.084,19.484155601352935,16.683844398647064
310,deviant,1,99,167.98122545470122,37.28333333333333,38.937842674921804,35.62882399174486
310,deviant,2,100,219.43903961069267,42.268499999999996,44.41900258818478,40.11799741181521
310,deviant,3,99,242.8945731880614,43.20505050505051,45.597409170567936,40.81269183953308
310,deviant,4,100,258.0160541720733,43.661,46.189557330886316,41.132442669113686
310,deviant,5,100,267.5756361342183,41.529,44.151241234115346,38.90675876588466
310,deviant,6,97,291.3978244689949,42.294329896907215,45.19385260021537,39.39480719359906
310,deviant,7,97,291.9806094859545,42.80876288659794,45.714084529520356,39.90344124367552
310,deviant,8,100,294.5186527914748,41.695,44.58128279735645,38.80871720264355
310,deviant,9,100,319.1098268291771,43.3635,46.49077630292594,40.23622369707407
310,deviant,10,99,306.07392038009726,40.755050505050505,43.769685974667524,37.740415035433486
311,background,1,99,170.3560821832966,36.88181818181818,38.55971836742365,35.203917996212716
311,background,2,99,168.12897618072546,32.942424242424245,34.5983888356682,31.28645964918029
311,background,3,100,157.15519483350812,27.7685,29.30862090936838,26.22837909063162
311,background,4,97,152.9870651567091,24.417525773195877,25.93980710643061,22.895244439961143
311,background,5,100,146.265565973245,21.457,22.890402546537803,20.023597453462198
311,background,6,100,140.35532915088274,18.1195,19.494982225678648,16.74401777432135
311,background,7,100,129.4322623085751,16.04,17.308436170624034,14.771563829375964
311,background,8,99,120.61223207583794,14.098989898989899,15.286944470336463,12.911035327643335
311,background,9,98,116.96757310423578,12.769897959183673,13.92781785687681,11.611978061490536
311,background,10,100,106.12590586061839,11.0355,12.075533877434061,9.99546612256594
311,deviant,1,100,166.52632951294106,35.9255,37.55745802922682,34.29354197077318
311,deviant,2,100,233.2806419202777,41.985,44.271150290818724,39.698849709181275
311,deviant,3,100,266.1494682949493,42.0675,44.675764789290504,39.4592352107095
311,deviant,4,100,287.4740629032561,41.972,44.78924581645191,39.15475418354809
311,deviant,5,100,305.9713780903801,42.397999999999996,45.396519505285724,39.39948049471427
311,deviant,6,100,313.49226885455874,40.7275,43.79972423477467,37.655275765225326
311,deviant,7,100,308.29207357890175,38.4805,41.50176232107324,35.45923767892676
311,deviant,8,98,321.070155475158,38.43724489795918,41.61567727638263,35.25881251953574
311,deviant,9,100,302.4036775744077,37.386,40.349556040229196,34.42244395977081
311,deviant,10,99,308.10452344686706,33.8489898989899,36.88362553073179,30.814354267248003
312,background,1,100,153.93182017749902,20.392,21.90053183773949,18.88346816226051
312,background,2,100,148.68612294997382,18.654,20.111124004909744,17.196875995090256
312,background,3,100,149.23228097235037,16.859,18.321476353529036,15.396523646470968
312,background,4,99,137.3461148455168,16.131818181818183,17.48459096596524,14.779045397671128
312,background,5,100,133.33867642803025,14.8605,16.167219028994698,13.553780971005304
312,background,6,100,128.51416059596008,13.266,14.525438773840408,12.006561226159592
312,background,7,100,117.34226815064059,11.8375,12.987454227876277,10.687545772123723
312,background,8,98,116.18831130630366,11.029081632653062,12.179287232123276,9.878876033182848
312,background,9,100,109.05901347918305,10.551,11.619778332095994,9.482221667904007
312,background,10,100,105.96988152052299,9.637,10.675504838901126,8.598495161098874
312,deviant,1,99,159.58652990248203,20.37929292929293,21.951119803401227,18.807466055184634
312,deviant,2,100,160.92179368938977,19.4375,21.01453357815602,17.86046642184398
312,deviant,3,99,154.68551287931535,19.27020202020202,20.793756961383504,17.746647079020537
312,deviant,4,99,156.6629889452616,18.717676767676767,20.2607086034637,17.174644931889834
312,deviant,5,100,157.5069505567427,17.6395,19.18306811545608,16.095931884543923
312,deviant,6,100,149.3535015359621,16.542,18.00566431505243,15.078335684947573
312,deviant,7,98,145.19621932152077,15.873469387755103,17.310838625743653,14.43610014976655
312,deviant,8,100,157.30440653646505,16.7735,18.315083184057357,15.231916815942641
312,deviant,9,97,151.77653240693596,15.605154639175257,17.115390696514535,14.09491858183598
312,deviant,10,99,141.08517397582736,14.427272727272728,15.816872890450416,13.03767256409504
313,background,1,100,155.77952537582016,20.7085,22.235139348683038,19.181860651316963
313,background,2,100,142.71899147035683,17.659,19.057646116409497,16.2603538835905
313,background,3,100,137.60191438386772,15.3895,16.737998760961904,14.041001239038096
313,background,4,99,126.38400131928759,13.227272727272727,14.472075592855337,11.982469861690117
313,background,5,99,116.06560077908752,11.745959595959595,12.889132710730463,10.602786481188728
313,background,6,99,105.18479978239802,9.715151515151515,10.751155588594948,8.679147441708082
313,background,7,99,99.74072968398987,9.24090909090909,10.223292500437868,8.258525681380313
313,background,8,100,92.43313372663677,8.029,8.934844710521041,7.12315528947896
313,background,9,100,83.69675841047284,7.34,8.160228232422634,6.519771767577366
313,background,10,99,81.50741006029357,6.813131313131313,7.615928000608768,6.010334625653858
313,deviant,1,100,151.70930478350607,20.1635,21.650251186878357,18.67674881312164
313,deviant,2,100,156.37492900414892,18.8715,20.40397430424066,17.339025695759343
313,deviant,3,100,158.3617610675666,18.347,19.898945258462152,16.79505474153785
313,deviant,4,100,158.42053462059042,17.5405,19.09302123928179,15.987978760718216
313,deviant,5,98,155.10932477313847,16.913775510204083,18.449279485417023,15.378271534991145
313,deviant,6,100,147.71114236558924,14.9945,16.442069195182775,13.546930804817226
313,deviant,7,100,151.94665788396028,15.2125,16.70157724726281,13.72342275273719
313,deviant,8,100,135.29079791323576,13.062,14.38784981954971,11.736150180450288
313,deviant,9,100,137.23751980455367,12.575,13.919927694084626,11.230072305915373
313,deviant,10,100,135.6574342735562,12.5605,13.88994285588085,11.231057144119148
314,background,1,100,286.8330616633269,37.726,40.5369640043006,34.9150359956994
314,background,2,100,283.65130094239964,35.7425,38.522282749235515,32.962717250764484
314,background,3,100,291.9037197072818,35.7225,38.58315645313136,32.861843546868634
314,background,4,100,275.3221510196832,32.6205,35.318657079992896,29.922342920007104
314,background,5,98,270.4007162868121,30.882653061224488,33.55948358296195,28.205822539487023
314,background,6,100,271.28956660249287,28.7655,31.42413775270443,26.10686224729557
314,background,7,99,259.5512118618353,27.2020202020202,29.7584362746117,24.6456041294287
314,background,8,100,253.57203378091498,26.5005,28.985505931052966,24.01549406894703
314,background,9,100,255.10696415012802,26.142,28.642048248671255,23.641951751328744
314,background,10,99,250.0317295654167,24.40050505050505,26.863160214138553,21.937849886871547
314,deviant,1,99,302.13330536457966,39.02070707070707,41.99652996268555,36.04488417872859
314,deviant,2,99,305.4135246720937,39.37979797979798,42.38792896735113,36.371666992244826
314,deviant,3,99,305.4847657498868,39.3,42.30883266732953,36.29116733267046
314,deviant,4,98,306.69304472747746,38.08112244897959,41.11722869235327,35.04501620560591
314,deviant,5,100,326.5108485342046,37.7505,40.95030631563521,34.550693684364795
314,deviant,6,99,296.27361553664866,36.52474747474747,39.4428561100709,33.60663883942404
314,deviant,7,99,303.08570960772965,35.12020202020202,38.10540549452234,32.13499854588171
314,deviant,8,100,321.58144585126405,35.467999999999996,38.619498169342386,32.31650183065761
314,deviant,9,100,316.710497889925,33.5895,36.69326287932127,30.485737120678735
314,deviant,10,100,318.8091080386835,32.589,35.7133292587791,29.4646707412209
315,background,1,100,298.1115121631678,39.293,42.214492819199045,36.371507180800954
315,background,2,100,287.85412058339915,35.452,38.27297038171731,32.63102961828269
315,background,3,100,271.1993149347038,33.527,36.1847532863601,30.869246713639903
315,background,4,97,271.9628844646191,29.805154639175257,32.511292062813574,27.099017215536936
315,background,5,100,259.6794734809981,27.9225,30.467358840113782,25.377641159886217
315,background,6,100,249.7038509072191,24.8615,27.308597738890747,22.414402261109252
315,background,7,99,236.72377307072918,22.098484848484848,24.430065016812694,19.766904680157
315,background,8,100,222.78110569038736,20.757,22.9402548357658,18.573745164234204
315,background,9,98,230.75008695898458,20.064795918367345,22.349105235840515,17.780486600894175
315,background,10,99,214.55138017929906,18.244444444444444,20.357640498327708,16.13124839056118
315,deviant,1,99,292.18193232804003,38.92777777777778,41.80558590884462,36.049969646710935
315,deviant,2,100,309.8881079901005,39.7175,42.75440345830299,36.680596541697014
315,deviant,3,99,316.8158522083867,38.71111111111111,41.83154784815253,35.590674374069685
315,deviant,4,100,303.4681982818316,36.074,39.04798834316195,33.10001165683805
315,deviant,5,99,306.76588021349096,34.680808080808085,37.702258919257275,31.65935724235889
315,deviant,6,99,319.10624777403063,34.62777777777778,37.77077346954187,31.48478208601369
315,deviant,7,99,300.2660224043445,31.66060606060606,34.61803739071365,28.703174730498468
315,deviant,8,100,307.25797921205185,31.197499999999998,34.208628196278106,28.18637180372189
315,deviant,9,100,294.5794370570392,29.1005,31.987378483158984,26.213621516841016
315,deviant,10,100,314.3947568867756,30.794,33.8750686174904,27.7129313825096
316,background,1,100,79.63092496339796,18.959,19.7393830646413,18.1786169353587
316,background,2,100,77.73653208789695,16.832,17.59381801446139,16.07018198553861
316,background,3,99,74.0087654836983,13.933838383838385,14.662778141961706,13.204898625715064
316,background,4,100,68.90554175253634,12.134,12.809274309174857,11.458725690825144
316,background,5,100,65.84107660435888,10.416,11.061242550722717,9.770757449277284
316,background,6,99,60.764731807019,8.985858585858585,9.58435294819994,8.38736422351723
316,background,7,100,55.17543789919951,7.9555,8.496219291412155,7.414780708587845
316,background,8,99,53.07291409491583,7.195454545454545,7.718189344642207,6.672719746266884
316,background,9,98,48.91889098024241,6.25,6.734272313563568,5.765727686436432
316,background,10,99,45.16577651741474,5.8858585858585855,6.330713056742959,5.441004114974212
316,deviant,1,100,78.00737144654985,19.2575,20.02197224017619,18.49302775982381
316,deviant,2,99,111.30501005416554,21.52828282828283,22.624567120778813,20.431998535786846
316,deviant,3,100,125.7168497687938,20.95,22.18202512773418,19.71797487226582
316,deviant,4,100,137.39708109977025,21.318,22.664491394777748,19.971508605222255
316,deviant,5,100,139.49243518443652,20.450499999999998,21.817525864807475,19.08347413519252
316,deviant,6,100,135.15701395433618,18.7315,20.056038736752495,17.406961263247506
316,deviant,7,100,147.28397204398254,19.53,20.97338292603103,18.086617073968974
316,deviant,8,100,143.65933754252765,18.38,19.78786150791677,16.97213849208323
316,deviant,9,100,141.70889360345663,18.047,19.435747157313877,16.658252842686124
316,deviant,10,99,155.91984276679173,19.355050505050507,20.890762818723488,17.819338191377526
317,background,1,99,78.31384229328071,19.415151515151514,20.186493570188848,18.64380946011418
317,background,2,99,77.22603528808007,14.893434343434343,15.65406218414756,14.132806502721127
317,background,3,100,69.64345286037869,11.658,12.34050583803171,10.975494161968289
317,background,4,99,57.503089161869326,8.981818181818182,9.54818741701681,8.415448946619554
317,background,5,100,49.62907148881696,7.0065,7.492864900590406,6.520135099409594
317,background,6,100,42.72078872719562,5.9455,6.364163729526517,5.526836270473483
317,background,7,98,36.31463384889,5.156122448979592,5.515618982891585,4.796625915067599
317,background,8,99,32.10910675870796,4.575757575757576,4.892012067523203,4.259503083991949
317,background,9,100,29.523139898623317,4.244,4.533326771006508,3.9546732289934914
317,background,10,100,26.583136720386047,3.849,4.109514739859783,3.588485260140217
317,deviant,1,99,77.55191809362293,18.973737373737375,19.73757495497114,18.20989979250361
317,deviant,2,99,127.7537722174554,22.81919191919192,24.07748616597335,21.560897672410487
317,deviant,3,98,137.1036680379985,21.228571428571428,22.58582849610448,19.871314361038376
317,deviant,4,100,149.90766456301304,20.3985,21.867595112717527,18.92940488728247
317,deviant,5,100,150.3569174716579,20.0965,21.569997791222246,18.623002208777752
317,deviant,6,100,145.9618281029595,18.3215,19.751925915409004,16.891074084590997
317,deviant,7,100,141.09287721213994,16.844,18.226710196678972,15.46128980332103
317,deviant,8,100,150.87121555886836,17.0985,18.57703791247691,15.619962087523092
317,deviant,9,99,142.65522478302273,15.785353535353535,17.190417710775698,14.380289359931373
317,deviant,10,99,147.14588178510394,15.271717171717173,16.721011492143347,13.822422851291
318,background,1,99,164.28414088818317,35.96060606060606,37.578701446198025,34.3425106750141
318,background,2,100,159.16987780355933,33.9595,35.51936480247488,32.399635197525114
318,background,3,99,155.77388302144539,30.91868686868687,32.45296157073678,29.384412166636956
318,background,4,99,154.8936137448777,27.949494949494948,29.47509955322136,26.423890345768537
318,background,5,100,150.36810972095324,25.674,27.147607475265342,24.200392524734657
318,background,6,99,149.68524871947312,24.13939393939394,25.61369942581954,22.66508845296834
318,background,7,100,149.41903281851697,21.453,22.917306521621466,19.988693478378533
318,background,8,98,142.084398565745,19.989285714285714,21.39584949845882,18.58272193011261
318,background,9,99,133.17792807487206,18.62979797979798,19.941516747754537,17.318079211841425
318,background,10,99,133.3886190205541,16.775252525252526,18.089046466412963,15.461458584092087
318,deviant,1,100,161.72440007292457,35.9465,37.53139912071466,34.36160087928534
318,deviant,2,99,209.66143761086022,40.26616161616162,42.33119481352676,38.20112841879648
318,deviant,3,99,239.37332657103676,41.81818181818182,44.17585842083101,39.46050521553263
318,deviant,4,100,250.52137213167433,40.941,43.396109446890414,38.48589055310959
318,deviant,5,98,259.8275338920436,41.27448979591837,43.846651152074955,38.702328439761786
318,deviant,6,100,283.28206140839467,42.707,45.48316420180227,39.930835798197734
318,deviant,7,100,289.48760995211774,41.0645,43.90147857753075,38.22752142246925
318,deviant,8,100,294.69619503553326,39.674,42.56202271134823,36.78597728865177
318,deviant,9,99,305.71483961020726,39.31212121212121,42.32321996216401,36.301022462078414
318,deviant,10,99,292.7538934075227,38.9040404040404,41.78748199174186,36.02059881633894
319,background,1,100,158.4801083317465,35.8225,37.375605061651115,34.26939493834888
319,background,2,99,162.0304389856879,31.285858585858588,32.88175642621452,29.689960745502653
319,background,3,99,151.06370214337778,26.70808080808081,28.195963193118867,25.22019842304275
319,background,4,100,147.37197834052444,23.481,24.925245387737142,22.03675461226286
319,background,5,100,140.06616857381147,20.478,21.850648452023353,19.10535154797665
319,background,6,100,132.42331445227578,17.5825,18.880248481632304,16.284751518367695
319,background,7,99,122.43546097950203,15.543434343434344,16.749346571922658,14.33752211494603
319,background,8,100,108.34099433100835,13.0775,14.139241744443883,12.015758255556118
319,background,9,100,104.5289937113899,11.676,12.700384138371621,10.651615861628379
319,background,10,100,94.437629097059,10.6105,11.535988765151178,9.685011234848822
319,deviant,1,99,159.44918345749898,35.16565656565657,36.73613066372907,33.59518246758407
319,deviant,2,100,228.49957387959805,41.2425,43.48179582402006,39.00320417597994
319,deviant,3,98,273.35599980900173,43.5045918367347,46.21067817273633,40.798505500733064
319,deviant,4,100,271.1308142226785,40.6405,43.29758197938225,37.983418020617755
319,deviant,5,100,287.9560227754085,38.6745,41.496469023199005,35.852530976801
319,deviant,6,100,292.29061331417904,38.2985,41.16294801047895,35.434051989521045
319,deviant,7,100,301.61365580560346,37.0815,40.03731382689491,34.12568617310509
319,deviant,8,99,325.86044397466907,39.39040404040404,42.59992431358268,36.1808837672254
319,deviant,9,100,324.6088374773876,37.3185,40.4996666072784,34.1373333927216
319,deviant,10,100,320.6890115131218,35.453,38.595752312828594,32.31024768717141
320,background,1,100,80.28337967868305,19.49,20.276777120851094,18.703222879148903
320,background,2,100,80.03344695550072,16.514,17.298327780163905,15.729672219836093
320,background,3,99,74.33395483966437,14.438383838383839,15.170526506985844,13.706241169781833
320,background,4,100,71.45431002432694,12.2005,12.900752238238404,11.500247761761596
320,background,5,99,69.50463823977582,10.674747474747475,11.359324414462959,9.990170535031991
320,background,6,99,65.1552397214368,9.462626262626262,10.104364364493028,8.820888160759496
320,background,7,100,59.61614052021745,8.224,8.808238177098131,7.639761822901869
320,background,8,99,55.32261838762838,7.430808080808081,7.975701051291548,6.885915110324614
320,background,9,100,51.48638041677677,6.453,6.957566528084413,5.948433471915588
320,background,10,100,48.28525436894462,6.1165,6.5896954928156575,5.643304507184343
320,deviant,1,99,78.20768571734595,19.482828282828283,20.25312476240872,18.712531803247845
320,deviant,2,100,114.15308281334094,21.528,22.64670021157074,20.40929978842926
320,deviant,3,100,134.44363914021056,21.7995,23.117047663574063,20.481952336425934
320,deviant,4,98,138.64905526658228,21.12704081632653,22.499596436904053,19.75448519574901
320,deviant,5,100,138.27152920783683,20.298,21.6530609862368,18.942939013763198
320,deviant,6,98,138.8200178951907,19.562755102040818,20.9370031662946,18.188507037787037
320,deviant,7,99,144.15203049120345,19.914646464646463,21.334453234189034,18.49483969510389
320,deviant,8,100,142.7436144760396,18.6915,20.090387421865188,17.292612578134815
320,deviant,9,99,153.5995219976115,19.963131313131314,21.475989927662035,18.450272698600592
320,deviant,10,100,153.61357875834858,18.248,19.753413071831815,16.742586928168187
321,background,1,100,81.4642317378098,19.072,19.870349471030536,18.273650528969462
321,background,2,99,76.53351519019901,15.378787878787879,16.13259483241636,14.624980925159399
321,background,3,100,68.93646960865681,11.567,12.242577402164837,10.891422597835163
321,background,4,100,59.32768059018088,9.004,9.585411269783773,8.422588730216226
321,background,5,98,52.18451575142312,7.432142857142857,7.948743206593602,6.915542507692112
321,background,6,100,45.238810771283546,6.1375,6.580840345558579,5.694159654441421
321,background,7,100,40.20326642922124,5.5155,5.9094920110063685,5.121507988993632
321,background,8,100,35.28780167945322,4.7275,5.073320456458641,4.381679543541359
321,background,9,98,27.890339772609057,4.1056122448979595,4.381712522257282,3.8295119675386373
321,background,10,97,26.633230133958985,3.884020618556701,4.149031709756738,3.6190095273566643
321,deviant,1,100,79.58099151509937,19.1555,19.935393716847972,18.375606283152027
321,deviant,2,99,128.74815277162332,21.31161616161616,22.579704430982627,20.043527892249696
321,deviant,3,98,136.60105185693502,21.298979591836734,22.65126101303029,19.946698170643177
321,deviant,4,99,135.75066152790254,18.754545454545454,20.091604027709014,17.417486881381894
321,deviant,5,100,147.21617652818912,18.6645,20.107218529976254,17.221781470023746
321,deviant,6,99,136.278797053378,17.638383838383838,18.980644214059307,16.29612346270837
321,deviant,7,99,150.58333066340447,17.888383838383838,19.371534866694994,16.405232810072683
321,deviant,8,100,153.51779427120078,17.7225,19.22697438385777,16.21802561614223
321,deviant,9,100,139.33089165156827,14.6605,16.02594273818537,13.295057261814632
321,deviant,10,99,150.9109793361985,14.879292929292928,16.365671090805602,13.392914767780255
322,background,1,100,159.3561882602684,36.167,37.72869064495063,34.60530935504937
322,background,2,98,156.98110010276295,33.61581632653061,35.169849932141645,32.06178272091958
322,background,3,100,159.18237637178441,31.1995,32.75948728844349,29.639512711556513
322,background,4,99,150.68435115900564,28.417171717171716,29.901317733781184,26.933025700562247
322,background,5,100,159.1288207049476,26.3755,27.934962442908486,24.816037557091512
322,background,6,100,150.27390780977598,23.715,25.187684296535803,22.242315703464197
322,background,7,99,145.77338216344032,21.466666666666665,22.90244272968507,20.03089060364826
322,background,8,100,148.85325695215124,20.2835,21.74226191813108,18.82473808186892
322,background,9,99,138.96613559463063,19.014646464646464,20.383375433514285,17.645917495778644
322,background,10,100,138.53661875779306,17.083,18.44065886382637,15.725341136173626
322,deviant,1,100,158.67379646372154,35.915,37.47000320534447,34.35999679465553
322,deviant,2,100,214.04633044961867,38.955,41.05265403840626,36.85734596159374
322,deviant,3,100,248.09268217214392,43.726,46.15730828528701,41.29469171471299
322,deviant,4,100,252.7844619641925,42.002,44.47928772724909,39.52471227275092
322,deviant,5,100,272.0878679668332,42.5625,45.22896110607496,39.89603889392504
322,deviant,6,98,297.330699284218,43.10867346938775,46.05209722145108,40.16524971732443
322,deviant,7,99,288.7212004320905,41.13535353535354,43.97907563546613,38.291631435240944
322,deviant,8,97,280.87527668456613,39.98556701030928,42.78038623392196,37.190747786696605
322,deviant,9,99,294.1717543419688,40.372727272727275,43.27013389821653,37.47532064723802
322,deviant,10,100,304.22797027021835,39.682,42.66343410864814,36.700565891351864
323,background,1,100,159.48159438433146,36.288,37.850919624966444,34.72508037503355
323,background,2,99,159.90015799340472,31.546969696969697,33.12188561037278,29.97205378356661
323,background,3,99,153.84382032643228,28.223232323232324,29.738497122538003,26.707967523926644
323,background,4,100,146.42519196540349,23.294999999999998,24.729966881260953,21.860033118739043
323,background,5,99,137.08668982186342,20.577272727272728,21.92749033822162,19.227055116323836
323,background,6,100,132.76745598384062,17.7065,19.007621068641637,16.40537893135836
323,background,7,100,120.00817954579072,15.156,16.33208015954875,13.979919840451252
323,background,8,100,112.40312788305646,13.187,14.288550653253953,12.085449346746046
323,background,9,100,99.65147158709537,11.864,12.840584421553535,10.887415578446467
323,background,10,100,94.08959895535182,10.463,11.385078069762447,9.540921930237552
323,deviant,1,98,156.78898826800707,36.226020408163265,37.77815220363887,34.67388861268766
323,deviant,2,100,223.42962509126014,41.0325,43.22211032589435,38.84288967410565
323,deviant,3,99,267.59789649869504,44.25707070707071,46.8927415586678,41.62139985547362
323,deviant,4,100,282.2073892128195,43.362,46.127632414285635,40.59636758571437
323,deviant,5,100,294.75484014596555,40.432,43.320597433430464,37.54340256656954
323,deviant,6,99,287.3316028563513,36.74090909090909,39.57094452952791,33.91087365229028
323,deviant,7,100,302.11770536454304,39.6005,42.56125351257252,36.63974648742747
323,deviant,8,100,310.72725389928297,37.335,40.38012708821297,34.28987291178703
323,deviant,9,100,317.3071482267449,36.176,39.285610052622104,33.0663899473779
323,deviant,10,100,315.6482886145007,34.843,37.936353228422114,31.749646771577897
