trial_id,stim_id,param_id,index,sample_n_mean,sample_n_std
0,45,22,0,18.1,15.01893541675413
0,40,65,0,18.2,30.48830664542167
0,40,65,0,10.5,10.21093325287835
0,38,108,0,29.7,30.347288095262186
0,45,22,0,19.7,19.947562837547217
0,40,65,0,8.7,10.316568176839061
0,40,65,0,11.35,9.59317191383648
0,38,108,0,26.85,29.46411733832045
0,45,22,0,31.35,76.03134741324584
0,40,65,0,16.6,23.202540695726448
0,38,108,0,18.0,27.457143639535875
0,45,22,0,12.2,14.11456880785166
0,37,65,0,14.7,13.143339317732485
0,45,22,0,23.3,32.25245808665719
0,37,65,0,16.75,18.447293340188075
0,38,108,0,31.85,27.827050451711646
0,37,65,0,11.45,11.287976836113351
0,35,22,0,16.35,15.009733683951824
0,37,65,0,17.6,30.295735326071366
0,38,108,0,31.55,34.301258224582284
0,37,65,0,10.75,8.515465806092868
0,35,22,0,32.5,39.56274164306348
0,27,65,0,9.25,7.846387033130867
0,38,108,0,27.85,26.59298482880895
0,35,22,0,28.3,28.696414593574502
0,27,65,0,18.9,37.77481756547956
0,38,108,0,26.0,25.200250625320127
0,27,65,0,14.05,11.463787378202355
0,35,22,0,32.0,32.24739891591422
0,27,65,0,12.55,17.52134037170252
0,38,108,0,30.9,30.005087287956602
0,27,65,0,14.9,18.263855591102104
0,35,22,0,25.75,33.29434122932509
0,39,65,0,15.25,26.441345216197025
0,39,65,0,9.3,7.644055137645752
0,31,22,0,26.0,29.756909856544688
0,38,108,0,35.05,51.55730077455466
0,39,65,0,13.3,11.630721568781807
0,31,22,0,22.05,18.454709853841475
0,38,108,0,23.05,24.5131006864321
0,39,65,0,20.55,19.935356055326217
0,31,22,0,18.7,18.609844593372447
0,39,65,0,15.7,15.904650097906654
0,45,65,0,6.2,5.800181485363875
0,31,22,0,19.2,23.11208387516434
0,46,108,0,41.0,41.971168048654796
0,45,65,0,11.05,10.927873583302087
0,45,65,0,14.1,16.098054802399343
0,31,22,0,31.65,30.76100573265137
0,46,108,0,28.0,20.049937655763422
0,45,65,0,17.25,19.11151485361639
0,38,22,0,16.95,18.75738451075231
0,46,108,0,19.6,16.512833924270122
0,45,65,0,9.35,9.653333212174081
0,38,22,0,16.35,20.1240233499535
0,28,65,0,14.5,14.05814991196809
0,28,65,0,12.05,8.27472371935033
0,38,22,0,19.15,20.59451894379463
0,46,108,0,35.5,36.947330934154024
0,28,65,0,12.6,7.869996321807473
0,38,22,0,24.2,28.712000058658766
0,28,65,0,10.7,10.858418999002328
0,28,65,0,15.45,21.58819121649611
0,46,108,0,40.1,34.389257808675936
0,38,22,0,18.9,23.78168246892199
0,32,65,0,16.6,19.871693700495584
0,45,22,0,17.7,17.487138130637614
0,42,108,0,22.5,20.148135606577913
0,32,65,0,17.55,21.360255764287782
0,42,108,0,24.1,17.746459987988118
0,32,65,0,11.4,9.522273059019382
0,45,22,0,44.0,110.1367570938871
0,32,65,0,11.5,16.54499447280848
0,42,108,0,29.15,26.668086585003866
0,32,65,0,13.25,12.690132926183654
0,45,22,0,25.75,22.652698224319884
0,36,65,0,16.1,14.545391746275918
0,42,108,0,15.85,13.051618169487845
0,45,22,0,13.7,12.277921991161723
0,36,65,0,9.6,8.816252933614921
0,42,108,0,22.15,30.854966332317087
0,36,65,0,11.55,8.970565903641695
0,45,22,0,23.75,30.055869030156067
0,36,65,0,11.35,13.80798777214803
0,27,108,0,22.75,20.03122562401013
0,44,22,0,19.3,17.604126310552726
0,36,65,0,14.15,21.86628021695313
0,47,65,0,10.35,7.9886432548106425
0,27,108,0,29.0,36.15609433960943
0,44,22,0,30.6,31.962807333392647
0,47,65,0,16.95,23.972517159183937
0,47,65,0,11.8,11.381425310797553
0,44,22,0,29.2,41.37581291934748
0,47,65,0,11.9,9.491824737220197
0,27,108,0,42.4,109.13940867677351
0,44,22,0,13.6,14.576116008551004
0,47,65,0,11.95,9.104510160528017
0,41,65,0,14.95,19.998618373330327
0,27,108,0,28.5,33.74283549686394
0,41,65,0,11.7,9.841373459987551
0,44,22,0,32.75,42.54394013376362
0,41,65,0,12.1,8.129866963370635
0,27,108,0,25.65,24.418015351051988
0,46,22,0,26.05,28.18449555116579
0,41,65,0,17.05,16.145636529643802
0,46,22,0,18.0,19.128375175171183
0,40,108,0,27.95,27.223200244992274
0,41,65,0,15.5,16.906865625039963
0,30,65,0,12.35,13.02335957949569
0,40,108,0,19.75,16.476059186461715
0,30,65,0,10.05,9.433841657620327
0,46,22,0,31.15,28.133656562539954
0,30,65,0,11.45,11.587084461407429
0,40,108,0,28.9,26.661424923423887
0,46,22,0,22.6,16.125821072527064
0,30,65,0,10.05,7.556628320815267
0,30,65,0,11.5,10.640043529788281
0,46,22,0,22.85,24.805082246651747
0,40,65,0,12.05,11.306611945415414
0,40,108,0,30.05,32.37847725687056
0,40,65,0,10.25,9.738015576513577
0,40,22,0,18.4,18.044973057103157
0,40,65,0,7.2,5.809248524641775
0,40,108,0,22.7,23.24265588592618
0,40,22,0,22.3,31.96395996809696
0,40,65,0,13.35,11.412251034927795
0,43,108,0,23.2,16.687846191954065
0,40,65,0,16.0,16.498803784389626
0,36,65,0,7.0,6.521220421782543
0,43,108,0,16.9,18.444511378727277
0,40,22,0,34.1,38.741926153784135
0,36,65,0,9.95,7.437281619969545
0,36,65,0,9.55,14.547472198578728
0,40,22,0,22.55,21.32079538360316
0,36,65,0,9.3,9.409401793167467
0,43,108,0,40.75,64.6463048970481
0,36,65,0,13.6,15.146304048043847
0,40,22,0,33.6,30.519019091638405
0,33,65,0,15.6,17.963120113458192
0,43,108,0,30.6,29.542832419529798
0,32,22,0,20.6,25.446331552380673
0,33,65,0,19.65,22.252794029183462
0,43,108,0,26.8,28.757790706446656
0,33,65,0,16.75,22.929812816276403
0,32,22,0,27.55,27.50593237448012
0,33,65,0,11.85,13.884012009274704
0,31,108,0,27.2,23.03909720453473
0,33,65,0,14.65,12.570956501731327
0,32,22,0,27.35,26.766583644537082
0,31,65,0,15.3,17.345103965642505
0,31,108,0,28.6,29.480412765802736
0,31,65,0,9.45,7.3303622370463914
0,32,22,0,45.25,108.65390491202595
0,31,65,0,16.45,20.466853819362612
0,31,108,0,25.65,22.702364820014953
0,31,65,0,13.65,26.829431992732
0,32,22,0,25.75,25.597851472340405
0,31,65,0,16.55,24.03829182126323
0,45,22,0,13.85,10.3886324514118
0,31,108,0,36.75,28.153479732577136
0,29,65,0,11.2,9.412198132434874
0,45,22,0,12.45,11.550689202494869
0,29,65,0,10.7,9.073385023764487
0,31,108,0,17.5,15.595208440921509
0,45,22,0,18.3,20.578731995103972
0,45,108,0,17.55,21.12737062375922
0,29,65,0,23.45,26.74730679998701
0,45,22,0,25.1,34.9990977327311
0,29,65,0,14.4,18.894165069783064
0,45,108,0,28.95,27.963274787515594
0,29,65,0,15.65,19.580535447761704
0,45,22,0,23.9,30.811651931320434
0,26,65,0,9.9,13.01375790219113
0,45,108,0,36.15,38.07509892166712
0,26,65,0,16.8,15.619151537034336
0,24,22,0,26.7,32.64659247149693
0,26,65,0,9.9,11.769273107277451
0,45,108,0,24.95,27.232865206739103
0,24,22,0,26.9,34.771282767007
0,26,65,0,37.2,109.37651051588536
0,45,108,0,28.3,38.87239583425154
0,24,22,0,26.75,48.0524658439524
0,26,65,0,13.0,13.626599374984051
0,37,108,0,23.25,23.657367829739194
0,24,65,0,12.4,8.816252933614921
0,24,22,0,24.05,24.112619539416112
0,24,65,0,13.55,14.63764073598575
0,37,108,0,19.7,16.83073629436711
0,24,65,0,15.15,9.685990969055855
0,24,22,0,37.7,64.61635771389878
0,37,108,0,19.55,21.958034136914325
0,24,65,0,16.2,14.497186659922386
0,37,108,0,17.6,14.890477352639628
0,24,65,0,12.9,16.312410515987676
0,39,22,0,28.75,35.73274335071995
0,36,65,0,15.95,20.34821859524809
0,37,108,0,24.45,31.691730616577008
0,36,65,0,8.0,7.341303483857977
0,39,22,0,28.6,37.40025330620664
0,36,65,0,16.2,16.50390703343972
0,39,108,0,40.9,46.25546909342323
0,36,65,0,15.35,17.49067420686025
0,39,22,0,38.35,39.650147673449034
0,36,65,0,9.65,8.254344948347857
0,38,65,0,10.15,11.287044273017301
0,39,22,0,22.35,20.94673696482782
0,39,108,0,28.1,43.503054944149426
0,38,65,0,9.55,7.437281619969546
0,38,65,0,8.0,6.307889796454161
0,39,108,0,26.25,21.12338439789071
0,38,65,0,12.15,21.687432693661673
0,39,22,0,44.7,109.87461753720633
0,38,65,0,14.1,13.466918531603365
0,39,108,0,25.6,15.469494599303973
0,46,22,0,17.9,16.801942243618583
1,15,65,0,14.45,14.83408237809134
0,39,108,0,18.85,18.285096030431593
1,15,65,0,12.25,17.82332888748841
0,46,22,0,17.3,14.686549521317295
0,42,108,0,17.25,16.609683288593086
1,15,65,0,17.15,16.968314123993768
0,46,22,0,23.85,32.473916658726196
1,15,65,0,12.7,18.087797573298737
0,42,108,0,26.4,17.904424622216474
1,15,65,0,12.45,16.145636529643802
0,46,22,0,27.9,23.77946925174607
0,42,108,0,16.6,12.184545863294899
1,7,65,0,12.7,14.342061805825036
0,46,22,0,21.85,20.00335498176033
1,7,65,0,17.7,34.63357057143135
0,42,108,0,25.8,22.239367654774057
0,40,22,0,18.25,16.889345754054535
1,7,65,0,13.8,13.771060426240163
0,42,108,0,21.45,16.819396697359803
0,40,22,0,20.2,20.405365651426614
1,7,65,0,20.75,19.61437442822295
1,7,65,0,7.4,4.977845655343389
1,17,65,0,7.4,5.994734531675541
0,43,108,0,26.4,33.23821516520436
1,17,65,0,15.5,14.48229408986239
0,40,22,0,28.85,27.631551378432363
0,43,108,0,34.65,28.047469160617496
1,17,65,0,19.2,31.92029547416337
0,40,22,0,24.35,15.878734537938335
1,17,65,0,14.95,11.829824041045802
0,43,108,0,21.8,18.695904420628146
1,17,65,0,11.1,9.250320051362092
0,27,22,0,23.4,27.713572582096983
1,13,65,0,12.45,11.390092647837234
0,27,22,0,17.55,22.77920335005502
1,13,65,0,14.2,10.324217824329867
0,27,22,0,9.95,8.876195249388285
0,43,108,0,52.75,113.77997002525255
1,13,65,0,12.65,18.508248516753138
0,27,22,0,12.1,15.057433904536115
1,13,65,0,13.0,12.08304597359457
0,43,108,0,27.1,35.49188194799659
1,13,65,0,11.45,13.766760120323385
1,11,65,0,17.05,16.155412975874455
0,27,22,0,40.8,109.20555220124545
0,41,108,0,26.85,55.40499217484591
1,11,65,0,12.15,9.604138362404539
0,26,22,0,18.45,21.27631497575105
1,11,65,0,8.45,9.561298084079985
0,26,22,0,29.2,32.40792625594125
1,11,65,0,25.25,75.25037156753868
0,41,108,0,53.5,108.86809981759917
1,11,65,0,10.45,8.300126822112896
1,17,65,0,12.7,12.414338060230364
0,26,22,0,29.75,33.60118262329781
0,41,108,0,23.4,18.919218855578134
1,17,65,0,16.45,18.271274550074786
0,41,108,0,23.2,23.21206582792665
1,17,65,0,12.85,12.158059921411457
0,41,108,0,12.95,10.753090131140027
0,26,22,0,49.25,60.44647480035105
1,17,65,0,15.75,18.529847898941178
1,17,65,0,14.2,14.724129855444769
0,26,22,0,25.1,36.2925249661835
1,19,65,0,16.9,20.621654433603222
0,24,108,0,46.2,72.37737360892778
0,44,22,0,27.7,35.04298112769217
1,19,65,0,18.55,18.813419063054575
1,19,65,0,11.9,10.977968367311147
0,24,108,0,30.8,37.57182595061302
0,44,22,0,20.95,27.13993949494865
1,19,65,0,14.25,10.264271194677912
0,44,22,0,16.65,18.459842617792933
1,19,65,0,13.35,11.117908739364704
0,24,108,0,31.95,43.66556513944791
1,1,65,0,8.75,8.771214883145651
0,44,22,0,19.85,16.332966340309532
1,1,65,0,10.4,9.724629610048476
1,1,65,0,10.25,11.205614194397564
0,44,22,0,25.85,30.51535420252014
0,24,108,0,35.6,57.18612271853152
1,1,65,0,14.35,11.504118255742386
1,1,65,0,13.8,10.807404868885037
0,30,22,0,29.15,37.54895050744463
1,15,65,0,10.95,13.804938094373103
0,24,108,0,43.5,43.70174030016605
1,15,65,0,8.8,8.977164011212592
0,30,22,0,34.65,43.304642998911305
1,15,65,0,8.95,5.889106803868344
0,46,108,0,34.4,60.70151303065291
1,15,65,0,12.5,11.514293177109094
1,15,65,0,12.6,15.668943470243429
0,30,22,0,30.55,39.486806590769554
0,46,108,0,20.2,11.80365688206302
1,6,65,0,15.25,13.6608352984959
0,30,22,0,25.75,26.088664608458433
0,46,108,0,30.15,43.3435176966036
1,6,65,0,21.05,21.2391768102944
1,6,65,0,8.35,7.7614092589046315
0,30,22,0,26.45,21.00244346686707
1,6,65,0,8.25,4.265837364580679
0,46,108,0,32.05,25.042017322471192
1,6,65,0,8.0,5.619514869490163
1,11,65,0,18.1,15.440548122258791
0,46,108,0,27.4,33.52987670092073
0,38,22,0,42.85,109.73186218663824
1,11,65,0,12.6,12.563103873938495
1,11,65,0,10.5,10.445346483381714
0,38,22,0,27.0,30.74855580690785
0,25,108,0,27.7,36.53419450899462
1,11,65,0,14.95,13.240587520753632
1,11,65,0,12.35,9.799436074000434
0,25,108,0,36.3,37.34631666471344
1,18,65,0,13.95,12.713337381208014
0,38,22,0,48.3,109.80561772610056
1,18,65,0,14.85,23.470642356603257
0,25,108,0,26.75,27.625074422381296
1,18,65,0,12.5,17.857624053666974
0,38,22,0,32.8,34.06742540439783
1,18,65,0,9.1,8.801315691118962
1,18,65,0,8.35,8.43722952782862
0,25,108,0,36.75,50.5682186441455
0,38,22,0,20.05,21.931652204543383
1,14,65,0,12.05,13.064516024230228
0,37,22,0,18.05,18.899944305125402
1,14,65,0,8.55,10.590338198466313
0,25,108,0,26.55,26.632933708000266
1,14,65,0,7.3,6.207804934537098
0,37,22,0,17.35,19.03535491768161
1,14,65,0,12.0,8.74793208646899
0,37,22,0,21.95,45.222810965031215
1,14,65,0,14.5,23.37452504442885
0,24,108,0,43.0,46.069741182598136
0,37,22,0,13.55,8.94118207185746
1,22,65,0,13.6,14.897544834812988
1,22,65,0,13.25,23.24441075998588
0,24,108,0,29.8,25.552010941565726
1,22,65,0,11.7,11.603538480272208
0,37,22,0,32.45,33.0525498658058
1,22,65,0,17.05,18.23090204772337
1,3,22,0,19.75,33.53690033695013
0,24,108,0,37.85,34.674842996646795
1,22,65,0,13.8,10.288470808577307
1,14,65,0,13.35,14.772930436586051
1,3,22,0,27.25,27.94896665070294
0,24,108,0,46.4,69.4136343348981
1,14,65,0,23.2,36.94604885932716
1,14,65,0,9.45,7.584436973864726
1,3,22,0,37.85,110.10152013865252
0,24,108,0,26.55,34.39472878830493
1,14,65,0,16.8,18.738083932827397
1,3,22,0,26.6,34.653776280894924
0,40,108,0,19.05,15.21936093823985
1,14,65,0,18.0,20.93599267944284
1,3,22,0,23.35,28.17665140165748
1,11,65,0,14.6,11.740169459908508
0,40,108,0,32.25,24.65738919888444
1,11,65,0,16.45,28.965451289787506
1,1,22,0,35.1,46.73655168235987
0,40,108,0,21.0,13.262531313520254
1,11,65,0,17.0,14.538515091048039
1,1,22,0,17.65,15.232496426010448
1,11,65,0,14.5,9.698073601439996
0,40,108,0,22.15,16.843786922623334
1,11,65,0,12.2,10.17013170747402
0,40,108,0,17.65,18.51677759848022
1,4,65,0,12.85,12.486940546447968
1,4,65,0,14.25,14.678573715309994
1,4,65,0,10.85,11.922005306420383
1,1,22,0,64.15,149.4439782379302
0,24,108,0,37.55,50.05625782425632
1,4,65,0,10.35,9.427144457977663
1,1,22,0,23.4,28.05333266626642
1,4,65,0,13.05,11.865363125722837
0,24,108,0,27.6,26.40255171081207
1,17,65,0,13.25,19.57139427031734
1,1,22,0,21.2,21.680939967970414
0,24,108,0,22.95,25.403014740277126
1,17,65,0,11.25,13.924136560209702
1,22,22,0,14.65,12.712509380009994
1,17,65,0,11.8,10.232044607120576
1,17,65,0,6.0,3.3403435058152486
0,24,108,0,32.05,22.075170619832974
1,22,22,0,23.1,28.071150202373442
1,17,65,0,13.65,8.37461703759138
1,13,65,0,9.75,16.12737130666861
1,22,22,0,24.3,34.507207485119
0,24,108,0,39.6,33.27777826592078
1,13,65,0,17.8,19.105248658831673
1,22,22,0,20.35,22.97658991692471
1,13,65,0,14.25,15.636916508529962
1,22,22,0,17.45,22.558637043561784
1,13,65,0,9.1,10.031004567418906
1,8,108,0,41.65,38.68533653928701
1,13,65,0,22.3,35.4758628098777
1,8,108,0,18.2,12.327120293760506
1,22,65,0,11.75,7.628719972646304
1,13,22,0,40.85,108.82398874474227
1,22,65,0,7.85,5.460624602793309
1,8,108,0,25.3,25.275534249130075
1,22,65,0,13.65,11.895487866369642
1,22,65,0,8.65,8.241582627780074
1,13,22,0,45.5,110.49910692661251
1,22,65,0,11.55,7.229144231220559
1,8,108,0,28.0,27.04966192998197
1,13,22,0,20.85,23.20452542070188
1,8,108,0,33.2,42.32406308224051
2,42,65,0,18.2,28.515185243544963
2,42,65,1,14.45,12.322316084414103
1,13,22,0,20.0,20.777011587962207
1,2,108,0,19.4,17.628923602092698
2,42,65,0,16.35,21.28324025587912
2,42,65,1,12.15,13.251712898219692
1,13,22,0,28.55,42.29654085644655
1,2,108,0,30.45,32.647197026455586
2,42,65,0,17.0,16.27397017519566
2,42,65,1,9.35,9.314815589891419
1,21,22,0,26.35,31.51152671308507
1,21,22,0,14.55,15.250452969976784
2,42,65,0,10.9,13.920450688408799
2,42,65,1,11.05,10.328677502341161
2,42,65,0,10.35,11.013269508332115
2,42,65,1,6.85,6.998308066202408
1,2,108,0,52.6,109.94706860456462
1,21,22,0,35.75,54.41253241864898
2,46,65,0,11.8,11.260550608207398
2,46,65,1,6.95,7.170663919933187
1,21,22,0,11.15,8.89869889957308
1,2,108,0,28.55,25.535269726399992
2,46,65,0,14.6,15.284667239805351
2,46,65,1,12.05,13.003946769306133
1,21,22,0,25.0,34.57105573650944
1,2,108,0,19.55,16.56081297267104
1,2,22,0,18.65,18.849193756316417
1,0,108,0,17.65,19.984928531797475
2,46,65,0,16.5,18.2165338432743
2,46,65,1,11.9,10.755170115368996
1,2,22,0,20.7,17.2477305906115
1,0,108,0,19.15,19.002146693133607
2,46,65,0,8.15,6.276732304396344
2,46,65,1,8.25,5.398586559656635
1,2,22,0,21.75,17.600463510642943
1,0,108,0,31.35,33.8825758667847
1,2,22,0,20.75,24.490331067371745
2,46,65,0,17.9,22.30388212609493
2,46,65,1,21.4,48.473975654875616
1,0,108,0,22.65,22.785671859861036
2,36,65,0,11.25,10.083206465781554
2,36,65,1,6.6,3.6906710272766046
1,2,22,0,28.9,29.95066118240393
2,36,65,0,13.35,17.797915312577597
2,36,65,1,10.6,15.93869835536007
1,0,108,0,42.0,41.51727604896925
2,36,65,0,11.5,13.256577314875178
2,36,65,1,8.15,6.523439518988027
1,20,22,0,41.5,108.637736973562
1,13,108,0,18.7,25.635296390965166
1,20,22,0,18.6,20.458944768795668
2,36,65,0,13.25,21.488981264580076
2,36,65,1,12.95,15.408388009543101
1,13,108,0,21.9,24.535473781531312
1,20,22,0,17.15,19.167612486197978
1,20,22,0,15.65,19.437551827651333
2,36,65,0,12.5,14.62334111149562
2,36,65,1,17.65,35.24691102553677
1,13,108,0,29.4,27.463660199961463
1,20,22,0,18.15,24.000603062598678
2,25,65,0,16.85,15.698726062964472
2,25,65,1,12.45,12.857416454900138
1,2,22,0,24.55,22.06801686652094
2,25,65,0,5.3,4.932171508521748
2,25,65,1,8.7,9.559233618257327
1,13,108,0,48.35,108.86460688203006
1,2,22,0,24.45,22.986208679851583
2,25,65,0,13.5,15.92250972018776
2,25,65,1,7.5,5.326201371768775
1,13,108,0,25.2,23.856147833916612
2,25,65,0,9.45,10.028774391194254
2,25,65,1,7.5,7.359204762529855
1,2,22,0,20.7,18.817964541195312
1,4,108,0,36.85,50.168426850276845
2,25,65,0,10.55,13.535431087957342
2,25,65,1,13.65,10.42403598975893
1,2,22,0,31.15,35.902316301173016
1,4,108,0,23.35,18.932775813387746
2,44,65,0,13.4,17.813064395490592
2,44,65,1,10.3,8.6699723790005
2,44,65,0,10.85,14.161753534004704
2,44,65,1,6.05,4.570788254027733
1,4,108,0,39.45,49.170460751617085
1,2,22,0,57.4,111.242456870236
2,44,65,0,16.95,17.584308196140164
2,44,65,1,9.5,6.403124237432849
1,17,22,0,22.3,19.56931002199214
1,4,108,0,27.4,21.87139443969776
2,44,65,0,14.4,20.858924632926435
2,44,65,1,9.6,11.193983346329167
1,4,108,0,21.25,15.979839271966872
1,17,22,0,23.85,34.27485652010354
2,44,65,0,7.0,4.35285750066007
2,44,65,1,7.6,9.360611765882556
1,17,22,0,20.4,25.966375018068028
1,19,108,0,23.7,25.737746190126447
2,44,65,0,17.75,21.284723951327404
2,44,65,1,15.75,16.929808653751277
1,17,22,0,21.45,34.44977274388415
1,19,108,0,34.15,47.248809508811966
2,44,65,0,10.85,13.68931584926919
2,44,65,1,9.0,10.062959698554737
1,17,22,0,29.35,41.2237476270784
1,19,108,0,21.3,12.933432808443639
2,44,65,0,9.15,7.371888281987543
2,44,65,1,14.35,18.21010419346474
1,4,22,0,24.75,39.384574859227634
1,19,108,0,17.05,15.69269021920045
2,44,65,0,15.2,14.110839431929065
2,44,65,1,9.05,10.767763780939164
1,4,22,0,20.95,21.505140144430097
1,19,108,0,22.45,25.213770256078636
2,44,65,0,18.2,19.165758941129194
2,44,65,1,10.2,8.049844718999243
1,4,22,0,20.65,17.147272301110196
1,17,108,0,26.7,26.872212217710775
2,33,65,0,10.45,11.962551215311363
2,33,65,1,6.8,6.379242654273724
1,4,22,0,22.6,21.350212620659505
1,17,108,0,24.6,29.89173446746917
1,4,22,0,20.7,24.555200971216713
2,33,65,0,13.7,12.290775317071613
2,33,65,1,15.9,17.12154690502738
1,17,108,0,20.85,27.402026432940666
2,33,65,0,8.15,5.353552681704876
2,33,65,1,9.2,8.894705699104621
1,4,22,0,26.05,22.465119161655217
1,17,108,0,25.6,30.229647350694787
1,4,22,0,18.35,22.053225089362904
2,33,65,0,11.4,11.722223607993046
2,33,65,1,10.25,11.706386021493163
1,17,108,0,20.2,12.93139793802584
1,4,22,0,22.55,20.994924198607222
1,1,108,0,24.65,32.91500217865788
1,4,22,0,21.65,34.9560250058631
2,33,65,0,12.5,12.271061379050348
2,33,65,1,32.5,104.65456964398841
1,4,22,0,16.7,11.61260657987462
1,1,108,0,31.3,43.63979352548965
2,46,65,0,11.4,9.500138503145486
2,46,65,1,12.95,13.116783142218978
1,12,22,0,14.4,20.770424317182098
1,1,108,0,23.05,24.251912567009942
2,46,65,0,10.5,11.541686458910132
2,46,65,1,9.6,7.748684098810449
1,1,108,0,19.35,16.790583200428934
2,46,65,0,14.05,8.69043636479356
2,46,65,1,8.15,8.06731547340058
1,1,108,0,18.75,17.338351163032534
1,12,22,0,60.25,120.08237304362981
2,46,65,0,10.4,10.708579934357605
2,46,65,1,7.8,6.7011389448283145
1,13,108,0,26.4,25.090153237349593
2,46,65,0,14.1,14.667902659243845
2,46,65,1,12.1,15.130659010937466
1,12,22,0,38.2,47.798480486748794
1,13,108,0,31.0,31.99835522088761
2,40,65,0,15.25,16.199009066509042
2,40,65,1,11.0,11.239029738980328
1,12,22,0,23.25,30.289610864383675
2,40,65,0,10.35,7.81547048790848
2,40,65,1,10.45,10.112394687500556
1,12,22,0,19.2,20.783596770935542
1,13,108,0,26.2,28.136135222577348
1,10,22,0,17.9,19.55801087722584
1,13,108,0,20.5,18.777085699554686
2,40,65,0,17.1,18.252325014119506
2,40,65,1,18.2,21.948744119449124
1,13,108,0,20.9,17.522616963888638
1,10,22,0,30.25,42.55259903003019
2,40,65,0,7.45,5.14500268528394
2,40,65,1,8.6,15.013677974293625
1,17,108,0,18.0,14.2496537354052
2,40,65,0,8.95,6.261620775553411
2,40,65,1,8.05,8.864328276269651
1,10,22,0,26.15,22.546501654183633
1,17,108,0,22.55,19.459742520068666
2,31,65,0,18.9,19.827944129965985
2,31,65,1,9.15,9.438303817284567
1,10,22,0,33.45,30.74423352007401
1,17,108,0,30.05,36.16551861707648
2,31,65,0,13.4,12.067354831593333
2,31,65,1,9.1,11.191632212458885
1,10,22,0,16.1,13.038001138372803
2,31,65,0,9.3,8.367229309382497
2,31,65,1,10.8,14.684757582716777
1,17,108,0,31.95,29.36606527054117
1,19,22,0,30.3,28.80990326807415
2,31,65,0,9.35,7.154498033074239
2,31,65,1,12.35,13.195992214544376
1,17,108,0,33.75,33.382748459898295
1,19,22,0,34.75,41.480337764447285
2,31,65,0,14.0,18.281425718903584
2,31,65,1,9.55,9.13336854904211
1,22,108,0,19.65,17.927558908592456
2,45,65,0,9.1,9.02569431649094
2,45,65,1,9.4,9.236084839253847
1,19,22,0,21.25,18.831314905036013
1,22,108,0,27.15,50.978091269423615
1,19,22,0,20.9,25.254285722792098
2,45,65,0,7.5,6.932000546663811
2,45,65,1,13.45,15.404971856343552
1,22,108,0,18.3,17.22941181755626
2,45,65,0,12.2,15.554995812819818
2,45,65,1,13.9,19.25152078750089
1,19,22,0,28.05,36.79169671771636
1,8,22,0,13.85,17.297018301003877
2,45,65,0,14.3,12.157302332343306
2,45,65,1,16.1,25.000842091080813
1,8,22,0,17.3,16.40635306985168
1,22,108,0,53.4,109.13169253607988
2,45,65,0,14.65,18.10866323643262
2,45,65,1,7.9,6.750438582242755
1,22,108,0,32.15,30.873724137286437
2,47,65,0,13.9,21.523304383364263
2,47,65,1,7.5,7.742568593241692
1,8,22,0,54.85,113.49809875523303
1,18,108,0,27.8,23.349969007079622
2,47,65,0,10.7,9.953047668665954
2,47,65,1,11.5,9.822101822447491
1,8,22,0,25.6,29.886451780029027
2,47,65,0,9.85,10.77167337828348
2,47,65,1,8.9,6.137889230877853
1,18,108,0,23.55,32.979219932685204
1,8,22,0,18.85,29.02680249627738
2,47,65,0,10.5,11.63253151612684
2,47,65,1,14.75,15.6099664519684
1,18,108,0,23.3,24.15105969125426
1,16,22,0,19.7,23.213199511892956
1,18,108,0,16.75,13.408069055217222
1,16,22,0,19.65,18.140605804310077
2,47,65,0,10.3,10.000526301939788
2,47,65,1,13.5,10.560602056202745
1,16,22,0,20.1,32.05078207437297
2,45,65,0,11.15,8.164589782456279
2,45,65,1,12.4,17.76572690974335
1,18,108,0,32.0,32.315875192754476
2,45,65,0,10.65,7.421696500623589
2,45,65,1,10.05,12.621931622962347
1,7,108,0,24.4,19.65866622878411
1,16,22,0,49.1,111.97833437063194
2,45,65,0,11.55,11.19433597381894
2,45,65,1,10.05,10.480432895840254
1,7,108,0,20.05,18.411881175508725
1,16,22,0,11.35,13.639242917714348
2,45,65,0,12.4,14.463747785411638
2,45,65,1,12.65,17.391089672588087
1,6,22,0,21.0,22.86804251397685
1,7,108,0,33.3,58.04635171454293
2,45,65,0,13.95,23.286488063162068
2,45,65,1,8.3,6.333702666977998
1,6,22,0,23.85,20.435456802744635
1,7,108,0,26.15,25.86050636537661
1,6,22,0,34.75,41.57665716544118
1,7,108,0,34.3,34.28072958751945
2,41,65,0,34.7,103.25344393389756
2,41,65,1,13.75,13.194396737371433
1,6,22,0,22.55,22.314675369408924
2,41,65,0,9.05,8.923505329657234
2,41,65,1,9.25,5.972524812135898
1,15,108,0,26.2,24.782421613971295
1,6,22,0,23.9,26.19341017970179
1,15,108,0,17.25,11.039999046529324
2,41,65,0,13.95,15.517307824015836
2,41,65,1,10.8,17.93144841069073
1,1,22,0,20.95,27.28692572990724
1,15,108,0,21.55,20.174175780463813
2,41,65,0,9.35,7.56915485791894
2,41,65,1,16.35,16.790583200428934
1,1,22,0,19.65,30.236393198994662
1,15,108,0,21.5,19.84280328243122
2,41,65,0,12.15,9.449449997918284
2,41,65,1,12.55,12.002083152519814
1,1,22,0,18.3,17.017328629494422
1,15,108,0,18.7,15.815049461626234
1,1,22,0,26.0,28.33818327943673
2,35,65,0,13.8,8.153785042930418
2,35,65,1,14.9,13.924231056913548
1,7,108,0,26.45,24.066738348534933
2,35,65,0,18.7,19.862951495315674
2,35,65,1,13.35,9.39918809483592
1,7,108,0,27.75,26.41346347284996
1,7,108,0,17.75,14.860314511086939
1,1,22,0,58.4,109.0602923543718
2,35,65,0,15.8,14.196367215075242
2,35,65,1,8.55,7.715159376871376
1,14,22,0,24.3,24.904237644055257
1,7,108,0,27.2,31.09848532442833
2,35,65,0,14.35,15.675240281882026
2,35,65,1,7.4,5.305409354710778
2,35,65,0,12.35,18.10575657222397
2,35,65,1,10.95,9.495012541218403
1,14,22,0,35.55,49.985761130440665
2,39,65,0,13.05,13.34353776177817
2,39,65,1,10.95,10.792175528204634
1,14,22,0,17.3,16.32917956491256
1,7,108,0,59.0,110.99407286214122
1,14,22,0,18.1,17.283700870747378
2,39,65,0,10.5,11.133165247181623
2,39,65,1,7.55,6.236353522945752
1,20,108,0,18.55,23.329391897685404
2,39,65,0,11.25,8.187763655859305
2,39,65,1,8.4,8.324978267713059
1,14,22,0,29.95,36.0926804067995
2,39,65,0,10.8,7.26636084983398
2,39,65,1,9.75,10.274521374433178
1,20,108,0,40.15,31.881812997381438
1,22,22,0,16.0,17.89736822758263
1,20,108,0,21.25,19.210400143781765
2,39,65,0,11.35,13.156047238717578
2,39,65,1,10.2,10.097420202053696
1,20,108,0,11.65,8.260718714749373
2,41,65,0,9.5,12.487888869662983
2,41,65,1,11.35,10.494484767072453
1,22,22,0,43.5,109.16886967108873
1,20,108,0,27.1,29.027935728046163
1,22,22,0,19.8,14.806115379517307
2,41,65,0,17.7,17.776684907928967
2,41,65,1,9.75,11.415017808963215
1,22,22,0,24.0,30.796445454493266
2,41,65,0,12.75,11.322427673474122
2,41,65,1,11.8,12.630789449011617
1,8,108,0,37.7,47.88703813196877
1,8,108,0,23.5,25.787593916455254
1,22,22,0,59.6,129.90620097836583
2,41,65,0,13.75,12.602735709694981
2,41,65,1,36.85,109.59892191171646
1,8,108,0,31.3,25.90488675703364
2,41,65,0,11.45,12.886038956948717
2,41,65,1,8.45,13.216715891149677
1,8,108,0,17.6,15.845969103911102
2,31,22,0,16.2,11.241839145283171
2,31,22,1,15.95,25.670944050054967
2,36,65,0,19.2,21.229572224661176
2,36,65,1,8.5,9.121980394398436
1,8,108,0,27.25,20.839928780563223
2,31,22,0,22.35,24.866538497388518
2,31,22,1,17.8,30.072893897468877
2,36,65,0,12.5,14.453191233845391
2,36,65,1,13.4,12.20181177228676
1,12,108,0,35.2,29.867426368784052
2,36,65,0,10.7,8.74853371172925
2,36,65,1,6.25,5.077038092182654
1,12,108,0,17.8,16.266206493347198
2,31,22,0,20.35,20.2127500147282
2,31,22,1,19.7,30.762417261806227
2,36,65,0,9.75,10.259142264341596
2,36,65,1,14.15,14.622531280617306
1,12,108,0,18.75,14.696490809212353
2,36,65,0,12.6,12.041157489386581
2,36,65,1,10.45,14.173641213998536
2,31,22,0,24.55,22.35944401907403
2,31,22,1,19.45,18.001388835309346
1,12,108,0,29.5,25.13228161045806
2,35,65,0,15.3,17.100630951732988
2,35,65,1,17.1,14.789398763623682
1,12,108,0,25.2,20.631095590471148
2,31,22,0,18.9,14.9662778834355
2,31,22,1,16.0,14.02253824909629
2,35,65,0,6.85,6.276732304396343
2,35,65,1,6.85,6.983250638039866
1,14,108,0,32.9,28.0336264248191
2,35,65,0,10.1,11.308590121067958
2,35,65,1,13.1,20.086392356387364
2,43,22,0,19.9,25.985623555707633
2,43,22,1,27.55,47.04474353991996
1,14,108,0,28.6,31.180965853849806
2,35,65,0,11.85,12.550005242188044
2,35,65,1,19.45,23.130010125831173
2,43,22,0,17.25,23.51455316450465
2,43,22,1,18.2,30.552112512023918
1,14,108,0,27.15,23.349236435165565
2,35,65,0,27.2,65.30704806003551
2,35,65,1,20.7,27.48032789201453
1,14,108,0,25.25,21.503671657111077
2,43,22,0,24.55,42.13446520242943
2,43,22,1,18.65,23.684938585300863
2,45,65,0,10.65,11.1131737851501
2,45,65,1,5.7,4.0923548747698595
1,14,108,0,22.15,24.45247807913395
2,45,65,0,8.1,8.17505834519659
2,45,65,1,6.85,5.470254492299816
1,16,108,0,15.35,14.43415175346668
2,43,22,0,21.05,15.922427082908131
2,43,22,1,23.4,30.41017835147339
2,45,65,0,13.7,13.661702136379562
2,45,65,1,15.05,21.641760313654807
1,16,108,0,23.45,12.873779962633966
2,45,65,0,9.05,8.762810171700808
2,45,65,1,13.45,16.113005534921815
2,43,22,0,15.5,16.734773126007635
2,43,22,1,25.15,37.431024283972896
1,16,108,0,50.45,111.37536106622316
2,45,65,0,7.55,5.735163926441675
2,45,65,1,19.4,28.93622752118691
1,16,108,0,15.4,12.4663758292372
2,27,22,0,27.4,41.62413267628085
2,27,22,1,21.05,23.31359440778119
3,0,65,0,11.3,5.813776741499454
3,0,65,1,14.65,10.064397908626125
1,16,108,0,30.45,37.06250055471732
3,0,65,0,16.8,17.85202332628168
3,0,65,1,13.9,13.733937987029755
3,0,65,0,14.35,17.427368071362263
3,0,65,1,12.0,12.187137309043239
2,27,22,0,22.95,28.531561471465245
2,27,22,1,44.9,108.66990093131147
2,47,108,0,51.65,82.54075548351537
2,47,108,1,25.9,35.34030053784579
2,27,22,0,18.85,22.108048070186662
2,27,22,1,16.5,25.17413041408309
3,0,65,0,21.05,24.82247496036394
3,0,65,1,15.75,16.90180619435624
3,0,65,0,8.55,7.38045070653405
3,0,65,1,13.05,13.12881523495872
2,47,108,0,29.25,31.55258768268752
2,47,108,1,18.45,18.894373988599163
2,27,22,0,33.55,27.170950044409366
2,27,22,1,24.65,20.2881220110892
3,4,65,0,12.15,9.35990890643932
3,4,65,1,20.9,33.712249842953
3,4,65,0,11.65,11.74857214168688
3,4,65,1,11.8,11.78580770070065
2,47,108,0,25.6,22.718876918128075
2,47,108,1,22.25,29.76022601781746
2,27,22,0,20.75,19.226831580673373
2,27,22,1,19.35,19.711805172482165
3,4,65,0,16.1,22.964274313307662
3,4,65,1,12.45,12.596887669077962
3,4,65,0,15.3,26.07499306151192
3,4,65,1,13.9,20.099489388643946
2,47,108,0,26.75,22.161785506635184
2,47,108,1,26.1,38.35828326107468
2,31,22,0,18.7,24.028710896933713
2,31,22,1,31.55,52.75811237196259
3,4,65,0,13.8,13.862482499633014
3,4,65,1,9.75,7.114662399062346
2,47,108,0,20.7,21.253111227349873
2,47,108,1,17.4,23.28179772404094
3,3,65,0,16.1,32.1491589478268
3,3,65,1,15.1,18.940071694412186
2,31,22,0,32.9,62.00840350519563
2,31,22,1,42.7,108.51878323953635
3,3,65,0,11.5,10.37456403649659
3,3,65,1,14.75,22.468398860809398
2,29,108,0,45.8,65.64626096699925
2,29,108,1,29.35,28.621440252112805
3,3,65,0,12.65,12.868873095063224
3,3,65,1,12.8,12.597409925937367
2,31,22,0,46.0,110.78618572443237
2,31,22,1,20.94736842105263,21.986040228114767
3,3,65,0,10.3,9.409401793167468
3,3,65,1,21.0,26.491309399201292
2,29,108,0,27.05,27.645262276125898
2,29,108,1,18.05,15.00342066260049
2,31,22,0,26.3,25.941432010142428
2,31,22,1,20.0,19.485487177032958
2,29,108,0,15.25,15.593099013413122
2,29,108,1,18.6,15.852610610176948
3,3,65,0,34.25,87.0105105568771
3,3,65,1,16.6,17.248646018562855
3,5,65,0,11.05,8.684377988815985
3,5,65,1,13.0,10.06818856858728
2,31,22,0,24.7,22.007415018340378
2,31,22,1,41.95,90.91955669422109
3,5,65,0,12.95,11.095162530533177
3,5,65,1,15.0,12.435094649714912
2,29,108,0,37.45,27.013593069532895
2,29,108,1,27.5,30.560552488805772
3,5,65,0,14.3,16.998761564797658
3,5,65,1,17.2,23.38375504490243
2,35,22,0,22.55,24.241059122250025
2,35,22,1,25.8,22.55892867930334
2,29,108,0,29.25,28.410292797542674
2,29,108,1,29.15,24.415859815421527
3,5,65,0,20.05,32.93770036391669
3,5,65,1,13.8,13.613460830717285
2,35,22,0,22.15,19.54556080977011
2,35,22,1,22.35,26.147909245190842
3,5,65,0,13.0,11.0929090674605
3,5,65,1,12.65,11.384546312297301
3,23,65,0,10.0,11.154418525032085
3,23,65,1,8.9,7.055419715964533
2,38,108,0,42.6,108.62218441629877
2,38,108,1,22.105263157894736,21.33305920876512
3,23,65,0,8.1,6.896986374687975
3,23,65,1,12.7,17.162075693378792
2,35,22,0,31.7,76.11839808033133
2,35,22,1,25.65,37.147324051814635
3,23,65,0,8.95,9.533735116058024
3,23,65,1,9.3,8.968365455720926
2,38,108,0,35.7,25.868289874915032
2,38,108,1,26.7,40.23365964489252
3,23,65,0,9.75,9.662052740380522
3,23,65,1,12.0,18.052554856366044
2,35,22,0,20.9,19.128100023952083
2,35,22,1,19.6,16.407315441594946
3,23,65,0,12.85,14.651297768996079
3,23,65,1,9.85,8.64063228680572
2,35,22,0,17.1,14.040917648823834
2,35,22,1,20.85,24.43740661578604
2,38,108,0,32.3,45.033437869163286
2,38,108,1,18.0,18.96811729413888
3,9,65,0,8.55,14.695058245617988
3,9,65,1,14.7,12.81898263472861
2,41,22,0,20.45,18.1846522910769
2,41,22,1,15.55,13.770582680788097
3,9,65,0,8.2,10.445850347084445
3,9,65,1,14.9,14.75020071228292
2,38,108,0,18.65,12.347064428438042
2,38,108,1,23.4,25.10273627358286
3,9,65,0,9.15,7.198501306010271
3,9,65,1,13.5,14.218224035963216
3,9,65,0,12.8,16.52939964522544
3,9,65,1,10.3,8.909486369506439
2,38,108,0,15.55,15.449322928444742
2,38,108,1,21.1,24.10699832872298
2,41,22,0,40.05,109.92173052724955
2,41,22,1,16.42105263157895,37.65828194209621
3,9,65,0,13.0,11.457013480603784
3,9,65,1,16.2,13.8472874029917
2,41,22,0,28.85,22.050838389598944
2,41,22,1,29.75,29.931280943978464
2,26,108,0,23.2,24.52195579046406
2,26,108,1,40.2,54.966592724940426
3,17,65,0,14.25,12.272669679113488
3,17,65,1,20.55,22.368857580879812
3,17,65,0,9.3,6.554227241776265
3,17,65,1,11.85,13.039514844058465
2,41,22,0,18.85,29.34777854051577
2,41,22,1,9.0,10.612802596268736
3,17,65,0,10.45,11.905217785757461
3,17,65,1,12.9,11.082940897946195
2,41,22,0,19.05,22.728315287092304
2,41,22,1,20.7,20.812698552869872
2,26,108,0,40.85,77.93943330021007
2,26,108,1,26.7,28.587998954290704
3,17,65,0,8.75,9.250177807679385
3,17,65,1,11.6,7.714647721943252
3,17,65,0,11.25,5.349618776383191
3,17,65,1,15.55,26.12414692638936
2,46,22,0,24.05,28.87263319076424
2,46,22,1,23.0,21.805359070891868
3,17,65,0,17.85,27.96854436119639
3,17,65,1,11.35,10.737416135325942
2,26,108,0,35.0,59.88849287590537
2,26,108,1,33.7,54.29946205025763
2,46,22,0,16.25,16.998064905344837
2,46,22,1,27.95,53.85211230768947
3,17,65,0,11.8,10.670174861685602
3,17,65,1,17.85,14.690759716659706
2,26,108,0,16.6,17.27303953381807
2,26,108,1,15.5,18.807893079908318
3,17,65,0,7.35,5.234249556627257
3,17,65,1,13.0,15.607015966174348
3,17,65,0,12.1,18.011399898836
3,17,65,1,9.15,6.595652475604469
2,46,22,0,30.25,29.518727329576638
2,46,22,1,29.1,33.62001283696802
3,17,65,0,12.2,9.88672688107913
3,17,65,1,9.25,8.961173560362916
2,26,108,0,37.1,46.003317958141835
2,26,108,1,36.0,43.96290302181219
3,6,65,0,18.7,16.73980443827164
3,6,65,1,11.15,9.642422713689422
2,46,22,0,31.0,23.78632955468772
2,46,22,1,25.3,34.28994021575424
2,32,108,0,30.6,28.053332666266417
2,32,108,1,18.2,13.403063279085043
3,6,65,0,11.5,8.750939799154207
3,6,65,1,12.4,19.18442350614576
2,46,22,0,19.35,19.791744690520257
2,46,22,1,19.55,18.31443204286258
3,6,65,0,12.8,10.102631236204598
3,6,65,1,8.7,8.868038411236043
2,32,108,0,30.75,25.432832075260933
2,32,108,1,25.75,20.460166691711763
3,6,65,0,10.2,6.894696665210381
3,6,65,1,25.25,26.714622449729266
2,29,22,0,30.05,29.469832925070666
2,29,22,1,21.9,25.42667476241603
3,6,65,0,15.4,14.383470044683786
3,6,65,1,18.05,12.063319783978468
2,32,108,0,34.45,30.163545442872106
2,32,108,1,20.55,29.868968230554845
3,23,65,0,13.8,15.652812089710572
3,23,65,1,11.95,11.19903661270163
2,29,22,0,39.0,54.967933235755964
2,29,22,1,21.5,17.300745344455084
3,23,65,0,12.2,11.767931446363706
3,23,65,1,10.5,8.786952049248333
3,23,65,0,12.7,11.13600136116144
3,23,65,1,7.7,9.825316387031165
2,29,22,0,21.9,21.277366279440546
2,29,22,1,28.6,29.433958190104878
2,32,108,0,47.25,42.83490337760108
2,32,108,1,38.7,61.57673860186252
3,23,65,0,14.95,18.480359417785312
3,23,65,1,12.5,15.709534483370616
3,23,65,0,14.45,16.68429769195228
3,23,65,1,10.8,8.96543068504916
2,29,22,0,26.55,35.70710529321934
2,29,22,1,23.2,25.74081338427771
2,32,108,0,38.55,53.11603484725433
2,32,108,1,21.65,26.01067594580915
3,3,65,0,12.05,13.941513170157831
3,3,65,1,12.65,12.75796964542886
2,29,22,0,21.85,23.727121944927788
2,29,22,1,21.25,15.47791295600554
3,3,65,0,8.3,5.629807886784882
3,3,65,1,15.05,17.28849632741835
2,40,108,0,17.6,22.894264967913962
2,40,108,1,28.85,36.06175259190823
3,3,65,0,11.25,8.472090402579147
3,3,65,1,19.6,26.368641663117476
2,44,22,0,24.2,24.545553783247907
2,44,22,1,41.8,109.88299997820648
3,3,65,0,11.8,12.176768216999383
3,3,65,1,17.75,16.482446803541606
2,40,108,0,29.95,27.20966353106345
2,40,108,1,27.25,26.213445726231896
3,3,65,0,14.65,27.166688192866296
3,3,65,1,12.1,12.669482604813988
2,44,22,0,21.25,21.34398719718704
2,44,22,1,21.1,17.841111600959586
3,22,65,0,6.55,5.586402665118412
3,22,65,1,19.3,29.040987369034493
2,40,108,0,26.3,32.34045861081588
2,40,108,1,35.3,40.71609018557651
3,22,65,0,13.85,15.74559253284951
3,22,65,1,13.35,11.226261504544649
2,44,22,0,20.45,16.24313620223048
2,44,22,1,45.9,108.05305714275157
2,40,108,0,26.85,21.223807386988792
2,40,108,1,17.3,13.822559744661508
3,22,65,0,15.35,20.866177618841757
3,22,65,1,17.4,19.304758071794797
2,44,22,0,20.0,34.00309583428823
2,44,22,1,14.55,16.816267187020525
3,22,65,0,12.6,11.913724946684942
3,22,65,1,14.15,12.950411495189519
2,40,108,0,20.8,16.542131218895527
2,40,108,1,31.05,29.89186652269353
2,44,22,0,19.95,35.20238478763679
2,44,22,1,17.95,20.831340255540574
3,22,65,0,12.7,13.29067738165207
3,22,65,1,15.0,25.09770381612838
3,17,65,0,11.55,10.308274652714172
3,17,65,1,9.3,7.027015537795619
2,35,108,0,25.05,19.615984352187457
2,35,108,1,30.35,29.68301835978559
2,35,22,0,19.2,24.57341310398186
2,35,22,1,31.15,46.46138747729979
3,17,65,0,9.4,8.171838677337007
3,17,65,1,9.2,6.879412459612644
3,17,65,0,11.15,8.945889970730752
3,17,65,1,15.5,22.286413137297707
2,35,22,0,20.4,23.358532758535556
2,35,22,1,19.9,37.700900449947376
2,35,108,0,26.75,32.65590137688504
2,35,108,1,34.65,48.46732485858249
3,17,65,0,11.9,12.702672739893842
3,17,65,1,16.8,17.41928755567714
2,35,22,0,15.8,15.803397369586474
2,35,22,1,13.2,13.024672942656098
3,17,65,0,15.4,21.323078675710182
3,17,65,1,9.2,9.709463641753148
2,35,108,0,27.95,39.57866916195615
2,35,108,1,22.25,16.283265546017027
3,15,65,0,13.5,15.094439547832103
3,15,65,1,12.95,16.881865075312405
2,35,22,0,22.55,18.54574713626025
2,35,22,1,31.6,40.09908779642329
3,15,65,0,8.7,6.673592893281936
3,15,65,1,12.45,7.83027189149501
3,15,65,0,13.05,14.816331671858805
3,15,65,1,15.55,17.97798361154115
2,35,22,0,29.6,34.431319891541825
2,35,22,1,16.25,16.75166920198198
2,35,108,0,34.95,53.49911460162584
2,35,108,1,31.85,31.422879696505422
3,15,65,0,11.15,8.041176923547292
3,15,65,1,9.75,5.9282996585956464
2,38,22,0,26.65,30.411692695928302
2,38,22,1,11.9,19.352410430581617
3,15,65,0,12.3,10.65289681383969
3,15,65,1,13.5,13.43796663816446
2,35,108,0,26.35,28.20652220208727
2,35,108,1,21.8,29.81980973499963
2,38,22,0,17.4,20.121734779245944
2,38,22,1,15.2,16.589787600556523
3,13,65,0,10.25,12.302652687851298
3,13,65,1,11.45,11.057148199955966
3,13,65,0,11.5,8.191780219091253
3,13,65,1,9.05,7.265455395586925
2,41,108,0,31.6,41.56972582617256
2,41,108,1,16.25,17.755280904564703
3,13,65,0,13.7,9.989994994993742
3,13,65,1,13.75,16.0717961528557
2,38,22,0,28.15,41.23523659253218
2,38,22,1,36.55,110.11643359357595
2,41,108,0,25.55,28.520491248445065
2,41,108,1,20.1,17.7345930168607
3,13,65,0,20.2,47.49803320027827
3,13,65,1,15.6,19.304758071794797
2,38,22,0,18.0,29.21787484616764
2,38,22,1,16.85,23.430243613532355
3,13,65,0,10.85,8.330508293078678
3,13,65,1,8.4,14.507348410193257
2,41,108,0,28.7,26.008298270885938
2,41,108,1,24.5,24.760962484481386
3,15,65,0,16.1,15.053938110394201
3,15,65,1,10.35,10.307253450081186
2,38,22,0,56.65,119.11086167273348
2,38,22,1,20.894736842105264,29.782348867971564
3,15,65,0,20.7,25.505623734879787
3,15,65,1,18.25,28.73998681463273
2,41,108,0,55.35,106.9250967537064
2,41,108,1,25.789473684210527,35.13715815260158
2,26,22,0,13.75,14.204799040798632
2,26,22,1,14.6,16.52557826044539
3,15,65,0,13.95,17.44608235317271
3,15,65,1,15.8,18.314791261364906
3,15,65,0,13.9,9.502908142137056
3,15,65,1,5.55,4.582288557157071
2,41,108,0,26.6,38.98906729355105
2,41,108,1,16.2,23.178029524348677
3,15,65,0,11.2,9.61139674388801
3,15,65,1,14.0,15.65415700633373
2,26,22,0,33.7,42.124002408927964
2,26,22,1,26.6,27.232720257652904
2,27,108,0,13.75,13.356941818277196
2,27,108,1,17.55,18.420454877519635
3,3,65,0,13.55,11.128318547031737
3,3,65,1,10.3,14.371389706819002
3,3,65,0,10.95,10.772650555921697
3,3,65,1,15.05,12.428638406180259
2,26,22,0,40.5,64.34978427968585
2,26,22,1,23.0,27.156466710721524
2,27,108,0,31.25,33.82909834353913
2,27,108,1,22.65,25.252983148426974
3,3,65,0,11.1,9.813524502333234
3,3,65,1,16.35,15.270456512667298
2,26,22,0,31.35,40.749911204294605
2,26,22,1,18.9,21.07854983526843
3,3,65,0,13.1,18.719255495766635
3,3,65,1,27.7,31.016294529098563
2,27,108,0,40.05,46.5860550628167
2,27,108,1,31.1,40.85648824334939
3,3,65,0,8.35,7.869160324362843
3,3,65,1,12.3,7.746646133378591
2,27,108,0,22.3,20.652768388408926
2,27,108,1,13.3,14.418920318730343
3,18,65,0,11.35,9.471703009213119
3,18,65,1,18.45,21.271366966689726
2,26,22,0,33.45,21.79201930210135
2,26,22,1,45.5,49.56601127470528
3,18,65,0,14.2,11.128909721035
3,18,65,1,11.9,8.878714937836918
3,18,65,0,11.65,9.421559821690048
3,18,65,1,12.7,15.795069183967374
2,27,108,0,26.1,29.809747611000983
2,27,108,1,32.95,50.134004638096
2,44,22,0,21.45,24.86907824249984
2,44,22,1,31.7,53.55675789094662
3,18,65,0,15.9,13.977048856494783
3,18,65,1,9.35,4.847951276461777
2,46,108,0,32.05,52.36860751090847
2,46,108,1,25.4,23.702986709429013
3,18,65,0,16.3,17.84170159456417
3,18,65,1,16.2,24.07794360864425
2,44,22,0,25.35,24.948947873607818
2,44,22,1,33.05,38.88914745110369
3,20,65,0,15.95,24.48947142194612
3,20,65,1,12.1,16.00624877977348
2,46,108,0,30.55,26.326842415659105
2,46,108,1,28.15,30.92312199122544
3,20,65,0,17.0,26.5329983228432
3,20,65,1,14.15,10.5495073469408
2,44,22,0,45.85,54.530797671928866
2,44,22,1,25.7,25.331694314476977
3,20,65,0,17.15,20.10047132204668
3,20,65,1,8.65,6.343459126077074
2,44,22,0,18.5,18.01023101052931
2,44,22,1,17.9,12.681939084673463
2,46,108,0,32.65,24.908833774386146
2,46,108,1,28.35,38.340956526519015
3,20,65,0,10.65,8.940004709759739
3,20,65,1,11.55,14.730830540775788
3,20,65,0,16.15,18.601853331547936
3,20,65,1,14.85,12.946346771844254
2,44,22,0,22.3,29.765928950996802
2,44,22,1,21.75,32.81186402892453
2,46,108,0,24.35,18.25340631513097
2,46,108,1,29.25,33.00857145460379
3,11,65,0,14.4,13.986459617486439
3,11,65,1,15.1,15.454176747642316
2,24,22,0,18.7,15.390017270261504
2,24,22,1,25.55,21.8161577011651
3,11,65,0,11.7,13.448146027573738
3,11,65,1,8.7,7.363494593708815
2,46,108,0,18.25,21.257506414143887
2,46,108,1,41.85,58.54667503705686
3,11,65,0,14.15,12.724923740853077
3,11,65,1,23.35,30.558442713146093
2,24,22,0,24.4,21.414210726819505
2,24,22,1,22.5,17.626236425462917
2,29,108,0,24.9,20.29493066079103
2,29,108,1,25.2,21.18490028298457
3,11,65,0,24.15,25.608951970993104
3,11,65,1,12.4,11.913724946684942
2,24,22,0,33.8,25.658896066830717
2,24,22,1,23.85,29.714917394962978
3,11,65,0,10.65,9.30916356692638
3,11,65,1,9.85,11.992431823972634
2,29,108,0,21.7,22.252380121070907
2,29,108,1,22.85,24.514818289954214
4,39,65,0,15.85,15.33923418111732
4,39,65,1,15.75,16.12084299741699
4,39,65,2,10.4,14.687624579538847
2,24,22,0,21.15,23.43024361353235
2,24,22,1,51.65,111.08236631105387
2,29,108,0,23.1,11.920349694623278
2,29,108,1,30.55,29.07245938576305
4,39,65,0,15.95,24.07548436414979
4,39,65,1,8.8,9.105232734965906
4,39,65,2,11.55,9.219401738781785
2,29,108,0,17.8,12.547174141908146
2,29,108,1,18.95,16.693758682434833
4,39,65,0,8.5,7.570719217728538
4,39,65,1,10.95,10.540523306693428
4,39,65,2,11.05,9.361033456217376
2,24,22,0,18.75,22.540898501682623
2,24,22,1,27.7,63.76114969576942
4,39,65,0,11.75,13.226269713200159
4,39,65,1,16.0,17.146428199482248
4,39,65,2,10.2,13.613460830717282
2,29,22,0,29.35,27.89317026385529
2,29,22,1,17.4,14.26589602771884
2,29,108,0,29.6,22.912648770585438
2,29,108,1,26.55,29.38577350029307
4,39,65,0,9.5,8.068783251388941
4,39,65,1,11.6,8.5187100580212
4,39,65,2,13.45,13.394716161704645
2,29,22,0,15.3,12.393122031361207
2,29,22,1,22.05,35.49421746826109
2,33,108,0,18.8,18.563121334630406
2,33,108,1,28.55,35.39770286926897
4,29,65,0,11.15,17.523743291527882
4,29,65,1,14.1,13.11046187311171
4,29,65,2,13.8,25.10105889986988
2,33,108,0,20.0,17.24742543716384
2,33,108,1,10.75,10.828203913853857
2,29,22,0,18.9,14.789398763623682
2,29,22,1,28.75,37.31498217521807
4,29,65,0,13.4,17.273039533818075
4,29,65,1,7.95,6.549206460568937
4,29,65,2,10.75,8.540152839751508
2,29,22,0,17.65,12.982883468547914
2,29,22,1,24.15,19.104353320368467
2,33,108,0,21.35,20.645567894446753
2,33,108,1,27.55,48.181100247427224
4,29,65,0,14.4,19.924594693097536
4,29,65,1,8.4,5.725290155828004
4,29,65,2,12.2,17.188123194443552
2,29,22,0,26.45,27.940679643619415
2,29,22,1,15.3,14.675794607734911
4,29,65,0,13.55,16.471586380635497
4,29,65,1,9.9,9.893644956552452
4,29,65,2,12.3,17.317773042683484
2,33,108,0,21.6,17.150725011528017
2,33,108,1,25.6,41.46577536132406
2,31,22,0,16.3,23.653418580118934
2,31,22,1,15.5,24.875479365917965
4,29,65,0,10.6,7.741888794426277
4,29,65,1,9.0,9.926042302422132
4,29,65,2,12.1,9.978397719705884
2,31,22,0,13.15,10.554495176040048
2,31,22,1,16.75,12.789284165803974
2,33,108,0,37.4,56.24701161652478
2,33,108,1,15.95,15.22627576540667
4,36,65,0,9.7,12.628705813594511
4,36,65,1,13.3,11.012433164860811
4,36,65,2,9.9,9.813524502333234
2,31,22,0,26.75,22.52922079153392
2,31,22,1,18.6,21.512297584600788
4,36,65,0,11.9,10.16133020716025
4,36,65,1,10.6,10.246437121468638
4,36,65,2,15.2,18.788574355596793
2,28,108,0,33.05,34.811484795742494
2,28,108,1,21.25,33.081836326553
2,31,22,0,23.95,21.59794093499607
2,31,22,1,14.3,10.270550643773477
4,36,65,0,15.9,15.860908582191362
4,36,65,1,12.2,6.582272843742782
4,36,65,2,11.4,13.264118595114532
2,28,108,0,23.5,21.85478389157322
2,28,108,1,25.95,21.43159251886655
4,36,65,0,9.5,14.543944299586467
4,36,65,1,11.4,9.648561387176084
4,36,65,2,12.3,11.00765284030304
2,31,22,0,22.5,21.634524066383975
2,31,22,1,21.05,21.44632222181942
4,36,65,0,10.15,12.162388096526367
4,36,65,1,7.7,6.4571461840433235
4,36,65,2,9.4,8.07465169527454
4,47,65,0,6.8,6.220509371595324
4,47,65,1,8.75,8.55246963409431
4,47,65,2,9.6,11.36198648309816
2,28,108,0,50.0,61.33771914143599
2,28,108,1,32.3,43.531114099421366
4,47,65,0,11.6,15.048692896552076
4,47,65,1,12.0,14.885528118559348
4,47,65,2,6.5,7.493857133468859
2,47,22,0,60.45,117.87570393828987
2,47,22,1,33.578947368421055,47.48369988096931
2,28,108,0,29.35,30.534320638293316
2,28,108,1,24.95,24.31043743787949
4,47,65,0,19.65,21.40406995237858
4,47,65,1,11.5,14.420380314716136
4,47,65,2,7.7,7.131103110946256
2,47,22,0,21.9,22.251907073800496
2,47,22,1,22.0,41.99122715395129
2,28,108,0,32.15,34.56690689997558
2,28,108,1,10.65,8.567226413551392
4,47,65,0,11.2,10.807404868885037
4,47,65,1,6.9,6.381717307235857
4,47,65,2,8.35,6.853927034151566
2,47,22,0,22.75,29.13647560234964
2,47,22,1,23.7,32.56426843869472
2,38,108,0,23.15,16.278093125101407
2,38,108,1,17.4,19.972085783070224
4,47,65,0,15.1,11.598094217313644
4,47,65,1,20.7,42.01516017118733
4,47,65,2,9.55,9.366654179925497
2,47,22,0,18.45,14.321404665009204
2,47,22,1,17.35,21.433557064123832
2,38,108,0,28.4,31.22482143558567
2,38,108,1,11.95,11.099905167921126
4,34,65,0,17.3,20.698588815360537
4,34,65,1,14.3,10.387745816966005
4,34,65,2,11.95,14.065542068623252
2,47,22,0,30.75,50.07349861112058
2,47,22,1,22.4,33.02853630614466
4,34,65,0,9.1,7.656438638922076
4,34,65,1,16.7,16.648375928379068
4,34,65,2,14.35,19.126380239152194
2,38,108,0,51.5,109.44909896000924
2,38,108,1,24.57894736842105,18.927686333557002
2,35,22,0,25.2,22.74712243224115
2,35,22,1,19.7,25.505623734879787
4,34,65,0,12.75,9.261550398797908
4,34,65,1,14.3,10.800097465447147
4,34,65,2,9.15,6.768930569346356
2,35,22,0,17.75,11.800423721205949
2,35,22,1,19.4,18.636127901414895
2,38,108,0,26.05,29.748905331474845
2,38,108,1,23.85,23.026929315134712
4,34,65,0,11.55,10.845687961970004
4,34,65,1,9.45,8.081655640692496
4,34,65,2,15.2,19.506004473656716
4,34,65,0,15.15,19.104353320368467
4,34,65,1,15.0,18.037971644634315
4,34,65,2,15.8,12.202674426448274
2,38,108,0,34.35,60.10628743711995
2,38,108,1,25.6,29.068702648797565
2,35,22,0,39.2,111.1412567293011
2,35,22,1,51.8421052631579,118.27099914926771
4,34,65,0,11.1,10.182027509809934
4,34,65,1,15.0,21.265242211547687
4,34,65,2,13.6,16.608178074291246
2,29,108,0,22.95,19.005470126698842
2,29,108,1,24.25,27.708776872851566
2,35,22,0,23.65,23.17729151789016
2,35,22,1,36.8,40.47819425970378
4,34,65,0,10.95,11.900796081288892
4,34,65,1,15.5,30.84511391827851
4,34,65,2,14.3,22.964732686631063
2,29,108,0,23.2,15.261233998530225
2,29,108,1,22.8,19.99105062929805
2,35,22,0,18.15,15.25321363896112
2,35,22,1,16.3,29.084450539040525
4,34,65,0,20.75,40.90280520556274
4,34,65,1,18.1,18.281137820168635
4,34,65,2,7.95,6.194012388886884
2,29,108,0,24.55,23.254824060939765
2,29,108,1,27.15,21.58526544220678
4,34,65,0,12.05,14.82343450507728
4,34,65,1,17.0,18.444796727418534
4,34,65,2,13.0,9.205261653275434
2,26,22,0,18.0,16.858544608470492
2,26,22,1,43.75,106.72437446648802
2,29,108,0,29.55,32.02379871611934
2,29,108,1,16.9,11.840608092492547
4,34,65,0,15.65,18.16380148015625
4,34,65,1,11.7,11.943287037627366
4,34,65,2,10.75,11.42884163214416
2,29,108,0,28.55,24.545285751679057
2,29,108,1,27.2,25.99716583743211
2,26,22,0,35.4,35.845281565727944
2,26,22,1,41.4,111.99689845329601
4,28,65,0,8.6,7.869996321807473
4,28,65,1,15.9,20.791951884272304
4,28,65,2,13.15,16.226278232027145
2,27,108,0,21.9,22.957397615216713
2,27,108,1,17.0,17.106477689675582
4,28,65,0,11.75,5.447114156283026
4,28,65,1,18.0,19.366275624883258
4,28,65,2,12.85,11.094213759765422
2,26,22,0,27.0,22.734161635370633
2,26,22,1,28.5,33.90466510363248
4,28,65,0,17.8,22.08976900596387
4,28,65,1,14.3,17.6578594399208
4,28,65,2,9.0,10.823950052399637
2,27,108,0,24.6,18.517132891630816
2,27,108,1,30.65,40.15925534012906
2,26,22,0,29.2,27.25242625606214
2,26,22,1,25.35,22.17223251584833
2,27,108,0,21.8,16.879136919815977
2,27,108,1,19.0,23.344107788070474
4,28,65,0,16.35,18.584869340973388
4,28,65,1,14.0,15.054287726337916
4,28,65,2,19.5,17.12646459353723
2,26,22,0,11.9,15.4745971803707
2,26,22,1,41.95,107.00195522069973
4,28,65,0,15.55,14.968299836654795
4,28,65,1,8.45,5.276312508202156
4,28,65,2,8.05,9.483919909093775
2,27,108,0,24.1,25.774120026838837
2,27,108,1,32.45,57.620788463521514
2,42,22,0,18.75,14.126775621977018
2,42,22,1,26.4,29.33365231086536
4,34,65,0,14.7,16.18673921195339
4,34,65,1,13.75,14.267648351206454
4,34,65,2,12.95,19.121426394712845
2,42,22,0,18.25,18.078411085281278
2,42,22,1,20.5,30.687731133227544
4,34,65,0,10.15,11.051434772296119
4,34,65,1,9.2,9.145605789840163
4,34,65,2,10.45,11.78078274586469
2,27,108,0,31.05,28.697102366101813
2,27,108,1,29.75,35.460689873658545
2,42,22,0,19.15,23.65603294588596
2,42,22,1,17.9,19.28702863803055
4,34,65,0,14.6,15.425201525596451
4,34,65,1,10.6,11.922557125929513
4,34,65,2,16.5,19.824227601599013
2,38,108,0,19.8,23.071057284193248
2,38,108,1,35.15,109.1108924081609
4,34,65,0,15.1,20.444790869172778
4,34,65,1,10.6,8.387961298005738
4,34,65,2,15.8,13.975919139343704
2,42,22,0,34.45,34.52150359596633
2,42,22,1,34.55,40.95758396451781
2,38,108,0,34.0,32.86015023830857
2,38,108,1,14.7,10.105235745576856
4,34,65,0,16.7,19.772655227278964
4,34,65,1,6.05,4.406633755218555
4,34,65,2,8.65,7.471172669175274
2,38,108,0,19.2,18.080521650602194
2,38,108,1,18.55,21.646623657962774
4,31,65,0,11.5,12.420272053974376
4,31,65,1,11.1,10.031004567418906
4,31,65,2,14.95,19.36484878384163
2,42,22,0,28.55,37.19291811480697
2,42,22,1,34.55,34.34419433049094
4,31,65,0,11.2,9.053059965384195
4,31,65,1,8.3,6.283646276352274
4,31,65,2,12.2,9.12255735150944
2,38,108,0,26.7,32.543250573578796
2,38,108,1,24.05,39.133341552346785
3,13,22,0,30.1,34.10648958158766
3,13,22,1,34.05,106.82670423092769
4,31,65,0,11.6,11.708746168659786
4,31,65,1,13.65,12.864782609082337
4,31,65,2,12.95,17.92814605732092
2,38,108,0,22.15,16.349070470921518
2,38,108,1,17.05,23.03881164698525
4,31,65,0,10.65,7.087980931422609
4,31,65,1,10.5,9.517297272252298
4,31,65,2,10.35,8.222402005304904
3,13,22,0,20.35,15.083190364738735
3,13,22,1,17.7,15.818377054286541
2,46,108,0,31.45,35.57124060100711
2,46,108,1,16.15,19.72781899007752
4,31,65,0,10.95,12.491997438360286
4,31,65,1,12.15,11.458276714373671
4,31,65,2,6.5,6.427735952392896
4,41,65,0,8.55,8.929401465177595
4,41,65,1,7.85,7.464124723953696
4,41,65,2,8.9,7.972980688088462
3,13,22,0,44.35,109.4004113337788
3,13,22,1,15.263157894736842,12.591187858812466
2,46,108,0,32.15,28.685729076172688
2,46,108,1,17.8,22.3338308402298
4,41,65,0,12.5,16.285285576734278
4,41,65,1,9.25,9.909458533192046
4,41,65,2,8.9,9.71108969981715
2,46,108,0,30.4,28.553550797718568
2,46,108,1,21.4,14.00526216895109
3,13,22,0,43.05,109.91311161669093
3,13,22,1,17.789473684210527,16.26714120676819
4,41,65,0,18.2,29.97823772075512
4,41,65,1,15.5,23.745359657481668
4,41,65,2,6.45,7.104298180086401
2,46,108,0,19.25,19.72675180667373
2,46,108,1,26.65,30.29204342293273
3,13,22,0,22.65,17.048769055735065
3,13,22,1,28.95,24.932487789396806
4,41,65,0,20.05,25.816100647301074
4,41,65,1,14.8,14.321864036279782
4,41,65,2,19.55,11.966950101711051
2,46,108,0,23.6,17.257797627373208
2,46,108,1,19.65,15.52341186046011
4,41,65,0,12.45,10.112394687500556
4,41,65,1,15.75,16.42486882107354
4,41,65,2,11.4,13.088363654708512
3,11,22,0,22.6,25.03765585126363
3,11,22,1,48.25,105.4802924970497
2,43,108,0,28.35,37.36065338096527
2,43,108,1,20.85,17.412261257667343
4,45,65,0,4.3,2.8302873203598033
4,45,65,1,10.75,13.459002074526374
4,45,65,2,15.75,41.665175411910404
3,11,22,0,13.75,12.01698359559678
3,11,22,1,21.65,35.63303464335779
4,45,65,0,10.85,9.455018160799726
4,45,65,1,15.1,15.488195844781787
4,45,65,2,13.6,16.207210870798413
3,11,22,0,18.0,15.20041550678623
3,11,22,1,27.9,48.80886459607409
4,45,65,0,8.4,6.352786375822983
4,45,65,1,8.7,8.079213093521318
4,45,65,2,14.1,16.45376296746351
2,43,108,0,33.9,38.14225450792557
2,43,108,1,49.35,84.28727505882547
3,11,22,0,16.5,14.61974151978287
3,11,22,1,23.7,46.101832364542965
4,45,65,0,13.8,15.395146193388012
4,45,65,1,9.05,7.877182237323192
4,45,65,2,10.6,7.155417527999327
2,43,108,0,28.5,20.823822390410662
2,43,108,1,21.6,32.355590097019025
3,11,22,0,20.3,23.748905791968383
3,11,22,1,15.1,22.190325061066353
4,45,65,0,8.05,9.638055056034796
4,45,65,1,9.65,9.252453444186688
4,45,65,2,10.15,7.875845819238785
3,21,22,0,11.6,10.688902262578106
3,21,22,1,22.5,25.297181037045462
4,41,65,0,14.3,10.418101655544696
4,41,65,1,11.9,11.341122194544019
4,41,65,2,15.1,18.011399898835997
2,43,108,0,37.7,52.75574301488541
2,43,108,1,33.6,55.930784292542754
4,41,65,0,7.95,5.942487517423729
4,41,65,1,6.2,8.326242597322858
4,41,65,2,12.5,14.117924403880487
3,21,22,0,38.3,110.01870654335873
3,21,22,1,22.736842105263158,17.142676133825773
4,41,65,0,12.1,11.693002855959357
4,41,65,1,13.25,10.161200716450788
4,41,65,2,13.2,12.280065146407
2,43,108,0,26.1,35.09520884979211
2,43,108,1,38.8,66.12078262344481
3,21,22,0,49.95,112.83172146351863
3,21,22,1,32.05263157894737,42.419169781035095
4,41,65,0,12.85,9.863676052220992
4,41,65,1,43.15,108.5120779113163
4,41,65,2,13.789473684210526,18.545975746082195
2,26,108,0,35.2,33.06866858682495
2,26,108,1,31.8,31.953255332059506
3,21,22,0,14.1,15.385912900750274
3,21,22,1,27.0,34.4062417837841
4,41,65,0,33.6,110.02172034361406
4,41,65,1,7.2631578947368425,8.74860055642652
4,41,65,2,10.105263157894736,9.757588140303394
2,26,108,0,21.8,17.86086577732976
2,26,108,1,27.9,23.08770463392058
3,21,22,0,23.5,20.641042405337657
3,21,22,1,31.7,35.340598392455696
4,25,65,0,7.1,5.74822627104726
4,25,65,1,13.0,10.682006513660939
4,25,65,2,11.15,14.665659853800252
2,26,108,0,24.05,24.016386949440648
2,26,108,1,28.3,32.016607532571854
4,25,65,0,18.6,37.032560353232256
4,25,65,1,12.25,14.275024195757906
4,25,65,2,14.15,15.058744618117545
3,1,22,0,29.7,48.23200509816561
3,1,22,1,48.45,64.00696919291804
2,26,108,0,26.2,28.883796222285714
2,26,108,1,26.7,23.740039462566415
4,25,65,0,17.35,17.839267745179747
4,25,65,1,16.65,14.615330811748398
4,25,65,2,11.75,11.884864324004713
3,1,22,0,30.4,51.00196074662228
3,1,22,1,15.4,10.205261800711074
4,25,65,0,5.45,6.065215750924541
4,25,65,1,8.9,8.534141957301182
4,25,65,2,10.25,10.228314673133184
2,26,108,0,25.05,32.091112066804584
2,26,108,1,24.65,23.193181847485402
4,25,65,0,15.7,13.444231789918407
4,25,65,1,10.8,9.389804100865554
4,25,65,2,17.05,18.048108225692683
3,1,22,0,32.35,37.181312510453424
3,1,22,1,22.05,20.350804975673437
3,16,108,0,26.95,21.8161577011651
3,16,108,1,24.35,26.420237458592627
4,31,65,0,10.95,11.023778127780254
4,31,65,1,13.95,18.59675976303965
4,31,65,2,12.35,11.490384996527359
3,1,22,0,13.0,16.852299546352718
3,1,22,1,27.55,24.312602320174356
3,16,108,0,20.8,14.620101518835382
3,16,108,1,26.4,47.26008664268067
4,31,65,0,18.35,23.925927359247748
4,31,65,1,14.4,16.63667476896814
4,31,65,2,9.35,11.202795703704828
3,1,22,0,30.2,47.17448016615942
3,1,22,1,26.5,58.34425962833831
3,16,108,0,33.25,23.86778273387746
3,16,108,1,26.4,30.046280092025057
4,31,65,0,13.45,10.075896198876123
4,31,65,1,15.45,16.59256333104493
4,31,65,2,10.1,9.491824737220197
3,8,22,0,26.85,27.961016094781527
3,8,22,1,24.3,25.150285129701082
3,16,108,0,30.15,27.940302903078724
3,16,108,1,19.3,22.543758618109337
4,31,65,0,16.8,11.487292750550152
4,31,65,1,15.75,10.218018141344343
4,31,65,2,14.5,13.445797621718487
3,8,22,0,22.3,18.873819238076297
3,8,22,1,20.4,17.768689197278274
4,31,65,0,17.45,18.033521418093642
4,31,65,1,8.45,7.549660152685857
4,31,65,2,12.8,19.57334385008561
3,16,108,0,35.35,39.11289328409024
3,16,108,1,26.2,20.438869059247203
4,33,65,0,10.1,6.789310483554663
4,33,65,1,8.8,8.739504984175081
4,33,65,2,9.55,11.339149694288091
3,8,22,0,31.65,30.449742890626567
3,8,22,1,24.75,29.312966414199707
4,33,65,0,11.8,9.401007784722927
4,33,65,1,9.85,10.34802294872641
4,33,65,2,16.95,15.958746158372481
3,8,22,0,18.9,16.991948557757397
3,8,22,1,15.95,8.684377988815985
3,5,108,0,35.9,31.148033645801785
3,5,108,1,34.55,32.20080907777253
4,33,65,0,17.75,44.79294469820937
4,33,65,1,13.6,14.247437442719674
4,33,65,2,15.45,17.443065278665603
3,8,22,0,31.6,35.39015622874158
3,8,22,1,25.95,49.705951142165745
3,5,108,0,30.95,27.050586140161837
3,5,108,1,26.45,28.97816782555991
4,33,65,0,12.15,16.154761396859865
4,33,65,1,11.85,18.105756572223974
4,33,65,2,11.15,10.085294140219055
4,33,65,0,5.2,4.4556292012405345
4,33,65,1,15.85,23.024643548300933
4,33,65,2,10.0,11.295085097883106
3,13,22,0,27.25,34.79242960609013
3,13,22,1,27.9,33.0133944108496
3,5,108,0,24.3,30.573638455719536
3,5,108,1,22.5,18.317377426626162
4,36,65,0,11.6,9.702956684488118
4,36,65,1,8.2,8.894705699104621
4,36,65,2,6.55,8.438477038947378
3,13,22,0,45.5,110.30173926194693
3,13,22,1,8.052631578947368,7.306569982712866
3,5,108,0,27.6,36.06923167582324
3,5,108,1,26.0,17.731921853865106
4,36,65,0,11.05,8.635757974229806
4,36,65,1,8.45,9.517159018818257
4,36,65,2,9.25,10.587355914635056
3,13,22,0,11.65,13.059680821440267
3,13,22,1,18.35,17.948097685446104
4,36,65,0,9.45,10.023524960390878
4,36,65,1,7.5,5.186013579051375
4,36,65,2,10.65,11.672166623391329
3,13,22,0,16.05,19.97491848346452
3,13,22,1,15.2,13.938209505188473
3,5,108,0,41.75,39.90234790612017
3,5,108,1,29.8,27.05861084853824
4,36,65,0,11.25,8.872636823995803
4,36,65,1,14.7,15.393436742223683
4,36,65,2,15.4,16.859793343304876
3,13,22,0,22.6,22.99061593460757
3,13,22,1,26.25,29.230256494544175
4,36,65,0,12.3,19.412692538103705
4,36,65,1,12.25,9.957145014616653
4,36,65,2,10.35,7.307350300967692
3,11,108,0,24.65,24.192811024417107
3,11,108,1,37.15,44.29836043063113
4,25,65,0,8.6,7.286613537309719
4,25,65,1,10.15,13.083838966651308
4,25,65,2,11.9,18.008477535813366
3,6,22,0,26.65,24.00279588977742
3,6,22,1,22.45,22.910523897614343
3,11,108,0,27.9,32.597868835731866
3,11,108,1,19.55,18.88601543331384
4,25,65,0,10.6,10.73312629199899
4,25,65,1,10.45,11.856488341388172
4,25,65,2,13.85,12.836112708825995
3,6,22,0,15.7,12.174606877906939
3,6,22,1,23.15,24.157977869367336
4,25,65,0,17.2,23.701210273339473
4,25,65,1,12.6,12.663249769977773
4,25,65,2,9.5,9.017526793621641
3,6,22,0,18.3,25.38358358840362
3,6,22,1,20.9,23.101378404989738
3,11,108,0,32.6,50.984414543228695
3,11,108,1,35.05,34.06723228836581
4,25,65,0,13.9,9.978397719705884
4,25,65,1,15.75,11.593441884826184
4,25,65,2,5.8,7.4169081372084875
3,6,22,0,21.25,17.51052315188303
3,6,22,1,29.3,24.259778278155455
3,11,108,0,27.75,42.99189030013623
3,11,108,1,22.85,16.67735622112557
4,25,65,0,15.25,15.814300656783969
4,25,65,1,12.55,12.808200498118381
4,25,65,2,14.0,16.591056563544615
3,6,22,0,17.1,11.153946669936587
3,6,22,1,28.05,24.495918027295897
4,39,65,0,15.3,19.369264855761347
4,39,65,1,12.45,13.339592828947413
4,39,65,2,8.7,6.806343790132385
3,11,108,0,30.1,29.890854084397404
3,11,108,1,31.6,30.321783033254984
4,39,65,0,8.25,8.174897391920037
4,39,65,1,7.4,6.908423538657258
4,39,65,2,16.45,18.785422679917477
3,10,22,0,32.35,42.27388767250262
3,10,22,1,17.8,17.733702673900783
3,6,108,0,42.95,35.679088671391995
3,6,108,1,22.4,20.546225162327328
4,39,65,0,9.0,12.649110640673516
4,39,65,1,12.6,15.153252213026052
4,39,65,2,33.3,109.38781804589624
3,10,22,0,45.75,71.99990862567302
3,10,22,1,22.8,33.13227080085295
3,6,108,0,22.0,23.857030300036133
3,6,108,1,28.6,32.60674776790841
4,39,65,0,13.3,13.381448273439497
4,39,65,1,16.9,16.402503018233467
4,39,65,2,10.95,9.207977090830708
3,10,22,0,24.2,22.89932198490648
3,10,22,1,16.75,12.87132676267598
3,6,108,0,26.75,14.895689945328765
3,6,108,1,19.4,15.027693733483138
4,39,65,0,14.65,18.768043949336075
4,39,65,1,24.0,45.23156792376432
4,39,65,2,9.3,7.342020373023677
3,10,22,0,21.4,26.18235645379698
3,10,22,1,24.1,27.520136168573767
4,46,65,0,13.3,9.836024014867624
4,46,65,1,17.3,13.576682797704073
4,46,65,2,11.0,15.781401445338984
3,6,108,0,35.25,50.05878123713529
3,6,108,1,35.95,37.81739365897516
4,46,65,0,14.3,11.89913751850152
4,46,65,1,9.7,9.392606274702402
4,46,65,2,14.35,16.5855834671973
3,10,22,0,46.15,52.476836995503376
3,10,22,1,31.7,31.43430911398697
3,6,108,0,33.3,37.27860964201998
3,6,108,1,21.25,15.87077751552735
4,46,65,0,11.05,11.609773559603271
4,46,65,1,12.4,15.908951468971964
4,46,65,2,11.1,11.106659927126701
4,46,65,0,16.6,21.034808244781715
4,46,65,1,9.05,7.444354978950935
4,46,65,2,12.8,10.405464151614108
3,5,22,0,42.45,109.80771471315809
3,5,22,1,38.36842105263158,39.918264444453364
3,17,108,0,42.8,108.53018013437553
3,17,108,1,25.94736842105263,29.0277141217579
4,46,65,0,14.45,12.466692466433573
4,46,65,1,10.55,10.728589449640962
4,46,65,2,22.55,18.89158821441855
3,5,22,0,33.85,55.15268280920369
3,5,22,1,26.35,34.70821986670865
4,45,65,0,12.2,10.400404850419601
4,45,65,1,12.65,11.886635573750794
4,45,65,2,14.9,18.278258583412843
3,17,108,0,35.25,53.313250056425446
3,17,108,1,36.85,37.087769299041796
3,5,22,0,17.4,23.24786351247651
3,5,22,1,25.85,26.64439311019349
4,45,65,0,8.85,9.045353561505022
4,45,65,1,8.75,7.628719972646303
4,45,65,2,6.35,4.880411975707745
4,45,65,0,9.45,9.95503046599795
4,45,65,1,8.85,9.201115493014392
4,45,65,2,7.25,6.90442268633511
3,5,22,0,25.5,22.82773013590915
3,5,22,1,33.2,30.431285840311396
3,17,108,0,31.5,36.491527495397726
3,17,108,1,43.35,41.20203750710445
4,45,65,0,15.1,20.76155353684203
4,45,65,1,8.1,7.587385653348035
4,45,65,2,9.5,10.635095822694533
3,17,108,0,18.65,21.44092250568377
3,17,108,1,24.95,24.881773079484255
3,5,22,0,25.05,29.35889536140802
3,5,22,1,26.1,35.14765845311522
4,45,65,0,12.1,11.424350724381855
4,45,65,1,8.7,8.442374323051917
4,45,65,2,14.9,17.808631851466092
3,5,22,0,21.8,22.094533736936647
3,5,22,1,23.7,24.870400923693676
5,10,65,0,14.85,17.64645484002531
5,10,65,1,16.85,31.724596136121264
5,10,65,2,13.8,10.390278857511097
3,17,108,0,35.2,37.90514476954283
3,17,108,1,21.45,22.34296074240928
5,10,65,0,9.15,10.19429665109498
5,10,65,1,8.4,13.639725263477922
5,10,65,2,12.5,14.288383209336251
3,5,22,0,27.35,32.863793867543976
3,5,22,1,32.1,41.36983391185825
5,10,65,0,9.6,11.926970762894799
5,10,65,1,14.85,18.215883757112408
5,10,65,2,11.7,5.61107926573095
3,20,108,0,44.2,59.94348215303795
3,20,108,1,31.65,33.554786308521265
3,5,22,0,18.85,20.432881137493737
3,5,22,1,15.5,12.339495852535341
5,10,65,0,14.7,12.367614755353681
5,10,65,1,17.15,18.979975597566256
5,10,65,2,9.25,10.176727837261062
3,20,108,0,20.9,18.89834300728645
3,20,108,1,20.45,18.294304549432002
3,5,22,0,16.75,14.913346195164989
3,5,22,1,23.8,16.59613144523049
3,20,108,0,24.2,28.04620248240768
3,20,108,1,21.45,21.305978898940676
5,10,65,0,19.45,13.44569976257328
5,10,65,1,15.85,12.69593801596649
5,10,65,2,17.9,26.732397061086367
3,5,22,0,25.55,15.859498233252095
3,5,22,1,40.45,39.161574883658865
5,21,65,0,16.4,17.107708327257814
5,21,65,1,10.45,13.539318959782905
5,21,65,2,13.25,8.397211316546514
3,20,108,0,28.0,29.961378648625562
3,20,108,1,34.35,33.97255083926309
3,7,22,0,19.9,21.245185213051027
3,7,22,1,20.95,17.916399426811534
5,21,65,0,15.1,13.062199379567705
5,21,65,1,8.65,7.058216563171717
5,21,65,2,12.05,12.881953921750586
3,20,108,0,27.5,26.8632012043868
3,20,108,1,24.9,19.144602097554397
3,7,22,0,14.5,13.184919615346839
3,7,22,1,29.65,30.974140317707814
5,21,65,0,8.05,5.642647754752242
5,21,65,1,12.6,15.041696432881078
5,21,65,2,12.25,10.656725082016719
5,21,65,0,10.0,9.613586876477424
5,21,65,1,18.55,24.39904010191255
5,21,65,2,11.85,10.77167337828348
3,7,22,0,29.8,23.789869582173882
3,7,22,1,25.75,40.74939457089807
3,12,108,0,47.25,110.01237968615408
3,12,108,1,20.473684210526315,19.05946373575964
5,21,65,0,15.9,18.473024429663578
5,21,65,1,9.55,10.179830419433374
5,21,65,2,11.5,12.500526304709608
3,12,108,0,29.95,33.18762451656689
3,12,108,1,17.95,19.32131356545763
5,17,65,0,12.15,14.143159030726517
5,17,65,1,8.8,9.082081838781006
5,17,65,2,14.25,15.95016911311106
3,7,22,0,19.95,16.53536879094723
3,7,22,1,53.5,106.83312121937506
5,17,65,0,15.9,21.925471848730506
5,17,65,1,11.45,9.528212954445506
5,17,65,2,13.85,11.356774004508221
3,12,108,0,59.5,109.05841023096414
3,12,108,1,26.0,16.55294535724685
5,17,65,0,13.0,10.22381121644339
5,17,65,1,11.35,14.861731145178846
5,17,65,2,9.75,7.085010121450259
3,12,108,0,15.8,9.811915420065866
3,12,108,1,25.1,41.77370112000082
3,7,22,0,45.5,60.34506040919565
3,7,22,1,64.4,104.60069437225498
5,17,65,0,14.5,16.410843655147175
5,17,65,1,10.85,10.984558539868113
5,17,65,2,12.65,9.815535484226283
3,12,108,0,27.05,20.856590527242286
3,12,108,1,21.2,16.3404567352259
3,4,22,0,27.35,30.950342230911215
3,4,22,1,24.75,29.035142046909478
5,17,65,0,14.85,12.308640525214285
5,17,65,1,20.7,21.347007678878676
5,17,65,2,12.45,10.792175528204632
5,19,65,0,8.8,10.635590696979843
5,19,65,1,7.0,6.42364054837573
5,19,65,2,9.55,7.178000014664692
3,4,22,0,15.55,16.413970301320507
3,4,22,1,24.1,28.948047838916715
3,19,108,0,26.65,28.722400940545928
3,19,108,1,24.55,22.469804299618588
5,19,65,0,15.25,14.55253640399067
5,19,65,1,12.95,19.203823632424434
5,19,65,2,11.8,12.951732255611702
3,19,108,0,23.95,22.14658105964844
3,19,108,1,26.7,25.67632536424413
3,4,22,0,31.85,35.622693831172754
3,4,22,1,22.75,21.380943310389867
5,19,65,0,13.95,22.970175170608105
5,19,65,1,10.1,13.309671987733305
5,19,65,2,11.0,12.251745310685118
3,19,108,0,19.6,16.12255693447113
3,19,108,1,17.05,15.524089938577806
3,4,22,0,17.9,13.583658913329803
3,4,22,1,24.4,29.73461565954826
5,19,65,0,9.25,9.101041004655514
5,19,65,1,10.3,18.95173926194194
5,19,65,2,14.45,14.529371341491254
5,19,65,0,8.25,7.136820757614401
5,19,65,1,11.45,9.372271532782783
5,19,65,2,15.1,19.436536403598794
3,4,22,0,28.55,36.38894424351846
3,4,22,1,21.9,19.694776224326993
3,19,108,0,28.8,28.51887648189307
3,19,108,1,31.55,30.994863751069605
5,13,65,0,13.3,13.856786291048492
5,13,65,1,7.9,9.054803900925217
5,13,65,2,11.6,14.474660254171226
5,13,65,0,9.4,7.896701509924388
5,13,65,1,11.4,11.23153455325908
5,13,65,2,10.35,10.312358451979122
3,7,22,0,34.25,34.75459076075229
3,7,22,1,31.35,27.876183005342906
3,19,108,0,32.6,20.69680880563093
3,19,108,1,37.75,38.84906691286162
5,13,65,0,13.95,17.49428478103635
5,13,65,1,8.5,9.928693134971038
5,13,65,2,11.15,7.256757286542625
3,7,22,0,20.8,27.891896578340493
3,7,22,1,32.85,33.69565800546196
3,15,108,0,28.9,20.323437338776085
3,15,108,1,25.05,18.242446165612307
5,13,65,0,14.3,12.11827675781286
5,13,65,1,16.55,19.102149231517323
5,13,65,2,25.5,43.45051631938397
3,7,22,0,27.5,24.76733842445689
3,7,22,1,20.9,15.08537109429634
3,15,108,0,28.65,22.737113180645284
3,15,108,1,32.8,30.07289389746888
3,7,22,0,13.85,15.204829565150119
3,7,22,1,22.05,16.2981271122918
5,13,65,0,13.25,12.87132676267598
5,13,65,1,18.0,19.2299109120196
5,13,65,2,15.0,15.502122095819146
3,15,108,0,22.0,16.755203433717632
3,15,108,1,32.8,34.795038968825786
5,6,65,0,8.9,10.89616059855368
5,6,65,1,12.05,16.715813502567908
5,6,65,2,17.2,17.635490532326838
3,7,22,0,20.8,33.11638169912446
3,7,22,1,30.15,30.970741710609115
3,4,22,0,14.2,13.76723799842449
3,4,22,1,20.65,16.082926546987316
3,15,108,0,36.65,40.68398753939027
3,15,108,1,18.5,16.090206239887213
5,6,65,0,11.45,16.903674468183414
5,6,65,1,26.0,66.24356969786417
5,6,65,2,7.8,5.782004751586461
3,4,22,0,17.4,17.667692787148315
3,4,22,1,24.65,21.129363454680785
5,6,65,0,7.8,7.186244169464179
5,6,65,1,15.05,19.03314283863255
5,6,65,2,17.5,15.146651531991452
3,15,108,0,26.15,30.510179491959384
3,15,108,1,32.2,26.53220486007226
3,4,22,0,30.3,39.474308766988926
3,4,22,1,22.9,22.46845742251498
5,6,65,0,17.45,22.241438329104717
5,6,65,1,15.65,24.53198771099952
5,6,65,2,15.65,10.633982271349169
3,16,108,0,37.8,56.266845430829356
3,16,108,1,19.8,20.33301696618995
5,6,65,0,7.45,7.408920654397501
5,6,65,1,10.0,12.307464572791844
5,6,65,2,14.75,13.699308472750694
3,4,22,0,18.8,20.098703807381263
3,4,22,1,17.8,21.22709291646434
5,18,65,0,11.0,9.095979447275766
5,18,65,1,7.2,8.513765942655212
5,18,65,2,17.3,25.53861884737659
3,4,22,0,22.2,21.24196442496736
3,4,22,1,15.7,14.779430941256447
3,16,108,0,38.95,40.729499202214086
3,16,108,1,22.3,18.733870255151288
5,18,65,0,14.65,15.34952425115652
5,18,65,1,13.15,12.084243764854342
5,18,65,2,10.35,7.8490696733334016
3,16,22,0,27.5,30.01140134226184
3,16,22,1,20.7,16.137892642701786
3,16,108,0,30.45,29.676279735630082
3,16,108,1,31.5,29.04714860541845
5,18,65,0,9.2,8.630423542695675
5,18,65,1,9.1,7.704407487720395
5,18,65,2,13.1,12.32413122805481
3,16,22,0,17.45,13.812561026300052
3,16,22,1,15.1,19.64125625738896
5,18,65,0,16.65,18.952225254709884
5,18,65,1,12.05,17.334100860199786
5,18,65,2,9.35,7.350438583405826
3,16,108,0,33.75,53.85054854824942
3,16,108,1,33.95,39.93741814916248
5,18,65,0,10.85,9.062792645002743
5,18,65,1,9.9,5.310367218940701
5,18,65,2,10.05,10.241684688719817
3,16,22,0,33.1,43.156874185622904
3,16,22,1,37.8,36.55219771634446
5,3,65,0,10.75,7.765476906085509
5,3,65,1,9.5,10.4150700530782
5,3,65,2,15.0,19.641524219983808
3,16,108,0,25.5,36.39476538416508
3,16,108,1,21.25,19.64654784193048
3,16,22,0,20.55,20.919582867935517
3,16,22,1,39.25,109.54012723054602
5,3,65,0,10.1,9.352173966235705
5,3,65,1,18.5,19.5918887620147
5,3,65,2,9.3,7.441703257213435
3,21,108,0,34.4,75.83666659340983
3,21,108,1,28.9,31.08714406818017
5,3,65,0,10.95,11.852048457189962
5,3,65,1,8.8,9.116786137322967
5,3,65,2,10.4,7.118545090854332
3,16,22,0,24.05,39.03234151585742
3,16,22,1,19.8,20.60556899685642
5,3,65,0,15.05,15.557956163969612
5,3,65,1,9.4,7.707822410758403
5,3,65,2,12.1,15.606678732280983
3,20,22,0,15.55,15.312447636859988
3,20,22,1,22.85,24.316498622605145
3,21,108,0,21.75,16.488831946119422
3,21,108,1,28.4,25.600986823085343
3,20,22,0,20.5,19.755079293557312
3,20,22,1,17.45,20.44884503237028
5,3,65,0,11.95,13.032247453306377
5,3,65,1,12.65,11.631513455400285
5,3,65,2,20.2,26.976793145610408
3,21,108,0,28.5,31.263733824218416
3,21,108,1,28.5,29.240383034426895
3,20,22,0,26.5,42.81477856018754
3,20,22,1,21.45,32.72770434324637
5,20,65,0,14.25,18.069675091011923
5,20,65,1,9.4,12.368891368437614
5,20,65,2,20.2,22.83257137927031
3,21,108,0,28.15,30.807167655390977
3,21,108,1,16.95,12.150265320906415
5,20,65,0,10.75,11.158546405994683
5,20,65,1,17.25,22.624800086351446
5,20,65,2,14.8,16.17535487286625
3,20,22,0,20.6,21.25880622483923
3,20,22,1,32.15,25.464681423493204
3,21,108,0,13.8,11.45058031165601
3,21,108,1,25.45,19.36213070049776
5,20,65,0,12.9,14.764466589897873
5,20,65,1,12.05,11.12358802393885
5,20,65,2,11.05,11.51874901833391
3,20,22,0,16.7,17.18659208128305
3,20,22,1,23.7,16.176981697526436
3,9,108,0,19.55,15.048955200663567
3,9,108,1,29.5,38.19685850956856
5,20,65,0,11.05,16.44920410808601
5,20,65,1,12.1,11.378187812421485
5,20,65,2,12.7,8.962494953386233
5,20,65,0,11.25,8.632100433540892
5,20,65,1,9.15,7.815470487908481
5,20,65,2,8.1,5.190071493270892
3,11,22,0,25.55,33.606821049492794
3,11,22,1,43.45,109.74155044802694
3,9,108,0,30.35,39.286096375448814
3,9,108,1,30.05,24.491620478935456
5,2,65,0,14.75,16.739097001363383
5,2,65,1,16.25,24.702173354202106
5,2,65,2,13.35,14.600919221242993
3,11,22,0,19.25,16.383158875407457
3,11,22,1,19.65,19.004916261464114
3,9,108,0,15.5,16.822603841260722
3,9,108,1,16.65,12.175363390232363
5,2,65,0,6.9,9.519509054125582
5,2,65,1,11.2,10.013674860435916
5,2,65,2,8.7,11.43908351131975
3,9,108,0,13.5,10.753212494290645
3,9,108,1,17.5,16.201039602770134
3,11,22,0,20.45,23.497984236055114
3,11,22,1,16.45,19.656189597012037
5,2,65,0,14.0,14.945515081543078
5,2,65,1,12.15,12.248630428273238
5,2,65,2,13.0,13.086755055961614
3,11,22,0,22.55,32.84489065448785
3,11,22,1,31.55,51.51440779555091
3,9,108,0,32.65,29.596007910029456
3,9,108,1,31.55,42.02314525165989
5,2,65,0,17.15,20.851038091032404
5,2,65,1,16.55,23.943958693055265
5,2,65,2,13.25,12.216791722870617
3,11,22,0,17.5,16.11635325082145
3,11,22,1,28.5,39.81866793087727
3,22,108,0,20.75,25.70864077555085
3,22,108,1,25.4,23.769507224261307
5,2,65,0,12.25,16.644502806759068
5,2,65,1,7.0,7.398435111918139
5,2,65,2,13.75,12.63610116418743
5,0,65,0,13.25,13.005565610234154
5,0,65,1,7.4,5.789282293487182
5,0,65,2,21.95,28.722767422744152
3,3,22,0,47.8,108.85219336329425
3,3,22,1,28.736842105263158,25.69444839576388
3,22,108,0,33.75,24.421463812327918
3,22,108,1,27.2,28.829078887014138
5,0,65,0,10.05,6.878456069114409
5,0,65,1,11.6,11.632079055693128
5,0,65,2,17.8,20.226610924069416
3,3,22,0,25.55,36.41930517560274
3,3,22,1,34.25,37.624005494812536
5,0,65,0,17.55,18.32017869368148
5,0,65,1,17.1,29.701851794122195
5,0,65,2,12.6,11.686249229441906
3,22,108,0,28.8,31.5854730099639
3,22,108,1,46.3,87.21244479038407
5,0,65,0,18.85,21.928772255454223
5,0,65,1,8.5,7.7425685932416926
5,0,65,2,14.3,14.614700601935384
3,3,22,0,38.4,64.33988694916692
3,3,22,1,33.05,39.192473767293635
3,22,108,0,47.1,62.47517401673286
3,22,108,1,22.85,25.701269679879527
5,0,65,0,10.25,7.239329715991813
5,0,65,1,11.0,9.301952256890683
5,0,65,2,17.6,15.222559436227328
3,3,22,0,26.2,33.51763086716256
3,3,22,1,40.3,54.48621264522845
3,22,108,0,24.8,25.972860329278532
3,22,108,1,23.25,20.81465829649865
5,2,65,0,10.0,9.296292413192418
5,2,65,1,15.85,21.26097239940876
5,2,65,2,17.25,15.697384964918266
3,3,22,0,26.0,42.293460985183785
3,3,22,1,22.0,27.570006586105393
3,12,108,0,20.2,20.71002808201608
3,12,108,1,29.35,29.759164886415114
5,2,65,0,12.95,13.736141341270788
5,2,65,1,35.1,109.74127468013597
5,2,65,2,8.421052631578947,6.517632404772662
3,12,108,0,26.65,25.175750655196588
3,12,108,1,19.95,15.247001430824978
5,2,65,0,11.5,12.089577938738891
5,2,65,1,11.95,11.194335973818939
5,2,65,2,20.4,24.39456367394394
3,5,22,0,32.85,39.15996209879355
3,5,22,1,38.3,50.32117896702718
5,2,65,0,7.35,6.515366451704769
5,2,65,1,10.5,12.106979283389439
5,2,65,2,11.65,10.579399047702395
3,5,22,0,15.05,21.074991415369418
3,5,22,1,18.65,14.41225721026158
3,12,108,0,15.5,13.136930667717671
3,12,108,1,30.15,25.15065134659329
5,2,65,0,13.7,12.711784834719731
5,2,65,1,5.25,5.138861229576268
5,2,65,2,21.45,30.425880603958138
3,5,22,0,28.2,32.020716978067085
3,5,22,1,26.1,27.558359129214075
3,12,108,0,24.6,22.69801753457777
3,12,108,1,32.65,31.95436713420199
5,4,65,0,13.65,10.888308553576847
5,4,65,1,9.05,7.5635900693283284
5,4,65,2,11.15,10.678433750715554
3,5,22,0,26.05,18.525870957578274
3,5,22,1,15.2,13.76341450902967
5,4,65,0,17.7,25.35453867809366
5,4,65,1,15.55,16.343274811950856
5,4,65,2,15.55,16.913012741673203
3,12,108,0,32.0,36.19828434433992
3,12,108,1,39.95,61.349280440167476
3,5,22,0,29.4,40.43760625952036
3,5,22,1,26.25,26.41944060924196
5,4,65,0,12.75,12.302652687851296
5,4,65,1,8.25,8.613789434450592
5,4,65,2,11.65,12.474289347968568
5,4,65,0,14.45,13.766760120323385
5,4,65,1,9.35,11.74857214168688
5,4,65,2,19.3,28.545623685233213
3,21,108,0,56.0,108.24582160405473
3,21,108,1,19.736842105263158,19.133571732728367
3,20,22,0,22.35,24.62193074647499
3,20,22,1,40.25,80.21935387948537
5,4,65,0,10.5,11.339265733213109
5,4,65,1,16.05,19.1873724922902
5,4,65,2,11.6,12.441018743190648
3,20,22,0,36.0,44.475895304736646
3,20,22,1,17.6,12.592395365959234
3,21,108,0,25.2,32.6361117395085
3,21,108,1,26.6,25.1571900363756
5,15,65,0,17.75,24.16581970687655
5,15,65,1,18.2,19.489808402828064
5,15,65,2,10.35,9.371148331588374
3,20,22,0,22.85,13.522982386721466
3,20,22,1,20.7,21.176203128685945
3,21,108,0,27.8,34.079782554285295
3,21,108,1,33.25,34.41369831301116
5,15,65,0,15.15,10.286808108088318
5,15,65,1,12.95,10.03402107568887
5,15,65,2,14.25,15.368713948182283
3,20,22,0,23.35,32.65493434141471
3,20,22,1,24.4,22.084526614565995
5,15,65,0,14.75,15.293187337745145
5,15,65,1,11.9,14.029667813151114
5,15,65,2,12.35,13.834643776442261
5,15,65,0,8.6,7.969679383368206
5,15,65,1,10.0,10.047256760979717
5,15,65,2,10.45,12.853322322918775
3,21,108,0,34.8,39.63066330108809
3,21,108,1,41.65,43.5869065322676
3,20,22,0,34.3,57.910184541963
3,20,22,1,22.85,37.92274001870535
5,15,65,0,7.3,8.657822748060974
5,15,65,1,6.85,5.353552681704876
5,15,65,2,9.15,8.171033562144032
3,21,108,0,15.15,13.712364762083201
3,21,108,1,25.6,21.736217653831517
5,12,65,0,10.95,6.916608539176591
5,12,65,1,12.6,11.161022401761926
5,12,65,2,9.5,9.173761209931405
4,46,22,0,27.8,22.258292363687033
4,46,22,1,16.55,13.359305843926881
4,46,22,2,18.3,16.79003463837686
3,15,108,0,16.5,11.371710050545794
3,15,108,1,18.3,12.961887451902578
5,12,65,0,10.8,13.469654002511291
5,12,65,1,7.7,6.530092285960276
5,12,65,2,7.4,5.716089940731016
3,15,108,0,19.55,17.19692444963098
3,15,108,1,25.45,17.30371119305427
4,46,22,0,35.8,39.4202726365108
4,46,22,1,15.2,18.251459927186215
4,46,22,2,11.6,9.853666162505471
5,12,65,0,10.4,12.470596997485094
5,12,65,1,16.9,31.816745011988495
5,12,65,2,16.15,16.135201791180215
5,12,65,0,10.15,9.097570525897792
5,12,65,1,9.9,8.656606847100262
5,12,65,2,7.25,6.364994728571018
4,46,22,0,15.9,22.466114835224044
4,46,22,1,16.6,22.616714824962628
4,46,22,2,11.95,10.743296563561465
3,15,108,0,32.7,40.25066197559593
3,15,108,1,18.65,16.980716617448902
5,12,65,0,21.6,47.539900139389836
5,12,65,1,19.8,34.716293762894374
5,12,65,2,17.3,17.14059508885266
3,15,108,0,24.9,30.702134333488587
3,15,108,1,21.1,14.245590268755562
4,46,22,0,27.3,41.998872165308136
4,46,22,1,12.15,8.349440573759228
4,46,22,2,19.2,13.320344550625123
5,12,65,0,9.75,10.20255385985087
5,12,65,1,14.45,21.261467494037188
5,12,65,2,10.0,9.313261625513544
3,15,108,0,18.15,17.670299196227848
3,15,108,1,24.8,20.877083885901005
4,46,22,0,21.1,25.95116871924532
4,46,22,1,17.9,14.297220929809733
4,46,22,2,17.55,13.00394676930613
5,12,65,0,10.9,14.366994338266773
5,12,65,1,9.4,7.849907810387262
5,12,65,2,11.1,8.058339910010195
3,23,108,0,26.9,34.52520055965223
3,23,108,1,18.0,15.214259239625383
5,12,65,0,12.2,15.087813137203083
5,12,65,1,5.9,5.260578315216523
5,12,65,2,11.8,11.3582800773616
5,12,65,0,11.0,11.369395669723911
5,12,65,1,6.15,6.3683014342833
5,12,65,2,14.25,18.40444740301991
3,23,108,0,26.5,23.322679271924414
3,23,108,1,15.4,16.77529511859
4,24,22,0,48.7,102.9399927397664
4,24,22,1,17.7,14.868192825449125
4,24,22,2,14.842105263157896,13.785109349079603
5,12,65,0,10.95,7.279929149452804
5,12,65,1,8.85,6.259939464983919
5,12,65,2,12.95,12.824626802818823
3,23,108,0,29.8,30.771825801500547
3,23,108,1,21.05,29.164641533704366
5,18,65,0,12.65,12.604406080080842
5,18,65,1,9.6,13.709005875892794
5,18,65,2,9.8,7.48050096830701
4,24,22,0,26.05,18.97775706341228
4,24,22,1,27.15,32.202116635238035
4,24,22,2,23.0,26.956104669394804
5,18,65,0,9.85,8.19675802407654
5,18,65,1,11.85,16.50605949341029
5,18,65,2,11.95,11.798639529066142
3,23,108,0,22.95,29.623026250039448
3,23,108,1,30.25,53.09661006128358
5,18,65,0,17.45,21.124879320739076
5,18,65,1,13.4,14.05777552216491
5,18,65,2,10.9,11.149227020645634
3,23,108,0,19.35,28.00427598928797
3,23,108,1,26.4,28.446440902158567
5,18,65,0,7.45,5.614595640874445
5,18,65,1,8.85,7.110222440816795
5,18,65,2,7.8,6.444908230941939
4,24,22,0,29.75,37.32062361976848
4,24,22,1,46.7,110.56319935960418
4,24,22,2,21.31578947368421,25.918789048313855
5,18,65,0,13.0,13.490737563232042
5,18,65,1,12.3,17.18965417122508
5,18,65,2,12.8,14.99333185119305
3,8,108,0,24.95,24.057989153403142
3,8,108,1,38.3,64.64567393023866
5,5,65,0,13.8,12.305753895936991
5,5,65,1,9.7,15.318032029707924
5,5,65,2,15.6,14.387128750525957
4,24,22,0,45.0,108.49060109666546
4,24,22,1,35.0,38.55587575915707
4,24,22,2,16.94736842105263,19.222306730030915
3,8,108,0,19.75,22.731557012455752
3,8,108,1,29.5,38.69788515913336
5,5,65,0,35.55,109.564917070345
5,5,65,1,9.31578947368421,8.45282747946868
5,5,65,2,9.473684210526315,6.414986109386811
3,8,108,0,24.8,23.09385883280388
3,8,108,1,33.0,42.84242855173509
4,24,22,0,40.15,109.31763232361969
4,24,22,1,17.94736842105263,24.23375443056997
4,24,22,2,19.0,21.221058723196006
5,5,65,0,13.1,12.481143672293056
5,5,65,1,13.4,14.132456113127459
5,5,65,2,9.45,7.229144231220558
5,5,65,0,13.35,12.398111061558403
5,5,65,1,14.65,16.62995078639425
5,5,65,2,13.25,11.44264875482577
3,8,108,0,31.65,27.43274071539143
3,8,108,1,15.4,11.873898840911966
4,44,22,0,31.9,39.9893406850007
4,44,22,1,15.2,10.476037820715074
4,44,22,2,17.45,14.427586879235722
5,5,65,0,18.5,18.80229549255818
5,5,65,1,6.45,6.492708460873223
5,5,65,2,11.25,14.771505286227692
3,8,108,0,28.95,25.537330775903236
3,8,108,1,32.55,28.795970112792553
5,7,65,0,11.3,14.524389651095225
5,7,65,1,9.9,10.098983794630552
5,7,65,2,11.95,9.912644768970058
4,44,22,0,22.4,22.151155369653438
4,44,22,1,15.05,16.819396697359803
4,44,22,2,22.25,20.444726510894274
3,18,108,0,19.9,11.196333986481562
3,18,108,1,22.1,20.351904087824316
5,7,65,0,16.15,14.654889609740641
5,7,65,1,13.35,11.065712810298304
5,7,65,2,19.75,21.778490112469857
4,44,22,0,14.35,14.37203058575561
4,44,22,1,18.9,21.168248317754237
4,44,22,2,19.3,24.222868707505572
5,7,65,0,12.05,12.746413324209243
5,7,65,1,12.3,15.448045354126776
5,7,65,2,10.1,7.210372645308322
3,18,108,0,30.85,49.98870925150577
3,18,108,1,18.05,15.066431841051571
4,44,22,0,15.85,14.24328096442596
4,44,22,1,20.15,18.34544257187312
4,44,22,2,16.2,18.1154194280075
5,7,65,0,11.8,10.571062785787086
5,7,65,1,9.3,11.765695004859188
5,7,65,2,14.45,13.461348176792775
3,18,108,0,22.8,21.32604042010612
3,18,108,1,28.3,60.725525717643734
4,44,22,0,30.9,48.17937973426959
4,44,22,1,17.55,21.86435455255883
4,44,22,2,12.9,12.867339315205438
5,7,65,0,15.05,19.12968208941553
5,7,65,1,12.8,8.80550067317374
5,7,65,2,15.3,14.629098615970484
3,18,108,0,21.45,21.94844437599885
3,18,108,1,21.25,23.35284272113129
5,15,65,0,14.6,16.333369137089296
5,15,65,1,14.35,21.101945532655463
5,15,65,2,16.55,18.115056255995857
3,18,108,0,21.85,21.24859128457572
3,18,108,1,20.2,22.58457787727583
4,37,22,0,19.15,42.37337172776021
4,37,22,1,34.6,109.72760531616943
4,37,22,2,39.05263157894737,111.3450461324868
5,15,65,0,10.15,10.368347581893046
5,15,65,1,12.35,12.570956501731324
5,15,65,2,19.45,16.01142684065615
3,14,108,0,24.5,28.339111897832908
3,14,108,1,26.1,26.550646736101612
5,15,65,0,12.15,15.25321363896112
5,15,65,1,8.7,9.614134331668579
5,15,65,2,11.25,11.001794112062385
4,37,22,0,17.85,23.001773387010147
4,37,22,1,26.2,59.571805411620694
4,37,22,2,22.15,23.53558336244348
5,15,65,0,11.2,11.82147911308279
5,15,65,1,11.6,8.375402582625664
5,15,65,2,14.55,15.493547043850226
3,14,108,0,26.25,24.52469217576012
3,14,108,1,29.25,29.174384943681424
5,15,65,0,14.45,17.679827934385383
5,15,65,1,8.45,5.394685493978992
5,15,65,2,13.8,12.232828996726713
4,37,22,0,39.05,74.10268480113824
4,37,22,1,23.55,21.416852685382327
4,37,22,2,24.15,16.37801800231672
3,14,108,0,39.2,42.33898290800347
3,14,108,1,26.9,27.598436263863327
6,30,65,0,12.0,12.82267728017745
6,30,65,1,10.25,12.23831343729493
6,30,65,2,10.4,8.087677436433124
6,30,65,3,13.1,9.580132951500257
6,30,65,0,10.4,8.598653505361359
6,30,65,1,14.2,18.85847568768902
6,30,65,2,8.25,5.901605490747501
6,30,65,3,11.85,11.398407090928378
3,14,108,0,24.4,40.535104993599134
3,14,108,1,34.95,34.52150359596632
4,37,22,0,18.75,19.27331124419957
4,37,22,1,33.9,44.59513780435569
4,37,22,2,26.75,37.9624121578451
6,30,65,0,17.45,16.806875159635684
6,30,65,1,10.8,9.495705400476131
6,30,65,2,16.7,14.45537598047322
6,30,65,3,11.05,11.803099503720912
3,14,108,0,30.95,26.63095745062205
3,14,108,1,20.5,16.372312957519085
6,30,65,0,17.7,16.69572904730586
6,30,65,1,14.95,14.648423662274167
6,30,65,2,8.25,6.995299173467551
6,30,65,3,10.0,12.777447237016354
4,37,22,0,48.8,108.83720339160348
4,37,22,1,36.78947368421053,43.53999304262745
4,37,22,2,18.63157894736842,25.206283445724377
4,24,108,0,23.6,21.97462651619626
4,24,108,1,31.5,44.0388584392418
4,24,108,2,19.8,25.092670349390033
6,30,65,0,18.5,19.68034017677754
6,30,65,1,12.85,13.635383537346
6,30,65,2,10.4,10.864718370172229
6,30,65,3,12.7,10.188228501560024
4,28,22,0,25.1,24.708617716774125
4,28,22,1,14.0,13.553014813181449
4,28,22,2,23.15,32.11209806451866
4,24,108,0,22.4,32.15652508066066
4,24,108,1,30.15,38.44924884626624
4,24,108,2,18.15,18.39701062672955
6,30,65,0,14.7,9.958334250899172
6,30,65,1,11.05,18.380410052123715
6,30,65,2,11.2,9.838699100999074
6,30,65,3,7.7,9.228673851243828
4,28,22,0,10.45,8.11415267814271
4,28,22,1,20.1,28.83692807933313
4,28,22,2,15.4,16.937656583078894
6,30,65,0,11.4,14.787619288124995
6,30,65,1,8.45,6.91660853917659
6,30,65,2,11.35,13.401786997891069
6,30,65,3,7.85,5.833433583098469
6,30,65,0,12.8,13.566987797397655
6,30,65,1,16.8,17.062115621272884
6,30,65,2,6.1,6.5926593947159775
6,30,65,3,13.55,13.422192934013975
4,28,22,0,35.65,49.34974537341659
4,28,22,1,16.65,15.090167590014925
4,28,22,2,28.1,42.221097245708556
4,24,108,0,36.9,38.65896777558454
4,24,108,1,28.7,29.383310694481334
4,24,108,2,44.4,63.18594114116476
6,30,65,0,11.7,11.960901215825537
6,30,65,1,9.55,7.653516563611376
6,30,65,2,11.95,13.50038985791853
6,30,65,3,6.5,7.633030714908518
4,28,22,0,22.35,25.660280590827533
4,28,22,1,18.1,20.814721510963036
4,28,22,2,18.4,24.512939654931547
4,24,108,0,23.85,19.279864052807447
4,24,108,1,22.1,17.477504338284024
4,24,108,2,26.5,24.67792535850613
6,30,65,0,16.05,22.091853702213402
6,30,65,1,14.2,10.526157893552615
6,30,65,2,14.5,21.147352702307433
6,30,65,3,12.9,10.119808610630415
6,44,65,0,12.55,11.627892962047856
6,44,65,1,12.4,8.970125857240625
6,44,65,2,8.55,9.500554000466998
6,44,65,3,10.8,14.89825139863206
4,28,22,0,32.8,33.83489323169204
4,28,22,1,23.55,31.71995055415274
4,28,22,2,37.1,64.07635248177304
4,24,108,0,36.45,71.40800117339056
4,24,108,1,30.45,37.69751492577392
4,24,108,2,23.0,24.524960432394714
4,37,22,0,15.1,15.355095159862117
4,37,22,1,21.85,25.56781488306611
4,37,22,2,16.65,16.799984335832296
6,44,65,0,16.75,22.719977297987175
6,44,65,1,11.9,16.517614202643443
6,44,65,2,18.15,31.165559601315646
6,44,65,3,8.85,8.875009266118218
4,37,22,0,17.65,14.109627172514813
4,37,22,1,14.15,20.30627333712676
4,37,22,2,10.4,11.699752583978677
4,32,108,0,22.15,31.150356929610055
4,32,108,1,36.1,28.388099804782918
4,32,108,2,27.05,24.46366801261779
6,44,65,0,18.2,20.975173294560452
6,44,65,1,9.5,8.580884508450653
6,44,65,2,16.0,18.725158983233452
6,44,65,3,7.75,6.934847169416057
4,37,22,0,15.65,16.17104299601443
4,37,22,1,14.3,14.629098615970483
4,37,22,2,13.25,12.83037104111302
6,44,65,0,9.4,7.65987494744701
6,44,65,1,15.2,20.088226454947762
6,44,65,2,7.25,7.826237921249263
6,44,65,3,12.25,13.599051824532319
4,32,108,0,29.8,32.53273654902737
4,32,108,1,29.15,35.20507589000559
4,32,108,2,21.7,19.93172557031945
4,37,22,0,22.1,22.48016669726544
4,37,22,1,23.35,23.771444612125876
4,37,22,2,29.3,30.001929762495017
6,44,65,0,11.45,10.369362767813957
6,44,65,1,8.6,8.229599977488194
6,44,65,2,35.55,108.96908059773557
6,44,65,3,12.789473684210526,15.16420839919674
4,32,108,0,34.75,40.48765243873742
4,32,108,1,19.25,18.29257830522072
4,32,108,2,13.95,11.11885548824253
6,29,65,0,10.35,9.653333212174081
6,29,65,1,11.7,11.494163278537686
6,29,65,2,11.1,11.937997716270692
6,29,65,3,9.9,10.44232279060353
4,37,22,0,30.1,47.07988731373179
4,37,22,1,21.15,17.98910488981712
4,37,22,2,26.0,28.243303817477088
6,29,65,0,11.05,12.326586585186723
6,29,65,1,10.55,7.451421623457252
6,29,65,2,8.0,6.71996240590988
6,29,65,3,13.75,19.371370627810514
4,32,108,0,34.7,58.21475667506342
4,32,108,1,37.05,46.32320664293665
4,32,108,2,36.4,99.97810286573545
6,29,65,0,7.6,7.429670248402685
6,29,65,1,11.75,10.109271409011265
6,29,65,2,7.95,9.450563892950347
6,29,65,3,10.3,10.032053890562885
4,44,22,0,29.5,25.307581555939443
4,44,22,1,21.85,26.008652406458893
4,44,22,2,27.5,38.051903611002864
6,29,65,0,10.65,14.357374778360972
6,29,65,1,10.5,7.803507983087174
6,29,65,2,8.0,7.093362353192187
6,29,65,3,8.95,6.668661982105476
4,44,22,0,18.95,22.66570560398056
4,44,22,1,17.8,18.182119614726183
4,44,22,2,11.05,8.120636480110734
4,32,108,0,37.9,70.83999762251476
4,32,108,1,27.55,38.46594529409646
4,32,108,2,16.57894736842105,15.341721580469109
6,29,65,0,5.95,6.021671388891084
6,29,65,1,13.3,15.200761753765395
6,29,65,2,10.05,9.483919909093775
6,29,65,3,11.0,13.282358699853686
4,44,22,0,26.95,19.538019616284444
4,44,22,1,20.45,17.11716589920927
4,44,22,2,25.35,25.838109349115353
6,36,65,0,13.6,15.766052805081923
6,36,65,1,10.0,7.79338450900911
6,36,65,2,14.0,18.932011320289742
6,36,65,3,12.45,17.68280461203393
4,47,108,0,20.45,14.028073356853506
4,47,108,1,30.05,58.87138076930259
4,47,108,2,18.0,19.676328283926402
6,36,65,0,13.1,9.61851285145912
6,36,65,1,14.25,18.142346508710087
6,36,65,2,10.45,8.293783340868217
6,36,65,3,9.1,12.0826103836965
4,47,108,0,23.45,18.31730559363266
4,47,108,1,23.15,27.616309063953302
4,47,108,2,22.45,25.522899934228313
4,44,22,0,37.85,52.93817148334461
4,44,22,1,17.5,27.67195045719154
4,44,22,2,23.45,29.287099728827975
6,36,65,0,16.75,20.03910650387597
6,36,65,1,13.5,19.416487838947596
6,36,65,2,11.7,11.707397571396337
6,36,65,3,12.6,23.40355348637197
4,47,108,0,20.55,20.904482017525634
4,47,108,1,18.15,11.877776683679839
4,47,108,2,16.7,12.256469827465775
6,36,65,0,8.8,10.076549116898263
6,36,65,1,11.85,9.777928959490456
6,36,65,2,9.7,8.046574949694598
6,36,65,3,7.65,9.039533057339678
4,44,22,0,14.7,15.651130781411359
4,44,22,1,18.2,21.71974604872379
4,44,22,2,48.65,108.87137509827582
6,36,65,0,17.0,12.260333987036578
6,36,65,1,14.25,18.372963546300426
6,36,65,2,11.35,9.365530305046097
6,36,65,3,15.05,11.440808767878165
4,47,108,0,33.1,44.53963344447753
4,47,108,1,27.2,29.899128661832975
4,47,108,2,23.7,34.28533521093699
4,46,22,0,21.5,31.04241580398292
4,46,22,1,19.2,19.803242690343207
4,46,22,2,30.4,39.232639472765534
6,28,65,0,14.75,26.255575848910546
6,28,65,1,14.25,15.313822445579577
6,28,65,2,9.75,8.972912453308393
6,28,65,3,14.05,16.18795848771549
4,47,108,0,26.15,24.61979306424641
4,47,108,1,18.6,17.055327921981323
4,47,108,2,23.35,21.186577180648577
4,46,22,0,28.35,27.532325498737315
4,46,22,1,16.85,18.943892224977922
4,46,22,2,22.15,30.051315760667926
6,28,65,0,13.0,12.251745310685118
6,28,65,1,18.8,28.726661007356547
6,28,65,2,34.3,109.51380590688338
6,28,65,3,15.210526315789474,17.32557181153024
4,29,108,0,30.55,23.44416659573168
4,29,108,1,19.45,21.37010947438895
4,29,108,2,20.7,20.14970288405736
4,46,22,0,19.05,18.61090512236533
4,46,22,1,13.65,13.219901265655663
4,46,22,2,20.6,17.99824552853036
6,28,65,0,12.55,15.7529445868985
6,28,65,1,10.95,9.09872749923104
6,28,65,2,12.95,12.067681938484336
6,28,65,3,9.75,7.999177589306489
4,46,22,0,45.95,93.28872837650464
4,46,22,1,16.85,14.740831227008803
4,46,22,2,23.3,40.00144734223606
4,29,108,0,47.8,72.99863012413316
4,29,108,1,18.8,18.222600195766155
4,29,108,2,26.45,26.386749066828777
6,28,65,0,18.35,22.13897492040487
6,28,65,1,20.3,25.242195250267585
6,28,65,2,7.15,5.851450562399935
6,28,65,3,16.2,19.92776428688588
4,46,22,0,20.15,28.700403444807822
4,46,22,1,13.35,13.876428328568368
4,46,22,2,23.0,24.30291297246831
4,29,108,0,22.7,16.42879372193512
4,29,108,1,22.25,23.073965734932568
4,29,108,2,27.5,35.76899568944562
6,28,65,0,30.15,53.07618655242074
6,28,65,1,11.8,10.60585736875222
6,28,65,2,8.75,7.594145944843234
6,28,65,3,8.4,8.869818724783856
4,34,22,0,19.85,22.5161345658946
4,34,22,1,18.9,23.424908020939455
4,34,22,2,14.7,13.715530958504093
6,30,65,0,14.3,23.940936093908935
6,30,65,1,12.3,11.392980294900891
6,30,65,2,7.7,7.934601107607245
6,30,65,3,9.95,8.994003850519405
4,29,108,0,22.95,24.31909581075398
4,29,108,1,16.85,13.73537499727581
4,29,108,2,16.6,9.511212220045184
4,29,108,0,20.6,10.45491574131015
4,29,108,1,18.55,18.033521418093642
4,29,108,2,13.8,13.477466574366188
6,30,65,0,15.3,18.604187417720887
6,30,65,1,15.2,12.373996503704218
6,30,65,2,18.65,34.42960017805976
6,30,65,3,12.35,11.806666270419125
4,34,22,0,37.05,65.12213222294828
4,34,22,1,20.5,24.87547936591797
4,34,22,2,27.45,35.02852221292032
6,30,65,0,29.0,45.24901859941856
6,30,65,1,17.25,25.843404941055436
6,30,65,2,15.05,17.777795138880414
6,30,65,3,13.9,11.674984503539813
4,34,22,0,21.2,32.08639652727092
4,34,22,1,18.2,17.671267193116805
4,34,22,2,42.8,108.03732298559946
4,32,108,0,41.95,56.173111192568214
4,32,108,1,28.75,26.7559634277551
4,32,108,2,26.55,25.607307756308856
6,30,65,0,10.2,11.399907663522637
6,30,65,1,8.35,10.053933506213795
6,30,65,2,12.5,11.713689696922549
6,30,65,3,7.75,8.187763655859305
4,34,22,0,20.1,15.430318753742752
4,34,22,1,22.15,21.815675194926385
4,34,22,2,20.8,30.1375792692533
4,32,108,0,25.55,22.352381246042242
4,32,108,1,22.2,33.36181239554874
4,32,108,2,30.1,38.930302093005025
6,30,65,0,10.95,8.882122790367058
6,30,65,1,13.85,21.38931115251137
6,30,65,2,15.3,11.239498022130423
6,30,65,3,16.15,14.946483480105032
4,34,22,0,21.0,28.172401575412696
4,34,22,1,17.85,21.111919805994354
4,34,22,2,31.05,43.94551051855971
6,31,65,0,12.15,11.412251034927795
6,31,65,1,7.75,6.560447674070004
6,31,65,2,9.75,8.53398777643963
6,31,65,3,9.3,8.18278037936019
4,32,108,0,27.9,32.997448067197084
4,32,108,1,21.4,18.97754906253842
4,32,108,2,14.0,13.529694437752367
6,31,65,0,13.25,18.967770448565474
6,31,65,1,11.3,11.885860684465653
6,31,65,2,10.45,10.231401612065104
6,31,65,3,14.2,12.361229712289953
4,32,108,0,24.75,22.668956282708926
4,32,108,1,37.6,46.390107838451485
4,32,108,2,21.0,31.96379530854113
6,31,65,0,9.8,6.786984447804255
6,31,65,1,13.25,17.579518585109508
6,31,65,2,8.65,7.8222018706540135
6,31,65,3,9.75,8.16201084614763
4,37,22,0,70.75,107.37532550039505
4,37,22,1,32.78947368421053,44.197258521527246
4,37,22,2,30.789473684210527,44.4791823308243
6,31,65,0,15.3,19.989734207442844
6,31,65,1,13.85,15.287679938261949
6,31,65,2,10.25,11.341006174613943
6,31,65,3,10.6,9.13869736197037
4,37,22,0,28.45,40.2995037190286
4,37,22,1,14.15,14.801404627513175
4,37,22,2,25.9,29.511639095537596
4,32,108,0,53.25,56.348422665076484
4,32,108,1,33.55,41.88891952470687
4,32,108,2,42.6,71.56256004364293
6,31,65,0,16.85,20.85608582139692
6,31,65,1,13.25,18.07258755830585
6,31,65,2,20.35,21.822911668340925
6,31,65,3,11.75,16.250910905643345
6,40,65,0,12.6,9.040260825301099
6,40,65,1,15.1,13.684028338868176
6,40,65,2,8.5,5.404676337745811
6,40,65,3,8.05,6.793766492741324
4,37,22,0,44.05,109.51398612914579
4,37,22,1,16.0,17.220788470785987
4,37,22,2,25.68421052631579,23.23802590482282
4,42,108,0,32.9,40.47728407781073
4,42,108,1,22.05,35.38431856062796
4,42,108,2,24.95,28.706271091871194
6,40,65,0,14.8,19.08595515583452
6,40,65,1,7.1,6.742637310039512
6,40,65,2,8.6,5.325213116565581
6,40,65,3,6.85,6.24310145596511
4,37,22,0,26.9,29.3327551777154
4,37,22,1,24.25,22.33212225048319
4,37,22,2,25.15,31.868603589376832
6,40,65,0,12.3,15.03714698583758
6,40,65,1,9.25,10.920164833920778
6,40,65,2,10.15,9.521582133017048
6,40,65,3,21.3,39.224186952762494
4,42,108,0,44.8,58.31908597940887
4,42,108,1,31.4,33.62392631821322
4,42,108,2,19.75,19.89148191140064
6,40,65,0,11.9,13.772206947709083
6,40,65,1,12.9,20.214377374323927
6,40,65,2,13.25,13.649272199606372
6,40,65,3,7.15,8.658886521341742
4,37,22,0,30.0,49.8239004156798
4,37,22,1,20.75,32.941535131837824
4,37,22,2,17.9,28.791263294709093
4,42,108,0,44.85,107.72444134530424
4,42,108,1,14.947368421052632,19.01599818927481
4,42,108,2,12.736842105263158,18.41751010214391
6,40,65,0,14.7,15.345494795747571
6,40,65,1,19.4,18.55404623199337
6,40,65,2,15.85,21.733493433916816
6,40,65,3,14.1,16.03909696893648
4,30,22,0,22.0,20.266643582627665
4,30,22,1,23.6,22.39454820874233
4,30,22,2,18.4,16.484123142875198
6,44,65,0,11.65,9.761767527612912
6,44,65,1,6.5,5.031479849277368
6,44,65,2,11.0,15.228090387245054
6,44,65,3,8.2,7.674976427188212
4,42,108,0,21.2,16.272676485446397
4,42,108,1,21.55,17.857550371289953
4,42,108,2,22.75,21.420292887083058
4,30,22,0,18.75,15.147954525802799
4,30,22,1,16.7,19.15064929502529
4,30,22,2,38.55,46.91142269157234
6,44,65,0,23.3,27.828610798014484
6,44,65,1,15.6,17.367240789243954
6,44,65,2,11.3,12.781977443589117
6,44,65,3,13.85,14.172898526115924
4,42,108,0,18.45,21.283734832520643
4,42,108,1,17.05,15.80631119787949
4,42,108,2,45.6,106.4772770421736
6,44,65,0,15.4,14.655338527936534
6,44,65,1,9.3,12.888591446456989
6,44,65,2,11.55,10.980724738808165
6,44,65,3,9.5,8.166040076212937
4,30,22,0,22.5,23.06170213282528
4,30,22,1,44.0,110.13341191960154
4,30,22,2,32.94736842105263,54.1135366964789
6,44,65,0,12.65,13.18801289848195
6,44,65,1,10.0,10.632621105773843
6,44,65,2,9.7,7.540068406781691
6,44,65,3,9.7,8.202053658110652
4,31,108,0,23.3,20.478743793710127
4,31,108,1,22.9,34.06170870640521
4,31,108,2,32.2,62.79171919927021
4,30,22,0,20.15,21.83978744835841
4,30,22,1,14.15,12.770339813308354
4,30,22,2,29.5,35.57719553457331
6,44,65,0,14.7,21.136399135639273
6,44,65,1,14.85,23.727121944927784
6,44,65,2,14.2,24.47039027069246
6,44,65,3,12.3,21.626251104666874
4,31,108,0,21.5,17.954621161490195
4,31,108,1,28.55,28.619969105136146
4,31,108,2,25.45,24.90925636448385
6,30,65,0,13.6,10.73312629199899
6,30,65,1,13.85,18.75401711353428
6,30,65,2,11.2,8.185995743694805
6,30,65,3,16.2,16.465594112381254
4,30,22,0,16.7,14.22414552053914
4,30,22,1,28.85,26.408282193680318
4,30,22,2,19.25,18.586568438412442
4,31,108,0,18.2,14.894718244362576
4,31,108,1,23.85,23.188642864444155
4,31,108,2,21.9,21.02104208944732
6,30,65,0,14.6,16.953186317497646
6,30,65,1,16.05,16.23665443890523
6,30,65,2,15.05,15.146564661751903
6,30,65,3,9.35,11.098956802567669
4,24,22,0,20.2,46.36877352157092
4,24,22,1,30.1,35.58222501252705
4,24,22,2,21.85,30.62382113735371
4,31,108,0,18.2,16.956911337424135
4,31,108,1,26.4,22.584111788227535
4,31,108,2,22.95,28.457678641874686
6,30,65,0,17.05,11.860926563610805
6,30,65,1,13.35,10.484449637941246
6,30,65,2,10.35,8.430989203371595
6,30,65,3,14.15,13.456655563228495
4,24,22,0,47.15,112.24985054497142
4,24,22,1,24.31578947368421,21.8582621846064
4,24,22,2,22.157894736842106,21.456061453570996
6,30,65,0,15.95,11.900796081288894
6,30,65,1,21.95,27.7668393667888
6,30,65,2,11.7,12.970005884022527
6,30,65,3,13.05,14.83762997105315
4,31,108,0,54.75,66.37998667956289
4,31,108,1,30.05,36.618193637359525
4,31,108,2,18.0,22.292316353870735
6,30,65,0,12.9,17.944065138206852
6,30,65,1,12.05,10.748194462816828
6,30,65,2,7.4,4.465069104197958
6,30,65,3,10.35,9.953973023238932
6,38,65,0,7.6,7.721466999966971
6,38,65,1,12.0,8.065521159785483
6,38,65,2,6.1,5.883965723181853
6,38,65,3,6.65,4.95532674582562
4,24,22,0,38.65,61.603379093922065
4,24,22,1,36.75,48.76784423756035
4,24,22,2,22.05263157894737,20.247012630702738
4,47,108,0,33.0,44.0490157605557
4,47,108,1,24.8,30.336012991336325
4,47,108,2,29.45,25.06512569918191
6,38,65,0,10.25,8.527818256185244
6,38,65,1,9.55,9.84872420271035
6,38,65,2,9.7,10.702188659580955
6,38,65,3,5.95,6.525052933844574
6,38,65,0,10.35,9.275179101689684
6,38,65,1,13.9,16.485719498051065
6,38,65,2,12.9,12.627872263162027
6,38,65,3,13.65,19.955938306283933
4,24,22,0,41.7,79.55474778249784
4,24,22,1,30.85,32.717732195248495
4,24,22,2,22.3,35.243663110886814
4,47,108,0,24.3,27.911702884179906
4,47,108,1,41.6,109.08490174847152
4,47,108,2,16.263157894736842,17.65358668392963
6,38,65,0,10.4,10.5750451037983
6,38,65,1,10.9,11.025807047678258
6,38,65,2,12.05,12.445565686747948
6,38,65,3,18.35,30.846436286529883
4,47,108,0,25.25,17.645261776406002
4,47,108,1,13.45,12.462469975680458
4,47,108,2,25.0,31.09069923542036
4,24,22,0,20.1,20.923167718307404
4,24,22,1,20.1,15.923831858338355
4,24,22,2,49.85,107.09232367202462
6,38,65,0,9.85,7.672747397873786
6,38,65,1,11.7,17.891779941461504
6,38,65,2,9.25,5.618344015248995
6,38,65,3,8.35,9.20111549301439
6,40,65,0,9.15,9.371148331588374
6,40,65,1,12.2,10.841440960742403
6,40,65,2,10.35,11.36140743690536
6,40,65,3,15.15,24.858070806289984
4,47,108,0,24.9,25.657460185254013
4,47,108,1,29.05,32.068142906530845
4,47,108,2,20.85,17.927558908592456
4,31,22,0,42.35,109.09352578600185
4,31,22,1,18.57894736842105,21.505337294814577
4,31,22,2,17.894736842105264,15.705252967088239
6,40,65,0,11.35,15.712130747660515
6,40,65,1,9.75,9.486139473213704
6,40,65,2,10.15,10.33784564750214
6,40,65,3,7.8,8.036757659915505
6,40,65,0,9.2,11.601270347863224
6,40,65,1,10.1,14.108228282217365
6,40,65,2,12.15,12.036239139846753
6,40,65,3,10.35,12.844310638935578
4,31,22,0,34.45,42.28534024931099
4,31,22,1,21.65,18.81006169720428
4,31,22,2,16.45,15.031458240706563
4,47,108,0,56.65,111.67682462308254
4,47,108,1,49.421052631578945,112.24294869685019
4,47,108,2,19.88888888888889,25.758810917223666
6,40,65,0,16.45,12.34365381374916
6,40,65,1,9.15,9.016213465926697
6,40,65,2,15.7,17.106785357370853
6,40,65,3,14.35,12.317189529058032
4,31,22,0,19.4,22.35691344858159
4,31,22,1,35.0,50.31584452760697
4,31,22,2,23.5,21.902895747029962
6,40,65,0,11.25,12.396412893719656
6,40,65,1,10.15,17.409238321861427
6,40,65,2,15.1,23.010066446986563
6,40,65,3,11.3,14.924723395127048
4,30,108,0,25.15,26.298439017113584
4,30,108,1,28.25,25.139348482115903
4,30,108,2,28.75,30.566364382748358
4,31,22,0,20.75,18.617691077376687
4,31,22,1,27.05,40.41036214167169
4,31,22,2,21.35,25.402600364198108
6,25,65,0,15.35,15.835586173984346
6,25,65,1,12.95,9.167878707749137
6,25,65,2,12.6,10.649437840364602
6,25,65,3,13.25,15.46770829825802
4,30,108,0,30.45,39.246153012948795
4,30,108,1,26.7,22.48765743340345
4,30,108,2,29.75,27.78275686369818
6,25,65,0,10.85,11.089468688331
6,25,65,1,13.15,12.338536124038805
6,25,65,2,9.55,11.618836792943284
6,25,65,3,14.6,14.684040746047355
4,31,22,0,18.6,20.184412954450508
4,31,22,1,22.2,18.659271718173557
4,31,22,2,26.05,43.38745270964382
6,25,65,0,9.15,9.269502910648786
6,25,65,1,9.0,13.875385248326392
6,25,65,2,10.95,15.219360938239854
6,25,65,3,8.5,7.910685644646806
4,30,108,0,20.6,21.241468875762806
4,30,108,1,43.15,45.84214907243057
4,30,108,2,21.7,19.53162078595414
4,41,22,0,16.35,16.206804938537065
4,41,22,1,42.0,108.93648559934748
4,41,22,2,18.0,22.22611077089287
6,25,65,0,10.45,10.359206431707829
6,25,65,1,13.0,11.916375287812986
6,25,65,2,11.0,11.140254178334295
6,25,65,3,9.75,10.119678588613478
6,25,65,0,14.45,14.887207507401147
6,25,65,1,6.4,4.393775501535637
6,25,65,2,12.7,15.179972956081588
6,25,65,3,8.8,9.214405198269432
6,37,65,0,12.9,19.97867283933176
6,37,65,1,6.35,5.402484808425022
6,37,65,2,9.85,8.945889970730752
6,37,65,3,8.6,8.139571953054249
4,41,22,0,43.4,108.86515077209776
4,41,22,1,40.73684210526316,112.050009720493
4,41,22,2,21.166666666666668,35.614355995036284
4,30,108,0,31.55,25.726240955184462
4,30,108,1,37.25,45.801488139464134
4,30,108,2,51.0,81.55398599442547
6,37,65,0,9.65,12.986936756440661
6,37,65,1,11.15,9.642422713689422
6,37,65,2,13.65,16.115618445928064
6,37,65,3,13.8,11.927853294307669
4,41,22,0,22.95,22.894437384611457
4,41,22,1,45.1,108.9943986972194
4,41,22,2,11.947368421052632,18.380163474700794
6,37,65,0,9.8,9.168596288131397
6,37,65,1,14.0,14.026291102970276
6,37,65,2,16.45,17.557349638137
6,37,65,3,18.2,33.97770166633281
4,30,108,0,26.8,24.182638400306946
4,30,108,1,27.25,52.21602395716028
4,30,108,2,37.05,57.034131055563186
6,37,65,0,16.6,17.91617910393314
6,37,65,1,10.95,7.857112098367682
6,37,65,2,8.4,10.629650684957175
6,37,65,3,12.95,14.273549331764535
4,41,22,0,43.7,113.00307401501122
4,41,22,1,15.789473684210526,15.175195211515481
4,41,22,2,39.526315789473685,111.49507633426522
6,37,65,0,10.65,9.41038060643111
6,37,65,1,12.95,11.486720021054978
6,37,65,2,8.75,9.2216849699071
6,37,65,3,9.2,7.790682694225537
4,46,108,0,27.55,37.46644112437577
4,46,108,1,40.45,74.61442995758084
4,46,108,2,26.63157894736842,27.076456616846613
4,46,108,0,22.8,22.225163548033613
4,46,108,1,29.25,39.7808139420844
4,46,108,2,13.55,10.71877349621485
6,40,65,0,23.2,24.269539062697287
6,40,65,1,11.05,10.338863828446426
6,40,65,2,16.8,19.449259220096952
6,40,65,3,14.7,13.738535890736415
4,41,22,0,21.2,30.06939342674926
4,41,22,1,27.6,32.36046971228941
4,41,22,2,43.95,108.24994226326405
6,40,65,0,11.05,13.390786306066454
6,40,65,1,9.35,9.516052919036062
6,40,65,2,6.45,6.708007783317833
6,40,65,3,8.65,6.209288458261118
4,32,22,0,17.25,12.903997748555943
4,32,22,1,19.7,26.332089688598984
4,32,22,2,16.35,12.9300751005268
4,46,108,0,25.0,28.91548483352639
4,46,108,1,25.45,31.784595739379625
4,46,108,2,22.95,29.22413386227212
6,40,65,0,10.6,8.286958682805551
6,40,65,1,12.0,12.464686961678243
6,40,65,2,10.95,10.76287478716586
6,40,65,3,10.5,11.255408056854971
4,32,22,0,27.55,45.54636157402234
4,32,22,1,20.5,23.39028138261476
4,32,22,2,18.45,19.093881632331172
6,40,65,0,14.65,15.795652299887694
6,40,65,1,10.4,13.0682419387009
6,40,65,2,12.1,13.583658913329803
6,40,65,3,12.15,11.721662357407016
4,46,108,0,29.4,25.493858909652403
4,46,108,1,21.95,20.906999583367945
4,46,108,2,17.6,23.441753122872107
4,32,22,0,19.4,25.858725494705386
4,32,22,1,21.6,35.479274899135426
4,32,22,2,9.4,7.2140214348973135
6,40,65,0,12.0,12.345892135912209
6,40,65,1,6.9,6.042829591646964
6,40,65,2,17.85,16.50605949341029
6,40,65,3,13.5,13.367281343875268
4,46,108,0,43.7,77.9953439905904
4,46,108,1,32.85,28.094342940584283
4,46,108,2,18.85,18.155106574648414
6,47,65,0,22.1,19.05642590889101
6,47,65,1,10.95,9.293319615384172
6,47,65,2,11.5,11.320684375815894
6,47,65,3,10.3,12.213452462454322
4,32,22,0,32.0,29.786962884704053
4,32,22,1,23.95,20.51565512634578
4,32,22,2,47.65,107.1704373023594
6,47,65,0,9.55,8.672248539844906
6,47,65,1,4.2,3.019236571334583
6,47,65,2,12.3,17.238573637416508
6,47,65,3,9.45,12.886038956948717
4,47,108,0,27.75,27.888641339969816
4,47,108,1,18.2,27.584511290901908
4,47,108,2,18.5,16.68753080028697
4,32,22,0,12.0,9.651833749958714
4,32,22,1,36.75,109.32706844481307
4,32,22,2,16.63157894736842,17.140629206381053
6,47,65,0,16.6,19.39723257526566
6,47,65,1,15.55,17.21833478102859
6,47,65,2,14.1,15.583054223975749
6,47,65,3,15.45,16.621086797071648
4,47,108,0,31.5,48.870936363575346
4,47,108,1,25.3,21.314931756622485
4,47,108,2,22.4,33.61296742251967
4,32,22,0,17.2,14.292434509576257
4,32,22,1,16.3,18.183566901550364
4,32,22,2,13.95,12.29238103781962
6,47,65,0,12.45,12.45824605379273
6,47,65,1,38.4,111.12979608974078
6,47,65,2,10.473684210526315,8.43516726470944
6,47,65,3,8.473684210526315,6.501012066958255
4,47,108,0,21.65,25.524549586211066
4,47,108,1,18.25,16.858154359865512
4,47,108,2,15.6,17.622951542026993
4,32,22,0,30.15,44.89200491471903
4,32,22,1,13.15,15.458858812650877
4,32,22,2,30.4,31.17758979239989
6,47,65,0,9.0,7.7798660521549925
6,47,65,1,17.0,19.47197716557931
6,47,65,2,11.0,8.93838558365577
6,47,65,3,8.5,7.542859990885769
6,31,65,0,13.15,12.88930605293845
6,31,65,1,11.0,10.452901888697552
6,31,65,2,15.4,13.914778209931303
6,31,65,3,8.25,7.136820757614401
4,47,108,0,24.5,38.14308242449875
4,47,108,1,30.75,43.12878511230242
4,47,108,2,55.8,120.46121891778239
4,32,22,0,21.7,22.822196028843223
4,32,22,1,15.7,17.79739779914616
4,32,22,2,51.15,109.43263969940115
6,31,65,0,17.9,19.21320817617538
6,31,65,1,10.65,8.68316580637803
6,31,65,2,10.55,8.34439616559647
6,31,65,3,10.8,11.870352276065557
6,31,65,0,8.6,11.240902754531866
6,31,65,1,12.9,15.880806024884254
6,31,65,2,10.35,8.511756575466665
6,31,65,3,10.35,14.158036587041298
4,47,108,0,33.15,42.496160817308265
4,47,108,1,47.7,110.37452986131022
4,47,108,2,20.31578947368421,26.47651502658944
6,31,65,0,11.9,12.77291542370232
6,31,65,1,9.75,7.425950231593615
6,31,65,2,9.0,9.095979447275766
6,31,65,3,5.75,4.375469899577103
4,31,108,0,25.2,21.984683663620764
4,31,108,1,22.7,28.809903268074148
4,31,108,2,16.75,13.356941818277194
4,32,22,0,53.35,109.06361012102789
4,32,22,1,39.526315789473685,111.82544354734928
4,32,22,2,61.44444444444444,118.51841367097758
6,31,65,0,14.35,23.70492953397091
6,31,65,1,12.95,12.865600810320764
6,31,65,2,12.45,11.023778127780254
6,31,65,3,9.4,7.514197089159748
6,29,65,0,6.95,8.075140539757937
6,29,65,1,19.15,23.283775693094018
6,29,65,2,9.75,11.373445527099285
6,29,65,3,11.35,12.009973925209433
4,32,22,0,26.1,42.178692550423584
4,32,22,1,20.15,17.141132432037026
4,32,22,2,15.4,14.236350803858633
4,31,108,0,38.7,48.95658656831636
4,31,108,1,27.15,28.915985380517743
4,31,108,2,16.55,15.027956404122634
6,29,65,0,12.2,11.750027995487365
6,29,65,1,12.4,10.728221513471153
6,29,65,2,10.7,14.86111138437995
6,29,65,3,10.7,8.778562404786836
4,31,22,0,15.55,13.797310950822416
4,31,22,1,43.05,108.62900407495131
4,31,22,2,10.473684210526315,10.505915905138778
4,31,108,0,18.8,14.482657505480569
4,31,108,1,22.9,22.06903045589357
4,31,108,2,25.25,27.975318068837602
6,29,65,0,13.5,14.25519295961263
6,29,65,1,7.9,6.281970860704214
6,29,65,2,12.6,14.154783457787058
6,29,65,3,10.35,10.614166303379152
4,31,22,0,40.65,76.06733512937213
4,31,22,1,21.0,28.34189757046512
4,31,22,2,15.0,8.239826262859262
6,29,65,0,12.7,8.621271123765549
6,29,65,1,12.15,14.33536297339371
6,29,65,2,15.7,23.418616076689258
6,29,65,3,12.6,9.040260825301099
4,31,108,0,24.6,36.35265863006011
4,31,108,1,30.55,44.33066539921143
4,31,108,2,46.5,107.89785618083916
6,29,65,0,9.6,8.048536970681134
6,29,65,1,7.7,6.1224350160957846
6,29,65,2,11.2,10.13903348450926
6,29,65,3,10.25,8.78320766247191
4,31,22,0,23.35,25.35697765486797
4,31,22,1,20.35,21.68985938174796
4,31,22,2,11.65,13.716202481966931
6,37,65,0,7.05,6.065215750924542
6,37,65,1,30.1,110.25229440266824
6,37,65,2,10.736842105263158,14.27056841219079
6,37,65,3,9.31578947368421,9.649712900616654
4,31,108,0,29.0,35.86084215408222
4,31,108,1,24.75,24.778757880597304
4,31,108,2,20.7,16.967771307920632
4,31,22,0,28.75,34.30647476098813
4,31,22,1,24.7,23.4657645360887
4,31,22,2,14.1,13.64551208273255
6,37,65,0,19.35,22.40365336748733
6,37,65,1,10.9,14.696580339800496
6,37,65,2,7.8,8.489002173090595
6,37,65,3,6.55,6.253209702140763
4,31,22,0,19.9,32.191695562021806
4,31,22,1,21.3,29.454871815783044
4,31,22,2,20.45,24.835193619242492
6,37,65,0,9.25,10.70108208989805
6,37,65,1,10.15,9.218259911147747
6,37,65,2,13.75,13.106346393616862
6,37,65,3,11.3,15.788403472502416
4,46,108,0,39.05,32.84969758732868
4,46,108,1,23.9,23.08998415809445
4,46,108,2,30.75,36.910809998384515
6,37,65,0,8.55,7.014833906575558
6,37,65,1,7.55,7.192649756961324
6,37,65,2,11.45,15.045457436505021
6,37,65,3,8.1,10.381663998050652
4,26,22,0,30.7,40.89279952059505
4,26,22,1,26.0,36.11239763790123
4,26,22,2,47.4,108.21927058669262
4,46,108,0,34.15,37.70561175600705
4,46,108,1,36.4,44.73477394600312
4,46,108,2,28.1,31.30310225083635
6,37,65,0,8.7,8.938974390717021
6,37,65,1,12.75,10.7256456068719
6,37,65,2,33.0,109.7163807757361
6,37,65,3,7.7894736842105265,6.964823897976499
7,19,65,0,11.0,8.278062320946471
7,19,65,1,11.3,11.169036145570155
7,19,65,2,11.6,12.356119302213228
7,19,65,3,11.7,8.436137804269888
4,26,22,0,27.3,32.22307117252286
4,26,22,1,15.2,13.340086009349493
4,26,22,2,22.85,31.664815273672282
4,46,108,0,23.2,26.08407459290862
4,46,108,1,17.05,14.66278856224329
4,46,108,2,18.5,17.184754565418853
7,19,65,0,11.65,14.087228258248675
7,19,65,1,7.7,6.989465757763419
7,19,65,2,12.75,17.025909049074837
7,19,65,3,11.15,10.022474744293447
4,26,22,0,18.3,15.818377054286541
4,26,22,1,19.6,22.219953100523718
4,26,22,2,25.5,34.520017076290216
4,46,108,0,34.85,42.00786267254964
4,46,108,1,18.35,20.863655127114182
4,46,108,2,26.2,27.38343717612797
7,19,65,0,8.55,8.792790108647928
7,19,65,1,10.35,9.740177238201516
7,19,65,2,17.9,25.25636970204379
7,19,65,3,15.8,13.3637372648601
4,26,22,0,40.5,109.65568120737125
4,26,22,1,14.68421052631579,18.595258151770686
4,26,22,2,16.42105263157895,20.889433239143457
7,19,65,0,7.85,6.132527597723641
7,19,65,1,12.25,11.039999046529326
7,19,65,2,5.9,3.4928498393145966
7,19,65,3,14.3,23.76219908306379
4,46,108,0,24.05,17.458145437166664
4,46,108,1,26.8,28.54101388675971
4,46,108,2,22.95,20.987402236379303
7,19,65,0,13.85,13.055650117860848
7,19,65,1,9.1,9.936111703753822
7,19,65,2,6.9,5.892903850350325
7,19,65,3,12.2,10.933290543348017
4,26,22,0,19.85,27.482578213536627
4,26,22,1,25.55,42.856523178477374
4,26,22,2,46.7,113.38759794801656
7,9,65,0,11.25,14.959154915618518
7,9,65,1,9.9,11.29461911941397
7,9,65,2,13.9,14.040917648823834
7,9,65,3,12.7,9.776986943031607
7,9,65,0,12.15,13.362457227542198
7,9,65,1,10.95,12.386218997443553
7,9,65,2,13.05,14.478568553846097
7,9,65,3,13.25,9.14718823636963
4,30,22,0,19.0,17.99707578586325
4,30,22,1,23.05,31.250221051849756
4,30,22,2,16.7,14.060396041438706
4,39,108,0,39.15,35.288696565092316
4,39,108,1,26.1,29.354278805832145
4,39,108,2,54.35,106.59429973897339
7,9,65,0,12.95,13.32775102440097
7,9,65,1,13.75,17.041358359498286
7,9,65,2,10.2,8.8650704274817
7,9,65,3,17.3,19.265731780875377
4,30,22,0,32.2,36.13949581683088
4,30,22,1,18.4,18.04205613209548
4,30,22,2,13.4,11.118500466860581
4,39,108,0,20.55,16.304584437642394
4,39,108,1,23.15,25.215440132042737
4,39,108,2,23.3,28.29003916203499
7,9,65,0,9.65,10.668571650067857
7,9,65,1,10.85,15.09016759001492
7,9,65,2,17.45,27.198055271035752
7,9,65,3,17.95,23.347433083295204
4,39,108,0,32.1,31.973508771448508
4,39,108,1,21.55,21.246609636660423
4,39,108,2,37.55,44.62531143927885
4,30,22,0,53.2,112.17167294164028
4,30,22,1,17.63157894736842,23.01258237070366
4,30,22,2,38.526315789473685,37.9332285016897
7,9,65,0,9.1,10.269525689862062
7,9,65,1,12.45,12.861509283619537
7,9,65,2,17.0,47.28970067016373
7,9,65,3,16.4,18.091579896678308
7,6,65,0,11.55,16.487555115426016
7,6,65,1,10.1,8.632252862010253
7,6,65,2,9.3,14.375051487321981
7,6,65,3,9.9,8.60171341560567
4,30,22,0,23.35,36.63227653600751
4,30,22,1,13.55,10.69419419468733
4,30,22,2,15.6,16.847301829888618
4,39,108,0,23.55,33.77241945418589
4,39,108,1,22.65,19.604712108115876
4,39,108,2,26.65,26.087454133316548
7,6,65,0,15.95,20.262682837903615
7,6,65,1,13.6,11.677238318063143
7,6,65,2,11.4,6.946411417339702
7,6,65,3,12.7,9.119672200941851
4,30,22,0,24.05,37.3764279783536
4,30,22,1,19.9,23.557097488979053
4,30,22,2,16.9,19.606389935829327
7,6,65,0,16.6,17.300441126107007
7,6,65,1,15.4,16.027607760558524
7,6,65,2,9.1,10.14059066067497
7,6,65,3,20.75,10.987433012789035
4,39,108,0,21.85,25.159020564987692
4,39,108,1,28.7,37.61452686900299
4,39,108,2,45.65,108.35530006710138
4,24,22,0,29.1,24.537618809536212
4,24,22,1,25.2,31.130624623892214
4,24,22,2,28.9,31.39041087238015
7,6,65,0,12.4,15.059181497293308
7,6,65,1,8.0,9.026277428183022
7,6,65,2,8.2,6.485611605294974
7,6,65,3,11.65,11.403023606413392
4,40,108,0,34.4,36.98278404595135
4,40,108,1,21.85,23.73599309953246
4,40,108,2,30.5,32.674632039969
7,6,65,0,10.95,8.33177178351829
7,6,65,1,11.55,11.523317322076275
7,6,65,2,16.5,24.58604653478323
7,6,65,3,12.55,8.101169506214584
7,23,65,0,6.65,5.565637051539894
7,23,65,1,7.4,5.547877735532845
7,23,65,2,8.25,9.329494824705705
7,23,65,3,7.75,9.385739462778512
4,24,22,0,22.1,22.383969828052347
4,24,22,1,44.0,106.88065158956755
4,24,22,2,38.05263157894737,38.67596681864236
4,40,108,0,22.85,39.278057353612645
4,40,108,1,30.2,39.87559601930405
4,40,108,2,19.15,21.745598465702866
7,23,65,0,11.05,10.71877349621485
7,23,65,1,10.8,13.782521349043583
7,23,65,2,13.3,10.598411003045394
7,23,65,3,9.1,7.785952262349093
4,24,22,0,35.15,40.8582594883954
4,24,22,1,28.7,30.00543810360838
4,24,22,2,19.85,33.06019231325604
7,23,65,0,11.5,8.525503535059721
7,23,65,1,11.15,10.302145918512114
7,23,65,2,9.85,9.292186870812772
7,23,65,3,8.7,6.913754406977442
4,40,108,0,20.7,12.624537511070297
4,40,108,1,31.9,21.89424341549262
4,40,108,2,10.85,15.628162837781364
7,23,65,0,11.7,10.188228501560024
7,23,65,1,11.85,12.503788899453848
7,23,65,2,9.6,9.949345389733464
7,23,65,3,13.1,13.653224026426487
4,40,108,0,27.05,29.890105738398308
4,40,108,1,20.2,19.917197012684923
4,40,108,2,11.3,10.08959860450355
7,23,65,0,14.75,13.182424503461936
7,23,65,1,8.15,8.305198118616659
7,23,65,2,6.95,7.6052267345694915
7,23,65,3,11.05,10.704032688172886
4,24,22,0,55.95,123.90338978413787
4,24,22,1,51.10526315789474,108.65792129269326
4,24,22,2,31.555555555555557,29.06832159347075
7,13,65,0,11.75,13.509743072861779
7,13,65,1,13.25,13.10634639361686
7,13,65,2,9.65,10.70304924579415
7,13,65,3,12.3,8.221281754337976
4,40,108,0,29.6,29.796502797264115
4,40,108,1,20.95,19.176397224878187
4,40,108,2,14.9,18.490111155055715
7,13,65,0,11.6,9.702956684488116
7,13,65,1,9.9,9.323992819884792
7,13,65,2,8.85,6.983250638039867
7,13,65,3,7.6,9.37185034810994
4,34,108,0,33.85,30.18935852947281
4,34,108,1,17.05,16.073760900103128
4,34,108,2,10.1,10.867140232927209
4,24,22,0,18.55,23.738653799458096
4,24,22,1,16.75,22.51052385464466
4,24,22,2,46.6,108.28247659174639
7,13,65,0,10.6,12.347597251884142
7,13,65,1,6.9,6.239939270959547
7,13,65,2,8.2,10.54613922872152
7,13,65,3,13.15,12.166714731940628
5,14,22,0,19.45,25.512587192661545
5,14,22,1,16.6,19.383661052274768
5,14,22,2,20.2,20.234415705608313
4,34,108,0,21.8,19.470895959705715
4,34,108,1,20.9,25.618455518588444
4,34,108,2,16.15,15.681954094134005
7,13,65,0,17.7,15.249158734345418
7,13,65,1,11.0,12.632456109894902
7,13,65,2,13.5,16.217274740226852
7,13,65,3,14.4,11.842830387156077
5,14,22,0,15.55,13.643872733131703
5,14,22,1,21.6,26.523872067887908
5,14,22,2,25.9,29.620227796842514
7,13,65,0,10.2,10.526157893552615
7,13,65,1,10.25,7.919828546788518
7,13,65,2,9.6,12.279207929195637
7,13,65,3,15.75,18.387281073153748
4,34,108,0,20.3,17.93585060269251
4,34,108,1,27.65,25.300873710730148
4,34,108,2,18.8,18.36357951575833
7,2,65,0,13.65,11.347501463920779
7,2,65,1,7.65,6.8076968823608235
7,2,65,2,11.2,14.406139042271636
7,2,65,3,9.35,7.596917657493521
5,14,22,0,16.75,17.084542105288293
5,14,22,1,17.3,15.348924186541886
5,14,22,2,18.4,19.950992588419204
4,34,108,0,20.8,13.559226806088441
4,34,108,1,33.6,51.15137493650329
4,34,108,2,16.5,15.16054435906435
7,2,65,0,15.55,15.551188819000638
7,2,65,1,16.05,13.674698110783018
7,2,65,2,15.3,19.647150590245637
7,2,65,3,12.3,10.672640870838611
5,14,22,0,32.55,36.59806581026697
5,14,22,1,23.85,30.070574881172636
5,14,22,2,38.0,55.32963420313414
4,34,108,0,21.1,18.072660363974613
4,34,108,1,18.95,26.563677218495577
4,34,108,2,35.8,71.82551958153798
7,2,65,0,15.35,14.737260332411285
7,2,65,1,16.2,18.54893953558361
7,2,65,2,9.65,9.120682107455734
7,2,65,3,12.8,7.640611714281851
5,14,22,0,14.35,13.13202193114221
5,14,22,1,16.35,15.093654993162907
5,14,22,2,17.3,10.950126170866467
7,2,65,0,15.65,18.615994820527177
7,2,65,1,8.95,7.632858331961198
7,2,65,2,8.15,9.246763302850752
7,2,65,3,13.5,13.593729204460802
5,4,22,0,19.6,20.896738602244284
5,4,22,1,14.95,17.81624037367681
5,4,22,2,18.75,14.817752510879785
4,29,108,0,27.5,32.95531264574722
4,29,108,1,27.85,37.096282974528805
4,29,108,2,33.15,35.971150721245024
7,2,65,0,13.25,18.352900244060095
7,2,65,1,34.7,109.4436168223524
7,2,65,2,36.21052631578947,112.46558927925388
7,2,65,3,17.555555555555557,13.988323795736896
5,4,22,0,31.55,49.277383517347886
5,4,22,1,17.5,22.35479461111784
5,4,22,2,20.6,23.220680437919988
4,29,108,0,18.9,26.95200412429082
4,29,108,1,29.8,61.02424022252831
4,29,108,2,20.2,23.25058007199413
7,13,65,0,16.35,18.431309174736796
7,13,65,1,12.5,14.96487114615601
7,13,65,2,6.75,4.961695380878554
7,13,65,3,14.6,13.256180286548375
5,4,22,0,20.95,17.688756464578226
5,4,22,1,20.05,16.709515095802214
5,4,22,2,14.35,12.86478260908234
4,29,108,0,24.85,19.499730092598988
4,29,108,1,21.4,22.02247655655945
4,29,108,2,18.2,21.485858262195578
7,13,65,0,12.65,11.291706318309355
7,13,65,1,15.05,18.636339712903304
7,13,65,2,12.8,17.822516804962138
7,13,65,3,10.75,11.350284021486909
4,29,108,0,22.95,19.747018429173185
4,29,108,1,25.1,22.491869876164493
4,29,108,2,23.0,26.588481875072382
5,4,22,0,22.1,22.0427813700158
5,4,22,1,54.15,107.82064786145165
5,4,22,2,24.31578947368421,17.301421366077115
7,13,65,0,19.05,21.81857007230309
7,13,65,1,6.25,5.972524812135899
7,13,65,2,13.95,16.333610810389203
7,13,65,3,13.0,16.936413589162196
7,13,65,0,9.55,9.768235309032619
7,13,65,1,10.5,11.033441988122437
7,13,65,2,15.85,16.664727957417632
7,13,65,3,8.95,8.331771783518292
5,4,22,0,13.1,10.10940156488009
5,4,22,1,19.7,27.212806582659997
5,4,22,2,32.25,39.55126586569572
4,29,108,0,24.25,20.662386370560295
4,29,108,1,17.3,14.885881689849969
4,29,108,2,27.45,28.331635656053614
7,13,65,0,13.85,12.729059170591558
7,13,65,1,12.05,17.55435168719981
7,13,65,2,12.2,13.161346915554613
7,13,65,3,16.35,17.024054189664444
4,46,108,0,31.45,23.614168360719823
4,46,108,1,13.95,18.074334813413422
4,46,108,2,22.2,16.83855225680828
5,13,22,0,13.95,14.565550561441016
5,13,22,1,34.85,109.41147587265047
5,13,22,2,25.105263157894736,49.184341158591096
7,6,65,0,15.3,16.03647158986763
7,6,65,1,13.2,21.256825529202317
7,6,65,2,10.75,10.21286598261954
7,6,65,3,19.95,27.21353185070754
5,13,22,0,20.95,18.542908986569785
5,13,22,1,21.65,25.960040142698666
5,13,22,2,12.75,9.824111048575176
7,6,65,0,6.0,3.9603295981920232
7,6,65,1,8.95,8.543849742420136
7,6,65,2,12.25,9.089467589063265
7,6,65,3,13.8,15.164362655147826
7,6,65,0,10.15,10.624078907443174
7,6,65,1,6.5,5.735393346764043
7,6,65,2,8.25,7.440111770524334
7,6,65,3,14.6,9.483503682988854
5,13,22,0,10.4,9.965202614994578
5,13,22,1,15.8,16.826044974196527
5,13,22,2,32.25,49.95458463760649
4,46,108,0,72.2,124.69145076843415
4,46,108,1,21.473684210526315,23.86156468058723
4,46,108,2,23.473684210526315,25.13600432547489
7,6,65,0,13.25,7.649389380515077
7,6,65,1,8.1,6.624515871089433
7,6,65,2,8.7,5.88575443449333
7,6,65,3,12.05,18.08015777760686
5,13,22,0,17.0,15.061278340936333
5,13,22,1,22.4,23.60731376412604
5,13,22,2,22.6,24.26259846369564
4,46,108,0,32.2,37.555012280232596
4,46,108,1,18.55,16.307812141489286
4,46,108,2,24.5,19.66428769435384
7,6,65,0,11.95,9.489467845985885
7,6,65,1,14.9,9.46961901084338
7,6,65,2,13.05,14.619651518634628
7,6,65,3,11.4,8.087677436433124
5,13,22,0,24.2,22.312611491686653
5,13,22,1,17.25,16.56526168633753
5,13,22,2,33.0,41.40938108816966
7,1,65,0,22.5,30.793881825692857
7,1,65,1,8.85,7.22768799023661
7,1,65,2,12.45,9.14488640544108
7,1,65,3,11.1,12.199654870010399
4,46,108,0,27.6,26.170292518929088
4,46,108,1,31.5,32.07638908671151
4,46,108,2,18.25,19.14178400089297
7,1,65,0,10.05,10.023524960390878
7,1,65,1,12.05,12.638600022404214
7,1,65,2,10.25,10.124878166908323
7,1,65,3,11.25,11.97310582755764
5,16,22,0,25.95,20.584805331270825
5,16,22,1,26.5,33.49548280620915
5,16,22,2,18.95,17.233611589595856
4,46,108,0,18.85,19.876659149549464
4,46,108,1,27.15,29.944290379232392
4,46,108,2,26.2,26.08609228164149
7,1,65,0,10.75,8.025452930323754
7,1,65,1,8.35,8.986978884680001
7,1,65,2,9.05,6.886103473854541
7,1,65,3,8.5,6.08276253029822
5,16,22,0,30.35,25.528673249793787
5,16,22,1,15.0,21.334429796384107
5,16,22,2,18.85,24.175400720567175
4,41,108,0,16.5,10.718896251112112
4,41,108,1,16.8,13.896610718937342
4,41,108,2,11.4,11.85171539882463
7,1,65,0,24.2,36.860476622557464
7,1,65,1,19.4,23.669656346870507
7,1,65,2,10.05,9.757453291553185
7,1,65,3,20.95,24.43137542716656
5,16,22,0,27.0,24.923039436169137
5,16,22,1,11.35,8.43722952782862
5,16,22,2,19.25,14.252885211146031
4,41,108,0,22.35,20.82578108726625
4,41,108,1,21.25,22.435580294654624
4,41,108,2,25.9,48.02071921248379
7,1,65,0,8.3,8.253229033153278
7,1,65,1,9.05,11.227199116431489
7,1,65,2,11.55,12.717476578563682
7,1,65,3,12.45,16.69691115461968
5,16,22,0,14.95,18.129577461909264
5,16,22,1,25.05,36.50158612271095
5,16,22,2,14.6,14.644560693128929
7,23,65,0,12.65,11.193395609159799
7,23,65,1,15.85,24.00279588977742
7,23,65,2,11.25,10.7990009284485
7,23,65,3,11.2,26.96118067069569
4,41,108,0,27.8,31.89390306361984
4,41,108,1,20.0,16.71116865736017
4,41,108,2,24.45,21.84267913006432
5,16,22,0,19.4,18.5398574910778
5,16,22,1,17.7,28.176324514703737
5,16,22,2,24.4,24.85621811433446
7,23,65,0,7.9,6.496152707564685
7,23,65,1,11.5,10.102110253751311
7,23,65,2,12.25,14.760812272614553
7,23,65,3,10.1,8.26469982261272
4,41,108,0,19.45,22.260361277628135
4,41,108,1,12.45,14.834082378091338
4,41,108,2,17.15,17.487664825602977
7,23,65,0,10.05,9.190813491284597
7,23,65,1,13.0,12.135203249008104
7,23,65,2,8.05,6.27002056573476
7,23,65,3,12.55,10.570440413072474
5,23,22,0,24.0,23.664319132398465
5,23,22,1,23.05,26.48033033662613
5,23,22,2,12.5,10.89905838520973
7,23,65,0,9.6,9.494596801394602
7,23,65,1,14.95,13.355365568702497
7,23,65,2,7.7,8.82043082847998
7,23,65,3,5.3,5.35183195393483
5,23,22,0,13.9,15.754364474646383
5,23,22,1,46.2,110.74418126570139
5,23,22,2,11.631578947368421,10.833130902292229
7,23,65,0,10.4,10.791809759940026
7,23,65,1,13.7,24.555200971216713
7,23,65,2,13.2,10.405464151614105
7,23,65,3,13.6,18.328579926040728
4,41,108,0,58.45,113.13730596050097
4,41,108,1,26.57894736842105,42.36523180034633
4,41,108,2,39.10526315789474,57.99127782773515
5,23,22,0,24.3,16.893162740245568
5,23,22,1,29.1,39.57524478761945
5,23,22,2,13.1,13.863621460498697
7,20,65,0,18.25,18.22339444952992
7,20,65,1,17.0,27.86055502526447
7,20,65,2,12.15,13.8384475855837
7,20,65,3,10.2,9.344855043791407
7,20,65,0,10.55,11.495880268943946
7,20,65,1,9.45,8.159431094719391
7,20,65,2,7.2,5.297467120684832
7,20,65,3,10.4,7.9960516572407885
4,27,108,0,33.0,42.10013126620366
4,27,108,1,40.4,68.22439754994274
4,27,108,2,28.0,40.981025419631024
5,23,22,0,46.55,108.79457948958573
5,23,22,1,17.263157894736842,22.76410943486639
5,23,22,2,11.947368421052632,13.89433811230126
7,20,65,0,14.55,19.20108275455758
7,20,65,1,6.85,5.742500830602785
7,20,65,2,11.65,8.34944057375923
7,20,65,3,12.0,12.358674771400983
5,23,22,0,16.4,19.326556586047197
5,23,22,1,17.25,17.80264616640784
5,23,22,2,35.75,109.1608542714061
4,27,108,0,27.65,23.25210799725026
4,27,108,1,42.4,108.31163615381216
4,27,108,2,15.947368421052632,21.324148241972384
7,20,65,0,12.35,10.353107847659231
7,20,65,1,13.7,15.093044755780722
7,20,65,2,16.85,17.079612346149336
7,20,65,3,16.85,11.67667490521618
4,27,108,0,22.5,22.06807649071391
4,27,108,1,8.25,6.742442162583931
4,27,108,2,17.7,21.72095762161512
7,20,65,0,14.8,16.769646765259516
7,20,65,1,10.35,9.985647595160607
7,20,65,2,6.35,6.089464586264413
7,20,65,3,9.15,10.322560881772251
5,22,22,0,18.8,14.225995478996225
5,22,22,1,18.8,23.80756182392477
5,22,22,2,27.1,29.237502953353737
7,2,65,0,12.7,13.091178226898489
7,2,65,1,13.1,10.750275394269282
7,2,65,2,9.15,15.235951251113786
7,2,65,3,8.15,7.11762083253874
5,22,22,0,21.95,17.602257630321475
5,22,22,1,12.4,12.487467401569589
5,22,22,2,20.35,16.096011274454565
7,2,65,0,11.6,14.950444457396047
7,2,65,1,10.8,8.075955214807655
7,2,65,2,8.9,9.244628596906251
7,2,65,3,7.1,7.033004897960533
4,27,108,0,45.85,108.52226305669897
4,27,108,1,42.578947368421055,113.85922877223518
4,27,108,2,30.27777777777778,33.050417022474576
5,22,22,0,18.7,13.788248238035326
5,22,22,1,17.5,21.970075341844325
5,22,22,2,23.3,22.306713645990314
7,2,65,0,11.5,8.702691658634308
7,2,65,1,10.85,12.355586846272802
7,2,65,2,33.85,109.36817347117511
7,2,65,3,14.368421052631579,12.257471763585169
5,22,22,0,25.8,23.652305996400614
5,22,22,1,21.75,24.935442963570424
5,22,22,2,24.9,33.53693957100847
4,27,108,0,38.6,44.63111966000028
4,27,108,1,30.35,49.438185752779354
4,27,108,2,14.55,15.655753944762525
7,2,65,0,8.65,7.371888281987545
7,2,65,1,40.1,111.21524885980055
7,2,65,2,14.210526315789474,15.079710236563349
7,2,65,3,16.05263157894737,18.155114627412928
5,22,22,0,27.75,22.447306719234014
5,22,22,1,21.0,19.30366749991743
5,22,22,2,22.25,21.242645786248
5,7,108,0,27.5,21.61018278497431
5,7,108,1,15.25,16.685559467301122
5,7,108,2,23.95,22.106143466180807
7,2,65,0,18.2,12.976091374848632
7,2,65,1,13.0,14.00751677906507
7,2,65,2,12.0,11.630269037934456
7,2,65,3,14.1,18.80341514333584
5,9,22,0,17.7,20.039697444926922
5,9,22,1,17.65,19.51322088927618
5,9,22,2,18.0,12.653270848199478
5,7,108,0,32.9,26.07257078556737
5,7,108,1,24.25,25.063865791634232
5,7,108,2,25.75,29.27343865223756
7,7,65,0,16.15,22.776430569202105
7,7,65,1,17.2,18.435092394098472
7,7,65,2,13.75,15.687323075118899
7,7,65,3,10.15,12.088598368972137
5,9,22,0,22.7,23.779911911660136
5,9,22,1,12.05,10.743296563561465
5,9,22,2,16.95,9.923258166125628
7,7,65,0,14.5,16.822603841260722
7,7,65,1,18.4,17.26084708539135
7,7,65,2,13.25,14.653452979094256
7,7,65,3,24.4,33.367806735171996
5,7,108,0,21.6,17.70340437079234
5,7,108,1,19.65,22.58615085680417
5,7,108,2,36.7,38.17563290069231
5,9,22,0,16.15,16.899937713992976
5,9,22,1,39.35,109.0254798804293
5,9,22,2,20.473684210526315,25.065178193955393
7,7,65,0,10.8,9.817278001993275
7,7,65,1,7.25,8.503095411610255
7,7,65,2,13.6,13.635866019628645
7,7,65,3,13.45,10.05498043652733
5,9,22,0,25.05,28.67141433553636
5,9,22,1,15.75,14.938029884897983
5,9,22,2,14.8,16.031547845288973
5,7,108,0,33.9,28.760169826012028
5,7,108,1,37.3,31.983712960456014
5,7,108,2,29.85,26.60485709513644
7,7,65,0,13.95,12.725750934310529
7,7,65,1,11.35,10.514526292605611
7,7,65,2,11.05,10.04450622296377
7,7,65,3,22.45,23.390225128864138
5,9,22,0,15.1,11.999561395493192
5,9,22,1,27.85,27.67722795672321
5,9,22,2,18.65,19.131883006343653
7,7,65,0,15.2,15.052889213842324
7,7,65,1,14.55,19.09112497029913
7,7,65,2,8.45,7.479621437085253
7,7,65,3,11.0,8.182137154866853
5,7,108,0,18.8,18.334896265117827
5,7,108,1,25.15,29.993464200336078
5,7,108,2,20.55,16.148896002676562
5,7,22,0,22.55,24.888118069726193
5,7,22,1,11.8,11.574018089533215
5,7,22,2,23.25,26.122938095414195
7,19,65,0,7.2,7.0082657964495185
7,19,65,1,16.5,16.766194057027217
7,19,65,2,9.65,8.286164753116456
7,19,65,3,12.15,7.995228840410157
5,7,22,0,19.4,16.394479173441926
5,7,22,1,15.95,16.362585691947217
5,7,22,2,28.1,25.798612773803004
5,5,108,0,23.65,20.696490930641005
5,5,108,1,20.75,21.87013103707766
5,5,108,2,31.4,33.64426908264263
7,19,65,0,7.25,7.60107333141009
7,19,65,1,10.65,10.121758740456126
7,19,65,2,36.75,109.09043809706938
7,19,65,3,9.105263157894736,9.550420216712428
5,7,22,0,16.3,18.04701462408964
5,7,22,1,13.3,19.679270418654408
5,7,22,2,22.1,19.03155274800246
7,19,65,0,15.35,14.291237654038593
7,19,65,1,14.75,22.92292578000874
7,19,65,2,9.45,10.560477461295314
7,19,65,3,12.55,8.450942021611057
5,5,108,0,30.45,36.22513666386629
5,5,108,1,23.25,28.785732942772736
5,5,108,2,25.0,38.284255386859954
5,7,22,0,18.7,23.90133226852692
5,7,22,1,20.8,29.021951764320164
5,7,22,2,16.45,25.43821203581233
7,19,65,0,10.15,13.982225558863917
7,19,65,1,13.3,12.864066640309192
7,19,65,2,9.85,9.71312188959375
7,19,65,3,8.55,8.882122790367058
7,19,65,0,10.65,12.149398945496937
7,19,65,1,10.65,9.091783450775184
7,19,65,2,9.35,10.111353701864578
7,19,65,3,11.15,12.058083115530954
5,5,108,0,43.3,57.57658515312224
5,5,108,1,30.6,34.80683538435638
5,5,108,2,26.4,22.516426752133885
5,7,22,0,42.15,63.721660367570465
5,7,22,1,35.85,57.16391482303094
5,7,22,2,28.6,27.832960392500947
7,3,65,0,14.3,11.93887943256247
7,3,65,1,18.6,22.245993134187465
7,3,65,2,9.45,9.456131399924155
7,3,65,3,24.85,41.13044076951687
5,5,108,0,23.85,29.478404227323324
5,5,108,1,21.9,30.385072512320043
5,5,108,2,37.0,28.0619615175156
5,19,22,0,19.55,17.315873460042685
5,19,22,1,28.75,37.274056167231045
5,19,22,2,16.5,18.09477970663304
7,3,65,0,13.4,12.906138890180578
7,3,65,1,8.2,8.127924574867611
7,3,65,2,8.8,7.957783346477441
7,3,65,3,11.65,11.075221276154688
7,3,65,0,14.45,20.60524971431974
7,3,65,1,9.9,9.781292563384776
7,3,65,2,7.6,8.286958682805553
7,3,65,3,15.55,20.51822040092787
5,19,22,0,18.75,15.102718472618028
5,19,22,1,13.5,9.62726391693485
5,19,22,2,24.0,22.571523745873392
5,5,108,0,23.7,23.21319951189296
5,5,108,1,23.6,23.12756386925168
5,5,108,2,38.7,41.65282577133083
7,3,65,0,7.45,5.3653370914848555
7,3,65,1,11.8,23.21660023164006
7,3,65,2,5.6,5.897367833908705
7,3,65,3,13.5,10.384705352736683
5,19,22,0,30.0,57.25474009335729
5,19,22,1,17.7,24.717562475633436
5,19,22,2,15.65,13.970928462534733
7,3,65,0,13.7,10.761040841851685
7,3,65,1,15.6,23.12756386925168
7,3,65,2,12.0,14.003758893878986
7,3,65,3,20.45,23.489023192255477
5,19,22,0,21.2,34.852471029212616
5,19,22,1,19.55,16.888099204375905
5,19,22,2,18.95,23.902158017525046
5,12,108,0,37.8,74.9593574089179
5,12,108,1,26.9,52.708633068976475
5,12,108,2,24.3,24.655734893892223
7,15,65,0,13.45,14.890742443757324
7,15,65,1,13.25,19.144533368424963
7,15,65,2,10.55,10.505512337515206
7,15,65,3,15.1,12.510627061569863
5,19,22,0,20.85,24.385662310377985
5,19,22,1,25.2,28.207128624926675
5,19,22,2,21.95,15.902581716914959
7,15,65,0,11.65,11.458276714373671
7,15,65,1,14.6,13.68979643076512
7,15,65,2,7.9,6.381717307235857
7,15,65,3,11.8,14.343896556412158
5,12,108,0,49.85,109.88428123784537
5,12,108,1,40.78947368421053,111.68038669314242
5,12,108,2,19.555555555555557,21.074719235369972
5,9,22,0,19.25,16.263860485590033
5,9,22,1,14.95,12.275242520918615
5,9,22,2,27.25,37.23308517406189
7,15,65,0,18.9,18.580974989998435
7,15,65,1,12.75,6.671818185077951
7,15,65,2,18.6,17.53312654137275
7,15,65,3,14.65,17.315265549584613
7,15,65,0,9.75,10.381537255603028
7,15,65,1,11.05,10.013017842578202
7,15,65,2,8.65,7.471172669175273
7,15,65,3,14.4,15.343093766114757
5,9,22,0,26.0,51.84491042370606
5,9,22,1,21.7,32.11345020720331
5,9,22,2,25.9,35.7489786383361
5,12,108,0,24.7,26.05278043551307
5,12,108,1,25.9,18.154019418647533
5,12,108,2,35.4,23.277276020775464
7,15,65,0,10.2,7.722830132999035
7,15,65,1,7.7,6.610199455546351
7,15,65,2,6.3,5.00631180558471
7,15,65,3,13.8,13.340086009349493
7,6,65,0,13.1,12.294200601139247
7,6,65,1,6.9,11.111397657123824
7,6,65,2,8.7,12.376123021876907
7,6,65,3,13.9,9.374657888494694
5,9,22,0,19.8,22.387966692658335
5,9,22,1,42.5,109.63216009144301
5,9,22,2,24.473684210526315,23.826615419299095
5,12,108,0,30.95,43.66074353828379
5,12,108,1,21.55,20.296421774344985
5,12,108,2,20.15,14.26174492904191
5,9,22,0,18.3,17.235520238586847
5,9,22,1,21.3,29.428056787966643
5,9,22,2,25.95,27.649069652188643
7,6,65,0,16.3,12.7943243995963
7,6,65,1,20.15,29.133585249221973
7,6,65,2,18.95,19.567629014859154
7,6,65,3,14.95,23.623081932719955
5,12,108,0,18.45,21.07249391979981
5,12,108,1,18.6,15.041696432881078
5,12,108,2,26.85,33.58927617088839
7,6,65,0,13.4,19.75214845076486
7,6,65,1,15.9,15.626899884494044
7,6,65,2,13.05,10.772650555921695
7,6,65,3,9.2,6.550210924687444
5,9,22,0,19.2,17.461536678021634
5,9,22,1,19.85,20.160605149647665
5,9,22,2,21.75,27.48947166883312
5,22,108,0,19.3,19.40455725094657
5,22,108,1,23.75,23.411367009706158
5,22,108,2,20.1,23.95148605432503
7,6,65,0,15.05,9.714205550310545
7,6,65,1,14.25,18.563901019253244
7,6,65,2,12.4,14.445542018578822
7,6,65,3,13.75,10.19739388791387
7,6,65,0,12.2,16.57709262808168
7,6,65,1,7.55,6.5331140314071074
7,6,65,2,12.6,13.903426310010593
7,6,65,3,11.7,10.39787427668195
5,11,22,0,27.05,36.09997084121872
5,11,22,1,50.55,108.38356595176712
5,11,22,2,23.36842105263158,29.350772328122986
5,22,108,0,31.25,29.434807536942415
5,22,108,1,15.0,21.051315748352692
5,22,108,2,35.85,41.50494580547949
7,22,65,0,13.5,10.615281933435202
7,22,65,1,11.95,9.366654179925497
7,22,65,2,7.4,7.876681107113445
7,22,65,3,12.2,17.881481158479367
5,11,22,0,20.2,26.317094704473185
5,11,22,1,19.05,26.30684321616716
5,11,22,2,14.75,25.247980638375605
7,22,65,0,9.9,9.678516632755576
7,22,65,1,12.65,10.82528716040656
7,22,65,2,15.55,14.805671032980644
7,22,65,3,10.65,7.102816342831906
5,22,108,0,30.2,43.55710105862853
5,22,108,1,32.4,38.137424636369154
5,22,108,2,29.8,21.99425762377654
5,11,22,0,22.45,21.612557266065195
5,11,22,1,26.65,31.732890126641063
5,11,22,2,22.45,27.035016280060898
7,22,65,0,12.0,15.701156511208772
7,22,65,1,9.75,9.301244964774169
7,22,65,2,10.1,7.254036988572566
7,22,65,3,13.85,19.093330331764932
5,11,22,0,9.65,10.358190250384375
5,11,22,1,18.85,19.929546961867025
5,11,22,2,22.85,22.579158997904052
5,22,108,0,31.65,32.38627877097921
5,22,108,1,24.0,23.021728866442675
5,22,108,2,20.45,18.503129180592243
7,22,65,0,9.15,9.636962832323208
7,22,65,1,8.15,7.110222440816795
7,22,65,2,10.8,12.076946285338332
7,22,65,3,14.55,10.215957589657673
7,22,65,0,12.95,11.33450716315354
7,22,65,1,15.3,22.07666069332998
7,22,65,2,14.1,11.252602038265591
7,22,65,3,14.8,12.45032233782682
5,22,108,0,32.15,29.563980573806717
5,22,108,1,19.35,22.63735850314696
5,22,108,2,28.05,37.112169943223975
5,11,22,0,53.3,110.63125093846912
5,11,22,1,23.263157894736842,41.8394313022525
5,11,22,2,18.94736842105263,15.60083218653033
7,5,65,0,8.85,8.2095900275868
7,5,65,1,12.25,14.059553784938517
7,5,65,2,10.5,12.262480216197357
7,5,65,3,18.05,19.20108275455758
5,23,108,0,36.1,41.50193400693261
5,23,108,1,14.05,22.22249926727888
5,23,108,2,18.05,16.220438698720432
7,5,65,0,14.65,20.011246837716033
7,5,65,1,8.45,6.336818062552744
7,5,65,2,9.95,10.08633781539741
7,5,65,3,16.8,12.951732255611704
5,13,22,0,47.4,113.68951254692712
5,13,22,1,30.0,35.64952859280034
5,13,22,2,33.578947368421055,33.597810427125694
7,5,65,0,12.75,12.151997886420938
7,5,65,1,10.2,9.817278001993273
7,5,65,2,16.35,20.921595491136348
7,5,65,3,12.25,11.470213139854211
5,23,108,0,23.8,17.46455056151716
5,23,108,1,31.3,41.190315673264244
5,23,108,2,27.35,32.998046194154874
7,5,65,0,15.3,17.20189708020295
7,5,65,1,7.65,7.4852486510750635
7,5,65,2,15.55,12.496209951737157
7,5,65,3,11.45,9.875408052861731
5,13,22,0,68.35,149.73459854021715
5,13,22,1,13.88888888888889,21.703588450622327
5,13,22,2,18.27777777777778,26.19116500240122
7,5,65,0,15.0,9.706210708396428
7,5,65,1,16.85,24.55986242032441
7,5,65,2,26.5,41.37314155470023
7,5,65,3,11.4,7.721466999966973
5,23,108,0,32.6,33.285685243138126
5,23,108,1,25.95,23.90656153047791
5,23,108,2,55.15,108.11897686296675
5,13,22,0,24.55,22.397074527009572
5,13,22,1,25.35,37.72933383428531
5,13,22,2,27.05,31.576931953230467
7,8,65,0,14.8,12.622452843622499
7,8,65,1,20.15,26.438160219453124
7,8,65,2,9.2,10.551128650029515
7,8,65,3,15.45,11.820922575091835
5,13,22,0,18.7,25.273451850134215
5,13,22,1,18.0,27.57573303888002
5,13,22,2,23.9,22.379266720502002
5,23,108,0,35.15,40.3670983794841
5,23,108,1,30.8,46.227811178075356
5,23,108,2,21.85,34.25181516511589
7,8,65,0,9.75,8.570911638547528
7,8,65,1,13.05,16.8412869867009
7,8,65,2,7.7,9.26282894152753
7,8,65,3,16.85,21.99587281861376
5,23,108,0,21.3,22.77371522749764
5,23,108,1,16.2,15.849954341624427
5,23,108,2,10.45,10.379509165963283
7,8,65,0,8.4,5.816491979481139
7,8,65,1,8.5,8.905941245802389
7,8,65,2,10.65,9.890319562715431
7,8,65,3,10.2,7.359919908031037
5,13,22,0,18.05,16.860027470789884
5,13,22,1,43.3,109.64732938884221
5,13,22,2,14.157894736842104,14.818393817200212
7,8,65,0,11.95,15.689335969310324
7,8,65,1,8.0,8.596204792936547
7,8,65,2,7.85,7.169195800161454
7,8,65,3,8.05,9.190813491284596
5,1,22,0,18.75,22.645726911901527
5,1,22,1,16.2,22.700799893163975
5,1,22,2,20.75,19.41479359988964
7,8,65,0,20.4,22.443848061094016
7,8,65,1,8.75,7.047769337285304
7,8,65,2,12.7,11.107607634788918
7,8,65,3,13.6,15.479698079471024
5,2,108,0,58.9,108.17038217066337
5,2,108,1,27.1,28.172214755154172
5,2,108,2,24.526315789473685,25.647976790583158
5,1,22,0,39.45,109.15487548481407
5,1,22,1,15.052631578947368,15.094052118524209
5,1,22,2,32.05263157894737,20.05956043666662
5,2,108,0,23.65,22.283519990295403
5,2,108,1,26.65,47.81133426511465
5,2,108,2,21.6,13.433657651389543
8,37,65,0,12.0,11.116606828003816
8,37,65,1,11.4,13.264118595114534
8,37,65,2,13.3,15.086068861178202
8,37,65,3,32.55,109.02605917370107
8,37,65,4,11.842105263157896,9.788105922182272
5,1,22,0,19.0,22.301758250250842
5,1,22,1,23.75,31.334989691196142
5,1,22,2,29.75,49.18480188881628
8,37,65,0,14.05,16.057380660749452
8,37,65,1,14.85,13.386068956391311
8,37,65,2,13.15,13.727709204379297
8,37,65,3,9.85,13.693160028968745
8,37,65,4,11.15,16.965212083927263
5,2,108,0,47.55,55.16336980661218
5,2,108,1,19.5,20.879352682041
5,2,108,2,18.85,18.893816866622625
5,1,22,0,20.2,18.543263779037048
5,1,22,1,19.85,19.065744978336078
5,1,22,2,30.45,33.76930247241841
8,37,65,0,15.85,17.196312334181908
8,37,65,1,38.25,108.84555692887925
8,37,65,2,10.789473684210526,7.161462818977861
8,37,65,3,12.368421052631579,10.63124601412579
8,37,65,4,8.736842105263158,8.862167437817142
5,1,22,0,12.25,10.597293596902341
5,1,22,1,12.6,12.950919495907375
5,1,22,2,26.9,26.801217568571296
5,2,108,0,35.7,34.3098880944347
5,2,108,1,51.65,108.97429682462307
5,2,108,2,18.736842105263158,17.39042554352237
8,37,65,0,9.4,7.60470768322941
8,37,65,1,17.55,22.804604798154255
8,37,65,2,8.7,10.473525521146414
8,37,65,3,21.9,43.10440202211615
8,37,65,4,9.85,11.027596961117235
5,18,22,0,26.5,36.302095053359636
5,18,22,1,20.85,21.68257850271309
5,18,22,2,24.05,30.437987000318845
5,2,108,0,42.4,72.69648511013735
5,2,108,1,27.6,24.77137567095495
5,2,108,2,20.15,20.40452736139961
8,37,65,0,14.85,10.839863079345024
8,37,65,1,16.15,15.366659055445844
8,37,65,2,10.1,9.135817308524555
8,37,65,3,7.0,4.507304013896134
8,37,65,4,7.9,7.122240924700153
5,18,22,0,25.65,28.702237213371216
5,18,22,1,19.25,19.702724898375166
5,18,22,2,20.3,16.575505072879455
5,5,108,0,13.85,14.974627664293044
5,5,108,1,23.3,24.74948165326424
5,5,108,2,20.8,16.17860835860281
5,18,22,0,21.6,19.876990135382805
5,18,22,1,22.35,22.771808517504592
5,18,22,2,17.2,16.65311729945699
8,25,65,0,19.0,18.569924751144196
8,25,65,1,8.65,8.235194050696775
8,25,65,2,20.8,32.20264781529292
8,25,65,3,11.85,20.412264115374107
8,25,65,4,12.05,11.076171673794535
5,5,108,0,22.1,20.958354696372215
5,5,108,1,25.9,28.40848650074759
5,5,108,2,17.05,15.36734405022204
8,25,65,0,9.95,8.917605295735303
8,25,65,1,7.25,8.45343281251998
8,25,65,2,10.1,10.71103710148899
8,25,65,3,11.45,12.39046747344612
8,25,65,4,8.7,8.86210144972755
5,18,22,0,27.85,21.64127391911357
5,18,22,1,19.1,13.357040327699453
5,18,22,2,34.55,38.55068434098019
5,5,108,0,26.8,24.502631437631777
5,5,108,1,17.4,14.313776948322053
5,5,108,2,37.55,43.34618905120907
8,25,65,0,8.0,8.985368223131601
8,25,65,1,17.25,41.09536406175788
8,25,65,2,8.6,8.610886622238889
8,25,65,3,22.2,48.63894908837004
8,25,65,4,9.35,8.934115571931649
5,18,22,0,14.2,14.630897371478513
5,18,22,1,19.35,19.727818990077516
5,18,22,2,24.35,23.638227291268784
8,25,65,0,13.0,13.05050916530402
8,25,65,1,14.4,14.72341493568734
8,25,65,2,8.2,7.515597815630888
8,25,65,3,9.9,8.64443843112285
8,25,65,4,12.4,11.273630153686312
5,5,108,0,20.8,14.522577703627366
5,5,108,1,15.3,18.402230986028787
5,5,108,2,30.1,30.468102388529132
5,22,22,0,24.5,25.411352622504438
5,22,22,1,25.1,21.284785769726646
5,22,22,2,35.2,35.67779790230746
8,25,65,0,22.4,58.343267324561644
8,25,65,1,6.9,5.955095120544831
8,25,65,2,10.95,12.97963992688468
8,25,65,3,7.7,8.189209845567326
8,25,65,4,8.8,10.018929452212998
5,5,108,0,23.35,21.260972399408757
5,5,108,1,13.85,10.189132497550103
5,5,108,2,28.15,19.203275488147437
5,22,22,0,23.0,27.30529156351239
5,22,22,1,12.0,8.143450710459552
5,22,22,2,31.2,31.039194238049554
8,36,65,0,8.7,8.784555825574312
8,36,65,1,11.0,11.021510069429066
8,36,65,2,9.15,11.079972449139222
8,36,65,3,14.15,13.974695176037217
8,36,65,4,7.55,10.205648590750846
5,20,108,0,32.3,28.55299781477466
5,20,108,1,29.5,35.8527691068846
5,20,108,2,30.35,26.022813877543356
8,36,65,0,12.45,12.828730092627007
8,36,65,1,7.7,11.7880403264004
8,36,65,2,14.3,13.195294217018589
8,36,65,3,9.35,10.752111175803666
8,36,65,4,11.8,13.508671678826007
5,22,22,0,37.95,67.57878443167765
5,22,22,1,22.2,34.90679318594471
5,22,22,2,21.75,17.365649699152755
5,20,108,0,31.75,31.428908918215306
5,20,108,1,23.05,19.386579731458834
5,20,108,2,28.6,34.89895187688684
8,36,65,0,10.7,12.286492369136202
8,36,65,1,6.75,7.062689214978132
8,36,65,2,8.5,7.037493572961447
8,36,65,3,38.6,110.3937450554533
8,36,65,4,8.421052631578947,11.37890733610845
5,22,22,0,21.95,24.16494851726577
5,22,22,1,21.05,26.23873191736939
5,22,22,2,23.4,37.2973824395507
8,36,65,0,13.5,14.830622657901205
8,36,65,1,15.35,17.08269361232682
8,36,65,2,11.4,9.794735428038022
8,36,65,3,13.15,18.60751121682345
8,36,65,4,14.5,12.137371604827969
5,20,108,0,28.25,33.352779415467644
5,20,108,1,25.75,36.379397003191094
5,20,108,2,23.25,31.952061131111964
5,22,22,0,22.35,17.544754801724405
5,22,22,1,23.45,16.703214314049035
5,22,22,2,19.0,32.47185015719891
8,36,65,0,8.35,12.503788899453848
8,36,65,1,12.2,10.714476188783099
8,36,65,2,6.6,5.32521311656558
8,36,65,3,13.65,21.77945676186863
8,36,65,4,10.05,9.648970493215707
5,20,108,0,27.45,24.835193619242492
5,20,108,1,25.05,32.16810286767411
5,20,108,2,27.2,21.444174770294783
8,36,65,0,14.0,14.952556549581113
8,36,65,1,11.05,10.797051254369114
8,36,65,2,9.0,6.48074069840786
8,36,65,3,9.1,9.634914579142277
8,36,65,4,10.6,10.859873024361894
5,0,22,0,52.25,100.63685366598797
5,0,22,1,20.3,21.88510668781037
5,0,22,2,33.10526315789474,40.00402026580454
5,20,108,0,20.6,22.99977116590968
5,20,108,1,20.1,24.94182705501153
5,20,108,2,17.85,13.762171646257455
8,36,65,0,14.05,16.1977093897157
8,36,65,1,11.6,13.144540591759798
8,36,65,2,15.65,22.532491160427355
8,36,65,3,11.2,12.48409514458086
8,36,65,4,8.65,9.17247025213578
5,22,108,0,21.35,14.790733229751803
5,22,108,1,21.65,21.394231883728306
5,22,108,2,25.35,22.893977603865952
5,0,22,0,23.4,27.064056567608947
5,0,22,1,58.3,123.78976235197275
5,0,22,2,22.57894736842105,25.37565716603586
8,36,65,0,13.55,12.575979610268725
8,36,65,1,7.75,10.725645606871902
8,36,65,2,11.05,11.362333896649375
8,36,65,3,9.0,8.849620866098402
8,36,65,4,15.55,14.485837003232175
5,0,22,0,30.95,42.67931213375547
5,0,22,1,11.35,13.27948556391042
5,0,22,2,26.2,41.8727395305045
5,22,108,0,29.55,22.106143466180807
5,22,108,1,27.25,32.61558394064827
5,22,108,2,29.45,33.203479525971055
8,36,65,0,13.5,12.651190915441415
8,36,65,1,12.2,12.547174141908146
8,36,65,2,14.15,19.035354917681605
8,36,65,3,10.9,9.158832377891615
8,36,65,4,13.45,15.027956404122637
5,0,22,0,23.05,23.45763258122587
5,0,22,1,28.7,23.67343614575984
5,0,22,2,25.0,25.98785141277808
5,22,108,0,31.25,24.16799754351109
5,22,108,1,18.05,14.314052719728187
5,22,108,2,17.25,14.363238895839176
8,36,65,0,9.4,10.070279356392726
8,36,65,1,7.45,5.4721784366105295
8,36,65,2,38.55,108.82021629129493
8,36,65,3,10.052631578947368,9.070548704525521
8,36,65,4,9.157894736842104,8.4673435286841
5,0,22,0,15.0,16.886618807115948
5,0,22,1,16.1,17.52862320831124
5,0,22,2,26.6,29.319294886330038
8,29,65,0,10.7,13.947646471905687
8,29,65,1,28.85,97.47565148065925
8,29,65,2,4.473684210526316,3.595806524467565
8,29,65,3,11.157894736842104,9.038578783898968
8,29,65,4,11.052631578947368,9.565410394927747
5,22,108,0,39.15,36.719813954350386
5,22,108,1,28.5,26.957080897721767
5,22,108,2,18.45,20.39472325975779
5,19,22,0,15.75,14.803537983945098
5,19,22,1,13.95,15.981815324068524
5,19,22,2,20.7,21.061563894549963
8,29,65,0,15.3,11.756744984543083
8,29,65,1,14.05,12.746413324209247
8,29,65,2,7.75,7.510518939250609
8,29,65,3,9.15,11.952867966792699
8,29,65,4,12.65,11.366038980456787
5,22,108,0,33.75,26.187331207846928
5,22,108,1,27.0,25.5919395205024
5,22,108,2,17.3,13.696330664970475
5,19,22,0,20.45,35.130546012806214
5,19,22,1,19.9,36.77799685452674
5,19,22,2,21.1,21.006014176395947
8,29,65,0,10.45,10.733494060036652
8,29,65,1,9.85,10.970174877462313
8,29,65,2,11.4,17.590068968477343
8,29,65,3,11.2,12.759310326189265
8,29,65,4,14.3,17.475095060354352
5,13,108,0,22.7,26.27606475382812
5,13,108,1,18.0,20.74151697238631
5,13,108,2,26.05,28.41696120647889
8,29,65,0,12.0,10.203198672862092
8,29,65,1,12.05,13.801125049487052
8,29,65,2,7.9,5.108300778351374
8,29,65,3,11.7,14.768743666056507
8,29,65,4,9.9,11.177515023710018
5,19,22,0,31.45,66.6115803113764
5,19,22,1,58.95,114.24142257333347
5,19,22,2,22.38888888888889,21.617364721823517
5,13,108,0,29.15,31.952720006119566
5,13,108,1,31.2,54.403560255015044
5,13,108,2,23.7,38.40929163901004
8,29,65,0,16.05,12.39471449321932
8,29,65,1,16.15,15.540354937354142
8,29,65,2,13.45,11.60977355960327
8,29,65,3,19.75,38.25657838168076
8,29,65,4,15.05,17.62018877968051
5,19,22,0,41.6,109.805282204455
5,19,22,1,22.894736842105264,36.40038879041771
5,19,22,2,28.42105263157895,37.136857686541134
5,13,108,0,43.75,109.03445858027973
5,13,108,1,22.68421052631579,39.04705513377268
5,13,108,2,15.894736842105264,13.21570924166516
8,36,65,0,12.5,12.86979327523828
8,36,65,1,8.7,8.81446180104635
8,36,65,2,11.95,13.359305843926881
8,36,65,3,10.6,9.349359674105466
8,36,65,4,15.2,34.58871127070827
5,19,22,0,15.95,20.31715634889054
5,19,22,1,13.9,17.973372117194867
5,19,22,2,29.8,53.57984695760151
5,13,108,0,17.75,20.01808392955046
5,13,108,1,20.7,22.757532009378668
5,13,108,2,24.35,20.81061217137469
5,16,22,0,13.4,9.789360497364903
5,16,22,1,13.45,10.772650555921695
5,16,22,2,23.0,21.190861982914885
8,36,65,0,8.5,6.824877095480992
8,36,65,1,7.65,6.595652475604469
8,36,65,2,35.55,108.98598413026377
8,36,65,3,10.210526315789474,12.011933637329268
8,36,65,4,13.631578947368421,15.843717739623662
5,13,108,0,21.7,17.78556481502552
5,13,108,1,17.8,15.916228064132335
5,13,108,2,21.05,20.92209861668556
8,36,65,0,12.4,11.771508868986661
8,36,65,1,12.2,12.412218089235171
8,36,65,2,15.6,12.25775801600551
8,36,65,3,9.45,11.264639597570705
8,36,65,4,15.3,22.83602878186827
5,16,22,0,30.75,47.80979309502891
5,16,22,1,22.8,29.29271509940205
5,16,22,2,34.25,63.43324298654037
8,36,65,0,11.45,14.30669699641984
8,36,65,1,10.4,12.032412366953729
8,36,65,2,11.65,14.826274685592184
8,36,65,3,7.35,8.11934013393492
8,36,65,4,7.45,7.870497877650768
5,15,108,0,30.15,32.16613943754813
5,15,108,1,30.0,28.913664589601918
5,15,108,2,31.4,27.306062561848403
5,16,22,0,18.4,29.2725846232668
5,16,22,1,13.15,18.550854711476656
5,16,22,2,15.5,18.12674673978817
8,36,65,0,12.15,9.788688423513724
8,36,65,1,12.4,9.789360497364903
8,36,65,2,14.65,13.616070226796447
8,36,65,3,12.1,17.29587720877587
8,36,65,4,12.0,13.992479182911456
5,15,108,0,29.5,29.782545223670862
5,15,108,1,11.55,9.46725659145357
5,15,108,2,25.6,27.851863775867386
5,16,22,0,25.7,34.72008367683344
5,16,22,1,19.6,21.119708929413726
5,16,22,2,23.2,29.37166554422996
5,16,22,0,23.65,21.587703614984644
5,16,22,1,12.45,12.521455271064267
5,16,22,2,15.05,16.981336504341588
8,31,65,0,14.45,18.471813520519365
8,31,65,1,12.95,12.098172980813434
8,31,65,2,11.15,17.327419706471318
8,31,65,3,14.25,19.094984185713052
8,31,65,4,15.15,19.432135619556643
5,15,108,0,47.6,109.40913076492674
5,15,108,1,23.05263157894737,18.771946220684754
5,15,108,2,20.263157894736842,22.362771904472442
8,31,65,0,10.15,7.5203233413128405
8,31,65,1,9.2,6.16099786859581
8,31,65,2,10.75,10.104063799440198
8,31,65,3,10.05,7.394699381811841
8,31,65,4,9.4,8.934851926437752
5,5,22,0,35.5,39.017539915435876
5,5,22,1,24.6,32.261105798909334
5,5,22,2,23.6,29.430381724011884
8,31,65,0,10.55,8.864328276269651
8,31,65,1,13.15,18.536663527637387
8,31,65,2,8.5,7.904029618525371
8,31,65,3,7.85,5.4990429789382915
8,31,65,4,8.55,10.999880382124736
5,15,108,0,24.85,20.825781087266257
5,15,108,1,33.3,39.56087913450278
5,15,108,2,37.5,49.157641157916906
8,31,65,0,9.05,7.4936815490047834
8,31,65,1,8.05,10.0024996875781
8,31,65,2,9.75,8.601560445946024
8,31,65,3,10.8,13.29661611087573
8,31,65,4,11.1,16.048938315434814
5,5,22,0,23.45,18.059769188942994
5,5,22,1,28.1,22.59692573408115
5,5,22,2,33.25,40.639460988965936
5,15,108,0,38.2,47.17001723887526
5,15,108,1,29.85,53.408332683205906
5,15,108,2,23.35,24.422325851564587
8,31,65,0,15.45,18.34314729351479
8,31,65,1,9.45,5.968998858135344
8,31,65,2,7.8,7.068089893092908
8,31,65,3,10.0,12.452013153661035
8,31,65,4,8.9,10.794247980924109
5,5,22,0,17.05,16.28520478031646
5,5,22,1,18.35,23.042923334279305
5,5,22,2,24.4,28.85790961536232
8,31,65,0,15.5,18.594000164172936
8,31,65,1,9.6,8.46292222766929
8,31,65,2,12.4,15.339663071850525
8,31,65,3,9.8,10.308912852989218
8,31,65,4,11.95,20.92209861668556
5,1,108,0,37.7,49.94955349887366
5,1,108,1,22.65,33.87480821464451
5,1,108,2,37.4,37.606550381269315
5,5,22,0,27.15,24.690238855402797
5,5,22,1,17.65,19.342549225123246
5,5,22,2,28.9,30.898645856889484
8,31,65,0,10.3,7.519098490195693
8,31,65,1,7.55,8.10766369099729
8,31,65,2,8.15,7.0283261464628
8,31,65,3,12.8,14.039793070899735
8,31,65,4,8.8,8.224482066559442
8,31,65,0,11.5,8.988296483995759
8,31,65,1,7.85,10.142536794686965
8,31,65,2,8.3,6.68934738379258
8,31,65,3,9.0,7.3484692283495345
8,31,65,4,11.9,14.223405469784469
5,5,22,0,21.3,19.738021017422454
5,5,22,1,31.35,29.097431610294908
5,5,22,2,23.65,19.661008701434795
5,1,108,0,28.45,29.90770891645796
5,1,108,1,15.55,20.072172410159244
5,1,108,2,44.35,46.165919304863394
8,31,65,0,10.5,6.048053188292994
8,31,65,1,14.45,12.865600810320764
8,31,65,2,11.2,9.023944755336682
8,31,65,3,10.4,9.201830481514333
8,31,65,4,9.65,10.31746092796091
5,1,108,0,20.55,23.263875316396494
5,1,108,1,24.05,27.589996280116498
5,1,108,2,40.85,48.55412064468831
5,0,22,0,27.4,28.921672805955346
5,0,22,1,37.2,59.23779021430225
5,0,22,2,28.6,25.031348766149847
8,31,65,0,13.95,16.950314389259475
8,31,65,1,8.95,10.470384298984497
8,31,65,2,13.45,14.616051018261434
8,31,65,3,10.45,11.33914969428809
8,31,65,4,12.8,10.298696902751185
5,0,22,0,27.0,34.50858016875163
5,0,22,1,29.25,46.11070774148941
5,0,22,2,30.6,36.08090324461637
8,26,65,0,17.2,13.68672041759726
8,26,65,1,9.65,8.209590027586799
8,26,65,2,10.55,9.058145505565694
8,26,65,3,14.7,18.87939561922914
8,26,65,4,12.25,9.357659401457408
5,1,108,0,37.35,90.9263872302031
5,1,108,1,29.3,38.816843875063476
5,1,108,2,33.55,32.73735191682913
5,0,22,0,21.0,28.013154804578207
5,0,22,1,23.5,28.21440468234174
5,0,22,2,21.3,20.12356565663357
8,26,65,0,15.45,22.324107809130563
8,26,65,1,11.2,12.738668855517293
8,26,65,2,9.15,8.573367575168312
8,26,65,3,8.85,14.139437195678134
8,26,65,4,12.95,14.181065953550437
5,1,108,0,23.25,20.128207492027332
5,1,108,1,22.6,27.444489428663086
5,1,108,2,21.75,26.924602328099777
5,0,22,0,16.45,14.306696996419838
5,0,22,1,11.2,7.85794937760817
5,0,22,2,32.5,33.9930333419875
8,26,65,0,15.8,21.89111812200507
8,26,65,1,9.5,10.21093325287835
8,26,65,2,8.95,11.19903661270163
8,26,65,3,15.85,21.56575013644015
8,26,65,4,11.8,13.489176948088497
5,9,108,0,23.75,17.9527889638058
5,9,108,1,45.8,106.55347063922018
5,9,108,2,17.0,16.563010998406458
5,0,22,0,37.55,67.03296518171214
5,0,22,1,20.65,41.45165224311584
5,0,22,2,24.94736842105263,31.784821122686367
8,26,65,0,19.15,28.531192533233185
8,26,65,1,9.8,9.423375191511797
8,26,65,2,6.9,5.972745115148169
8,26,65,3,31.8,109.91795983703865
8,26,65,4,11.157894736842104,10.884561737181995
5,9,108,0,24.65,31.974126052827547
5,9,108,1,29.6,45.43404705261185
5,9,108,2,32.55,38.07537538260543
8,26,65,0,15.2,20.955089822610738
8,26,65,1,9.85,9.615092303249096
8,26,65,2,17.05,18.048108225692683
8,26,65,3,13.6,10.989947559857647
8,26,65,4,15.5,14.943754196107625
6,45,22,0,14.45,10.101980003939822
6,45,22,1,12.55,13.911279028562626
6,45,22,2,19.85,20.417420322645533
6,45,22,3,38.3,107.84155043395845
5,9,108,0,39.0,109.12426523536318
5,9,108,1,24.526315789473685,23.02261791527008
5,9,108,2,28.473684210526315,21.955430664701492
8,29,65,0,10.95,14.431234400278774
8,29,65,1,12.9,21.417897090738713
8,29,65,2,11.45,8.580731167471749
8,29,65,3,8.2,5.074186478742443
8,29,65,4,6.3,5.439620729812927
8,29,65,0,15.5,27.9877792879979
8,29,65,1,8.4,9.444575162494077
8,29,65,2,9.4,12.72957600484627
8,29,65,3,12.2,18.025128658567038
8,29,65,4,11.15,16.474142418379557
5,9,108,0,20.0,16.33852405883263
5,9,108,1,28.85,31.937892030759023
5,9,108,2,31.05,19.9722834263676
6,45,22,0,45.0,94.09345857905544
6,45,22,1,62.45,149.3355370686393
6,45,22,2,13.777777777777779,12.2788941615304
6,45,22,3,20.176470588235293,23.38331481558391
8,29,65,0,8.95,7.857112098367681
8,29,65,1,11.7,10.843868022260807
8,29,65,2,8.15,7.169195800161454
8,29,65,3,7.95,9.411499125509904
8,29,65,4,8.75,6.55242020373509
5,9,108,0,24.9,19.724150305226278
5,9,108,1,14.8,14.820327434411087
5,9,108,2,27.8,38.17356484049635
8,29,65,0,19.5,22.600652063252745
8,29,65,1,16.35,17.73273808524786
8,29,65,2,10.45,10.060213453840932
8,29,65,3,7.75,8.30899955976714
8,29,65,4,8.4,6.769902432632867
6,45,22,0,17.7,21.25806348560223
6,45,22,1,19.6,33.11606383932919
6,45,22,2,17.15,19.41316699128658
6,45,22,3,45.5,114.37127905940463
8,29,65,0,11.1,7.752079517271818
8,29,65,1,7.85,8.922325634992376
8,29,65,2,12.9,14.425489137013873
8,29,65,3,10.25,10.1040637994402
8,29,65,4,11.4,11.609433550713016
5,21,108,0,19.05,15.72619336949463
5,21,108,1,26.45,53.8775170373066
5,21,108,2,42.1,50.24455979978015
8,35,65,0,15.8,24.136890306835518
8,35,65,1,9.3,8.000657867687474
8,35,65,2,11.2,9.316651759081692
8,35,65,3,13.75,10.857328352194587
8,35,65,4,9.6,9.399888017250104
6,45,22,0,24.8,33.98079953211968
6,45,22,1,39.2,70.93184274914528
6,45,22,2,18.0,15.897699270814728
6,45,22,3,22.8,30.16027362712676
5,21,108,0,42.7,109.328620993869
5,21,108,1,15.842105263157896,17.680067740866757
5,21,108,2,23.68421052631579,21.450337038478615
8,35,65,0,15.45,13.38685529677684
8,35,65,1,8.5,6.645140686008243
8,35,65,2,12.4,16.48731569866267
8,35,65,3,13.1,12.510627061569863
8,35,65,4,10.3,13.97403607446776
5,21,108,0,24.0,26.65372492976505
5,21,108,1,27.15,34.376055007733754
5,21,108,2,30.45,37.328520209789076
6,45,22,0,26.05,38.99726711072538
6,45,22,1,20.2,24.04951033531496
6,45,22,2,45.05,110.15323059505025
6,45,22,3,15.421052631578947,24.980694300185057
8,35,65,0,13.5,11.659647010997059
8,35,65,1,13.9,21.282312893697974
8,35,65,2,17.65,15.758957352632986
8,35,65,3,8.95,9.621658681821636
8,35,65,4,10.25,11.039999046529324
5,21,108,0,20.85,19.293508589269358
5,21,108,1,27.75,31.872897247463538
5,21,108,2,31.2,32.73916052037601
8,35,65,0,9.4,11.77150886898666
8,35,65,1,15.8,24.78879203443193
8,35,65,2,8.5,7.7697117741027935
8,35,65,3,9.9,11.364302372827497
8,35,65,4,5.1,3.985500034665135
6,40,22,0,24.35,24.351105021938405
6,40,22,1,18.2,23.153037768179296
6,40,22,2,16.0,13.676718596905742
6,40,22,3,16.25,15.562691554517574
8,35,65,0,10.55,11.11885548824253
8,35,65,1,13.85,12.579327234960164
8,35,65,2,8.9,8.64443843112285
8,35,65,3,13.4,16.52876280911551
8,35,65,4,8.45,8.022829268636109
5,21,108,0,46.5,66.42011426478705
5,21,108,1,29.35,38.775025874639304
5,21,108,2,22.95,18.65891913155461
6,40,22,0,26.4,46.373086568555436
6,40,22,1,29.15,34.23337091509579
6,40,22,2,42.15,108.46404934354977
6,40,22,3,24.68421052631579,42.08332030571276
8,29,65,0,12.1,11.355035979919357
8,29,65,1,9.8,8.709341627180976
8,29,65,2,10.25,8.527818256185244
8,29,65,3,33.65,108.90665969680545
8,29,65,4,8.31578947368421,7.032090186968653
5,3,108,0,34.9,35.60144881735484
5,3,108,1,19.95,21.271366966689726
5,3,108,2,26.2,27.019680936212715
8,29,65,0,12.0,12.920811445921366
8,29,65,1,10.0,12.056882725341223
8,29,65,2,17.45,16.96893446395811
8,29,65,3,8.9,12.392272634695848
8,29,65,4,10.0,15.627236682017378
6,40,22,0,18.55,21.65148590986917
6,40,22,1,17.95,19.626713803814486
6,40,22,2,28.25,51.75130306012644
6,40,22,3,18.5,16.285285576734278
8,29,65,0,14.85,17.77424215572991
8,29,65,1,5.6,5.432843590025781
8,29,65,2,15.15,22.98575073479449
8,29,65,3,16.0,13.977425408587647
8,29,65,4,14.9,21.9830077919048
5,3,108,0,42.45,60.15372850149506
5,3,108,1,26.95,24.38825213305093
5,3,108,2,25.25,21.515905988972804
6,40,22,0,31.95,50.965907077285756
6,40,22,1,21.9,33.62001283696802
6,40,22,2,23.25,18.923321729103428
6,40,22,3,24.55,39.72865199668476
8,29,65,0,10.45,11.19903661270163
8,29,65,1,12.55,16.68114283602264
8,29,65,2,12.0,9.318911162960934
8,29,65,3,12.7,12.532484107100906
8,29,65,4,11.15,8.54877645908281
5,3,108,0,33.5,67.11694428776028
5,3,108,1,22.35,20.497175671938702
5,3,108,2,27.75,21.49387917769296
6,40,22,0,22.45,35.902609493197744
6,40,22,1,14.4,14.324803663575986
6,40,22,2,19.05,21.224303348557257
6,40,22,3,20.4,22.12024554922243
8,29,65,0,8.65,8.286164753116454
8,29,65,1,9.65,8.827439278212358
8,29,65,2,16.3,17.220245123263
8,29,65,3,32.25,109.43629485494722
8,29,65,4,7.368421052631579,6.676746765335724
8,47,65,0,10.0,9.475730773096632
8,47,65,1,12.65,12.823805987303459
8,47,65,2,11.0,17.991225931723378
8,47,65,3,6.15,6.853927034151566
8,47,65,4,8.05,6.0998274350051975
5,3,108,0,54.75,109.95256154121051
5,3,108,1,32.89473684210526,37.36887406034616
5,3,108,2,36.63157894736842,41.14501525946679
8,47,65,0,13.5,17.96927201758895
8,47,65,1,8.6,7.741888794426277
8,47,65,2,15.0,27.775415104198288
8,47,65,3,8.1,7.18111558552232
8,47,65,4,9.25,14.025822051150026
6,41,22,0,30.95,34.10274722688852
6,41,22,1,17.25,20.76655965729519
6,41,22,2,76.2,148.83958160594102
6,41,22,3,23.666666666666668,37.81378522366118
5,3,108,0,20.05,21.333134593372524
5,3,108,1,14.2,10.680035481904396
5,3,108,2,32.0,39.50083276936935
8,47,65,0,14.0,15.389675281277311
8,47,65,1,22.65,22.843345224652005
8,47,65,2,10.6,10.132802386828942
8,47,65,3,18.35,21.124381024877643
8,47,65,4,17.1,26.77764189138315
5,9,108,0,23.0,21.494185260204677
5,9,108,1,24.85,26.94492433406375
5,9,108,2,31.25,33.143825335871185
6,41,22,0,48.05,112.1702066645056
6,41,22,1,50.36842105263158,112.35371255613317
6,41,22,2,20.22222222222222,24.9718796097096
6,41,22,3,23.77777777777778,25.16897145659724
5,9,108,0,22.75,22.84933489761043
5,9,108,1,17.9,17.063041007424573
5,9,108,2,21.0,25.418600731706196
8,47,65,0,15.15,19.45920158474621
8,47,65,1,15.05,15.363918770938618
8,47,65,2,27.45,50.6478814437173
8,47,65,3,41.05,110.15753074096826
8,47,65,4,15.947368421052632,28.032666825629082
6,41,22,0,38.95,109.22284077686508
6,41,22,1,14.947368421052632,18.56063242520017
6,41,22,2,13.0,11.220021786471223
6,41,22,3,18.05263157894737,17.206180040292132
8,47,65,0,10.9,13.753085778146394
8,47,65,1,13.9,14.256669722587647
8,47,65,2,9.65,8.158140913093787
8,47,65,3,12.15,13.11196721360019
8,47,65,4,9.8,7.480500968307009
5,9,108,0,37.05,42.09947493109248
5,9,108,1,33.5,43.01713244988009
5,9,108,2,43.15,88.28916307106708
8,43,65,0,16.05,19.43809336545667
8,43,65,1,14.05,14.623251132501641
8,43,65,2,16.1,24.17022962240946
8,43,65,3,6.05,4.173538193503395
8,43,65,4,16.1,24.78730574943129
6,41,22,0,34.7,52.30286295877321
6,41,22,1,24.85,27.745601832590182
6,41,22,2,26.9,27.82823254027804
6,41,22,3,18.05,20.327515704995584
5,9,108,0,26.15,43.44660970359877
5,9,108,1,17.3,13.436399893768538
5,9,108,2,30.6,30.887572019554362
8,43,65,0,8.6,11.198684133226969
8,43,65,1,11.7,10.433246454433412
8,43,65,2,9.8,9.70946364175315
8,43,65,3,11.25,10.774604645329587
8,43,65,4,10.65,10.03821644883613
6,41,22,0,11.25,14.410796391302563
6,41,22,1,16.55,28.88721261443511
6,41,22,2,10.1,8.175058345196591
6,41,22,3,12.6,18.740330840195966
5,9,108,0,18.45,15.54441852783246
5,9,108,1,16.15,12.529018947606144
5,9,108,2,33.55,61.05344940468578
8,43,65,0,12.75,11.215004047679773
8,43,65,1,16.5,27.88038359624351
8,43,65,2,14.15,26.422229476830974
8,43,65,3,7.05,9.800510190801292
8,43,65,4,9.95,16.323941087604393
6,43,22,0,23.35,23.94791497352008
6,43,22,1,12.2,10.51114696530858
6,43,22,2,15.75,17.31404966463576
6,43,22,3,36.7,108.53090755511464
8,43,65,0,10.2,8.666936567997034
8,43,65,1,8.65,7.457070117468528
8,43,65,2,9.9,10.376593092654561
8,43,65,3,7.5,7.810249675906654
8,43,65,4,6.2,4.250077398676034
5,2,108,0,45.55,108.56212143527002
5,2,108,1,26.157894736842106,23.80070764096157
5,2,108,2,22.842105263157894,19.77726853934064
5,2,108,0,21.8,19.43030730856471
5,2,108,1,16.45,21.656347070109785
5,2,108,2,26.5,26.330890404118204
6,43,22,0,24.55,26.731560294705464
6,43,22,1,25.5,25.670995305986875
6,43,22,2,25.35,22.91925184780598
6,43,22,3,22.6,22.488359561992812
8,43,65,0,11.3,17.50218031530568
8,43,65,1,11.0,15.362291495737216
8,43,65,2,10.95,12.14159878486485
8,43,65,3,44.1,108.55117638578055
8,43,65,4,11.894736842105264,11.391491643825448
5,2,108,0,22.75,17.423139483849752
5,2,108,1,16.4,18.36873774421611
5,2,108,2,30.1,28.436262986397825
8,46,65,0,14.15,13.685470589758976
8,46,65,1,11.0,8.735890880367279
8,46,65,2,9.4,9.810842551939531
8,46,65,3,12.0,14.253346790731014
8,46,65,4,13.25,11.42884163214416
6,43,22,0,30.0,36.37813108245985
6,43,22,1,15.5,19.30775682683544
6,43,22,2,20.9,31.49920633920798
6,43,22,3,23.85,33.25543089798306
8,46,65,0,12.6,11.127963827554815
8,46,65,1,8.0,8.085073967047647
8,46,65,2,11.8,12.816929593725883
8,46,65,3,8.75,6.881516050834637
8,46,65,4,10.0,10.372027158102753
5,2,108,0,26.5,22.779261112733778
5,2,108,1,21.85,21.039499193559465
5,2,108,2,17.3,23.23586157554513
6,43,22,0,25.3,33.79676097840707
6,43,22,1,13.55,15.496943671508093
6,43,22,2,30.45,39.65306784441381
6,43,22,3,29.4,45.22505127866517
8,46,65,0,8.2,7.944544636018116
8,46,65,1,11.1,10.671654535558945
8,46,65,2,9.25,8.058176625410725
8,46,65,3,13.85,12.040611105316609
8,46,65,4,14.45,14.36910062013552
8,46,65,0,10.45,14.525748463368508
8,46,65,1,10.45,12.102522573066285
8,46,65,2,13.85,14.694341911447628
8,46,65,3,8.95,9.928560610152596
8,46,65,4,15.0,21.74009151193638
5,2,108,0,38.65,25.052103599036194
5,2,108,1,31.75,32.62203807889772
5,2,108,2,50.95,65.30533547961655
6,43,22,0,18.4,14.759118501704918
6,43,22,1,15.55,18.10052340039981
6,43,22,2,21.15,16.03048083463106
6,43,22,3,47.75,107.22523023990202
8,46,65,0,15.4,13.437574969191115
8,46,65,1,11.25,10.192231303663021
8,46,65,2,12.45,9.870077054037196
8,46,65,3,11.3,10.824436292603488
8,46,65,4,9.55,8.375873874282895
5,14,108,0,15.6,13.204464954584193
5,14,108,1,17.35,19.921622740920952
5,14,108,2,26.75,24.603968443279523
8,35,65,0,12.3,11.553536710735626
8,35,65,1,14.15,14.517774949133363
8,35,65,2,8.1,7.040484433093477
8,35,65,3,9.5,9.73058120187668
8,35,65,4,12.7,16.61989929667382
6,25,22,0,20.3,17.767800562875117
6,25,22,1,16.8,12.734536546440612
6,25,22,2,43.6,108.77422295262498
6,25,22,3,11.368421052631579,10.499791142450773
5,14,108,0,28.1,29.97525295095413
5,14,108,1,17.15,16.658410235642158
5,14,108,2,28.15,25.57604759391716
8,35,65,0,14.4,14.844456700628761
8,35,65,1,12.3,11.411443932806177
8,35,65,2,9.8,12.194045138595529
8,35,65,3,9.55,9.422677013739946
8,35,65,4,10.6,9.450146197699521
6,25,22,0,15.65,17.499699245535922
6,25,22,1,16.85,21.663150861847356
6,25,22,2,16.65,22.813373270956667
6,25,22,3,13.35,13.87642832856837
5,14,108,0,32.7,46.67930906447568
5,14,108,1,33.6,38.84029378174979
5,14,108,2,23.0,20.40123835250668
8,35,65,0,14.75,15.175725075888382
8,35,65,1,10.65,8.132294296587881
8,35,65,2,10.1,8.777363229532996
8,35,65,3,14.85,18.091216246100146
8,35,65,4,7.75,6.264982043070834
6,25,22,0,14.25,16.666622806959833
6,25,22,1,13.2,14.695505936742773
6,25,22,2,36.1,109.32563622884665
6,25,22,3,21.0,33.62538723444931
8,35,65,0,11.2,17.638474692378708
8,35,65,1,9.5,8.642002691871589
8,35,65,2,8.3,5.777451632720178
8,35,65,3,12.45,12.407446830113972
8,35,65,4,11.55,7.84370347543342
5,14,108,0,28.75,28.864246687590953
5,14,108,1,34.0,50.79266420303335
5,14,108,2,33.35,27.75887719555484
8,35,65,0,11.35,11.259031462505297
8,35,65,1,11.75,8.49690346073513
8,35,65,2,8.15,6.945464252604754
8,35,65,3,12.4,13.080318682742606
8,35,65,4,11.15,9.631499855873134
6,25,22,0,39.7,110.21037299541939
6,25,22,1,15.578947368421053,16.75747193036814
6,25,22,2,27.842105263157894,37.03491319446607
6,25,22,3,17.05263157894737,20.99066904923478
5,14,108,0,25.55,31.03050282001821
5,14,108,1,18.7,31.24453636448425
5,14,108,2,21.5,18.394793313669812
8,27,65,0,8.15,10.240656845709603
8,27,65,1,8.65,6.9302920117712965
8,27,65,2,8.95,10.980724738808165
8,27,65,3,7.6,5.985948458462403
8,27,65,4,6.95,4.871776937249466
8,27,65,0,10.75,11.419627609376855
8,27,65,1,10.4,10.565086494278168
8,27,65,2,6.75,5.260328186679891
8,27,65,3,8.8,9.578484662046112
8,27,65,4,6.85,8.707377392339877
6,25,22,0,22.3,20.71383976704312
6,25,22,1,13.45,18.05102417272246
6,25,22,2,27.3,40.53211851826829
6,25,22,3,20.25,24.954432155641737
5,11,108,0,28.15,23.51992436436102
5,11,108,1,34.9,28.824149231978527
5,11,108,2,29.4,20.535976134322755
8,27,65,0,10.35,7.04328721101462
8,27,65,1,10.45,8.77481443798401
8,27,65,2,12.2,17.043597346989745
8,27,65,3,9.8,6.716828825694772
8,27,65,4,8.95,9.12760417057712
6,44,22,0,9.85,9.42155982169005
6,44,22,1,13.9,10.072892230870776
6,44,22,2,15.4,22.93331293348746
6,44,22,3,14.85,17.61959136870092
5,11,108,0,26.9,38.60992509432612
5,11,108,1,19.0,24.91247837826193
5,11,108,2,25.05,19.04420066443768
8,27,65,0,15.1,15.910605532821577
8,27,65,1,7.65,9.326109359720894
8,27,65,2,10.9,9.284395510748128
8,27,65,3,8.9,7.283001116514942
8,27,65,4,11.05,11.900796081288892
8,27,65,0,10.45,11.180222199091244
8,27,65,1,9.3,11.765695004859188
8,27,65,2,9.55,8.488227141164401
8,27,65,3,10.2,9.248612982780887
8,27,65,4,6.35,5.489463591856292
6,44,22,0,21.75,19.78004044485248
6,44,22,1,17.2,19.935686066633586
6,44,22,2,20.75,19.485149540908814
6,44,22,3,43.05,104.70433309286227
5,11,108,0,29.65,26.469992941362666
5,11,108,1,33.6,38.44805107647132
5,11,108,2,20.45,14.637640735985748
8,35,65,0,6.6,6.746539073753609
8,35,65,1,12.05,9.659873596209055
8,35,65,2,9.2,7.763612832343349
8,35,65,3,8.55,6.89374239513824
8,35,65,4,10.15,11.49038499652736
8,35,65,0,12.6,13.019822943254036
8,35,65,1,10.85,15.287679938261947
8,35,65,2,16.65,19.040883990978326
8,35,65,3,9.3,10.084380835832475
8,35,65,4,8.1,7.283001116514941
6,44,22,0,24.1,24.78093494689224
6,44,22,1,16.75,16.016028156029723
6,44,22,2,47.35,111.32279995344028
6,44,22,3,15.368421052631579,10.863857133305165
5,11,108,0,51.65,70.73841731485464
5,11,108,1,30.25,35.82688640495688
5,11,108,2,48.55,67.15768953111694
8,35,65,0,14.1,10.386732427780922
8,35,65,1,14.9,17.17985356227033
8,35,65,2,10.15,9.258140088308064
8,35,65,3,13.95,30.14958322134906
8,35,65,4,8.2,8.389216135517135
6,44,22,0,20.55,20.02229021024213
6,44,22,1,21.35,25.713553665436116
6,44,22,2,17.9,15.334515591340098
6,44,22,3,22.9,22.54796057996797
5,11,108,0,16.7,23.68454970517367
5,11,108,1,18.45,14.365437322743926
5,11,108,2,26.55,29.016283994372976
8,35,65,0,16.85,19.786425437126017
8,35,65,1,11.05,9.676205215290809
8,35,65,2,8.5,6.378417556597858
8,35,65,3,14.55,30.467368221029357
8,35,65,4,12.85,12.778579939224777
5,15,108,0,31.8,35.26531022496694
5,15,108,1,15.05,18.844167043914343
5,15,108,2,18.9,30.719272195325953
6,44,22,0,23.3,22.578751072634642
6,44,22,1,20.85,20.66340523218459
6,44,22,2,26.65,28.89959934160443
6,44,22,3,15.45,16.39471994592354
8,35,65,0,15.2,13.73662028455709
8,35,65,1,7.8,5.317300462690285
8,35,65,2,10.9,9.925512050956575
8,35,65,3,9.5,10.475535409002404
8,35,65,4,10.35,10.358190250384373
8,46,65,0,15.35,16.109085373755626
8,46,65,1,15.95,19.861295341230363
8,46,65,2,14.9,15.814383859072894
8,46,65,3,11.65,15.2221272460434
8,46,65,4,7.75,7.297259759663211
6,34,22,0,18.9,21.18316113778757
6,34,22,1,20.25,17.70184349602873
6,34,22,2,17.9,15.200069251919805
6,34,22,3,36.0,65.34523701081817
5,15,108,0,44.05,53.39867433797052
5,15,108,1,27.85,33.697219938430344
5,15,108,2,34.8,38.07554816967253
8,46,65,0,11.05,9.594269122762817
8,46,65,1,9.65,9.42155982169005
8,46,65,2,8.65,5.546691759389935
8,46,65,3,7.45,5.404432878373282
8,46,65,4,9.95,11.080922439276577
5,15,108,0,32.05,37.391914408838375
5,15,108,1,23.3,24.37233116293535
5,15,108,2,24.35,28.266169103532118
6,34,22,0,18.35,25.52248750457237
6,34,22,1,19.25,28.561798189005426
6,34,22,2,53.1,111.22424006909361
6,34,22,3,11.789473684210526,11.13841674051479
8,46,65,0,12.1,13.30176086483527
8,46,65,1,8.5,6.92440383145384
8,46,65,2,12.2,14.59848586236546
8,46,65,3,14.05,15.188205257612514
8,46,65,4,12.6,16.307570085860835
5,15,108,0,35.3,34.72159952658015
5,15,108,1,15.1,13.086352875379271
5,15,108,2,36.05,46.49784941263413
8,46,65,0,16.1,19.158342967573105
8,46,65,1,11.6,8.087677436433124
8,46,65,2,17.9,17.651300831741313
8,46,65,3,10.5,6.755115021031724
8,46,65,4,15.55,15.909199589512586
6,34,22,0,19.7,15.937707686985275
6,34,22,1,22.4,32.33280882193487
6,34,22,2,16.7,15.73497612594981
6,34,22,3,32.35,53.44379733593235
8,46,65,0,11.65,14.747970422364814
8,46,65,1,16.6,24.68624164014825
8,46,65,2,10.3,7.108926930645944
8,46,65,3,7.0,5.1196216965503885
8,46,65,4,11.55,11.038091940376766
5,15,108,0,18.15,13.25965388132856
5,15,108,1,17.1,15.522140384150092
5,15,108,2,64.4,122.91306298612683
6,34,22,0,28.8,31.67366496999643
6,34,22,1,26.2,25.791879587024653
6,34,22,2,19.5,13.789775006752
6,34,22,3,20.5,17.034021684172007
8,25,65,0,13.2,12.037660202792514
8,25,65,1,10.95,10.14876191567487
8,25,65,2,13.85,16.461358260771608
8,25,65,3,9.2,8.679073440723593
8,25,65,4,6.35,6.268341508178849
8,25,65,0,12.4,14.26589602771884
8,25,65,1,14.35,14.561213801342975
8,25,65,2,13.35,22.45996438109375
8,25,65,3,10.35,9.587683985745793
8,25,65,4,10.9,11.946811950870979
6,24,108,0,27.3,29.0264851834538
6,24,108,1,26.8,29.729659123154228
6,24,108,2,19.85,18.765239420969714
6,24,108,3,25.8,38.60815294318301
6,34,22,0,22.1,20.748874414620285
6,34,22,1,31.3,41.65914318041497
6,34,22,2,14.65,12.140731791002247
6,34,22,3,33.25,40.964522519653
8,25,65,0,33.25,110.15151048967915
8,25,65,1,11.473684210526315,8.675434161742963
8,25,65,2,16.05263157894737,21.337170707504065
8,25,65,3,12.421052631578947,14.438820317593215
8,25,65,4,7.578947368421052,8.002192681965251
6,24,108,0,23.45,21.888413180926282
6,24,108,1,18.25,17.740453325958903
6,24,108,2,18.35,26.00865240645889
6,24,108,3,14.75,11.964310963950464
8,25,65,0,11.1,7.559587847300449
8,25,65,1,12.7,11.51246464078232
8,25,65,2,5.5,5.7077970679081655
8,25,65,3,9.0,9.851529403039274
8,25,65,4,8.75,8.239027791394347
6,26,22,0,20.75,19.39580801155375
6,26,22,1,19.0,25.706849384223613
6,26,22,2,46.2,112.90126100643032
6,26,22,3,17.57894736842105,31.095401213172778
8,25,65,0,11.85,11.27304656902332
8,25,65,1,11.25,11.94229546831896
8,25,65,2,11.25,20.983389420657176
8,25,65,3,12.55,13.172838881977048
8,25,65,4,11.2,17.816609636722934
6,24,108,0,22.95,21.37010947438895
6,24,108,1,34.65,37.64833818936837
6,24,108,2,23.45,24.962023787724974
6,24,108,3,38.4,61.09905675902129
6,26,22,0,10.75,10.171554763937982
6,26,22,1,49.2,109.31345561708024
6,26,22,2,20.05263157894737,18.050773095818503
6,26,22,3,17.842105263157894,20.276596136363544
9,10,65,0,12.65,10.897971805509695
9,10,65,1,15.3,19.21649510734271
9,10,65,2,12.7,15.269853340901202
9,10,65,3,8.65,8.343134587002783
9,10,65,4,15.75,13.82931668593933
6,24,108,0,25.25,23.75948564036555
6,24,108,1,38.1,65.56065893506562
6,24,108,2,16.2,25.899806949087477
6,24,108,3,17.6,19.43518242233588
6,26,22,0,17.4,17.84848511926521
6,26,22,1,13.95,11.114120937371805
6,26,22,2,19.2,22.115962323030036
6,26,22,3,22.6,21.047315118185757
9,10,65,0,9.15,6.990783406141185
9,10,65,1,12.75,15.426822164829124
9,10,65,2,10.1,7.718058114100437
9,10,65,3,5.7,4.341961720115386
9,10,65,4,13.9,14.040917648823834
9,10,65,0,10.65,11.703688127657609
9,10,65,1,9.75,11.906986007780208
9,10,65,2,17.55,32.55194229794009
9,10,65,3,8.6,10.762508023103557
9,10,65,4,14.15,18.759629106422288
6,26,22,0,22.7,16.371027039125845
6,26,22,1,24.55,21.24908666767883
6,26,22,2,26.3,24.785607028868057
6,26,22,3,27.85,27.087140083344657
6,24,108,0,47.3,88.21510790764752
6,24,108,1,25.75,26.319644454485445
6,24,108,2,25.473684210526315,31.535462262617283
6,24,108,3,17.42105263157895,12.80327991602883
9,10,65,0,15.95,16.200958386206015
9,10,65,1,8.85,8.880937598676107
9,10,65,2,19.6,23.423784583421323
9,10,65,3,11.15,9.08019823572151
9,10,65,4,10.85,12.803268497166115
9,10,65,0,8.95,8.586862670749765
9,10,65,1,10.25,9.978265855031335
9,10,65,2,15.25,14.639078918393308
9,10,65,3,9.25,8.346918750747424
9,10,65,4,7.1,8.129866963370635
6,29,108,0,33.35,25.664382445634445
6,29,108,1,22.5,24.280163009944424
6,29,108,2,25.7,54.927799499841036
6,29,108,3,21.95,21.49534833400008
6,26,22,0,31.1,46.04334342425852
6,26,22,1,27.1,69.34649841271917
6,26,22,2,42.2,109.12214305659121
6,26,22,3,17.105263157894736,21.956762402610234
9,6,65,0,18.2,29.396741674080676
9,6,65,1,12.0,7.745966692414833
9,6,65,2,8.55,9.190813491284596
9,6,65,3,10.6,11.636602868354212
9,6,65,4,9.9,9.083820202628639
6,40,22,0,20.15,22.669884962445803
6,40,22,1,37.6,109.64363326609289
6,40,22,2,15.894736842105264,19.952428804651287
6,40,22,3,9.578947368421053,10.626569371541649
6,29,108,0,30.65,33.00283081957157
6,29,108,1,24.8,30.254360277313314
6,29,108,2,34.55,50.87391535116886
6,29,108,3,23.95,23.070772122228366
9,6,65,0,16.75,17.858729252842036
9,6,65,1,9.15,11.160432928784381
9,6,65,2,10.9,13.470826177140616
9,6,65,3,19.05,19.83212439187332
9,6,65,4,14.0,11.616684915286832
6,40,22,0,16.85,27.12985343433357
6,40,22,1,12.7,10.858418999002328
6,40,22,2,18.55,20.86415964985738
6,40,22,3,17.0,27.42645668539393
9,6,65,0,8.8,6.947926612344601
9,6,65,1,13.75,19.0839557854511
9,6,65,2,12.0,12.01753105390533
9,6,65,3,12.15,9.943392410620179
9,6,65,4,12.3,9.364546803882464
6,29,108,0,22.9,14.76803090605194
6,29,108,1,21.7,21.059064806546274
6,29,108,2,23.65,25.108763410411115
6,29,108,3,29.2,49.32555652312287
9,6,65,0,10.9,9.26737344269215
9,6,65,1,5.85,4.029823033857756
9,6,65,2,11.3,9.079183826058838
9,6,65,3,11.95,17.05247319614557
9,6,65,4,12.35,9.297849213662266
6,40,22,0,31.4,36.407633670340125
6,40,22,1,21.6,26.800235662750193
6,40,22,2,31.6,34.57623156842984
6,40,22,3,14.55,13.620707918846447
6,29,108,0,22.65,18.22166148759276
6,29,108,1,14.15,13.616070226796445
6,29,108,2,21.05,31.578598682285474
6,29,108,3,18.85,19.918980633397993
9,6,65,0,18.6,18.619175175354208
9,6,65,1,10.35,9.09757052589779
9,6,65,2,11.6,13.060184571920551
9,6,65,3,11.75,16.533458898787472
9,6,65,4,12.55,12.14159878486485
9,9,65,0,13.9,18.614934581504286
9,9,65,1,12.7,26.193812045475248
9,9,65,2,9.0,9.846185475657698
9,9,65,3,9.4,9.82692327499465
9,9,65,4,12.3,13.02669324280361
6,29,108,0,27.9,32.18679036008733
6,29,108,1,42.3,107.5776830701277
6,29,108,2,20.210526315789473,17.640165492321525
6,29,108,3,20.94736842105263,17.636684256938644
6,40,22,0,30.15,28.72423330477889
6,40,22,1,36.4,45.673209929488834
6,40,22,2,23.75,29.1924197082231
6,40,22,3,50.1,76.01793417207202
9,9,65,0,11.5,12.642867762622448
9,9,65,1,6.6,5.789282293487183
9,9,65,2,7.65,8.18390590057545
9,9,65,3,5.55,5.155222186237339
9,9,65,4,11.8,11.321149281439212
9,9,65,0,14.05,14.409335424245667
9,9,65,1,11.0,10.701696864959018
9,9,65,2,18.2,19.877519701252574
9,9,65,3,8.7,8.724436341316512
9,9,65,4,12.15,11.12737260329821
6,40,22,0,26.2,51.18243942274691
6,40,22,1,25.45,57.46987769349491
6,40,22,2,20.0,18.844392033470093
6,40,22,3,21.05263157894737,31.570861537905706
6,35,108,0,30.6,29.78413565712635
6,35,108,1,40.65,40.44655342807996
6,35,108,2,24.6,29.71868099361074
6,35,108,3,18.45,15.669195391293272
9,9,65,0,14.55,15.541032276220466
9,9,65,1,9.85,9.620564596628139
9,9,65,2,11.35,15.21866928272121
9,9,65,3,8.95,15.77965045306938
9,9,65,4,20.1,19.769460765214827
6,44,22,0,24.3,29.127848855474525
6,44,22,1,22.65,27.93088273804313
6,44,22,2,26.7,21.064062686056204
6,44,22,3,24.8,53.18745400146443
6,35,108,0,21.45,12.75054178415465
6,35,108,1,21.7,23.693436799426568
6,35,108,2,23.7,25.449847481706158
6,35,108,3,26.55,21.984384410183896
9,9,65,0,11.35,15.482672827865892
9,9,65,1,30.65,42.406894921016146
9,9,65,2,15.1,13.31362578634939
9,9,65,3,15.55,16.18795848771549
9,9,65,4,17.2,22.744808545896216
6,44,22,0,19.05,27.120539895262525
6,44,22,1,17.55,16.65904211563577
6,44,22,2,21.9,22.66437036872029
6,44,22,3,18.1,15.576297783221113
6,35,108,0,24.65,23.888501968850818
6,35,108,1,40.7,52.77668943168396
6,35,108,2,27.35,46.03576984544906
6,35,108,3,21.0,17.82665065805157
9,18,65,0,15.15,13.417486626355215
9,18,65,1,12.5,11.632531516126841
9,18,65,2,14.25,23.13092029479611
9,18,65,3,18.0,27.92659551112712
9,18,65,4,8.75,7.986007499963525
6,44,22,0,18.25,15.03285874693377
6,44,22,1,29.65,30.941838478362154
6,44,22,2,21.55,26.939454532828158
6,44,22,3,16.35,12.092951405021461
9,18,65,0,13.45,12.223682794175884
9,18,65,1,11.05,8.325452413817333
9,18,65,2,13.35,13.075791210839736
9,18,65,3,15.6,17.99824552853036
9,18,65,4,16.45,18.340277791617122
6,35,108,0,29.35,44.30192463444212
6,35,108,1,19.6,25.249075022140598
6,35,108,2,21.75,24.950213584150678
6,35,108,3,25.55,32.88492695829856
6,44,22,0,27.45,23.67426984368428
6,44,22,1,14.9,15.457582026476947
6,44,22,2,11.75,13.980719806783537
6,44,22,3,15.65,19.7411539149751
9,18,65,0,11.8,13.73278827056656
9,18,65,1,9.1,10.300229941224869
9,18,65,2,12.6,16.73445861876499
9,18,65,3,12.05,10.081118359012608
9,18,65,4,11.8,10.349675814907643
6,44,22,0,17.25,17.570534545383822
6,44,22,1,17.35,15.270456512667302
6,44,22,2,14.15,11.6901893190739
6,44,22,3,14.25,15.057346519573969
6,35,108,0,29.65,33.06974288888321
6,35,108,1,37.15,52.29498818695424
6,35,108,2,22.4,31.153947118344917
6,35,108,3,22.9,19.180307884033454
9,18,65,0,11.75,14.282396231209354
9,18,65,1,14.4,13.168543059723406
9,18,65,2,12.6,9.816205719973583
9,18,65,3,12.25,10.696162617352174
9,18,65,4,12.8,10.400404850419601
9,18,65,0,10.65,9.482809932215574
9,18,65,1,12.6,10.922694867014034
9,18,65,2,11.0,7.283723744002608
9,18,65,3,9.9,7.188441013914374
9,18,65,4,17.15,18.60751121682345
6,26,22,0,22.3,15.878154473164827
6,26,22,1,52.7,106.64308401589412
6,26,22,2,19.157894736842106,19.20434892267529
6,26,22,3,10.210526315789474,11.92373425552965
6,26,108,0,33.35,41.17264677070522
6,26,108,1,19.9,16.06532716262278
6,26,108,2,21.15,17.10424693337578
6,26,108,3,17.9,15.039946808416579
9,0,65,0,15.1,9.694816846346841
9,0,65,1,10.5,11.057267198306137
9,0,65,2,10.8,15.510946898375048
9,0,65,3,9.6,8.659646279393318
9,0,65,4,11.75,9.1183735853553
9,0,65,0,10.8,7.750042444705503
9,0,65,1,12.9,15.158461246723595
9,0,65,2,15.4,12.754359419842546
9,0,65,3,9.25,7.893201605112298
9,0,65,4,17.8,22.054000711173043
6,26,108,0,20.3,17.177402536318958
6,26,108,1,30.35,67.95917892382161
6,26,108,2,18.6,16.531946744346072
6,26,108,3,41.3,109.22121444211527
6,26,22,0,64.65,149.59745107594935
6,26,22,1,44.05555555555556,112.41858346597652
6,26,22,2,23.764705882352942,22.356568978056277
6,26,22,3,14.058823529411764,16.349581753959693
9,0,65,0,10.45,11.142498066317746
9,0,65,1,7.3,4.96408151254166
9,0,65,2,12.05,10.684346641601195
9,0,65,3,14.95,29.67450615915071
9,0,65,4,10.9,9.983670878515893
6,26,22,0,16.8,13.145341380123986
6,26,22,1,21.2,19.206906652501193
6,26,22,2,43.35,108.03278011301647
6,26,22,3,19.894736842105264,17.15256617290222
6,26,108,0,24.9,20.63186090032904
6,26,108,1,46.65,109.1976840895736
6,26,108,2,40.73684210526316,52.51649699037771
6,26,108,3,24.473684210526315,22.334249784810154
9,0,65,0,14.65,22.38720264135881
9,0,65,1,11.3,10.032053890562885
9,0,65,2,11.55,10.318481120377115
9,0,65,3,35.25,109.2105041217479
9,0,65,4,11.894736842105264,9.532953004313834
6,26,22,0,18.65,21.443377090669085
6,26,22,1,32.2,46.3778531538265
6,26,22,2,26.15,23.95890121371222
6,26,22,3,18.4,26.42845356608549
6,26,108,0,26.5,26.252819397462616
6,26,108,1,22.6,20.428050889840048
6,26,108,2,28.05,33.83158754462276
6,26,108,3,19.45,18.018922802081384
9,0,65,0,36.3,109.840123049726
9,0,65,1,8.736842105263158,7.400015805262084
9,0,65,2,14.68421052631579,15.19156429506172
9,0,65,3,10.157894736842104,8.301694324351551
9,0,65,4,17.0,16.445195178058682
6,26,22,0,25.4,29.313909039189824
6,26,22,1,17.25,16.431276338290434
6,26,22,2,41.05,108.46123488917232
6,26,22,3,17.789473684210527,17.558090719312347
9,2,65,0,18.9,17.23796300091901
9,2,65,1,12.95,12.17622791819328
9,2,65,2,11.05,8.64185043537369
9,2,65,3,13.55,12.111217071267793
9,2,65,4,22.6,40.23797630152523
6,26,108,0,46.95,73.14907273578568
6,26,108,1,32.0,32.97846187086992
6,26,108,2,28.85,40.3514494619984
6,26,108,3,25.35,30.039053527734612
9,2,65,0,20.65,19.07402477330444
9,2,65,1,14.55,12.75054178415465
9,2,65,2,13.45,15.742918207378533
9,2,65,3,9.55,10.318481120377115
9,2,65,4,16.6,29.69387673897556
6,43,22,0,28.45,25.178259209923652
6,43,22,1,20.9,24.417207047490095
6,43,22,2,39.5,108.59897256468527
6,43,22,3,18.36842105263158,20.385753539381884
6,39,108,0,30.85,45.06168287090369
6,39,108,1,16.45,16.791210106544
6,39,108,2,19.15,26.02685859686206
6,39,108,3,17.3,16.322731969476447
9,2,65,0,12.4,11.245583928580002
9,2,65,1,10.5,8.217439734459491
9,2,65,2,9.95,11.686587003461435
9,2,65,3,10.95,10.215957589657673
9,2,65,4,15.05,17.318912692259445
6,43,22,0,17.35,18.02709948354071
6,43,22,1,16.2,17.548729148768636
6,43,22,2,14.2,11.062501858459553
6,43,22,3,13.85,17.418305555393516
9,2,65,0,13.05,18.207791854327816
9,2,65,1,14.25,12.56928168612921
9,2,65,2,16.6,23.079724526313704
9,2,65,3,14.6,13.678257814579503
9,2,65,4,13.6,13.76647338550016
6,39,108,0,25.8,30.49521101315487
6,39,108,1,27.6,25.946097972527586
6,39,108,2,22.8,24.027615690897704
6,39,108,3,18.1,15.203531445721833
6,43,22,0,19.6,15.961796495646128
6,43,22,1,17.5,15.849622276754403
6,43,22,2,23.25,24.618937939382317
6,43,22,3,16.35,14.629728205555326
9,2,65,0,20.8,53.10823109957924
9,2,65,1,10.85,9.669675877657294
9,2,65,2,16.8,20.636197120083615
9,2,65,3,11.75,12.370912403061082
9,2,65,4,9.45,6.508900788434573
6,43,22,0,18.4,39.441362205577775
6,43,22,1,19.45,27.538442030617567
6,43,22,2,37.1,109.40889023821553
6,43,22,3,14.789473684210526,12.98109286346202
6,39,108,0,50.2,108.77625514886293
6,39,108,1,15.736842105263158,14.168988457830313
6,39,108,2,27.57894736842105,22.571653288222876
6,39,108,3,24.105263157894736,22.243337921079764
9,23,65,0,11.45,13.570381835375699
9,23,65,1,11.55,10.999880382124736
9,23,65,2,10.95,14.823434505077284
9,23,65,3,10.1,13.49424828740398
9,23,65,4,8.25,8.819088149546623
9,23,65,0,12.4,14.368825905227498
9,23,65,1,9.7,9.819958194787207
9,23,65,2,12.7,8.411145488044577
9,23,65,3,12.15,14.03482510719224
9,23,65,4,9.6,9.241781555294924
6,43,22,0,21.65,19.65565406803104
6,43,22,1,18.25,20.652194989751983
6,43,22,2,18.3,15.620836287337164
6,43,22,3,35.4,107.77334891726295
6,39,108,0,32.65,31.56326145511915
6,39,108,1,26.7,32.93550316028362
6,39,108,2,26.45,23.266137580069813
6,39,108,3,24.6,34.62034692276539
9,23,65,0,17.8,17.160542256185142
9,23,65,1,9.85,13.619935079836006
9,23,65,2,12.55,11.099905167921126
9,23,65,3,8.65,7.110222440816795
9,23,65,4,12.1,14.692998690747775
9,23,65,0,9.35,7.617673356637251
9,23,65,1,10.1,8.271065609447762
9,23,65,2,9.75,11.087570091156845
9,23,65,3,9.3,9.776986943031607
9,23,65,4,5.25,5.664989431866391
6,34,22,0,19.15,26.103589186566904
6,34,22,1,49.4,108.30823460942631
6,34,22,2,21.105263157894736,21.18934411664427
6,34,22,3,13.157894736842104,14.67145057546472
6,39,108,0,42.7,108.48919422300958
6,39,108,1,23.94736842105263,21.2458458271795
6,39,108,2,18.526315789473685,17.305645902911543
6,39,108,3,26.05263157894737,32.325555222885754
9,23,65,0,15.8,26.06590836605102
9,23,65,1,25.2,83.51589826588645
9,23,65,2,8.578947368421053,8.732543154289043
9,23,65,3,7.0,6.1373175465073215
9,23,65,4,9.631578947368421,14.39602771722421
6,34,22,0,40.95,109.47985875805746
6,34,22,1,18.263157894736842,13.126910888464362
6,34,22,2,17.894736842105264,21.41623147895619
6,34,22,3,13.578947368421053,10.647460779577052
6,37,108,0,23.35,23.436981573213686
6,37,108,1,24.95,30.325384537849168
6,37,108,2,38.75,108.72847639393908
6,37,108,3,12.947368421052632,14.85288480849774
9,17,65,0,17.2,13.73278827056656
9,17,65,1,9.2,12.015779099518312
9,17,65,2,12.2,13.276810016360342
9,17,65,3,14.6,14.950444457396049
9,17,65,4,12.45,7.877182237323193
6,34,22,0,11.25,11.42884163214416
6,34,22,1,14.8,22.691524037796466
6,34,22,2,15.85,17.95102987809364
6,34,22,3,11.15,9.980375480754324
9,17,65,0,10.75,8.87856674066378
9,17,65,1,11.65,13.231839590448805
9,17,65,2,10.45,13.084643469993447
9,17,65,3,10.3,9.285529205789993
9,17,65,4,7.4,6.92364370149585
6,37,108,0,23.55,34.187524656009586
6,37,108,1,21.55,24.19759666186967
6,37,108,2,27.95,39.80409262216241
6,37,108,3,25.15,28.95054767230347
6,34,22,0,13.8,12.314304903775847
6,34,22,1,26.0,57.054913529815614
6,34,22,2,43.65,108.3834688307653
6,34,22,3,16.31578947368421,14.01210838120194
9,17,65,0,13.25,8.200609733428363
9,17,65,1,11.3,11.978489492682947
9,17,65,2,11.45,13.24853517225683
9,17,65,3,10.55,7.437281619969547
9,17,65,4,12.4,11.146866446627381
9,17,65,0,16.95,21.813745063244195
9,17,65,1,10.55,10.898937659481458
9,17,65,2,10.8,8.153785042930418
9,17,65,3,14.55,10.51052104472366
9,17,65,4,13.45,13.196789880796569
6,34,22,0,24.75,28.61886569527539
6,34,22,1,17.6,15.530614926653742
6,34,22,2,12.95,11.038091940376766
6,34,22,3,16.35,15.83226219830222
6,37,108,0,52.9,52.63068946616803
6,37,108,1,31.7,43.715708365469006
6,37,108,2,22.6,29.025215897469856
6,37,108,3,17.85,16.843786922623337
6,46,22,0,16.75,12.76044463835101
6,46,22,1,19.0,20.308152368730614
6,46,22,2,14.1,17.103092979741536
6,46,22,3,15.6,12.659092841864593
9,17,65,0,12.2,11.28855964892636
9,17,65,1,34.5,109.61439590434135
9,17,65,2,10.526315789473685,10.910588236777823
9,17,65,3,11.578947368421053,15.865111231440041
9,17,65,4,12.631578947368421,8.776297158418549
9,9,65,0,5.7,4.1434793414027755
9,9,65,1,5.2,4.12438193136735
9,9,65,2,6.85,6.368301434283298
9,9,65,3,5.55,6.878456069114408
9,9,65,4,9.65,10.111353701864578
6,37,108,0,30.45,38.166498122664706
6,37,108,1,15.1,12.895939793512325
6,37,108,2,21.15,21.837377421100246
6,37,108,3,21.7,23.973889305264017
6,46,22,0,11.1,10.847750191192933
6,46,22,1,15.85,18.868729352248952
6,46,22,2,17.7,17.55022866847579
6,46,22,3,19.55,30.843364892545964
9,9,65,0,9.5,13.47707605333473
9,9,65,1,17.05,16.96583253731483
9,9,65,2,9.05,7.207269721753534
9,9,65,3,12.6,14.11009343846118
9,9,65,4,16.6,15.243290154584152
6,37,108,0,21.05,19.871892342279786
6,37,108,1,34.2,45.51876420485119
6,37,108,2,23.05,35.473451896787324
6,37,108,3,18.05,23.275184435924796
6,46,22,0,33.0,35.97952634192776
6,46,22,1,23.05,18.80502452453655
6,46,22,2,16.0,14.10860133319201
6,46,22,3,35.3,20.217501537555343
9,9,65,0,16.1,24.304861978408223
9,9,65,1,13.3,11.863699609356797
9,9,65,2,5.4,3.6331804249169903
9,9,65,3,13.2,21.169988688061018
9,9,65,4,25.25,52.34890538241313
6,35,108,0,14.7,12.079125099024958
6,35,108,1,16.45,16.73783926192072
6,35,108,2,23.7,34.66850534934979
6,35,108,3,14.55,22.262725515273754
9,9,65,0,9.0,8.416775229454442
9,9,65,1,6.05,4.524494737711489
9,9,65,2,8.85,9.033708802969139
9,9,65,3,8.4,6.459590992429295
9,9,65,4,14.1,12.038971804322125
6,46,22,0,26.6,24.915435925715226
6,46,22,1,18.35,13.902953113031703
6,46,22,2,16.95,14.63764073598575
6,46,22,3,14.1,13.901533425451575
6,35,108,0,17.85,14.313317317504664
6,35,108,1,16.2,16.681537225643396
6,35,108,2,19.4,31.684962397094036
6,35,108,3,13.2,12.91918198485859
9,9,65,0,11.45,13.156847326732471
9,9,65,1,14.9,18.197454998462085
9,9,65,2,12.4,12.491681442590421
9,9,65,3,16.45,33.68815971915293
9,9,65,4,10.4,9.27021262459838
6,46,22,0,45.65,108.83269390747384
6,46,22,1,22.736842105263158,19.028756324349263
6,46,22,2,14.0,21.068670790747312
6,46,22,3,16.36842105263158,16.876053140193747
6,35,108,0,21.35,24.253648667452293
6,35,108,1,18.8,13.613460830717283
6,35,108,2,20.65,31.29700675110876
6,35,108,3,9.1,7.752079517271818
9,8,65,0,9.55,7.76276537812328
9,8,65,1,8.6,6.33619510598061
9,8,65,2,9.35,8.125819796698734
9,8,65,3,7.15,7.527318667081225
9,8,65,4,10.55,9.583291380533648
9,8,65,0,9.8,8.501393074698187
9,8,65,1,15.8,17.419287555677137
9,8,65,2,12.9,15.727615672340233
9,8,65,3,12.25,10.779488319073991
9,8,65,4,17.45,13.697771620538173
6,24,22,0,19.55,18.091798083516654
6,24,22,1,22.05,22.241438329104717
6,24,22,2,36.2,106.36065754631366
6,24,22,3,51.94736842105263,110.56595501942144
6,35,108,0,55.6,104.20698026927997
6,35,108,1,14.95,17.12946061767946
6,35,108,2,36.25,34.76973124035209
6,35,108,3,26.05263157894737,32.958684042315305
9,8,65,0,10.8,7.674976427188212
9,8,65,1,10.7,8.386078689678133
9,8,65,2,13.7,15.791736679935525
9,8,65,3,11.35,11.66314483183764
9,8,65,4,19.6,23.734052817795256
6,24,22,0,31.55,48.910740398360254
6,24,22,1,16.4,20.048362579155015
6,24,22,2,11.9,10.452398364918329
6,24,22,3,16.4,19.272014070039212
9,8,65,0,8.0,6.71212571239152
9,8,65,1,6.8,6.354443120244373
9,8,65,2,14.3,13.444231789918405
9,8,65,3,15.2,15.4803780723585
9,8,65,4,11.65,12.749716199111834
6,35,108,0,21.35,16.303938820194084
6,35,108,1,16.3,15.451451984232827
6,35,108,2,23.3,21.09152985392353
6,35,108,3,18.95,32.584263234363846
9,8,65,0,9.05,10.08633781539741
9,8,65,1,10.05,10.00776014690074
9,8,65,2,11.0,8.182137154866853
9,8,65,3,8.1,9.419464729456429
9,8,65,4,17.95,23.6520278422936
6,24,22,0,19.9,17.344497079689813
6,24,22,1,28.75,40.52793058983812
6,24,22,2,29.1,41.684150717660444
6,24,22,3,20.45,28.597892818951024
6,32,108,0,18.05,24.816113186480482
6,32,108,1,30.95,41.60778646764139
6,32,108,2,25.55,25.689389577062848
6,32,108,3,14.15,16.118883989055558
9,2,65,0,10.8,9.714882776874925
9,2,65,1,18.25,21.230253983655643
9,2,65,2,12.5,13.500487320639092
9,2,65,3,13.95,12.87786759072365
9,2,65,4,17.8,16.417577230068485
9,2,65,0,6.85,4.847951276461777
9,2,65,1,5.65,5.244295146056081
9,2,65,2,6.1,7.906692701356504
9,2,65,3,6.8,5.454114815536306
9,2,65,4,9.75,12.656909908072059
6,24,22,0,15.05,13.168842813726327
6,24,22,1,46.45,116.20375707305996
6,24,22,2,26.157894736842106,50.81695163131507
6,24,22,3,17.5,17.856453768216987
6,32,108,0,32.3,43.8527440178461
6,32,108,1,29.0,28.403113246707008
6,32,108,2,24.95,19.02761151589973
6,32,108,3,26.45,26.408680789706846
6,24,22,0,18.8,14.684757582716777
6,24,22,1,13.05,14.181065953550435
6,24,22,2,42.65,108.86509034000221
6,24,22,3,10.473684210526315,8.53338815771862
9,2,65,0,12.05,11.25996634565411
9,2,65,1,39.3,109.50707739685137
9,2,65,2,12.157894736842104,15.268934176202118
9,2,65,3,41.31578947368421,112.45149701665405
9,2,65,4,10.166666666666666,11.688355190480118
6,32,108,0,25.0,26.11916013802491
6,32,108,1,24.85,21.17663807123312
6,32,108,2,28.5,39.54411260991025
6,32,108,3,18.35,19.432135619556647
9,2,65,0,8.85,8.07383688869568
9,2,65,1,12.25,13.848332599611899
9,2,65,2,6.6,5.613892542049964
9,2,65,3,9.9,12.985416921746445
9,2,65,4,15.3,12.835395140822607
6,30,22,0,18.0,11.369395669723913
6,30,22,1,23.9,26.23356628443796
6,30,22,2,30.65,38.30524905627371
6,30,22,3,30.4,28.777549729277727
6,32,108,0,27.55,32.713227648122626
6,32,108,1,24.8,25.253660495481693
6,32,108,2,18.5,15.692774066261734
6,32,108,3,16.9,23.710757052443515
9,2,65,0,14.75,15.123613464067585
9,2,65,1,17.65,21.036997484382006
9,2,65,2,14.55,12.709196835777087
9,2,65,3,10.35,11.922005306420381
9,2,65,4,14.8,15.084324383453943
6,30,22,0,20.15,24.184107439216746
6,30,22,1,18.6,18.98309497254971
6,30,22,2,14.3,15.127875977114147
6,30,22,3,43.2,108.83768697130216
9,0,65,0,14.45,12.28381476835099
9,0,65,1,34.7,110.41028746881955
9,0,65,2,8.473684210526315,10.879993980046493
9,0,65,3,11.31578947368421,18.976747852683488
9,0,65,4,14.0,12.405196043952264
6,32,108,0,78.45,111.01847878429493
6,32,108,1,20.105263157894736,15.588082117231975
6,32,108,2,28.210526315789473,28.216580916129637
6,32,108,3,14.578947368421053,13.667950303431601
6,30,22,0,24.6,31.270298670581457
6,30,22,1,22.4,25.619482717979345
6,30,22,2,19.85,24.407235769229107
6,30,22,3,19.85,30.480839538099485
9,0,65,0,13.9,16.27041228086964
9,0,65,1,10.5,14.207114600197954
9,0,65,2,12.55,10.0024996875781
9,0,65,3,9.65,12.03186558575536
9,0,65,4,16.6,17.346014254759385
9,0,65,0,15.0,15.12056807621223
9,0,65,1,11.8,9.528903399657276
9,0,65,2,8.55,14.412987564218453
9,0,65,3,5.15,3.7031281229167377
9,0,65,4,14.4,12.82431900315712
6,42,108,0,26.4,18.64742115654263
6,42,108,1,37.15,50.2606626550657
6,42,108,2,19.75,29.239258036521992
6,42,108,3,31.0,50.46937581085031
6,30,22,0,22.75,20.62669450774383
6,30,22,1,23.15,31.8867651146002
6,30,22,2,22.65,35.290187990729834
6,30,22,3,14.4,12.02803742139699
9,0,65,0,18.4,17.15686144773694
9,0,65,1,16.4,15.349952854376424
9,0,65,2,17.35,10.638930496307566
9,0,65,3,15.75,16.06524525997527
9,0,65,4,15.3,15.815049461626234
6,42,108,0,22.4,24.39456367394394
6,42,108,1,29.6,37.17016347329641
6,42,108,2,18.15,19.559019994823224
6,42,108,3,15.2,14.92296005630603
6,30,22,0,25.1,23.97345022706314
6,30,22,1,19.65,17.40621486106252
6,30,22,2,45.0,72.42854918360649
6,30,22,3,21.7,22.536753607338717
9,0,65,0,14.05,13.192801067248759
9,0,65,1,11.25,8.723078886675157
9,0,65,2,16.4,24.49790538844194
9,0,65,3,13.35,16.50605949341029
9,0,65,4,12.25,15.032858746933769
6,42,108,0,20.6,14.529099656967919
6,42,108,1,32.2,38.76867970818441
6,42,108,2,31.2,47.17894267126964
6,42,108,3,15.9,14.134318072281415
6,44,22,0,23.15,17.956892826989865
6,44,22,1,19.45,20.85406687586759
6,44,22,2,11.05,8.38843188407012
6,44,22,3,22.6,29.49469176148927
9,14,65,0,11.3,11.544422212069614
9,14,65,1,11.4,11.061550286322532
9,14,65,2,8.15,10.23551608243005
9,14,65,3,9.25,16.460079298907274
9,14,65,4,17.9,22.945931871982978
9,14,65,0,13.6,14.22155517441561
9,14,65,1,6.2,6.169534657876301
9,14,65,2,8.2,10.70464729377902
9,14,65,3,15.45,23.703153243486625
9,14,65,4,11.45,8.39470384418527
6,44,22,0,31.65,39.646165275504664
6,44,22,1,30.65,37.758617001881
6,44,22,2,24.1,33.693510229403934
6,44,22,3,30.9,48.017431045512275
6,42,108,0,32.25,30.973460626121433
6,42,108,1,20.3,18.006139303903513
6,42,108,2,22.9,24.68943946412376
6,42,108,3,54.8,108.05291101561016
9,14,65,0,13.25,11.638751063399777
9,14,65,1,8.25,7.025330110243557
9,14,65,2,12.8,18.852893118759475
9,14,65,3,8.65,8.68316580637803
9,14,65,4,12.35,14.404951634037074
9,14,65,0,9.7,11.107607634788918
9,14,65,1,8.5,10.625193496690084
9,14,65,2,6.55,6.4927084608732235
9,14,65,3,7.65,8.279810575000779
9,14,65,4,9.65,10.761896721890226
6,44,22,0,21.0,22.449944320643652
6,44,22,1,19.7,22.358561294454855
6,44,22,2,18.8,28.452360923221523
6,44,22,3,21.0,19.62543998836312
6,42,108,0,24.55,24.217164421781074
6,42,108,1,23.65,27.86485241303101
6,42,108,2,27.7,24.59803158577403
6,42,108,3,16.0,11.858818615164347
6,44,22,0,10.85,12.650254834129669
6,44,22,1,15.7,20.662959486405672
6,44,22,2,13.2,16.43039545284416
6,44,22,3,14.2,20.967644246866598
9,14,65,0,23.85,28.96872178928962
9,14,65,1,11.05,9.304639476598418
9,14,65,2,14.0,10.736068083555397
9,14,65,3,12.7,13.537861138692712
9,14,65,4,23.05,22.95642324973672
6,44,108,0,34.7,32.67720918316006
6,44,108,1,25.05,23.5963311153506
6,44,108,2,26.2,30.20212610152854
6,44,108,3,21.1,17.767208115247772
9,10,65,0,9.55,8.363297007885421
9,10,65,1,9.75,8.503095411610254
9,10,65,2,5.95,5.206018783960289
9,10,65,3,13.15,15.475872562765156
9,10,65,4,12.9,8.589467234259704
6,44,22,0,19.75,20.421544351106515
6,44,22,1,34.3,47.00627057834104
6,44,22,2,16.95,22.542299420376235
6,44,22,3,35.55,109.18428410140737
9,10,65,0,6.95,5.670561097272009
9,10,65,1,12.35,14.357374778360972
9,10,65,2,7.65,7.822201870654014
9,10,65,3,8.6,12.30062043792486
9,10,65,4,7.65,6.217758946420283
9,10,65,0,12.0,10.417596449732235
9,10,65,1,12.95,10.323580570203038
9,10,65,2,12.0,11.661903789690601
9,10,65,3,9.2,9.0064304512767
9,10,65,4,13.3,13.776792079435618
6,44,108,0,30.0,31.62277660168379
6,44,108,1,27.4,32.66480481625767
6,44,108,2,44.95,108.5315743531759
6,44,108,3,21.31578947368421,30.11284818364072
6,30,22,0,23.65,26.93320197119259
6,30,22,1,25.2,31.700240742901222
6,30,22,2,39.0,108.46973868561828
6,30,22,3,44.31578947368421,108.53931834008814
9,10,65,0,13.35,19.02429195030728
9,10,65,1,12.7,13.776792079435618
9,10,65,2,14.2,18.48641037143373
9,10,65,3,12.45,12.067681938484336
9,10,65,4,9.85,9.143735272679438
6,44,108,0,21.45,25.65043346304513
6,44,108,1,23.7,16.818223199224924
6,44,108,2,23.6,23.538099015493113
6,44,108,3,19.95,20.502823939001285
9,10,65,0,18.3,23.602185447427043
9,10,65,1,9.35,9.280851821159294
9,10,65,2,15.0,18.078774993432436
9,10,65,3,12.95,17.394720917263193
9,10,65,4,16.35,14.708661966409633
6,30,22,0,25.8,21.23700841257519
6,30,22,1,32.35,43.54099701491264
6,30,22,2,10.9,13.999624055102712
6,30,22,3,46.55,108.08791499710343
6,44,108,0,28.6,34.1550643543916
6,44,108,1,36.3,45.82587180093565
6,44,108,2,12.75,18.133641315754016
6,44,108,3,20.8,24.750544916914667
9,6,65,0,12.55,14.354441821262155
9,6,65,1,15.6,15.118479455706899
9,6,65,2,10.05,10.659687958304458
9,6,65,3,16.2,17.392073209549107
9,6,65,4,17.0,16.422064746137
6,30,22,0,36.2,54.85157004901596
6,30,22,1,20.1,27.628932204065396
6,30,22,2,28.7,32.418480759234264
6,30,22,3,14.75,15.77764908109937
9,6,65,0,11.6,14.48193066512451
9,6,65,1,12.1,15.238110119040352
9,6,65,2,15.4,12.84891967607025
9,6,65,3,11.3,11.369858583576418
9,6,65,4,16.55,15.19513426275523
6,44,108,0,29.35,27.842177395190614
6,44,108,1,29.65,35.39740549516975
6,44,108,2,27.9,40.07611179795396
6,44,108,3,21.1,20.53982011913239
6,30,22,0,24.3,18.137196440928847
6,30,22,1,12.8,9.638737633004373
6,30,22,2,23.2,34.27842654375766
6,30,22,3,18.85,19.559019994823224
9,6,65,0,12.7,11.548980360552227
9,6,65,1,9.25,9.850861570655153
9,6,65,2,8.2,7.053181439680439
9,6,65,3,34.05,108.90095693359463
9,6,65,4,11.052631578947368,9.36585811581694
6,28,108,0,21.25,21.135838857507554
6,28,108,1,15.05,12.775284526649186
6,28,108,2,39.8,49.187717765183706
6,28,108,3,20.05,17.718485737841856
9,6,65,0,10.75,9.396947992776557
9,6,65,1,15.7,15.179972956081587
9,6,65,2,19.7,20.38859330218996
9,6,65,3,11.9,12.100021748566794
9,6,65,4,13.7,11.521604420437834
6,30,22,0,32.15,59.604198898364444
6,30,22,1,23.6,19.688094184851387
6,30,22,2,21.95,41.34129450777935
6,30,22,3,44.78947368421053,112.40728473199019
9,6,65,0,10.55,11.004664082967157
9,6,65,1,8.9,6.656219885031948
9,6,65,2,11.4,11.417438186250104
9,6,65,3,13.3,13.274827781616564
9,6,65,4,9.6,7.883360223981436
6,28,108,0,30.35,21.950362663350955
6,28,108,1,32.15,34.888204913770835
6,28,108,2,27.3,36.44187874294888
6,28,108,3,20.4,23.191196151716028
6,45,22,0,21.2,28.978394855841355
6,45,22,1,17.65,21.039499193559465
6,45,22,2,13.55,18.63069058244883
6,45,22,3,11.9,16.4761390469593
9,9,65,0,12.2,13.59024417889926
9,9,65,1,7.15,6.899847443012208
9,9,65,2,12.2,14.720554909449074
9,9,65,3,9.95,10.292945974894907
9,9,65,4,13.15,15.0132397709839
6,28,108,0,24.65,19.53478678503664
6,28,108,1,29.35,42.99115576120524
6,28,108,2,25.05,24.881773079484258
6,28,108,3,12.9,15.39958987833938
6,45,22,0,15.25,15.416583688728803
6,45,22,1,13.5,11.582654908821297
6,45,22,2,20.05,21.402102700435766
6,45,22,3,9.6,8.881678362016709
9,9,65,0,14.15,12.621097625133793
9,9,65,1,11.95,18.53723138358102
9,9,65,2,11.25,11.116014999705794
9,9,65,3,4.6,4.2102631496705385
9,9,65,4,14.0,12.324558281825164
9,9,65,0,12.1,11.688500871864576
9,9,65,1,9.35,10.11135370186458
9,9,65,2,10.05,11.13777356566383
9,9,65,3,6.9,7.340586524680149
9,9,65,4,11.1,11.884975034847459
6,45,22,0,58.2,135.1188950127764
6,45,22,1,19.473684210526315,25.671792607305683
6,45,22,2,16.31578947368421,16.964186562608717
6,45,22,3,17.77777777777778,17.92978316051275
6,28,108,0,29.65,20.45862319800369
6,28,108,1,37.35,37.19263509437262
6,28,108,2,39.05,50.63021253216929
6,28,108,3,24.8,31.528767148347825
9,9,65,0,9.8,6.550210924687444
9,9,65,1,11.65,12.231430608757183
9,9,65,2,12.3,14.14994885614711
9,9,65,3,15.2,17.200367193142924
9,9,65,4,10.0,8.026272648719264
9,9,65,0,20.3,29.714607430300042
9,9,65,1,14.4,17.221162012263623
9,9,65,2,8.4,5.6791400386808
9,9,65,3,11.5,12.492102768507285
9,9,65,4,16.8,18.303292772498327
6,28,108,0,22.2,24.047321767933457
6,28,108,1,29.4,27.350358411968895
6,28,108,2,20.95,22.972466357061354
6,28,108,3,28.65,30.378792810636487
6,45,22,0,37.2,56.512318172794494
6,45,22,1,39.4,57.340534023544485
6,45,22,2,41.05,54.6688355367788
6,45,22,3,17.65,19.559019994823224
9,5,65,0,14.35,15.86215290358916
9,5,65,1,10.55,8.101169506214584
9,5,65,2,11.05,9.77900543861292
9,5,65,3,7.45,4.382681226925146
9,5,65,4,13.3,12.51987892996784
6,46,108,0,21.75,21.274830693865262
6,46,108,1,18.8,17.59066738209123
6,46,108,2,22.2,23.968400249626917
6,46,108,3,16.25,9.904145862372884
9,5,65,0,9.85,6.698585868045504
9,5,65,1,10.8,8.73950498417508
9,5,65,2,11.8,8.988882021697693
9,5,65,3,12.35,9.297849213662266
9,5,65,4,13.85,16.24896757853929
6,45,22,0,15.2,15.223250915000142
6,45,22,1,47.3,111.04010655235294
6,45,22,2,48.421052631578945,113.30652417690975
6,45,22,3,14.38888888888889,11.530720547297522
9,5,65,0,13.1,11.021032523985074
9,5,65,1,11.45,8.312799262519658
9,5,65,2,9.8,7.640611714281851
9,5,65,3,6.5,4.978902859487271
9,5,65,4,17.35,16.076380189582476
6,46,108,0,23.2,19.160265903000518
6,46,108,1,24.45,30.11639700264712
6,46,108,2,16.8,16.337235480885212
6,46,108,3,23.3,21.67001323682592
9,5,65,0,10.65,7.32174123667602
9,5,65,1,14.75,14.12677562197702
9,5,65,2,13.75,10.730551562809122
9,5,65,3,13.05,10.57541836922826
9,5,65,4,11.7,11.779107284554827
6,46,108,0,27.7,35.43281262511227
6,46,108,1,26.15,18.968880332076314
6,46,108,2,12.3,10.026806176707675
6,46,108,3,17.4,25.783307533526823
6,36,22,0,45.75,108.30749354451305
6,36,22,1,17.526315789473685,19.662057146394176
6,36,22,2,34.0,58.1349005904944
6,36,22,3,20.263157894736842,24.323838570567304
9,5,65,0,10.5,10.190294660271501
9,5,65,1,13.6,13.838922988212781
9,5,65,2,5.4,4.761689218179439
9,5,65,3,8.75,6.060006948059244
9,5,65,4,14.9,18.699563743855798
6,36,22,0,17.1,19.23784647100879
6,36,22,1,18.2,22.791041638050867
6,36,22,2,14.5,17.12953743192089
6,36,22,3,12.45,13.713132391981052
9,4,65,0,10.8,6.645932669884007
9,4,65,1,8.3,6.657801122703628
9,4,65,2,9.05,9.944450978468238
9,4,65,3,6.75,7.919828546788517
9,4,65,4,17.05,11.789714518216828
6,46,108,0,30.55,24.62022061554069
6,46,108,1,35.35,40.72019413664817
6,46,108,2,25.15,29.97591138160598
6,46,108,3,20.85,18.78206030960619
9,4,65,0,8.45,8.672248539844906
9,4,65,1,8.75,9.552486587271401
9,4,65,2,8.05,6.62908265464425
9,4,65,3,9.05,11.033322732808816
9,4,65,4,11.65,10.027724724876263
6,36,22,0,13.3,17.131380870388583
6,36,22,1,40.45,110.0112314840243
6,36,22,2,14.263157894736842,12.788198141095029
6,36,22,3,45.473684210526315,108.97572024235114
9,4,65,0,17.25,13.656982020004891
9,4,65,1,13.5,11.997806817125063
9,4,65,2,18.8,30.74958279562933
9,4,65,3,19.4,25.952182749697265
9,4,65,4,18.15,12.274384966905245
6,46,108,0,55.85,82.64080488220662
6,46,108,1,31.25,31.318188762577268
6,46,108,2,19.2,16.86977989436171
6,46,108,3,24.94736842105263,31.415625419014603
6,36,22,0,8.65,9.137977433707494
6,36,22,1,19.2,30.78550581720321
6,36,22,2,14.55,21.632030344886843
6,36,22,3,12.7,16.72407656171501
9,4,65,0,16.0,19.177838086818088
9,4,65,1,13.0,12.561428011345306
9,4,65,2,10.85,8.29251406231453
9,4,65,3,13.7,12.532484107100908
9,4,65,4,12.85,15.70878064885
6,45,108,0,37.95,49.5882785385927
6,45,108,1,24.3,32.56588463569297
6,45,108,2,24.25,28.949820470309618
6,45,108,3,21.4,33.26354097047903
9,4,65,0,12.9,12.03459924332208
9,4,65,1,9.8,8.17956375107467
9,4,65,2,11.3,10.000526301939788
9,4,65,3,10.85,15.722176761036085
9,4,65,4,11.65,13.14404007425739
6,36,22,0,64.55,149.43453944435794
6,36,22,1,29.944444444444443,57.16485162613394
6,36,22,2,16.166666666666668,13.156300212982282
6,36,22,3,45.55555555555556,113.45235964270083
9,5,65,0,15.55,15.799650229306376
9,5,65,1,19.05,19.23394751064132
9,5,65,2,12.5,16.054184566811955
9,5,65,3,11.3,13.537861138692712
9,5,65,4,15.25,10.686316878188324
6,45,108,0,19.65,20.873743265038424
6,45,108,1,20.1,15.32764959493996
6,45,108,2,15.95,17.98676413951454
6,45,108,3,44.15,98.80084966606736
7,12,22,0,17.85,20.11879194866541
7,12,22,1,19.25,21.395707882411223
7,12,22,2,12.85,14.582884704878849
7,12,22,3,15.7,16.52462277617062
9,5,65,0,14.75,12.400657877285129
9,5,65,1,9.3,8.802511603304808
9,5,65,2,12.25,10.871861313549426
9,5,65,3,9.85,11.174571697903188
9,5,65,4,13.1,12.341201852246593
6,45,108,0,29.9,27.871698530002945
6,45,108,1,18.4,18.53701843964069
6,45,108,2,26.7,27.760441373709423
6,45,108,3,17.85,21.541331141979622
9,5,65,0,10.4,8.107176807586825
9,5,65,1,11.0,11.470786693528089
9,5,65,2,8.5,7.884027824458897
9,5,65,3,12.75,9.301244964774169
9,5,65,4,10.65,9.016213465926695
7,12,22,0,17.0,15.190024427408376
7,12,22,1,46.0,110.0569230706977
7,12,22,2,42.10526315789474,111.10650282841338
7,12,22,3,29.666666666666668,35.6997281255095
6,45,108,0,32.15,45.616565550593336
6,45,108,1,21.9,31.29133056328946
6,45,108,2,15.75,13.882495604556345
6,45,108,3,14.9,17.98800770103881
9,5,65,0,13.0,15.983544169255026
9,5,65,1,15.05,16.01142684065615
9,5,65,2,13.4,16.881631250688145
9,5,65,3,10.75,9.497229512918627
9,5,65,4,18.35,18.494024639553746
9,5,65,0,11.9,10.346115467321921
9,5,65,1,9.15,9.890319562715433
9,5,65,2,19.65,21.09446173263195
9,5,65,3,14.1,19.11709072779477
9,5,65,4,16.35,13.44100168572973
7,12,22,0,47.1,108.66747927798629
7,12,22,1,55.68421052631579,117.15519272011186
7,12,22,2,22.055555555555557,22.563563084871312
7,12,22,3,24.38888888888889,18.933751031017998
6,45,108,0,31.3,34.10834131658151
6,45,108,1,29.35,39.63952705650205
6,45,108,2,21.75,21.34152118092311
6,45,108,3,37.05,108.30389748539207
9,17,65,0,9.75,11.710881130047612
9,17,65,1,12.45,13.42611359686002
9,17,65,2,10.05,21.087474456353664
9,17,65,3,8.5,6.893933259720005
9,17,65,4,17.8,14.508073977145132
9,17,65,0,18.3,19.224709976595502
9,17,65,1,10.25,8.409737463828838
9,17,65,2,8.0,7.820351317993464
9,17,65,3,7.85,4.891184336183448
9,17,65,4,11.85,16.868765905006054
6,36,108,0,32.65,36.7413076007173
6,36,108,1,21.55,29.08693864950384
6,36,108,2,18.3,17.20189708020295
6,36,108,3,26.55,43.71615984483252
9,17,65,0,12.95,10.610198668708975
9,17,65,1,9.45,7.910519312249588
9,17,65,2,11.55,8.641850435373689
9,17,65,3,12.25,18.22339444952992
9,17,65,4,10.5,10.874886569281394
6,36,108,0,22.85,27.168625480990308
6,36,108,1,49.5,114.96292308483865
6,36,108,2,22.263157894736842,21.989497759064587
6,36,108,3,18.894736842105264,16.196346422168816
7,12,22,0,95.4,177.84836829519452
7,12,22,1,69.6470588235294,162.19777324938474
7,12,22,2,83.8,167.91588030065188
7,12,22,3,13.076923076923077,16.049203191340155
9,17,65,0,13.5,10.811786940284446
9,17,65,1,11.6,12.57566572476593
9,17,65,2,10.3,13.719367792707466
9,17,65,3,8.95,7.67411918484186
9,17,65,4,13.8,12.500947332523495
9,17,65,0,9.95,10.595306806118899
9,17,65,1,8.7,5.676359099949451
9,17,65,2,10.45,9.310294246014378
9,17,65,3,10.85,10.07485144202868
9,17,65,4,13.65,12.214206568797792
6,36,108,0,17.9,19.097809188215116
6,36,108,1,23.75,37.30792916991465
6,36,108,2,34.3,51.54568745042442
6,36,108,3,23.85,24.504081292715302
10,33,65,0,11.1,18.60927895319684
10,33,65,1,8.2,6.970615014775277
10,33,65,2,9.95,9.832679133754361
10,33,65,3,10.25,8.302662857560566
10,33,65,4,8.6,8.191137701327287
10,33,65,5,8.5,7.50087714169062
7,12,22,0,43.2,111.06593584561902
7,12,22,1,54.473684210526315,110.65831716547444
7,12,22,2,12.222222222222221,13.636264606493254
7,12,22,3,21.166666666666668,15.220922133308326
7,1,22,0,13.95,10.63991986515134
7,1,22,1,16.85,18.991064380802605
7,1,22,2,16.6,26.039241641475616
7,1,22,3,21.3,16.75865840629695
6,36,108,0,21.85,17.777203024334874
6,36,108,1,21.85,26.652293275478286
6,36,108,2,36.25,91.57445920641501
6,36,108,3,35.65,39.21368584939111
10,33,65,0,20.65,22.992618952955084
10,33,65,1,22.75,23.977785771966435
10,33,65,2,11.75,13.190407200130828
10,33,65,3,14.55,16.356151265212926
10,33,65,4,11.8,13.751937662514479
10,33,65,5,9.95,8.39470384418527
7,1,22,0,17.65,14.890035523622394
7,1,22,1,18.05,20.55922126315509
7,1,22,2,15.4,14.787619288124993
7,1,22,3,30.5,26.200642820559313
10,33,65,0,17.3,18.95173926194194
10,33,65,1,10.4,7.308250564655639
10,33,65,2,10.0,10.87246643203783
10,33,65,3,11.6,10.153557841569882
10,33,65,4,12.8,14.766961701539584
10,33,65,5,10.3,15.259509545819201
6,36,108,0,34.75,28.356517862092268
6,36,108,1,16.55,27.124420925179503
6,36,108,2,41.4,108.89512095783287
6,36,108,3,14.052631578947368,12.664358053698603
7,1,22,0,20.65,20.08999489140906
7,1,22,1,23.7,21.425759213963385
7,1,22,2,22.15,32.62268342249317
7,1,22,3,20.05,20.423090647082468
10,33,65,0,12.25,12.08685671558813
10,33,65,1,10.75,8.181333053134788
10,33,65,2,11.75,10.517529227562507
10,33,65,3,11.85,14.579275124569628
10,33,65,4,10.3,18.026588549607553
10,33,65,5,13.6,16.45536226791805
6,36,108,0,26.6,30.259230866490622
6,36,108,1,14.45,12.734019913518855
6,36,108,2,23.55,31.671795521866883
6,36,108,3,14.65,22.939910062687918
10,33,65,0,8.4,7.923316689898306
10,33,65,1,9.6,9.91224654550861
10,33,65,2,13.25,18.99549808160926
10,33,65,3,15.95,20.44884503237028
10,33,65,4,10.75,10.422016170234606
10,33,65,5,10.35,11.908753967255834
7,1,22,0,16.85,14.935915738493184
7,1,22,1,15.95,26.292834725353156
7,1,22,2,16.55,22.490875342774245
7,1,22,3,30.1,23.50565441492077
6,36,108,0,25.2,27.672140654836454
6,36,108,1,13.3,11.83260437586711
6,36,108,2,12.75,12.28124372237686
6,36,108,3,25.65,33.0299306052779
10,39,65,0,16.55,22.34296074240928
10,39,65,1,10.65,10.281690420098089
10,39,65,2,9.15,5.3829653342255215
10,39,65,3,7.85,7.336103942327397
10,39,65,4,11.4,10.530157193808446
10,39,65,5,8.35,10.638930496307566
7,1,22,0,21.9,26.887484860158697
7,1,22,1,32.9,33.905286034077804
7,1,22,2,31.45,70.86642364335879
7,1,22,3,24.75,26.72250185261773
10,39,65,0,10.95,13.38685529677684
10,39,65,1,11.25,13.568054586533687
10,39,65,2,14.6,18.76559000993714
10,39,65,3,15.75,21.018475581960594
10,39,65,4,11.4,11.481793368083594
10,39,65,5,16.95,14.369100620135516
6,36,108,0,33.65,28.396209902768806
6,36,108,1,19.95,19.96964802156671
6,36,108,2,23.9,28.908021105058822
6,36,108,3,46.0,105.33355540727202
7,8,22,0,24.4,36.64251198008301
7,8,22,1,14.75,16.1599732933599
7,8,22,2,16.5,14.834171078255347
7,8,22,3,15.5,16.262646900505658
10,39,65,0,14.35,17.927558908592452
10,39,65,1,12.8,14.166676986580347
10,39,65,2,11.05,13.172838881977048
10,39,65,3,7.85,6.0894645862644134
10,39,65,4,10.15,8.00838376492509
10,39,65,5,11.35,11.545220017962322
6,36,108,0,27.2,23.721187509104706
6,36,108,1,25.0,20.367673044880654
6,36,108,2,12.2,13.149344590430914
6,36,108,3,26.55,42.63859753791159
7,8,22,0,32.8,34.74660149985138
7,8,22,1,13.4,17.53312654137275
7,8,22,2,14.8,20.21880312976018
7,8,22,3,16.85,14.974627664293044
10,39,65,0,16.2,12.40373458192924
10,39,65,1,8.8,8.134397399477825
10,39,65,2,12.85,11.860039052034757
10,39,65,3,32.8,109.56401637495097
10,39,65,4,11.473684210526315,12.203680779232284
10,39,65,5,16.526315789473685,18.742015843946373
6,36,108,0,16.2,19.89604562668038
6,36,108,1,27.3,41.9135702180219
6,36,108,2,21.3,19.439785573866157
6,36,108,3,22.75,42.475844528638305
7,8,22,0,15.05,11.269310911544354
7,8,22,1,18.55,14.723683034664361
7,8,22,2,21.45,22.77689272278515
7,8,22,3,30.0,30.352317175048377
6,44,108,0,22.95,31.29566137745984
6,44,108,1,20.75,19.962794340841583
6,44,108,2,16.05,11.42699942195998
6,44,108,3,14.2,25.677350248603798
10,39,65,0,17.8,13.371611720357423
10,39,65,1,10.45,10.091554572225755
10,39,65,2,16.3,12.67861855333824
10,39,65,3,8.9,9.651288433212047
10,39,65,4,22.3,24.794099467838162
10,39,65,5,11.9,15.55601085382144
6,44,108,0,19.5,16.349794783840075
6,44,108,1,18.15,19.02982423792495
6,44,108,2,22.0,21.58215637243439
6,44,108,3,18.85,23.079439471438413
10,47,65,0,9.95,9.433841657620327
10,47,65,1,8.35,6.729940955399081
10,47,65,2,6.7,6.258467947719439
10,47,65,3,8.15,7.679603882328416
10,47,65,4,35.7,108.62155451503702
10,47,65,5,9.31578947368421,8.23308118088205
7,8,22,0,34.65,42.437911303331994
7,8,22,1,28.4,25.61742827800924
7,8,22,2,47.4,111.89769763870079
7,8,22,3,46.05263157894737,63.378469604091286
10,47,65,0,15.0,19.547512966050046
10,47,65,1,11.1,11.030579504746173
10,47,65,2,8.6,10.080726790840972
10,47,65,3,6.75,6.90442268633511
10,47,65,4,7.2,6.3709868689403635
10,47,65,5,10.5,7.957121934071654
6,44,108,0,36.75,33.39851083979328
6,44,108,1,24.05,29.09055733938058
6,44,108,2,24.5,36.51459693702895
6,44,108,3,24.25,27.345499004214087
7,8,22,0,20.35,21.317832910500073
7,8,22,1,35.55,54.2697696211882
7,8,22,2,33.35,49.17238741621691
7,8,22,3,24.95,22.818448215147505
10,47,65,0,15.45,21.88841318092628
10,47,65,1,12.05,10.070671330781854
10,47,65,2,16.55,16.461997704441966
10,47,65,3,13.3,18.671960402249088
10,47,65,4,9.65,13.287409949192307
10,47,65,5,13.2,10.430723848324238
6,44,108,0,22.85,33.73312443593872
6,44,108,1,21.55,16.525817122882227
6,44,108,2,19.2,21.34330907111789
6,44,108,3,16.85,22.2693440453581
7,16,22,0,24.2,21.862248162914124
7,16,22,1,17.6,13.781757584040694
7,16,22,2,17.1,14.863944365654197
7,16,22,3,12.4,13.926120856335519
10,47,65,0,11.9,10.098983794630554
10,47,65,1,10.75,11.787035697168129
10,47,65,2,9.5,8.905941245802389
10,47,65,3,5.35,3.773522715475624
10,47,65,4,10.5,10.679542667125189
10,47,65,5,9.45,8.726698296486175
10,47,65,0,11.85,19.54286786043764
10,47,65,1,12.65,16.591928919301633
10,47,65,2,9.65,8.701330811705578
10,47,65,3,8.85,8.652806055354468
10,47,65,4,6.6,6.715261487247185
10,47,65,5,9.35,13.437085366919968
6,44,108,0,28.3,30.57019532330899
6,44,108,1,40.2,84.58045064658232
6,44,108,2,22.75,22.98483481730829
6,44,108,3,13.368421052631579,10.792026513000694
7,16,22,0,39.65,53.75996847586795
7,16,22,1,17.9,13.017801576869147
7,16,22,2,25.3,27.625503091394222
7,16,22,3,31.3,31.499540514610352
10,37,65,0,13.0,19.374426986433214
10,37,65,1,16.6,33.16212170216908
10,37,65,2,10.65,10.727608258478142
10,37,65,3,14.65,18.39701062672955
10,37,65,4,11.65,23.782512372262985
10,37,65,5,7.6,5.743646375275077
6,43,108,0,16.05,15.782985509052063
6,43,108,1,17.3,18.93784848558985
6,43,108,2,23.15,26.98396209837087
6,43,108,3,26.7,38.0347486551858
10,37,65,0,14.45,16.965832537314828
10,37,65,1,9.75,13.622253465329598
10,37,65,2,17.4,18.559718691153076
10,37,65,3,5.65,5.3633748212934185
10,37,65,4,8.4,9.253164465823513
10,37,65,5,9.25,11.929066668392267
7,16,22,0,24.55,34.510829726638754
7,16,22,1,32.6,43.438280473866776
7,16,22,2,32.85,51.90200787110872
7,16,22,3,14.55,14.046820205823694
6,43,108,0,29.3,30.770970598584427
6,43,108,1,18.1,19.152847802542798
6,43,108,2,14.15,11.35677400450822
6,43,108,3,13.45,11.971347371734597
7,16,22,0,9.55,6.916608539176591
7,16,22,1,14.05,12.795866931408588
7,16,22,2,9.8,10.164955277298256
7,16,22,3,17.35,12.720786966718356
10,37,65,0,16.25,18.133641315754016
10,37,65,1,11.1,12.607015590744032
10,37,65,2,8.35,9.745579294709662
10,37,65,3,11.1,15.368799562750501
10,37,65,4,9.35,13.275521597444317
10,37,65,5,11.9,12.413490115278025
6,43,108,0,24.8,27.69115382211438
6,43,108,1,46.1,108.41970106464677
6,43,108,2,19.210526315789473,25.041252514308866
6,43,108,3,20.94736842105263,23.747452925900003
10,37,65,0,9.65,5.527681535498833
10,37,65,1,11.6,12.08478817618074
10,37,65,2,10.95,9.997236460247665
10,37,65,3,7.0,5.505977612893482
10,37,65,4,11.1,10.637075181695984
10,37,65,5,15.35,19.320768754455862
7,16,22,0,17.7,16.367811801150904
7,16,22,1,24.9,38.96678747748895
7,16,22,2,32.85,48.37275766596863
7,16,22,3,19.3,25.690670024656608
6,43,108,0,20.3,18.702940945209658
6,43,108,1,20.95,16.630583747706325
6,43,108,2,13.3,10.892295683792186
6,43,108,3,15.6,16.132347367291203
10,37,65,0,10.3,5.885754434493329
10,37,65,1,10.65,9.549180179746488
10,37,65,2,12.4,10.570066971853757
10,37,65,3,10.6,9.063518545303069
10,37,65,4,8.0,7.77986605215499
10,37,65,5,7.95,9.795138428940414
7,9,22,0,36.6,109.6738706107195
7,9,22,1,17.94736842105263,20.06786730685685
7,9,22,2,20.94736842105263,19.126693633681832
7,9,22,3,20.105263157894736,20.78165520314626
6,43,108,0,23.0,26.403747740365233
6,43,108,1,19.2,18.469320222295245
6,43,108,2,19.4,15.114997780176378
6,43,108,3,25.15,47.841047119327186
10,27,65,0,15.75,12.863146050472624
10,27,65,1,16.75,23.23761696270216
10,27,65,2,13.45,17.297626852746077
10,27,65,3,10.45,11.366965062708784
10,27,65,4,13.8,16.314668891909257
10,27,65,5,8.25,10.818478344213226
10,27,65,0,6.8,5.745478771676862
10,27,65,1,11.5,12.529964086141668
10,27,65,2,6.45,5.443247869463694
10,27,65,3,5.2,5.615767276629541
10,27,65,4,6.7,6.25846794771944
10,27,65,5,7.75,8.353221880775925
7,9,22,0,35.6,109.4620337930246
7,9,22,1,17.473684210526315,16.85021734463397
7,9,22,2,27.157894736842106,30.406985962466543
7,9,22,3,20.57894736842105,18.48818177910083
6,35,108,0,37.7,37.45748467122074
6,35,108,1,26.8,18.76895533082559
6,35,108,2,26.4,23.018070704282938
6,35,108,3,27.15,25.45020938803327
10,27,65,0,8.4,7.61162545750007
10,27,65,1,14.1,21.27489254101132
10,27,65,2,8.4,9.22468085313011
10,27,65,3,13.8,15.873181619853094
10,27,65,4,14.8,15.216334713237059
10,27,65,5,13.65,14.33903395410033
7,9,22,0,15.4,19.706798185825168
7,9,22,1,18.75,23.350588857671234
7,9,22,2,22.2,30.07114371304368
7,9,22,3,25.05,20.78328022334553
6,35,108,0,23.45,18.947225876656788
6,35,108,1,11.2,8.470381834430643
6,35,108,2,16.35,14.615330811748397
6,35,108,3,11.35,10.796076285294335
7,9,22,0,23.25,25.03655222606382
7,9,22,1,12.75,12.104261972327635
7,9,22,2,14.05,14.791444895792404
7,9,22,3,19.25,17.725613344001744
10,27,65,0,8.5,8.73890273733674
10,27,65,1,10.9,11.733442981943805
10,27,65,2,11.3,12.074767078498864
10,27,65,3,12.2,13.249031742178866
10,27,65,4,5.4,5.133994033580688
10,27,65,5,33.55,107.98512324438613
6,35,108,0,23.1,25.56292545650315
6,35,108,1,30.95,34.11509158252708
6,35,108,2,19.5,18.36329290502631
6,35,108,3,21.65,24.583424025999822
10,27,65,0,8.65,6.531502607806987
10,27,65,1,9.8,9.035602097434232
10,27,65,2,10.6,15.090603559482759
10,27,65,3,8.15,8.19033448324111
10,27,65,4,10.05,10.065443750512783
10,27,65,5,8.9,8.552623481777543
7,9,22,0,12.05,16.61791994077161
7,9,22,1,14.1,14.093298145983391
7,9,22,2,16.45,12.84922688642968
7,9,22,3,35.6,47.455685700062936
10,26,65,0,12.05,15.762964588921049
10,26,65,1,18.35,32.193943529800755
10,26,65,2,18.55,22.94036892283534
10,26,65,3,9.45,8.580731167471749
10,26,65,4,19.15,30.553275300349508
10,26,65,5,12.75,13.396287781164956
6,35,108,0,23.35,24.208034768820475
6,35,108,1,20.7,23.35560340745483
6,35,108,2,26.4,26.75699613382009
6,35,108,3,38.85,109.76015718494192
7,19,22,0,19.35,17.768318938344642
7,19,22,1,31.3,63.20151563805545
7,19,22,2,17.1,26.161240916970847
7,19,22,3,22.0,27.38804964136539
6,35,108,0,19.1,17.672160681645433
6,35,108,1,10.8,9.960976489861771
6,35,108,2,15.6,19.446011632750114
6,35,108,3,16.3,22.059966121079107
10,26,65,0,47.25,112.07181673044815
10,26,65,1,14.368421052631579,19.431390772881418
10,26,65,2,10.368421052631579,21.315645079288565
10,26,65,3,15.631578947368421,28.23750564667848
10,26,65,4,9.368421052631579,10.45206266892271
10,26,65,5,10.263157894736842,10.169901699859016
7,19,22,0,33.3,32.72227633311981
7,19,22,1,21.8,26.301090631778994
7,19,22,2,43.0,107.79903329319502
7,19,22,3,23.894736842105264,18.37539035667634
6,25,108,0,32.95,27.479130837399996
6,25,108,1,33.75,51.14260249023004
6,25,108,2,24.05,17.406819595234868
6,25,108,3,29.0,40.37195483057645
10,26,65,0,14.1,14.418190265297367
10,26,65,1,14.0,14.4986387745812
10,26,65,2,17.35,31.168936965814982
10,26,65,3,13.05,18.76299549645525
10,26,65,4,12.05,12.734019913518853
10,26,65,5,9.15,9.549180179746488
7,19,22,0,33.8,45.961769009975185
7,19,22,1,19.25,19.665291358394015
7,19,22,2,20.2,19.946243545563846
7,19,22,3,23.65,19.38332164245171
10,26,65,0,9.15,10.742316715730022
10,26,65,1,10.35,11.846718399713284
10,26,65,2,9.3,16.26782423261199
10,26,65,3,8.85,7.929126851777498
10,26,65,4,9.45,11.292638496406688
10,26,65,5,6.65,5.815360784390903
6,25,108,0,22.3,17.818086612381137
6,25,108,1,24.1,26.763879822587285
6,25,108,2,20.75,19.675993922597794
6,25,108,3,18.5,21.719503726035345
7,19,22,0,20.45,20.564340623106734
7,19,22,1,16.8,14.695505936742773
7,19,22,2,21.9,21.903856906225922
7,19,22,3,28.25,31.026092584349573
10,26,65,0,9.7,10.473525521146414
10,26,65,1,15.6,15.855930320097572
10,26,65,2,18.85,43.508347656392026
10,26,65,3,10.45,9.219401738781787
10,26,65,4,13.95,12.987747262222513
10,26,65,5,16.75,18.119123366734588
6,25,108,0,28.95,36.82744257093872
6,25,108,1,23.75,32.11144245969193
6,25,108,2,22.3,19.740687344722964
6,25,108,3,16.65,17.562744660217547
10,34,65,0,9.6,9.571888665857902
10,34,65,1,8.3,12.135636951166854
10,34,65,2,10.55,10.757983571576776
10,34,65,3,8.5,7.330541733409829
10,34,65,4,11.6,12.754359419842546
10,34,65,5,7.15,6.046094868416699
7,19,22,0,24.6,26.88650610485334
7,19,22,1,38.2,65.04783664835887
7,19,22,2,28.55,33.93255694834434
7,19,22,3,20.45,17.309793394735276
6,25,108,0,17.35,16.740354646309335
6,25,108,1,17.75,30.968362463717877
6,25,108,2,17.05,23.500223963098513
6,25,108,3,17.95,23.92196744241137
10,34,65,0,11.7,10.152002654389765
10,34,65,1,12.15,8.863140705071466
10,34,65,2,14.15,20.79036973418728
10,34,65,3,12.7,16.58502812462906
10,34,65,4,11.85,9.696852446460195
10,34,65,5,11.7,15.617466604987335
6,25,108,0,19.3,16.303373883954205
6,25,108,1,20.45,20.843969214897122
6,25,108,2,24.0,42.732952895369806
6,25,108,3,18.9,19.907417289992562
7,16,22,0,14.05,12.163253546732685
7,16,22,1,13.3,11.603538480272208
7,16,22,2,32.05,33.090744452505945
7,16,22,3,30.0,29.682530747544885
10,34,65,0,15.55,15.19513426275523
10,34,65,1,12.4,15.932092735964362
10,34,65,2,9.45,9.196538250313194
10,34,65,3,11.3,11.7253661148092
10,34,65,4,5.75,4.011496636313919
10,34,65,5,10.4,11.504690119114121
7,16,22,0,20.0,24.5721279844504
7,16,22,1,20.35,25.48121082804265
7,16,22,2,22.0,21.265242211547683
7,16,22,3,17.85,21.43355706412383
6,29,108,0,22.65,21.20644142459401
6,29,108,1,20.45,27.473384249219517
6,29,108,2,28.8,27.972919234972878
6,29,108,3,17.85,16.837536386863352
10,34,65,0,18.1,29.188858725277534
10,34,65,1,11.55,17.694706315136948
10,34,65,2,12.25,12.573468306841908
10,34,65,3,11.1,10.330842937024727
10,34,65,4,12.25,9.233092656309694
10,34,65,5,10.4,9.167448132558912
6,29,108,0,15.7,9.454043969033624
6,29,108,1,20.0,24.35051063984188
6,29,108,2,15.8,16.3404567352259
6,29,108,3,10.65,10.373422517994825
7,16,22,0,17.5,19.096706797935497
7,16,22,1,23.5,33.16386746540817
7,16,22,2,20.0,25.817170948604605
7,16,22,3,19.8,18.568791021496256
10,34,65,0,9.5,9.800644447124249
10,34,65,1,10.15,8.779611548774149
10,34,65,2,10.9,7.210372645308322
10,34,65,3,8.7,7.2844462998045945
10,34,65,4,14.1,15.25881971016659
10,34,65,5,9.75,9.101041004655515
7,16,22,0,17.25,16.76737119652646
7,16,22,1,14.1,15.389333284693278
7,16,22,2,16.3,15.89471941442056
7,16,22,3,16.95,17.074064665759185
10,44,65,0,13.0,11.867691656895957
10,44,65,1,9.55,11.066664024518813
10,44,65,2,13.5,13.789775006752
10,44,65,3,11.05,14.38740311595712
10,44,65,4,14.45,14.601640138588612
10,44,65,5,9.6,14.080221290127062
6,29,108,0,38.35,53.723732871834315
6,29,108,1,25.3,23.89252250347266
6,29,108,2,25.1,23.199137915017445
6,29,108,3,11.95,8.592989798912281
7,16,22,0,20.45,18.488901364986795
7,16,22,1,23.7,22.532082390274216
7,16,22,2,17.15,15.135441154699404
7,16,22,3,29.7,39.13149223081745
6,29,108,0,22.85,18.647068345848275
6,29,108,1,15.75,13.404143114409774
6,29,108,2,24.1,33.09937191326493
6,29,108,3,19.95,19.367566485724204
10,44,65,0,14.2,13.379481541367344
10,44,65,1,18.05,25.621691057219053
10,44,65,2,15.8,24.89472571491907
10,44,65,3,17.2,17.194246283660064
10,44,65,4,16.1,13.419938034212574
10,44,65,5,14.55,21.958034136914325
7,1,22,0,19.3,21.665155142957573
7,1,22,1,14.85,12.917857896399811
7,1,22,2,13.9,12.173742234826562
7,1,22,3,29.75,35.98373170431911
10,44,65,0,7.3,5.912520167986076
10,44,65,1,8.1,9.508444999882444
10,44,65,2,8.3,6.720745572675071
10,44,65,3,10.4,14.173362710603147
10,44,65,4,12.1,13.293845034055183
10,44,65,5,12.4,19.794736142403323
6,29,108,0,23.0,24.79388719231543
6,29,108,1,20.7,16.594545711420395
6,29,108,2,21.45,21.881198369953665
6,29,108,3,23.9,28.793091276609356
7,1,22,0,21.4,22.077375892886124
7,1,22,1,17.75,23.467502726334697
7,1,22,2,15.95,16.60207659807715
7,1,22,3,30.85,31.17569059717084
10,44,65,0,10.1,7.18111558552232
10,44,65,1,20.1,21.501285151308856
10,44,65,2,12.1,13.466918531603364
10,44,65,3,11.95,13.140836310804895
10,44,65,4,11.95,16.25932930577655
10,44,65,5,14.25,14.77862966370164
7,22,108,0,34.8,39.78441906073281
7,22,108,1,23.75,21.763985219430264
7,22,108,2,19.5,14.420380314716134
7,22,108,3,21.05,20.319746683045974
10,44,65,0,10.45,12.601065117888375
10,44,65,1,7.8,8.563078639687578
10,44,65,2,7.4,5.509799881741814
10,44,65,3,8.95,7.214568594171103
10,44,65,4,10.95,8.923505329657234
10,44,65,5,4.95,4.7292482990094955
7,1,22,0,17.8,22.015783811668058
7,1,22,1,30.95,49.85080372049128
7,1,22,2,15.3,17.654878556424716
7,1,22,3,28.45,25.4299347019879
7,22,108,0,21.75,20.18304395174065
7,22,108,1,16.85,19.32349265585941
7,22,108,2,17.9,19.857121220305192
7,22,108,3,25.45,28.461377338421276
10,44,65,0,11.85,8.151686941977102
10,44,65,1,16.2,17.485633200460676
10,44,65,2,10.2,17.718857038106098
10,44,65,3,8.6,8.444244380517107
10,44,65,4,21.8,32.33964488949975
10,44,65,5,12.0,10.33135238510734
7,1,22,0,24.05,19.58913501220296
7,1,22,1,13.8,13.355858166678061
7,1,22,2,39.6,107.15281758213115
7,1,22,3,28.68421052631579,20.580607462093337
7,22,108,0,29.1,23.810435571514923
7,22,108,1,32.05,25.948278515052536
7,22,108,2,24.1,35.174602081316394
7,22,108,3,27.3,36.19842974204093
10,44,65,0,13.8,11.143088488055346
10,44,65,1,13.65,12.58769240170731
10,44,65,2,14.4,12.807892303699228
10,44,65,3,13.2,12.651606929348414
10,44,65,4,15.75,21.07599033073067
10,44,65,5,10.9,11.308590121067958
10,44,65,0,17.35,18.49971550279113
10,44,65,1,13.15,10.873797574178512
10,44,65,2,14.8,13.336140055463849
10,44,65,3,11.5,14.802204672206594
10,44,65,4,8.25,7.4753982467403315
10,44,65,5,6.25,6.656022203910333
7,22,108,0,28.55,20.140232058455062
7,22,108,1,18.4,23.439507808735858
7,22,108,2,21.0,36.48647911068888
7,22,108,3,27.35,22.23859849805951
7,1,22,0,20.25,36.08597190628309
7,1,22,1,19.15,18.48833202462114
7,1,22,2,27.3,27.38055399078158
7,1,22,3,51.5,77.0457826982045
10,44,65,0,18.45,26.142272683388327
10,44,65,1,10.25,15.50169769989556
10,44,65,2,8.45,7.366174469545876
10,44,65,3,13.9,20.65480701027194
10,44,65,4,7.8,5.156498199767991
10,44,65,5,13.75,30.6334440560777
7,12,22,0,21.55,19.077335685103026
7,12,22,1,20.25,13.656982020004891
7,12,22,2,21.6,19.481164992722693
7,12,22,3,21.25,23.612831034708314
7,22,108,0,35.95,41.03076509414035
7,22,108,1,20.4,33.901405032209134
7,22,108,2,32.65,38.73292493066087
7,22,108,3,25.55,28.537094972573573
10,44,65,0,17.85,17.20855050625461
10,44,65,1,19.8,29.644561052577586
10,44,65,2,18.0,18.995844420903165
10,44,65,3,22.35,33.307617273246265
10,44,65,4,20.9,35.941326455327456
10,44,65,5,11.35,10.363270160574443
7,12,22,0,30.6,30.660106086952112
7,12,22,1,11.55,14.759385952139425
7,12,22,2,23.15,33.17937691747058
7,12,22,3,24.6,20.71968298883684
7,7,108,0,30.15,26.00662870965988
7,7,108,1,24.45,27.275350352325543
7,7,108,2,31.45,22.110904668582826
7,7,108,3,32.1,25.066018095379544
10,30,65,0,10.75,10.968255630634589
10,30,65,1,14.45,18.23667502012013
10,30,65,2,9.3,10.583502554248733
10,30,65,3,10.5,12.504735944938286
10,30,65,4,13.85,16.909278051132944
10,30,65,5,10.7,10.647955079188728
7,12,22,0,12.85,15.698726062964473
7,12,22,1,39.85,109.71939088803813
7,12,22,2,44.26315789473684,112.2788404450986
7,12,22,3,16.38888888888889,19.02363511031626
10,30,65,0,13.0,13.537472359888195
10,30,65,1,9.9,10.351201303281307
10,30,65,2,9.5,7.4019911972529755
10,30,65,3,11.45,11.491301057756687
10,30,65,4,8.65,8.707377392339874
10,30,65,5,12.8,18.922556854049528
7,7,108,0,25.15,21.878311779380727
7,7,108,1,19.55,20.939700394981273
7,7,108,2,23.7,23.04937492016923
7,7,108,3,38.15,77.35174274224956
10,30,65,0,11.6,6.961548527069019
10,30,65,1,14.45,11.431604390782967
10,30,65,2,8.0,9.01460802779227
10,30,65,3,10.3,12.070407484509595
10,30,65,4,8.7,6.989465757763418
10,30,65,5,12.05,18.675835780635442
7,12,22,0,15.55,11.55979875985828
7,12,22,1,45.8,111.52087366568598
7,12,22,2,15.31578947368421,18.07408406033022
7,12,22,3,24.57894736842105,20.4974681078032
7,7,108,0,33.05,27.13412107137044
7,7,108,1,20.4,28.203023354168778
7,7,108,2,24.55,45.86648243027054
7,7,108,3,37.65,35.076270281232944
10,30,65,0,15.0,17.579892820462454
10,30,65,1,11.5,10.039396081648064
10,30,65,2,10.15,9.696852446460193
10,30,65,3,12.9,12.191023444796542
10,30,65,4,11.4,12.617448236470002
10,30,65,5,11.2,11.246519929574472
7,12,22,0,47.1,109.29915490596389
7,12,22,1,23.736842105263158,27.708486676795044
7,12,22,2,19.0,24.98888641865508
7,12,22,3,24.210526315789473,28.198855271029906
7,7,108,0,27.15,19.958575521366882
7,7,108,1,22.25,25.786318281722885
7,7,108,2,22.0,23.808446090897196
7,7,108,3,32.25,26.27361093528918
10,30,65,0,16.0,25.712990777753614
10,30,65,1,13.15,10.9172726495798
10,30,65,2,14.8,14.347565353708879
10,30,65,3,10.7,11.244179780996408
10,30,65,4,13.7,16.274293581564375
10,30,65,5,10.35,9.337389469507158
7,18,22,0,24.6,36.29615029608222
7,18,22,1,15.9,16.91744661584602
7,18,22,2,18.35,15.852195597555498
7,18,22,3,24.65,32.7273827084808
10,34,65,0,15.15,22.09375953807581
10,34,65,1,11.6,10.879241459625856
10,34,65,2,12.3,10.657836257149501
10,34,65,3,14.0,12.686503396170774
10,34,65,4,8.55,9.800510190801292
10,34,65,5,6.75,5.811739480523338
7,7,108,0,45.5,67.6636417956692
7,7,108,1,19.95,17.626161775819725
7,7,108,2,22.2,18.4664703263994
7,7,108,3,18.05,13.926404304130527
7,18,22,0,40.2,109.53663170013274
7,18,22,1,8.789473684210526,11.84426231166814
7,18,22,2,12.526315789473685,17.648948413912912
7,18,22,3,19.210526315789473,28.442102882421846
10,34,65,0,13.35,12.4489483808663
10,34,65,1,10.05,8.970565903641695
10,34,65,2,16.2,17.869703852875503
10,34,65,3,11.6,12.80378233590618
10,34,65,4,13.6,13.899640283115241
10,34,65,5,13.9,13.102430469593278
7,18,22,0,21.3,19.910589618275207
7,18,22,1,9.2,9.622342421895539
7,18,22,2,17.4,23.340500152490755
7,18,22,3,15.55,15.329623883874406
7,9,108,0,27.15,28.5606925317776
7,9,108,1,33.7,54.34403080569683
7,9,108,2,10.8,10.12344854910202
7,9,108,3,32.85,37.049433549189246
10,34,65,0,14.75,13.313526955694348
10,34,65,1,13.05,13.172838881977047
10,34,65,2,8.6,9.901621345171602
10,34,65,3,8.6,8.869818724783856
10,34,65,4,12.4,13.689796430765123
10,34,65,5,10.65,12.227126873429725
7,18,22,0,15.7,13.750023923424164
7,18,22,1,21.2,27.318010253503573
7,18,22,2,15.9,24.178938203146533
7,18,22,3,15.0,14.418555296634446
10,34,65,0,11.85,17.720861925098934
10,34,65,1,11.8,12.232828996726713
10,34,65,2,10.25,19.020418391546325
10,34,65,3,8.9,9.380270448351185
10,34,65,4,8.25,7.846387033130867
10,34,65,5,7.55,8.413491671432448
7,9,108,0,26.9,25.14568080521771
7,9,108,1,21.0,26.17351011192323
7,9,108,2,26.2,31.28914390512769
7,9,108,3,30.05,27.690916238096257
7,18,22,0,21.85,31.014894554238392
7,18,22,1,19.75,19.338739413551835
7,18,22,2,38.25,75.30071293434779
7,18,22,3,27.1,35.89590212647796
10,34,65,0,9.85,6.698585868045504
10,34,65,1,11.75,16.25414926783474
10,34,65,2,14.9,18.671396643839447
10,34,65,3,16.85,25.081498738061253
10,34,65,4,8.0,9.352736723041353
10,34,65,5,10.75,11.898142269853905
7,9,108,0,22.35,15.229040817153468
7,9,108,1,34.15,26.5989216243619
7,9,108,2,23.35,23.9303264983115
7,9,108,3,25.75,24.625350652058586
10,46,65,0,16.85,16.200308639035246
10,46,65,1,9.45,7.6466366875626415
10,46,65,2,8.45,9.838030397659033
10,46,65,3,9.85,13.366395412219013
10,46,65,4,8.65,9.54366695496906
10,46,65,5,13.6,18.400228831529013
7,11,22,0,25.5,28.78321879516824
7,11,22,1,16.35,15.991033671865518
7,11,22,2,27.15,39.972720961333515
7,11,22,3,24.5,24.801315754570258
7,9,108,0,17.15,15.489470107480317
7,9,108,1,13.5,13.100823598055522
7,9,108,2,17.9,23.239938400135774
7,9,108,3,25.7,23.84621783979921
10,46,65,0,13.65,8.892782407512758
10,46,65,1,11.25,9.424911000557037
10,46,65,2,12.4,10.091163409011292
10,46,65,3,14.1,15.831015527488406
10,46,65,4,12.5,24.429274931610447
10,46,65,5,15.65,18.58203716666065
7,11,22,0,21.75,27.09996115747847
7,11,22,1,23.1,25.81288947711772
7,11,22,2,13.8,18.529066781397106
7,11,22,3,20.4,29.837101594808892
7,9,108,0,18.6,16.769019053003667
7,9,108,1,15.75,14.646267712107983
7,9,108,2,25.05,33.429383545176634
7,9,108,3,25.35,29.48733001780506
10,46,65,0,8.75,6.6401886466543925
10,46,65,1,17.5,44.86881463016144
10,46,65,2,8.85,10.564463769488828
10,46,65,3,11.45,13.232635095813205
10,46,65,4,6.05,5.595816106229443
10,46,65,5,13.65,17.830414583248658
7,11,22,0,30.1,50.912618640589535
7,11,22,1,24.65,25.495665266245187
7,11,22,2,20.2,19.578720994729807
7,11,22,3,33.95,30.853601683468096
10,46,65,0,14.1,10.187195265058044
10,46,65,1,15.05,21.06999612819389
10,46,65,2,11.0,8.651133177980668
10,46,65,3,12.9,11.60716657024761
10,46,65,4,10.0,10.93521592692257
10,46,65,5,7.3,12.122619136838463
7,21,108,0,21.1,15.31047113304452
7,21,108,1,26.05,30.565675623414407
7,21,108,2,20.2,21.3383765968612
7,21,108,3,43.55,59.83000039585844
10,46,65,0,12.1,11.74689208617371
10,46,65,1,9.15,12.287241992793732
10,46,65,2,6.75,6.298496061091009
10,46,65,3,8.25,7.114662399062347
10,46,65,4,7.9,8.391098039934313
10,46,65,5,7.85,11.886635573750796
7,11,22,0,23.35,19.38875148663591
7,11,22,1,32.6,42.92269673187884
7,11,22,2,20.1,25.208394591777097
7,11,22,3,21.9,28.30454677999725
7,21,108,0,17.4,13.993983669683498
7,21,108,1,17.65,19.46190611100784
7,21,108,2,19.95,24.784279822415446
7,21,108,3,49.05,57.80227185482372
10,42,65,0,16.65,21.871093636169757
10,42,65,1,9.35,9.085992689733727
10,42,65,2,9.25,7.268352452132537
10,42,65,3,15.4,19.378229781734042
10,42,65,4,10.15,8.79159287405632
10,42,65,5,15.05,16.99372949370629
7,11,22,0,18.15,18.7371710497441
7,11,22,1,17.65,20.43545680274464
7,11,22,2,23.1,30.52677858088396
7,11,22,3,24.7,31.71766899246837
10,42,65,0,16.5,18.796696238267092
10,42,65,1,10.1,8.601713415605667
10,42,65,2,9.3,8.342030549225441
10,42,65,3,8.15,7.968853843492638
10,42,65,4,10.85,10.936539431504013
10,42,65,5,19.45,32.20898044106072
7,21,108,0,25.2,24.93697318398822
7,21,108,1,27.65,52.74693805031919
7,21,108,2,22.8,25.89574238526887
7,21,108,3,22.9,22.856301676250897
7,6,22,0,21.7,19.331185603632935
7,6,22,1,22.7,31.783974777103932
7,6,22,2,24.3,28.462533082522437
7,6,22,3,21.1,18.162714844601723
10,42,65,0,9.35,11.370668637470619
10,42,65,1,8.9,11.611700088590316
10,42,65,2,11.35,10.302145918512112
10,42,65,3,8.45,8.172321708380254
10,42,65,4,7.55,7.243690539468051
10,42,65,5,10.1,10.871982339941505
10,42,65,0,10.95,10.525532865620779
10,42,65,1,8.65,7.64525996941896
10,42,65,2,12.25,13.025784146514134
10,42,65,3,10.85,17.036416104457256
10,42,65,4,8.9,13.321529863147733
10,42,65,5,10.8,13.91931637764774
7,6,22,0,16.95,13.593632410259708
7,6,22,1,17.7,22.769092624594602
7,6,22,2,21.25,19.928490581127946
7,6,22,3,29.0,28.57124060088543
7,21,108,0,45.25,109.30781018948761
7,21,108,1,30.68421052631579,26.93005885948708
7,21,108,2,44.78947368421053,109.63047981863055
7,21,108,3,31.61111111111111,48.21293320370142
10,42,65,0,12.9,10.62717470004437
10,42,65,1,11.1,11.125598742019283
10,42,65,2,12.05,15.578240560068659
10,42,65,3,9.85,10.72760825847814
10,42,65,4,16.25,20.565364342172884
10,42,65,5,13.6,12.93465357703463
7,6,22,0,30.0,28.00563853001185
7,6,22,1,16.25,14.983763141972608
7,6,22,2,14.7,16.26782423261199
7,6,22,3,19.4,20.805869617161303
7,21,108,0,40.2,40.01789073586174
7,21,108,1,14.35,14.564827857764602
7,21,108,2,22.55,24.82671523729396
7,21,108,3,43.05,32.53900493415961
10,37,65,0,7.1,5.035662293764554
10,37,65,1,13.05,13.778224620182765
10,37,65,2,8.75,11.889291953598194
10,37,65,3,20.1,21.97103356215801
10,37,65,4,14.5,24.027396643699962
10,37,65,5,13.75,23.75948564036555
7,6,22,0,23.75,18.926102832359668
7,6,22,1,32.55,44.64064114800843
7,6,22,2,18.9,28.60235544220275
7,6,22,3,33.05,49.15868504943428
10,37,65,0,13.1,17.462440897688477
10,37,65,1,11.8,16.05123376140158
10,37,65,2,33.55,109.02219716041414
10,37,65,3,10.631578947368421,9.93428701415115
10,37,65,4,12.68421052631579,13.564875522953256
10,37,65,5,19.05263157894737,46.326706581517946
7,6,22,0,24.9,48.680375382369654
7,6,22,1,11.9,11.488667184848316
7,6,22,2,19.5,22.481571400406576
7,6,22,3,21.4,17.123083834403193
7,21,108,0,22.7,23.36236289419373
7,21,108,1,43.95,59.25633432718174
7,21,108,2,48.05,65.69665136062872
7,21,108,3,26.35,24.31216935913717
10,37,65,0,11.2,14.569615101660245
10,37,65,1,7.9,7.085195833567341
10,37,65,2,34.65,109.89529705947145
10,37,65,3,6.0,5.259911279353166
10,37,65,4,7.157894736842105,5.93729416386826
10,37,65,5,16.263157894736842,21.02337879933554
7,9,22,0,15.15,13.235816639152386
7,9,22,1,15.0,18.367591596413273
7,9,22,2,27.15,50.74007551391596
7,9,22,3,40.5,107.10128015353652
7,21,108,0,24.4,23.526916276335157
7,21,108,1,18.65,16.67735622112557
7,21,108,2,25.25,26.718562441631633
7,21,108,3,24.65,15.835586173984346
10,37,65,0,11.1,12.00833044182246
10,37,65,1,8.4,12.893899006078316
10,37,65,2,39.1,109.4786208401103
10,37,65,3,9.052631578947368,6.835151662224771
10,37,65,4,13.368421052631579,15.391955064310524
10,37,65,5,9.421052631578947,7.61078028904968
7,9,22,0,22.5,25.92397792737348
7,9,22,1,23.25,25.531971701131276
7,9,22,2,11.1,10.492603911427576
7,9,22,3,19.15,25.171569175099954
7,21,108,0,33.7,50.707728052147296
7,21,108,1,19.75,30.005043435711727
7,21,108,2,28.55,34.893032029482995
7,21,108,3,58.65,67.69690578328952
10,37,65,0,16.6,15.682373611965224
10,37,65,1,15.15,16.063279471154733
10,37,65,2,11.8,10.536153297849719
10,37,65,3,9.15,7.562198232343765
10,37,65,4,13.85,14.361040132393283
10,37,65,5,14.55,21.5247104021108
7,9,22,0,48.1,108.64713525905779
7,9,22,1,16.473684210526315,19.1496110231822
7,9,22,2,46.73684210526316,110.75992160487533
7,9,22,3,33.166666666666664,35.805438298737606
10,24,65,0,14.3,12.359100631561045
10,24,65,1,15.3,16.58502812462906
10,24,65,2,7.8,11.8125713587374
10,24,65,3,34.05,108.98356950041888
10,24,65,4,12.789473684210526,8.83540194249136
10,24,65,5,11.368421052631579,9.804820392234454
7,21,108,0,24.3,17.973957769360002
7,21,108,1,24.95,30.247183426943376
7,21,108,2,30.15,41.24927431578582
7,21,108,3,27.55,25.942192822139237
10,24,65,0,13.6,14.434607536640618
10,24,65,1,7.7,7.526094954434066
10,24,65,2,7.5,5.548826333938604
10,24,65,3,10.95,10.600273084863625
10,24,65,4,7.1,6.0948641019347285
10,24,65,5,11.2,13.496978219313817
7,9,22,0,21.0,26.74637211011302
7,9,22,1,43.25,109.39733230654883
7,9,22,2,50.578947368421055,111.60660862027525
7,9,22,3,23.944444444444443,17.811008566159046
7,21,108,0,35.15,32.18249769509409
7,21,108,1,17.45,13.99802617664738
7,21,108,2,19.5,17.641160004823647
7,21,108,3,31.2,43.29045111678482
10,24,65,0,12.2,9.242920477174323
10,24,65,1,14.15,16.70888512454566
10,24,65,2,11.8,11.086264616988663
10,24,65,3,14.65,14.124540048403253
10,24,65,4,12.95,16.487555115426016
10,24,65,5,11.8,12.984200925902622
7,9,22,0,20.15,28.771833814559535
7,9,22,1,18.85,21.33264116201668
7,9,22,2,51.1,113.65038726865734
7,9,22,3,12.105263157894736,15.491555896473644
7,1,108,0,23.45,25.601141010756372
7,1,108,1,17.65,19.156625897831635
7,1,108,2,13.9,13.416015566635666
7,1,108,3,38.15,31.38768615405193
10,24,65,0,19.35,16.226278232027145
10,24,65,1,13.35,14.042323244579693
10,24,65,2,13.25,14.447272552649041
10,24,65,3,12.3,14.338391600322907
10,24,65,4,13.85,16.959006301574455
10,24,65,5,14.8,17.6891283888691
7,1,108,0,21.15,20.866177618841757
7,1,108,1,17.75,19.487850466110256
7,1,108,2,17.25,12.8672370567144
7,1,108,3,29.5,30.004385644347675
7,2,22,0,21.55,34.81450846988939
7,2,22,1,40.3,109.40369473218276
7,2,22,2,20.842105263157894,18.080877430450403
7,2,22,3,34.0,42.782395133200914
10,24,65,0,16.45,17.9486841622971
10,24,65,1,11.3,14.857569398157041
10,24,65,2,10.15,9.056983348136455
10,24,65,3,7.85,8.628441342444187
10,24,65,4,17.35,18.37410935900954
10,24,65,5,11.45,19.521850106456288
10,28,65,0,12.85,18.824046771141035
10,28,65,1,11.05,15.574861661969061
10,28,65,2,20.7,15.54991961394013
10,28,65,3,15.9,29.777950160974374
10,28,65,4,9.15,8.68922502752388
10,28,65,5,13.9,27.839578036729613
7,2,22,0,26.95,23.45090055503424
7,2,22,1,28.35,29.515874408617194
7,2,22,2,21.2,18.39794038816073
7,2,22,3,21.0,16.482845947418056
7,1,108,0,25.05,35.30986890524041
7,1,108,1,40.85,37.37051328464589
7,1,108,2,25.25,43.3235987716431
7,1,108,3,30.7,32.190387581257525
10,28,65,0,15.1,13.6724848548193
10,28,65,1,12.65,13.723874702215307
10,28,65,2,14.15,19.955938306283933
10,28,65,3,12.05,23.950552130763523
10,28,65,4,11.65,9.75097835847093
10,28,65,5,10.3,12.27792199116172
7,2,22,0,20.35,24.967926794610978
7,2,22,1,24.0,27.65006900153187
7,2,22,2,11.8,9.660554631566123
7,2,22,3,23.25,20.72596896344497
7,1,108,0,28.15,25.809575946270712
7,1,108,1,21.95,17.886999101081916
7,1,108,2,23.9,26.3975676710444
7,1,108,3,34.35,55.00074162179423
10,28,65,0,11.9,17.654282319327688
10,28,65,1,6.75,4.8218253804964775
10,28,65,2,12.65,16.365158754275242
10,28,65,3,9.8,11.50560504138835
10,28,65,4,9.1,11.196333986481562
10,28,65,5,9.4,7.162769238073689
7,2,22,0,20.25,22.052270440454592
7,2,22,1,28.15,69.12557223518736
7,2,22,2,16.75,13.844531506395548
7,2,22,3,18.15,17.82746255227119
10,28,65,0,15.6,23.571615401401296
10,28,65,1,12.2,18.30041702142043
10,28,65,2,13.8,16.916513265227906
10,28,65,3,10.75,17.34442121745263
10,28,65,4,11.75,13.775932483482695
10,28,65,5,12.65,15.263561700647514
7,1,108,0,30.65,29.84746308535415
7,1,108,1,20.6,28.31291317811678
7,1,108,2,15.7,18.067417605938275
7,1,108,3,33.8,27.488945146424918
7,2,22,0,24.1,21.018538183432764
7,2,22,1,26.95,38.64477223445148
7,2,22,2,17.7,21.379035476249552
7,2,22,3,19.6,16.743891266275057
10,28,65,0,14.55,13.751459252710141
10,28,65,1,13.6,18.10611993076839
10,28,65,2,7.7,10.829297493860176
10,28,65,3,10.4,10.075504427753689
10,28,65,4,8.75,8.83697376159723
10,28,65,5,10.45,9.665320535431382
7,20,108,0,27.85,28.000516912521828
7,20,108,1,18.7,19.15339738999187
7,20,108,2,21.15,20.55102763469762
7,20,108,3,23.15,32.53868143415901
10,31,65,0,13.0,13.905697431363578
10,31,65,1,9.0,9.54215025971334
10,31,65,2,12.45,14.288291120980658
10,31,65,3,10.25,6.74244216258393
10,31,65,4,10.85,11.882206954318848
10,31,65,5,15.4,15.031195631261777
7,6,22,0,31.9,65.71781781942678
7,6,22,1,17.4,17.771650991040996
7,6,22,2,22.6,31.746363239706188
7,6,22,3,36.0,26.375826252959655
7,20,108,0,26.5,33.53788117463908
7,20,108,1,23.95,26.71186410961478
7,20,108,2,24.1,25.577333715616255
7,20,108,3,28.8,28.199664051750315
10,31,65,0,16.25,17.525545265186622
10,31,65,1,13.05,9.928560610152596
10,31,65,2,10.95,10.39471019317037
10,31,65,3,10.6,9.516744246465363
10,31,65,4,15.65,14.622531280617306
10,31,65,5,10.2,8.445490855449059
7,6,22,0,22.3,23.802034411059555
7,6,22,1,27.1,27.79606181874653
7,6,22,2,19.85,23.44820720337978
7,6,22,3,27.85,28.683894252239952
10,31,65,0,7.3,7.519098490195693
10,31,65,1,11.5,11.63705515289753
10,31,65,2,9.85,11.296366439561089
10,31,65,3,7.95,10.044506222963768
10,31,65,4,12.5,9.75219273588739
10,31,65,5,6.35,8.119340133934918
7,6,22,0,19.8,20.37180714408492
7,6,22,1,17.2,19.438431818923753
7,6,22,2,16.4,18.033302526159762
7,6,22,3,15.0,10.33135238510734
7,20,108,0,21.35,27.373200493606113
7,20,108,1,30.7,28.769684336851963
7,20,108,2,21.7,26.915266651983377
7,20,108,3,29.35,27.849737785782512
10,31,65,0,16.65,17.159545448525144
10,31,65,1,15.2,15.405398916921095
10,31,65,2,8.6,6.435101111543584
10,31,65,3,8.25,11.920239312327496
10,31,65,4,10.95,16.413970301320507
10,31,65,5,14.0,15.279845686738014
7,6,22,0,18.25,15.77764908109937
7,6,22,1,16.8,24.725013969449513
7,6,22,2,15.4,19.361926828864835
7,6,22,3,25.85,37.178481325683684
7,20,108,0,28.15,19.834247362102065
7,20,108,1,26.1,28.878875907559323
7,20,108,2,22.25,19.487850466110253
7,20,108,3,29.0,23.87908135410132
10,31,65,0,13.7,15.838327928760267
10,31,65,1,9.85,9.068598220464425
10,31,65,2,15.7,16.013481162675667
10,31,65,3,14.4,13.359010363598676
10,31,65,4,8.5,13.469263254966064
10,31,65,5,13.85,14.213688731937992
7,6,22,0,29.3,41.130216834367715
7,6,22,1,22.65,39.253930409980335
7,6,22,2,15.25,17.18590303585746
7,6,22,3,21.55,20.68428083555748
10,37,65,0,13.15,7.988643254810643
10,37,65,1,6.5,6.52525458265201
10,37,65,2,8.65,13.27155644701539
10,37,65,3,11.4,10.480056247338009
10,37,65,4,9.1,13.633935988052599
10,37,65,5,10.8,11.39528988569169
7,20,108,0,22.1,18.52139587782621
7,20,108,1,23.5,24.934651433402134
7,20,108,2,19.8,27.483200610363298
7,20,108,3,28.5,28.88725816360089
7,6,22,0,33.4,33.933991652525705
7,6,22,1,16.65,16.943481901526866
7,6,22,2,22.5,20.3922069738211
7,6,22,3,26.45,38.18579923424275
10,37,65,0,11.5,12.015341071007166
10,37,65,1,13.05,13.778224620182765
10,37,65,2,14.35,17.22077998111278
10,37,65,3,13.3,16.454402706298783
10,37,65,4,13.5,13.180927209618568
10,37,65,5,10.5,8.617607434476048
7,9,108,0,17.3,15.546534560541309
7,9,108,1,33.3,42.80568088220855
7,9,108,2,22.65,27.78730304520962
7,9,108,3,34.05,32.66814801510551
7,6,22,0,21.75,26.391535724446523
7,6,22,1,25.2,23.78323159840054
7,6,22,2,15.05,11.50503322349328
7,6,22,3,18.7,12.039846125961997
10,37,65,0,9.0,8.366600265340756
10,37,65,1,37.05,108.95652199024401
10,37,65,2,13.736842105263158,27.706481602813042
10,37,65,3,12.31578947368421,15.297249685914666
10,37,65,4,12.157894736842104,21.013919085254837
10,37,65,5,7.631578947368421,5.397638643330675
7,9,108,0,16.8,12.890633074160151
7,9,108,1,20.45,22.139450380664258
7,9,108,2,19.4,21.04731511818575
7,9,108,3,27.75,40.09708612592034
10,37,65,0,9.85,7.110222440816795
10,37,65,1,11.9,11.196333986481562
10,37,65,2,11.15,8.969392398596462
10,37,65,3,7.75,8.533987776439632
10,37,65,4,11.45,11.789714518216826
10,37,65,5,12.75,10.098853504495604
7,6,22,0,22.75,25.492775034259576
7,6,22,1,29.3,26.20184806660139
7,6,22,2,19.25,16.485639683963548
7,6,22,3,26.45,24.74602573088625
10,37,65,0,11.75,8.403476724108396
10,37,65,1,9.7,8.712362662211365
10,37,65,2,14.65,13.401786997891069
10,37,65,3,15.95,16.50031897618314
10,37,65,4,12.6,16.249372457518408
10,37,65,5,11.65,9.620564596628139
7,9,108,0,35.3,30.798325313322852
7,9,108,1,25.0,22.124052165246002
7,9,108,2,29.4,29.986663702386096
7,9,108,3,38.45,44.69484251419196
7,6,22,0,45.55,60.73971647855081
7,6,22,1,23.15,20.951761639286413
7,6,22,2,19.4,15.922179168495882
7,6,22,3,26.35,34.894238704073224
10,41,65,0,23.35,35.357237031848456
10,41,65,1,26.4,46.213919069794045
10,41,65,2,14.8,18.869635870751107
10,41,65,3,12.45,21.41685268538233
10,41,65,4,11.2,15.849954341624423
10,41,65,5,16.0,24.260163963905015
7,9,108,0,23.6,21.86658108669603
7,9,108,1,22.2,21.14511266164558
7,9,108,2,17.7,15.539762241627628
7,9,108,3,20.9,18.741735020508305
7,6,22,0,15.4,12.08478817618074
7,6,22,1,20.15,22.808758705466865
7,6,22,2,14.3,10.731655093816219
7,6,22,3,26.15,18.579204560617313
10,41,65,0,9.35,9.404786015641186
10,41,65,1,11.75,13.969421492749985
10,41,65,2,11.2,8.829376803424017
10,41,65,3,16.5,21.88366369788444
10,41,65,4,7.55,9.366654179925497
10,41,65,5,12.85,15.553896110316744
7,2,22,0,19.35,19.09608667543666
7,2,22,1,19.5,23.189153544389303
7,2,22,2,13.75,21.824358675089346
7,2,22,3,27.6,39.716627831624756
7,9,108,0,27.9,29.10760436001128
7,9,108,1,28.65,58.27003834236814
7,9,108,2,23.2,30.09563703298291
7,9,108,3,22.1,18.1916695799276
10,41,65,0,8.1,7.08519583356734
10,41,65,1,6.95,5.679835060614829
10,41,65,2,6.15,6.876925567661606
10,41,65,3,6.7,6.440823745943977
10,41,65,4,10.05,11.709083293706103
10,41,65,5,4.65,4.987088592714085
10,41,65,0,13.05,13.402572416085693
10,41,65,1,7.45,6.38645771185116
10,41,65,2,8.4,16.216950196760504
10,41,65,3,9.25,10.310316754539958
10,41,65,4,10.3,8.838313723425086
10,41,65,5,4.75,5.838844514384494
7,15,108,0,26.25,25.124689052802225
7,15,108,1,20.1,22.713084566529396
7,15,108,2,23.0,23.56625598292252
7,15,108,3,18.45,17.670894892896325
7,2,22,0,31.35,26.14992200853822
7,2,22,1,25.35,27.07353533969056
7,2,22,2,64.7,148.36338745405521
7,2,22,3,33.166666666666664,32.32782447511922
10,41,65,0,11.55,14.558321910237638
10,41,65,1,13.55,15.915814710367071
10,41,65,2,14.95,13.659294117540396
10,41,65,3,14.75,14.78930979493385
10,41,65,4,13.15,11.658631318063295
10,41,65,5,8.25,6.111895218170444
7,15,108,0,20.95,20.132390764505267
7,15,108,1,18.3,22.67180024426356
7,15,108,2,15.25,11.634228086035392
7,15,108,3,20.7,19.968659655095845
10,34,65,0,10.8,12.232828996726713
10,34,65,1,10.5,8.888194417315589
10,34,65,2,12.6,10.840469983985205
10,34,65,3,9.0,12.15686940310747
10,34,65,4,10.5,8.958970805552212
10,34,65,5,10.25,11.493132961171113
7,2,22,0,27.35,28.64349838968697
7,2,22,1,21.35,21.48751167294009
7,2,22,2,32.4,41.809593459673316
7,2,22,3,25.05,27.929375216785644
7,15,108,0,26.1,24.29403218899654
7,15,108,1,19.35,18.39701062672955
7,15,108,2,10.45,7.996545306699967
7,15,108,3,32.45,39.908414888935
10,34,65,0,17.95,19.022078584744897
10,34,65,1,12.05,9.93386022386909
10,34,65,2,10.4,8.184709749539719
10,34,65,3,7.8,7.26636084983398
10,34,65,4,11.15,9.091783450775182
10,34,65,5,8.4,8.975991368792172
10,34,65,0,12.3,16.973973885737077
10,34,65,1,12.6,9.922860368600217
10,34,65,2,10.35,8.21599851381117
10,34,65,3,13.25,16.081617488692846
10,34,65,4,7.25,8.264540615118747
10,34,65,5,7.9,5.866048611781995
7,2,22,0,19.65,15.908537926137916
7,2,22,1,43.45,108.22027974168438
7,2,22,2,42.0,110.8056356368614
7,2,22,3,34.77777777777778,32.16420289253906
7,15,108,0,32.75,36.10784285705079
7,15,108,1,24.7,31.36223004960283
7,15,108,2,33.6,50.75990958475627
7,15,108,3,33.85,35.52652826447183
10,34,65,0,15.45,16.937889634283188
10,34,65,1,35.4,89.37525855685824
10,34,65,2,9.95,11.722560345446364
10,34,65,3,11.263157894736842,10.826110952810945
10,34,65,4,9.473684210526315,8.656201508826115
10,34,65,5,10.105263157894736,12.413678552495162
7,2,22,0,20.85,20.225765225260783
7,2,22,1,16.05,15.041958858998035
7,2,22,2,16.7,18.032426931853394
7,2,22,3,32.5,26.972695745688334
7,15,108,0,28.35,28.912344841097312
7,15,108,1,15.45,11.85204845718996
7,15,108,2,28.75,38.713352789580576
7,15,108,3,25.35,23.229461783193386
10,34,65,0,7.85,8.387176929223878
10,34,65,1,12.65,16.474142418379557
10,34,65,2,8.75,8.397211316546514
10,34,65,3,6.95,7.956956572379722
10,34,65,4,10.05,8.23647216253479
10,34,65,5,9.5,9.179496603558219
11,4,65,0,9.85,13.993513534942952
11,4,65,1,7.8,6.040216099306034
11,4,65,2,13.3,15.444637972618949
11,4,65,3,15.65,18.804464755393653
11,4,65,4,16.4,18.698156396596403
11,4,65,5,11.4,8.683923440230775
7,9,22,0,29.85,36.05299461976261
7,9,22,1,32.75,46.24633698154402
7,9,22,2,29.15,28.98325287762609
7,9,22,3,25.3,24.437029710106575
7,2,108,0,27.35,23.47736872192587
7,2,108,1,21.8,18.509172690431374
7,2,108,2,33.0,31.28645242374338
7,2,108,3,29.25,26.0179593843621
11,4,65,0,14.3,9.050152659369605
11,4,65,1,16.0,18.87354037576918
11,4,65,2,10.25,11.063810136514551
11,4,65,3,12.8,11.651067265321775
11,4,65,4,11.05,6.613184597931301
11,4,65,5,15.55,12.270954151551283
7,2,108,0,21.05,15.709450725765786
7,2,108,1,26.9,34.7864159815596
7,2,108,2,31.5,30.69116107971565
7,2,108,3,24.25,16.061968811614072
7,9,22,0,28.2,44.08795037673051
7,9,22,1,40.7,52.62088838794762
7,9,22,2,27.0,20.424443560029783
7,9,22,3,32.55,26.870988072640724
11,4,65,0,12.85,14.437797615980077
11,4,65,1,9.55,9.68707766481773
11,4,65,2,9.95,9.450563892950349
11,4,65,3,13.05,13.003946769306129
11,4,65,4,5.5,4.850393364405993
11,4,65,5,15.55,14.121558733108452
7,2,108,0,35.85,42.74068073245539
7,2,108,1,21.8,25.72649668297157
7,2,108,2,21.9,20.375165482053212
7,2,108,3,18.95,23.529321013756874
11,4,65,0,16.0,21.442702107808397
11,4,65,1,9.65,14.517774949133363
11,4,65,2,15.9,16.801942243618583
11,4,65,3,11.6,13.960093499913093
11,4,65,4,13.5,15.706183830781928
11,4,65,5,13.95,19.674923928161636
7,9,22,0,53.2,110.1227066790305
7,9,22,1,18.0,27.21927421679147
7,9,22,2,43.473684210526315,110.67086760151705
7,9,22,3,38.94444444444444,57.0040991531437
11,4,65,0,12.9,13.297803538455831
11,4,65,1,6.5,8.133750348814628
11,4,65,2,9.45,9.621658681821636
11,4,65,3,9.0,9.564187587585593
11,4,65,4,8.3,9.712173587280741
11,4,65,5,13.5,11.659647010997059
7,2,108,0,31.3,27.591188524790418
7,2,108,1,36.85,40.66069484481491
7,2,108,2,32.05,47.173225010536825
7,2,108,3,23.95,22.347671490619145
11,4,65,0,11.95,11.413173367463996
11,4,65,1,13.9,10.803995362340437
11,4,65,2,12.4,11.78044767266597
11,4,65,3,10.65,11.277714400766813
11,4,65,4,9.25,9.748819091777758
11,4,65,5,15.15,11.757528383304482
7,9,22,0,30.0,30.683443160938214
7,9,22,1,23.1,28.66668706649621
7,9,22,2,40.0,63.354474772380605
7,9,22,3,27.15,43.45145506618186
11,4,65,0,10.4,11.047266868468324
11,4,65,1,10.45,7.366174469545878
11,4,65,2,12.05,20.63587831143154
11,4,65,3,12.4,18.365872240595998
11,4,65,4,10.6,13.468872496084796
11,4,65,5,11.0,6.609403189873938
7,2,108,0,43.15,72.26360735092334
7,2,108,1,23.55,21.29115210350856
7,2,108,2,35.4,47.10838566539932
7,2,108,3,33.2,41.87399645301805
7,9,22,0,53.4,117.4906043275936
7,9,22,1,18.0,21.90383020792888
7,9,22,2,13.473684210526315,15.41776904546119
7,9,22,3,19.894736842105264,19.03182929504648
11,4,65,0,10.55,8.172321708380256
11,4,65,1,8.55,7.4936815490047834
11,4,65,2,8.0,8.441750878504816
11,4,65,3,8.3,12.859974625496779
11,4,65,4,10.85,9.92750034791713
11,4,65,5,15.9,16.117659487916384
7,0,108,0,24.0,21.151085576221178
7,0,108,1,19.8,23.428727305551508
7,0,108,2,23.95,21.39964338118991
7,0,108,3,21.9,23.76840007457934
7,0,22,0,38.45,40.92930361900678
7,0,22,1,22.5,27.71566154247165
7,0,22,2,12.15,13.330909867474794
7,0,22,3,20.1,23.761756093175833
11,4,65,0,13.4,12.381650259876295
11,4,65,1,10.1,8.564922342721042
11,4,65,2,12.3,7.92132365334561
11,4,65,3,12.35,14.872351599705512
11,4,65,4,11.8,14.659647443165023
11,4,65,5,21.7,26.717035763721995
7,0,108,0,25.0,24.539978123783847
7,0,108,1,29.25,40.3626651355198
7,0,108,2,22.45,23.76302966684527
7,0,108,3,23.2,19.069402331042202
7,0,22,0,41.7,109.33728597904357
7,0,22,1,18.31578947368421,16.30627906182478
7,0,22,2,15.736842105263158,21.44461109531343
7,0,22,3,33.31578947368421,74.0090479690595
11,4,65,0,22.8,21.367954363584047
11,4,65,1,14.65,23.54229117321019
11,4,65,2,15.75,15.874093426248415
11,4,65,3,13.4,16.934548927220384
11,4,65,4,10.9,10.020505292438575
11,4,65,5,22.65,24.273171241213273
7,0,108,0,24.2,22.070699795740143
7,0,108,1,20.15,22.434172711806376
7,0,108,2,33.35,49.864315898245316
7,0,108,3,19.1,13.194496460346839
11,10,65,0,18.35,20.241372431105972
11,10,65,1,16.75,27.858429698444205
11,10,65,2,19.45,25.522899934228313
11,10,65,3,17.65,23.857636976558748
11,10,65,4,29.7,41.89975505518154
11,10,65,5,15.1,19.158342967573105
7,0,22,0,83.7,149.25361672422937
7,0,22,1,43.5,113.75476719163697
7,0,22,2,19.647058823529413,20.645644747956496
7,0,22,3,21.470588235294116,18.014291711925644
7,0,108,0,37.3,58.0146079607723
7,0,108,1,37.85,61.3182165772173
7,0,108,2,16.842105263157894,26.71092817950223
7,0,108,3,27.842105263157894,20.886633572414297
11,10,65,0,15.3,10.868108826915758
11,10,65,1,10.4,13.035982590708807
11,10,65,2,12.5,17.230633675001776
11,10,65,3,7.8,6.7714571237620165
11,10,65,4,10.95,9.907333806725942
11,10,65,5,11.25,8.219841207327804
11,10,65,0,12.4,13.124505003197163
11,10,65,1,7.2,5.317300462690285
11,10,65,2,8.4,12.93465357703463
11,10,65,3,10.35,7.61767335663725
11,10,65,4,8.7,7.240965332562255
11,10,65,5,7.55,5.276312508202156
7,0,22,0,31.6,44.129474575568985
7,0,22,1,57.85,107.05693271388482
7,0,22,2,30.42105263157895,41.52952870411564
7,0,22,3,32.421052631578945,37.73638943671345
7,0,108,0,49.8,88.90894218243741
7,0,108,1,33.4,30.14770655499877
7,0,108,2,36.55,56.51127041759481
7,0,108,3,21.55,20.124546415287295
11,10,65,0,24.0,19.873282779174975
11,10,65,1,22.0,26.461491384950122
11,10,65,2,9.15,16.64892915791473
11,10,65,3,13.8,27.015784859576954
11,10,65,4,20.95,31.324238134978508
11,10,65,5,12.95,9.087151137153695
7,3,108,0,31.55,30.86383507909336
7,3,108,1,12.9,12.895939793512326
7,3,108,2,22.45,26.634909818744113
7,3,108,3,37.65,36.04569468415275
7,0,22,0,29.45,25.236721365168613
7,0,22,1,41.95,109.36730724826704
7,0,22,2,17.210526315789473,31.309528097810773
7,0,22,3,31.31578947368421,23.65035266727644
11,10,65,0,15.5,15.813052569916646
11,10,65,1,12.65,11.89991154323603
11,10,65,2,11.25,14.197386712831493
11,10,65,3,7.6,7.192100930150638
11,10,65,4,7.5,5.27656187902292
11,10,65,5,9.8,7.702357807157084
7,4,22,0,18.7,17.072908672113133
7,4,22,1,22.1,31.40046932267431
7,4,22,2,21.9,21.051065731241557
7,4,22,3,20.75,16.707625110772184
11,14,65,0,14.1,10.867140232927209
11,14,65,1,13.3,18.20092536687424
11,14,65,2,12.75,22.828594718950733
11,14,65,3,14.95,18.158585036459087
11,14,65,4,8.7,7.1899052039721125
11,14,65,5,15.3,12.405856002626129
7,3,108,0,27.5,27.816125576817186
7,3,108,1,21.2,25.128302349091722
7,3,108,2,32.65,42.97033860699726
7,3,108,3,38.45,47.23566337775772
11,14,65,0,13.5,14.940231802612352
11,14,65,1,9.65,12.244332738476453
11,14,65,2,9.05,6.708007783317833
11,14,65,3,5.2,5.454114815536306
11,14,65,4,7.4,7.748684098810448
11,14,65,5,11.9,12.173742234826559
7,3,108,0,25.3,22.89127620548469
7,3,108,1,17.4,15.974980438172686
7,3,108,2,19.75,22.116616758494175
7,3,108,3,24.45,29.105027599693962
11,14,65,0,14.9,15.76438357417391
11,14,65,1,8.7,7.6440551376457515
11,14,65,2,18.7,26.752471602491333
11,14,65,3,13.3,16.046314546534223
11,14,65,4,9.75,7.859791077978707
11,14,65,5,19.1,23.151446470668102
7,4,22,0,53.85,95.86408964889057
7,4,22,1,41.5,109.0386218393812
7,4,22,2,35.31578947368421,41.00413614852226
7,4,22,3,27.22222222222222,20.960903537876963
11,14,65,0,12.1,14.505534334032287
11,14,65,1,9.25,11.125480474544624
11,14,65,2,10.55,10.184999289460741
11,14,65,3,9.2,9.384197242957804
11,14,65,4,8.65,8.499380782398829
11,14,65,5,14.8,11.8481621937084
7,3,108,0,36.0,56.76080931139205
7,3,108,1,52.8,108.6164667170925
7,3,108,2,23.263157894736842,27.090059893422897
7,3,108,3,41.10526315789474,46.71175766435649
7,4,22,0,20.35,22.055611530855362
7,4,22,1,53.1,119.7110116730682
7,4,22,2,26.736842105263158,27.116706833125665
7,4,22,3,36.21052631578947,34.53915483005149
11,14,65,0,11.85,10.178796330452935
11,14,65,1,12.7,15.977286509621285
11,14,65,2,13.15,13.4801022954107
11,14,65,3,12.2,14.11829719865231
11,14,65,4,9.7,8.873971400734433
11,14,65,5,12.0,10.891812473016985
7,4,22,0,18.15,17.538754081657057
7,4,22,1,15.0,12.195771484627906
7,4,22,2,13.5,17.418985407640108
7,4,22,3,20.05,22.20354405091792
7,3,108,0,20.65,20.358045092788256
7,3,108,1,29.55,34.341129246062025
7,3,108,2,39.95,106.77742467887408
7,3,108,3,43.78947368421053,60.75595896459542
11,3,65,0,13.35,12.541614938402386
11,3,65,1,22.1,38.4514731768977
11,3,65,2,12.4,13.73202173944651
11,3,65,3,7.9,8.315489668146586
11,3,65,4,13.3,12.239281024635394
11,3,65,5,21.2,16.966220309159826
7,4,22,0,26.0,25.694562193502918
7,4,22,1,19.1,17.127693795045555
7,4,22,2,17.15,19.05746158608914
7,4,22,3,24.2,31.726794254765334
11,3,65,0,11.55,9.058145505565696
11,3,65,1,11.65,14.379352887862659
11,3,65,2,13.1,13.509840468106358
11,3,65,3,12.2,16.3404567352259
11,3,65,4,8.1,8.162172053539361
11,3,65,5,16.45,23.471090840929353
7,18,108,0,33.7,55.63896779094761
7,18,108,1,20.75,20.47559522944327
7,18,108,2,20.9,35.13867265264118
7,18,108,3,37.7,108.2993414957868
11,3,65,0,11.9,13.186516239185988
11,3,65,1,10.9,14.592355605085258
11,3,65,2,9.4,10.60486482208693
11,3,65,3,7.1,5.937392658309483
11,3,65,4,15.3,20.33172268570524
11,3,65,5,11.4,10.485077114893487
7,18,108,0,24.6,29.288761990691384
7,18,108,1,23.9,20.9281980515335
7,18,108,2,13.95,14.712955265057357
7,18,108,3,23.55,20.314565684438552
8,36,22,0,44.75,58.86190350481817
8,36,22,1,30.5,37.65983480971122
8,36,22,2,17.3,21.645711864137503
8,36,22,3,50.0,108.88284384700155
8,36,22,4,22.842105263157894,26.03259315613311
11,3,65,0,13.8,19.217864496074313
11,3,65,1,16.6,17.04915494124346
11,3,65,2,10.15,11.824483965595775
11,3,65,3,11.65,8.67103466174961
11,3,65,4,6.25,7.253855599102562
11,3,65,5,16.15,24.394293983375878
7,18,108,0,26.75,32.1671211675917
7,18,108,1,25.5,22.25096094908925
7,18,108,2,20.95,15.895961089137343
7,18,108,3,27.65,30.608349394104525
11,3,65,0,12.95,13.096705089850895
11,3,65,1,10.0,11.19680405529326
11,3,65,2,10.35,10.291923251294012
11,3,65,3,9.05,10.85538915397373
11,3,65,4,7.95,6.977218568123577
11,3,65,5,16.85,24.788101984621573
8,36,22,0,17.4,15.998026194042286
8,36,22,1,20.8,22.871724672041772
8,36,22,2,14.9,18.923391261666215
8,36,22,3,39.25,108.66407676388445
8,36,22,4,22.31578947368421,23.727744266010973
11,12,65,0,9.8,10.13384116917693
11,12,65,1,9.65,7.889199812668616
11,12,65,2,8.2,9.892048907023629
11,12,65,3,13.75,9.135673282018654
11,12,65,4,9.8,6.879412459612643
11,12,65,5,10.6,12.06299255880083
7,18,108,0,33.6,40.57533603972791
7,18,108,1,14.75,14.025822051150028
7,18,108,2,16.35,28.879559334733987
7,18,108,3,21.25,16.914257455270032
8,36,22,0,44.55,110.85575027223915
8,36,22,1,19.0,32.034703404623905
8,36,22,2,16.210526315789473,13.648683075945543
8,36,22,3,15.210526315789474,24.79825026840138
8,36,22,4,12.263157894736842,16.016804041253252
11,12,65,0,9.25,6.950009466104874
11,12,65,1,27.05,51.66947077846178
11,12,65,2,15.4,17.747942801468866
11,12,65,3,8.8,9.012272334521352
11,12,65,4,13.45,17.61421375809291
11,12,65,5,17.65,29.79274902953472
7,18,108,0,28.65,31.2616715046262
7,18,108,1,26.8,21.746385059542533
7,18,108,2,26.35,27.69813788154834
7,18,108,3,21.1,20.292337158849424
11,12,65,0,14.55,11.27864773529354
11,12,65,1,12.15,14.914757792200314
11,12,65,2,19.55,17.670894892896328
11,12,65,3,16.35,15.728870538632217
11,12,65,4,11.7,12.039846125961997
11,12,65,5,11.25,11.350284021486909
7,9,108,0,22.95,21.695197140089977
7,9,108,1,26.3,21.89953135763892
7,9,108,2,13.2,15.96245595138793
7,9,108,3,28.7,36.29716532356647
8,36,22,0,26.4,30.012979648285857
8,36,22,1,29.15,36.55748897284932
8,36,22,2,11.2,10.928475600346484
8,36,22,3,10.4,12.110891140231024
8,36,22,4,59.65,147.79013392040258
11,12,65,0,14.4,14.083958773613409
11,12,65,1,12.65,21.981511369905007
11,12,65,2,38.15,108.9805752851107
11,12,65,3,12.473684210526315,12.194572659145596
11,12,65,4,6.315789473684211,6.146838677807817
11,12,65,5,12.736842105263158,10.743691199247833
7,9,108,0,15.85,20.27514682924315
7,9,108,1,27.15,35.15271195647267
7,9,108,2,14.05,13.46916556630854
7,9,108,3,32.5,40.8263330913298
8,36,22,0,15.3,14.682965425424474
8,36,22,1,18.05,17.187740428940376
8,36,22,2,40.6,108.54899451642248
8,36,22,3,19.736842105263158,20.165542958398554
8,36,22,4,17.105263157894736,15.530953812171017
11,12,65,0,14.35,14.120813305934352
11,12,65,1,7.4,10.994735582373766
11,12,65,2,10.65,14.001033796417358
11,12,65,3,14.25,12.225404955083878
11,12,65,4,12.65,15.163234622287103
11,12,65,5,13.45,11.403946685248927
7,9,108,0,21.9,17.17985356227033
7,9,108,1,17.95,17.9486841622971
7,9,108,2,15.15,11.926419147598768
7,9,108,3,30.7,30.20473995566712
11,12,65,0,8.2,4.969379925313144
11,12,65,1,11.25,11.688388300045117
11,12,65,2,10.9,10.171684122835158
11,12,65,3,12.7,18.014906108699627
11,12,65,4,9.2,8.179563751074669
11,12,65,5,9.7,8.891746616651693
8,31,22,0,29.85,28.724233304778885
8,31,22,1,41.4,108.79454320681229
8,31,22,2,29.0,34.070188989463766
8,31,22,3,23.736842105263158,25.33298707057912
8,31,22,4,19.68421052631579,21.066172545837418
7,9,108,0,34.15,35.38253360360909
7,9,108,1,36.1,38.21256337907731
7,9,108,2,22.5,27.50023923340917
7,9,108,3,40.8,55.51728038235151
11,12,65,0,8.8,6.653847323956744
11,12,65,1,7.6,9.080922744673959
11,12,65,2,32.55,109.91263276850965
11,12,65,3,9.0,11.234866364235144
11,12,65,4,6.894736842105263,11.613664063613005
11,12,65,5,10.105263157894736,12.196970192279107
8,31,22,0,28.45,33.044587103519774
8,31,22,1,19.05,28.418813264603802
8,31,22,2,16.6,16.34947287094892
8,31,22,3,12.4,11.165737065260238
8,31,22,4,28.55,66.09441014663479
7,9,108,0,18.55,18.84416704391434
7,9,108,1,26.0,24.42604304727576
7,9,108,2,20.5,15.295338127058605
7,9,108,3,19.7,20.076432897672255
11,12,65,0,35.55,109.67918528239771
11,12,65,1,11.526315789473685,16.517224750250644
11,12,65,2,14.947368421052632,20.45991659646986
11,12,65,3,8.473684210526315,8.952767548843527
11,12,65,4,10.842105263157896,14.922999243876832
11,12,65,5,13.578947368421053,14.174765486885034
11,12,65,0,7.0,6.774565435664878
11,12,65,1,10.7,19.35839271275001
11,12,65,2,8.1,8.723229725400177
11,12,65,3,9.05,8.726698296486175
11,12,65,4,12.1,17.462440897688477
11,12,65,5,14.35,13.075791210839736
8,31,22,0,19.95,26.42661138840325
8,31,22,1,13.7,12.346318436982274
8,31,22,2,41.45,108.96811460239182
8,31,22,3,17.736842105263158,14.502268425101096
8,31,22,4,19.94736842105263,30.33786355220619
7,22,108,0,34.35,41.1419557910874
7,22,108,1,35.8,59.681258629313
7,22,108,2,15.75,13.859729624460856
7,22,108,3,20.35,21.971931855749148
11,12,65,0,6.5,5.744562646538028
11,12,65,1,37.55,109.83934440330282
11,12,65,2,6.368421052631579,5.448858456551442
11,12,65,3,5.473684210526316,7.441388916448861
11,12,65,4,10.894736842105264,16.924324167836414
11,12,65,5,10.736842105263158,9.145989438383229
7,22,108,0,36.55,34.96084275751644
7,22,108,1,17.3,12.994330747635578
7,22,108,2,20.5,14.802204672206592
7,22,108,3,22.25,19.912638145025806
8,31,22,0,23.15,20.951761639286413
8,31,22,1,41.65,96.6808504415702
8,31,22,2,15.9,20.83494028890184
8,31,22,3,11.65,11.645080280394899
8,31,22,4,9.473684210526315,9.54735810492231
11,18,65,0,12.85,13.765995480855985
11,18,65,1,14.25,17.740453325958903
11,18,65,2,8.5,7.660562024180457
11,18,65,3,9.8,10.605857368752224
11,18,65,4,13.65,18.725931921156537
11,18,65,5,16.0,18.30444294642553
7,22,108,0,24.7,33.91490900226004
7,22,108,1,21.25,16.539824348332246
7,22,108,2,22.05,25.148977168695726
7,22,108,3,36.4,51.97003185034925
11,18,65,0,11.7,14.275853739794337
11,18,65,1,13.05,14.412987564218453
11,18,65,2,9.3,7.967697943968243
11,18,65,3,12.45,10.753090131140029
11,18,65,4,8.95,9.654423583872944
11,18,65,5,10.35,11.1933956091598
8,31,22,0,21.85,27.77972566269755
8,31,22,1,23.2,25.88761134312379
8,31,22,2,18.2,20.15100885550738
8,31,22,3,20.1,23.346136838097173
8,31,22,4,42.8,109.12841301107512
7,22,108,0,20.95,15.233187453714342
7,22,108,1,14.5,11.997806817125063
7,22,108,2,15.7,13.989093496081342
7,22,108,3,22.05,24.286610996271392
11,18,65,0,8.95,11.19903661270163
11,18,65,1,10.45,7.126488764129441
11,18,65,2,8.8,7.4169081372084875
11,18,65,3,8.95,9.13336854904211
11,18,65,4,13.25,18.923321729103428
11,18,65,5,14.85,18.10575657222397
11,18,65,0,7.3,6.250052631357342
11,18,65,1,6.5,4.9894625804895325
11,18,65,2,8.6,7.272153087381741
11,18,65,3,5.25,3.024026594146497
11,18,65,4,10.85,8.511756575466665
11,18,65,5,10.8,17.043597346989745
7,22,108,0,17.85,13.156047238717578
7,22,108,1,18.9,15.457582026476947
7,22,108,2,14.7,16.37745562141992
7,22,108,3,19.2,18.68464046947878
8,32,22,0,22.75,26.895264697672985
8,32,22,1,23.7,43.38214524796796
8,32,22,2,15.4,28.79948829954778
8,32,22,3,39.65,107.72737276154683
8,32,22,4,18.31578947368421,18.378890764433912
7,6,108,0,30.3,24.413326817863013
7,6,108,1,11.5,13.244661287914424
7,6,108,2,20.05,17.515331629896796
7,6,108,3,14.25,12.739805005530789
11,18,65,0,14.65,14.187744897028487
11,18,65,1,12.8,20.38730254994902
11,18,65,2,16.2,15.726611707213785
11,18,65,3,11.9,11.665964891174037
11,18,65,4,15.85,18.545179541070134
11,18,65,5,12.85,11.1131737851501
8,32,22,0,20.4,19.900806648554678
8,32,22,1,18.0,19.322743621251917
8,32,22,2,20.25,25.416271207737438
8,32,22,3,25.25,35.350686734935984
8,32,22,4,22.25,24.808476904392773
11,19,65,0,9.65,12.905629126776219
11,19,65,1,7.8,7.20087713955372
11,19,65,2,6.55,6.8169679940262995
11,19,65,3,6.55,5.539095499029461
11,19,65,4,9.5,9.394847411998603
11,19,65,5,12.6,14.489197427920677
7,6,108,0,45.35,37.45070444141064
7,6,108,1,28.45,35.49570025851167
7,6,108,2,35.0,33.543373335680506
7,6,108,3,27.8,42.606646380458926
11,19,65,0,9.0,12.026286997547016
11,19,65,1,18.2,24.75479751482528
11,19,65,2,34.95,109.21079327805036
11,19,65,3,12.842105263157896,9.358674869960888
11,19,65,4,15.578947368421053,17.07277166027071
11,19,65,5,14.157894736842104,10.761366899416618
8,32,22,0,28.0,35.31661305808836
8,32,22,1,60.5,112.82053751073217
8,32,22,2,24.05263157894737,17.53876241741426
8,32,22,3,21.157894736842106,17.74280185156391
8,32,22,4,15.947368421052632,19.51772323986167
7,6,108,0,29.55,34.376361217067696
7,6,108,1,25.7,18.023668649277464
7,6,108,2,26.75,22.545567892136745
7,6,108,3,32.5,28.95822762823065
8,32,22,0,17.8,13.717449509753319
8,32,22,1,23.35,23.21132890365574
8,32,22,2,14.6,15.013677974293625
8,32,22,3,14.7,15.654493217435588
8,32,22,4,13.05,12.89012269755004
11,19,65,0,19.4,19.418927283506296
11,19,65,1,16.45,31.6302237208588
11,19,65,2,15.65,17.69708569525681
11,19,65,3,11.15,11.721662357407018
11,19,65,4,23.25,35.072668921300505
11,19,65,5,15.45,14.79500271250931
11,19,65,0,12.65,10.747215061537913
11,19,65,1,12.8,11.100497855122487
11,19,65,2,7.8,5.596991673164584
11,19,65,3,10.55,10.664624256218115
11,19,65,4,12.75,10.691240881158155
11,19,65,5,9.3,8.590692637965812
7,6,108,0,31.85,36.571883074008475
7,6,108,1,23.85,21.59989035059888
7,6,108,2,23.25,23.55257277264049
7,6,108,3,28.2,20.965133963446622
8,32,22,0,30.15,55.59465612335132
8,32,22,1,25.7,55.29071493383619
8,32,22,2,14.947368421052632,14.796672614741338
8,32,22,3,64.15789473684211,150.38441968571917
8,32,22,4,39.529411764705884,117.82991855162402
11,19,65,0,16.25,13.388427838995883
11,19,65,1,17.5,19.845455531762376
11,19,65,2,16.35,24.49119068262365
11,19,65,3,12.2,12.228525753551127
11,19,65,4,16.75,16.861276095804474
11,19,65,5,13.65,13.846052068901692
7,6,108,0,29.05,18.34314729351479
7,6,108,1,33.65,31.258304159812774
7,6,108,2,22.2,18.933679265433746
7,6,108,3,31.75,33.17874240185154
11,4,65,0,12.8,9.74733431845802
11,4,65,1,10.4,10.256705123966467
11,4,65,2,10.6,11.78044767266597
11,4,65,3,9.95,9.528212954445506
11,4,65,4,10.1,9.464059438350523
11,4,65,5,11.55,14.369100620135518
8,35,22,0,14.3,13.42072239015785
8,35,22,1,27.65,24.7136761626773
8,35,22,2,10.3,9.32512170091319
8,35,22,3,12.75,10.607221968769053
8,35,22,4,14.15,16.24572818344953
7,18,108,0,28.75,29.23205702469015
7,18,108,1,27.35,30.065323617259242
7,18,108,2,32.85,50.76496408890061
7,18,108,3,20.5,22.156144448935724
11,4,65,0,12.15,15.131963381844198
11,4,65,1,10.35,9.969822888148647
11,4,65,2,17.15,22.937615624260417
11,4,65,3,10.15,14.925340514496954
11,4,65,4,12.9,19.374155329635464
11,4,65,5,22.25,26.596151284685813
8,35,22,0,27.9,33.0309264971959
8,35,22,1,20.75,15.643646768273896
8,35,22,2,22.2,27.44103726749026
8,35,22,3,19.5,16.43648060677352
8,35,22,4,20.1,23.298746295613597
11,4,65,0,12.75,14.490922748578267
11,4,65,1,10.95,13.690084771564841
11,4,65,2,9.35,12.541614938402384
11,4,65,3,12.95,14.046820205823694
11,4,65,4,11.2,12.090013277603608
11,4,65,5,13.35,28.74255052228865
7,18,108,0,47.15,56.80092197176121
7,18,108,1,22.15,32.74667520286762
7,18,108,2,37.5,68.55616214769502
7,18,108,3,25.5,19.712405925417148
8,35,22,0,33.75,38.03305349159777
8,35,22,1,20.05,17.75113043101614
8,35,22,2,15.55,17.258026355415343
8,35,22,3,22.8,35.615785973726815
8,35,22,4,25.5,30.439759318503505
11,4,65,0,13.15,10.302145918512112
11,4,65,1,13.2,15.288798789344199
11,4,65,2,31.8,109.8983262168408
11,4,65,3,9.789473684210526,9.69867658422427
11,4,65,4,8.789473684210526,11.217936764983028
11,4,65,5,13.68421052631579,14.118752823339236
7,18,108,0,25.65,21.408987291371474
7,18,108,1,27.2,18.466470326399396
7,18,108,2,17.25,13.73384218100061
7,18,108,3,22.75,20.81465829649865
11,4,65,0,15.25,15.720837663499527
11,4,65,1,8.4,8.756351078533017
11,4,65,2,8.75,9.574500124370928
11,4,65,3,8.35,9.109133646482178
11,4,65,4,9.2,9.018110433426378
11,4,65,5,12.45,10.231401612065104
8,35,22,0,24.75,29.163558731655794
8,35,22,1,32.7,46.59353919522365
8,35,22,2,22.0,33.26132573235295
8,35,22,3,11.65,13.511301312527035
8,35,22,4,20.0,27.60434748368452
7,18,108,0,25.25,35.44732934784702
7,18,108,1,22.8,22.617180242135916
7,18,108,2,30.0,64.38126566339817
7,18,108,3,24.75,35.90612761075747
11,22,65,0,12.0,19.560970807896226
11,22,65,1,13.0,15.252264715358452
11,22,65,2,14.25,22.773195231513554
11,22,65,3,10.4,8.481558943099031
11,22,65,4,14.55,13.858210562695314
11,22,65,5,13.45,11.700089968165111
8,35,22,0,15.35,13.075791210839734
8,35,22,1,19.95,23.275184435924796
8,35,22,2,12.35,14.62613018575065
8,35,22,3,17.85,18.52246147107259
8,35,22,4,10.6,11.686249229441907
7,18,108,0,21.45,32.156647835245515
7,18,108,1,13.85,12.679344993874258
7,18,108,2,18.85,36.08217959340215
7,18,108,3,19.5,20.556725112926454
8,31,22,0,22.45,32.18118934048928
8,31,22,1,14.75,12.756319383369418
8,31,22,2,19.0,21.94010986874568
8,31,22,3,17.65,16.461358260771608
8,31,22,4,14.05,15.267698961498663
11,22,65,0,21.5,25.92397792737348
11,22,65,1,38.2,97.78741712187934
11,22,65,2,12.578947368421053,14.017115686322299
11,22,65,3,9.31578947368421,7.1651365155557025
11,22,65,4,18.68421052631579,20.669496127758862
11,22,65,5,13.68421052631579,11.855859458882428
7,10,108,0,50.65,50.19674449498431
7,10,108,1,33.75,51.7502860403994
7,10,108,2,33.8,37.46942613300666
7,10,108,3,18.57894736842105,16.833550458908885
11,22,65,0,14.3,16.686269174005563
11,22,65,1,13.9,15.966741749814304
11,22,65,2,16.85,25.32582414100383
11,22,65,3,11.55,12.717476578563682
11,22,65,4,15.65,19.831593613806177
11,22,65,5,15.55,14.971815626633088
8,31,22,0,22.85,31.997162703162157
8,31,22,1,17.3,16.708333880211743
8,31,22,2,19.8,18.76054089670237
8,31,22,3,20.65,25.371502870242765
8,31,22,4,25.9,23.62848414854188
7,10,108,0,37.15,41.21736348472059
7,10,108,1,15.85,12.70008288410583
7,10,108,2,29.45,39.509459227140184
7,10,108,3,13.55,12.223682794175884
11,22,65,0,15.35,13.079815707698957
11,22,65,1,10.65,9.35428412968878
11,22,65,2,8.8,8.08897885689958
11,22,65,3,11.4,15.567848108741366
11,22,65,4,9.65,8.68922502752388
11,22,65,5,12.05,11.15665956420554
8,31,22,0,17.95,18.363221251644333
8,31,22,1,22.6,38.87821741635905
8,31,22,2,12.25,9.824111048575176
8,31,22,3,21.85,30.548107013451148
8,31,22,4,21.55,31.329278386367704
11,22,65,0,18.15,18.87430723719974
11,22,65,1,14.45,16.226926939341805
11,22,65,2,11.95,10.287831340190728
11,22,65,3,7.85,7.693298519182988
11,22,65,4,7.6,6.730918448317046
11,22,65,5,18.8,14.961705503683305
7,10,108,0,26.85,41.488457494382196
7,10,108,1,22.45,24.633043703636446
7,10,108,2,29.1,23.69521381829539
7,10,108,3,21.85,17.16261236402823
8,31,22,0,15.9,16.820726562942017
8,31,22,1,19.2,17.3557210346208
8,31,22,2,11.9,9.530560264085654
8,31,22,3,20.75,26.586254857885134
8,31,22,4,16.85,13.581237057057798
11,23,65,0,8.05,6.684428094262696
11,23,65,1,14.15,13.307200267049728
11,23,65,2,7.65,5.815360784390903
11,23,65,3,13.45,10.399772264713048
11,23,65,4,11.15,9.560197091119651
11,23,65,5,8.65,7.005824644349046
7,10,108,0,19.05,19.31041442494588
7,10,108,1,23.25,22.991703309077206
7,10,108,2,23.25,24.44946452970849
7,10,108,3,32.85,33.85460397828212
11,23,65,0,9.65,6.26834150817885
11,23,65,1,8.45,9.3497818719279
11,23,65,2,11.5,15.578325023131207
11,23,65,3,9.0,13.122900834639783
11,23,65,4,7.1,4.865561037591278
11,23,65,5,13.25,19.702724898375166
8,31,22,0,19.85,14.180323654535124
8,31,22,1,27.3,32.75282229703347
8,31,22,2,24.7,27.581649124391614
8,31,22,3,18.25,40.40697568750384
8,31,22,4,15.75,15.406338408521824
11,23,65,0,16.95,14.99289305321902
11,23,65,1,10.6,9.648561387176082
11,23,65,2,9.2,10.060867389622972
11,23,65,3,9.75,13.285825450258512
11,23,65,4,10.45,10.081118359012608
11,23,65,5,17.9,37.08156017838459
7,10,108,0,25.7,26.647997851127283
7,10,108,1,18.85,16.027197279361694
7,10,108,2,44.75,103.96197432361102
7,10,108,3,16.736842105263158,20.71725557023838
8,26,22,0,16.35,12.027490441309421
8,26,22,1,21.15,24.62193074647499
8,26,22,2,22.1,28.765659350947214
8,26,22,3,17.15,17.953961591863376
8,26,22,4,19.75,18.372963546300422
11,23,65,0,11.6,15.294994021092755
11,23,65,1,14.95,14.12528527890769
11,23,65,2,8.0,5.920526292395581
11,23,65,3,9.3,9.245767168078364
11,23,65,4,7.9,9.02569431649094
11,23,65,5,9.75,13.242177432654145
7,18,108,0,30.75,28.661132676776564
7,18,108,1,16.65,19.464610261486843
7,18,108,2,19.45,18.004312348931705
7,18,108,3,35.5,105.81985685712846
11,23,65,0,18.9,23.224080062229422
11,23,65,1,14.5,19.132501968612143
11,23,65,2,11.6,8.068130938582074
11,23,65,3,12.4,12.76673308580588
11,23,65,4,10.75,12.306930011818118
11,23,65,5,8.35,7.292930968085681
8,26,22,0,58.6,111.35074976705012
8,26,22,1,18.05263157894737,18.92521446879951
8,26,22,2,23.63157894736842,18.794829449481252
8,26,22,3,18.31578947368421,20.529254550461907
8,26,22,4,17.210526315789473,19.216829855821757
7,18,108,0,18.5,11.91858345521595
7,18,108,1,34.35,50.91197253464474
7,18,108,2,20.7,23.29919808875291
7,18,108,3,42.8,54.54076215861037
11,2,65,0,10.1,12.694383341503936
11,2,65,1,11.65,10.707965554473429
11,2,65,2,11.7,16.667333320000534
11,2,65,3,12.1,15.923831858338357
11,2,65,4,8.6,12.206124433423186
11,2,65,5,16.95,17.055559365296638
8,26,22,0,13.75,15.293187337745145
8,26,22,1,11.9,15.31047113304452
8,26,22,2,9.6,10.693825075100214
8,26,22,3,58.3,148.74743695270854
8,26,22,4,12.722222222222221,21.023251988762503
11,2,65,0,10.85,12.274384966905245
11,2,65,1,11.05,11.69559071211297
11,2,65,2,12.35,16.721480040260854
11,2,65,3,14.45,22.406472279232176
11,2,65,4,8.4,9.287229488870585
11,2,65,5,10.2,9.220115309245838
7,18,108,0,25.9,20.9281980515335
7,18,108,1,22.1,20.209169362341186
7,18,108,2,17.4,21.25137766432047
7,18,108,3,26.35,28.336836728708338
8,26,22,0,20.6,24.602952326050115
8,26,22,1,43.3,110.09522194326529
8,26,22,2,20.526315789473685,32.3253743143278
8,26,22,3,16.36842105263158,20.303832496233014
8,26,22,4,15.789473684210526,15.29552929369458
11,2,65,0,12.75,13.415917490252507
11,2,65,1,14.65,13.7123647620832
11,2,65,2,37.4,109.57736992645881
11,2,65,3,9.368421052631579,9.025953481893751
11,2,65,4,8.578947368421053,10.605636810854062
11,2,65,5,14.31578947368421,24.69604698817415
7,18,108,0,38.1,72.31284373070287
7,18,108,1,22.75,34.83324939131999
7,18,108,2,18.85,22.062769306541828
7,18,108,3,26.736842105263158,22.345375124926502
11,2,65,0,15.8,13.555344644126635
11,2,65,1,13.65,16.993110058893993
11,2,65,2,15.4,25.958266100557804
11,2,65,3,17.25,25.97949596366942
11,2,65,4,5.55,4.148239956516752
11,2,65,5,27.05,45.38081556178372
7,18,108,0,29.55,29.7878021662347
7,18,108,1,25.55,33.896863695938784
7,18,108,2,24.9,30.31744330284222
7,18,108,3,23.4,19.974720866240173
8,26,22,0,27.75,33.05000199060429
8,26,22,1,21.8,24.28688188259142
8,26,22,2,21.0,21.923311313471064
8,26,22,3,14.6,12.910216272802185
8,26,22,4,44.35,106.39216186008797
11,2,65,0,8.35,7.278483069257885
11,2,65,1,8.35,6.861601777090276
11,2,65,2,9.2,7.134792439720637
11,2,65,3,6.35,8.719457974462692
11,2,65,4,8.1,6.496152707564685
11,2,65,5,14.5,12.684428912730178
7,1,108,0,29.8,35.835295743897966
7,1,108,1,39.05,89.46417983575442
7,1,108,2,17.0,15.205992970609392
7,1,108,3,24.68421052631579,24.29003598089588
8,34,22,0,23.6,29.05783706225985
8,34,22,1,20.35,25.852364240860165
8,34,22,2,18.7,27.581649124391614
8,34,22,3,19.2,16.573917365611102
8,34,22,4,20.6,27.789433811773627
11,19,65,0,10.25,9.765001953809058
11,19,65,1,14.9,12.6237036854024
11,19,65,2,11.7,10.0530173527522
11,19,65,3,13.95,11.541572455122486
11,19,65,4,11.8,16.07744415404127
11,19,65,5,14.2,10.571062785787086
11,19,65,0,11.75,10.16120071645079
11,19,65,1,13.0,12.798026163600797
11,19,65,2,10.4,9.298556764075638
11,19,65,3,17.6,17.61398965535484
11,19,65,4,9.85,9.609616893617833
11,19,65,5,12.1,9.31269648326808
7,1,108,0,27.45,22.469804299618588
7,1,108,1,19.15,24.544856895080894
7,1,108,2,30.05,44.7842488757869
7,1,108,3,26.1,50.75109539911948
8,34,22,0,18.85,18.66117557079967
8,34,22,1,23.1,25.827158288575962
8,34,22,2,14.15,12.287241992793732
8,34,22,3,16.95,20.410201267735545
8,34,22,4,21.95,37.12776659902369
11,19,65,0,12.2,10.526157893552615
11,19,65,1,10.8,10.102631236204596
11,19,65,2,9.7,7.705773638540198
11,19,65,3,12.8,9.61139674388801
11,19,65,4,11.95,13.204763893144179
11,19,65,5,13.25,8.533987776439632
8,34,22,0,19.05,17.86933568700126
8,34,22,1,27.45,27.821754078418564
8,34,22,2,15.35,26.833355126938955
8,34,22,3,15.25,15.874093426248416
8,34,22,4,15.2,21.062813327358665
7,1,108,0,23.1,18.002631386608606
7,1,108,1,16.95,22.933485056617652
7,1,108,2,29.45,31.86067531580188
7,1,108,3,28.65,30.757583574923782
11,19,65,0,13.2,9.539943727076668
11,19,65,1,10.65,7.08798093142261
11,19,65,2,13.85,21.95995158656345
11,19,65,3,15.55,14.412987564218454
11,19,65,4,10.75,10.477419328702736
11,19,65,5,10.3,11.934470199693342
7,1,108,0,23.1,17.109246499757777
7,1,108,1,21.05,22.293437788305614
7,1,108,2,15.25,13.764466074490121
7,1,108,3,26.55,22.813834676169172
8,34,22,0,20.95,20.22108071452062
8,34,22,1,20.1,26.781572612132905
8,34,22,2,16.95,16.410763476899447
8,34,22,3,14.6,16.582806568377094
8,34,22,4,28.0,40.59945553173939
11,19,65,0,11.2,12.862020795635823
11,19,65,1,12.05,17.715515055572347
11,19,65,2,12.1,9.988941253627486
11,19,65,3,8.35,7.191186125719237
11,19,65,4,14.45,16.5830446064965
11,19,65,5,18.0,25.25866188063018
7,1,108,0,33.85,28.901420471374035
7,1,108,1,22.5,22.293496809607955
7,1,108,2,13.25,19.05083227909783
7,1,108,3,27.9,34.62262722251842
11,20,65,0,13.65,13.02335957949569
11,20,65,1,8.5,9.511765567470968
11,20,65,2,9.45,11.085671168817786
11,20,65,3,7.75,7.461303681768954
11,20,65,4,7.6,8.635300866364274
11,20,65,5,15.55,20.25229031882307
8,34,22,0,32.8,26.87514993838223
8,34,22,1,13.85,13.519089816762229
8,34,22,2,48.15,109.02885904779137
8,34,22,3,17.842105263157894,17.202271031900725
8,34,22,4,14.894736842105264,13.93992960623907
11,20,65,0,12.25,10.391671766624615
11,20,65,1,11.15,9.696852446460195
11,20,65,2,9.3,7.908023906467604
11,20,65,3,9.45,12.189188479528637
11,20,65,4,9.35,10.358190250384371
11,20,65,5,13.65,10.64387642088905
8,24,108,0,15.4,14.84445670062876
8,24,108,1,17.9,19.344249791604742
8,24,108,2,21.55,21.37749677630785
8,24,108,3,24.6,29.403544362077024
8,24,108,4,11.85,11.20279570370483
11,20,65,0,8.05,7.877182237323192
11,20,65,1,8.15,9.292186870812774
11,20,65,2,11.1,10.607346014611016
11,20,65,3,9.85,10.22522680227166
11,20,65,4,12.2,16.5262152192716
11,20,65,5,13.8,10.957333521196515
8,35,22,0,28.1,31.59430328397827
8,35,22,1,30.3,30.368092673587174
8,35,22,2,22.7,22.690364289251665
8,35,22,3,31.15,38.8143692871325
8,35,22,4,26.45,28.63467717370156
8,24,108,0,25.75,29.379324989558643
8,24,108,1,31.55,33.4104852750718
8,24,108,2,23.0,26.048537690040757
8,24,108,3,14.4,15.537391232629417
8,24,108,4,24.35,18.296605955031225
11,20,65,0,11.75,12.03448990894176
11,20,65,1,9.75,11.74229870797743
11,20,65,2,13.0,12.789798566373946
11,20,65,3,7.85,6.072153870874728
11,20,65,4,7.45,9.506092229390802
11,20,65,5,25.1,29.74081016841478
11,20,65,0,12.5,10.060344244397875
11,20,65,1,17.3,14.81855167296084
11,20,65,2,8.65,11.393788704931804
11,20,65,3,9.85,7.350438583405826
11,20,65,4,9.2,8.147327621276872
11,20,65,5,13.7,9.695902552923553
8,35,22,0,52.55,79.20956547764855
8,35,22,1,19.15,24.46323772520719
8,35,22,2,24.75,38.2262998470948
8,35,22,3,28.75,31.858032119487792
8,35,22,4,20.75,27.638407677494165
8,24,108,0,40.55,109.74586672471038
8,24,108,1,43.94736842105263,52.57108804509961
8,24,108,2,23.57894736842105,29.084772246111662
8,24,108,3,20.736842105263158,34.70005140127982
8,24,108,4,20.789473684210527,26.596948336580148
11,20,65,0,13.05,10.937501879699086
11,20,65,1,10.45,9.907333806725942
11,20,65,2,10.9,10.46246423624649
11,20,65,3,13.0,14.071247279470288
11,20,65,4,8.75,7.607994410313958
11,20,65,5,17.75,17.31708921693737
8,35,22,0,22.7,40.76518122123339
8,35,22,1,27.4,36.187232409700584
8,35,22,2,11.85,12.762094366975154
8,35,22,3,23.8,21.690647996920603
8,35,22,4,15.0,14.030042953004738
8,24,108,0,30.1,53.18972991490982
8,24,108,1,17.4,14.095165277871924
8,24,108,2,22.75,26.29963978140345
8,24,108,3,22.15,36.98118298184689
8,24,108,4,18.65,12.325732603400349
11,20,65,0,17.7,19.15339738999187
11,20,65,1,11.55,9.821967859425063
11,20,65,2,13.9,12.527443558254939
11,20,65,3,17.05,18.477511224529984
11,20,65,4,13.0,11.841052584791163
11,20,65,5,13.9,13.502046628489131
11,20,65,0,8.85,9.756374434453774
11,20,65,1,12.45,9.762845788740949
11,20,65,2,12.7,12.405856002626127
11,20,65,3,5.8,4.990517323674444
11,20,65,4,11.65,12.872962281259774
11,20,65,5,11.45,10.708948545369354
8,24,108,0,15.2,13.896610718937342
8,24,108,1,17.9,17.993858601434578
8,24,108,2,18.65,18.431309174736796
8,24,108,3,18.25,26.185321319998707
8,24,108,4,17.7,21.865858992358024
8,35,22,0,40.45,109.8288021853725
8,35,22,1,15.421052631578947,15.808984047312691
8,35,22,2,22.526315789473685,36.28340364570224
8,35,22,3,42.68421052631579,111.0030293037982
8,35,22,4,20.444444444444443,25.743582232156246
11,20,65,0,11.85,15.822286081413939
11,20,65,1,12.4,13.22437940042238
11,20,65,2,6.75,4.9190820709816
11,20,65,3,11.2,14.321864036279784
11,20,65,4,12.15,15.177112269536169
11,20,65,5,11.9,15.4983870128475
8,35,22,0,16.55,19.93799599284056
8,35,22,1,19.35,41.311748042364286
8,35,22,2,21.95,33.37265662973681
8,35,22,3,15.05,18.210682232371774
8,35,22,4,10.05,11.366965062708783
8,30,108,0,25.35,15.651719259860037
8,30,108,1,30.75,34.908715545729144
8,30,108,2,18.3,16.559621150001558
8,30,108,3,25.85,24.353266289090843
8,30,108,4,25.05,26.15032454261726
11,20,65,0,12.5,9.848857801796104
11,20,65,1,9.0,7.276494239745719
11,20,65,2,12.15,12.495367562673607
11,20,65,3,9.45,10.013017842578204
11,20,65,4,8.55,7.783078811721854
11,20,65,5,12.9,19.414861372290638
8,31,22,0,18.9,15.68740695086684
8,31,22,1,28.3,29.06997003601374
8,31,22,2,34.5,64.55719618251221
8,31,22,3,24.4,24.433368038078793
8,31,22,4,27.0,31.782153217771363
11,14,65,0,42.85,111.73571968100255
11,14,65,1,17.05263157894737,40.99251108327326
11,14,65,2,20.263157894736842,25.282497470830947
11,14,65,3,17.31578947368421,16.686829908573433
11,14,65,4,10.31578947368421,11.780646235711947
11,14,65,5,9.736842105263158,6.6486598922319
8,30,108,0,23.1,23.4159190116018
8,30,108,1,36.5,41.49381691415316
8,30,108,2,28.25,30.101363843905112
8,30,108,3,32.1,42.443646849613856
8,30,108,4,16.5,21.38986479128547
11,14,65,0,10.8,9.583977857807653
11,14,65,1,9.2,7.59223980543014
11,14,65,2,10.45,10.555492459029638
11,14,65,3,6.6,4.924696090008739
11,14,65,4,7.7,9.119672200941851
11,14,65,5,13.25,13.150445259622039
8,31,22,0,21.45,23.025100719820852
8,31,22,1,15.25,14.439984691637896
8,31,22,2,22.3,18.859871071725415
8,31,22,3,15.45,16.1977093897157
8,31,22,4,18.25,20.34149246710953
8,30,108,0,33.85,26.83727768765324
8,30,108,1,27.4,17.652791638479705
8,30,108,2,17.55,12.542454221353047
8,30,108,3,17.9,22.519932691308217
8,30,108,4,23.1,28.500969512595436
11,14,65,0,15.55,16.207454425275067
11,14,65,1,10.25,15.375561607201284
11,14,65,2,13.2,22.933771925630595
11,14,65,3,8.15,7.12501154200358
11,14,65,4,7.85,9.745579294709662
11,14,65,5,12.15,12.036239139846753
8,31,22,0,27.45,26.906221155006243
8,31,22,1,26.25,28.36394115588906
8,31,22,2,17.75,13.695466018857635
8,31,22,3,24.75,45.96666412223444
8,31,22,4,15.5,28.49469017941856
11,14,65,0,8.75,8.644286217526945
11,14,65,1,8.05,8.375873874282894
11,14,65,2,32.7,109.66076878504143
11,14,65,3,7.2105263157894735,7.612700990730493
11,14,65,4,7.105263157894737,7.29455456596148
11,14,65,5,11.31578947368421,9.972476743400348
8,30,108,0,22.15,19.24160787679165
8,30,108,1,27.95,35.738045480088054
8,30,108,2,32.6,35.34253438623361
8,30,108,3,36.2,41.70775517940594
8,30,108,4,14.473684210526315,13.3140211016333
11,14,65,0,15.3,12.139973120580667
11,14,65,1,10.2,8.056380276395519
11,14,65,2,9.1,16.098054802399346
11,14,65,3,10.7,9.387001090533879
11,14,65,4,10.4,9.615776510232381
11,14,65,5,11.2,8.599877600108162
8,31,22,0,23.4,22.859755489782287
8,31,22,1,27.9,40.90155060759021
8,31,22,2,15.1,17.08769948484027
8,31,22,3,16.2,21.859840611929155
8,31,22,4,16.85,15.424775013287109
11,3,65,0,8.15,8.254344948347857
11,3,65,1,7.7,6.27526472496747
11,3,65,2,34.5,109.24308962849297
11,3,65,3,7.578947368421052,5.480427694924754
11,3,65,4,10.68421052631579,8.353659421534623
11,3,65,5,15.263157894736842,12.368607688028224
8,30,108,0,49.0,108.33330634277665
8,30,108,1,26.894736842105264,24.760844396035413
8,30,108,2,20.157894736842106,15.685319243358801
8,30,108,3,29.31578947368421,24.163913938807706
8,30,108,4,22.210526315789473,24.789287442962625
8,31,22,0,16.6,19.906095337331912
8,31,22,1,17.7,17.13138087038858
8,31,22,2,22.4,30.26792639777381
8,31,22,3,20.85,30.558442713146093
8,31,22,4,12.85,11.146276225009434
11,3,65,0,6.9,6.3734647274131
11,3,65,1,10.95,14.841176716008388
11,3,65,2,6.05,5.114221657094532
11,3,65,3,10.1,10.305338422390601
11,3,65,4,32.65,108.85203622107252
11,3,65,5,21.263157894736842,22.283132896787798
8,30,108,0,29.65,32.16450315422103
8,30,108,1,15.0,18.06421294919001
8,30,108,2,25.25,48.839021284214944
8,30,108,3,24.9,39.76629093512295
8,30,108,4,14.68421052631579,15.114572187053819
8,24,22,0,44.35,108.84478325627398
8,24,22,1,20.42105263157895,16.600922964547898
8,24,22,2,19.105263157894736,15.989214200836575
8,24,22,3,26.57894736842105,24.971796957264687
8,24,22,4,20.57894736842105,22.1116253723734
11,3,65,0,7.4,5.697644942845845
11,3,65,1,7.7,5.894689849436748
11,3,65,2,8.25,9.8722097990161
11,3,65,3,8.9,9.363422676058489
11,3,65,4,8.65,7.8222018706540135
11,3,65,5,16.9,11.144505372604025
8,30,108,0,24.85,25.292551431097987
8,30,108,1,20.9,16.386451399668086
8,30,108,2,19.9,21.21047407594455
8,30,108,3,16.95,19.04696411781319
8,30,108,4,13.95,14.748684151832878
11,3,65,0,10.9,9.978397719705885
11,3,65,1,14.85,16.020628149850722
11,3,65,2,14.6,24.20830653439348
11,3,65,3,10.7,11.169036145570157
11,3,65,4,14.0,17.534927550763545
11,3,65,5,15.65,19.131883006343653
8,24,22,0,39.4,109.53028900959914
8,24,22,1,15.578947368421053,15.798438001108016
8,24,22,2,19.42105263157895,22.00837161292565
8,24,22,3,13.473684210526315,17.43676964556551
8,24,22,4,11.473684210526315,16.78083702406022
11,3,65,0,10.75,12.430332171536561
11,3,65,1,14.05,16.778667533821817
11,3,65,2,11.85,14.8829644754984
11,3,65,3,10.25,8.187763655859305
11,3,65,4,12.4,14.500090743817687
11,3,65,5,14.35,17.839267745179747
8,24,22,0,26.6,36.684142565820906
8,24,22,1,21.7,28.110870719911524
8,24,22,2,13.85,16.983815825661797
8,24,22,3,12.25,11.111279238494074
8,24,22,4,13.1,17.555625878902752
8,30,108,0,28.15,26.606835291152652
8,30,108,1,32.6,46.09304091782871
8,30,108,2,27.6,34.58536349991211
8,30,108,3,27.7,34.78066613568672
8,30,108,4,20.65,22.739427850044258
11,12,65,0,12.3,21.32974202227589
11,12,65,1,10.15,10.04869721851911
11,12,65,2,16.9,35.21497887039129
11,12,65,3,11.65,12.856597732804659
11,12,65,4,14.35,40.7499112042946
11,12,65,5,9.421052631578947,8.902657465134805
8,24,22,0,29.25,33.63406011768428
8,24,22,1,23.4,36.53606725588177
8,24,22,2,25.95,29.455541878709706
8,24,22,3,18.65,54.72926187391127
8,24,22,4,20.05,19.932715768172105
11,12,65,0,18.6,42.40580893673586
11,12,65,1,10.5,19.285937063597732
11,12,65,2,11.35,14.342703995228264
11,12,65,3,17.55,34.41002760824234
11,12,65,4,10.947368421052632,13.09993080647768
11,12,65,5,7.842105263157895,7.312570287561433
8,30,108,0,27.8,29.197332250161413
8,30,108,1,30.95,31.630223720858805
8,30,108,2,19.75,22.325050833913952
8,30,108,3,33.4,54.83218417182223
8,30,108,4,29.1,32.78943989184708
8,24,22,0,26.95,33.37107950559018
8,24,22,1,35.55,56.37979761357226
8,24,22,2,27.25,44.264605083044565
8,24,22,3,29.6,34.978790566194306
8,24,22,4,22.94736842105263,26.158647782352393
11,12,65,0,40.4,109.78514902922171
11,12,65,1,12.631578947368421,14.291452481643974
11,12,65,2,19.105263157894736,23.156220035139363
11,12,65,3,16.31578947368421,28.724849156511294
11,12,65,4,12.68421052631579,12.356071973725431
11,12,65,5,19.210526315789473,32.17068877680845
8,30,108,0,35.75,35.14911842871439
8,30,108,1,36.5,35.427464814150824
8,30,108,2,22.8,20.55185994912434
8,30,108,3,24.35,24.305674018090595
8,30,108,4,27.65,21.871093636169757
11,12,65,0,10.0,9.85687043319745
11,12,65,1,11.15,14.228492541376266
11,12,65,2,6.5,5.933845828447978
11,12,65,3,7.75,4.387482193696061
11,12,65,4,9.35,14.680007887564209
11,12,65,5,14.05,14.00554401506399
11,12,65,0,11.55,18.468964009357627
11,12,65,1,10.7,8.202053658110652
11,12,65,2,12.9,10.83318488427305
11,12,65,3,13.95,12.093821824212124
11,12,65,4,12.45,18.38899842726337
11,12,65,5,9.2,9.32229924202687
8,44,22,0,39.65,110.13449911238911
8,44,22,1,17.68421052631579,24.55843967080009
8,44,22,2,64.6842105263158,152.70561825929397
8,44,22,3,18.352941176470587,23.698473517482586
8,44,22,4,46.1764705882353,114.81029749880759
8,24,108,0,31.7,32.4752537367017
8,24,108,1,25.1,21.915867839487778
8,24,108,2,31.25,42.61563217016918
8,24,108,3,30.75,35.18952445798248
8,24,108,4,32.65,46.318434434046374
11,7,65,0,10.3,10.964536133899097
11,7,65,1,10.75,8.484506002429557
11,7,65,2,8.55,10.379509165963283
11,7,65,3,9.55,8.858388828200022
11,7,65,4,9.0,9.296292413192418
11,7,65,5,11.3,11.485001661205569
11,7,65,0,13.65,14.150599764116379
11,7,65,1,10.7,10.203714493932305
11,7,65,2,8.7,8.69422070597535
11,7,65,3,9.4,6.64434860773068
11,7,65,4,11.8,13.280773598266821
11,7,65,5,18.95,21.099950112188466
8,44,22,0,42.45,109.44668252528018
8,44,22,1,30.105263157894736,31.70155049983466
8,44,22,2,27.0,48.65410796862092
8,44,22,3,27.57894736842105,22.777463983004694
8,44,22,4,21.105263157894736,23.598245548821126
8,24,108,0,43.05,52.44292637063448
8,24,108,1,34.15,37.85050232580526
8,24,108,2,19.75,15.029357236667455
8,24,108,3,18.55,18.788224195518126
8,24,108,4,38.65,108.08246120926665
11,7,65,0,15.0,15.314252047993518
11,7,65,1,10.6,12.642451461143459
11,7,65,2,12.55,16.39792990786209
11,7,65,3,12.2,9.174334910642383
11,7,65,4,9.2,6.740295167673922
11,7,65,5,13.95,12.894205144784593
8,44,22,0,26.3,36.70809461857583
8,44,22,1,17.9,23.420413947530566
8,44,22,2,14.75,16.37994601880444
8,44,22,3,13.65,14.105896490102063
8,44,22,4,12.7,13.475513856035716
11,7,65,0,12.6,13.003643214195984
11,7,65,1,11.65,12.675193344315876
11,7,65,2,12.85,16.118883989055558
11,7,65,3,10.1,8.213595917424769
11,7,65,4,15.4,22.66785342610474
11,7,65,5,11.6,8.0811671903194
8,24,108,0,16.9,16.498484778912275
8,24,108,1,30.5,69.71709750276848
8,24,108,2,23.8,24.03199621557192
8,24,108,3,35.05,39.088933687708916
8,24,108,4,18.85,14.076015434998494
11,7,65,0,8.9,5.340017740952197
11,7,65,1,11.9,11.373561216120574
11,7,65,2,8.15,6.884574672487228
11,7,65,3,12.35,17.418305555393516
11,7,65,4,11.25,10.617141056354404
11,7,65,5,16.1,12.748168083049588
8,24,108,0,25.35,19.197793184579698
8,24,108,1,22.75,21.751890419963626
8,24,108,2,16.75,18.74447286956597
8,24,108,3,20.85,21.161720654347352
8,24,108,4,18.15,23.457183839587618
8,44,22,0,56.85,108.96946699347532
8,44,22,1,22.526315789473685,21.289977874453907
8,44,22,2,20.05263157894737,19.822752595637073
8,44,22,3,48.26315789473684,110.68014079884186
8,44,22,4,33.888888888888886,35.03425028183788
12,27,65,0,9.8,11.70514956400769
12,27,65,1,7.3,7.650937335076216
12,27,65,2,17.0,16.74577715818466
12,27,65,3,8.35,7.527318667081225
12,27,65,4,10.1,8.955445270895243
12,27,65,5,15.15,19.337106407384905
12,27,65,6,13.25,10.705999301916266
8,44,22,0,16.7,26.61440053409946
8,44,22,1,18.85,18.479789814252417
8,44,22,2,14.2,14.159244701830524
8,44,22,3,12.2,11.623931756238255
8,44,22,4,14.5,11.217936764983028
8,24,108,0,27.5,29.01451542354547
8,24,108,1,21.5,33.548864597620494
8,24,108,2,27.75,22.30854214491792
8,24,108,3,30.85,45.203953017640536
8,24,108,4,24.2,17.792961352293513
12,27,65,0,11.4,8.828184530539852
12,27,65,1,12.7,9.228673851243828
12,27,65,2,13.15,10.322560881772251
12,27,65,3,9.7,10.136437659308749
12,27,65,4,14.7,13.750023923424164
12,27,65,5,16.75,20.104660365722484
12,27,65,6,12.15,17.655400247367286
12,27,65,0,16.15,15.765635513923781
12,27,65,1,15.1,13.749258353204288
12,27,65,2,13.2,14.555158246441273
12,27,65,3,12.55,11.245934938082247
12,27,65,4,11.3,13.970269183255976
12,27,65,5,9.6,9.621248414453895
12,27,65,6,13.95,11.605239288673388
8,34,22,0,38.3,50.61214749133068
8,34,22,1,29.15,43.360514417224294
8,34,22,2,20.7,28.815383318454636
8,34,22,3,30.2,44.671432057918885
8,34,22,4,18.2,18.446508726870956
8,31,108,0,22.3,16.45440270629878
8,31,108,1,19.1,11.85837478879711
8,31,108,2,21.2,27.882460059101106
8,31,108,3,33.75,34.13730017382591
8,31,108,4,24.0,22.39595828198519
12,27,65,0,8.65,7.1765333956547135
12,27,65,1,11.45,11.184928769507088
12,27,65,2,15.5,15.1744244666721
12,27,65,3,13.85,12.35132637241421
12,27,65,4,11.65,13.758346748906929
12,27,65,5,9.75,9.048844066916416
12,27,65,6,10.2,10.541147445780474
8,34,22,0,22.35,21.09695662761263
8,34,22,1,17.25,24.09384066301462
8,34,22,2,18.2,21.06281332735867
8,34,22,3,13.45,22.963300239615755
8,34,22,4,20.3,26.96606054010544
8,31,108,0,24.1,24.946047044730246
8,31,108,1,19.25,22.306182763388364
8,31,108,2,20.35,22.90546935375456
8,31,108,3,10.75,10.992222130598574
8,31,108,4,17.3,15.169567873663514
12,27,65,0,7.35,5.264328817117795
12,27,65,1,6.95,5.880162905011534
12,27,65,2,10.05,9.976155783192558
12,27,65,3,9.0,14.491376746189438
12,27,65,4,12.55,12.771164065148774
12,27,65,5,8.95,12.69676709784196
12,27,65,6,6.3,7.800809674575285
12,30,65,0,14.85,15.644992472790909
12,30,65,1,11.45,19.351254549294186
12,30,65,2,8.4,9.196109017004506
12,30,65,3,7.05,9.433841657620327
12,30,65,4,10.05,9.081357422300862
12,30,65,5,7.75,8.638195474323995
12,30,65,6,8.2,6.5982453808011075
8,31,108,0,30.05,24.637316583204687
8,31,108,1,29.35,23.5042549339476
8,31,108,2,24.15,42.93112599207442
8,31,108,3,21.0,21.00125309544522
8,31,108,4,22.9,25.22091863596775
8,34,22,0,21.9,17.615483619756077
8,34,22,1,15.05,25.02519782770537
8,34,22,2,47.45,108.67017941798403
8,34,22,3,36.578947368421055,74.5976733249575
8,34,22,4,23.210526315789473,24.856429857547077
12,30,65,0,11.3,8.227681133959024
12,30,65,1,14.25,18.01424874633236
12,30,65,2,11.6,12.470596997485092
12,30,65,3,10.55,8.72066511224918
12,30,65,4,8.3,6.333702666977999
12,30,65,5,13.9,13.02588516034616
12,30,65,6,14.0,16.131042319570966
8,31,108,0,22.0,20.862961388420793
8,31,108,1,18.3,21.798358219201543
8,31,108,2,26.45,30.996561778772552
8,31,108,3,23.7,16.47358331901172
8,31,108,4,15.05,17.47923580167412
8,34,22,0,21.75,26.820799077542315
8,34,22,1,17.3,18.0732427987663
8,34,22,2,39.0,108.65541864076545
8,34,22,3,15.789473684210526,21.506017109865432
8,34,22,4,16.263157894736842,18.672148317936465
12,30,65,0,11.2,9.339221200484488
12,30,65,1,14.75,16.434479160081647
12,30,65,2,10.7,10.67264087083861
12,30,65,3,8.65,7.400391170315539
12,30,65,4,6.8,7.647497010546378
12,30,65,5,10.15,11.672166623391327
12,30,65,6,10.65,12.287241992793732
8,31,108,0,19.5,17.13875264146324
8,31,108,1,21.35,20.042783187340447
8,31,108,2,16.95,14.398373446147895
8,31,108,3,18.0,17.961948083305675
8,31,108,4,18.0,16.514746201660596
12,30,65,0,13.85,11.221572269986337
12,30,65,1,11.9,14.05215847813911
12,30,65,2,8.9,7.979579200091088
12,30,65,3,7.55,6.660764931573866
12,30,65,4,10.15,8.664962720483478
12,30,65,5,10.35,8.099870044441582
12,30,65,6,10.55,7.250952750464844
8,34,22,0,24.0,21.793287233023214
8,34,22,1,22.1,30.66096438212773
8,34,22,2,19.5,30.998302160636236
8,34,22,3,24.2,31.720157960713745
8,34,22,4,27.9,29.45451444265601
8,30,108,0,40.9,43.30904852580493
8,30,108,1,30.05,27.348578333107284
8,30,108,2,20.95,24.590274072229626
8,30,108,3,13.4,16.10295821139379
8,30,108,4,25.9,34.516052710830685
8,39,22,0,11.85,9.895639656461139
8,39,22,1,34.75,108.60642367354657
8,39,22,2,17.42105263157895,15.001169545048754
8,39,22,3,10.263157894736842,9.847967106989689
8,39,22,4,10.526315789473685,9.593796728746895
12,30,65,0,12.8,12.60158720161869
12,30,65,1,10.95,12.111217071267792
12,30,65,2,17.6,34.18279037607575
12,30,65,3,10.0,8.837718209916785
12,30,65,4,16.8,22.818736530362614
12,30,65,5,16.05,20.947239486511418
12,30,65,6,13.75,16.273565908196673
8,39,22,0,19.2,18.577292307375803
8,39,22,1,21.9,29.78325209346954
8,39,22,2,12.5,10.06557447310804
8,39,22,3,23.65,22.762561598517767
8,39,22,4,18.75,30.132820015811053
8,30,108,0,30.7,29.033737181714006
8,30,108,1,24.15,27.197668243706794
8,30,108,2,30.65,71.30828179553606
8,30,108,3,16.68421052631579,18.672774689903026
8,30,108,4,21.105263157894736,18.042834024873223
12,46,65,0,21.6,23.771721368931306
12,46,65,1,24.35,51.98408157159368
12,46,65,2,13.7,25.794940344347008
12,46,65,3,9.25,10.432111357171234
12,46,65,4,19.2,25.320264403708034
12,46,65,5,12.0,11.67092654058749
12,46,65,6,6.5,5.8444755741505245
12,46,65,0,12.45,12.934958751180337
12,46,65,1,15.3,20.496726311137692
12,46,65,2,12.9,16.60976250661989
12,46,65,3,10.75,11.737815631090552
12,46,65,4,11.15,17.9158118931148
12,46,65,5,22.15,29.20756030460895
12,46,65,6,13.45,14.173641213998536
8,39,22,0,35.85,43.49987900769622
8,39,22,1,24.1,26.303691956193447
8,39,22,2,17.85,17.577722144506485
8,39,22,3,25.05,25.720102725504933
8,39,22,4,32.25,42.76973228814976
8,30,108,0,30.85,26.735104067006816
8,30,108,1,28.2,23.466885963887606
8,30,108,2,17.4,20.082461581138272
8,30,108,3,30.2,20.732887680662028
8,30,108,4,20.0,21.727983412132264
12,46,65,0,10.05,7.95695657237972
12,46,65,1,14.45,14.347106805353144
12,46,65,2,14.55,17.297626852746077
12,46,65,3,14.4,14.730562571884706
12,46,65,4,13.15,13.925648430522951
12,46,65,5,8.8,9.440115967173508
12,46,65,6,10.2,8.192422686463646
8,39,22,0,25.3,27.570197487027258
8,39,22,1,19.8,22.108821768696764
8,39,22,2,17.25,19.85705495734318
8,39,22,3,14.05,11.514178902096045
8,39,22,4,22.35,31.18919347263863
8,30,108,0,38.3,30.912610269665205
8,30,108,1,28.85,28.21958073469741
8,30,108,2,27.25,42.359209524953926
8,30,108,3,38.05,43.383813377317296
8,30,108,4,30.75,31.00063666578818
12,46,65,0,18.65,21.43846763966217
12,46,65,1,8.5,6.444091541053222
12,46,65,2,12.9,14.447363627647562
12,46,65,3,17.7,17.051315738706286
12,46,65,4,16.85,19.866064691221297
12,46,65,5,18.05,27.009696114738617
12,46,65,6,11.65,10.47942846975118
8,39,22,0,24.55,18.947225876656784
8,39,22,1,20.85,28.50720130626276
8,39,22,2,47.85,109.37876008574396
8,39,22,3,34.8421052631579,33.7676096576039
8,39,22,4,15.68421052631579,17.69825048346414
12,46,65,0,10.0,11.443223690073204
12,46,65,1,17.0,15.930771283406543
12,46,65,2,11.9,16.444163898349757
12,46,65,3,9.6,11.05679119722116
12,46,65,4,19.1,19.114337412969412
12,46,65,5,8.35,7.706968821855493
12,46,65,6,14.45,16.32071657353574
8,30,108,0,31.75,35.08767214909113
8,30,108,1,17.35,25.31958883843433
8,30,108,2,26.15,30.51362939650687
8,30,108,3,37.4,44.552039353168965
8,30,108,4,24.95,33.401032130286346
8,41,22,0,10.85,13.039514844058465
8,41,22,1,20.3,17.122161693332753
8,41,22,2,22.1,29.23030150914953
8,41,22,3,16.65,16.686821147240718
8,41,22,4,11.75,13.672388618171873
8,34,108,0,28.45,36.985736937934675
8,34,108,1,22.6,22.215215269577833
8,34,108,2,15.3,21.111483530109986
8,34,108,3,17.75,20.32596213816471
8,34,108,4,20.75,15.96995534383896
12,32,65,0,19.05,22.101381238094124
12,32,65,1,19.4,20.36870664834456
12,32,65,2,9.55,9.997236460247665
12,32,65,3,13.55,13.048391713762637
12,32,65,4,11.4,16.01775330852088
12,32,65,5,15.8,12.890633074160151
12,32,65,6,19.3,23.427604051181746
8,41,22,0,24.55,26.406687749408043
8,41,22,1,16.05,16.275506298212594
8,41,22,2,22.2,32.31685237408527
8,41,22,3,40.8,106.94838893006684
8,41,22,4,19.789473684210527,31.879249516066125
8,34,108,0,23.5,25.29301963201039
8,34,108,1,16.05,20.448845032370283
8,34,108,2,18.65,10.883473710171765
8,34,108,3,12.8,10.536153297849717
8,34,108,4,19.65,14.012306621042278
12,32,65,0,12.55,16.178201708667
12,32,65,1,12.7,12.855881308200008
12,32,65,2,14.8,19.765999515382603
12,32,65,3,13.65,15.235951251113788
12,32,65,4,20.05,30.73567274271654
12,32,65,5,10.95,9.848724202710349
12,32,65,6,13.9,22.62718439585912
8,41,22,0,25.8,28.203396585293913
8,41,22,1,39.55,108.56648460251151
8,41,22,2,22.842105263157894,19.920015500592857
8,41,22,3,20.57894736842105,18.273586856667936
8,41,22,4,14.473684210526315,15.305657708662403
8,34,108,0,26.3,37.86972127536304
8,34,108,1,28.2,38.143220408847164
8,34,108,2,27.55,28.48910225627373
8,34,108,3,28.1,35.207505180751326
8,34,108,4,14.3,13.650139771792583
12,32,65,0,17.9,23.117320915620596
12,32,65,1,6.85,6.209288458261119
12,32,65,2,10.75,14.89215618335618
12,32,65,3,34.6,109.11239979706103
12,32,65,4,9.842105263157896,9.013959284815087
12,32,65,5,8.526315789473685,6.42364054837573
12,32,65,6,34.8421052631579,111.60260010804944
8,41,22,0,17.25,20.511550019696863
8,41,22,1,18.6,22.307421469806386
8,41,22,2,17.2,15.846633379796614
8,41,22,3,13.75,13.478540448860883
8,41,22,4,14.65,12.364103389715687
12,32,65,0,10.3,10.115647077151008
12,32,65,1,15.65,19.650297975509577
12,32,65,2,11.95,9.522687590558057
12,32,65,3,12.35,13.538541474736409
12,32,65,4,16.05,25.584689089169597
12,32,65,5,13.75,22.407411837674562
12,32,65,6,8.55,6.38645771185116
8,34,108,0,30.85,29.9636182903973
8,34,108,1,28.7,20.560821200065252
8,34,108,2,30.3,19.62302621653288
8,34,108,3,22.4,27.30798996245373
8,34,108,4,18.2,18.00175430047685
8,41,22,0,25.55,27.071980076513757
8,41,22,1,17.6,19.800053163139687
8,41,22,2,14.1,8.984782456435642
8,41,22,3,24.85,33.936899650597674
8,41,22,4,22.35,26.41426050251524
12,32,65,0,9.55,8.562310312920038
12,32,65,1,16.25,20.23252982594848
12,32,65,2,11.3,12.624537511070297
12,32,65,3,12.15,15.885362345319834
12,32,65,4,10.75,12.151997886420938
12,32,65,5,8.65,10.358190250384375
12,32,65,6,13.45,20.095757604136512
8,45,22,0,20.6,18.53417895331984
8,45,22,1,14.55,14.748684151832878
8,45,22,2,8.55,11.749468073066115
8,45,22,3,12.8,14.039793070899735
8,45,22,4,14.25,14.57060848348302
8,34,108,0,39.65,50.57800125080385
8,34,108,1,28.5,29.553697782706973
8,34,108,2,28.05,29.57323647809745
8,34,108,3,23.15,26.176073848177904
8,34,108,4,16.5,15.63565426231107
12,41,65,0,15.65,20.144935369780455
12,41,65,1,12.75,10.973053118291286
12,41,65,2,6.25,3.795773272581241
12,41,65,3,7.0,5.812871380325779
12,41,65,4,7.4,5.780183934425398
12,41,65,5,9.75,10.7256456068719
12,41,65,6,10.9,10.735577840943048
8,45,22,0,14.7,18.226932068551168
8,45,22,1,23.0,46.93556613508622
8,45,22,2,24.5,57.7540155815115
8,45,22,3,13.842105263157896,14.229324798124692
8,45,22,4,18.210526315789473,26.423009643045795
12,41,65,0,12.75,12.573468306841907
12,41,65,1,9.6,10.404452488187323
12,41,65,2,9.3,8.535375303930541
12,41,65,3,11.3,11.173747427740944
12,41,65,4,8.65,11.370668637470617
12,41,65,5,8.2,9.12255735150944
12,41,65,6,11.4,10.747827197796038
8,46,108,0,15.35,16.30393882019408
8,46,108,1,18.6,22.084526614565995
8,46,108,2,23.0,22.835798304647167
8,46,108,3,23.0,39.583356417352455
8,46,108,4,17.55,11.023778127780256
8,45,22,0,17.2,17.16360899357156
8,45,22,1,17.6,21.117216722505432
8,45,22,2,16.95,19.6829474686245
8,45,22,3,15.65,12.69179179420181
8,45,22,4,16.9,14.28248835757308
8,46,108,0,33.5,28.431820572250235
8,46,108,1,18.2,11.76793144636371
8,46,108,2,23.65,21.878311779380727
8,46,108,3,18.3,19.91587570917126
8,46,108,4,16.1,19.536470618065238
12,41,65,0,10.0,11.792057987431516
12,41,65,1,37.3,109.67948519975926
12,41,65,2,9.789473684210526,11.203069754751354
12,41,65,3,15.736842105263158,25.03074133332663
12,41,65,4,23.63157894736842,28.595280353224936
12,41,65,5,7.421052631578948,6.457689554783887
12,41,65,6,10.368421052631579,9.793481541400604
8,45,22,0,24.85,35.607916032962756
8,45,22,1,16.65,40.334489616599576
8,45,22,2,43.2,108.23541593747352
8,45,22,3,15.157894736842104,17.17964932346388
8,45,22,4,17.05263157894737,17.976755621915164
12,41,65,0,13.15,11.416861952485247
12,41,65,1,11.45,10.757983571576773
12,41,65,2,10.65,10.256063674980924
12,41,65,3,5.35,4.475371198953339
12,41,65,4,8.1,6.172093392205376
12,41,65,5,12.35,11.075221276154688
12,41,65,6,9.0,10.867624540712416
8,46,108,0,26.6,25.668739948160987
8,46,108,1,23.75,30.37463450072497
8,46,108,2,13.85,13.51519612568717
8,46,108,3,24.5,23.96378847124838
8,46,108,4,21.4,16.88786546606764
8,45,22,0,20.35,20.954273524686283
8,45,22,1,17.5,20.179458028296732
8,45,22,2,18.2,47.04712083589567
8,45,22,3,22.7,40.31598873112777
8,45,22,4,13.35,17.756466575959248
12,41,65,0,32.5,110.28933240393319
12,41,65,1,12.842105263157896,17.257086009632673
12,41,65,2,8.473684210526315,8.282299875521906
12,41,65,3,19.105263157894736,28.83264881045272
12,41,65,4,7.368421052631579,7.319764160710443
12,41,65,5,13.052631578947368,12.873200777025657
12,41,65,6,7.842105263157895,7.236198801816822
8,46,108,0,45.0,37.65494305987071
8,46,108,1,37.45,64.57755435378293
8,46,108,2,15.15,9.927500347917132
8,46,108,3,30.894736842105264,33.06373430687752
8,46,108,4,29.526315789473685,30.511142629560815
8,29,22,0,20.75,18.529847898941178
8,29,22,1,28.95,36.69285747217957
8,29,22,2,13.4,11.591285292703398
8,29,22,3,8.85,8.815506672604634
8,29,22,4,43.45,105.15776368465572
12,41,65,0,14.05,10.23654444162009
12,41,65,1,10.7,13.463791598599792
12,41,65,2,36.25,108.91854754815637
12,41,65,3,11.105263157894736,9.836975239947748
12,41,65,4,11.31578947368421,10.301308609314038
12,41,65,5,13.105263157894736,13.498537932524007
12,41,65,6,19.157894736842106,17.75219284700324
8,46,108,0,18.85,17.272658650077737
8,46,108,1,18.5,22.208343619364985
8,46,108,2,18.5,15.240182344536983
8,46,108,3,22.35,33.597109838104885
8,46,108,4,21.65,30.49810175283563
12,41,65,0,9.0,9.602631218358303
12,41,65,1,12.05,11.48213715665383
12,41,65,2,14.05,16.43960237705856
12,41,65,3,11.25,13.170441386521164
12,41,65,4,11.1,8.795333691045617
12,41,65,5,6.45,5.9424875174237295
12,41,65,6,8.5,11.90974832912761
8,29,22,0,23.55,32.9424937540685
8,29,22,1,22.8,28.07621207019434
8,29,22,2,23.65,28.336836728708334
8,29,22,3,20.9,27.10583545640078
8,29,22,4,18.5,16.652801250050523
8,40,108,0,16.25,18.63182054556412
8,40,108,1,19.5,24.30183012384913
8,40,108,2,21.35,22.960549690834128
8,40,108,3,16.3,21.851412094560747
8,40,108,4,23.35,27.955368564534204
12,41,65,0,8.85,6.784463675812632
12,41,65,1,10.15,8.00838376492509
12,41,65,2,20.05,29.103219210614014
12,41,65,3,16.1,18.30703057355432
12,41,65,4,14.15,16.390867161800482
12,41,65,5,12.9,14.104497229793878
12,41,65,6,12.55,12.210758845335835
8,29,22,0,30.9,37.823551560259105
8,29,22,1,18.0,14.063764563025453
8,29,22,2,12.35,14.357374778360972
8,29,22,3,29.7,65.76121077128418
8,29,22,4,20.55,27.683312472926435
8,40,108,0,25.75,17.82332888748841
8,40,108,1,28.1,23.144625384968457
8,40,108,2,12.3,15.708194308100873
8,40,108,3,26.4,25.171830537956094
8,40,108,4,28.8,37.85790607827616
12,41,65,0,24.2,51.122762465512984
12,41,65,1,13.55,14.084239044892849
12,41,65,2,10.7,10.508643059280699
12,41,65,3,15.6,20.584613569107237
12,41,65,4,21.05,39.145444044916445
12,41,65,5,7.894736842105263,8.184638299495417
12,41,65,6,14.473684210526315,16.574305485877264
8,29,22,0,32.0,34.64405470374086
8,29,22,1,26.45,23.025100719820852
8,29,22,2,28.65,27.232478674128107
8,29,22,3,16.45,14.897809800172146
8,29,22,4,24.45,24.03172245617293
12,41,65,0,10.45,18.706809905542563
12,41,65,1,11.15,10.116557558878675
12,41,65,2,16.0,19.45575276851229
12,41,65,3,14.65,17.50571335307419
12,41,65,4,15.5,19.712405925417148
12,41,65,5,11.3,16.186739211953395
12,41,65,6,11.0,10.988031766666092
8,40,108,0,31.4,41.20347455967122
8,40,108,1,34.55,54.64476187156459
8,40,108,2,19.2,16.18836489256209
8,40,108,3,24.9,24.100447691845233
8,40,108,4,16.9,19.037082925589978
8,29,22,0,16.4,18.729093607764927
8,29,22,1,21.2,25.580831639499547
8,29,22,2,17.15,21.357298764738854
8,29,22,3,17.45,22.01787551298406
8,29,22,4,17.2,19.354314084570667
8,40,108,0,24.0,32.90496683033221
8,40,108,1,18.8,13.193299734893344
8,40,108,2,16.05,14.291974192384671
8,40,108,3,12.75,13.423761336564825
8,40,108,4,26.1,26.233566284437956
12,31,65,0,19.35,30.170175234562535
12,31,65,1,14.35,14.064793672593693
12,31,65,2,13.0,13.514125163967085
12,31,65,3,11.95,8.69043636479356
12,31,65,4,20.55,27.105010218543885
12,31,65,5,14.1,19.6974484054207
12,31,65,6,8.4,6.475866127805851
8,29,22,0,46.95,111.12272731676354
8,29,22,1,15.210526315789474,15.504762520551981
8,29,22,2,29.05263157894737,38.133498956823495
8,29,22,3,18.36842105263158,17.401182993999093
8,29,22,4,23.0,27.562051205718824
12,31,65,0,11.6,10.414564700204078
12,31,65,1,8.05,6.74712414370199
12,31,65,2,15.7,12.178929172528827
12,31,65,3,7.25,8.819088149546623
12,31,65,4,13.15,14.644111444536334
12,31,65,5,9.55,10.049744694321973
12,31,65,6,10.0,9.508998508338244
8,40,108,0,30.1,30.42488593586714
8,40,108,1,25.65,32.86699672443788
8,40,108,2,30.8,78.66625037059045
8,40,108,3,16.31578947368421,11.537632298887303
8,40,108,4,22.842105263157894,18.47900658072631
8,29,22,0,13.85,20.212750014728197
8,29,22,1,14.6,17.27608630143809
8,29,22,2,19.2,22.965878579914342
8,29,22,3,8.9,11.116133367886137
8,29,22,4,11.4,12.741973737880727
12,31,65,0,15.8,18.309042919595196
12,31,65,1,11.25,7.040297541559179
12,31,65,2,21.25,30.46114868069437
12,31,65,3,16.75,22.63642848898302
12,31,65,4,13.35,15.21175099786519
12,31,65,5,15.65,21.568190515322865
12,31,65,6,14.45,23.542738292641097
8,37,108,0,28.95,30.81946582412178
8,37,108,1,30.3,31.524593573906706
8,37,108,2,19.0,17.570908972084034
8,37,108,3,28.0,23.90991866415099
8,37,108,4,19.35,22.222025583925323
8,29,22,0,21.25,14.785750608360456
8,29,22,1,35.3,37.69838751263284
8,29,22,2,24.7,31.419236481057776
8,29,22,3,22.85,17.595678297151323
8,29,22,4,13.9,14.197479390815525
12,31,65,0,9.0,8.711758539015257
12,31,65,1,9.2,8.793538297492864
12,31,65,2,10.65,11.42607820548655
12,31,65,3,9.85,9.314815589891419
12,31,65,4,11.85,9.900956891554525
12,31,65,5,10.25,11.520576557209552
12,31,65,6,10.05,10.782417461580192
8,29,22,0,18.7,23.32628966367528
8,29,22,1,15.35,19.358868496729972
8,29,22,2,9.8,13.332192933686965
8,29,22,3,10.95,13.850612754828232
8,29,22,4,18.4,17.5721070839106
12,31,65,0,12.3,9.291195606027983
12,31,65,1,14.1,15.930440903139534
12,31,65,2,13.5,13.51607230397632
12,31,65,3,10.9,10.63212609326836
12,31,65,4,8.5,6.629281139086849
12,31,65,5,9.6,8.29330738417557
12,31,65,6,8.7,8.712362662211367
8,37,108,0,30.8,20.17711053331681
8,37,108,1,31.45,22.31231663642775
8,37,108,2,26.9,28.00169167822018
8,37,108,3,26.45,20.163737644332556
8,37,108,4,26.1,29.352485772973836
12,31,65,0,12.1,16.501674556174436
12,31,65,1,11.35,15.242858552191098
12,31,65,2,6.5,4.872047013860104
12,31,65,3,7.6,5.734475610403779
12,31,65,4,8.45,7.937088157570925
12,31,65,5,10.25,12.834472494439588
12,31,65,6,7.75,9.491686112759835
8,29,22,0,21.9,21.87981525949142
8,29,22,1,32.7,34.46142007643054
8,29,22,2,28.5,38.21614428759822
8,29,22,3,28.5,24.418500320345984
8,29,22,4,21.7,23.519532755831516
12,31,65,0,8.7,8.6821050079126
12,31,65,1,10.15,11.398407090928378
12,31,65,2,11.7,9.894708846544942
12,31,65,3,5.65,5.112162998801563
12,31,65,4,6.3,5.795642646351699
12,31,65,5,11.0,12.435094649714912
12,31,65,6,11.45,8.293783340868217
8,37,108,0,29.75,34.689411398262365
8,37,108,1,29.55,48.08815917283151
8,37,108,2,30.9,33.272242263832446
8,37,108,3,16.15,18.34544257187312
8,37,108,4,25.0,25.941229123174807
12,31,65,0,6.85,5.353552681704876
12,31,65,1,8.8,8.556930093881737
12,31,65,2,12.6,11.422047009828704
12,31,65,3,11.6,13.929899686040741
12,31,65,4,11.45,11.776314319317756
12,31,65,5,8.8,7.529590748646653
12,31,65,6,7.95,10.455293295490895
8,26,22,0,15.85,20.97686695787579
8,26,22,1,39.8,108.50010914377242
8,26,22,2,16.0,19.731531449264992
8,26,22,3,18.894736842105264,16.230611465314905
8,26,22,4,17.94736842105263,22.658022087381784
8,37,108,0,15.5,10.430219253889657
8,37,108,1,17.7,17.37239189058317
8,37,108,2,18.1,20.211773536077537
8,37,108,3,15.65,14.41590861002634
8,37,108,4,18.1,12.96513543477681
12,31,65,0,12.6,10.927512357155651
12,31,65,1,11.0,11.836606910677347
12,31,65,2,38.75,108.46045847511239
12,31,65,3,16.31578947368421,20.976316358055254
12,31,65,4,6.947368421052632,8.566560856742962
12,31,65,5,14.68421052631579,16.40139774388806
12,31,65,6,15.947368421052632,14.48935887014454
8,37,108,0,20.9,13.707086142806421
8,37,108,1,25.6,31.159014915852453
8,37,108,2,17.65,15.128484809510136
8,37,108,3,16.05,17.697680490302734
8,37,108,4,18.05,20.88433056523227
8,26,22,0,22.85,25.584277655581655
8,26,22,1,46.05,105.69094717992394
8,26,22,2,20.57894736842105,20.050812644860514
8,26,22,3,33.8421052631579,63.337072835122704
8,26,22,4,11.368421052631579,8.193564726294447
12,31,65,0,16.4,21.13216555520592
12,31,65,1,8.85,9.178206452472647
12,31,65,2,8.95,6.91660853917659
12,31,65,3,10.8,10.190811134495004
12,31,65,4,10.25,10.057073970201534
12,31,65,5,10.65,11.685686251046395
12,31,65,6,8.75,10.452272480183437
8,26,22,0,19.65,16.727773941939542
8,26,22,1,23.0,22.34184179374749
8,26,22,2,23.6,26.388594027284633
8,26,22,3,26.75,29.996271698153983
8,26,22,4,12.95,11.080922439276577
8,33,108,0,32.0,42.14136610080535
8,33,108,1,26.95,29.287099728827975
8,33,108,2,42.6,108.09177387270212
8,33,108,3,27.157894736842106,39.901633436204
8,33,108,4,31.210526315789473,29.707049195937053
12,46,65,0,18.15,18.61316738225926
12,46,65,1,20.85,28.2363614026871
12,46,65,2,15.8,22.210950357638318
12,46,65,3,7.25,11.09231597477328
12,46,65,4,18.55,30.167034988543374
12,46,65,5,13.15,16.896823120899008
12,46,65,6,16.55,24.500214821829406
8,26,22,0,19.4,21.03480824478172
8,26,22,1,16.05,15.662476109949436
8,26,22,2,18.85,19.19230931498618
8,26,22,3,14.95,21.721866256935904
8,26,22,4,17.7,18.592867902561597
8,33,108,0,18.2,18.35784645092636
8,33,108,1,14.25,15.780984560039672
8,33,108,2,10.2,8.971299266344635
8,33,108,3,9.7,9.165725629528165
8,33,108,4,10.6,11.417438186250106
12,46,65,0,9.1,6.827961088903403
12,46,65,1,12.2,13.820655784578006
12,46,65,2,12.05,12.914598023371195
12,46,65,3,9.6,9.086716736678412
12,46,65,4,8.8,6.833354728250631
12,46,65,5,9.65,10.322560881772251
12,46,65,6,11.1,9.008183414043735
8,33,108,0,26.7,15.345494795747573
8,33,108,1,17.2,14.989821107741921
8,33,108,2,26.15,27.627741588178313
8,33,108,3,25.75,22.643402664143178
8,33,108,4,18.2,20.67950930905175
12,46,65,0,9.7,9.420582169964478
12,46,65,1,8.8,10.055634712621783
12,46,65,2,14.3,11.868135134845211
12,46,65,3,9.9,7.873339423917308
12,46,65,4,9.4,12.368891368437612
12,46,65,5,15.9,18.40737838333771
12,46,65,6,10.65,15.215210533507165
8,26,22,0,72.0,115.01075464586138
8,26,22,1,27.2,24.605519278149128
8,26,22,2,30.65,26.48788203569402
8,26,22,3,19.105263157894736,18.15946259863835
8,26,22,4,21.57894736842105,27.20767005720116
12,46,65,0,14.2,25.32857757761503
12,46,65,1,7.6,7.140691400992661
12,46,65,2,10.75,12.78928416580397
12,46,65,3,12.3,11.792504309718813
12,46,65,4,10.6,17.56611570759545
12,46,65,5,8.1,6.65621988503195
12,46,65,6,11.1,13.50984046810636
8,33,108,0,28.25,26.00581918684638
8,33,108,1,16.7,12.148640816330465
8,33,108,2,22.25,31.884454222279413
8,33,108,3,18.55,15.398137276272976
8,33,108,4,28.9,40.56041627524368
8,35,22,0,26.0,27.20100617334045
8,35,22,1,24.3,26.487534307372034
8,35,22,2,11.7,9.398208115884309
8,35,22,3,18.55,23.888942608398732
8,35,22,4,10.25,9.008037346842277
12,46,65,0,13.35,15.125005437145607
12,46,65,1,12.45,18.016001659343665
12,46,65,2,11.75,12.793398791235226
12,46,65,3,10.25,13.595181034779237
12,46,65,4,8.15,8.405981579553304
12,46,65,5,11.1,10.64202196854279
12,46,65,6,16.8,16.76336858497687
8,33,108,0,23.5,27.93507510375856
8,33,108,1,23.3,29.4530849067855
8,33,108,2,18.65,19.17035814946991
8,33,108,3,18.55,25.91377402484104
8,33,108,4,20.55,18.810621299792587
8,35,22,0,17.2,22.51689424223042
8,35,22,1,19.2,19.962069294697777
8,35,22,2,14.4,19.107452390156705
8,35,22,3,19.3,18.79557618724487
8,35,22,4,11.1,10.29000537056788
12,45,65,0,9.45,11.413173367463996
12,45,65,1,8.95,7.430201527337068
12,45,65,2,7.0,6.448173956122854
12,45,65,3,9.05,8.223682105262888
12,45,65,4,12.1,12.627872263162027
12,45,65,5,7.0,6.6728041923522445
12,45,65,6,7.35,6.3683014342833
8,35,22,0,24.5,19.28866588385385
8,35,22,1,25.35,18.974428775813543
8,35,22,2,25.85,31.528224614913242
8,35,22,3,20.35,19.610080651488783
8,35,22,4,10.2,8.924242559632603
12,45,65,0,10.05,8.804753500838414
12,45,65,1,20.6,24.74373924003701
12,45,65,2,6.8,4.7969288420602485
12,45,65,3,11.0,13.984954321284754
12,45,65,4,9.55,7.836990560963537
12,45,65,5,13.15,13.658523461849555
12,45,65,6,14.1,15.754364474646382
8,39,108,0,48.45,107.97976174898896
8,39,108,1,28.736842105263158,38.647757021682615
8,39,108,2,27.31578947368421,26.59584894840828
8,39,108,3,28.157894736842106,55.44092266938519
8,39,108,4,31.63157894736842,40.49720227142692
12,45,65,0,12.35,15.380353154524599
12,45,65,1,8.15,6.123939220709769
12,45,65,2,9.1,8.441127387911367
12,45,65,3,10.3,14.022913579679434
12,45,65,4,8.9,9.187520139612728
12,45,65,5,9.1,9.748954059957299
12,45,65,6,5.5,5.88038666827455
8,35,22,0,42.4,113.38216698173343
8,35,22,1,15.789473684210526,15.894020354867287
8,35,22,2,32.94736842105263,47.6683842163878
8,35,22,3,19.789473684210527,31.311302445262697
8,35,22,4,15.789473684210526,15.299161005930364
8,39,108,0,26.25,32.54935523656021
8,39,108,1,34.15,29.092004689297458
8,39,108,2,24.65,26.788204395532784
8,39,108,3,16.3,17.11601281656572
8,39,108,4,15.65,17.800872243560956
12,45,65,0,13.9,13.463009751870024
12,45,65,1,13.7,16.296916078946058
12,45,65,2,11.6,9.555378755334335
12,45,65,3,14.95,17.512326485860424
12,45,65,4,7.6,8.152493967782917
12,45,65,5,8.35,7.471172669175274
12,45,65,6,8.25,10.567452513807616
12,45,65,0,9.55,13.574259696786026
12,45,65,1,7.45,4.86096156829295
12,45,65,2,9.35,6.968160672508545
12,45,65,3,6.65,4.891184336183448
12,45,65,4,5.9,5.839069861039963
12,45,65,5,7.3,6.199320845654661
12,45,65,6,9.5,14.94023180261235
8,35,22,0,62.1,112.51568311737
8,35,22,1,31.842105263157894,35.32745730683263
8,35,22,2,13.052631578947368,12.25413165793719
8,35,22,3,11.157894736842104,15.973113374580201
8,35,22,4,19.31578947368421,24.347148205303103
8,39,108,0,26.05,39.86355016276081
8,39,108,1,24.65,28.82848554723901
8,39,108,2,25.75,33.69190907090462
8,39,108,3,32.55,47.291342258721926
8,39,108,4,20.789473684210527,22.672986734997664
12,41,65,0,13.65,14.161753534004703
12,41,65,1,13.2,11.014822549159549
12,41,65,2,19.55,16.69691115461968
12,41,65,3,17.5,16.696989958798277
12,41,65,4,8.0,8.540923159767488
12,41,65,5,12.8,18.27451489744234
12,41,65,6,7.85,4.944694126030447
8,25,22,0,24.3,22.457210774926473
8,25,22,1,19.1,12.069535376746128
8,25,22,2,18.6,24.30161354833525
8,25,22,3,22.1,30.53712149947477
8,25,22,4,22.5,21.475812588020727
12,41,65,0,9.55,8.02282926863611
12,41,65,1,19.25,27.15622444884026
12,41,65,2,8.35,7.371888281987544
12,41,65,3,15.6,19.33200237402928
12,41,65,4,14.35,15.84887510535884
12,41,65,5,13.2,18.84730889627426
12,41,65,6,7.95,8.494425416583203
8,39,108,0,43.5,41.225311591175064
8,39,108,1,26.05,37.94937763861081
8,39,108,2,19.15,19.889894286718626
8,39,108,3,59.15,107.21462734062676
8,39,108,4,15.31578947368421,14.719800087633088
8,25,22,0,15.95,14.933096411027842
8,25,22,1,17.15,19.131883006343653
8,25,22,2,12.6,11.12323315360573
8,25,22,3,23.35,33.817272136244846
8,25,22,4,21.45,29.96748237673629
12,41,65,0,15.25,28.00916203485454
12,41,65,1,13.85,14.946483480105032
12,41,65,2,6.6,6.090544872349703
12,41,65,3,9.7,8.137631881055995
12,41,65,4,9.1,10.701205047735709
12,41,65,5,12.45,12.347916934915741
12,41,65,6,5.4,4.794733953433759
8,39,108,0,14.7,10.853570840972107
8,39,108,1,19.85,20.561269160090394
8,39,108,2,21.95,27.273420645093466
8,39,108,3,25.7,24.079036525575518
8,39,108,4,21.0,25.216953361619744
8,25,22,0,24.4,26.27265939296872
8,25,22,1,20.9,33.08505784537151
8,25,22,2,13.95,12.032740423746503
8,25,22,3,40.65,49.95289886746472
8,25,22,4,26.45,42.99629727019954
12,41,65,0,27.95,43.39351758524599
12,41,65,1,13.6,14.339492760609732
12,41,65,2,12.55,17.23666532653423
12,41,65,3,17.65,20.134482074815153
12,41,65,4,13.4,18.717849629079783
12,41,65,5,17.35,26.541476974727683
12,41,65,6,13.7,12.507261048981444
8,39,108,0,16.05,12.886038956948719
8,39,108,1,27.1,44.895082370484985
8,39,108,2,17.4,21.02730055002431
8,39,108,3,17.55,24.368821754122838
8,39,108,4,18.5,13.551072981405143
8,25,22,0,29.8,32.655458155849246
8,25,22,1,25.0,22.038244270502034
8,25,22,2,12.0,8.614553169827758
8,25,22,3,19.0,22.178700071061545
8,25,22,4,16.7,18.904468978747353
12,41,65,0,10.45,9.259276998033691
12,41,65,1,8.4,6.885530213120081
12,41,65,2,11.35,8.56722641355139
12,41,65,3,14.0,12.553045342402816
12,41,65,4,11.7,11.392980294900891
12,41,65,5,8.95,8.599112561311502
12,41,65,6,10.2,9.73652915571047
12,33,65,0,11.0,15.566495735189864
12,33,65,1,12.1,12.648694544663911
12,33,65,2,11.25,9.306901796657767
12,33,65,3,7.95,8.611345026062697
12,33,65,4,7.75,7.812776310903219
12,33,65,5,11.0,12.030662579644694
12,33,65,6,10.05,12.99584953987841
8,39,108,0,36.7,46.30346127791948
8,39,108,1,22.7,30.19602622862816
8,39,108,2,33.55,52.79201993124579
8,39,108,3,33.45,30.01837156774077
8,39,108,4,15.4,15.550934986275532
8,25,22,0,17.4,17.643844908576327
8,25,22,1,33.95,72.90619423543336
8,25,22,2,22.75,17.4984961759876
8,25,22,3,29.05,37.24947897904783
8,25,22,4,21.6,20.57438366410753
12,33,65,0,9.1,9.552624329415837
12,33,65,1,8.15,9.415971873141375
12,33,65,2,12.8,10.670174861685602
12,33,65,3,12.35,11.891062543820574
12,33,65,4,9.9,9.683953085823013
12,33,65,5,32.3,109.07944955760216
12,33,65,6,8.31578947368421,7.257583249256121
8,39,108,0,37.55,30.444902779663426
8,39,108,1,25.55,21.283734832520647
8,39,108,2,15.6,22.502397533081716
8,39,108,3,16.6,16.52239309798101
8,39,108,4,17.35,13.81560902137792
12,33,65,0,10.25,8.674675786448736
12,33,65,1,14.9,16.600253644225788
12,33,65,2,12.35,17.254366342892368
12,33,65,3,7.35,6.792216908073224
12,33,65,4,11.3,15.828355634912402
12,33,65,5,11.95,11.357700842206253
12,33,65,6,8.25,11.006576981155643
9,5,22,0,28.45,28.60893309145902
9,5,22,1,36.3,78.97574577712219
9,5,22,2,16.3,15.529598225731135
9,5,22,3,26.0,21.31962278722289
9,5,22,4,21.5,19.20663262631181
8,39,108,0,27.95,31.169274682137313
8,39,108,1,24.3,30.563307894821925
8,39,108,2,15.8,15.449748763073956
8,39,108,3,24.65,25.6541265789018
8,39,108,4,24.4,21.360070963808788
12,33,65,0,13.55,18.135382688632678
12,33,65,1,13.7,21.39380136493057
12,33,65,2,9.4,11.468033374283676
12,33,65,3,16.95,25.056725118901923
12,33,65,4,7.2,7.090393797986563
12,33,65,5,8.85,8.099870044441584
12,33,65,6,7.45,8.249242389456137
9,5,22,0,19.6,17.506089166194055
9,5,22,1,23.4,47.59522311280718
9,5,22,2,11.3,11.286228217098087
9,5,22,3,17.1,26.953956842617455
9,5,22,4,20.4,22.058295968923606
8,39,108,0,28.45,19.980187555096727
8,39,108,1,20.1,19.053663827809018
8,39,108,2,17.95,18.986075229798782
8,39,108,3,31.7,37.40827378225866
8,39,108,4,18.7,19.681944704942676
12,33,65,0,8.35,7.183863496534585
12,33,65,1,14.4,14.456468229972716
12,33,65,2,21.45,33.76774387364056
12,33,65,3,10.0,8.795932074125604
12,33,65,4,15.75,18.612036286684003
12,33,65,5,10.65,10.095726036820054
12,33,65,6,10.15,7.842361352229784
9,5,22,0,18.9,19.740154108074393
9,5,22,1,17.0,18.0408892300387
9,5,22,2,61.75,149.22955647697876
9,5,22,3,12.722222222222221,16.855111131102934
9,5,22,4,23.22222222222222,26.407564770803518
12,47,65,0,14.1,12.85096760641208
12,47,65,1,14.25,18.665687630967206
12,47,65,2,19.1,22.42625341213425
12,47,65,3,15.95,16.962730043430973
12,47,65,4,10.1,8.632252862010253
12,47,65,5,10.25,16.42486882107354
12,47,65,6,11.95,8.85838882820002
8,27,108,0,34.9,42.04621517480873
8,27,108,1,24.1,35.84161063110277
8,27,108,2,54.3,106.54433226052949
8,27,108,3,20.894736842105264,27.584002483005545
8,27,108,4,25.789473684210527,33.948619587986556
9,5,22,0,30.45,37.31864921118352
9,5,22,1,29.35,44.7981143870094
9,5,22,2,20.65,25.083597072694005
9,5,22,3,20.9,22.10239329741656
9,5,22,4,27.45,27.488705814723634
12,47,65,0,16.35,16.743498345390822
12,47,65,1,9.6,9.59934208271862
12,47,65,2,8.95,6.90137286113575
12,47,65,3,11.4,8.846051750863058
12,47,65,4,12.05,12.227987741673866
12,47,65,5,9.15,6.815423684555495
12,47,65,6,12.75,15.714140464127071
8,27,108,0,29.4,37.38477033006327
8,27,108,1,21.55,27.60906601672337
8,27,108,2,16.0,15.6002699031982
8,27,108,3,13.55,15.357065920422773
8,27,108,4,45.45,107.59352113149603
12,47,65,0,5.3,3.974921382870358
12,47,65,1,9.1,11.336480471190528
12,47,65,2,8.5,9.746794344808963
12,47,65,3,11.9,13.552626469084371
12,47,65,4,6.3,5.242538557446744
12,47,65,5,35.7,108.15052862610177
12,47,65,6,12.105263157894736,13.432525769117724
9,5,22,0,26.95,21.612557266065195
9,5,22,1,22.15,17.481644508936856
9,5,22,2,21.7,22.42672278191448
9,5,22,3,16.35,14.801404627513175
9,5,22,4,15.9,17.471480520521073
12,47,65,0,10.65,6.761150633933314
12,47,65,1,9.25,7.738318870876827
12,47,65,2,10.05,11.19433597381894
12,47,65,3,8.8,9.271348053915466
12,47,65,4,10.6,13.65129644894001
12,47,65,5,12.05,13.570381835375702
12,47,65,6,5.6,4.24759994151496
8,27,108,0,19.65,16.90616517879296
8,27,108,1,30.45,36.481393959978526
8,27,108,2,16.0,16.27397017519566
8,27,108,3,24.65,29.435522757375992
8,27,108,4,41.9,107.97070752852612
12,47,65,0,12.3,12.682769081669324
12,47,65,1,9.4,11.887189035171213
12,47,65,2,7.4,5.669864938519491
12,47,65,3,12.05,19.170907234936127
12,47,65,4,9.8,13.2132310085085
12,47,65,5,9.0,9.57518723191958
12,47,65,6,7.8,8.673007127379693
9,17,22,0,75.5,151.01010771328833
9,17,22,1,23.055555555555557,27.266597152219745
9,17,22,2,22.444444444444443,27.055981663780923
9,17,22,3,31.444444444444443,42.32955054891563
9,17,22,4,32.94444444444444,35.20774016207603
12,32,65,0,12.35,16.601442549876264
12,32,65,1,9.2,6.493721664240898
12,32,65,2,11.3,10.563591893111477
12,32,65,3,10.75,10.62705088565571
12,32,65,4,14.05,12.596887669077962
12,32,65,5,10.75,6.214372136638711
12,32,65,6,10.65,6.876925567661606
8,27,108,0,23.25,19.031483610613563
8,27,108,1,35.9,42.47339724679686
8,27,108,2,35.95,34.924693420648886
8,27,108,3,23.5,24.066793021002802
8,27,108,4,20.75,28.818625190920137
9,17,22,0,22.8,36.576667857788074
9,17,22,1,41.5,109.5461930924696
9,17,22,2,16.894736842105264,18.755428064199045
9,17,22,3,20.789473684210527,22.65828018228024
9,17,22,4,17.105263157894736,15.216565303941714
12,32,65,0,13.0,16.97986423602039
12,32,65,1,7.85,8.228800513728403
12,32,65,2,10.1,10.135399143076393
12,32,65,3,14.55,14.347106805353144
12,32,65,4,9.1,8.595592505832032
12,32,65,5,10.95,17.64705134158768
12,32,65,6,9.65,8.96352256884007
8,27,108,0,21.8,24.219609280172346
8,27,108,1,27.5,31.92507676288014
8,27,108,2,24.55,21.064999656451832
8,27,108,3,20.95,20.724953177523133
8,27,108,4,15.4,16.962497333514122
12,32,65,0,10.45,8.02282926863611
12,32,65,1,8.4,7.103742527339857
12,32,65,2,11.65,9.062792645002743
12,32,65,3,9.85,9.376762992127205
12,32,65,4,5.5,4.346807661043362
12,32,65,5,6.6,5.9062856793687
12,32,65,6,9.3,7.248230274022974
9,17,22,0,48.55,108.89322389628435
9,17,22,1,17.0,22.565952721350417
9,17,22,2,13.210526315789474,10.829891491035466
9,17,22,3,53.0,110.3101687666796
9,17,22,4,26.055555555555557,24.230443229230602
12,32,65,0,9.65,7.5552352013268536
12,32,65,1,14.9,13.699404520289427
12,32,65,2,15.2,17.54872914876864
12,32,65,3,10.3,11.379112905948153
12,32,65,4,10.7,19.894722918402255
12,32,65,5,12.85,8.222402005304904
12,32,65,6,12.05,10.389645655271659
8,36,108,0,18.75,25.256317604658214
8,36,108,1,53.7,108.80794282152674
8,36,108,2,20.05263157894737,26.757083556842222
8,36,108,3,22.42105263157895,22.94029881979571
8,36,108,4,20.105263157894736,18.342103165613583
12,32,65,0,16.3,18.157498088726467
12,32,65,1,12.2,11.874785316618969
12,32,65,2,12.45,14.816331671858803
12,32,65,3,16.3,15.614096195425466
12,32,65,4,14.3,19.99236696447184
12,32,65,5,10.45,12.089469101573266
12,32,65,6,8.1,8.453588462584209
9,17,22,0,48.2,108.81979309124351
9,17,22,1,11.105263157894736,13.10171632879578
9,17,22,2,24.57894736842105,25.57845401781586
9,17,22,3,18.05263157894737,14.412470233988829
9,17,22,4,25.63157894736842,26.300001111778155
8,36,108,0,12.55,10.87476557521078
8,36,108,1,14.85,15.229040817153466
8,36,108,2,39.05,108.22708825233612
8,36,108,3,18.57894736842105,26.961527712801942
8,36,108,4,11.052631578947368,11.47690281590003
12,25,65,0,8.4,6.953984090925295
12,25,65,1,7.6,8.524886169945399
12,25,65,2,9.35,11.59071770176917
12,25,65,3,13.35,18.502560278029232
12,25,65,4,10.25,9.396947992776557
12,25,65,5,8.9,10.467493542039163
12,25,65,6,11.2,18.574458977741166
9,17,22,0,16.1,15.04694408562049
9,17,22,1,16.85,17.82155702335916
9,17,22,2,40.7,108.80117065933668
9,17,22,3,20.0,33.8296385503074
9,17,22,4,22.263157894736842,20.184818567051707
8,36,108,0,22.1,19.47981411345439
8,36,108,1,17.4,19.34016818083953
8,36,108,2,31.9,30.28791664569952
8,36,108,3,28.4,30.3113666364356
8,36,108,4,23.55,45.76769143126369
12,25,65,0,16.8,14.869962658785806
12,25,65,1,9.3,7.664683191173176
12,25,65,2,14.35,15.184046336793589
12,25,65,3,9.8,12.011398095580976
12,25,65,4,11.9,11.55262558446074
12,25,65,5,11.15,13.350635703374223
12,25,65,6,10.3,12.494630425654222
12,25,65,0,13.5,10.66968159146082
12,25,65,1,10.6,9.697530884877754
12,25,65,2,7.1,7.690732632269349
12,25,65,3,6.75,6.536335686799318
12,25,65,4,10.7,13.286716754159515
12,25,65,5,8.15,11.33822134013509
12,25,65,6,11.65,19.219713016095028
9,19,22,0,12.1,10.973173028608883
9,19,22,1,27.25,35.929572924351824
9,19,22,2,20.8,23.30484476399026
9,19,22,3,15.85,14.503266419745081
9,19,22,4,28.95,33.24625028322347
8,36,108,0,27.75,27.581219773797645
8,36,108,1,34.1,31.67748660949503
8,36,108,2,29.05,27.47721544154452
8,36,108,3,25.2,36.11181465801375
8,36,108,4,20.9,16.63825648760616
12,25,65,0,14.25,17.82923382951069
12,25,65,1,7.05,5.010252646219287
12,25,65,2,10.05,8.672248539844906
12,25,65,3,7.6,6.167828245270606
12,25,65,4,9.05,7.0671590361407075
12,25,65,5,12.95,15.67255395168321
12,25,65,6,8.85,8.106365270251326
9,19,22,0,12.55,9.991970460535324
9,19,22,1,20.1,12.451590471227277
9,19,22,2,22.6,27.27906465443881
9,19,22,3,17.45,19.688294679032538
9,19,22,4,24.6,32.878404366456266
8,36,108,0,19.75,16.325230714900687
8,36,108,1,33.1,41.461332651799296
8,36,108,2,14.65,16.197059512211013
8,36,108,3,12.65,11.34286235109064
8,36,108,4,15.7,12.798437404620925
12,25,65,0,11.25,11.543396380615196
12,25,65,1,10.5,8.635910338141604
12,25,65,2,11.2,9.087875091802843
12,25,65,3,15.3,21.153822598441064
12,25,65,4,11.45,9.400307945683707
12,25,65,5,7.45,5.753488644200783
12,25,65,6,15.2,14.60569463563694
9,19,22,0,16.1,12.748168083049588
9,19,22,1,22.1,23.339372652011743
9,19,22,2,24.4,35.551889430876436
9,19,22,3,16.55,14.741545302129516
9,19,22,4,18.95,16.07376090010313
12,36,65,0,8.15,6.838551708781926
12,36,65,1,18.3,23.896927791972274
12,36,65,2,12.5,13.574356629127468
12,36,65,3,10.2,12.659924336682518
12,36,65,4,7.1,7.724874381536978
12,36,65,5,18.7,30.09126468805051
12,36,65,6,11.05,11.91405627156869
8,46,108,0,31.0,37.82369071028591
8,46,108,1,30.6,43.480667210297405
8,46,108,2,28.25,28.009162034854537
8,46,108,3,20.8,23.043665644072117
8,46,108,4,16.85,11.370668637470617
9,19,22,0,24.15,29.1480341487525
9,19,22,1,46.6,109.61002643342826
9,19,22,2,24.31578947368421,25.9573424242736
9,19,22,3,13.578947368421053,13.082285688304218
9,19,22,4,14.947368421052632,21.701187075085002
12,36,65,0,14.3,22.73670808927365
12,36,65,1,14.85,17.248264596154225
12,36,65,2,18.15,37.753041006826955
12,36,65,3,11.9,21.008519575087675
12,36,65,4,8.6,9.040260825301099
12,36,65,5,11.6,10.609826626888468
12,36,65,6,6.95,9.46725659145357
8,46,108,0,19.2,23.268682363798952
8,46,108,1,19.9,19.037082925589978
8,46,108,2,27.95,19.62671380381449
8,46,108,3,16.45,21.497796704729875
8,46,108,4,23.65,26.32844169534656
12,36,65,0,12.1,13.317578411139245
12,36,65,1,17.45,18.32879529161983
12,36,65,2,13.25,14.799982219050484
12,36,65,3,9.45,9.714205550310545
12,36,65,4,11.55,17.506314650193485
12,36,65,5,9.6,14.547200852108249
12,36,65,6,10.95,9.697937925146768
9,19,22,0,38.1,49.335478853297964
9,19,22,1,19.45,16.621086797071648
9,19,22,2,22.4,20.048362579155018
9,19,22,3,21.75,19.667967545438472
9,19,22,4,22.8,21.313697103283754
8,46,108,0,35.35,42.295047613539566
8,46,108,1,22.6,31.946336582660482
8,46,108,2,15.0,14.304949456302472
8,46,108,3,15.3,16.21273054050265
8,46,108,4,26.9,34.7849029563719
12,36,65,0,10.15,8.875009266118218
12,36,65,1,6.45,6.320184874044845
12,36,65,2,11.4,10.312996399535981
12,36,65,3,10.2,9.99262886226379
12,36,65,4,8.55,7.728791013238474
12,36,65,5,7.7,5.582868532630119
12,36,65,6,8.45,12.873779962633966
8,46,108,0,23.45,15.191670155228593
8,46,108,1,18.2,29.473627819494926
8,46,108,2,23.7,18.78437200384797
8,46,108,3,14.75,12.527338525254109
8,46,108,4,12.3,9.825316387031167
12,36,65,0,15.8,27.23117408605922
12,36,65,1,9.3,9.414993641163965
12,36,65,2,11.2,12.634955689006508
12,36,65,3,8.15,6.968160672508544
12,36,65,4,7.8,7.42400090744096
12,36,65,5,8.75,11.597980767993059
12,36,65,6,10.75,16.96707337602359
9,7,22,0,31.65,56.84260355532079
9,7,22,1,19.05,18.548584851680733
9,7,22,2,33.8,56.72055229483912
9,7,22,3,19.894736842105264,15.484381869204372
9,7,22,4,28.05263157894737,32.86077310954088
12,26,65,0,13.4,18.89137926479472
12,26,65,1,10.95,9.550282442778439
12,26,65,2,14.4,14.568892599609189
12,26,65,3,13.3,12.5785950181878
12,26,65,4,17.55,18.391860327758838
12,26,65,5,9.8,12.882464621990707
12,26,65,6,10.9,12.805837484686839
9,7,22,0,17.95,17.980910930615746
9,7,22,1,28.9,25.930879782911138
9,7,22,2,18.4,17.076915782177384
9,7,22,3,27.9,36.289624441502056
9,7,22,4,29.85,26.002580843568506
8,46,108,0,29.15,28.606725377821647
8,46,108,1,39.2,35.1965907439911
8,46,108,2,16.2,17.52171584964753
8,46,108,3,18.0,14.818196495134655
8,46,108,4,41.55,51.893083404854224
12,26,65,0,12.45,10.34395322983687
12,26,65,1,7.25,5.138861229576267
12,26,65,2,10.15,11.370668637470617
12,26,65,3,14.25,17.329242094764197
12,26,65,4,10.35,17.49368307042348
12,26,65,5,10.0,10.213510144592025
12,26,65,6,13.0,12.732056517228266
8,45,108,0,24.7,17.88295277631745
8,45,108,1,21.75,28.30635970943633
8,45,108,2,20.55,21.663636765204885
8,45,108,3,17.45,22.905928903831178
8,45,108,4,18.15,17.11655093146612
9,7,22,0,17.0,15.386254973360579
9,7,22,1,26.9,26.93246915410546
9,7,22,2,20.6,12.873473338204949
9,7,22,3,23.75,24.97762156305857
9,7,22,4,28.25,33.67628401803201
12,26,65,0,17.55,11.559798759858282
12,26,65,1,9.95,10.174658923547577
12,26,65,2,12.55,9.670764406732609
12,26,65,3,16.15,21.275820226627918
12,26,65,4,12.5,13.96424004376894
12,26,65,5,9.85,10.960575282635295
12,26,65,6,12.35,20.62005921682242
12,26,65,0,6.15,5.284286537511599
12,26,65,1,10.65,10.926910287041466
12,26,65,2,7.35,6.276732304396344
12,26,65,3,7.75,13.730009391647803
12,26,65,4,9.1,12.199654870010399
12,26,65,5,7.6,11.78044767266597
12,26,65,6,7.25,6.584471365105534
8,45,108,0,45.9,110.77331048492447
8,45,108,1,12.210526315789474,9.829541344383047
8,45,108,2,15.052631578947368,17.453028021936564
8,45,108,3,8.157894736842104,6.610287923589149
8,45,108,4,17.36842105263158,18.697030442517363
9,7,22,0,27.45,39.99404560944699
9,7,22,1,15.9,18.822998251019808
9,7,22,2,12.7,14.80078234063108
9,7,22,3,16.3,16.505501475186037
9,7,22,4,27.0,27.185522462865183
9,7,22,0,22.7,32.218170747511245
9,7,22,1,19.65,24.84960022976119
9,7,22,2,16.25,14.256577429383253
9,7,22,3,22.25,23.940441450443334
9,7,22,4,26.6,31.506724428453783
8,45,108,0,18.4,14.463747785411634
8,45,108,1,30.15,39.14248600339938
8,45,108,2,22.15,21.55598585812742
8,45,108,3,51.0,107.95466884908586
8,45,108,4,17.68421052631579,22.526657372936203
12,26,65,0,12.65,12.214206568797792
12,26,65,1,15.1,20.88792146571541
12,26,65,2,14.65,19.34527005973839
12,26,65,3,38.45,109.80196288150582
12,26,65,4,16.0,24.722908854384876
12,26,65,5,14.894736842105264,26.292995976626564
12,26,65,6,42.10526315789474,110.95088740160972
9,16,22,0,16.55,14.203316884668729
9,16,22,1,22.45,18.974983530954646
9,16,22,2,20.2,22.472439260476143
9,16,22,3,14.85,17.095013123253533
9,16,22,4,28.6,32.87680353267811
12,36,65,0,10.3,12.439749532086756
12,36,65,1,11.1,12.957013950996416
12,36,65,2,7.65,7.700136704186354
12,36,65,3,32.85,109.3816471664333
12,36,65,4,7.526315789473684,8.808887059559238
12,36,65,5,6.368421052631579,5.974115706908609
12,36,65,6,10.631578947368421,10.766256577926907
8,45,108,0,33.25,31.57593187356805
8,45,108,1,19.8,18.317664755783234
8,45,108,2,21.0,23.371147304225126
8,45,108,3,25.15,28.40547575084035
8,45,108,4,19.25,23.350588857671237
12,36,65,0,14.1,16.936102826428765
12,36,65,1,13.55,10.292945974894907
12,36,65,2,9.9,10.93954680096604
12,36,65,3,9.4,9.54435628222801
12,36,65,4,12.75,20.692930397144156
12,36,65,5,8.0,5.628872935705317
12,36,65,6,11.05,8.702540463928667
8,45,108,0,27.9,23.608428468173013
8,45,108,1,17.1,18.965064835389473
8,45,108,2,18.3,23.08360092314341
8,45,108,3,21.7,29.67561465687203
8,45,108,4,16.7,19.407269392244697
9,16,22,0,22.45,24.93670935958092
9,16,22,1,36.15,109.17743886854434
9,16,22,2,20.57894736842105,28.509873123131854
9,16,22,3,32.1578947368421,31.547606279847983
9,16,22,4,58.8421052631579,111.84128792271004
12,36,65,0,11.2,10.571062785787086
12,36,65,1,14.05,15.191670155228593
12,36,65,2,19.05,39.051214685602964
12,36,65,3,30.6,109.90780825669063
12,36,65,4,9.0,7.753135566408672
12,36,65,5,34.0,111.60595364445791
12,36,65,6,13.444444444444445,11.490262999202832
8,47,108,0,49.75,112.12064695534096
8,47,108,1,15.421052631578947,20.164092919713838
8,47,108,2,22.526315789473685,23.070829154903315
8,47,108,3,16.473684210526315,17.80252298303259
8,47,108,4,22.157894736842106,26.270522470578943
9,16,22,0,19.15,15.91515332201226
9,16,22,1,21.05,24.98099277450758
9,16,22,2,21.2,33.009727433942224
9,16,22,3,31.2,47.513543775488515
9,16,22,4,25.75,30.240918602032195
12,36,65,0,9.25,7.853091915390966
12,36,65,1,7.0,6.7900856517347945
12,36,65,2,34.95,109.58845261873361
12,36,65,3,11.210526315789474,11.669423233240416
12,36,65,4,9.842105263157896,8.91480141172681
12,36,65,5,7.947368421052632,8.560073235736338
12,36,65,6,9.526315789473685,4.513786548547456
8,47,108,0,29.4,31.367767566488745
8,47,108,1,25.4,22.020086524042448
8,47,108,2,26.65,42.39199899683156
8,47,108,3,20.35,14.733688572362603
8,47,108,4,23.55,26.711864109614783
9,16,22,0,20.05,23.91976720534493
9,16,22,1,22.0,18.826073744452902
9,16,22,2,18.25,21.289668856043768
9,16,22,3,22.6,18.30271765843014
9,16,22,4,19.5,12.271061379050348
12,36,65,0,9.85,10.648820048298903
12,36,65,1,7.45,6.977218568123576
12,36,65,2,12.8,11.072013081829814
12,36,65,3,12.6,17.670671508998957
12,36,65,4,8.25,12.319753073396953
12,36,65,5,7.4,5.335087430842801
12,36,65,6,35.5,107.72064259976015
8,47,108,0,18.9,15.440548122258791
8,47,108,1,21.1,35.401308331457855
8,47,108,2,28.4,42.56314194971489
8,47,108,3,19.7,17.693590870559227
8,47,108,4,23.25,31.64752422344731
9,16,22,0,25.9,50.52659539396319
9,16,22,1,12.05,14.529371341491252
9,16,22,2,12.7,13.262928151727834
9,16,22,3,11.6,9.207548390772706
9,16,22,4,29.4,42.130623941311505
12,32,65,0,9.45,8.165878945182106
12,32,65,1,12.7,12.933432808443639
12,32,65,2,5.8,6.143888705132332
12,32,65,3,16.45,31.605254393267554
12,32,65,4,13.4,13.37082448349469
12,32,65,5,10.9,13.1224997618594
12,32,65,6,12.95,19.195599824740537
8,47,108,0,21.2,35.569945918311134
8,47,108,1,19.4,18.21335542368494
8,47,108,2,12.75,17.4984961759876
8,47,108,3,14.3,13.444231789918405
8,47,108,4,21.65,31.987291884516623
12,32,65,0,12.75,16.713924229752113
12,32,65,1,10.2,9.157108254189605
12,32,65,2,9.55,11.518749018333908
12,32,65,3,10.9,10.905816893074226
12,32,65,4,13.8,14.674001355781378
12,32,65,5,16.95,30.268056811726364
12,32,65,6,8.8,9.029775307573448
9,0,22,0,21.75,18.168437061650568
9,0,22,1,27.15,29.455184513712386
9,0,22,2,19.35,24.044421609311293
9,0,22,3,27.25,36.90938405851481
9,0,22,4,23.0,21.056315467161664
8,47,108,0,24.95,29.821354058706603
8,47,108,1,25.65,46.007179073659685
8,47,108,2,16.35,16.37158964085104
8,47,108,3,48.15,108.70349580395288
8,47,108,4,23.263157894736842,24.218546853515107
12,32,65,0,16.25,17.531550506384043
12,32,65,1,11.75,11.652309461624922
12,32,65,2,13.25,15.77764908109937
12,32,65,3,13.4,13.464964283572932
12,32,65,4,18.25,22.945874528872004
12,32,65,5,10.9,8.277426500651288
12,32,65,6,7.5,7.897367982602278
9,0,22,0,14.2,15.67633147203301
9,0,22,1,39.9,108.55117638578055
9,0,22,2,14.0,13.820274961085254
9,0,22,3,15.789473684210526,21.27225356961092
9,0,22,4,30.05263157894737,37.89235291396834
12,32,65,0,19.05,33.238333924931666
12,32,65,1,12.9,13.958208300042253
12,32,65,2,16.1,24.47103551032053
12,32,65,3,15.5,18.936180907680964
12,32,65,4,11.85,20.81566970489198
12,32,65,5,5.95,6.38645771185116
12,32,65,6,8.421052631578947,6.221073411073439
8,47,108,0,27.0,27.07300072805105
8,47,108,1,18.4,14.29169799495313
8,47,108,2,25.5,36.9117011828299
8,47,108,3,17.65,31.67146316398042
8,47,108,4,30.3,44.092128429842035
9,0,22,0,39.35,52.3613708557629
9,0,22,1,49.65,113.62740357020073
9,0,22,2,16.57894736842105,18.016399287173165
9,0,22,3,24.894736842105264,28.664524603771714
9,0,22,4,31.31578947368421,27.3232758561043
12,32,65,0,13.95,13.296121318086081
12,32,65,1,13.3,22.25947462377124
12,32,65,2,10.55,10.845687961970002
12,32,65,3,14.2,19.055597326604175
12,32,65,4,10.75,11.710881130047612
12,32,65,5,10.65,10.297035853507603
12,32,65,6,9.6,11.094806751003158
8,47,108,0,21.4,26.725505263305077
8,47,108,1,44.15,107.34120462583935
8,47,108,2,24.42105263157895,24.429753692926912
8,47,108,3,16.68421052631579,15.574382925457176
8,47,108,4,12.631578947368421,11.875327019196797
12,32,65,0,15.0,27.9811966938702
12,32,65,1,9.1,8.038722077020633
12,32,65,2,7.9,6.315394724505808
12,32,65,3,12.05,11.15665956420554
12,32,65,4,10.15,11.44908638046584
12,32,65,5,35.25,108.44492902657527
12,32,65,6,9.31578947368421,8.775297599125421
9,0,22,0,36.1,76.70991152592858
9,0,22,1,13.75,11.26183587912828
9,0,22,2,22.1,36.94932518435144
9,0,22,3,20.25,20.357010947996322
9,0,22,4,26.95,20.111465700728502
8,47,108,0,25.45,31.520210725985425
8,47,108,1,30.55,33.40575903705984
8,47,108,2,15.9,16.302728218565782
8,47,108,3,21.85,33.34867629346502
8,47,108,4,18.2,20.205783434713098
12,32,65,0,14.45,18.6560981987124
12,32,65,1,16.35,23.662706612104337
12,32,65,2,10.55,19.170907234936127
12,32,65,3,7.55,7.3447080841994845
12,32,65,4,13.25,13.360881628647746
12,32,65,5,6.35,4.487116058930924
12,32,65,6,8.05,7.625959818796237
12,32,65,0,17.3,12.67861855333824
12,32,65,1,12.95,17.28240663065675
12,32,65,2,10.85,9.056983348136457
12,32,65,3,10.35,9.549180179746486
12,32,65,4,6.85,7.343274760658648
12,32,65,5,7.15,6.326843396862377
12,32,65,6,13.55,15.452729276903264
8,47,108,0,27.1,16.858232410309213
8,47,108,1,48.4,105.69090983170042
8,47,108,2,20.42105263157895,20.003654636850968
8,47,108,3,19.473684210526315,19.531650726883253
8,47,108,4,11.105263157894736,12.23335484485895
9,0,22,0,44.15,109.03803054559982
9,0,22,1,38.94736842105263,113.31836846504166
9,0,22,2,41.388888888888886,114.13930543748562
9,0,22,3,15.411764705882353,19.03634295081848
9,0,22,4,41.05882352941177,52.58026077844623
12,32,65,0,9.65,9.46614466067586
12,32,65,1,9.6,14.299061434050028
12,32,65,2,7.05,7.836990560963537
12,32,65,3,7.3,9.526141318553522
12,32,65,4,6.4,6.580673457777307
12,32,65,5,9.3,12.888591446456987
12,32,65,6,9.05,10.215957589657673
9,18,22,0,15.6,19.701455997490456
9,18,22,1,14.3,20.680781823763464
9,18,22,2,20.7,31.69775021071768
9,18,22,3,23.85,22.283519990295403
9,18,22,4,25.45,24.830954790129873
12,32,65,0,13.35,6.192312721601298
12,32,65,1,11.8,9.976815228581872
12,32,65,2,8.35,7.788486779586229
12,32,65,3,9.2,13.177333010255067
12,32,65,4,9.9,12.069535376746128
12,32,65,5,9.65,9.004531023177632
12,32,65,6,7.9,10.89616059855368
8,47,108,0,43.5,38.13204205886367
8,47,108,1,32.25,31.77366503055139
8,47,108,2,14.1,11.419742830545244
8,47,108,3,35.9,56.27647914771461
8,47,108,4,27.0,23.024014922638813
9,18,22,0,12.2,11.83927451546891
9,18,22,1,15.8,29.92200387322804
9,18,22,2,18.05,19.725684565534028
9,18,22,3,13.7,10.839013355758714
9,18,22,4,11.5,8.864476711482808
13,22,65,0,13.6,13.865519520701246
13,22,65,1,9.75,12.8426714715559
13,22,65,2,10.15,13.107952588128764
13,22,65,3,13.0,22.618111047751558
13,22,65,4,16.55,39.24615301294879
13,22,65,5,12.05,15.909199589512586
13,22,65,6,12.9,16.92988637385316
8,35,108,0,33.6,29.083183782855833
8,35,108,1,27.4,30.210489638708708
8,35,108,2,20.9,26.86790297969523
8,35,108,3,19.15,23.609264461669547
8,35,108,4,32.55,61.99870541942155
9,18,22,0,19.55,15.052452152040667
9,18,22,1,14.75,11.493132961171112
9,18,22,2,17.75,16.133896974350225
9,18,22,3,19.0,28.650342149146454
9,18,22,4,29.3,28.687242717571205
13,22,65,0,6.25,5.280301028101373
13,22,65,1,12.25,13.15044525962204
13,22,65,2,9.2,9.105232734965908
13,22,65,3,9.2,12.784036097702806
13,22,65,4,31.7,108.90464201599295
13,22,65,5,7.842105263157895,6.422730103959227
13,22,65,6,18.63157894736842,15.585643416354502
9,18,22,0,28.0,21.386173595401107
9,18,22,1,11.9,8.955445270895245
9,18,22,2,16.5,16.06729270091393
9,18,22,3,22.05,26.39073800846765
9,18,22,4,23.35,18.98274840064276
8,35,108,0,20.3,18.171985379467454
8,35,108,1,24.8,23.148490913641588
8,35,108,2,17.5,21.777583839690223
8,35,108,3,40.05,63.885979847323554
8,35,108,4,19.25,18.612036286684003
13,22,65,0,13.15,15.159763225480523
13,22,65,1,12.35,12.950411495189519
13,22,65,2,10.95,8.178759396336215
13,22,65,3,12.9,16.137240356262573
13,22,65,4,10.65,13.658523461849555
13,22,65,5,12.15,17.655400247367286
13,22,65,6,15.3,14.80078234063108
13,22,65,0,16.5,11.905328307327906
13,22,65,1,12.9,22.856301676250894
13,22,65,2,10.25,11.068566207722517
13,22,65,3,7.25,7.369031929564925
13,22,65,4,8.85,8.177472264188912
13,22,65,5,7.15,6.301837660138258
13,22,65,6,15.95,11.860926563610805
9,18,22,0,24.3,33.19654389113104
9,18,22,1,19.25,23.171840896362028
9,18,22,2,14.5,11.65513214267251
9,18,22,3,33.7,109.13010101419508
9,18,22,4,20.63157894736842,24.626567691363526
8,35,108,0,17.25,20.585828032641135
8,35,108,1,22.85,28.612244342515137
8,35,108,2,21.6,27.92169501716504
8,35,108,3,58.3,109.37530751836468
8,35,108,4,8.526315789473685,7.105306475934664
9,11,22,0,21.0,22.145452188464766
9,11,22,1,19.65,27.160875499415276
9,11,22,2,20.25,26.351620343668475
9,11,22,3,14.25,24.427928365101415
9,11,22,4,23.15,26.446121992100327
13,22,65,0,13.4,9.906935369782758
13,22,65,1,18.05,25.744646863091035
13,22,65,2,11.15,13.099919646197916
13,22,65,3,20.0,18.292937952864992
13,22,65,4,15.8,21.736701923850266
13,22,65,5,16.3,32.87632326734465
13,22,65,6,18.15,20.230968965009016
8,35,108,0,44.7,44.080190084603046
8,35,108,1,32.55,31.366215482334024
8,35,108,2,20.7,14.382372251438474
8,35,108,3,47.15,108.7407709332516
8,35,108,4,30.842105263157894,48.1609144868588
9,11,22,0,24.7,26.421880884480654
9,11,22,1,15.45,15.15698553559763
9,11,22,2,10.3,7.712600762798226
9,11,22,3,16.6,16.89721247643185
9,11,22,4,28.4,33.85324364463704
13,23,65,0,11.75,14.980250156016824
13,23,65,1,11.1,13.568151563205108
13,23,65,2,9.0,14.520403068205715
13,23,65,3,13.85,18.593363275500668
13,23,65,4,18.05,26.999951267012552
13,23,65,5,14.9,15.217372343891425
13,23,65,6,13.05,11.962551215311361
13,23,65,0,10.45,9.173617779147698
13,23,65,1,8.3,9.72841740794246
13,23,65,2,13.1,19.595649356023152
13,23,65,3,9.65,8.267087567100356
13,23,65,4,6.85,6.037383539249431
13,23,65,5,13.7,15.009120034516556
13,23,65,6,8.0,6.6332495807108005
9,11,22,0,18.9,16.2347904529942
9,11,22,1,15.25,14.846140735451828
9,11,22,2,26.75,28.61886569527539
9,11,22,3,18.05,18.6814712595409
9,11,22,4,19.7,22.155194234737532
8,35,108,0,22.6,19.57818334672282
8,35,108,1,19.75,16.836286001247117
8,35,108,2,28.9,38.62355430781094
8,35,108,3,25.35,26.354416388110263
8,35,108,4,17.5,21.61261814676544
13,23,65,0,32.95,110.12599243832636
13,23,65,1,7.0,6.128258770283412
13,23,65,2,9.31578947368421,8.340347924923272
13,23,65,3,6.421052631578948,5.55093375001684
13,23,65,4,8.210526315789474,7.442960487515264
13,23,65,5,11.631578947368421,14.49218381793667
13,23,65,6,9.68421052631579,8.485625961189685
9,11,22,0,14.9,10.779610382569492
9,11,22,1,11.4,11.357353286933117
9,11,22,2,14.6,14.999649118703092
9,11,22,3,21.35,28.22144574609883
9,11,22,4,17.3,15.89471941442056
9,22,108,0,20.45,12.538257244802491
9,22,108,1,18.4,16.371991487389614
9,22,108,2,31.7,52.936009035736525
9,22,108,3,22.25,16.47925330449424
9,22,108,4,32.0,32.090333025448814
13,23,65,0,12.6,11.39436610555271
13,23,65,1,7.95,6.739319034786199
13,23,65,2,12.05,11.949344840001194
13,23,65,3,10.45,13.012038959930024
13,23,65,4,8.7,12.561846997953763
13,23,65,5,12.55,23.41945884583115
13,23,65,6,11.25,20.198684167669512
9,11,22,0,31.1,27.328219461709693
9,11,22,1,22.3,17.53522770101135
9,11,22,2,21.9,20.14395560381379
9,11,22,3,25.8,34.63888900612933
9,11,22,4,31.25,32.426232070898855
13,23,65,0,19.0,19.566351352849562
13,23,65,1,12.15,14.510522497756405
13,23,65,2,19.15,21.784289365455436
13,23,65,3,8.8,5.671721171975186
13,23,65,4,14.65,20.92411099790458
13,23,65,5,10.1,9.089612347706526
13,23,65,6,11.65,9.404786015641186
9,22,108,0,21.7,22.72281487381072
9,22,108,1,29.35,32.27721210161484
9,22,108,2,27.8,36.62699608356196
9,22,108,3,39.9,46.858016221459124
9,22,108,4,28.9,26.265646965691055
9,16,22,0,20.1,19.229637213645532
9,16,22,1,17.7,18.76755318712535
9,16,22,2,18.1,28.356564263713356
9,16,22,3,15.55,16.959626981995243
9,16,22,4,21.8,20.46203159126936
13,14,65,0,14.75,16.81125875871975
13,14,65,1,11.15,8.362038280857504
13,14,65,2,12.55,12.53405886291218
13,14,65,3,6.55,7.930454291095681
13,14,65,4,10.0,9.673621212783816
13,14,65,5,12.2,12.935467358757228
13,14,65,6,16.7,15.162627185217435
9,22,108,0,22.05,17.306752561082227
9,22,108,1,33.0,26.525062627040505
9,22,108,2,20.7,23.6445164445107
9,22,108,3,20.95,23.8757198844349
9,22,108,4,31.65,24.225421619273806
9,16,22,0,19.45,21.898029231200837
9,16,22,1,16.35,11.699190255380026
9,16,22,2,15.45,12.145932825869172
9,16,22,3,11.8,9.473508770305362
9,16,22,4,49.15,105.93507197186497
13,14,65,0,15.0,16.67333200053307
13,14,65,1,12.5,14.964871146156009
13,14,65,2,11.0,11.823259858609662
13,14,65,3,11.3,14.718767110840428
13,14,65,4,6.5,6.684624935350957
13,14,65,5,9.55,8.684377988815985
13,14,65,6,19.05,13.339592828947413
13,14,65,0,10.6,12.167255453189018
13,14,65,1,9.25,8.447204458156245
13,14,65,2,10.2,11.265223617749214
13,14,65,3,7.9,10.233587630419436
13,14,65,4,10.2,11.223096486123698
13,14,65,5,13.25,14.71080877235654
13,14,65,6,11.5,10.19545822516343
9,22,108,0,34.15,29.279550974411443
9,22,108,1,25.15,21.480162206581507
9,22,108,2,20.4,21.668313027868233
9,22,108,3,16.15,14.985168105760268
9,22,108,4,25.4,28.7336223374565
9,16,22,0,19.7,18.157498088726463
9,16,22,1,15.25,17.987934552740743
9,16,22,2,28.55,24.4270665235793
9,16,22,3,15.9,16.811337026886914
9,16,22,4,26.3,25.133538088420927
13,14,65,0,11.6,18.695341384250895
13,14,65,1,13.65,13.25171289821969
13,14,65,2,10.5,7.970339753703959
13,14,65,3,9.55,8.469605098605
13,14,65,4,7.55,5.8801629050115345
13,14,65,5,8.5,10.384705352736681
13,14,65,6,8.75,4.677774999651909
9,22,108,0,37.35,28.557006698513547
9,22,108,1,13.6,11.004305377537705
9,22,108,2,38.0,52.02327414370974
9,22,108,3,22.35,30.933332388082263
9,22,108,4,19.4,17.616977457465342
9,16,22,0,27.0,29.74806495254864
9,16,22,1,25.65,26.04101016716356
9,16,22,2,20.1,21.99497550279202
9,16,22,3,18.95,21.605250336556235
9,16,22,4,19.45,21.32819976611148
13,14,65,0,13.2,12.094365804395299
13,14,65,1,11.6,10.594934241369662
13,14,65,2,10.35,13.456655563228495
13,14,65,3,8.5,10.323708024175279
13,14,65,4,12.5,14.978932573872932
13,14,65,5,9.25,9.135673282018653
13,14,65,6,11.1,16.739175606940744
9,16,22,0,31.95,59.72434485551979
9,16,22,1,15.45,20.226285659481512
9,16,22,2,18.3,34.65180180627052
9,16,22,3,15.5,16.77560886023452
9,16,22,4,25.5,20.90202709887501
13,0,65,0,18.55,19.951190440672956
13,0,65,1,11.7,16.31305579815395
13,0,65,2,11.35,16.52836477408649
13,0,65,3,14.5,17.10493926818862
13,0,65,4,11.7,8.398621440764144
13,0,65,5,9.5,10.122928638023994
13,0,65,6,19.2,18.24280680158621
9,23,108,0,26.75,24.64457877826064
9,23,108,1,25.95,48.43604030058609
9,23,108,2,26.3,32.62078768935054
9,23,108,3,25.1,30.12238195655918
9,23,108,4,18.8,21.71732270016629
9,5,22,0,20.55,16.878747147319846
9,5,22,1,13.45,13.643872733131703
9,5,22,2,16.75,18.572404543470284
9,5,22,3,12.35,11.462869118203026
9,5,22,4,24.85,22.54416717654947
13,0,65,0,10.6,8.683923440230773
13,0,65,1,9.85,14.510522497756403
13,0,65,2,6.75,6.5202114915650435
13,0,65,3,14.55,16.027854044230562
13,0,65,4,8.25,8.674675786448736
13,0,65,5,12.6,16.436160391680676
13,0,65,6,13.65,13.27552159744432
9,23,108,0,23.9,30.893535348285887
9,23,108,1,29.5,27.201973612608562
9,23,108,2,15.75,14.523574302709225
9,23,108,3,21.55,26.820014129279222
9,23,108,4,8.8,11.316499365737481
13,0,65,0,17.25,19.61705756142906
13,0,65,1,11.6,14.844456700628761
13,0,65,2,15.3,30.895579653168237
13,0,65,3,13.3,10.67264087083861
13,0,65,4,11.0,10.346624163414237
13,0,65,5,7.4,5.6791400386808
13,0,65,6,13.8,8.983024927167088
9,5,22,0,35.85,38.22409683625459
9,5,22,1,27.9,48.372349648599005
9,5,22,2,18.45,15.17086889923892
9,5,22,3,18.35,21.86387310995975
9,5,22,4,26.75,28.686829914201322
9,23,108,0,48.25,110.35248548461234
9,23,108,1,29.526315789473685,33.41218743222071
9,23,108,2,29.894736842105264,32.98972017806305
9,23,108,3,20.736842105263158,28.387873203698085
9,23,108,4,17.736842105263158,23.27335650066439
13,0,65,0,11.4,8.659646279393318
13,0,65,1,17.6,21.507403865939548
13,0,65,2,21.7,34.98586180610375
13,0,65,3,12.4,13.414053902726913
13,0,65,4,26.15,34.40819210900983
13,0,65,5,17.45,19.802910471895153
13,0,65,6,18.55,23.347433083295204
9,5,22,0,16.45,19.906293635827577
9,5,22,1,17.7,20.774731615214925
9,5,22,2,30.95,33.74279650220879
9,5,22,3,17.95,15.163928806285831
9,5,22,4,39.4,49.50108983382934
9,23,108,0,30.55,31.71663186471895
9,23,108,1,13.7,15.269853340901202
9,23,108,2,19.7,18.307605552136838
9,23,108,3,22.1,30.946303239814064
9,23,108,4,25.55,34.20445492683819
13,0,65,0,7.95,6.770485483642258
13,0,65,1,10.0,9.318911162960934
13,0,65,2,13.65,12.97882891481354
13,0,65,3,11.05,10.46535638239455
13,0,65,4,9.05,9.058145505565696
13,0,65,5,12.25,16.76737119652646
13,0,65,6,17.1,23.28066738055871
9,23,108,0,15.05,11.564350847596929
9,23,108,1,16.4,17.73607682247209
9,23,108,2,22.35,30.704491356700313
9,23,108,3,20.6,26.408531316901918
9,23,108,4,11.1,10.794247980924109
9,5,22,0,16.55,27.04280233065236
9,5,22,1,19.3,14.875270895366118
9,5,22,2,19.6,19.754812871271326
9,5,22,3,17.55,17.85755037128995
9,5,22,4,26.25,23.86557750136552
13,3,65,0,11.8,20.270798286152786
13,3,65,1,10.25,11.364186589549876
13,3,65,2,9.5,10.743419038256812
13,3,65,3,6.95,10.369362767813957
13,3,65,4,11.15,21.44092250568377
13,3,65,5,7.6,6.715261487247184
13,3,65,6,14.5,12.963511545061676
9,5,22,0,30.85,27.70573757792494
9,5,22,1,21.65,21.694711943600208
9,5,22,2,20.85,20.303681284048235
9,5,22,3,21.65,17.99495543347167
9,5,22,4,28.2,33.38231488930061
9,0,108,0,34.35,30.735330262025645
9,0,108,1,34.95,35.76160098853458
9,0,108,2,41.55,50.55322885205672
9,0,108,3,29.05,28.744747804003943
9,0,108,4,28.95,19.765666670956698
13,3,65,0,11.7,16.010194120917888
13,3,65,1,9.1,8.340768612821696
13,3,65,2,32.45,109.88437703235832
13,3,65,3,11.052631578947368,11.301296308194651
13,3,65,4,34.473684210526315,111.92476065099993
13,3,65,5,9.5,12.363370947135353
13,3,65,6,17.666666666666668,20.69668913561951
13,3,65,0,9.65,12.675193344315877
13,3,65,1,8.15,6.930292011771297
13,3,65,2,6.55,7.287155245975439
13,3,65,3,8.7,9.003508088225214
13,3,65,4,8.95,14.565550561441015
13,3,65,5,11.1,10.862295967437571
13,3,65,6,13.65,12.287241992793732
9,1,22,0,19.05,23.629764905171708
9,1,22,1,15.45,19.500269903665167
9,1,22,2,18.8,19.63509210839774
9,1,22,3,29.65,52.626064184764445
9,1,22,4,55.1,51.97256361216996
9,0,108,0,24.2,26.053790511171307
9,0,108,1,22.15,33.10473809306647
9,0,108,2,20.2,20.41825808334038
9,0,108,3,35.7,42.86711412824767
9,0,108,4,46.4,67.3853021612905
13,3,65,0,15.4,17.44887268263302
13,3,65,1,9.75,7.070137346987197
13,3,65,2,10.85,11.435287030664522
13,3,65,3,8.45,8.580731167471747
13,3,65,4,11.15,15.411120386881267
13,3,65,5,10.65,12.184005909387928
13,3,65,6,15.7,12.290775317071613
13,3,65,0,9.4,9.127171695431983
13,3,65,1,8.1,8.315489668146588
13,3,65,2,6.35,6.132527597723642
13,3,65,3,11.65,18.87430723719974
13,3,65,4,9.1,11.831714739808874
13,3,65,5,8.75,11.751259730903657
13,3,65,6,24.05,33.5692136527378
9,1,22,0,22.45,18.377546368498592
9,1,22,1,17.15,17.62556456729229
9,1,22,2,44.9,108.20686815442664
9,1,22,3,15.526315789473685,15.178085156100815
9,1,22,4,47.78947368421053,70.68834490397379
9,0,108,0,25.6,20.74506916683678
9,0,108,1,20.85,20.924110997904585
9,0,108,2,24.7,28.381053724735374
9,0,108,3,22.25,24.954432155641737
9,0,108,4,26.8,32.38030590538508
13,18,65,0,11.55,8.629661211865676
13,18,65,1,15.1,11.742410762970087
13,18,65,2,12.5,13.720902225973948
13,18,65,3,9.35,10.04869721851911
13,18,65,4,9.95,7.556628320815268
13,18,65,5,9.95,9.29898126848199
13,18,65,6,14.4,15.875834002129082
9,0,108,0,24.3,28.20059723145108
9,0,108,1,23.85,22.994907903135516
9,0,108,2,10.7,9.663278293023597
9,0,108,3,16.65,16.86564555538862
9,0,108,4,29.25,28.831406486676986
9,1,22,0,21.5,15.786403210224597
9,1,22,1,22.75,24.58898983392021
9,1,22,2,16.9,14.927544303982769
9,1,22,3,23.05,27.290783098058274
9,1,22,4,31.55,33.98834939706314
13,18,65,0,11.4,10.323198198844754
13,18,65,1,9.35,8.405981579553304
13,18,65,2,11.0,11.447822132569469
13,18,65,3,8.95,9.997236460247665
13,18,65,4,9.95,13.292162312707756
13,18,65,5,7.35,7.761409258904631
13,18,65,6,13.7,9.91065349165124
9,1,22,0,21.1,22.299162127285125
9,1,22,1,14.7,12.013588797252622
9,1,22,2,17.95,14.29197419238467
9,1,22,3,16.0,21.669770357999205
9,1,22,4,24.55,23.596331115350598
13,18,65,0,10.85,11.485803594460698
13,18,65,1,6.6,6.159289090898652
13,18,65,2,10.7,9.771602249698654
13,18,65,3,9.35,7.520323341312841
13,18,65,4,10.0,10.770329614269007
13,18,65,5,12.9,15.00841869015345
13,18,65,6,9.25,9.49722951291863
9,0,108,0,17.3,14.878808667646112
9,0,108,1,42.85,33.581440676283336
9,0,108,2,31.95,40.735959802766786
9,0,108,3,20.1,37.68833408782868
9,0,108,4,23.65,27.334718621293018
13,18,65,0,10.45,11.32056814642687
13,18,65,1,7.65,7.781726232520309
13,18,65,2,10.3,10.533655335962065
13,18,65,3,10.0,8.175702126616276
13,18,65,4,8.65,10.484449637941244
13,18,65,5,7.05,4.706937768644784
13,18,65,6,12.55,16.05410260731866
9,1,22,0,48.95,109.98730788021335
9,1,22,1,32.1578947368421,26.053925184967035
9,1,22,2,12.421052631578947,13.380399385642352
9,1,22,3,14.842105263157896,17.0106605721064
9,1,22,4,21.42105263157895,24.00073098302004
9,12,108,0,25.45,25.94422154505599
9,12,108,1,21.95,24.588133637782953
9,12,108,2,19.65,15.567425504626812
9,12,108,3,15.7,16.87445905565724
9,12,108,4,33.65,39.70055680373155
13,18,65,0,13.8,16.735087627339656
13,18,65,1,14.7,21.270439086849347
13,18,65,2,12.55,11.546131728623955
13,18,65,3,5.75,5.692793228006978
13,18,65,4,8.35,9.326109359720894
13,18,65,5,7.85,6.499190232960605
13,18,65,6,7.0,8.335087534664908
9,1,22,0,23.8,27.529123334733114
9,1,22,1,18.55,24.16712643240814
9,1,22,2,16.5,14.869608708970615
9,1,22,3,15.35,12.274384966905245
9,1,22,4,33.65,43.600187107275964
9,12,108,0,24.6,33.77386096096398
9,12,108,1,28.25,25.105828637568358
9,12,108,2,20.6,19.518951654333552
9,12,108,3,16.85,16.118883989055554
9,12,108,4,26.35,28.66370343721903
13,15,65,0,12.75,14.461837256797812
13,15,65,1,14.75,14.41809900601908
13,15,65,2,24.95,40.04927885545638
13,15,65,3,10.25,9.095256137708619
13,15,65,4,12.6,13.500097465535106
13,15,65,5,10.4,12.262051000417594
13,15,65,6,12.0,5.60075182923075
9,1,22,0,24.85,23.609264461669547
9,1,22,1,22.45,21.736399256352904
9,1,22,2,18.9,21.915867839487778
9,1,22,3,14.05,11.8431636953894
9,1,22,4,42.45,56.64522556180148
13,15,65,0,12.4,15.142828770011723
13,15,65,1,10.35,10.163272369820554
13,15,65,2,12.0,9.662733622150181
13,15,65,3,34.65,109.10027980088583
13,15,65,4,11.157894736842104,18.977364170958857
13,15,65,5,15.105263157894736,15.307567978843032
13,15,65,6,10.736842105263158,9.206532133117694
9,12,108,0,40.35,37.93661611300174
9,12,108,1,23.65,32.91820005311411
9,12,108,2,23.9,29.136520761842228
9,12,108,3,14.55,13.95283408298717
9,12,108,4,23.45,21.177135137491543
13,15,65,0,9.35,8.791592874056322
13,15,65,1,13.3,14.528012868067568
13,15,65,2,9.3,10.021555714926121
13,15,65,3,7.9,5.674504383644443
13,15,65,4,7.85,9.895639656461139
13,15,65,5,10.3,10.377607471961216
13,15,65,6,16.65,15.21175099786519
9,1,22,0,27.9,42.45728503604038
9,1,22,1,15.05,11.962551215311363
9,1,22,2,18.0,17.67245850111648
9,1,22,3,20.95,19.96437616830222
9,1,22,4,33.75,23.085367888043628
13,15,65,0,9.05,8.350701199678731
13,15,65,1,12.1,10.905816893074226
13,15,65,2,7.85,6.401274544141478
13,15,65,3,10.75,9.743418831514726
13,15,65,4,10.15,9.387982239348123
13,15,65,5,8.7,10.239757398441984
13,15,65,6,12.2,11.362912895630425
9,12,108,0,40.85,61.09291887643039
9,12,108,1,23.0,21.170983121144598
9,12,108,2,32.6,35.51337776106351
9,12,108,3,20.45,17.52134037170252
9,12,108,4,41.8,44.554638248713054
9,1,22,0,20.85,22.56983315004904
9,1,22,1,60.9,149.75836678146777
9,1,22,2,10.5,9.287879514849067
9,1,22,3,17.333333333333332,14.38953868369003
9,1,22,4,22.666666666666668,17.636859797861177
13,15,65,0,10.5,11.971457282790773
13,15,65,1,13.15,13.43708536691997
13,15,65,2,10.2,9.058871778247932
13,15,65,3,8.95,10.69419419468733
13,15,65,4,8.5,8.003288797672328
13,15,65,5,8.4,11.236219630238072
13,15,65,6,12.9,14.613980328871104
9,12,108,0,22.7,22.875176156928852
9,12,108,1,24.65,25.992458420411914
9,12,108,2,15.55,15.679268914213141
9,12,108,3,20.1,22.09286619798584
9,12,108,4,26.15,19.550945595653694
13,4,65,0,16.95,17.37655710554036
13,4,65,1,11.95,17.05247319614557
13,4,65,2,10.15,10.16844965671034
13,4,65,3,12.1,16.43455922262916
13,4,65,4,10.7,9.72841740794246
13,4,65,5,11.45,18.6448101993134
13,4,65,6,10.7,10.858418999002328
9,1,22,0,18.1,15.973333040447526
9,1,22,1,13.05,12.466692466433571
9,1,22,2,26.45,43.059903194943374
9,1,22,3,47.7,102.5157754227432
9,1,22,4,38.473684210526315,30.692685377342183
9,6,108,0,36.1,36.48489233122461
9,6,108,1,23.0,22.22611077089287
9,6,108,2,27.7,31.909576190096587
9,6,108,3,22.55,17.11409083951461
9,6,108,4,28.2,22.343255193269826
13,4,65,0,17.85,20.160605149647665
13,4,65,1,11.4,10.946761116758163
13,4,65,2,12.6,13.990222149396832
13,4,65,3,11.6,11.825040335972155
13,4,65,4,11.45,10.723682596060582
13,4,65,5,15.35,13.658523461849555
13,4,65,6,12.1,11.625290035997065
9,18,22,0,24.4,21.18937171518331
9,18,22,1,18.95,15.23318745371434
9,18,22,2,31.15,36.882851528076095
9,18,22,3,15.7,14.312673809562884
9,18,22,4,22.7,21.877890786434552
9,6,108,0,17.45,15.551188819000638
9,6,108,1,13.85,11.73063914443037
9,6,108,2,15.35,16.10254965100738
9,6,108,3,14.7,13.661702136379562
9,6,108,4,28.6,35.87756959438585
13,4,65,0,13.25,14.920402844850791
13,4,65,1,22.25,33.40638924076146
13,4,65,2,15.25,16.351001900736687
13,4,65,3,11.35,10.368347581893044
13,4,65,4,8.4,8.235992893839116
13,4,65,5,15.6,21.626981199175113
13,4,65,6,22.55,29.357102610513365
13,4,65,0,11.85,11.198096642780532
13,4,65,1,13.05,12.279529392662537
13,4,65,2,11.4,11.004305377537705
13,4,65,3,14.7,24.41979352471011
13,4,65,4,13.55,10.792175528204632
13,4,65,5,8.0,8.078561622884164
13,4,65,6,13.85,14.532268993700301
9,18,22,0,18.7,17.80331134190609
9,18,22,1,46.45,107.18477651135666
9,18,22,2,27.36842105263158,26.851878738979618
9,18,22,3,16.263157894736842,19.0229163124175
9,18,22,4,30.05263157894737,39.27322198282541
9,6,108,0,38.7,57.22908719394912
9,6,108,1,33.05,36.51311948788876
9,6,108,2,20.25,18.040524557667094
9,6,108,3,21.3,21.337143300135715
9,6,108,4,25.65,13.639242917714352
9,18,22,0,17.95,21.19700822981245
9,18,22,1,17.85,19.320768754455862
9,18,22,2,18.0,19.907681669990716
9,18,22,3,18.55,31.25190520508099
9,18,22,4,17.4,15.387623187757786
13,4,65,0,10.75,14.3778887257666
13,4,65,1,15.4,12.902060219001338
13,4,65,2,11.35,10.011966524325304
13,4,65,3,15.15,21.213885720641112
13,4,65,4,17.55,15.013940890140457
13,4,65,5,11.65,13.25965388132856
13,4,65,6,13.85,14.079754034932943
9,6,108,0,50.65,110.57470682517626
9,6,108,1,24.36842105263158,30.599946489270188
9,6,108,2,20.894736842105264,18.979213005701514
9,6,108,3,19.894736842105264,19.130820789855495
9,6,108,4,17.94736842105263,15.116119740971616
13,10,65,0,18.0,15.09618285667292
13,10,65,1,12.6,8.80430516700121
13,10,65,2,9.1,8.110422144896098
13,10,65,3,10.5,9.561435699285905
13,10,65,4,14.5,14.328844666395273
13,10,65,5,18.0,16.91464640948473
13,10,65,6,12.9,12.485359847690244
9,18,22,0,34.05,65.36977814507895
9,18,22,1,57.9,111.05328261220993
9,18,22,2,20.0,22.350739485653612
9,18,22,3,15.88888888888889,24.690767240572022
9,18,22,4,25.055555555555557,26.980324469819337
9,6,108,0,33.55,34.205993626848496
9,6,108,1,31.95,65.29163321912733
9,6,108,2,19.75,23.554807309091302
9,6,108,3,28.25,36.18792325450142
9,6,108,4,23.36842105263158,29.198954559511563
13,10,65,0,19.5,19.29957730652478
13,10,65,1,16.9,21.613592214647078
13,10,65,2,11.1,13.37279248875748
13,10,65,3,20.15,32.15795718832768
13,10,65,4,13.6,25.674890457409937
13,10,65,5,8.05,10.159128640628689
13,10,65,6,12.85,15.009733683951819
9,18,22,0,26.2,29.195529578488916
9,18,22,1,19.95,20.574575521617376
9,18,22,2,13.2,13.149344590430914
9,18,22,3,21.7,28.75321492322298
9,18,22,4,19.4,17.236436315030588
9,22,108,0,25.6,20.37903979970339
9,22,108,1,22.45,19.739020932366962
9,22,108,2,23.15,22.960549690834128
9,22,108,3,14.9,16.244513243748358
9,22,108,4,34.9,38.40216550911516
13,10,65,0,11.0,16.717466441136537
13,10,65,1,11.25,13.482444725993638
13,10,65,2,14.05,13.659294117540396
13,10,65,3,11.2,7.550531525382135
13,10,65,4,11.6,13.319554283675917
13,10,65,5,7.7,10.203714493932305
13,10,65,6,15.7,19.42082441742965
9,6,22,0,34.15,71.53672225912331
9,6,22,1,18.25,19.36865345970404
9,6,22,2,17.65,17.703032746426604
9,6,22,3,31.8,57.04070568693165
9,6,22,4,25.9,23.825903638907935
13,10,65,0,19.6,38.02686031298348
13,10,65,1,13.45,14.391060821876453
13,10,65,2,8.05,6.41933756215095
13,10,65,3,8.8,9.517850265906189
13,10,65,4,11.3,12.686918252154149
13,10,65,5,9.0,11.991224861714942
13,10,65,6,12.55,10.634972100525104
9,22,108,0,31.4,29.860024324028586
9,22,108,1,37.8,51.139232030131026
9,22,108,2,22.25,17.80560231175038
9,22,108,3,22.7,18.122681339894726
9,22,108,4,33.7,27.77370964362559
13,10,65,0,13.5,18.423383311204784
13,10,65,1,8.65,7.457070117468528
13,10,65,2,10.65,9.938097880061568
13,10,65,3,11.1,13.364918728955255
13,10,65,4,6.8,5.943594517585606
13,10,65,5,11.3,12.71178483471973
13,10,65,6,10.0,7.448065803316073
9,6,22,0,20.85,14.35004126163149
9,6,22,1,15.0,17.02629545268451
9,6,22,2,31.6,33.69429125471991
9,6,22,3,22.75,27.08636285350211
9,6,22,4,30.45,35.01048715065696
9,22,108,0,14.7,19.58275288426823
9,22,108,1,18.6,16.890981710898117
9,22,108,2,15.5,14.173734047247581
9,22,108,3,11.8,11.274563826316484
9,22,108,4,20.5,19.752414908988776
13,7,65,0,16.8,19.581409013331204
13,7,65,1,11.0,8.717797887081348
13,7,65,2,9.85,12.733193257243673
13,7,65,3,9.35,9.41038060643111
13,7,65,4,7.05,5.185759853980697
13,7,65,5,5.8,4.348018302387278
13,7,65,6,11.45,13.437868721991359
9,22,108,0,28.5,35.47793977285485
9,22,108,1,18.95,17.123314361911422
9,22,108,2,17.4,14.016531592899037
9,22,108,3,17.5,12.804193392051396
9,22,108,4,36.8,71.70744657800083
9,6,22,0,35.9,45.87041243374759
9,6,22,1,14.5,15.988482696846766
9,6,22,2,23.65,39.21637010497691
9,6,22,3,21.95,36.930197314450005
9,6,22,4,31.5,24.05804384575376
13,7,65,0,12.8,15.662896149482497
13,7,65,1,12.95,15.267698961498663
13,7,65,2,10.85,11.490384996527359
13,7,65,3,12.8,14.569615101660245
13,7,65,4,10.35,16.200308639035246
13,7,65,5,10.35,13.051618169487845
13,7,65,6,17.0,15.937377450509224
13,7,65,0,14.0,10.089076949067763
13,7,65,1,9.35,9.443878552017871
13,7,65,2,9.6,12.563103873938495
13,7,65,3,12.0,16.06237840420901
13,7,65,4,10.35,9.93280052733314
13,7,65,5,12.45,14.598035195838765
13,7,65,6,14.55,11.966950101711047
9,6,22,0,16.05,13.739972420105621
9,6,22,1,17.85,19.992827661307363
9,6,22,2,39.9,107.61818472828152
9,6,22,3,23.842105263157894,34.1227574076219
9,6,22,4,24.894736842105264,23.189783997944982
9,22,108,0,28.15,34.0143545549445
9,22,108,1,29.3,33.422494788611104
9,22,108,2,26.9,31.83162942073414
9,22,108,3,17.15,18.422740524174262
9,22,108,4,30.05,26.818051658106
13,7,65,0,12.85,10.989348910362445
13,7,65,1,8.35,7.13977000956429
13,7,65,2,9.9,11.634341181899474
13,7,65,3,10.1,10.300229941224869
13,7,65,4,9.4,9.970482752394163
13,7,65,5,7.85,6.425893343587171
13,7,65,6,15.45,14.181065953550437
13,7,65,0,10.7,10.203714493932306
13,7,65,1,8.75,9.607425856021338
13,7,65,2,6.55,5.735163926441675
13,7,65,3,10.95,9.599753286303494
13,7,65,4,8.15,6.8692679453682075
13,7,65,5,8.15,6.4829736516833885
13,7,65,6,12.5,11.477667102040517
9,6,22,0,25.55,27.417771800901612
9,6,22,1,23.1,22.42625341213425
9,6,22,2,15.4,18.059550615146893
9,6,22,3,23.5,27.3255230604341
9,6,22,4,29.15,34.55167754324864
9,6,108,0,30.2,31.483663265757038
9,6,108,1,29.0,52.84236737196474
9,6,108,2,28.3,35.12548932043509
9,6,108,3,17.55,19.124178688935004
9,6,108,4,15.789473684210526,14.331701253469994
13,17,65,0,10.1,16.836364153068708
13,17,65,1,18.35,35.3125518164501
13,17,65,2,11.0,11.397137221342264
13,17,65,3,22.15,45.10604464102229
13,17,65,4,14.75,14.163983233985826
13,17,65,5,5.631578947368421,5.3666721150675185
13,17,65,6,14.473684210526315,14.975418454745657
9,6,108,0,19.7,17.918235345444508
9,6,108,1,20.2,22.899321984906475
9,6,108,2,27.45,41.52168108350143
9,6,108,3,17.25,20.062730569260427
9,6,108,4,28.1,24.55262875839099
9,12,22,0,29.8,43.61868262206242
9,12,22,1,60.2,150.32337073613567
9,12,22,2,22.88888888888889,27.45239492153835
9,12,22,3,11.88888888888889,14.692490634529998
9,12,22,4,23.0,23.34145516911413
13,17,65,0,7.7,6.921362810740002
13,17,65,1,16.65,22.3683869968781
13,17,65,2,10.9,9.193246949456118
13,17,65,3,8.35,7.882525643873021
13,17,65,4,10.2,9.84939218001748
13,17,65,5,10.15,9.92750034791713
13,17,65,6,16.45,24.269267982801882
9,6,108,0,28.3,20.9964909348907
9,6,108,1,25.2,24.323694317746185
9,6,108,2,24.65,21.39669182496751
9,6,108,3,21.4,23.113905589037678
9,6,108,4,19.4,18.253766734567417
13,17,65,0,8.6,6.286158562563007
13,17,65,1,10.35,9.120682107455734
13,17,65,2,10.9,19.235110441175287
13,17,65,3,8.45,9.648970493215707
13,17,65,4,10.2,10.092206477225254
13,17,65,5,7.05,6.004165220911229
13,17,65,6,8.35,7.875845819238785
9,12,22,0,37.45,64.02341265834751
9,12,22,1,23.2,23.007092727884455
9,12,22,2,27.65,26.310444193973815
9,12,22,3,13.1,10.871982339941507
9,12,22,4,18.7,18.12848877494089
13,17,65,0,9.65,8.047719520068043
13,17,65,1,11.15,15.43500805585182
13,17,65,2,13.75,9.775775645629569
13,17,65,3,11.8,13.379481541367344
13,17,65,4,10.0,9.646379195270491
13,17,65,5,12.7,14.509887735791175
13,17,65,6,14.5,12.31387749441127
9,6,108,0,23.2,27.85791014944834
9,6,108,1,25.05,39.97035085370681
9,6,108,2,20.2,28.53179205543768
9,6,108,3,19.75,13.764466074490121
9,6,108,4,33.0,26.57660229362821
9,12,22,0,15.8,17.20954447545407
9,12,22,1,18.95,21.66606611853272
9,12,22,2,16.15,20.36063022496835
9,12,22,3,36.65,108.58917024610162
9,12,22,4,18.57894736842105,14.276304336104495
13,17,65,0,9.6,8.100682232477642
13,17,65,1,8.85,9.696852446460195
13,17,65,2,11.45,11.918473056562236
13,17,65,3,5.6,4.761689218179439
13,17,65,4,9.25,10.254010768577595
13,17,65,5,8.9,10.156149290998663
13,17,65,6,16.2,10.914018026083896
9,6,108,0,32.65,37.04232998241763
9,6,108,1,16.85,16.245728183449533
9,6,108,2,28.7,23.317262636126596
9,6,108,3,29.3,20.30581975172324
9,6,108,4,19.05,14.493101807411689
9,12,22,0,21.2,19.3624704817824
9,12,22,1,37.5,109.43322886101538
9,12,22,2,16.526315789473685,15.777510087507581
9,12,22,3,20.842105263157894,28.789008623845657
9,12,22,4,14.631578947368421,17.525253291293016
13,11,65,0,10.0,9.98946813820488
13,11,65,1,13.95,16.426791338670206
13,11,65,2,11.4,12.533743927578275
13,11,65,3,17.75,20.532067345342607
13,11,65,4,9.1,6.576673291182051
13,11,65,5,11.6,11.9269707628948
13,11,65,6,10.25,11.341006174613943
9,1,108,0,17.4,13.945004764959274
9,1,108,1,19.8,19.46548902950796
9,1,108,2,21.65,18.379837351092952
9,1,108,3,15.5,14.598125330257126
9,1,108,4,36.9,28.712549979334636
13,11,65,0,14.95,18.210682232371774
13,11,65,1,10.9,10.264399385100042
13,11,65,2,13.6,15.260544240829546
13,11,65,3,11.4,15.329366382346352
13,11,65,4,8.75,6.060006948059244
13,11,65,5,9.0,7.152474728151236
13,11,65,6,8.65,5.575085555161321
9,12,22,0,10.85,10.633982271349169
9,12,22,1,17.25,23.162753676856664
9,12,22,2,13.15,14.836920520320778
9,12,22,3,45.55,108.05479847597793
9,12,22,4,38.10526315789474,42.55179162808817
13,11,65,0,15.25,17.71967387130088
13,11,65,1,10.55,13.172838881977048
13,11,65,2,7.9,7.900033311055687
13,11,65,3,17.0,25.25866188063017
13,11,65,4,13.95,18.036439723369377
13,11,65,5,11.35,18.765239420969717
13,11,65,6,15.05,16.586218121649893
9,17,22,0,24.1,29.076849174123673
9,17,22,1,41.7,109.50996109462996
9,17,22,2,12.0,13.77598554651455
9,17,22,3,13.789473684210526,16.17810230379468
9,17,22,4,27.842105263157894,24.02143292491274
9,1,108,0,43.9,34.47638398428088
9,1,108,1,24.45,28.555532231997212
9,1,108,2,27.4,29.63532742486486
9,1,108,3,28.25,25.37482175203145
9,1,108,4,33.9,29.214091769122938
13,11,65,0,21.2,23.534073841537666
13,11,65,1,12.1,14.06339032269321
13,11,65,2,35.8,102.73963003119763
13,11,65,3,14.578947368421053,13.765156452570478
13,11,65,4,7.473684210526316,7.89773822089894
13,11,65,5,15.842105263157896,17.544429815296354
13,11,65,6,15.157894736842104,16.654205868170816
9,17,22,0,22.05,24.236716383467286
9,17,22,1,11.7,13.05091245045624
9,17,22,2,24.5,30.92350494194888
9,17,22,3,15.15,19.151130240110746
9,17,22,4,29.75,30.919036888384202
9,1,108,0,26.55,19.613301072164482
9,1,108,1,20.95,25.452690892795808
9,1,108,2,22.5,29.04171228821708
9,1,108,3,15.35,12.720786966718357
9,1,108,4,27.45,30.408577391048212
13,11,65,0,10.2,9.676885101268791
13,11,65,1,8.45,4.860961568292949
13,11,65,2,10.75,10.340899889580006
13,11,65,3,9.45,9.361033456217378
13,11,65,4,11.7,11.684898035723853
13,11,65,5,4.95,5.481788029466299
13,11,65,6,15.4,14.398099289763728
13,13,65,0,12.4,10.98036525133074
13,13,65,1,6.95,15.013940890140455
13,13,65,2,9.85,7.471172669175274
13,13,65,3,7.4,8.629203781041262
13,13,65,4,8.55,8.482024336330642
13,13,65,5,7.8,6.092272931647449
13,13,65,6,15.9,20.359660838866745
9,1,108,0,13.8,13.90796818185059
9,1,108,1,17.9,17.029077299848357
9,1,108,2,17.2,15.93935876673641
9,1,108,3,29.7,28.727577068220118
9,1,108,4,38.65,40.797671502182574
9,17,22,0,47.55,108.88065653926346
9,17,22,1,26.210526315789473,23.632790185033684
9,17,22,2,14.578947368421053,16.89942730612058
9,17,22,3,21.105263157894736,18.51994341496667
9,17,22,4,31.789473684210527,27.52489569536887
13,13,65,0,8.35,9.218259911147749
13,13,65,1,9.6,10.589965458916883
13,13,65,2,31.95,109.76888400059845
13,13,65,3,10.473684210526315,11.127385741956301
13,13,65,4,11.473684210526315,12.37994983409613
13,13,65,5,8.526315789473685,8.415385520003964
13,13,65,6,10.894736842105264,8.171051454454624
9,1,108,0,21.85,20.70666050993458
9,1,108,1,18.95,15.618730321063401
9,1,108,2,18.85,14.658480570358543
9,1,108,3,30.9,45.8279390765066
9,1,108,4,28.1,20.634411728188933
9,17,22,0,14.05,11.96695010171105
9,17,22,1,21.2,18.8975074936798
9,17,22,2,42.85,109.62389050029674
9,17,22,3,16.210526315789473,19.56067184533639
9,17,22,4,30.105263157894736,51.49098598227559
13,13,65,0,14.6,18.236458566636003
13,13,65,1,13.8,12.458774122343614
13,13,65,2,7.05,7.956956572379721
13,13,65,3,8.55,10.195329167913378
13,13,65,4,12.8,15.226707837840307
13,13,65,5,11.6,14.080221290127058
13,13,65,6,8.75,7.621817713850016
9,8,108,0,33.1,27.464618387261357
9,8,108,1,41.15,56.05943744202032
9,8,108,2,22.45,20.917066816609978
9,8,108,3,24.55,22.795371182948987
9,8,108,4,27.6,27.78375140446774
13,13,65,0,14.4,18.13516502616714
13,13,65,1,18.55,27.023332997907374
13,13,65,2,8.8,12.659924336682518
13,13,65,3,11.65,11.926419147598768
13,13,65,4,9.9,8.711154373922882
13,13,65,5,12.75,15.810972206201082
13,13,65,6,17.25,23.594992778352918
9,17,22,0,21.15,26.75281588720591
9,17,22,1,21.4,29.442897454671744
9,17,22,2,38.25,109.12034640707479
9,17,22,3,51.421052631578945,109.39140520243691
9,17,22,4,30.5,31.526366183020247
13,13,65,0,12.05,13.952834082987168
13,13,65,1,11.15,10.514526292605613
13,13,65,2,8.8,11.138364237837475
13,13,65,3,9.15,8.241582627780076
13,13,65,4,9.2,7.338435226868692
13,13,65,5,7.65,10.011966524325304
13,13,65,6,10.4,9.150208510710216
9,8,108,0,28.5,18.749035062889867
9,8,108,1,23.15,21.480162206581507
9,8,108,2,20.0,19.194297398747864
9,8,108,3,31.3,36.78257596657475
9,8,108,4,21.5,28.398480315159937
9,16,22,0,23.25,30.12757960128193
9,16,22,1,28.85,25.46261449345109
9,16,22,2,28.8,35.88226361456678
9,16,22,3,12.9,13.791301606447448
9,16,22,4,23.15,23.256634593843945
13,11,65,0,9.25,6.972691091152079
13,11,65,1,16.3,23.420863393676655
13,11,65,2,11.7,9.487387749838703
13,11,65,3,16.3,21.868265880759246
13,11,65,4,12.35,13.554082702076773
13,11,65,5,9.55,9.31029424601438
13,11,65,6,10.75,7.297259759663212
9,16,22,0,43.0,79.54409568217326
9,16,22,1,23.95,32.809618294512035
9,16,22,2,11.68421052631579,13.470348636826769
9,16,22,3,15.31578947368421,14.027958715757405
9,16,22,4,24.63157894736842,21.541202190520043
9,8,108,0,32.3,30.810285363990484
9,8,108,1,33.55,32.74699664814599
9,8,108,2,30.1,30.856032422236428
9,8,108,3,34.05,33.64282202319256
9,8,108,4,27.3,29.949255328586087
13,11,65,0,12.4,15.762714166498638
13,11,65,1,15.45,15.789653507747941
13,11,65,2,12.35,8.279810575000779
13,11,65,3,12.2,17.009594815558472
13,11,65,4,17.35,29.487330017805064
13,11,65,5,12.85,23.306369131747296
13,11,65,6,19.75,21.947005550452182
13,11,65,0,12.95,15.839574024043637
13,11,65,1,8.2,7.661249039295438
13,11,65,2,12.75,15.109686680369894
13,11,65,3,14.25,15.275970121661496
13,11,65,4,11.05,12.193505605336327
13,11,65,5,15.15,23.974273492093236
13,11,65,6,12.65,8.462144807130286
9,16,22,0,39.7,109.44890660895038
9,16,22,1,16.31578947368421,17.729613117227057
9,16,22,2,17.0,24.641879437701625
9,16,22,3,18.526315789473685,22.64059387975656
9,16,22,4,23.736842105263158,20.65817595815586
9,8,108,0,31.7,32.42172760746458
9,8,108,1,27.75,42.248481754097575
9,8,108,2,45.0,74.3144103047812
9,8,108,3,20.63157894736842,18.87152624786815
9,8,108,4,22.88888888888889,21.137891510657816
13,11,65,0,14.2,15.408814975440793
13,11,65,1,12.15,19.81035082980612
13,11,65,2,9.95,7.074602462329597
13,11,65,3,7.55,9.933860223869088
13,11,65,4,6.65,6.450418183098062
13,11,65,5,7.7,8.13116163126058
13,11,65,6,11.6,8.616996668152273
9,16,22,0,13.7,7.921323653345609
9,16,22,1,16.8,22.054000711173043
9,16,22,2,16.85,20.17887118015434
9,16,22,3,17.4,15.506874536628484
9,16,22,4,27.9,28.25988415814154
13,11,65,0,12.3,10.945318634009702
13,11,65,1,11.3,13.038808469940397
13,11,65,2,11.15,9.582192914601105
13,11,65,3,14.05,17.163225681365194
13,11,65,4,15.1,15.694115558319771
13,11,65,5,8.45,7.769542423700653
13,11,65,6,14.75,12.57765353398847
9,8,108,0,26.45,23.37897165808354
9,8,108,1,24.8,30.18992512324879
9,8,108,2,25.05,45.714762098081735
9,8,108,3,21.65,22.18172552729884
9,8,108,4,40.35,37.918576200229765
9,16,22,0,20.25,28.32494715933195
9,16,22,1,25.15,20.011246837716033
9,16,22,2,13.65,13.631523064303254
9,16,22,3,20.5,26.258833100301196
9,16,22,4,23.1,22.659725459385797
13,20,65,0,14.7,16.37424164575826
13,20,65,1,15.5,17.13875264146324
13,20,65,2,17.4,33.31413482213471
13,20,65,3,9.0,6.912993106043904
13,20,65,4,9.5,15.360578388233062
13,20,65,5,14.6,20.57694161715461
13,20,65,6,17.75,21.063500483812728
9,5,108,0,23.9,24.872093852982683
9,5,108,1,26.3,22.817583247643867
9,5,108,2,16.15,16.429354345516025
9,5,108,3,22.35,24.824171158050987
9,5,108,4,34.6,28.82506219466518
9,21,22,0,19.15,20.355459632297798
9,21,22,1,10.9,11.880545796429248
9,21,22,2,12.3,11.903559839060971
9,21,22,3,17.2,18.46361999061654
9,21,22,4,33.7,36.11545812791904
13,20,65,0,10.4,13.136530023283607
13,20,65,1,16.15,19.677063858850058
13,20,65,2,9.05,9.207977090830708
13,20,65,3,14.45,16.02785404423056
13,20,65,4,6.95,7.836990560963537
13,20,65,5,18.65,28.848561033164383
13,20,65,6,13.35,15.938285584353828
9,5,108,0,26.2,27.467875974059513
9,5,108,1,12.0,12.523661815266246
9,5,108,2,27.3,19.298486441878506
9,5,108,3,21.55,18.791025293446534
9,5,108,4,44.3,66.28018676719867
13,20,65,0,14.3,16.45120376334686
13,20,65,1,9.15,16.112352240962277
13,20,65,2,11.75,9.866877072199427
13,20,65,3,14.4,13.327454844477204
13,20,65,4,7.9,6.987959569671853
13,20,65,5,11.5,19.513827755830235
13,20,65,6,16.75,15.6099664519684
9,21,22,0,18.65,22.70004637138783
9,21,22,1,25.0,30.556246669483407
9,21,22,2,50.15,115.28421401041861
9,21,22,3,42.89473684210526,110.5440559419346
9,21,22,4,26.666666666666668,38.77385413788372
9,5,108,0,21.4,21.224117364327235
9,5,108,1,21.0,20.11022259030414
9,5,108,2,20.9,23.137802288394678
9,5,108,3,22.25,25.00289456927148
9,5,108,4,26.1,25.227178326475386
9,21,22,0,26.9,37.93609585106317
9,21,22,1,21.65,27.59724433230322
9,21,22,2,19.0,24.770525779006412
9,21,22,3,21.9,25.162419764820964
9,21,22,4,23.6,16.047298510144447
13,20,65,0,37.9,109.31071118123496
13,20,65,1,7.7368421052631575,7.030426771170817
13,20,65,2,24.210526315789473,23.564518872822386
13,20,65,3,16.210526315789473,20.94060104031937
13,20,65,4,20.789473684210527,27.318245728955624
13,20,65,5,16.526315789473685,13.272228403083849
13,20,65,6,20.05263157894737,31.300468019593794
9,5,108,0,30.9,35.484466579350645
9,5,108,1,33.6,36.303399869781664
9,5,108,2,17.4,14.087695265540663
9,5,108,3,25.65,30.484292763046973
9,5,108,4,22.05,15.45272927690326
13,20,65,0,13.7,14.0566522929256
13,20,65,1,13.2,13.843486022789126
13,20,65,2,9.25,14.606685563737408
13,20,65,3,14.25,15.25873347851718
13,20,65,4,9.8,9.157108254189602
13,20,65,5,8.9,7.340586524680149
13,20,65,6,14.6,15.802731276253281
9,21,22,0,21.3,21.210970349276685
9,21,22,1,27.35,33.160336167428135
9,21,22,2,19.9,25.515526748690842
9,21,22,3,17.2,28.472701607717266
9,21,22,4,30.4,36.07214992206592
13,5,65,0,11.1,11.011477265968784
13,5,65,1,13.0,14.743419584771763
13,5,65,2,8.85,10.158092444217228
13,5,65,3,9.2,9.000584776323674
13,5,65,4,10.35,8.158140913093787
13,5,65,5,10.35,9.723953062304176
13,5,65,6,17.35,18.316730919543133
9,21,22,0,19.4,35.1514018586966
9,21,22,1,24.85,36.569004707035134
9,21,22,2,14.8,30.046630426721734
9,21,22,3,22.15,30.553275300349505
9,21,22,4,29.0,44.00956833761447
9,5,108,0,63.95,108.1862307612008
9,5,108,1,37.473684210526315,40.500162442819125
9,5,108,2,42.526315789473685,50.03151053869578
9,5,108,3,26.473684210526315,23.861564680587236
9,5,108,4,25.0,30.37542866638538
13,5,65,0,10.55,8.71462775120689
13,5,65,1,9.05,8.444711830177324
13,5,65,2,13.75,21.195518394226642
13,5,65,3,9.75,11.039999046529326
13,5,65,4,10.35,7.336103942327397
13,5,65,5,8.4,6.227274473509342
13,5,65,6,18.6,12.193181873921437
13,5,65,0,7.55,5.698337707751178
13,5,65,1,9.4,8.756351078533017
13,5,65,2,8.5,6.739514272674177
13,5,65,3,7.9,6.520413290097816
13,5,65,4,11.7,10.08959860450355
13,5,65,5,8.7,5.965691383587533
13,5,65,6,25.85,15.742249555023312
9,15,22,0,32.4,34.92608736957761
9,15,22,1,22.45,19.653511806183378
9,15,22,2,32.25,41.881882780781936
9,15,22,3,23.4,27.639407412339057
9,15,22,4,26.65,33.95860483154841
9,6,108,0,40.55,29.57323647809745
9,6,108,1,39.5,58.99107871891353
9,6,108,2,29.1,21.647656977871275
9,6,108,3,27.8,29.040081194608835
9,6,108,4,33.89473684210526,33.49775239034223
13,5,65,0,17.65,18.143506885529685
13,5,65,1,15.8,22.93606674856735
13,5,65,2,12.35,17.424347756425263
13,5,65,3,12.4,13.464964283572934
13,5,65,4,11.8,10.571062785787085
13,5,65,5,9.5,15.111863586355973
13,5,65,6,16.35,27.75508488263196
9,15,22,0,49.45,112.36757117883958
9,15,22,1,15.105263157894736,13.93992960623907
9,15,22,2,40.8421052631579,111.4910375859347
9,15,22,3,20.38888888888889,50.42307931993617
9,15,22,4,18.166666666666668,20.158927375760264
13,5,65,0,9.85,7.672747397873786
13,5,65,1,8.75,9.57450012437093
13,5,65,2,8.35,7.788486779586231
13,5,65,3,8.55,8.786802304413255
13,5,65,4,7.9,11.030579504746173
13,5,65,5,9.95,13.056456358123322
13,5,65,6,11.1,15.874176315141852
9,6,108,0,34.75,25.647150246947003
9,6,108,1,31.8,39.66915811134839
9,6,108,2,21.95,22.243804578022687
9,6,108,3,25.7,28.29933977284536
9,6,108,4,34.95,49.41390705587159
9,15,22,0,15.35,18.143506885529685
9,15,22,1,17.15,17.09809161404001
9,15,22,2,22.9,27.164024196100172
9,15,22,3,20.05,19.826815971782946
9,15,22,4,24.6,30.25053283567259
13,17,65,0,19.2,48.31867896416566
13,17,65,1,8.9,9.491824737220197
13,17,65,2,14.75,14.807092894960848
13,17,65,3,10.5,10.154076184365309
13,17,65,4,15.2,25.044381658000244
13,17,65,5,14.35,22.39190408207959
13,17,65,6,14.8,13.953305588358097
13,17,65,0,13.5,14.554796641078772
13,17,65,1,7.9,7.261288851813683
13,17,65,2,12.45,12.820522199726664
13,17,65,3,12.25,9.513840333678974
13,17,65,4,11.85,15.065733164684476
13,17,65,5,10.35,8.622339406570891
13,17,65,6,10.25,11.447247428277704
9,6,108,0,37.2,54.54751670743013
9,6,108,1,34.9,56.26151344157782
9,6,108,2,37.8421052631579,46.270056501532075
9,6,108,3,22.105263157894736,25.001988225032793
9,6,108,4,33.05263157894737,32.54308884508273
9,15,22,0,23.55,38.60661928518967
9,15,22,1,23.2,36.0038009689328
9,15,22,2,35.0,109.53778487713485
9,15,22,3,17.94736842105263,27.78183596087064
9,15,22,4,12.473684210526315,13.014387000771412
9,15,22,0,20.25,22.659667391993857
9,15,22,1,16.45,10.990306733902525
9,15,22,2,17.6,17.860276416791834
9,15,22,3,15.9,16.012823808304063
9,15,22,4,21.15,18.79326587119075
13,17,65,0,14.05,17.765949098441688
13,17,65,1,19.0,43.24836473939308
13,17,65,2,7.9,6.987959569671852
13,17,65,3,16.4,19.140477912968688
13,17,65,4,8.45,11.495880268943948
13,17,65,5,17.15,31.65650344757481
13,17,65,6,17.210526315789473,14.619541516478783
9,6,108,0,25.9,20.180501271746138
9,6,108,1,19.05,18.821809857603743
9,6,108,2,21.5,18.039430496320524
9,6,108,3,19.7,21.587276954627452
9,6,108,4,27.75,22.44496192443805
13,17,65,0,6.5,5.443489592841013
13,17,65,1,8.05,7.989960806174866
13,17,65,2,10.0,7.759544207992469
13,17,65,3,12.7,11.890287943040784
13,17,65,4,37.65,107.25978056250064
13,17,65,5,10.894736842105264,14.72675093095745
13,17,65,6,12.368421052631579,9.16036465986777
9,22,22,0,24.0,21.918509361532298
9,22,22,1,19.7,15.434411314707761
9,22,22,2,18.85,16.94969336782108
9,22,22,3,21.85,29.202153849907784
9,22,22,4,26.7,31.612955372258718
9,6,108,0,33.3,26.15158242167947
9,6,108,1,27.6,25.079662551242798
9,6,108,2,16.75,14.149111930472973
9,6,108,3,20.95,28.520491248445065
9,6,108,4,29.35,41.651783306739446
9,22,22,0,17.45,17.810331123728222
9,22,22,1,16.3,15.492273116485828
9,22,22,2,15.25,18.56957046806471
9,22,22,3,21.5,18.3116298966991
9,22,22,4,21.7,15.977286509621285
13,17,65,0,12.95,12.128587369473303
13,17,65,1,16.6,14.29538018860786
13,17,65,2,10.15,8.505570929814487
13,17,65,3,13.2,13.930655328976338
13,17,65,4,8.3,13.405026551339065
13,17,65,5,20.2,23.909038150104617
13,17,65,6,19.1,15.970037735182652
13,13,65,0,11.45,9.081357422300862
13,13,65,1,7.65,6.587667904581457
13,13,65,2,8.8,7.259114053526455
13,13,65,3,10.3,9.61960717000768
13,13,65,4,12.4,25.660536975962465
13,13,65,5,13.3,20.355007142948235
13,13,65,6,10.15,7.734236940554095
9,11,108,0,26.5,32.30691631996565
9,11,108,1,54.1,88.38426866455603
9,11,108,2,19.842105263157894,15.910385000910347
9,11,108,3,39.94736842105263,58.98632015062713
9,11,108,4,44.473684210526315,50.67803427417776
9,22,22,0,25.55,33.895310962774154
9,22,22,1,15.75,17.758244934618247
9,22,22,2,19.6,17.836686026867564
9,22,22,3,21.55,27.406251687871276
9,22,22,4,37.85,53.88220583145384
13,13,65,0,11.2,10.822004873113125
13,13,65,1,9.0,7.6226808379922835
13,13,65,2,11.1,13.02184399586447
13,13,65,3,12.75,12.025739937842976
13,13,65,4,14.5,26.00101212604901
13,13,65,5,8.05,7.308790669641016
13,13,65,6,12.95,14.269861504878772
9,22,22,0,39.35,75.81575659035806
9,22,22,1,24.35,41.26585819574796
9,22,22,2,14.578947368421053,12.915605502533593
9,22,22,3,20.42105263157895,26.72974994577657
9,22,22,4,19.842105263157894,23.803041724150244
9,11,108,0,46.4,71.08216150491292
9,11,108,1,25.9,21.247662410127308
9,11,108,2,19.25,21.86291019295609
9,11,108,3,22.4,19.7388209534303
9,11,108,4,25.05,18.05393964878872
13,13,65,0,15.4,27.28870983045051
13,13,65,1,5.85,6.115338782197814
13,13,65,2,11.2,10.8317272763615
13,13,65,3,10.2,10.128646192073772
13,13,65,4,36.9,107.91170854965304
13,13,65,5,9.578947368421053,11.524446429094807
13,13,65,6,10.0,7.461009761866463
13,13,65,0,11.2,13.157347357035317
13,13,65,1,10.15,10.663637179440082
13,13,65,2,6.85,6.945464252604754
13,13,65,3,6.0,5.140141304631513
13,13,65,4,10.45,11.509606971203619
13,13,65,5,6.2,4.225237458291234
13,13,65,6,10.55,8.804753500838416
9,11,108,0,19.55,19.467854746249078
9,11,108,1,21.3,25.548921081350038
9,11,108,2,38.75,108.14895916476058
9,11,108,3,13.31578947368421,11.421483808930468
9,11,108,4,32.421052631578945,56.21616591285394
9,22,22,0,24.1,21.466988120073303
9,22,22,1,44.7,75.459365154192
9,22,22,2,24.0,27.70331540105852
9,22,22,3,14.55,12.26666428298985
9,22,22,4,48.95,105.93815226472076
13,13,65,0,17.3,21.218413056389934
13,13,65,1,11.95,13.601373769625352
13,13,65,2,12.1,14.849774054634103
13,13,65,3,11.35,11.1131737851501
13,13,65,4,11.4,16.142131862075452
13,13,65,5,16.3,31.719328326332576
13,13,65,6,17.2,21.192352145849316
9,11,108,0,25.45,27.390884000261646
9,11,108,1,21.3,28.665218241661883
9,11,108,2,30.2,31.89390306361984
9,11,108,3,17.35,26.204208179523174
9,11,108,4,31.2,32.4663388434042
10,32,22,0,15.95,15.726193369494627
10,32,22,1,13.8,14.823878319152943
10,32,22,2,19.7,20.58640327983497
10,32,22,3,26.05,45.84926676794183
10,32,22,4,25.15,21.482612308072483
10,32,22,5,23.85,28.154227503445902
13,11,65,0,17.4,25.433918505144185
13,11,65,1,10.9,9.547113093550983
13,11,65,2,11.2,11.033918996487722
13,11,65,3,11.0,14.828848129308804
13,11,65,4,6.3,9.194391883385391
13,11,65,5,6.0,4.388981418818818
13,11,65,6,15.25,17.069131880616972
9,11,108,0,27.05,24.1191668704853
9,11,108,1,23.05,23.941760476975
9,11,108,2,15.45,12.20213527474425
9,11,108,3,17.8,17.055945097176373
9,11,108,4,29.75,25.68406222994289
13,11,65,0,10.85,10.173624308915057
13,11,65,1,13.05,12.513045823838164
13,11,65,2,9.8,8.563078639687578
13,11,65,3,13.3,14.201927222813998
13,11,65,4,10.5,9.344291812314307
13,11,65,5,7.9,7.340586524680149
13,11,65,6,20.1,21.001002482337785
10,32,22,0,25.6,30.513845002590305
10,32,22,1,34.8,40.93589339957115
10,32,22,2,23.35,26.898004230406155
10,32,22,3,13.75,18.37869189549337
10,32,22,4,16.75,24.369685655489455
10,32,22,5,15.1,19.705462774517496
13,11,65,0,16.6,14.98911886037756
13,11,65,1,8.1,6.340346993658944
13,11,65,2,11.6,10.06505157254024
13,11,65,3,7.55,6.8323918906462335
13,11,65,4,9.45,10.961535620427219
13,11,65,5,9.6,8.456700862256168
13,11,65,6,12.85,11.599795823974434
9,6,108,0,49.05,87.71693409094843
9,6,108,1,33.05,49.80855453898615
9,6,108,2,30.57894736842105,35.57201738800643
9,6,108,3,35.578947368421055,37.81727381541945
9,6,108,4,15.947368421052632,17.88690919269834
13,11,65,0,17.8,18.60843046069513
13,11,65,1,10.05,10.5953068061189
13,11,65,2,8.8,11.754506414674825
13,11,65,3,11.65,8.362038280857504
13,11,65,4,7.55,8.444711830177324
13,11,65,5,6.0,5.4579734044982775
13,11,65,6,13.9,17.678116117779187
10,32,22,0,41.3,61.944882121549234
10,32,22,1,45.5,107.93394666232335
10,32,22,2,25.842105263157894,40.62465474437186
10,32,22,3,26.63157894736842,30.696019514508514
10,32,22,4,26.444444444444443,33.62286025944467
10,32,22,5,13.61111111111111,15.666145172797403
9,6,108,0,19.9,17.911772077250436
9,6,108,1,26.7,35.36293033821241
9,6,108,2,27.45,35.11106438297283
9,6,108,3,10.55,12.102522573066285
9,6,108,4,19.25,14.95211655497924
13,11,65,0,10.75,11.920239312327498
13,11,65,1,36.55,109.44908693807797
13,11,65,2,12.31578947368421,11.958505255809206
13,11,65,3,7.526315789473684,7.869550467555534
13,11,65,4,8.526315789473685,6.543600954389899
13,11,65,5,11.68421052631579,12.58770401612863
13,11,65,6,14.947368421052632,11.904591477476833
13,13,65,0,12.65,13.12400372158628
13,13,65,1,11.15,13.354577374147983
13,13,65,2,8.0,8.072044024709115
13,13,65,3,7.2,5.680993241549079
13,13,65,4,6.15,6.335156708899613
13,13,65,5,6.0,6.704279858497304
13,13,65,6,8.8,9.860073662583812
10,32,22,0,33.35,33.731564165520574
10,32,22,1,31.15,33.03630379478086
10,32,22,2,34.15,41.20714679965626
10,32,22,3,21.9,22.28263425795263
10,32,22,4,20.95,19.519153885889946
10,32,22,5,15.45,11.753946705591902
9,6,108,0,36.05,16.82565397180589
9,6,108,1,22.15,30.56705312656268
9,6,108,2,21.95,20.46428210578771
9,6,108,3,23.45,30.778452818404258
9,6,108,4,38.4,30.48968764404744
13,13,65,0,10.95,15.632203602617393
13,13,65,1,14.5,17.839931555214466
13,13,65,2,10.85,14.176611576447797
13,13,65,3,10.65,9.996183482235923
13,13,65,4,36.1,108.73139284251667
13,13,65,5,9.894736842105264,7.377855280365134
13,13,65,6,9.0,8.621678104251709
10,32,22,0,26.25,40.23467344677251
10,32,22,1,13.4,8.683923440230775
10,32,22,2,22.95,23.703153243486625
10,32,22,3,19.15,26.065252126558313
10,32,22,4,22.85,30.309413163500697
10,32,22,5,13.5,12.550948800368587
9,6,108,0,25.6,17.913241206613495
9,6,108,1,32.1,27.6289322040654
9,6,108,2,24.3,23.978279645062987
9,6,108,3,19.6,22.198624898142253
9,6,108,4,24.85,17.46959765149911
13,13,65,0,7.8,5.166694963137002
13,13,65,1,10.3,10.00578779875349
13,13,65,2,11.85,15.428186781615686
13,13,65,3,8.95,8.444711830177324
13,13,65,4,16.15,16.92172381414214
13,13,65,5,8.5,6.151593717335199
13,13,65,6,12.5,17.75713348132756
9,6,108,0,31.6,34.65833233148993
9,6,108,1,23.95,16.525817122882227
9,6,108,2,11.75,17.33835116303253
9,6,108,3,14.75,12.069426358844854
9,6,108,4,19.95,14.69505824561799
10,35,22,0,22.0,35.95172201424396
10,35,22,1,19.05,23.611939441954494
10,35,22,2,20.0,19.697715603592208
10,35,22,3,14.35,14.543130047515472
10,35,22,4,17.7,28.64501426261232
10,35,22,5,15.9,22.694539106647614
13,13,65,0,15.75,11.200916315899761
13,13,65,1,10.35,10.053933506213795
13,13,65,2,10.8,8.882863454871673
13,13,65,3,9.3,7.041979386806704
13,13,65,4,13.0,12.178497012098175
13,13,65,5,15.9,16.773726322342394
13,13,65,6,11.85,8.664962720483476
13,13,65,0,10.55,12.085114811204733
13,13,65,1,8.8,9.372973465178879
13,13,65,2,11.15,10.907626496606568
13,13,65,3,5.25,3.9185792269513624
13,13,65,4,13.25,14.664224278297525
13,13,65,5,6.75,6.742442162583931
13,13,65,6,9.4,10.884078183049626
9,8,108,0,33.95,30.979577313551516
9,8,108,1,21.35,28.320115595957954
9,8,108,2,20.1,17.73756050395823
9,8,108,3,17.45,17.427972071538207
9,8,108,4,24.65,33.10314820455347
10,35,22,0,16.9,23.744029720509136
10,35,22,1,46.0,111.09171175678513
10,35,22,2,15.263157894736842,14.650908600049949
10,35,22,3,13.157894736842104,12.7900271822087
10,35,22,4,16.63157894736842,19.0269123037046
10,35,22,5,17.57894736842105,13.78532145868562
14,25,65,0,13.55,11.807557793745138
14,25,65,1,10.25,15.528835656355737
14,25,65,2,11.1,10.637075181695984
14,25,65,3,7.05,6.5572378652182985
14,25,65,4,10.85,9.565700788700605
14,25,65,5,7.85,10.469378908838962
14,25,65,6,12.85,19.015990501071517
14,25,65,7,9.45,14.65201620758619
10,35,22,0,36.0,80.12818677462677
10,35,22,1,31.25,32.56875318784136
10,35,22,2,19.473684210526315,22.428574089150533
10,35,22,3,22.842105263157894,24.441001884117092
10,35,22,4,21.94736842105263,21.749773138562787
10,35,22,5,12.947368421052632,14.300247411265016
9,8,108,0,25.9,30.727837541877236
9,8,108,1,31.45,36.01677240865486
9,8,108,2,23.25,27.3089054300877
9,8,108,3,27.05,37.27066717378356
9,8,108,4,49.4,100.48063442642488
14,25,65,0,15.55,19.988088558202012
14,25,65,1,15.8,24.145610912043406
14,25,65,2,7.2,5.463756178577826
14,25,65,3,13.85,19.743819819189792
14,25,65,4,11.6,10.328295319680123
14,25,65,5,14.75,9.112599721496085
14,25,65,6,11.0,13.738152790869055
14,25,65,7,10.95,10.399772264713047
14,25,65,0,8.85,7.8490696733334016
14,25,65,1,9.5,9.05247857887842
14,25,65,2,8.5,7.316168108338797
14,25,65,3,7.4,6.596649867446674
14,25,65,4,15.3,16.22895398257143
14,25,65,5,14.35,10.23551608243005
14,25,65,6,13.1,12.698528717097403
14,25,65,7,9.9,11.946811950870979
10,35,22,0,22.5,23.229971565789064
10,35,22,1,12.9,13.977048856494783
10,35,22,2,12.85,17.220779981112784
10,35,22,3,20.15,18.45699125848494
10,35,22,4,27.6,37.779693793860936
10,35,22,5,25.35,38.45335520231998
9,8,108,0,31.05,30.45700161487373
9,8,108,1,27.75,24.956541173977236
9,8,108,2,23.25,20.885338599626596
9,8,108,3,18.5,17.739340757940127
9,8,108,4,35.0,37.82369071028591
14,25,65,0,17.5,21.002506116125637
14,25,65,1,16.35,22.609441437268263
14,25,65,2,13.7,17.30257054221774
14,25,65,3,10.25,7.6218177138500165
14,25,65,4,12.2,12.133468285349371
14,25,65,5,13.15,13.215919427561197
14,25,65,6,18.55,28.33163565605361
14,25,65,7,13.5,12.563522804657852
10,35,22,0,22.4,25.10273627358286
10,35,22,1,26.9,47.995504175418674
10,35,22,2,26.3,30.523675021892522
10,35,22,3,19.35,27.4039470841241
10,35,22,4,14.85,19.92162274092096
10,35,22,5,18.75,38.21115158253095
9,8,108,0,28.15,37.01674585487237
9,8,108,1,37.0,65.49568085397934
9,8,108,2,20.55,18.368952638967517
9,8,108,3,18.6,17.599043036184487
9,8,108,4,27.4,31.180965853849802
14,25,65,0,13.9,11.011477265968784
14,25,65,1,12.6,10.94195210140648
14,25,65,2,13.95,13.880979034180854
14,25,65,3,10.4,8.387961298005736
14,25,65,4,7.85,11.74857214168688
14,25,65,5,9.25,8.83697376159723
14,25,65,6,6.5,6.411338640088725
14,25,65,7,12.25,16.28972876256369
10,32,22,0,28.85,27.26338396573613
10,32,22,1,19.6,35.04793709673712
10,32,22,2,27.4,25.30113373785951
10,32,22,3,20.6,19.51625503333864
10,32,22,4,22.15,34.063833267001904
10,32,22,5,23.65,21.17663807123312
14,42,65,0,16.0,20.78460969082653
14,42,65,1,10.85,11.254355881870339
14,42,65,2,8.15,9.35990890643932
14,42,65,3,13.8,11.642029123192534
14,42,65,4,6.8,5.662433919679491
14,42,65,5,11.2,14.518953130305228
14,42,65,6,5.95,5.7626291514240355
14,42,65,7,8.2,10.018929452212998
9,8,108,0,25.0,24.052573995094033
9,8,108,1,26.05,26.998001875382517
9,8,108,2,35.85,47.22429682405357
9,8,108,3,23.7,22.045646425446215
9,8,108,4,30.5,22.319451040221445
14,42,65,0,20.75,31.95370829315763
14,42,65,1,10.2,21.26920185076114
14,42,65,2,11.6,12.918367177252541
14,42,65,3,11.4,14.243742855244047
14,42,65,4,8.15,8.424744256621306
14,42,65,5,9.5,7.444531726816599
14,42,65,6,10.8,9.242920477174323
14,42,65,7,7.0,4.888224303579498
10,32,22,0,18.95,29.299676664283837
10,32,22,1,20.15,22.551169884462638
10,32,22,2,25.55,32.46289379713723
10,32,22,3,20.6,18.82998728232793
10,32,22,4,21.1,14.25297752825888
10,32,22,5,15.2,19.039018108251167
9,4,108,0,51.35,56.65804629994151
9,4,108,1,23.8,24.643991474383235
9,4,108,2,21.9,22.11905584736716
9,4,108,3,29.25,36.136983534149174
9,4,108,4,21.95,16.452403439843323
14,42,65,0,16.2,33.45476128492892
14,42,65,1,10.1,13.466918531603365
14,42,65,2,11.65,8.886861976506312
14,42,65,3,8.75,10.259142264341595
14,42,65,4,13.15,13.409639109708792
14,42,65,5,17.6,19.680072742698254
14,42,65,6,11.7,10.463470290793385
14,42,65,7,11.0,12.760960201456545
9,4,108,0,18.95,13.83159997595133
9,4,108,1,19.45,21.632030344886843
9,4,108,2,32.45,27.918066212627117
9,4,108,3,22.3,17.384506108359215
9,4,108,4,32.6,21.28354936762688
10,32,22,0,22.5,20.80106272588773
10,32,22,1,42.05,82.56256001232929
10,32,22,2,30.85,32.94536945340046
10,32,22,3,13.85,11.291706318309354
10,32,22,4,17.25,22.50116956024614
10,32,22,5,22.2,22.03490054675226
14,42,65,0,9.9,9.043171311460435
14,42,65,1,10.45,10.971134374971633
14,42,65,2,8.8,7.273600426054124
14,42,65,3,7.15,7.205809060093552
14,42,65,4,8.95,9.692509316070078
14,42,65,5,8.1,6.137889230877852
14,42,65,6,6.85,6.499190232960606
14,42,65,7,8.9,9.295726239288111
9,4,108,0,25.9,26.61400501912282
9,4,108,1,22.3,21.511563597773467
9,4,108,2,22.05,36.35855795878194
9,4,108,3,18.25,17.004256433084787
9,4,108,4,21.7,18.319101333968607
14,42,65,0,13.55,19.94855224927627
14,42,65,1,12.9,15.89074540333726
14,42,65,2,10.5,9.035019587547579
14,42,65,3,10.25,10.279642631511027
14,42,65,4,16.7,20.170588280438114
14,42,65,5,15.05,11.700089968165113
14,42,65,6,8.85,7.527318667081226
14,42,65,7,10.05,8.055563621693883
10,32,22,0,23.15,25.22587435238084
10,32,22,1,25.1,30.108400646226368
10,32,22,2,31.95,55.0955867943207
10,32,22,3,39.1,43.08852576535404
10,32,22,4,18.55,33.88909931868327
10,32,22,5,20.15,18.49687029003328
14,33,65,0,13.5,16.230251157378277
14,33,65,1,10.6,16.519207321367322
14,33,65,2,7.95,8.696490520228322
14,33,65,3,8.4,6.984192678357396
14,33,65,4,10.15,10.61912376204761
14,33,65,5,6.35,6.6670833203133135
14,33,65,6,11.75,9.077879418500892
14,33,65,7,17.8,21.20476609781768
9,4,108,0,24.9,25.560866470776027
9,4,108,1,23.4,27.549763586720857
9,4,108,2,22.3,20.409234236131034
9,4,108,3,17.6,18.4630498706556
9,4,108,4,22.4,18.33145125905633
10,32,22,0,16.4,18.949795166230828
10,32,22,1,22.35,35.11825885865012
10,32,22,2,17.4,19.765466961610755
10,32,22,3,21.4,18.1409684648341
10,32,22,4,25.7,28.101507732541776
10,32,22,5,12.9,14.832042127913827
14,33,65,0,16.1,18.304155409719346
14,33,65,1,14.55,21.89562561455213
14,33,65,2,11.15,11.89991154323603
14,33,65,3,9.7,8.195634267866739
14,33,65,4,20.85,27.3077490448176
14,33,65,5,18.8,37.75349408716329
14,33,65,6,11.35,19.44567331121028
14,33,65,7,11.3,13.385380870660034
9,4,108,0,24.2,20.038384218925017
9,4,108,1,30.85,38.95918917344959
9,4,108,2,17.9,16.714002953716445
9,4,108,3,23.7,15.868207208125307
9,4,108,4,21.4,27.077666073722085
10,40,22,0,18.65,18.155106574648414
10,40,22,1,23.95,27.821754078418564
10,40,22,2,19.8,17.60562111193019
10,40,22,3,18.1,10.492603911427576
10,40,22,4,18.85,21.762534198407185
10,40,22,5,26.15,43.54704050612515
14,33,65,0,8.1,14.432784317583865
14,33,65,1,13.7,15.43100092261303
14,33,65,2,14.05,15.682625317277248
14,33,65,3,16.0,28.725561695758746
14,33,65,4,16.5,15.80972385657171
14,33,65,5,15.7,19.273925664646416
14,33,65,6,12.5,11.63253151612684
14,33,65,7,12.35,16.200308639035246
9,1,108,0,29.0,27.470558402540135
9,1,108,1,22.7,32.418480759234264
9,1,108,2,13.4,12.529544033372103
9,1,108,3,22.5,27.68906301279109
9,1,108,4,28.45,26.939454532828165
10,40,22,0,27.75,28.72166796212079
10,40,22,1,28.6,40.141067040599395
10,40,22,2,16.3,16.245161222896336
10,40,22,3,32.05,46.73607307333158
10,40,22,4,21.736842105263158,31.123128422557677
10,40,22,5,14.789473684210526,13.447754655077473
14,33,65,0,25.85,43.9261042158185
14,33,65,1,18.75,14.436339381465167
14,33,65,2,17.05,20.433396296517287
14,33,65,3,23.85,23.82010429072578
14,33,65,4,17.9,22.391022637138352
14,33,65,5,15.65,18.9355555281036
14,33,65,6,14.25,14.91334619516499
14,33,65,7,16.45,18.30005752076091
9,1,108,0,34.3,30.709333400364404
9,1,108,1,25.7,21.53601634471891
9,1,108,2,43.35,66.43657442292334
9,1,108,3,29.2,44.341497731274615
9,1,108,4,24.68421052631579,18.463334932836624
10,40,22,0,19.15,17.26046593260235
10,40,22,1,13.75,11.57981456082773
10,40,22,2,15.2,15.902995414634777
10,40,22,3,20.2,24.541264926864024
10,40,22,4,17.5,30.196723419324123
10,40,22,5,16.95,13.690084771564841
14,33,65,0,12.85,13.071765474930269
14,33,65,1,15.2,22.512218904408332
14,33,65,2,14.2,22.635789082080194
14,33,65,3,12.75,21.185583479536763
14,33,65,4,11.05,11.591625833923567
14,33,65,5,7.9,7.587385653348035
14,33,65,6,9.15,8.31786283279925
14,33,65,7,6.65,7.350438583405827
9,1,108,0,30.85,31.967541103602674
9,1,108,1,15.3,12.256469827465777
9,1,108,2,29.15,41.49860492265151
9,1,108,3,19.7,20.825338816982192
9,1,108,4,32.75,31.48913764258533
14,37,65,0,11.0,11.08341577597619
14,37,65,1,9.85,11.882206954318848
14,37,65,2,7.5,6.117274935098057
14,37,65,3,10.75,9.368901525230891
14,37,65,4,14.65,13.7123647620832
14,37,65,5,13.65,24.392136351485775
14,37,65,6,7.0,5.767422118653779
14,37,65,7,8.75,9.193103822688876
10,40,22,0,21.9,20.616549305428343
10,40,22,1,25.0,28.26379495508623
10,40,22,2,17.65,19.78110475335384
10,40,22,3,15.65,15.898609671090242
10,40,22,4,18.8,22.652059276668076
10,40,22,5,22.6,21.811151179831697
9,1,108,0,24.05,27.823645756045245
9,1,108,1,35.2,65.30865985940594
9,1,108,2,18.3,20.321365474220524
9,1,108,3,24.7,19.447906124608348
9,1,108,4,36.0,44.44748527609207
14,37,65,0,11.85,10.668571650067856
14,37,65,1,8.5,9.456270545599832
14,37,65,2,8.5,7.48683054295657
14,37,65,3,8.65,7.672747397873785
14,37,65,4,13.35,11.99681975402341
14,37,65,5,8.3,9.995262035479346
14,37,65,6,9.7,11.494163278537686
14,37,65,7,8.4,7.63234115975874
10,40,22,0,17.4,18.692525947976893
10,40,22,1,18.65,15.520021025487656
10,40,22,2,16.2,20.7049447437588
10,40,22,3,21.15,28.96872178928962
10,40,22,4,17.95,29.469832925070666
10,40,22,5,20.05,21.893221734014773
14,37,65,0,12.5,17.43106724395147
14,37,65,1,14.7,14.743776563975088
14,37,65,2,5.3,3.7289761541064776
14,37,65,3,9.7,7.787304107530274
14,37,65,4,8.95,7.082038065267281
14,37,65,5,12.05,12.102522573066285
14,37,65,6,13.95,21.938850423272797
14,37,65,7,12.75,15.767638410764992
9,1,108,0,33.1,36.34759095760065
9,1,108,1,14.5,8.369745012779504
9,1,108,2,24.45,25.504333997020566
9,1,108,3,17.25,14.421748926717008
9,1,108,4,22.75,19.020418391546325
10,35,22,0,21.05,19.225736588448854
10,35,22,1,25.95,20.551539832180072
10,35,22,2,20.9,21.435091739825538
10,35,22,3,20.95,21.211900830479696
10,35,22,4,15.9,22.061874711580465
10,35,22,5,25.95,30.752791914333823
14,37,65,0,16.75,20.08370640987103
14,37,65,1,15.2,12.841544422611118
14,37,65,2,17.6,19.247419512618745
14,37,65,3,15.15,15.256663772715324
14,37,65,4,14.9,19.98130705381776
14,37,65,5,13.25,14.498185004373912
14,37,65,6,20.25,16.42486882107354
14,37,65,7,14.5,14.64851348664502
9,8,108,0,29.0,32.27350224825965
9,8,108,1,23.7,30.40273533400364
9,8,108,2,20.35,22.43182654411502
9,8,108,3,28.0,34.73508767499333
9,8,108,4,29.15,24.65397373756676
14,37,65,0,9.6,5.1646572210095725
14,37,65,1,17.8,20.656590639360246
14,37,65,2,9.65,7.631479128203819
14,37,65,3,7.15,6.4829736516833885
14,37,65,4,9.65,6.768930569346355
14,37,65,5,11.25,15.42341009463758
14,37,65,6,5.95,5.889106803868344
14,37,65,7,10.35,14.195162259690708
10,35,22,0,20.25,24.996578713264363
10,35,22,1,39.4,109.39950928399517
10,35,22,2,16.94736842105263,17.328440605004523
10,35,22,3,23.42105263157895,54.00135367590714
10,35,22,4,16.31578947368421,19.607404019850787
10,35,22,5,38.77777777777778,113.45460639576649
9,8,108,0,32.4,30.042776520365614
9,8,108,1,22.1,30.398926573846406
9,8,108,2,30.85,58.72260839610333
9,8,108,3,22.210526315789473,26.682451468601396
9,8,108,4,24.63157894736842,16.1286857159527
10,35,22,0,23.5,24.2389421342903
10,35,22,1,12.0,14.063764563025453
10,35,22,2,14.55,22.797679937360197
10,35,22,3,10.8,16.801002476356178
10,35,22,4,19.9,30.352143772375413
10,35,22,5,18.15,21.80360906870816
14,26,65,0,15.55,16.53855145442086
14,26,65,1,14.6,21.81356410464297
14,26,65,2,21.75,34.37697362755299
14,26,65,3,22.7,53.59016013372133
14,26,65,4,5.526315789473684,5.611183486302962
14,26,65,5,8.105263157894736,13.8559844144531
14,26,65,6,6.2631578947368425,4.817123453117338
14,26,65,7,4.894736842105263,3.281170808011224
9,8,108,0,31.25,46.38610840145548
9,8,108,1,22.15,21.983905596211923
9,8,108,2,18.6,23.676326173049556
9,8,108,3,15.9,20.27417335585246
9,8,108,4,16.9,21.215436286866815
14,26,65,0,21.05,27.694717337807447
14,26,65,1,15.4,28.30547650190684
14,26,65,2,23.2,37.163366229039106
14,26,65,3,12.2,16.69415277401358
14,26,65,4,13.9,15.69746878690286
14,26,65,5,11.7,17.323850307413885
14,26,65,6,13.9,23.226346201990893
14,26,65,7,9.0,8.96908269804914
10,35,22,0,24.9,47.27177860660183
10,35,22,1,12.5,16.365882355166736
10,35,22,2,24.75,33.4662044771328
10,35,22,3,19.4,16.85354874390429
10,35,22,4,32.9,53.801682618962566
10,35,22,5,18.526315789473685,16.00475075668552
9,8,108,0,25.5,23.68543856465402
9,8,108,1,38.4,44.19025851212483
9,8,108,2,18.75,15.973250666101286
9,8,108,3,34.0,52.151600873647304
9,8,108,4,23.7,18.473594241796217
14,26,65,0,11.85,15.304883981403142
14,26,65,1,10.2,7.844542185829785
14,26,65,2,7.7,7.342020373023677
14,26,65,3,9.35,8.827439278212358
14,26,65,4,10.25,8.251794063302713
14,26,65,5,10.1,14.234502191210584
14,26,65,6,6.75,7.635615992108781
14,26,65,7,9.0,12.11784243432625
10,35,22,0,22.05,17.977983611541145
10,35,22,1,16.4,14.035293858135303
10,35,22,2,15.15,13.727709204379295
10,35,22,3,13.85,12.77446054067502
10,35,22,4,7.8,6.669648455976956
10,35,22,5,7.6,7.293833011524188
9,8,108,0,22.05,29.828412806019628
9,8,108,1,19.35,30.185871564446558
9,8,108,2,26.15,30.281616796159906
9,8,108,3,20.85,25.209177526824384
9,8,108,4,26.55,23.232180494441664
14,26,65,0,12.2,13.300573790551097
14,26,65,1,10.25,9.667498451812106
14,26,65,2,17.75,40.01430665202267
14,26,65,3,11.65,11.458276714373671
14,26,65,4,37.75,109.00694087027088
14,26,65,5,9.052631578947368,8.195348844927743
14,26,65,6,15.842105263157896,19.365671683834822
14,26,65,7,13.052631578947368,15.85165145343442
10,41,22,0,29.0,31.72082165259578
10,41,22,1,24.7,15.87152365584019
10,41,22,2,19.7,19.19457160103784
10,41,22,3,16.75,11.575268554347375
10,41,22,4,16.25,12.723269192600164
10,41,22,5,21.35,20.251770552875513
9,16,108,0,32.55,32.811222406205374
9,16,108,1,15.15,17.880524541934918
9,16,108,2,15.45,20.374067624776043
9,16,108,3,14.0,16.457281223311398
9,16,108,4,19.6,15.635317646109298
14,26,65,0,13.65,13.255683984417283
14,26,65,1,22.95,65.30533547961655
14,26,65,2,7.6,8.869818724783856
14,26,65,3,15.95,16.38829813584906
14,26,65,4,12.4,20.494928769409224
14,26,65,5,9.1,7.129626844889458
14,26,65,6,8.947368421052632,9.77794391140095
14,26,65,7,34.68421052631579,109.47046919480611
10,41,22,0,20.15,23.888501968850818
10,41,22,1,45.55,109.34228006826231
10,41,22,2,14.631578947368421,14.103626508871907
10,41,22,3,45.21052631578947,110.39151484469993
10,41,22,4,14.11111111111111,17.14261593356602
10,41,22,5,15.333333333333334,10.329853936670217
9,16,108,0,24.5,27.415900111930824
9,16,108,1,28.7,29.42447960457415
9,16,108,2,23.0,32.05915584796659
9,16,108,3,22.05,28.124675436723756
9,16,108,4,24.75,20.578156533465027
14,45,65,0,16.95,14.975330591201969
14,45,65,1,14.2,17.65934969297985
14,45,65,2,22.4,30.832996679053537
14,45,65,3,18.35,25.803457540659767
14,45,65,4,13.65,19.56440107628353
14,45,65,5,16.65,15.235951251113786
14,45,65,6,10.2,9.939818911831344
14,45,65,7,21.8,36.836195014657726
10,41,22,0,51.3,118.34832620611698
10,41,22,1,15.947368421052632,15.572317618883574
10,41,22,2,13.631578947368421,12.000974619290947
10,41,22,3,18.57894736842105,24.60649369909786
10,41,22,4,12.736842105263158,16.37356305913475
10,41,22,5,6.052631578947368,5.3174104412927905
9,16,108,0,37.8,34.10294014180874
9,16,108,1,27.85,21.39669182496751
9,16,108,2,20.3,23.63561095599515
9,16,108,3,19.25,14.930981566069788
9,16,108,4,29.9,55.108409903618735
14,45,65,0,13.5,12.86979327523828
14,45,65,1,13.35,26.336436637040364
14,45,65,2,7.75,7.873172302526038
14,45,65,3,10.2,15.233619330111177
14,45,65,4,7.1,10.823463790351619
14,45,65,5,9.15,7.828927465697833
14,45,65,6,11.3,17.678711551050974
14,45,65,7,13.65,13.538541474736409
10,41,22,0,14.75,15.667179909472843
10,41,22,1,11.1,14.828493198107346
10,41,22,2,17.5,25.844677758119804
10,41,22,3,13.9,19.692103680623386
10,41,22,4,14.55,22.15370944346033
10,41,22,5,19.3,41.03156679538585
9,16,108,0,20.95,14.06179969016469
9,16,108,1,29.35,24.877119058114
9,16,108,2,21.35,30.56360925228425
9,16,108,3,19.85,18.293729152794118
9,16,108,4,21.15,13.646958404135717
14,45,65,0,8.2,6.810209054678208
14,45,65,1,6.65,5.460624602793308
14,45,65,2,6.95,7.272695873137959
14,45,65,3,8.65,5.008151250448455
14,45,65,4,7.55,8.101169506214584
14,45,65,5,10.45,12.738152390193385
14,45,65,6,7.8,8.526120855471454
14,45,65,7,6.1,8.521798673494871
10,41,22,0,38.0,110.24040714919849
10,41,22,1,15.052631578947368,14.140067908883474
10,41,22,2,18.63157894736842,14.488349826731627
10,41,22,3,18.36842105263158,16.90236842810889
10,41,22,4,28.736842105263158,36.852321056501474
10,41,22,5,15.31578947368421,19.54496988877743
14,45,65,0,15.55,13.793495797505049
14,45,65,1,7.75,6.6084077228617595
14,45,65,2,14.1,23.431647514913625
14,45,65,3,12.7,19.92380221586337
14,45,65,4,9.5,10.942433098048312
14,45,65,5,10.6,7.963072667996284
14,45,65,6,9.0,10.228957862234473
14,45,65,7,5.25,4.327087266340524
9,16,108,0,29.95,23.625309800252243
9,16,108,1,23.6,34.330284313600316
9,16,108,2,16.2,18.54042524919676
9,16,108,3,17.4,15.912259424732868
9,16,108,4,24.1,30.738112807187242
14,45,65,0,8.05,10.287831340190726
14,45,65,1,15.25,22.9917033090772
14,45,65,2,10.3,9.055966338044188
14,45,65,3,15.4,17.709349300061223
14,45,65,4,11.85,14.84755872189095
14,45,65,5,11.55,10.251957451089396
14,45,65,6,10.6,13.678257814579505
14,45,65,7,13.0,23.59080998587106
10,36,22,0,19.35,15.668523592826077
10,36,22,1,25.3,36.48950822532849
10,36,22,2,20.15,23.939122351234353
10,36,22,3,21.3,25.156562395902732
10,36,22,4,18.95,16.94099667732252
10,36,22,5,22.0,25.070427116215505
9,16,108,0,21.5,32.51153641401772
9,16,108,1,38.95,84.03600418868093
9,16,108,2,23.1,30.33653347299086
9,16,108,3,23.1,26.781572612132905
9,16,108,4,28.5,33.312712920224065
14,41,65,0,11.05,11.825374145633216
14,41,65,1,8.4,8.635300866364274
14,41,65,2,8.75,7.217486076409007
14,41,65,3,8.5,7.251134212550548
14,41,65,4,7.65,9.091783450775182
14,41,65,5,12.1,12.468486591994107
14,41,65,6,7.7,7.540068406781689
14,41,65,7,10.15,18.943892224977922
9,16,108,0,20.85,25.503921267130668
9,16,108,1,26.2,34.187717092546556
9,16,108,2,17.5,15.20214666282018
9,16,108,3,15.75,13.71850459857242
9,16,108,4,22.5,34.56572686468795
10,36,22,0,44.6,109.36342119162533
10,36,22,1,28.263157894736842,39.13486951167598
10,36,22,2,16.526315789473685,17.636352674873415
10,36,22,3,13.473684210526315,17.490849738117454
10,36,22,4,23.210526315789473,54.866078315363524
10,36,22,5,11.842105263157896,14.256628703459457
14,41,65,0,17.95,15.912507493693195
14,41,65,1,15.65,17.619591368700924
14,41,65,2,11.9,17.695970400660503
14,41,65,3,14.3,15.82170394709349
14,41,65,4,12.1,13.579783735972729
14,41,65,5,14.35,13.75452078791781
14,41,65,6,11.65,13.596729482915329
14,41,65,7,12.35,13.534653379575818
9,16,108,0,23.55,20.5822483555228
9,16,108,1,16.15,15.560662277882512
9,16,108,2,26.95,29.916506621279375
9,16,108,3,20.45,25.092408162000336
9,16,108,4,24.7,30.762417261806227
10,36,22,0,21.0,15.630604258111207
10,36,22,1,13.3,15.63767380735585
10,36,22,2,25.85,30.59114939083904
10,36,22,3,11.5,11.75405864954068
10,36,22,4,18.6,19.252887684981864
10,36,22,5,13.05,16.410763476899447
14,41,65,0,15.6,17.221162012263623
14,41,65,1,11.55,10.2775944349065
14,41,65,2,10.6,10.93232772439997
14,41,65,3,6.65,5.677981479734724
14,41,65,4,13.15,15.215210533507165
14,41,65,5,6.95,6.878456069114409
14,41,65,6,10.35,9.521582133017048
14,41,65,7,7.8,6.195074444138751
9,16,108,0,16.9,13.837021279695165
9,16,108,1,17.65,15.387195633827634
9,16,108,2,20.2,22.44666192508248
9,16,108,3,10.35,7.5969176574935195
9,16,108,4,25.5,24.355913579986883
14,41,65,0,10.0,13.12290083463978
14,41,65,1,9.85,6.960603422117942
14,41,65,2,11.9,14.160359793228567
14,41,65,3,8.15,7.314549307985241
14,41,65,4,9.4,7.956460466683331
14,41,65,5,11.35,12.132058444685434
14,41,65,6,6.35,7.386153475111028
14,41,65,7,13.95,15.524089938577804
10,36,22,0,27.95,25.893455787738706
10,36,22,1,27.55,31.386344667370036
10,36,22,2,27.0,23.01258237070366
10,36,22,3,19.95,20.428244121674698
10,36,22,4,27.85,29.403320614479835
10,36,22,5,23.0,22.987410742221037
9,16,108,0,21.4,16.968701839129096
9,16,108,1,19.75,14.75011150716103
9,16,108,2,20.45,18.030602640481746
9,16,108,3,24.85,26.96640209789328
9,16,108,4,18.0,19.854735614351288
14,41,65,0,12.65,12.470069429596107
14,41,65,1,9.15,7.665884780877168
14,41,65,2,13.1,15.76438357417391
14,41,65,3,9.05,8.300126822112896
14,41,65,4,12.5,15.968719422671311
14,41,65,5,9.5,17.653089784719516
14,41,65,6,5.95,5.689093906210743
14,41,65,7,10.1,12.396519036024843
10,36,22,0,15.75,18.21761726865971
10,36,22,1,11.35,9.96454240109188
10,36,22,2,11.0,15.468133626741682
10,36,22,3,11.5,11.518863248008277
10,36,22,4,12.8,17.31625339324149
10,36,22,5,12.05,16.158670476835255
10,45,22,0,14.85,15.618056351880867
10,45,22,1,10.3,11.55809126474655
10,45,22,2,14.1,14.17893173913881
10,45,22,3,15.25,16.415252855676318
10,45,22,4,15.45,13.128815234958722
10,45,22,5,12.0,11.929618161269213
9,6,108,0,29.95,45.0350448335282
9,6,108,1,33.3,39.718880569374186
9,6,108,2,22.8,24.500483346467398
9,6,108,3,20.75,42.56743875434911
9,6,108,4,34.2,31.77652228329986
14,36,65,0,12.35,9.178206452472649
14,36,65,1,14.05,19.069057327734402
14,36,65,2,12.8,15.736648476189519
14,36,65,3,14.4,13.758824919225287
14,36,65,4,19.8,32.045362584278784
14,36,65,5,16.65,24.65824299029477
14,36,65,6,11.8,11.482710114731075
14,36,65,7,12.45,17.321951391226104
14,36,65,0,10.85,9.691423229357301
14,36,65,1,12.2,12.407977060618789
14,36,65,2,10.1,9.380270448351185
14,36,65,3,10.0,9.313261625513544
14,36,65,4,11.65,11.084721585659196
14,36,65,5,9.65,12.470069429596107
14,36,65,6,7.6,8.074651695274541
14,36,65,7,7.5,7.584610457332247
10,45,22,0,26.55,28.28701580509854
10,45,22,1,22.45,24.898689460333156
10,45,22,2,15.5,14.493192594419881
10,45,22,3,30.9,41.56276167309792
10,45,22,4,17.7,13.510619604787307
10,45,22,5,13.05,20.340457480752878
9,6,108,0,18.45,13.232635095813205
9,6,108,1,20.9,22.559628589701187
9,6,108,2,41.95,63.31996858063521
9,6,108,3,25.15,27.578166421245175
9,6,108,4,20.85,22.323636281800177
14,36,65,0,11.55,11.366965062708784
14,36,65,1,40.3,111.19877886493461
14,36,65,2,12.631578947368421,12.397179456615612
14,36,65,3,12.0,13.08094458023239
14,36,65,4,9.052631578947368,9.336152456448989
14,36,65,5,15.789473684210526,27.089520211018097
14,36,65,6,8.68421052631579,11.902626374875549
14,36,65,7,13.421052631578947,12.659277623210594
10,45,22,0,32.7,62.65788478967184
10,45,22,1,16.25,20.79695068741417
10,45,22,2,15.75,19.26238494278968
10,45,22,3,15.6,23.369796071447706
10,45,22,4,17.210526315789473,20.622476808269234
10,45,22,5,10.210526315789474,12.367425616282032
9,6,108,0,29.1,23.424908020939455
9,6,108,1,22.75,19.790680954216278
9,6,108,2,38.8,49.30421141401507
9,6,108,3,27.0,21.798116770419462
9,6,108,4,16.55,16.592563331044932
14,36,65,0,16.95,22.50958860013591
14,36,65,1,14.35,18.336833796602143
14,36,65,2,13.0,17.256577693280047
14,36,65,3,12.95,16.734694499751107
14,36,65,4,15.6,23.674103106448126
14,36,65,5,14.65,18.06792738528689
14,36,65,6,9.5,10.435264100256651
14,36,65,7,9.25,10.274521374433176
10,45,22,0,24.9,26.068533158822564
10,45,22,1,23.3,26.574819898384618
10,45,22,2,25.2,25.207768226230748
10,45,22,3,18.0,17.25962736683806
10,45,22,4,16.7,22.292552450018867
10,45,22,5,13.05,11.33450716315354
9,6,108,0,44.0,82.573731008303
9,6,108,1,24.15,18.69780454323026
9,6,108,2,18.0,21.535771954685316
9,6,108,3,18.95,17.653015248631633
9,6,108,4,25.31578947368421,31.43256031495393
14,36,65,0,7.25,5.300198606010712
14,36,65,1,8.55,11.550689202494869
14,36,65,2,13.1,13.633935988052599
14,36,65,3,8.45,6.613184597931303
14,36,65,4,13.4,13.200478460228151
14,36,65,5,8.2,11.081516141756055
14,36,65,6,9.6,14.262206221892512
14,36,65,7,13.0,22.666924663134402
10,45,22,0,28.85,34.01125974546788
10,45,22,1,15.1,22.47314186452704
10,45,22,2,23.7,34.38650286009568
10,45,22,3,18.05,21.43159251886655
10,45,22,4,16.8,23.563129092537327
10,45,22,5,13.75,12.636101164187432
9,6,108,0,20.5,16.828859923232752
9,6,108,1,25.35,25.225874352380835
9,6,108,2,20.5,19.4949386143929
9,6,108,3,27.45,41.77820509611001
9,6,108,4,19.3,18.473594241796214
14,39,65,0,14.4,19.321109263132247
14,39,65,1,9.9,10.842897262845923
14,39,65,2,13.05,18.644810199313405
14,39,65,3,8.65,6.335156708899614
14,39,65,4,8.8,11.147810736217508
14,39,65,5,5.95,5.185759853980697
14,39,65,6,10.4,15.655501807419185
14,39,65,7,9.95,8.899881726002997
10,43,22,0,14.35,14.797848349995808
10,43,22,1,17.35,26.658216863019728
10,43,22,2,17.1,21.46453623513617
10,43,22,3,16.75,21.3538484144021
10,43,22,4,17.0,20.463060428617787
10,43,22,5,20.6,20.192234046520795
14,39,65,0,14.0,11.434021256988423
14,39,65,1,12.95,13.747631374933379
14,39,65,2,10.75,9.135673282018653
14,39,65,3,8.3,9.819958194787207
14,39,65,4,11.65,13.600599831973357
14,39,65,5,11.2,9.2315249353278
14,39,65,6,12.15,15.152818046054739
14,39,65,7,9.25,6.912041361962013
10,43,108,0,26.45,33.71470864396381
10,43,108,1,23.35,28.649010270403483
10,43,108,2,19.0,32.263715973536776
10,43,108,3,18.85,17.281797542958007
10,43,108,4,26.3,41.85073727577945
10,43,108,5,14.1,13.058169453399055
14,39,65,0,9.95,10.923056252475167
14,39,65,1,32.85,109.71363442593344
14,39,65,2,7.2105263157894735,6.536894840216323
14,39,65,3,8.631578947368421,6.35269432179755
14,39,65,4,9.421052631578947,9.209390071936143
14,39,65,5,10.736842105263158,12.935060474295598
14,39,65,6,9.736842105263158,11.613412290504446
14,39,65,7,7.157894736842105,7.79788545336873
10,43,22,0,17.5,13.535528298363145
10,43,22,1,19.35,20.08999489140906
10,43,22,2,38.9,109.33382006738042
10,43,22,3,25.263157894736842,22.310540870138688
10,43,22,4,25.05263157894737,26.784061770244644
10,43,22,5,17.157894736842106,23.65319606756191
14,39,65,0,11.15,6.674972895667422
14,39,65,1,11.05,9.89670333202452
14,39,65,2,13.35,26.679925431916626
14,39,65,3,10.15,11.216881075086405
14,39,65,4,12.7,11.535300511678784
14,39,65,5,9.95,9.708786037182481
14,39,65,6,8.15,9.604138362404537
14,39,65,7,10.25,12.96097381006779
10,43,108,0,54.15,112.6514302476542
10,43,108,1,27.63157894736842,36.26325125816583
10,43,108,2,22.736842105263158,24.008892114897666
10,43,108,3,25.526315789473685,32.660489928033556
10,43,108,4,23.31578947368421,40.82898294047032
10,43,108,5,21.88888888888889,20.670777579753356
10,43,22,0,15.7,15.997039199736141
10,43,22,1,24.9,54.84897926411931
10,43,22,2,10.85,13.107952588128763
10,43,22,3,34.8,108.69300079146142
10,43,22,4,14.368421052631579,18.78595966943809
10,43,22,5,8.789473684210526,9.318911162960934
14,39,65,0,23.8,33.55059023718
14,39,65,1,13.45,15.557956163969614
14,39,65,2,16.7,13.883348602590537
14,39,65,3,36.0,109.48059188732951
14,39,65,4,11.631578947368421,9.765076812099268
14,39,65,5,15.105263157894736,14.903000208168768
14,39,65,6,9.736842105263158,8.716791619647156
14,39,65,7,9.842105263157896,12.171292079199846
10,43,108,0,31.85,43.4756737788653
10,43,108,1,18.0,20.12853434149745
10,43,108,2,17.0,17.290094517412353
10,43,108,3,15.8,14.852254835014465
10,43,108,4,42.3,104.35168270905133
10,43,108,5,17.894736842105264,20.682506663152438
10,43,22,0,17.45,10.792175528204632
10,43,22,1,14.85,14.401297456168756
10,43,22,2,15.8,15.699815620774526
10,43,22,3,16.15,32.569399587245755
10,43,22,4,18.25,15.660459763365823
10,43,22,5,14.15,15.520021025487656
14,31,65,0,15.8,11.27923103015356
14,31,65,1,13.3,9.200114415764507
14,31,65,2,13.5,15.632287774111363
14,31,65,3,11.45,10.313379149128776
14,31,65,4,11.35,9.54918017974649
14,31,65,5,13.3,18.996121487791857
14,31,65,6,11.55,11.887521099654748
14,31,65,7,9.1,13.368856188525392
10,43,108,0,34.25,25.37482175203145
10,43,108,1,18.75,23.69960026311792
10,43,108,2,12.9,13.78748479027648
10,43,108,3,21.8,25.201503714534258
10,43,108,4,20.45,19.195599824740537
10,43,108,5,31.05,46.38111571250568
10,43,22,0,23.2,19.511400176361136
10,43,22,1,26.35,30.24683541515672
10,43,22,2,26.45,24.618082784814906
10,43,22,3,20.4,25.71790283665815
10,43,22,4,24.45,23.139110204427297
10,43,22,5,13.25,9.469480061311653
14,31,65,0,14.65,24.288344616513626
14,31,65,1,14.05,16.397929907862085
14,31,65,2,12.1,14.483747697623741
14,31,65,3,8.5,5.8534740022261
14,31,65,4,7.8,7.445238676319814
14,31,65,5,8.7,8.079213093521318
14,31,65,6,9.9,12.396519036024843
14,31,65,7,10.3,8.176345857346504
10,47,22,0,23.1,34.19741449137255
10,47,22,1,21.2,26.67267476177386
10,47,22,2,20.9,22.93675515067694
10,47,22,3,22.7,36.024991325467376
10,47,22,4,21.9,38.7908019482644
10,47,22,5,29.526315789473685,50.366841408314386
14,31,65,0,13.25,9.84551728078905
14,31,65,1,11.25,13.190407200130828
14,31,65,2,9.55,9.052333226417666
14,31,65,3,10.35,7.686454250652145
14,31,65,4,6.8,4.94815223354292
14,31,65,5,10.55,11.39933054359357
14,31,65,6,8.7,7.657813347369985
14,31,65,7,11.5,13.667094558984015
10,43,108,0,20.75,25.503095787312606
10,43,108,1,34.25,48.56344195726701
10,43,108,2,24.2,45.9709290290013
10,43,108,3,34.2,44.839597162376585
10,43,108,4,13.0,12.328828005937954
10,43,108,5,29.0,34.965061926951535
14,31,65,0,13.9,13.372792488757478
14,31,65,1,12.85,12.389617894791888
14,31,65,2,11.3,12.921218779079709
14,31,65,3,13.6,14.106362879360878
14,31,65,4,14.6,18.607864777532843
14,31,65,5,12.9,17.44736445185316
14,31,65,6,11.5,14.71304469545737
14,31,65,7,12.9,14.55985829890561
10,47,22,0,17.7,15.620836287337163
10,47,22,1,16.55,20.497689215077262
10,47,22,2,10.6,11.532106211972314
10,47,22,3,20.05,27.180633585427383
10,47,22,4,37.8,108.15612496951364
10,47,22,5,19.842105263157894,27.52627665400369
10,36,108,0,23.75,34.229680872476436
10,36,108,1,30.9,40.96840888191522
10,36,108,2,19.05,25.771209966897068
10,36,108,3,40.5,105.88250687983306
10,36,108,4,21.210526315789473,29.528853963103092
10,36,108,5,24.894736842105264,36.05535056123526
14,31,65,0,14.3,14.935299056086453
14,31,65,1,17.0,18.229530698119582
14,31,65,2,7.1,6.120715472453922
14,31,65,3,10.4,7.583916499651363
14,31,65,4,12.15,10.965376130539733
14,31,65,5,10.5,11.264756404028684
14,31,65,6,16.2,14.340226820491994
14,31,65,7,13.9,19.78010696581157
10,47,22,0,27.0,26.273861335435342
10,47,22,1,14.8,18.41223849280118
10,47,22,2,13.45,14.576386816751913
10,47,22,3,21.3,23.13825722409579
10,47,22,4,21.0,14.142135623730951
10,47,22,5,15.05,16.106471402906084
10,36,108,0,19.6,23.996490971543494
10,36,108,1,23.5,47.05372069856908
10,36,108,2,16.05,16.093395180043665
10,36,108,3,24.4,32.70184285809883
10,36,108,4,21.55,25.1112786569994
10,36,108,5,21.75,34.4534392141657
14,46,65,0,20.15,50.640398892583775
14,46,65,1,15.95,26.356812761549307
14,46,65,2,11.35,10.368347581893046
14,46,65,3,14.55,27.163200726059706
14,46,65,4,7.368421052631579,7.840142617153718
14,46,65,5,12.0,13.800161029656302
14,46,65,6,7.578947368421052,8.009132214566653
14,46,65,7,9.894736842105264,12.206076523337353
10,47,22,0,46.0,110.91627947524915
10,47,22,1,14.736842105263158,27.28825979807099
10,47,22,2,13.789473684210526,10.507029114774236
10,47,22,3,11.68421052631579,12.20224310699083
10,47,22,4,15.947368421052632,17.421167470160885
10,47,22,5,8.68421052631579,8.882270928208914
10,36,108,0,19.6,16.73131322118091
10,36,108,1,40.45,105.99427740262803
10,36,108,2,22.0,32.05724047179774
10,36,108,3,16.42105263157895,14.001253076753462
10,36,108,4,25.263157894736842,23.729592648241184
10,36,108,5,15.368421052631579,17.733240996989522
14,46,65,0,9.2,8.401754202796612
14,46,65,1,12.8,16.684692006999143
14,46,65,2,14.1,12.961075329007642
14,46,65,3,10.85,8.767613850505674
14,46,65,4,11.6,9.422258082244461
14,46,65,5,13.3,15.242254288308986
14,46,65,6,14.75,14.895689945328762
14,46,65,7,11.2,9.185801400445202
10,47,22,0,40.15,109.12632708543752
10,47,22,1,19.526315789473685,29.483269118175084
10,47,22,2,27.05263157894737,31.7515943330419
10,47,22,3,23.736842105263158,21.64573888080299
10,47,22,4,17.473684210526315,13.643754863805848
10,47,22,5,14.31578947368421,17.493022836354392
10,36,108,0,16.95,13.339592828947413
10,36,108,1,16.0,18.940349577166288
10,36,108,2,21.45,18.746157501008884
10,36,108,3,18.55,14.936620487210195
10,36,108,4,17.85,26.398315336997904
10,36,108,5,19.85,19.550945595653694
14,46,65,0,15.25,12.87132676267598
14,46,65,1,15.8,15.96245595138793
14,46,65,2,15.05,9.444993104118293
14,46,65,3,9.85,10.589344197178397
14,46,65,4,16.2,31.608792913897933
14,46,65,5,14.6,11.80276506408116
14,46,65,6,14.0,14.664672910738492
14,46,65,7,12.15,11.47204841067375
14,46,65,0,8.2,8.401754202796612
14,46,65,1,12.25,16.876876114033102
14,46,65,2,11.45,7.930454291095682
14,46,65,3,11.2,10.237187113655782
14,46,65,4,6.65,8.412240455056201
14,46,65,5,10.75,9.994077193386513
14,46,65,6,10.05,10.980724738808165
14,46,65,7,11.65,11.089468688331001
10,36,108,0,25.3,43.88993410554946
10,36,108,1,19.4,22.864359762924064
10,36,108,2,22.95,23.277445600499433
10,36,108,3,22.4,24.98083475913401
10,36,108,4,20.6,22.29089972446863
10,36,108,5,15.05,11.577996372429903
10,43,22,0,31.35,31.97906387491337
10,43,22,1,28.1,35.59109882807039
10,43,22,2,19.8,25.059088066744213
10,43,22,3,19.8,23.59214856015048
10,43,22,4,21.35,16.448564167060137
10,43,22,5,42.2,107.22165924162111
14,46,65,0,11.3,16.000328943987043
14,46,65,1,12.3,10.662773412302508
14,46,65,2,10.8,8.439256639750859
14,46,65,3,12.55,11.46837757533847
14,46,65,4,12.4,10.312996399535981
14,46,65,5,8.8,8.50139307469819
14,46,65,6,9.2,7.59223980543014
14,46,65,7,8.95,7.796591697996194
10,36,108,0,19.1,23.382179449090575
10,36,108,1,42.55,117.85426995814967
10,36,108,2,10.31578947368421,9.43429106786601
10,36,108,3,14.105263157894736,14.67005542988129
10,36,108,4,12.526315789473685,12.954486228727575
10,36,108,5,14.368421052631579,14.295339280555703
10,43,22,0,19.25,15.08877240306775
10,43,22,1,18.8,17.954914295769306
10,43,22,2,21.15,32.648486706285894
10,43,22,3,17.4,18.35153801097938
10,43,22,4,22.35,35.29913522125466
10,43,22,5,18.2,21.035308662492117
14,31,65,0,9.8,6.07497021868377
14,31,65,1,12.35,12.868873095063224
14,31,65,2,9.85,9.890319562715431
14,31,65,3,6.65,5.112162998801563
14,31,65,4,7.55,6.946979654194294
14,31,65,5,10.45,10.03402107568887
14,31,65,6,9.6,9.196109017004506
14,31,65,7,10.55,9.500554000466998
10,36,108,0,20.25,17.549553900463202
10,36,108,1,18.5,17.169434285503133
10,36,108,2,15.3,18.496372332803105
10,36,108,3,20.55,29.74182771433984
10,36,108,4,27.55,45.73087751065725
10,36,108,5,12.85,18.935555528103603
14,31,65,0,9.3,9.830671658801238
14,31,65,1,8.05,8.629661211865674
14,31,65,2,12.0,13.622736412645628
14,31,65,3,7.95,8.319128243803078
14,31,65,4,8.95,8.708586204672406
14,31,65,5,14.9,12.924476982189953
14,31,65,6,12.85,11.508692367076288
14,31,65,7,7.55,5.77175518319487
10,43,22,0,21.5,20.469489490458724
10,43,22,1,25.95,23.556147929217076
10,43,22,2,17.3,15.791736679935525
10,43,22,3,34.45,36.74875579705494
10,43,22,4,13.85,15.2704565126673
10,43,22,5,20.25,21.734946393696077
14,31,65,0,20.5,24.23242716518074
14,31,65,1,16.5,21.31098061415387
14,31,65,2,16.2,17.87559347560979
14,31,65,3,14.1,21.6038495594992
14,31,65,4,19.35,23.747077382501757
14,31,65,5,11.4,13.6936404755523
14,31,65,6,12.2,12.011398095580976
14,31,65,7,18.3,18.399370698620732
10,43,22,0,20.95,29.90242905113053
10,43,22,1,18.0,11.809897722272039
10,43,22,2,14.65,14.647705047477395
10,43,22,3,23.55,24.62663299421135
10,43,22,4,27.8,27.721547765705935
10,43,22,5,18.2,17.854971296532515
10,36,108,0,52.65,110.87322062893085
10,36,108,1,15.0,14.65908895153068
10,36,108,2,17.473684210526315,19.55723344742193
10,36,108,3,20.526315789473685,23.049146576277764
10,36,108,4,55.0,113.68963599789267
10,36,108,5,21.444444444444443,25.635963301172925
14,31,65,0,10.65,12.762094366975152
14,31,65,1,5.35,5.193872908483003
14,31,65,2,9.4,10.007365708369644
14,31,65,3,7.55,7.6052267345694915
14,31,65,4,11.8,11.949895397031725
14,31,65,5,8.5,7.701674459082532
14,31,65,6,13.15,13.75452078791781
14,31,65,7,7.0,9.97364949306553
10,36,108,0,23.8,26.66280673818671
10,36,108,1,24.5,27.835040393076685
10,36,108,2,8.2,7.295276049031932
10,36,108,3,15.1,15.078391649537497
10,36,108,4,11.0,8.70571500132014
10,36,108,5,18.0,16.9239786289034
14,31,65,0,14.8,13.347974417589793
14,31,65,1,15.1,17.51961306950765
14,31,65,2,10.85,6.799961300199474
14,31,65,3,10.85,10.683361387050228
14,31,65,4,8.85,10.742316715730023
14,31,65,5,13.35,26.85884153162702
14,31,65,6,10.6,9.207548390772706
14,31,65,7,6.75,6.896795594599293
10,43,22,0,20.7,22.273656850047868
10,43,22,1,34.0,48.92959496212793
10,43,22,2,27.65,39.43986094776385
10,43,22,3,25.7,29.822457098106806
10,43,22,4,30.1,37.10709961860753
10,43,22,5,31.8,41.417768879399674
14,42,65,0,7.05,4.442320398881174
14,42,65,1,10.45,12.08075895141134
14,42,65,2,8.9,12.611189684687085
14,42,65,3,6.9,4.908639000996637
14,42,65,4,7.7,6.39983552420233
14,42,65,5,6.95,7.163320312169271
14,42,65,6,5.55,4.334379091088268
14,42,65,7,7.45,6.809242944240147
10,36,108,0,20.45,20.260085207905195
10,36,108,1,27.7,28.997459053836895
10,36,108,2,51.1,108.79526885998209
10,36,108,3,17.842105263157894,21.481938558019536
10,36,108,4,33.8421052631579,39.349238532650354
10,36,108,5,22.157894736842106,29.56210629598254
10,39,22,0,27.0,24.67685896586218
10,39,22,1,20.7,23.192784721932266
10,39,22,2,27.05,23.495744295510203
10,39,22,3,20.6,18.863498587148896
10,39,22,4,12.65,14.079754034932945
10,39,22,5,15.75,15.996298914041597
14,42,65,0,10.95,10.318481120377115
14,42,65,1,7.65,6.175290319192758
14,42,65,2,12.35,10.459319692076186
14,42,65,3,11.95,10.884440850662884
14,42,65,4,8.15,9.66423139318656
14,42,65,5,10.5,7.265636495463459
14,42,65,6,6.7,5.371464565548894
14,42,65,7,12.85,11.458276714373673
10,35,108,0,35.0,59.76797241262071
10,35,108,1,30.35,48.49989148115911
10,35,108,2,14.421052631578947,23.33170420377885
10,35,108,3,9.105263157894736,8.43863296486993
10,35,108,4,11.789473684210526,12.104080796567104
10,35,108,5,13.894736842105264,13.633678629865681
10,39,22,0,15.0,12.573991536417333
10,39,22,1,20.4,23.46419444712798
10,39,22,2,19.85,27.44808496819136
10,39,22,3,22.45,21.965223710028063
10,39,22,4,10.45,10.26734732307384
10,39,22,5,9.95,12.33938921972192
14,42,65,0,9.45,6.62908265464425
14,42,65,1,11.85,11.44908638046584
14,42,65,2,9.45,9.242208667446953
14,42,65,3,11.95,12.861509283619538
14,42,65,4,12.55,12.193505605336327
14,42,65,5,14.05,13.252507210653423
14,42,65,6,9.3,9.37578066925068
14,42,65,7,11.05,12.102522573066285
14,42,65,0,11.3,9.6850400102426
14,42,65,1,10.25,9.99934208362046
14,42,65,2,11.85,8.785604253849769
14,42,65,3,10.95,11.27864773529354
14,42,65,4,14.65,11.375296410250268
14,42,65,5,9.05,7.598303134668673
14,42,65,6,7.95,10.565460111534236
14,42,65,7,10.4,9.821565959394503
10,35,108,0,22.4,17.181385275931625
10,35,108,1,29.25,38.85854915080159
10,35,108,2,19.75,24.606107500289223
10,35,108,3,22.25,33.492929340227526
10,35,108,4,19.85,21.091966542538866
10,35,108,5,22.473684210526315,23.986960395303278
10,39,22,0,24.1,31.366928611617617
10,39,22,1,17.8,19.06388152888515
10,39,22,2,19.75,21.518352020640673
10,39,22,3,20.0,21.123695848875247
10,39,22,4,25.55,33.192381814601916
10,39,22,5,14.85,20.34252740080818
14,42,65,0,8.65,12.990988779676632
14,42,65,1,10.25,12.464159143636394
14,42,65,2,9.35,8.84530800391996
14,42,65,3,10.75,10.67153123723903
14,42,65,4,7.5,9.093085863793204
14,42,65,5,9.85,11.833382752553094
14,42,65,6,10.05,12.475133160348271
14,42,65,7,12.0,19.158617684450707
10,39,22,0,18.8,15.932753421143106
10,39,22,1,15.8,16.204612728609423
10,39,22,2,16.15,15.921765969230531
10,39,22,3,30.35,32.49173984099246
10,39,22,4,14.35,16.355507683314126
10,39,22,5,18.85,24.19933665902522
10,35,108,0,41.9,63.501263974158725
10,35,108,1,45.05,82.9936427495631
10,35,108,2,25.55,31.799495196258103
10,35,108,3,15.4,16.138871022928985
10,35,108,4,12.894736842105264,14.06293290431783
10,35,108,5,13.263157894736842,11.613412290504447
14,36,65,0,14.6,12.37739875741264
14,36,65,1,12.8,10.344589228953922
14,36,65,2,8.1,8.890562707903134
14,36,65,3,11.6,11.966620241321273
14,36,65,4,7.8,7.770389138802577
14,36,65,5,12.65,18.593363275500668
14,36,65,6,10.85,11.485803594460698
14,36,65,7,10.15,10.250930638111274
10,39,22,0,42.0,109.112206852444
10,39,22,1,15.473684210526315,15.218294622856734
10,39,22,2,11.894736842105264,14.59411881867375
10,39,22,3,14.421052631578947,11.69195254805479
10,39,22,4,15.421052631578947,15.467944593303937
10,39,22,5,12.68421052631579,10.198325742650919
14,36,65,0,8.05,7.5705454159351575
14,36,65,1,11.25,12.908075807518005
14,36,65,2,13.35,20.1240233499535
14,36,65,3,13.4,14.328477349596318
14,36,65,4,11.35,12.840212328134568
14,36,65,5,9.6,20.11126942524357
14,36,65,6,10.05,7.976775499437166
14,36,65,7,9.1,13.210442440496996
10,35,108,0,50.95,108.91255546006671
10,35,108,1,12.0,17.540429489230494
10,35,108,2,16.105263157894736,21.878184814107268
10,35,108,3,11.947368421052632,11.481742435568094
10,35,108,4,15.31578947368421,17.496198417494227
10,35,108,5,14.105263157894736,18.441784490788258
14,36,65,0,7.25,6.820055563903922
14,36,65,1,10.25,10.51252385941344
14,36,65,2,11.35,12.782698010242308
14,36,65,3,9.15,8.099870044441584
14,36,65,4,8.0,9.352736723041353
14,36,65,5,12.6,23.42827801026605
14,36,65,6,11.35,16.544278705786386
14,36,65,7,13.0,10.351709749449222
10,30,22,0,29.15,23.713808990588273
10,30,22,1,40.6,39.4346895111665
10,30,22,2,19.75,20.596052253309434
10,30,22,3,22.45,21.25899190559386
10,30,22,4,17.7,17.72331203454039
10,30,22,5,41.4,106.57905393107083
10,35,108,0,17.15,18.48833202462114
10,35,108,1,36.8,49.98905143286773
10,35,108,2,20.9,26.247606407161456
10,35,108,3,25.5,58.21783051156822
10,35,108,4,45.31578947368421,108.59151421296384
10,35,108,5,20.77777777777778,24.901111611273983
14,36,65,0,13.75,12.400657877285127
14,36,65,1,10.15,8.228800513728403
14,36,65,2,9.05,10.605237037972275
14,36,65,3,38.15,109.63829286867747
14,36,65,4,8.052631578947368,6.948010780156403
14,36,65,5,12.578947368421053,11.417899152323582
14,36,65,6,6.7368421052631575,5.665118467557584
14,36,65,7,8.526315789473685,10.590186343196503
14,36,65,0,10.3,8.137631881055997
14,36,65,1,8.5,6.855654600401044
14,36,65,2,6.4,4.805698371944005
14,36,65,3,7.45,9.511627233632474
14,36,65,4,7.6,9.132936346859616
14,36,65,5,10.5,9.896836283431822
14,36,65,6,8.45,7.082038065267281
14,36,65,7,5.55,5.093597632529022
10,30,22,0,21.55,22.502572952302238
10,30,22,1,28.05,27.323548740774388
10,30,22,2,20.05,18.849752197170574
10,30,22,3,17.5,17.934089855561904
10,30,22,4,19.4,24.779872987228114
10,30,22,5,28.05,37.588457074787705
10,32,108,0,25.05,30.984673630683925
10,32,108,1,27.95,26.888610384715918
10,32,108,2,18.3,18.985035658311745
10,32,108,3,21.15,19.521310892134483
10,32,108,4,29.2,27.890009529918547
10,32,108,5,29.15,36.44213148772203
14,34,65,0,13.85,14.102164820749293
14,34,65,1,9.45,9.917952887248669
14,34,65,2,13.75,13.254095692712458
14,34,65,3,10.95,8.666177449080266
14,34,65,4,15.5,26.878870590308036
14,34,65,5,10.25,11.359554290737401
14,34,65,6,11.35,9.598656704264185
14,34,65,7,7.8,5.395904879970013
10,30,22,0,21.15,17.254366342892364
10,30,22,1,24.2,22.83026615332329
10,30,22,2,28.35,33.76275587404746
10,30,22,3,19.45,17.66493702224834
10,30,22,4,22.25,42.09747460859205
10,30,22,5,39.75,105.76083993216909
14,34,65,0,9.0,7.1818484645960785
14,34,65,1,8.4,7.68731011746666
14,34,65,2,6.85,5.450977700810823
14,34,65,3,8.55,8.94118207185746
14,34,65,4,12.2,15.30600157488971
14,34,65,5,9.7,7.888032240779633
14,34,65,6,8.05,9.377885520846652
14,34,65,7,7.6,5.623259964787235
10,32,108,0,57.75,110.47642044203012
10,32,108,1,32.78947368421053,47.41258499991609
10,32,108,2,36.26315789473684,57.90398384419884
10,32,108,3,10.5,10.359707013799412
10,32,108,4,19.166666666666668,24.98058069310451
10,32,108,5,16.444444444444443,16.663529116438063
10,30,22,0,29.05,33.284222593958994
10,30,22,1,29.55,29.771895967064044
10,30,22,2,20.1,31.655879972638658
10,30,22,3,14.85,21.733493433916813
10,30,22,4,16.6,25.081761039490534
10,30,22,5,21.35,23.49081567448503
14,34,65,0,10.6,8.087677436433124
14,34,65,1,19.25,26.76776340852438
14,34,65,2,16.55,20.71987350093472
14,34,65,3,21.65,41.51001781434656
14,34,65,4,16.55,23.453144778472673
14,34,65,5,10.45,11.591625833923567
14,34,65,6,19.05,27.425449187896533
14,34,65,7,14.5,25.67919493737253
10,32,108,0,34.05,49.41284192766513
10,32,108,1,24.7,30.750438593363352
10,32,108,2,19.5,35.12009471273645
10,32,108,3,13.210526315789474,9.658496244633652
10,32,108,4,20.36842105263158,19.903127968336452
10,32,108,5,11.894736842105264,11.911221305242217
14,34,65,0,8.55,7.258207695248767
14,34,65,1,11.35,17.30006084564901
14,34,65,2,9.55,11.753946705591902
14,34,65,3,8.25,5.847851607304398
14,34,65,4,6.95,8.375873874282895
14,34,65,5,6.7,5.506933428821678
14,34,65,6,11.7,13.498927832668008
14,34,65,7,8.3,10.508643059280699
10,32,108,0,35.0,39.90119375605064
10,32,108,1,21.05,21.527155433373718
10,32,108,2,19.5,18.12965003871602
10,32,108,3,31.35,37.78230580018836
10,32,108,4,16.5,11.66416013174319
10,32,108,5,19.95,24.87754218694359
14,34,65,0,15.8,19.316205359067922
14,34,65,1,15.9,20.143955603813794
14,34,65,2,10.9,7.531687446347842
14,34,65,3,7.25,7.2828204484396375
14,34,65,4,9.8,11.812571358737403
14,34,65,5,11.45,15.34678090709991
14,34,65,6,11.9,10.10940156488009
14,34,65,7,10.0,11.192102478745307
10,30,22,0,21.2,29.023765216946284
10,30,22,1,25.15,28.039962084214924
10,30,22,2,48.5,110.2936272434918
10,30,22,3,48.94736842105263,112.06470040125656
10,30,22,4,27.22222222222222,33.94035521938892
10,30,22,5,25.11111111111111,22.31562071967919
10,32,108,0,26.8,22.81642990663111
10,32,108,1,21.3,25.07273629389417
10,32,108,2,30.7,39.624686616725235
10,32,108,3,14.7,13.742366302021912
10,32,108,4,18.4,22.363974790297288
10,32,108,5,21.15,30.184127930874006
14,32,65,0,16.3,16.43519970896868
14,32,65,1,32.05,109.81011122076049
14,32,65,2,16.05263157894737,18.831043177012337
14,32,65,3,12.157894736842104,12.388449629010337
14,32,65,4,8.31578947368421,6.1287358817925845
14,32,65,5,9.631578947368421,8.889510212203229
14,32,65,6,12.210526315789474,12.669205655045014
14,32,65,7,8.473684210526315,9.10658138718386
10,39,22,0,18.6,30.070793663934897
10,39,22,1,16.65,23.301852196541663
10,39,22,2,11.7,20.5428947890941
10,39,22,3,12.15,12.91785789639981
10,39,22,4,32.7,108.81036134873419
10,39,22,5,14.421052631578947,15.11921437359937
14,32,65,0,17.75,28.891585006893035
14,32,65,1,10.4,8.574134911096525
14,32,65,2,7.65,5.050013027601748
14,32,65,3,15.55,24.487322176351196
14,32,65,4,16.75,25.68406222994289
14,32,65,5,16.75,39.24400725286802
14,32,65,6,11.210526315789474,15.67580920246374
14,32,65,7,9.105263157894736,16.60620612516131
10,39,22,0,17.8,19.885461496967288
10,39,22,1,22.35,24.38350391469394
10,39,22,2,21.1,29.042437189305186
10,39,22,3,18.65,22.93991006268792
10,39,22,4,17.75,19.83849262100536
10,39,22,5,14.05,15.069924737003412
10,44,108,0,34.0,28.399406961932737
10,44,108,1,23.35,17.830414583248654
10,44,108,2,26.95,25.623745155411488
10,44,108,3,23.4,22.8781670226395
10,44,108,4,25.15,44.72050630539112
10,44,108,5,21.15,18.451287217969373
14,32,65,0,18.05,20.26528013493444
14,32,65,1,15.2,22.0325118619591
14,32,65,2,16.45,20.443696750884005
14,32,65,3,17.4,20.01157559750698
14,32,65,4,19.35,30.86349402057218
14,32,65,5,14.55,12.253785666392844
14,32,65,6,18.1,25.560866470776027
14,32,65,7,13.0,17.016332024133625
10,39,22,0,21.95,22.186944952286456
10,39,22,1,31.25,44.96884886697738
10,39,22,2,31.6,41.209860853671266
10,39,22,3,17.05,14.207021985068176
10,39,22,4,20.3,17.835800780275726
10,39,22,5,18.1,19.19950657260699
10,44,108,0,26.95,28.087223167539328
10,44,108,1,24.2,21.12269918955983
10,44,108,2,32.85,38.613162468120564
10,44,108,3,22.7,19.756677751825425
10,44,108,4,17.05,10.679419459877021
10,44,108,5,30.55,38.82413112865163
14,32,65,0,13.75,13.653127654015474
14,32,65,1,11.65,10.307253450081186
14,32,65,2,9.8,12.902876056380446
14,32,65,3,6.15,5.450977700810823
14,32,65,4,14.85,15.030757938657858
14,32,65,5,11.8,13.065019588278668
14,32,65,6,11.55,12.115561980579487
14,32,65,7,16.5,26.49428935489783
10,39,22,0,53.55,110.58527312250463
10,39,22,1,19.0,22.373098926066447
10,39,22,2,21.0,16.51262143533445
10,39,22,3,24.473684210526315,24.989705482797493
10,39,22,4,17.31578947368421,16.783102055933615
10,39,22,5,23.736842105263158,27.438501143999098
10,44,108,0,24.2,25.66915002795953
10,44,108,1,20.7,16.124841900489738
10,44,108,2,32.15,32.35538676374583
10,44,108,3,21.7,23.247184322996375
10,44,108,4,16.9,14.108228282217365
10,44,108,5,33.05,36.94729532156512
14,32,65,0,14.65,16.092741089990657
14,32,65,1,20.85,24.959493500259047
14,32,65,2,15.85,25.427450976413166
14,32,65,3,11.15,12.654414665495823
14,32,65,4,11.0,10.488088481701515
14,32,65,5,7.95,7.836990560963537
14,32,65,6,21.65,20.414842381798692
14,32,65,7,11.4,13.797024850917756
14,45,65,0,8.25,6.47159786662988
14,45,65,1,7.7,10.608338329128797
14,45,65,2,13.0,11.675435301250408
14,45,65,3,9.25,7.461303681768954
14,45,65,4,8.5,5.6054484772923345
14,45,65,5,6.25,5.711253894954381
14,45,65,6,5.65,4.9126581935155835
14,45,65,7,6.2,7.810923525153057
10,39,22,0,25.95,32.35896524271052
10,39,22,1,22.45,24.225856130654247
10,39,22,2,24.3,21.776617107153694
10,39,22,3,17.1,19.35784894531088
10,39,22,4,19.2,32.6409494185964
10,39,22,5,20.35,19.402319448973103
10,44,108,0,31.1,50.227796875309664
10,44,108,1,16.9,16.18608889399198
10,44,108,2,28.8,34.08595944929447
10,44,108,3,22.05,12.680175160669632
10,44,108,4,13.8,15.6628961494825
10,44,108,5,17.65,18.238983697448425
14,45,65,0,15.7,13.677103417563854
14,45,65,1,16.75,20.354425356146688
14,45,65,2,16.95,21.808918986699478
14,45,65,3,11.55,11.203735279384563
14,45,65,4,9.4,7.7893314354010075
14,45,65,5,11.65,12.478507839270561
14,45,65,6,10.05,8.450942021611057
14,45,65,7,9.7,9.92657252556305
10,40,22,0,18.9,18.3099052859087
10,40,22,1,27.2,23.10525116892148
10,40,22,2,15.75,14.238106763559765
10,40,22,3,17.1,13.138533123282025
10,40,22,4,14.15,12.110347902343246
10,40,22,5,18.55,23.862489833473614
10,44,108,0,23.6,21.782175233312604
10,44,108,1,13.1,12.095671257019792
10,44,108,2,11.8,13.077099308171881
10,44,108,3,16.25,16.789329317973614
10,44,108,4,22.5,30.22982145602514
10,44,108,5,17.25,23.478713763747795
14,45,65,0,10.5,9.33865762922003
14,45,65,1,11.75,13.459002074526373
14,45,65,2,35.35,109.16104713003772
14,45,65,3,15.0,26.526716092774596
14,45,65,4,9.105263157894736,8.912505177446558
14,45,65,5,15.894736842105264,20.330313264357255
14,45,65,6,10.473684210526315,7.252343843756319
14,45,65,7,7.2631578947368425,7.773474164412931
10,27,108,0,28.25,31.355138922385677
10,27,108,1,15.45,14.043072838123502
10,27,108,2,23.35,24.698764085848932
10,27,108,3,16.7,19.27665618524672
10,27,108,4,21.75,23.487678740811717
10,27,108,5,16.25,19.82522316858528
10,40,22,0,32.2,33.38862081608044
10,40,22,1,19.8,17.273648930333774
10,40,22,2,23.3,22.863669181062182
10,40,22,3,20.05,24.390410108547947
10,40,22,4,20.7,21.889915967235492
10,40,22,5,19.05,30.627601930285046
14,45,65,0,9.8,8.817446819859626
14,45,65,1,10.3,11.34668975609418
14,45,65,2,9.05,8.635757974229806
14,45,65,3,7.9,9.335275487153694
14,45,65,4,9.45,9.621658681821636
14,45,65,5,5.15,6.0894645862644134
14,45,65,6,7.25,8.025452930323754
14,45,65,7,7.8,8.198844591256682
10,27,108,0,17.65,14.701503682491659
10,27,108,1,19.4,18.22491065605131
10,27,108,2,17.85,15.475872562765158
10,27,108,3,21.0,28.430894981932667
10,27,108,4,21.25,25.647150246947003
10,27,108,5,14.8,14.358566121052323
14,45,65,0,10.75,9.513840333678973
14,45,65,1,8.95,8.899881726002999
14,45,65,2,14.6,22.05829596892361
14,45,65,3,11.3,13.401099719210006
14,45,65,4,12.9,15.430318753742753
14,45,65,5,19.4,28.337068897192076
14,45,65,6,6.25,5.80267633351878
14,45,65,7,8.6,10.10679812903437
10,40,22,0,31.5,26.236776117744185
10,40,22,1,23.55,18.9082967030488
10,40,22,2,22.8,22.505204076531186
10,40,22,3,20.4,17.24559440308711
10,40,22,4,22.0,22.710998958306753
10,40,22,5,19.4,21.11970892941373
14,28,65,0,11.3,10.316568176839061
14,28,65,1,10.55,10.455293295490895
14,28,65,2,7.7,7.760222460186238
14,28,65,3,11.95,17.596276520003347
14,28,65,4,8.05,8.34439616559647
14,28,65,5,11.8,13.92309705413804
14,28,65,6,7.4,7.7690343503451
14,28,65,7,9.45,12.266664282989852
10,40,22,0,13.4,14.412713685821753
10,40,22,1,16.25,19.576771950451896
10,40,22,2,15.75,22.185521594523145
10,40,22,3,9.85,10.429083827148204
10,40,22,4,15.4,18.616348220116414
10,40,22,5,16.7,13.98909349608134
10,27,108,0,27.45,37.30595408947901
10,27,108,1,18.5,19.345882194791137
10,27,108,2,15.65,14.061051094947945
10,27,108,3,48.45,108.06259151163518
10,27,108,4,47.8421052631579,110.63566993509961
10,27,108,5,23.555555555555557,17.023244393275995
14,28,65,0,15.6,15.968389827537731
14,28,65,1,11.65,16.502870563696042
14,28,65,2,9.2,10.013674860435918
14,28,65,3,11.9,12.40924952139373
14,28,65,4,11.3,11.93005933721512
14,28,65,5,12.85,17.150341411363094
14,28,65,6,12.15,9.314815589891419
14,28,65,7,9.9,8.973059092287548
10,27,108,0,13.15,12.92193158121005
10,27,108,1,13.85,14.730115946233202
10,27,108,2,15.45,12.947159818601957
10,27,108,3,19.15,18.09994184346574
10,27,108,4,16.5,23.145989762921417
10,27,108,5,14.7,14.06788054960287
10,40,22,0,18.6,17.652791638479705
10,40,22,1,19.85,25.265485090179947
10,40,22,2,30.45,29.780733793228766
10,40,22,3,23.0,24.634165406263676
10,40,22,4,27.9,39.739811670149464
10,40,22,5,15.4,12.95904479910704
14,28,65,0,12.25,14.326548781894402
14,28,65,1,9.9,10.437281356045892
14,28,65,2,9.0,7.0262665087962315
14,28,65,3,11.45,9.981430126410796
14,28,65,4,10.65,11.806666270419125
14,28,65,5,12.05,17.762986353947532
14,28,65,6,8.25,11.538836026311547
14,28,65,7,9.75,9.813390422221433
14,28,65,0,12.5,14.933184523068077
14,28,65,1,14.6,13.7855759859049
14,28,65,2,7.25,7.758696309371352
14,28,65,3,9.8,18.93645884753035
14,28,65,4,9.45,9.092941160447944
14,28,65,5,11.85,17.190189980885826
14,28,65,6,10.8,10.89954127475097
14,28,65,7,10.6,19.64795422590245
10,41,22,0,16.85,17.90405717031463
10,41,22,1,21.9,22.508244103696295
10,41,22,2,44.95,108.58829780898415
10,41,22,3,17.473684210526315,17.871045548759813
10,41,22,4,18.94736842105263,18.84578846029156
10,41,22,5,34.578947368421055,40.695776179235224
10,27,108,0,53.5,58.57653562917314
10,27,108,1,29.35,37.24071767073748
10,27,108,2,26.85,44.724036867038414
10,27,108,3,29.85,44.46083433173161
10,27,108,4,18.65,24.798716010904148
10,27,108,5,26.05,30.10765770749327
14,28,65,0,7.5,7.044968342538412
14,28,65,1,9.1,8.686953314870344
14,28,65,2,8.7,7.637166738357472
14,28,65,3,8.9,10.284889273512917
14,28,65,4,10.7,15.424177876240106
14,28,65,5,11.65,13.152046068558064
14,28,65,6,6.6,8.028895185188112
14,28,65,7,5.6,5.295479700948526
10,41,22,0,24.05,26.92577516843392
10,41,22,1,22.75,25.80060178816725
10,41,22,2,22.25,29.790275700566944
10,41,22,3,15.35,15.678597547377494
10,41,22,4,26.45,24.23888785011652
10,41,22,5,21.9,32.75089392110662
10,30,108,0,21.85,21.78912089722034
10,30,108,1,26.35,27.30967632639815
10,30,108,2,15.35,15.838909452092304
10,30,108,3,11.75,10.567452513807618
10,30,108,4,22.65,22.527819059530536
10,30,108,5,19.4,21.57825416088102
14,35,65,0,19.5,18.944517329351658
14,35,65,1,13.5,13.759207443515207
14,35,65,2,13.5,12.041594578792296
14,35,65,3,10.35,10.095726036820054
14,35,65,4,9.2,8.160237354649098
14,35,65,5,12.1,7.724874381536979
14,35,65,6,16.8,12.063865139550556
14,35,65,7,10.65,10.936539431504011
14,35,65,0,9.3,8.523033806289746
14,35,65,1,10.85,8.554930865019493
14,35,65,2,11.8,13.896610718937342
14,35,65,3,11.35,13.654669530969983
14,35,65,4,9.5,9.104654680003259
14,35,65,5,9.85,10.147724660704668
14,35,65,6,7.9,7.283001116514942
14,35,65,7,6.15,7.050755838542195
10,41,22,0,44.55,109.63118793674113
10,41,22,1,38.1578947368421,111.71454851932756
10,41,22,2,14.88888888888889,12.447011873343875
10,41,22,3,18.72222222222222,13.234560618745219
10,41,22,4,11.944444444444445,11.232684568453752
10,41,22,5,14.222222222222221,14.309830251616033
10,30,108,0,29.55,21.890817589501818
10,30,108,1,21.0,37.12142238654117
10,30,108,2,39.2,75.51549161386828
10,30,108,3,19.4,19.46765198179304
10,30,108,4,22.5,25.265953792656067
10,30,108,5,14.75,18.031770208221523
14,35,65,0,9.55,8.287435004111249
14,35,65,1,11.3,7.406256245833476
14,35,65,2,7.7,5.6670794483299956
14,35,65,3,9.25,6.8431679336708555
14,35,65,4,9.25,10.366316911796082
14,35,65,5,11.55,11.527883815477926
14,35,65,6,14.25,19.207660204364192
14,35,65,7,9.6,9.411079696433964
10,41,22,0,19.15,20.790369734187284
10,41,22,1,37.6,109.7995302453761
10,41,22,2,9.894736842105264,11.20959280082171
10,41,22,3,15.631578947368421,18.457791267633628
10,41,22,4,28.31578947368421,30.890582224610764
10,41,22,5,15.578947368421053,14.66028569326625
10,30,108,0,27.85,20.129253391650252
10,30,108,1,20.9,30.568129257705476
10,30,108,2,19.1,23.922902481887412
10,30,108,3,18.6,16.557396184818813
10,30,108,4,18.3,20.010786564934634
10,30,108,5,24.3,33.18227174101763
14,35,65,0,36.45,109.51975308495484
14,35,65,1,15.210526315789474,14.85327852835648
14,35,65,2,10.578947368421053,11.041919063649539
14,35,65,3,11.210526315789474,10.607015222475386
14,35,65,4,13.789473684210526,10.46464389885411
14,35,65,5,7.842105263157895,7.010017894213466
14,35,65,6,15.368421052631579,18.874469900770396
14,35,65,7,15.210526315789474,13.256356745050532
10,41,22,0,36.4,110.27639915469817
10,41,22,1,48.421052631578945,111.6986599887163
10,41,22,2,11.833333333333334,12.51469724199605
10,41,22,3,18.77777777777778,26.407564770803518
10,41,22,4,16.5,15.519437527709263
10,41,22,5,16.444444444444443,25.57393485154073
10,30,108,0,18.8,16.37906237275279
10,30,108,1,32.25,55.77952369066892
10,30,108,2,29.15,26.45209174894751
10,30,108,3,25.7,24.212002243341608
10,30,108,4,25.1,22.36515146382872
10,30,108,5,24.35,30.312885917239534
14,35,65,0,9.15,10.28680810808832
14,35,65,1,13.95,14.634044661606534
14,35,65,2,12.15,15.428186781615688
14,35,65,3,9.9,7.326232606908296
14,35,65,4,9.8,7.810923525153058
14,35,65,5,12.1,9.436212442667763
14,35,65,6,12.85,12.558389940383952
14,35,65,7,13.6,20.70951980433916
10,36,22,0,10.75,11.42884163214416
10,36,22,1,11.4,11.259615773569765
10,36,22,2,11.4,9.304215230347564
10,36,22,3,11.55,10.359206431707829
10,36,22,4,16.65,18.256289471389252
10,36,22,5,11.1,15.610050743368076
14,32,65,0,11.9,9.59111430878657
14,32,65,1,11.4,14.383470044683785
14,32,65,2,13.6,12.49168144259042
14,32,65,3,10.55,10.713862147016041
14,32,65,4,12.95,11.53701137985689
14,32,65,5,10.05,9.483919909093775
14,32,65,6,13.35,14.872351599705514
14,32,65,7,9.15,8.869076970902299
10,30,108,0,31.5,34.399357399138786
10,30,108,1,43.55,98.18000385972051
10,30,108,2,16.68421052631579,14.851309824684552
10,30,108,3,43.73684210526316,107.52769261154343
10,30,108,4,26.666666666666668,50.37973448777617
10,30,108,5,21.61111111111111,30.314312071031225
14,32,65,0,15.5,11.91416671114907
14,32,65,1,13.75,18.171333699567917
14,32,65,2,13.35,13.700845152571311
14,32,65,3,8.8,12.271490279677138
14,32,65,4,8.9,11.087688763004813
14,32,65,5,10.6,14.503720030972817
14,32,65,6,14.7,18.632456119702294
14,32,65,7,12.2,13.024672942656098
10,36,22,0,25.15,51.022466671684526
10,36,22,1,41.7,108.71696715494053
10,36,22,2,21.68421052631579,31.414880818524612
10,36,22,3,23.31578947368421,28.8502891023045
10,36,22,4,21.94736842105263,20.608718986041172
10,36,22,5,21.05263157894737,25.215677848448276
10,38,108,0,23.95,20.265280134934436
10,38,108,1,27.3,30.74016744809374
10,38,108,2,22.15,25.408815295814993
10,38,108,3,22.8,23.603300393667077
10,38,108,4,15.05,18.930551747735304
10,38,108,5,16.6,14.971551971023333
14,32,65,0,14.35,14.202575748600562
14,32,65,1,14.35,22.406002485236428
14,32,65,2,10.6,8.74432146565626
14,32,65,3,7.9,6.789310483554663
14,32,65,4,10.6,12.390148888277501
14,32,65,5,14.45,12.799979440772962
14,32,65,6,11.6,15.58474287649032
14,32,65,7,15.3,21.824901277886088
10,36,22,0,23.15,31.549918675347687
10,36,22,1,46.25,112.78011909533477
10,36,22,2,33.526315789473685,59.90767750932599
10,36,22,3,20.526315789473685,26.171163989425526
10,36,22,4,13.736842105263158,17.54626299327694
10,36,22,5,17.36842105263158,20.02279402835065
14,32,65,0,18.15,18.1898612592724
14,32,65,1,14.15,14.49237549087178
14,32,65,2,18.8,21.174960386466395
14,32,65,3,14.25,14.063296761054062
14,32,65,4,8.4,7.5491372807898065
14,32,65,5,12.8,16.47518069543908
14,32,65,6,9.65,8.6101225616315
14,32,65,7,9.25,9.2729090422188
10,38,108,0,24.5,31.47346417807263
10,38,108,1,18.4,16.004604600584567
10,38,108,2,22.5,26.063687181089406
10,38,108,3,43.35,111.47965356016647
10,38,108,4,18.842105263157894,21.520695873442218
10,38,108,5,20.57894736842105,22.216899947446628
14,32,65,0,16.05,17.38261381835007
14,32,65,1,11.45,14.328752838078296
14,32,65,2,11.2,9.116786137322967
14,32,65,3,11.0,12.31174022502185
14,32,65,4,13.85,15.424775013287109
14,32,65,5,8.05,7.170663919933187
14,32,65,6,7.45,10.689271552158711
14,32,65,7,14.7,24.283631047314675
10,38,108,0,20.4,10.752723033333416
10,38,108,1,20.35,17.43340713143952
10,38,108,2,16.7,15.701491715925057
10,38,108,3,20.9,23.55709748897905
10,38,108,4,13.65,15.100627383271897
10,38,108,5,14.25,15.81762840697216
10,36,22,0,46.8,108.03098970592698
10,36,22,1,12.052631578947368,12.447550781894254
10,36,22,2,55.73684210526316,113.96970460280862
10,36,22,3,23.38888888888889,28.891559705599526
10,36,22,4,53.55555555555556,114.93538963630685
10,36,22,5,23.11764705882353,17.765424118710115
15,2,65,0,21.5,31.936614855382725
15,2,65,1,21.95,28.240461827146635
15,2,65,2,11.05,13.164845532505758
15,2,65,3,11.95,11.532448500689375
15,2,65,4,14.95,14.431234400278774
15,2,65,5,10.9,11.525258302848071
15,2,65,6,7.9,7.57349950398375
15,2,65,7,13.4,9.321170019172259
10,36,22,0,18.15,18.310983186687658
10,36,22,1,19.05,19.551483992674047
10,36,22,2,24.55,26.543856460384077
10,36,22,3,16.75,15.057346519573969
10,36,22,4,20.05,28.322345650702992
10,36,22,5,16.65,15.322068707380351
10,38,108,0,23.8,20.78359677093554
10,38,108,1,19.8,23.007092727884455
10,38,108,2,18.0,28.375304310911666
10,38,108,3,17.1,16.47294432506958
10,38,108,4,32.95,37.982648393014514
10,38,108,5,25.55,19.83743139145102
15,2,65,0,9.25,7.062689214978132
15,2,65,1,9.3,8.46727446361019
15,2,65,2,10.15,7.9622464431247435
15,2,65,3,10.6,12.330535481606542
15,2,65,4,10.6,8.286958682805551
15,2,65,5,10.25,8.340610857346373
15,2,65,6,7.8,7.585304351524939
15,2,65,7,21.25,22.522211259110417
10,38,108,0,21.25,18.025931613270807
10,38,108,1,29.75,24.00411148993131
10,38,108,2,27.65,25.70945965572738
10,38,108,3,12.25,14.753679291335395
10,38,108,4,10.3,14.74377656397509
10,38,108,5,23.0,28.21720266638402
10,30,22,0,21.95,20.785812469085734
10,30,22,1,17.6,14.953964445309444
10,30,22,2,21.75,30.900306590201023
10,30,22,3,28.05,28.06472781568389
10,30,22,4,22.65,23.662706612104337
10,30,22,5,17.2,20.278586060955504
15,2,65,0,22.35,23.82010429072578
15,2,65,1,13.4,11.226847521150265
15,2,65,2,9.35,6.579673644122321
15,2,65,3,14.1,9.452930484079639
15,2,65,4,12.45,11.33914969428809
15,2,65,5,9.95,11.264639597570707
15,2,65,6,14.3,12.5785950181878
15,2,65,7,7.9,5.830049200839605
10,30,22,0,22.4,20.793217517662875
10,30,22,1,15.4,19.81333947250265
10,30,22,2,17.15,19.233400224882917
10,30,22,3,11.1,8.340768612821698
10,30,22,4,17.05,17.352309113744703
10,30,22,5,14.25,14.888621582657642
10,33,108,0,23.05,16.863148859975237
10,33,108,1,14.6,26.10585737863601
10,33,108,2,16.4,22.674817935786223
10,33,108,3,11.4,8.958383312794076
10,33,108,4,11.15,12.308640525214283
10,33,108,5,34.7,106.58976943106886
15,2,65,0,13.1,16.603423870109633
15,2,65,1,10.45,12.360697476488257
15,2,65,2,10.95,11.527883815477926
15,2,65,3,12.25,21.547682742674386
15,2,65,4,12.75,19.9786069795195
15,2,65,5,12.75,15.01183743443469
15,2,65,6,6.0,4.790341159150634
15,2,65,7,17.25,20.58582803264114
10,30,22,0,22.4,26.004857845774655
10,30,22,1,18.85,18.72874233561037
10,30,22,2,19.2,15.793403019848773
10,30,22,3,25.15,23.452695950965236
10,30,22,4,21.2,19.629730405420084
10,30,22,5,14.45,14.561936684383708
10,33,108,0,28.9,26.936377281524543
10,33,108,1,10.85,9.647879505226443
10,33,108,2,16.85,17.211608689608607
10,33,108,3,20.7,19.596186524826443
10,33,108,4,26.9,30.150325126989227
10,33,108,5,21.2,17.954914295769306
15,2,65,0,20.85,26.98591250419764
15,2,65,1,12.4,13.027905272509225
15,2,65,2,21.2,38.002216001867986
15,2,65,3,17.0,20.331463819721186
15,2,65,4,15.95,39.78822227216174
15,2,65,5,13.263157894736842,16.141189909542184
15,2,65,6,11.0,15.638272140986535
15,2,65,7,12.578947368421053,13.192235887797727
15,0,65,0,6.1,4.529435889123966
15,0,65,1,8.45,8.27472371935033
15,0,65,2,6.65,6.4012745441414785
15,0,65,3,13.2,17.065200046632295
15,0,65,4,9.8,12.433401533136879
15,0,65,5,8.3,6.913754406977442
15,0,65,6,6.1,6.624515871089433
15,0,65,7,14.75,10.171554763937984
10,30,22,0,20.3,20.013416552534533
10,30,22,1,24.8,47.3859850477688
10,30,22,2,18.55,15.659115388068448
10,30,22,3,21.1,35.280679072113585
10,30,22,4,27.75,29.22125217966144
10,30,22,5,23.25,22.52922079153392
10,33,108,0,22.15,18.45984261779293
10,33,108,1,28.45,34.93524084118469
10,33,108,2,19.55,20.461710068989067
10,33,108,3,19.2,13.332192933686965
10,33,108,4,21.35,20.964318056615806
10,33,108,5,52.0,107.55904131415942
15,0,65,0,16.45,17.754095153987492
15,0,65,1,8.7,7.760222460186238
15,0,65,2,9.9,10.057204801586405
15,0,65,3,11.2,15.449748763073956
15,0,65,4,7.45,8.293783340868217
15,0,65,5,9.05,9.506092229390804
15,0,65,6,8.05,9.517159018818257
15,0,65,7,9.45,12.910522024587866
10,30,22,0,28.05,34.69638992293306
10,30,22,1,18.8,20.725270615971773
10,30,22,2,18.95,24.47227217205542
10,30,22,3,16.8,18.211043497371527
10,30,22,4,36.1,72.63890504623393
10,30,22,5,11.85,12.227126873429725
10,33,108,0,23.25,24.496777446496058
10,33,108,1,22.85,27.365508448256154
10,33,108,2,23.85,31.549918675347687
10,33,108,3,18.65,22.14610575247937
10,33,108,4,15.85,14.09469851808791
10,33,108,5,20.0,25.616606455886956
15,0,65,0,14.35,15.2255844240092
15,0,65,1,27.65,65.68527432505626
15,0,65,2,13.0,10.843382653416832
15,0,65,3,11.9,14.300901701420237
15,0,65,4,10.4,12.001754257739071
15,0,65,5,12.95,16.80687515963568
15,0,65,6,37.85,107.5048468919572
15,0,65,7,20.57894736842105,20.780107446716343
10,30,22,0,22.05,21.197008229812454
10,30,22,1,33.7,56.28040698614675
10,30,22,2,20.65,23.731557936748757
10,30,22,3,24.0,26.149368514061877
10,30,22,4,18.25,24.352401805247272
10,30,22,5,17.6,17.860276416791834
10,33,108,0,22.35,15.688665033275324
10,33,108,1,19.5,24.70989573770843
10,33,108,2,23.0,32.01479920944457
10,33,108,3,31.1,60.46216737936647
10,33,108,4,15.1,14.98385095606881
10,33,108,5,22.6,27.205649568077817
15,0,65,0,15.55,14.005544015063988
15,0,65,1,9.5,10.999999999999998
15,0,65,2,9.55,10.63002203295236
15,0,65,3,10.35,9.734772183964257
15,0,65,4,9.0,8.309791307785495
15,0,65,5,10.85,10.766786159784466
15,0,65,6,9.15,12.823805987303459
15,0,65,7,19.0,17.100323173308123
10,41,108,0,22.65,24.80720396217705
10,41,108,1,21.05,20.997430920547348
10,41,108,2,24.75,33.774601170265896
10,41,108,3,19.85,23.99402337864029
10,41,108,4,24.6,27.50961554381342
10,41,108,5,15.55,15.17086889923892
15,0,65,0,12.9,15.999671049250061
15,0,65,1,9.5,10.850660906380918
15,0,65,2,7.85,8.138763645923778
15,0,65,3,9.8,15.632624455555154
15,0,65,4,8.95,9.394707356580591
15,0,65,5,5.6,5.613892542049964
15,0,65,6,8.5,7.294554565961479
15,0,65,7,16.0,14.396637034208263
10,30,22,0,23.55,29.724126298522656
10,30,22,1,11.95,12.132926058327484
10,30,22,2,35.6,109.32058119898655
10,30,22,3,25.263157894736842,26.944061611797707
10,30,22,4,38.8421052631579,110.61206642932804
10,30,22,5,23.61111111111111,40.605909290164234
15,17,65,0,13.1,15.599932523470804
15,17,65,1,6.8,6.701138944828314
15,17,65,2,8.7,11.93887943256247
15,17,65,3,32.95,108.79216061153632
15,17,65,4,9.894736842105264,15.379982433316458
15,17,65,5,14.736842105263158,26.16367733511301
15,17,65,6,7.368421052631579,9.123903442884943
15,17,65,7,11.210526315789474,8.94165624335162
10,30,22,0,20.85,19.529397543730134
10,30,22,1,19.5,20.466918108061734
10,30,22,2,15.3,17.360269219353167
10,30,22,3,18.2,22.744808545896223
10,30,22,4,20.2,15.820040588144085
10,30,22,5,20.0,26.30389204741582
10,41,108,0,22.9,19.82528953794012
10,41,108,1,27.55,27.490620409992854
10,41,108,2,23.1,20.323437338776085
10,41,108,3,27.75,36.52234355770955
10,41,108,4,25.3,33.760924157967004
10,41,108,5,22.95,42.361197488168095
15,17,65,0,10.05,9.190813491284597
15,17,65,1,16.05,14.255100656847082
15,17,65,2,11.1,12.519038133557771
15,17,65,3,10.2,9.687756787768127
15,17,65,4,10.25,8.680740933693087
15,17,65,5,11.65,12.075529845627129
15,17,65,6,15.05,19.14893153539822
15,17,65,7,14.4,20.02472156321307
10,41,108,0,31.15,29.270561823676776
10,41,108,1,16.95,15.17780581881598
10,41,108,2,17.1,21.54285814004505
10,41,108,3,44.3,108.20453341996156
10,41,108,4,20.210526315789473,24.155926227943002
10,41,108,5,14.736842105263158,17.45738336401331
10,30,22,0,23.2,16.391910713583858
10,30,22,1,49.3,109.65980888279226
10,30,22,2,23.736842105263158,29.854912317300215
10,30,22,3,20.105263157894736,27.320921443794894
10,30,22,4,21.31578947368421,30.144195371910044
10,30,22,5,14.526315789473685,16.00475075668552
15,17,65,0,19.75,35.18054935090666
15,17,65,1,14.25,18.0929617022171
15,17,65,2,11.5,10.490597293717236
15,17,65,3,36.55,108.76506550213726
15,17,65,4,37.73684210526316,110.77697419453155
15,17,65,5,11.277777777777779,13.54211537718125
15,17,65,6,11.88888888888889,17.59307647540023
15,17,65,7,17.944444444444443,38.09040673145037
10,41,108,0,19.75,22.91373984499716
10,41,108,1,22.45,22.26272551527375
10,41,108,2,17.3,15.482077923912708
10,41,108,3,23.45,27.955745102045242
10,41,108,4,22.3,31.5796403432738
10,41,108,5,22.6,32.27578528540358
10,30,22,0,47.1,108.90454535968642
10,30,22,1,17.57894736842105,16.3751701924105
10,30,22,2,18.31578947368421,17.74214264769039
10,30,22,3,22.105263157894736,20.403961317031076
10,30,22,4,15.210526315789474,9.43150127891997
10,30,22,5,19.210526315789473,17.16449483791864
15,17,65,0,15.45,13.839208221951367
15,17,65,1,16.15,23.669378396658633
15,17,65,2,12.05,14.05431194368925
15,17,65,3,10.55,9.896703332024522
15,17,65,4,11.8,16.388699572699796
15,17,65,5,9.1,7.779189512647458
15,17,65,6,13.35,17.901117283566407
15,17,65,7,12.95,10.470384298984495
10,41,22,0,16.15,11.193395609159799
10,41,22,1,19.3,16.702032652849237
10,41,22,2,24.2,46.858802464649614
10,41,22,3,14.3,10.800097465447147
10,41,22,4,19.35,41.68209889654134
10,41,22,5,18.8,21.392571263482047
15,17,65,0,9.45,9.69793792514677
15,17,65,1,7.25,11.106541457982981
15,17,65,2,9.95,13.23661190550067
15,17,65,3,9.2,7.951166746558581
15,17,65,4,12.4,13.98645961748644
15,17,65,5,10.2,7.564459837396121
15,17,65,6,7.5,8.444867640980775
15,17,65,7,15.5,15.776398094688956
10,41,108,0,45.1,108.52838580903979
10,41,108,1,17.05263157894737,21.76764593052554
10,41,108,2,27.894736842105264,36.08923313868018
10,41,108,3,43.1578947368421,109.85862792086459
10,41,108,4,22.166666666666668,38.22572278391792
10,41,108,5,18.61111111111111,26.791436052433507
15,13,65,0,15.35,25.976254338793428
15,13,65,1,18.3,19.971295190321218
15,13,65,2,10.4,13.366887603721604
15,13,65,3,8.85,7.78172623252031
15,13,65,4,8.6,9.869677113046276
15,13,65,5,15.6,16.429754779218808
15,13,65,6,11.65,16.017342574781082
15,13,65,7,10.6,11.780447672665968
10,41,22,0,44.25,109.3520991062694
10,41,22,1,11.526315789473685,18.79825175397563
10,41,22,2,16.526315789473685,38.80488002107843
10,41,22,3,41.73684210526316,111.05196086380424
10,41,22,4,18.11111111111111,25.92724864350674
10,41,22,5,12.88888888888889,13.159156458254094
10,34,108,0,30.65,28.53857039166468
10,34,108,1,25.6,28.660260402093165
10,34,108,2,12.95,11.645984173457435
10,34,108,3,18.25,24.423618853370947
10,34,108,4,19.35,19.271672693906275
10,34,108,5,15.65,13.92564843052295
15,13,65,0,11.7,12.941569090582323
15,13,65,1,9.2,9.294027510633969
15,13,65,2,13.9,14.007141035914502
15,13,65,3,12.7,13.483323032546538
15,13,65,4,7.25,8.181333053134788
15,13,65,5,8.25,6.648110139058515
15,13,65,6,9.8,15.312877277844152
15,13,65,7,16.5,30.27679326689529
10,41,22,0,14.9,15.099320305371712
10,41,22,1,12.45,13.13282348284553
10,41,22,2,16.1,14.534532382534616
10,41,22,3,14.1,17.917647871948983
10,41,22,4,13.75,18.529847898941178
10,41,22,5,14.55,20.826286527518914
10,34,108,0,26.4,22.972294526004006
10,34,108,1,21.2,22.554262054922244
10,34,108,2,23.15,24.967926794610978
10,34,108,3,21.05,20.600140520726654
10,34,108,4,18.05,17.291540371553154
10,34,108,5,27.85,39.538488909708704
15,13,65,0,14.25,10.48746118492284
15,13,65,1,8.3,7.678404439520108
15,13,65,2,14.95,17.754095153987492
15,13,65,3,12.15,12.222821622729043
15,13,65,4,16.7,22.32793859954974
15,13,65,5,18.25,19.625104760028805
15,13,65,6,7.15,5.5181518645285585
15,13,65,7,13.4,12.77497553813705
10,41,22,0,23.7,37.98767113018034
10,41,22,1,35.15,109.56866388371796
10,41,22,2,25.210526315789473,24.45762536708115
10,41,22,3,25.0,41.787823851239516
10,41,22,4,23.0,35.248325413336225
10,41,22,5,23.842105263157894,36.61703179592605
15,13,65,0,11.95,12.373464817056998
15,13,65,1,11.4,10.580020893422807
15,13,65,2,9.65,9.033708802969139
15,13,65,3,7.0,7.189173146218958
15,13,65,4,9.6,10.693825075100213
15,13,65,5,6.55,6.668661982105477
15,13,65,6,8.65,10.19429665109498
15,13,65,7,12.2,10.08699005754703
10,34,108,0,33.55,28.865340717490966
10,34,108,1,28.25,44.68706983598629
10,34,108,2,32.15,59.771736852092474
10,34,108,3,26.1,30.050658982178042
10,34,108,4,26.45,32.35083176348753
10,34,108,5,54.85,117.23897097718604
10,41,22,0,15.5,13.690180883815193
10,41,22,1,36.75,55.43785045578422
10,41,22,2,17.2,20.23181444629902
10,41,22,3,22.95,22.1964316714955
10,41,22,4,23.5,26.751291164117077
10,41,22,5,17.25,25.72910496121587
15,13,65,0,9.6,6.336195105980609
15,13,65,1,10.5,14.5475626462775
15,13,65,2,8.75,7.047769337285305
15,13,65,3,38.4,108.15359448488061
15,13,65,4,9.842105263157896,5.520297474822015
15,13,65,5,7.578947368421052,5.900242833737949
15,13,65,6,11.526315789473685,11.649360597868936
15,13,65,7,15.368421052631579,13.549130871329755
10,34,108,0,27.2,41.03092543564261
10,34,108,1,32.7,62.60662483862399
10,34,108,2,39.3,108.97759306148069
10,34,108,3,23.22222222222222,28.40164774746778
10,34,108,4,19.944444444444443,26.899534704530883
10,34,108,5,9.333333333333334,9.628389395581234
15,10,65,0,10.6,11.900464387223673
15,10,65,1,18.8,13.016588606365664
15,10,65,2,13.05,16.86314885997524
15,10,65,3,9.8,11.28855964892636
15,10,65,4,10.7,9.330764057392987
15,10,65,5,13.35,12.209896762355053
15,10,65,6,8.7,7.787304107530274
15,10,65,7,14.4,13.781757584040692
11,20,22,0,33.85,72.62033570491627
11,20,22,1,45.5,110.07772373717533
11,20,22,2,24.57894736842105,29.556566838434634
11,20,22,3,23.944444444444443,22.587014026080983
11,20,22,4,18.333333333333332,32.96700667958443
11,20,22,5,37.833333333333336,32.24766293401558
15,10,65,0,11.55,14.136459022124688
15,10,65,1,7.8,6.955497636288942
15,10,65,2,5.85,5.94956875925076
15,10,65,3,9.2,7.295276049031933
15,10,65,4,8.5,13.264515385834969
15,10,65,5,8.45,10.927873583302087
15,10,65,6,9.0,8.68149877916432
15,10,65,7,10.1,12.602840114330117
10,34,108,0,38.9,30.722698620503955
10,34,108,1,34.15,25.55546084396383
10,34,108,2,25.05,35.924592075477676
10,34,108,3,30.5,32.02383980395658
10,34,108,4,17.6,15.181013072082404
10,34,108,5,21.5,20.423155073540787
11,20,22,0,15.1,12.379524691156254
11,20,22,1,10.35,12.53741768089678
11,20,22,2,15.45,15.12570137564745
11,20,22,3,11.05,10.525532865620779
11,20,22,4,12.75,10.130075076357112
11,20,22,5,28.65,25.344520844594896
15,10,65,0,9.15,7.8490696733334016
15,10,65,1,11.1,13.419938034212574
15,10,65,2,7.55,7.66725779567005
15,10,65,3,10.15,10.147724660704668
15,10,65,4,12.45,15.96204379474205
15,10,65,5,6.55,6.754920234053178
15,10,65,6,9.7,12.814876223810316
15,10,65,7,13.4,11.324867839358982
15,10,65,0,13.0,15.495330366206934
15,10,65,1,16.75,16.26062405742295
15,10,65,2,14.75,16.13063447050526
15,10,65,3,9.8,13.320344550625123
15,10,65,4,11.25,14.782190564822821
15,10,65,5,11.55,9.880736175428483
15,10,65,6,7.2,6.685412241747344
15,10,65,7,11.55,10.215957589657673
11,20,22,0,19.7,15.485477067239485
11,20,22,1,21.1,19.158342967573105
11,20,22,2,18.85,30.91120559892395
11,20,22,3,25.7,41.405695006211026
11,20,22,4,21.95,32.32641904729091
11,20,22,5,19.4,15.625215787983622
10,44,108,0,26.45,23.660927151830094
10,44,108,1,32.35,36.326407677292316
10,44,108,2,17.35,16.868765905006054
10,44,108,3,23.2,19.083197348783866
10,44,108,4,16.35,15.00271905180419
10,44,108,5,24.6,25.313611898905716
15,10,65,0,16.85,14.600919221242995
15,10,65,1,20.85,36.6997418605578
15,10,65,2,14.1,12.091319200153471
15,10,65,3,16.1,20.779291310543318
15,10,65,4,13.6,20.371290427565224
15,10,65,5,10.1,9.17031825195316
15,10,65,6,9.0,9.514531821875087
15,10,65,7,19.35,35.339369726009245
11,20,22,0,21.2,22.50052630963388
11,20,22,1,20.45,27.918066212627117
11,20,22,2,25.2,28.902012313841983
11,20,22,3,28.2,47.5401215595284
11,20,22,4,16.15,19.826285051601783
11,20,22,5,16.85,15.56742550462681
10,44,108,0,40.2,44.66789733837467
10,44,108,1,26.7,26.085083456783657
10,44,108,2,28.3,30.58396552719123
10,44,108,3,23.35,22.611769175877367
10,44,108,4,25.95,25.82833001916592
10,44,108,5,33.55,29.09417557917012
15,9,65,0,15.5,14.978932573872932
15,9,65,1,12.6,20.999749371938
15,9,65,2,12.35,13.811798922431654
15,9,65,3,18.2,35.229473306787945
15,9,65,4,15.15,35.65370727014602
15,9,65,5,10.4,9.190383990603268
15,9,65,6,18.05,32.85930934341615
15,9,65,7,14.2,22.631138306603834
11,20,22,0,17.45,15.832927049265667
11,20,22,1,22.05,29.426938964868654
11,20,22,2,11.15,14.046070812264826
11,20,22,3,17.45,30.38260409476033
11,20,22,4,8.2,8.715382650052842
11,20,22,5,25.9,23.064897001378753
15,9,65,0,12.45,12.584347002275653
15,9,65,1,11.2,12.705572751645963
15,9,65,2,9.95,9.643514319015274
15,9,65,3,13.45,13.422192934013976
15,9,65,4,10.2,9.12255735150944
15,9,65,5,11.1,11.219813301758446
15,9,65,6,14.3,17.31777304268348
15,9,65,7,11.5,13.38695358607736
10,44,108,0,35.0,28.732889645290136
10,44,108,1,27.1,24.076413441593132
10,44,108,2,28.55,33.84403080386011
10,44,108,3,41.45,69.81515067059509
10,44,108,4,15.9,21.537971365156835
10,44,108,5,21.157894736842106,19.763218243030092
11,3,22,0,19.7,21.029052585211225
11,3,22,1,17.65,20.921595491136348
11,3,22,2,17.5,15.181359761580197
11,3,22,3,17.75,19.18023928284964
11,3,22,4,12.95,22.924303352785362
11,3,22,5,31.6,35.757075118815735
15,9,65,0,12.25,11.006576981155643
15,9,65,1,10.25,11.396559961118461
15,9,65,2,8.7,10.042541091723118
15,9,65,3,10.15,14.776492711130922
15,9,65,4,17.7,25.561278281189715
15,9,65,5,6.1,5.035662293764555
15,9,65,6,9.3,8.189209845567326
15,9,65,7,16.55,16.762976120637187
10,44,108,0,29.3,30.44598322828222
10,44,108,1,24.7,20.01867549117705
10,44,108,2,23.25,17.411052146326636
10,44,108,3,14.8,9.844047092425692
10,44,108,4,24.1,18.79781622255208
10,44,108,5,31.5,36.775993313716576
15,9,65,0,6.7,6.061960773631964
15,9,65,1,11.4,10.394330438424493
15,9,65,2,11.5,9.029192421776916
15,9,65,3,14.35,12.946346771844253
15,9,65,4,8.1,7.482611421436404
15,9,65,5,12.45,9.912644768970058
15,9,65,6,10.5,10.48055844233302
15,9,65,7,9.85,9.82089608946149
11,3,22,0,17.75,17.389879089195592
11,3,22,1,17.35,23.90391952005053
11,3,22,2,43.35,108.23866173755496
11,3,22,3,23.42105263157895,27.70141550629916
11,3,22,4,45.8421052631579,110.8483765018659
11,3,22,5,30.72222222222222,37.51518211189823
10,44,108,0,22.8,27.14599902670548
10,44,108,1,15.45,15.439099373787455
10,44,108,2,24.0,32.598030292448165
10,44,108,3,16.0,17.14949746079735
10,44,108,4,16.6,18.457347702487656
10,44,108,5,13.5,16.365882355166736
15,9,65,0,18.0,16.745777158184655
15,9,65,1,16.3,19.839089537683186
15,9,65,2,9.25,8.181333053134788
15,9,65,3,17.55,25.384361120061385
15,9,65,4,16.5,12.475238632882675
15,9,65,5,15.9,16.932994885414498
15,9,65,6,10.65,13.503508316067542
15,9,65,7,11.4,12.449476843795908
11,3,22,0,13.45,16.579870483907825
11,3,22,1,25.9,39.56726451313802
11,3,22,2,17.45,21.683063970709828
11,3,22,3,19.9,29.176234019813922
11,3,22,4,13.4,11.268960630165077
11,3,22,5,35.65,29.501605665490573
10,30,108,0,28.1,18.398798587779698
10,30,108,1,22.35,26.636490601784377
10,30,108,2,21.35,28.990515690480567
10,30,108,3,19.6,29.56420310549834
10,30,108,4,40.3,107.6158372222817
10,30,108,5,22.68421052631579,25.16402333045013
15,23,65,0,11.2,10.694809365688622
15,23,65,1,9.55,10.049744694321973
15,23,65,2,11.9,10.799122771391152
15,23,65,3,44.4,109.29987720896459
15,23,65,4,10.526315789473685,8.355759298250062
15,23,65,5,13.526315789473685,14.878651451184949
15,23,65,6,7.684210526315789,6.412250701924207
15,23,65,7,9.526315789473685,8.572361408442779
11,3,22,0,39.85,112.61264535893312
11,3,22,1,15.736842105263158,20.17931312910757
11,3,22,2,36.36842105263158,83.06704823769758
11,3,22,3,15.578947368421053,18.709224669111713
11,3,22,4,20.105263157894736,25.03973450525319
11,3,22,5,23.31578947368421,17.075169208788882
15,23,65,0,13.6,20.389367714313106
15,23,65,1,13.5,11.227316312411766
15,23,65,2,8.7,7.041979386806704
15,23,65,3,14.1,12.8386751243019
15,23,65,4,11.45,10.845687961970002
15,23,65,5,10.75,10.51252385941344
15,23,65,6,15.45,22.177454174999674
15,23,65,7,9.95,10.143574580154567
10,30,108,0,44.25,39.41529892660569
10,30,108,1,26.3,21.45276328661599
10,30,108,2,36.55,40.33344570087291
10,30,108,3,21.9,35.524491181214835
10,30,108,4,24.35,24.260157937612338
10,30,108,5,16.75,26.820799077542315
11,3,22,0,22.85,25.361128565291867
11,3,22,1,49.7,109.81232794372885
11,3,22,2,45.94736842105263,57.09395150316375
11,3,22,3,17.210526315789473,17.529590688535837
11,3,22,4,20.736842105263158,32.19013324549268
11,3,22,5,31.473684210526315,18.965959040849512
15,23,65,0,20.4,15.472896506982444
15,23,65,1,21.7,24.66213803853143
15,23,65,2,16.8,22.807201078883654
15,23,65,3,19.6,27.71926937595654
15,23,65,4,11.45,16.484362606006815
15,23,65,5,14.5,16.828859923232756
15,23,65,6,10.85,9.022049014556098
15,23,65,7,12.7,11.64880838721735
10,30,108,0,30.95,26.812163382747723
10,30,108,1,35.55,68.16193952639551
10,30,108,2,42.75,60.0735295065008
10,30,108,3,22.473684210526315,24.552366758630264
10,30,108,4,21.0,19.2469333776694
10,30,108,5,30.68421052631579,36.31964976516607
15,23,65,0,12.55,12.441336025735467
15,23,65,1,9.8,11.436782764396638
15,23,65,2,10.05,9.27631392310545
15,23,65,3,13.6,18.841164339928955
15,23,65,4,9.7,8.57843072386847
15,23,65,5,9.75,9.272909042218798
15,23,65,6,10.15,15.641627994418913
15,23,65,7,12.75,24.43654510854809
11,10,22,0,38.1,38.27586844557753
11,10,22,1,17.7,14.639887833910262
11,10,22,2,27.9,33.599655386703944
11,10,22,3,27.75,37.46278855498866
11,10,22,4,28.55,40.55986478748354
11,10,22,5,12.105263157894736,12.283207764360911
15,23,65,0,10.7,10.347132834497529
15,23,65,1,10.2,12.211297616293045
15,23,65,2,10.6,11.343442343950372
15,23,65,3,9.05,9.800510190801292
15,23,65,4,6.55,7.850410649668019
15,23,65,5,8.2,9.666001187014638
15,23,65,6,7.3,7.211832382674286
15,23,65,7,7.25,5.8926805624033545
10,30,108,0,22.5,24.422810735263997
10,30,108,1,17.9,23.597279058132283
10,30,108,2,20.7,25.809219079113653
10,30,108,3,19.2,29.985259536540354
10,30,108,4,14.7,15.835004528608529
10,30,108,5,37.6,106.79315964690069
15,8,65,0,37.95,109.1891044304137
15,8,65,1,10.0,8.711422896914653
15,8,65,2,9.947368421052632,10.2332447564599
15,8,65,3,10.263157894736842,14.628139189259542
15,8,65,4,8.68421052631579,8.602665165703963
15,8,65,5,12.052631578947368,10.135052947351287
15,8,65,6,9.631578947368421,10.610322679750182
15,8,65,7,11.947368421052632,12.330962313580695
11,10,22,0,16.0,14.610738660674427
11,10,22,1,42.85,93.69225941177965
11,10,22,2,32.2,41.81865612379241
11,10,22,3,17.0,13.749641143642524
11,10,22,4,24.57894736842105,27.475879905986393
11,10,22,5,32.36842105263158,33.675263797227565
10,30,108,0,36.9,38.997840695958644
10,30,108,1,20.9,13.950664953025678
10,30,108,2,32.8,25.00021052542937
10,30,108,3,24.7,19.109380446593015
10,30,108,4,19.1,26.98908161304844
10,30,108,5,22.85,21.555985858127425
15,8,65,0,10.4,8.881678362016709
15,8,65,1,24.45,37.60805484831254
15,8,65,2,18.95,15.859498233252094
15,8,65,3,14.5,17.154100323092926
15,8,65,4,15.9,18.92060975984153
15,8,65,5,13.0,15.721256143732349
15,8,65,6,11.25,8.478300475175931
15,8,65,7,12.7,13.381448273439497
11,10,22,0,17.2,21.77299147785478
11,10,22,1,39.65,108.45919679041079
11,10,22,2,35.473684210526315,112.04184159949287
11,10,22,3,13.61111111111111,8.792636550906666
11,10,22,4,15.61111111111111,15.65863373533963
11,10,22,5,19.38888888888889,19.970975671735363
15,8,65,0,13.9,16.60976250661989
15,8,65,1,12.2,13.851087739919466
15,8,65,2,12.4,13.888276009869468
15,8,65,3,11.4,12.014903026526769
15,8,65,4,22.95,37.156107382090944
15,8,65,5,13.8,25.701935212824164
15,8,65,6,12.35,15.547126998089935
15,8,65,7,10.6,12.19749758632569
10,47,108,0,30.3,38.91975550309961
10,47,108,1,33.95,30.667100492736164
10,47,108,2,32.1,38.01232487108968
10,47,108,3,28.5,26.16244797817143
10,47,108,4,24.85,28.80839607146719
10,47,108,5,19.2,15.26468231951748
11,10,22,0,19.25,24.10257684411183
11,10,22,1,23.15,48.78446150374653
11,10,22,2,13.6,9.981034647348888
11,10,22,3,19.7,18.387925099740976
11,10,22,4,18.4,25.588648799192605
11,10,22,5,24.4,22.297981971469973
15,8,65,0,8.8,8.666936567997034
15,8,65,1,12.7,16.73036948659218
15,8,65,2,10.95,10.956733089748969
15,8,65,3,7.75,7.30446871154191
15,8,65,4,14.35,15.322068707380353
15,8,65,5,6.85,7.520323341312842
15,8,65,6,9.65,11.948463895986137
15,8,65,7,12.85,8.622339406570891
11,10,22,0,15.4,15.02419101946836
11,10,22,1,13.0,9.846185475657698
11,10,22,2,14.4,15.435434285401472
11,10,22,3,12.45,13.578136450694705
11,10,22,4,12.75,12.451484798376878
11,10,22,5,16.0,12.221637412909594
10,47,108,0,33.45,20.009142647142184
10,47,108,1,19.75,32.858348294331215
10,47,108,2,12.4,10.454915741310149
10,47,108,3,18.6,17.120009837675482
10,47,108,4,20.8,23.696768600491993
10,47,108,5,18.1,23.525797710061543
15,8,65,0,10.2,7.743248332375897
15,8,65,1,12.65,18.51109198064202
15,8,65,2,16.9,36.85233692511379
15,8,65,3,10.75,10.35615758860399
15,8,65,4,9.3,11.916816954027173
15,8,65,5,14.1,16.833237797192854
15,8,65,6,15.8,18.437947139983944
15,8,65,7,14.7,12.831293982414941
11,7,22,0,17.55,34.318132386922166
11,7,22,1,22.15,27.889396211690052
11,7,22,2,22.1,19.089539709374595
11,7,22,3,17.8,22.4208549534157
11,7,22,4,21.45,27.042802330652364
11,7,22,5,19.05263157894737,15.74968671367616
10,47,108,0,28.5,25.820228707862288
10,47,108,1,29.9,41.90578404996267
10,47,108,2,20.8,20.101322292196027
10,47,108,3,28.85,27.446167405726392
10,47,108,4,20.7,19.703325928167025
10,47,108,5,17.85,17.09809161404001
15,17,65,0,11.5,8.780960263997027
15,17,65,1,6.1,8.854971841614715
15,17,65,2,13.65,14.967596579558826
15,17,65,3,8.45,6.977218568123576
15,17,65,4,10.8,10.013674860435918
15,17,65,5,11.95,14.684309563899184
15,17,65,6,8.65,6.293480335779409
15,17,65,7,10.05,6.328506932918696
10,47,108,0,19.4,17.318684768343786
10,47,108,1,20.4,23.517966256504945
10,47,108,2,21.5,19.162737965014013
10,47,108,3,22.9,21.654949598308075
10,47,108,4,13.85,13.071765474930267
10,47,108,5,20.8,23.112083875164338
15,17,65,0,10.05,13.06854399331705
15,17,65,1,17.2,23.361236448892267
15,17,65,2,18.65,27.921459394824655
15,17,65,3,16.2,17.54572972489168
15,17,65,4,19.35,28.253132103966994
15,17,65,5,11.75,9.008037346842277
15,17,65,6,15.4,22.165406902601514
15,17,65,7,16.05,15.69604375228625
11,7,22,0,18.7,12.86406664030919
11,7,22,1,24.35,25.76263103595471
11,7,22,2,42.75,108.66456111403231
11,7,22,3,19.57894736842105,21.035197459585273
11,7,22,4,28.842105263157894,22.68691046468753
11,7,22,5,38.578947368421055,27.81149999844925
15,17,65,0,14.6,20.402270255511944
15,17,65,1,12.05,17.839857799763692
15,17,65,2,12.55,10.67449000384118
15,17,65,3,14.75,14.30080969367598
15,17,65,4,13.35,14.463292920537256
15,17,65,5,10.45,12.050223845922616
15,17,65,6,13.15,14.049817380345292
15,17,65,7,15.2,13.771060426240162
10,47,108,0,27.9,21.68409555411523
10,47,108,1,15.7,18.69731193739385
10,47,108,2,24.55,23.983492129730443
10,47,108,3,24.05,22.305238940897414
10,47,108,4,28.2,40.45348205688005
10,47,108,5,25.8,40.88185802760772
11,7,22,0,27.55,35.38283110269874
11,7,22,1,23.95,25.10708643936377
11,7,22,2,18.9,29.111220481023068
11,7,22,3,17.9,15.56277610196844
11,7,22,4,21.7,22.24291726417766
11,7,22,5,29.1,32.55424622638991
15,17,65,0,11.1,10.537651790752903
15,17,65,1,13.95,16.700063031712123
15,17,65,2,9.15,10.781441169167067
15,17,65,3,6.4,4.694902050432777
15,17,65,4,10.5,14.66287829861518
15,17,65,5,10.3,12.07912509902496
15,17,65,6,17.2,18.21104349737153
15,17,65,7,16.45,16.791210106544
10,36,108,0,27.45,27.69091623809626
10,36,108,1,27.9,31.644239519015816
10,36,108,2,13.4,13.339296911953912
10,36,108,3,18.3,19.836436437180843
10,36,108,4,14.75,21.99252265274675
10,36,108,5,18.15,16.86252462836171
11,7,22,0,12.1,17.25627269628123
11,7,22,1,13.85,12.666885963013957
11,7,22,2,17.2,23.551958237949247
11,7,22,3,15.5,16.12288337801439
11,7,22,4,17.35,20.311456450926773
11,7,22,5,49.25,88.26269105108311
15,17,65,0,13.05,8.647938604387935
15,17,65,1,13.1,13.863621460498697
15,17,65,2,5.55,5.041668479048536
15,17,65,3,6.35,6.183807377676841
15,17,65,4,11.85,16.674200051829207
15,17,65,5,14.4,20.530849701697303
15,17,65,6,9.35,8.399718040380565
15,17,65,7,15.1,20.862709114085526
11,7,22,0,17.4,16.712428403972137
11,7,22,1,16.2,14.816775698689074
11,7,22,2,19.75,20.799481268835326
11,7,22,3,11.7,9.92657252556305
11,7,22,4,16.45,23.227649132241652
11,7,22,5,21.5,19.168230294724104
10,36,108,0,23.75,30.14853579406993
10,36,108,1,42.3,59.83934632347727
10,36,108,2,41.2,105.41127473902051
10,36,108,3,23.63157894736842,31.374459758634867
10,36,108,4,21.894736842105264,25.1128447365135
10,36,108,5,9.210526315789474,10.260923433473343
15,17,65,0,13.75,18.475802097822296
15,17,65,1,12.45,17.388668421523374
15,17,65,2,9.9,8.81326751043711
15,17,65,3,11.95,12.659404658821419
15,17,65,4,12.0,10.789858786452163
15,17,65,5,9.6,12.089142584197301
15,17,65,6,9.05,9.517159018818257
15,17,65,7,11.25,10.067535108351732
11,4,22,0,19.05,15.181273089947988
11,4,22,1,19.15,13.716202481966931
11,4,22,2,18.55,23.72312884307766
11,4,22,3,14.0,13.85260758276597
11,4,22,4,23.65,33.46840615455591
11,4,22,5,22.5,20.30944815130451
15,17,65,0,15.4,13.581721462860914
15,17,65,1,13.15,13.650814512039391
15,17,65,2,9.15,7.492276725156098
15,17,65,3,14.1,16.798809481626964
15,17,65,4,14.05,25.98678814118314
15,17,65,5,15.05,19.696312772752805
15,17,65,6,11.15,18.417025875674476
15,17,65,7,12.15,13.940758115759172
10,36,108,0,37.75,55.11220611768226
10,36,108,1,20.15,23.89290799864217
10,36,108,2,27.45,26.31884455950466
10,36,108,3,19.7,19.934365988624297
10,36,108,4,16.3,13.207254784676808
10,36,108,5,23.68421052631579,26.79977742772202
15,17,65,0,9.7,8.272338178977478
15,17,65,1,14.15,25.893049260371015
15,17,65,2,10.1,7.7791895126474575
15,17,65,3,9.65,8.916424820461806
15,17,65,4,12.9,21.67924061594895
15,17,65,5,13.7,15.861572232417899
15,17,65,6,15.2,28.0480790223164
15,17,65,7,10.45,11.523317322076275
11,4,22,0,21.75,20.65474330638441
11,4,22,1,21.6,19.570116854127633
11,4,22,2,16.1,14.05590342356661
11,4,22,3,15.55,13.736141341270788
11,4,22,4,19.4,15.142828770011723
11,4,22,5,33.4,33.82524749977526
10,36,108,0,44.45,68.39781082984886
10,36,108,1,24.7,43.50813596026428
10,36,108,2,27.526315789473685,39.397360911406565
10,36,108,3,28.0,32.89714611060087
10,36,108,4,22.157894736842106,38.14047595970386
10,36,108,5,19.055555555555557,16.61845969439945
15,17,65,0,9.1,9.07222481852686
15,17,65,1,10.0,12.456239189130967
15,17,65,2,9.3,9.177202876235164
15,17,65,3,10.15,10.737416135325942
15,17,65,4,7.45,9.225108757025437
15,17,65,5,6.8,7.324077092928357
15,17,65,6,9.95,9.092941160447944
15,17,65,7,12.65,10.006708276267265
11,4,22,0,56.1,109.15266951915511
11,4,22,1,16.05263157894737,12.598384747483069
11,4,22,2,31.31578947368421,36.080238714994586
11,4,22,3,21.473684210526315,27.807609711996772
11,4,22,4,21.736842105263158,42.25562698263873
11,4,22,5,20.94736842105263,16.088207151722195
15,17,65,0,11.2,12.812822524823776
15,17,65,1,10.1,10.14059066067497
15,17,65,2,7.8,4.796928842060248
15,17,65,3,8.15,6.627494565107263
15,17,65,4,33.35,108.52662782639302
15,17,65,5,11.947368421052632,16.463676125912684
15,17,65,6,10.947368421052632,11.281615744261527
15,17,65,7,13.526315789473685,17.350531279258124
10,36,108,0,51.4,109.1823197563068
10,36,108,1,22.105263157894736,30.650167186134755
10,36,108,2,45.8421052631579,112.31664720675239
10,36,108,3,30.22222222222222,51.93950729743837
10,36,108,4,16.5,36.09668389527346
10,36,108,5,11.055555555555555,9.11025422401284
11,4,22,0,26.85,27.00345981731347
11,4,22,1,22.4,24.80746916385848
11,4,22,2,19.0,25.085118255546192
11,4,22,3,26.75,40.024827821057066
11,4,22,4,10.3,11.823705003085962
11,4,22,5,26.2,26.700285825396975
15,3,65,0,16.35,28.540414558269728
15,3,65,1,34.85,111.77998832292694
15,3,65,2,15.31578947368421,22.445124765324746
15,3,65,3,7.421052631578948,5.786150029487888
15,3,65,4,8.31578947368421,7.165136515555702
15,3,65,5,10.842105263157896,13.96528695609517
15,3,65,6,10.842105263157896,16.286542358287843
15,3,65,7,14.736842105263158,23.937051951741065
10,46,108,0,15.7,13.357828376924461
10,46,108,1,21.75,18.561065645450878
10,46,108,2,16.5,16.97211335040358
10,46,108,3,12.75,10.939426522061334
10,46,108,4,12.7,12.066046315351626
10,46,108,5,38.1,104.99418530265578
15,3,65,0,11.6,15.544164584550018
15,3,65,1,9.65,6.393047210179113
15,3,65,2,7.95,11.283313249871993
15,3,65,3,8.55,8.00312438988674
15,3,65,4,9.1,6.84336020879863
15,3,65,5,16.25,22.1902657653495
15,3,65,6,7.75,7.099851740483184
15,3,65,7,18.75,25.645098023434784
11,4,22,0,23.45,17.81624037367681
11,4,22,1,24.95,24.905030140832785
11,4,22,2,29.55,29.571456721500525
11,4,22,3,21.15,26.703587379739233
11,4,22,4,25.1,22.973440042109953
11,4,22,5,24.0,27.771625049584994
10,46,108,0,20.4,33.573799308389276
10,46,108,1,24.95,22.873738101518125
10,46,108,2,31.6,36.57206296442251
10,46,108,3,13.55,11.264639597570705
10,46,108,4,16.65,17.821557023359155
10,46,108,5,15.6,16.480929968651008
15,3,65,0,10.25,9.5524865872714
15,3,65,1,12.45,13.616843285160902
15,3,65,2,6.45,8.394703844185269
15,3,65,3,17.45,15.264251321995868
15,3,65,4,12.4,13.382628173946449
15,3,65,5,13.0,15.37256613170632
15,3,65,6,9.45,6.939399336966762
15,3,65,7,15.55,13.770582680788095
10,46,108,0,20.8,22.638114111522533
10,46,108,1,19.25,13.548645300312655
10,46,108,2,21.5,24.628823507598188
10,46,108,3,24.55,21.352862497616222
10,46,108,4,18.6,22.96312833996916
10,46,108,5,13.35,16.4581606697583
11,8,22,0,35.15,30.053067099803027
11,8,22,1,17.55,14.716532057161894
11,8,22,2,18.1,19.595649356023152
11,8,22,3,18.8,29.528933179795747
11,8,22,4,34.75,61.56201409105593
11,8,22,5,27.0,31.28897569432403
15,3,65,0,12.15,9.292186870812774
15,3,65,1,10.55,13.797310950822418
15,3,65,2,12.7,11.46665646674373
15,3,65,3,12.5,12.94319573325976
15,3,65,4,7.8,6.871757608616513
15,3,65,5,10.15,9.166730462297943
15,3,65,6,10.7,12.148640816330463
15,3,65,7,17.2,16.191615764111734
15,3,65,0,12.85,10.820424157461131
15,3,65,1,16.25,19.506746471278515
15,3,65,2,13.25,22.099952369560484
15,3,65,3,8.15,6.384809274652158
15,3,65,4,11.1,16.482526633090156
15,3,65,5,8.15,9.280851821159294
15,3,65,6,15.4,23.941595602632667
15,3,65,7,25.9,26.325692873372923
11,8,22,0,28.4,30.1092746683249
11,8,22,1,16.0,16.082026580856297
11,8,22,2,17.05,25.57028497463825
11,8,22,3,17.2,14.544306174763483
11,8,22,4,26.15,38.4875577981139
11,8,22,5,18.4,21.387157976594025
10,46,108,0,40.1,31.015955147056335
10,46,108,1,32.6,33.78632548049113
10,46,108,2,24.85,23.288296134369837
10,46,108,3,16.1,10.366443840331014
10,46,108,4,34.05,33.132072234110495
10,46,108,5,25.5,17.6441432059957
15,22,65,0,17.0,25.03261031030061
15,22,65,1,14.8,16.70360818253917
15,22,65,2,13.65,15.076209910423701
15,22,65,3,15.3,20.298042425706708
15,22,65,4,14.7,15.851614561631454
15,22,65,5,9.35,12.058083115530954
15,22,65,6,10.4,11.949014493606617
15,22,65,7,10.05,10.63002203295236
11,8,22,0,18.25,15.616708326256477
11,8,22,1,24.45,32.534152096398316
11,8,22,2,11.15,12.537417680896779
11,8,22,3,10.6,12.82021430151782
11,8,22,4,12.95,23.145932915445766
11,8,22,5,25.65,22.074693775070987
10,46,108,0,30.0,19.689698081136637
10,46,108,1,13.0,14.033793800004782
10,46,108,2,26.85,49.234428476102174
10,46,108,3,16.1,18.040597492731134
10,46,108,4,20.2,12.47566051410337
10,46,108,5,22.0,19.719079726578467
15,22,65,0,16.2,12.92732723627294
15,22,65,1,9.45,9.081357422300862
15,22,65,2,12.1,12.438903319403751
15,22,65,3,13.25,12.756319383369418
15,22,65,4,6.65,5.47986745901952
15,22,65,5,11.35,18.111569434160618
15,22,65,6,8.9,7.959767253936644
15,22,65,7,16.35,19.0823009756768
11,8,22,0,24.7,27.16634915324084
11,8,22,1,20.55,31.73653879579249
11,8,22,2,28.7,36.3652523564373
11,8,22,3,17.55,15.111776516137478
11,8,22,4,23.35,24.251478522480145
11,8,22,5,45.0,38.526819093635076
15,22,65,0,12.45,13.212733093099008
15,22,65,1,17.8,13.915534673995026
15,22,65,2,11.6,9.61030149042381
15,22,65,3,11.0,12.35015448443758
15,22,65,4,13.6,11.486376369650403
15,22,65,5,12.5,12.128695855610147
15,22,65,6,8.6,8.286958682805551
15,22,65,7,10.35,9.275179101689686
10,30,108,0,48.5,70.7244467523151
10,30,108,1,32.85,68.27057237662197
10,30,108,2,21.9,31.953749471120883
10,30,108,3,27.95,36.31220615425995
10,30,108,4,18.75,19.330573003187954
10,30,108,5,36.611111111111114,52.80501189324506
11,8,22,0,46.3,109.55945273781958
11,8,22,1,10.736842105263158,8.11611637602861
11,8,22,2,13.947368421052632,10.997341518195944
11,8,22,3,26.05263157894737,37.24166377147826
11,8,22,4,15.631578947368421,14.052324941350808
11,8,22,5,22.263157894736842,22.8663802345111
15,22,65,0,27.05,36.82601340299944
15,22,65,1,8.35,5.931849804678398
15,22,65,2,12.85,23.163662559230453
15,22,65,3,25.65,43.97041469466774
15,22,65,4,18.2,32.12573980307281
15,22,65,5,7.421052631578948,7.042062430485391
15,22,65,6,11.631578947368421,16.224845578158448
15,22,65,7,20.57894736842105,24.053911184563184
10,30,108,0,24.55,27.761152334645054
10,30,108,1,21.4,14.262206221892512
10,30,108,2,38.2,30.08164329217895
10,30,108,3,18.05,14.630447703334301
10,30,108,4,31.8,37.59423248038818
10,30,108,5,18.15,13.28344834747363
15,22,65,0,16.7,20.50956131327918
15,22,65,1,9.35,8.695280026361548
15,22,65,2,16.45,13.339592828947413
15,22,65,3,11.65,18.641422466618458
15,22,65,4,10.7,10.756148792300396
15,22,65,5,9.65,7.478213971967258
15,22,65,6,10.65,9.062792645002741
15,22,65,7,14.45,14.543853829385327
11,11,22,0,24.7,22.09334265052901
11,11,22,1,57.65,117.0277857244977
11,11,22,2,10.947368421052632,11.12291770380479
11,11,22,3,14.31578947368421,13.072671373598636
11,11,22,4,28.105263157894736,27.446705402049634
11,11,22,5,23.94736842105263,24.46647067180926
10,30,108,0,26.1,20.580777950617698
10,30,108,1,32.25,38.30882130102262
10,30,108,2,15.1,18.702378120667465
10,30,108,3,21.75,25.443177143546652
10,30,108,4,15.1,14.846229363572068
10,30,108,5,19.55,16.442803577057173
15,22,65,0,12.9,11.90709651293803
15,22,65,1,9.75,6.592459807673421
15,22,65,2,9.15,9.8262537702776
15,22,65,3,15.7,17.924109021385867
15,22,65,4,11.3,11.443683617473969
15,22,65,5,11.0,12.924884199827378
15,22,65,6,8.2,7.023269593962181
15,22,65,7,16.85,19.634220931296138
11,11,22,0,16.85,15.520021025487656
11,11,22,1,17.6,14.798292931423221
11,11,22,2,29.2,40.79938080025493
11,11,22,3,13.25,17.663149269177996
11,11,22,4,14.15,15.499660437706707
11,11,22,5,24.65,23.131830427948596
15,22,65,0,14.0,15.272955113360899
15,22,65,1,15.9,13.349157276772194
15,22,65,2,11.5,18.202082009311027
15,22,65,3,13.2,15.783402341500524
15,22,65,4,8.65,8.021517115989049
15,22,65,5,9.25,9.106822196920055
15,22,65,6,10.0,11.064404757219384
15,22,65,7,12.55,11.869798029585755
10,30,108,0,47.7,75.58341505633989
10,30,108,1,15.75,13.540873795951823
10,30,108,2,25.7,39.87757581187175
10,30,108,3,25.05,26.021195813777418
10,30,108,4,25.68421052631579,26.09395977696956
10,30,108,5,29.473684210526315,37.912719092751026
11,11,22,0,31.3,26.336086909110293
11,11,22,1,25.5,38.43449656644132
11,11,22,2,29.75,26.88743592323961
11,11,22,3,20.7,30.851256052225814
11,11,22,4,25.0,22.96908677697964
11,11,22,5,30.6,32.70988905675565
15,22,65,0,14.05,14.354441821262157
15,22,65,1,15.15,15.91515332201226
15,22,65,2,14.5,12.335229820998153
15,22,65,3,9.25,9.463920407193005
15,22,65,4,13.4,15.25364494835665
15,22,65,5,8.85,10.648820048298903
15,22,65,6,10.15,9.438303817284567
15,22,65,7,13.75,10.52753282438108
10,30,108,0,34.3,39.576840649418614
10,30,108,1,35.95,40.19488707993121
10,30,108,2,22.95,23.360954829079994
10,30,108,3,17.9,13.388526116751887
10,30,108,4,21.85,26.089471560684963
10,30,108,5,19.05,20.24969135567256
11,11,22,0,12.05,7.7559824108809545
11,11,22,1,13.35,11.240317470699182
11,11,22,2,11.65,10.864112820125767
11,11,22,3,17.45,13.228657090614021
11,11,22,4,7.45,7.3303622370463914
11,11,22,5,17.9,16.90499770388689
15,22,65,0,12.9,14.078352176302452
15,22,65,1,11.3,12.624537511070299
15,22,65,2,11.55,14.587215022246815
15,22,65,3,9.3,7.233693094780403
15,22,65,4,11.7,11.088638092067129
15,22,65,5,13.15,13.18801289848195
15,22,65,6,12.2,13.725121032924303
15,22,65,7,13.1,8.472245709870615
11,11,22,0,13.55,17.524343970002057
11,11,22,1,13.1,15.05044150427768
11,11,22,2,17.85,25.501857517484982
11,11,22,3,15.0,11.80989772227204
11,11,22,4,16.95,24.521687500959978
11,11,22,5,23.85,31.36420185330302
10,37,108,0,23.1,17.298919954117004
10,37,108,1,14.3,11.996051982127064
10,37,108,2,42.1,101.03355357191204
10,37,108,3,21.57894736842105,23.68383365522117
10,37,108,4,17.31578947368421,16.33011067384061
10,37,108,5,20.36842105263158,30.405062674780165
15,22,65,0,13.75,12.916228062728726
15,22,65,1,14.45,13.593632410259708
15,22,65,2,16.9,15.327649594939961
15,22,65,3,12.1,10.70612220328065
15,22,65,4,11.6,19.01080025448138
15,22,65,5,12.5,15.240182344536986
15,22,65,6,8.7,8.74251559606092
15,22,65,7,9.5,7.18551173872595
11,20,22,0,24.05,24.14533844080577
11,20,22,1,22.55,37.38628372179181
11,20,22,2,11.0,13.486835686776393
11,20,22,3,35.85,107.65748562234917
11,20,22,4,21.736842105263158,49.261030468383595
11,20,22,5,20.77777777777778,14.94915128637765
10,37,108,0,33.25,46.76354293002639
10,37,108,1,24.65,23.533347000642124
10,37,108,2,17.65,18.250522703401355
10,37,108,3,22.6,27.122334940627418
10,37,108,4,18.15,18.425597183780706
10,37,108,5,11.45,10.826259498868579
15,16,65,0,10.3,6.989465757763419
15,16,65,1,10.3,9.381392557386642
15,16,65,2,14.4,23.277276020775464
15,16,65,3,22.6,21.651303595128425
15,16,65,4,8.65,6.6670833203133135
15,16,65,5,14.25,19.962794340841587
15,16,65,6,9.9,10.63707518169598
15,16,65,7,21.85,22.679169668268397
15,16,65,0,10.9,13.400314214697786
15,16,65,1,9.95,7.401813433562289
15,16,65,2,8.75,4.9190820709816006
15,16,65,3,10.05,8.86432827626965
15,16,65,4,11.0,8.297114273237284
15,16,65,5,7.85,7.686454250652145
15,16,65,6,8.3,7.657813347369985
15,16,65,7,8.8,7.97100006933027
11,20,22,0,18.45,30.144345721003276
11,20,22,1,12.15,11.01804739602497
11,20,22,2,10.2,9.741933235138431
11,20,22,3,25.0,27.39765644991134
11,20,22,4,18.65,33.08247270081244
11,20,22,5,31.7,37.55991704491708
10,37,108,0,22.45,15.507129090569245
10,37,108,1,26.25,43.58038549622984
10,37,108,2,21.55,26.656637368383013
10,37,108,3,17.6,15.370511753970568
10,37,108,4,19.6,25.5886487991926
10,37,108,5,18.35,14.851103095659079
15,16,65,0,19.9,37.59185242071815
15,16,65,1,10.4,9.719215909461877
15,16,65,2,9.6,8.720212455161736
15,16,65,3,21.5,36.2367943278361
15,16,65,4,9.95,10.550505101403289
15,16,65,5,10.1,8.973059092287546
15,16,65,6,11.0,12.900428389459746
15,16,65,7,23.85,31.25662035136674
11,20,22,0,26.75,27.88297915065371
11,20,22,1,22.05,20.656272145461493
11,20,22,2,11.3,11.707397571396337
11,20,22,3,17.25,18.989955793856698
11,20,22,4,18.05,33.95891480505291
11,20,22,5,51.65,54.83686332155923
10,37,108,0,42.35,58.01295227428913
10,37,108,1,33.1,46.100462379231594
10,37,108,2,17.6,29.573103000068013
10,37,108,3,40.85,108.03765181882804
10,37,108,4,41.10526315789474,100.06769638424342
10,37,108,5,22.88888888888889,21.154582006489303
15,16,65,0,28.1,83.56333872546841
15,16,65,1,14.65,25.872714747800483
15,16,65,2,12.421052631578947,13.537256366838905
15,16,65,3,5.894736842105263,4.8636376057673045
15,16,65,4,13.473684210526315,12.244583478477473
15,16,65,5,10.578947368421053,13.647611876864042
15,16,65,6,12.368421052631579,15.64612314890316
15,16,65,7,10.947368421052632,7.982436861360949
11,20,22,0,19.15,12.60022973892477
11,20,22,1,13.95,11.454601465648734
11,20,22,2,22.5,33.847179778341484
11,20,22,3,20.85,29.755627508440362
11,20,22,4,21.3,17.79739779914616
11,20,22,5,23.95,20.831340255540574
15,16,65,0,13.2,12.098716765360738
15,16,65,1,20.55,49.718655822961516
15,16,65,2,7.85,4.965936600057382
15,16,65,3,14.05,22.99765434263151
15,16,65,4,9.2,10.128646192073772
15,16,65,5,14.25,13.013656794225625
15,16,65,6,9.15,9.13221596443342
15,16,65,7,14.894736842105264,18.113514711526264
11,20,22,0,12.8,12.63912055568158
11,20,22,1,16.95,22.834588261070785
11,20,22,2,16.9,19.774784581965942
11,20,22,3,11.7,15.417351810285233
11,20,22,4,17.5,32.17632343002668
11,20,22,5,25.7,20.33431116429361
10,37,108,0,61.35,109.52782631296078
10,37,108,1,33.05263157894737,56.83550698112201
10,37,108,2,28.42105263157895,28.062065714479086
10,37,108,3,25.31578947368421,43.09943623191343
10,37,108,4,16.055555555555557,26.01463891558937
10,37,108,5,23.833333333333332,21.636706284079594
15,1,65,0,12.35,14.701503682491657
15,1,65,1,10.0,12.14387434925635
15,1,65,2,16.15,17.333493589002767
15,1,65,3,12.45,10.195329167913377
15,1,65,4,15.55,22.6447972414253
15,1,65,5,6.75,5.118336489627527
15,1,65,6,8.8,7.8713337330367406
15,1,65,7,15.25,21.39078749073265
11,22,22,0,15.45,12.449793910786338
11,22,22,1,24.25,26.307643476053837
11,22,22,2,23.95,16.863148859975237
11,22,22,3,17.4,14.423664765348573
11,22,22,4,21.55,32.57941713801264
11,22,22,5,30.7,30.60116956829213
15,1,65,0,10.55,9.789763719529217
15,1,65,1,7.8,5.549774770204643
15,1,65,2,9.4,7.337000677890688
15,1,65,3,9.1,5.627937829305359
15,1,65,4,10.75,8.440971508067067
15,1,65,5,8.5,7.170847413770492
15,1,65,6,13.75,14.831953415017967
15,1,65,7,18.3,16.967771307920636
10,33,108,0,30.25,43.16172158899962
10,33,108,1,17.3,16.890046897819033
10,33,108,2,31.45,38.790225301580406
10,33,108,3,30.3,36.47941019837153
10,33,108,4,22.5,32.54713181639335
10,33,108,5,23.05,29.050726958926607
15,1,65,0,8.1,6.016643582596529
15,1,65,1,19.45,30.62588344590414
15,1,65,2,15.45,20.556661105088875
15,1,65,3,10.05,14.438526678009048
15,1,65,4,13.25,11.593441884826184
15,1,65,5,16.7,34.34821683872396
15,1,65,6,18.0,28.261932738318926
15,1,65,7,16.31578947368421,14.071455075905133
10,33,108,0,17.5,13.45362404707371
10,33,108,1,17.85,15.735561468751031
10,33,108,2,30.4,31.459916016885263
10,33,108,3,22.05,34.48031475005931
10,33,108,4,12.7,9.302518051864407
10,33,108,5,21.9,19.595649356023152
11,22,22,0,34.55,44.56866376136583
11,22,22,1,13.2,15.551611864335715
11,22,22,2,41.2,108.08797586371848
11,22,22,3,26.57894736842105,15.130233858344264
11,22,22,4,17.263157894736842,15.065936948638504
11,22,22,5,24.63157894736842,20.306568522185103
15,1,65,0,12.45,11.353065897067536
15,1,65,1,12.1,12.636205293145816
15,1,65,2,13.9,13.214425928945191
15,1,65,3,7.6,6.02975080221746
15,1,65,4,7.65,6.285111898681468
15,1,65,5,6.45,4.684520983206848
15,1,65,6,9.4,8.305990228998017
15,1,65,7,28.55,24.731133159813382
10,33,108,0,27.05,31.061018046826206
10,33,108,1,28.7,58.06538963689308
10,33,108,2,18.6,23.347264011915936
10,33,108,3,24.1,26.203454975090192
10,33,108,4,20.473684210526315,24.54784086692901
10,33,108,5,19.63157894736842,16.623980424260576
11,22,22,0,21.15,15.835586173984348
11,22,22,1,15.6,10.570066971853759
11,22,22,2,17.7,20.110484304147636
11,22,22,3,16.6,13.816085209867365
11,22,22,4,20.65,21.246114195801844
11,22,22,5,27.5,27.275398593257123
15,1,65,0,11.0,7.90735833192563
15,1,65,1,11.7,8.584563870232737
15,1,65,2,11.25,12.891755831579058
15,1,65,3,8.55,8.708586204672404
15,1,65,4,9.25,9.694681124475583
15,1,65,5,7.25,6.711145482271304
15,1,65,6,9.6,9.626717208401125
15,1,65,7,18.3,12.165957681818126
10,33,108,0,29.2,36.46137105139312
10,33,108,1,22.2,29.828633364957444
10,33,108,2,18.05,32.24327755313379
10,33,108,3,19.05,19.850692683128212
10,33,108,4,11.4,13.52346887918613
10,33,108,5,19.842105263157894,18.367432403561885
11,22,22,0,20.9,21.805117699630443
11,22,22,1,20.95,15.971932618783095
11,22,22,2,15.9,16.447364210525777
11,22,22,3,22.3,22.557762113714812
11,22,22,4,18.65,13.243767153686015
11,22,22,5,23.5,18.913932486536563
15,22,65,0,14.15,10.638930496307566
15,22,65,1,12.7,18.829148735544663
15,22,65,2,15.25,13.388427838995884
15,22,65,3,7.7,6.416262233780005
15,22,65,4,14.55,19.59719367664666
15,22,65,5,12.75,14.785750608360456
15,22,65,6,9.3,10.643011050004894
15,22,65,7,19.7,18.84032629061509
11,22,22,0,23.25,21.070995280367352
11,22,22,1,21.6,36.570623816333644
11,22,22,2,19.8,26.388992920693678
11,22,22,3,17.05,13.036285392783684
11,22,22,4,22.6,25.62153699321601
11,22,22,5,19.8,16.04467447308821
15,22,65,0,15.75,18.104593775875607
15,22,65,1,16.0,23.62647934661001
15,22,65,2,10.3,13.06703365041403
15,22,65,3,6.1,6.827961088903403
15,22,65,4,7.4,6.260990336999411
15,22,65,5,7.65,5.612720514950603
15,22,65,6,11.25,12.324024462299985
15,22,65,7,16.3,15.11743503724303
10,33,108,0,23.05,29.51801412518696
10,33,108,1,34.8,75.24248519917035
10,33,108,2,28.8,28.169785979046114
10,33,108,3,36.94736842105263,43.77527674157148
10,33,108,4,20.210526315789473,20.687030148725288
10,33,108,5,18.11111111111111,18.52467000226483
15,22,65,0,9.4,5.019960159204453
15,22,65,1,11.7,10.853570840972111
15,22,65,2,11.55,10.664624256218115
15,22,65,3,13.7,17.266029927973722
15,22,65,4,10.0,13.49073756323204
15,22,65,5,8.35,8.92822254957485
15,22,65,6,20.6,34.506139804540965
15,22,65,7,16.8,16.282376653108237
11,20,108,0,22.5,17.13875264146324
11,20,108,1,22.0,30.45790883377117
11,20,108,2,21.2,33.40595597699372
11,20,108,3,24.2,31.62543946022935
11,20,108,4,18.0,25.614551785223465
11,20,108,5,25.05,29.308656885313813
11,3,22,0,59.05,109.78518498461104
11,3,22,1,18.68421052631579,19.470925994012905
11,3,22,2,27.05263157894737,57.46832333672615
11,3,22,3,30.36842105263158,34.296437337354554
11,3,22,4,27.894736842105264,40.43224062392963
11,3,22,5,31.666666666666668,23.914061824398978
15,22,65,0,11.9,12.06953537674613
15,22,65,1,13.05,13.952834082987168
15,22,65,2,11.9,11.584472366059666
15,22,65,3,7.45,4.936171540139606
15,22,65,4,10.65,8.863140705071466
15,22,65,5,10.25,8.012326030626351
15,22,65,6,9.45,8.822668172622755
15,22,65,7,17.35,17.168744551471555
15,22,65,0,17.55,22.69123410621727
15,22,65,1,9.85,14.368368035375488
15,22,65,2,8.4,8.146035522684768
15,22,65,3,8.7,8.826395819239853
15,22,65,4,12.65,11.640559762268625
15,22,65,5,9.1,8.302821334056464
15,22,65,6,8.15,8.424744256621306
15,22,65,7,12.2,9.822637656267068
11,20,108,0,22.2,18.9475730983097
11,20,108,1,34.8,51.178326004584974
11,20,108,2,33.4,43.472193169282
11,20,108,3,12.75,10.176727837261062
11,20,108,4,35.9,64.25516567397109
11,20,108,5,34.26315789473684,31.88667800066555
11,3,22,0,20.8,17.536728375191966
11,3,22,1,16.0,12.477347896340623
11,3,22,2,29.35,26.764617255662472
11,3,22,3,25.35,45.454749042606274
11,3,22,4,14.35,12.25722128723352
11,3,22,5,25.6,21.85935906991256
15,3,65,0,7.35,5.806303289937311
15,3,65,1,9.8,12.547174141908146
15,3,65,2,9.1,13.388526116751889
15,3,65,3,9.4,9.981034647348888
15,3,65,4,11.3,17.838751431408504
15,3,65,5,7.5,6.261830907633123
15,3,65,6,9.8,10.600893706118416
15,3,65,7,13.9,13.645512082732552
11,20,108,0,22.9,21.913466179497938
11,20,108,1,19.7,17.619068617477154
11,20,108,2,15.5,10.445346483381714
11,20,108,3,14.4,13.1445405917598
11,20,108,4,22.75,32.69455934136926
11,20,108,5,41.25,56.16692696071707
11,3,22,0,32.3,45.98638242372466
11,3,22,1,19.6,25.654383025538788
11,3,22,2,15.1,17.01671005372753
11,3,22,3,13.8,18.70997482346614
11,3,22,4,22.15,33.18572140639944
11,3,22,5,28.05,26.729591329303535
15,3,65,0,13.5,10.956853178670752
15,3,65,1,10.65,10.085294140219055
15,3,65,2,17.1,26.73633443363859
15,3,65,3,34.5,109.42072352549177
15,3,65,4,11.052631578947368,9.371787948770775
15,3,65,5,9.473684210526315,6.994985672708951
15,3,65,6,9.105263157894736,10.529823976803039
15,3,65,7,25.63157894736842,26.18780574218931
11,20,108,0,33.4,30.684129276772452
11,20,108,1,22.05,38.53156600694252
11,20,108,2,20.05,27.37550768575135
11,20,108,3,17.5,16.972113350403582
11,20,108,4,23.35,28.835787341061923
11,20,108,5,31.2,31.250431575967244
15,3,65,0,9.6,7.9960516572407885
15,3,65,1,9.3,10.518655107149293
15,3,65,2,9.0,8.11755731991498
15,3,65,3,10.5,8.223842103747398
15,3,65,4,4.45,4.322219215561425
15,3,65,5,10.4,12.625788146321382
15,3,65,6,9.15,8.254344948347857
15,3,65,7,14.35,15.023753122796474
11,3,22,0,48.45,113.86486681473282
11,3,22,1,15.31578947368421,23.638604563954154
11,3,22,2,31.842105263157894,54.96894391673936
11,3,22,3,42.73684210526316,111.48385139923637
11,3,22,4,22.41176470588235,24.814458546201983
11,3,22,5,15.294117647058824,10.953108610586042
15,3,65,0,14.0,12.148207578421642
15,3,65,1,10.0,15.276400788557218
15,3,65,2,15.25,13.102330045895615
15,3,65,3,9.3,8.933084573650918
15,3,65,4,6.4,5.295479700948526
15,3,65,5,10.0,10.548135280452978
15,3,65,6,6.65,6.080815388537436
15,3,65,7,19.4,22.427426818166424
11,20,108,0,16.75,12.264089641585395
11,20,108,1,21.2,22.38326442491777
11,20,108,2,29.7,29.936951291532328
11,20,108,3,30.95,46.833945179246115
11,20,108,4,23.65,32.175955390060416
11,20,108,5,30.95,35.98460928318047
11,3,22,0,28.45,30.38260409476033
11,3,22,1,20.4,20.856401263981535
11,3,22,2,22.65,31.18919347263863
11,3,22,3,12.95,13.052424658801298
11,3,22,4,20.05,28.744747804003943
11,3,22,5,29.0,33.24708139149408
15,3,65,0,9.3,8.240464984325504
15,3,65,1,11.5,13.77832011760352
15,3,65,2,24.8,54.66414200417521
15,3,65,3,12.35,13.681624249527653
15,3,65,4,8.2,6.9630604281677595
15,3,65,5,8.35,9.477258097816666
15,3,65,6,10.7,10.224325997603128
15,3,65,7,15.15,12.372614070897402
11,13,108,0,16.9,17.07229211016309
11,13,108,1,25.7,28.610082874840874
11,13,108,2,18.9,17.570609431362183
11,13,108,3,15.05,15.418631927843524
11,13,108,4,17.15,15.111079936328352
11,13,108,5,18.55,14.97181562663309
15,23,65,0,9.25,8.090767968233267
15,23,65,1,9.4,11.25026315481694
15,23,65,2,10.75,12.472601551949143
15,23,65,3,8.15,5.7516587996306265
15,23,65,4,10.9,23.790533278684833
15,23,65,5,12.05,13.268383473505729
15,23,65,6,12.5,10.713984958184817
15,23,65,7,9.2,9.058871778247932
11,1,22,0,26.8,30.182950921269935
11,1,22,1,21.3,20.555700963607716
11,1,22,2,27.55,20.106231032090264
11,1,22,3,25.95,26.41665144722568
11,1,22,4,16.45,20.68936925089791
11,1,22,5,29.2,28.23883104782081
15,23,65,0,14.8,13.387346736063085
15,23,65,1,12.05,11.231886001820653
15,23,65,2,7.15,6.768930569346356
15,23,65,3,12.5,10.816653826391969
15,23,65,4,14.75,12.615258096531567
15,23,65,5,13.7,14.060396041438706
15,23,65,6,8.55,8.191619594374934
15,23,65,7,11.4,16.200714734070743
11,13,108,0,38.85,58.171502337575276
11,13,108,1,17.8,25.982990387437777
11,13,108,2,16.65,13.78509874351363
11,13,108,3,15.35,14.042323244579693
11,13,108,4,16.55,21.03999949969981
11,13,108,5,50.2,109.35389194816308
11,1,22,0,24.15,17.628550407611066
11,1,22,1,29.1,32.978302276688396
11,1,22,2,16.05,17.904645089737848
11,1,22,3,10.55,7.54268554714817
11,1,22,4,16.75,20.514115807619422
11,1,22,5,34.3,38.22523277957416
15,23,65,0,10.85,11.155716023635597
15,23,65,1,6.9,5.200202425209801
15,23,65,2,9.8,9.633275663033837
15,23,65,3,36.2,110.76746624775421
15,23,65,4,8.789473684210526,9.168660070336347
15,23,65,5,7.2631578947368425,6.081320262932292
15,23,65,6,7.578947368421052,7.647191129018725
15,23,65,7,8.473684210526315,6.874820571821262
11,13,108,0,20.95,20.340457480752878
11,13,108,1,22.55,25.249231358806277
11,13,108,2,21.5,21.830688201896457
11,13,108,3,51.7,110.20559733611776
11,13,108,4,20.31578947368421,28.262760405363704
11,13,108,5,23.94736842105263,26.87103703951426
11,1,22,0,20.0,23.55061737932508
11,1,22,1,24.65,35.61678344766544
11,1,22,2,15.35,14.499637019050185
11,1,22,3,20.55,30.060421609957853
11,1,22,4,19.35,20.939197692366342
11,1,22,5,39.5,53.99463911011517
15,23,65,0,13.25,19.235042035443104
15,23,65,1,11.9,11.205731616125362
15,23,65,2,15.7,10.921249205586617
15,23,65,3,8.85,12.88113675925096
15,23,65,4,7.9,7.3046488441842365
15,23,65,5,37.2,107.86619391391207
15,23,65,6,13.31578947368421,10.258073414410651
15,23,65,7,21.789473684210527,25.314859376720975
11,13,108,0,16.35,17.595678297151323
11,13,108,1,29.0,29.467198534534703
11,13,108,2,17.2,18.469320222295245
11,13,108,3,15.05,21.094960735233723
11,13,108,4,17.75,16.695019742741433
11,13,108,5,14.15,12.364103389715686
11,1,22,0,24.15,36.99256682091688
11,1,22,1,24.45,39.42945065490221
11,1,22,2,14.95,11.339149694288091
11,1,22,3,20.25,20.636898481781813
11,1,22,4,13.85,12.427791436936813
11,1,22,5,33.2,23.175758660153587
15,23,65,0,11.95,11.555244878864588
15,23,65,1,10.25,9.335134537975618
15,23,65,2,17.25,22.456683450121197
15,23,65,3,10.4,10.122408700242094
15,23,65,4,8.8,8.451720472623808
15,23,65,5,11.1,12.932618898697484
15,23,65,6,9.3,7.327669263968268
15,23,65,7,13.8,13.438358295722379
15,12,65,0,11.1,11.876114906111253
15,12,65,1,14.7,17.538228920966066
15,12,65,2,7.75,6.957578223551792
15,12,65,3,14.35,16.291021098171
15,12,65,4,7.95,7.082038065267281
15,12,65,5,13.15,15.373507629754025
15,12,65,6,10.95,10.620114976084919
15,12,65,7,10.8,12.890633074160151
11,13,108,0,31.65,29.290334313737805
11,13,108,1,17.9,19.649293545624108
11,13,108,2,20.6,15.988153509132284
11,13,108,3,24.7,28.43478225879817
11,13,108,4,28.4,30.827875287421968
11,13,108,5,37.6,39.34784151105302
11,1,22,0,18.5,19.616051429485253
11,1,22,1,14.25,16.11757785119941
11,1,22,2,14.6,14.467386189560807
11,1,22,3,34.4,108.87626970677843
11,1,22,4,23.789473684210527,38.10450388568612
11,1,22,5,38.26315789473684,30.206404959623967
15,12,65,0,9.45,9.82732495593148
15,12,65,1,8.75,8.848877419138958
15,12,65,2,5.45,5.316063046634179
15,12,65,3,11.7,10.804969616850045
15,12,65,4,6.3,7.441703257213435
15,12,65,5,7.95,8.732727312574779
15,12,65,6,6.6,7.528192625758609
15,12,65,7,12.65,10.307253450081186
11,15,108,0,31.55,30.046411468015
11,15,108,1,14.9,11.697503107388705
11,15,108,2,15.05,15.48335269010933
11,15,108,3,15.15,14.586493391959708
11,15,108,4,25.05,29.355309750134058
11,15,108,5,21.35,20.337352205654554
15,12,65,0,16.0,16.789721166300087
15,12,65,1,11.7,11.117080267957522
15,12,65,2,8.85,10.059167068165394
15,12,65,3,36.45,108.92656869846333
15,12,65,4,13.578947368421053,12.267009911292266
15,12,65,5,18.94736842105263,21.88980910583869
15,12,65,6,10.578947368421053,8.546056852098413
15,12,65,7,18.42105263157895,24.53640331669045
11,9,22,0,22.1,17.60053826928089
11,9,22,1,26.25,26.546632257416878
11,9,22,2,25.35,30.774690558109086
11,9,22,3,73.85,146.25258432264584
11,9,22,4,23.88888888888889,22.18873293545726
11,9,22,5,28.944444444444443,29.806182189807977
11,15,108,0,36.3,44.66730819125585
11,15,108,1,43.8,107.25552371985813
11,15,108,2,26.42105263157895,26.01562733237613
11,15,108,3,20.105263157894736,20.5720812344252
11,15,108,4,26.894736842105264,28.514898127201477
11,15,108,5,24.473684210526315,25.723677854054642
15,12,65,0,13.1,15.58643134605427
15,12,65,1,11.75,14.123049469423712
15,12,65,2,7.75,9.754216362276637
15,12,65,3,5.55,4.430456790041074
15,12,65,4,33.9,108.80107391110865
15,12,65,5,5.947368421052632,5.787665852776214
15,12,65,6,8.0,8.56997342145496
15,12,65,7,8.894736842105264,7.248714344566408
11,9,22,0,18.1,14.990874417107019
11,9,22,1,14.8,12.784036097702808
11,9,22,2,50.5,111.45001239640081
11,9,22,3,22.0,26.758176320519304
11,9,22,4,9.842105263157896,12.325507237228445
11,9,22,5,25.94736842105263,30.017538732863283
11,15,108,0,25.8,22.54025638484924
11,15,108,1,21.0,30.017538732863283
11,15,108,2,28.4,40.384207439620695
11,15,108,3,17.55,24.08859743355328
11,15,108,4,21.95,34.10274722688852
11,15,108,5,40.85,54.21426788314366
15,12,65,0,17.65,17.598669208060503
15,12,65,1,15.45,24.502362936535
15,12,65,2,14.85,19.167612486197978
15,12,65,3,35.95,108.62415889081417
15,12,65,4,15.052631578947368,14.979518180244675
15,12,65,5,16.157894736842106,21.00598633695414
15,12,65,6,11.0,9.1104335791443
15,12,65,7,15.736842105263158,16.127416632909995
15,14,65,0,12.35,12.14506614139863
15,14,65,1,10.25,8.097270495277048
15,14,65,2,5.55,4.989198859852942
15,14,65,3,6.75,5.437443284640697
15,14,65,4,8.85,7.9490151657462045
15,14,65,5,7.75,6.007670535503582
15,14,65,6,10.35,10.064397908626125
15,14,65,7,8.3,8.560004918837741
11,9,22,0,45.8,88.58988893238681
11,9,22,1,17.45,14.834082378091338
11,9,22,2,37.05,38.77258255384515
11,9,22,3,36.65,45.489472466309806
11,9,22,4,15.421052631578947,12.212542684896105
11,9,22,5,21.526315789473685,18.774594006714473
11,15,108,0,19.6,21.241468875762806
11,15,108,1,39.6,73.79231168053956
11,15,108,2,16.0,18.558584338024787
11,15,108,3,21.1,31.195310038867262
11,15,108,4,41.31578947368421,110.42949114534522
11,15,108,5,17.22222222222222,16.51222561532036
15,14,65,0,15.2,11.095755471065692
15,14,65,1,10.95,12.513045823838162
15,14,65,2,16.85,18.846401303836846
15,14,65,3,16.7,23.877097593168315
15,14,65,4,12.7,15.63767380735585
15,14,65,5,20.95,44.20344711492651
15,14,65,6,12.6,13.04001937357295
15,14,65,7,16.9,15.801065920074073
11,9,22,0,18.0,18.128198447373872
11,9,22,1,24.15,32.46905409284678
11,9,22,2,19.6,22.751286834629354
11,9,22,3,16.7,17.84465126998475
11,9,22,4,24.4,27.99887215773634
11,9,22,5,24.85,31.094550207899438
11,15,108,0,26.65,25.028983199482955
11,15,108,1,20.25,21.415378144049466
11,15,108,2,23.65,23.36500982688701
11,15,108,3,20.15,21.332641162016678
11,15,108,4,14.65,14.102164820749293
11,15,108,5,23.5,38.31242755638382
15,14,65,0,9.3,7.767001724570021
15,14,65,1,9.3,8.790545160029971
15,14,65,2,9.7,12.595320768569488
15,14,65,3,11.3,14.06788054960287
15,14,65,4,10.15,10.698130677833394
15,14,65,5,10.35,12.334269760562064
15,14,65,6,7.5,11.887631785754646
15,14,65,7,15.45,15.736230405291513
11,9,22,0,16.65,16.537914970725524
11,9,22,1,15.25,17.124543789543708
11,9,22,2,53.05,114.69064799207521
11,9,22,3,28.57894736842105,27.400964681869798
11,9,22,4,14.263157894736842,14.559617307482737
11,9,22,5,21.157894736842106,20.254665190723447
15,14,65,0,12.7,17.947584502480666
15,14,65,1,9.6,9.360611765882558
15,14,65,2,6.25,5.561853155767041
15,14,65,3,11.85,11.122641677890053
15,14,65,4,8.0,6.553424175273003
15,14,65,5,13.45,12.249489785293099
15,14,65,6,9.7,9.509551984576792
15,14,65,7,20.75,14.204799040798628
11,1,108,0,22.5,13.808845372670222
11,1,108,1,21.6,21.002255517970095
11,1,108,2,21.85,21.883122552130875
11,1,108,3,21.0,21.579717572904325
11,1,108,4,20.95,34.11200591241185
11,1,108,5,24.1,17.38087272958712
11,9,22,0,18.75,25.264651819863804
11,9,22,1,23.65,22.53716229276717
11,9,22,2,13.9,14.040917648823834
11,9,22,3,14.4,11.90930640076778
11,9,22,4,15.5,19.69637957648696
11,9,22,5,29.5,38.16929049435037
15,14,65,0,17.85,24.22107607675161
15,14,65,1,13.65,12.486940546447972
15,14,65,2,12.25,12.535738384399432
15,14,65,3,9.95,14.587215022246815
15,14,65,4,12.9,16.052217423475373
15,14,65,5,12.25,13.325381400683593
15,14,65,6,10.8,9.145605789840163
15,14,65,7,13.15,15.718828803297287
11,1,108,0,34.7,41.04310955696782
11,1,108,1,23.25,32.68489913674122
11,1,108,2,34.35,52.01343449937769
11,1,108,3,27.6,37.26067490984083
11,1,108,4,23.75,32.48947197899166
11,1,108,5,30.94736842105263,28.926100640176408
16,40,65,0,11.5,11.213244049126155
16,40,65,1,11.5,11.450120661281032
16,40,65,2,7.05,5.567528035048646
16,40,65,3,15.2,15.066868497328485
16,40,65,4,10.45,13.240587520753634
16,40,65,5,10.4,11.811680213825813
16,40,65,6,8.35,9.183939070034452
16,40,65,7,8.35,8.505570929814485
16,40,65,8,12.45,10.801924779749598
11,9,22,0,15.0,17.189347986777342
11,9,22,1,16.85,13.071765474930267
11,9,22,2,17.55,21.66606611853272
11,9,22,3,29.2,53.46577852873939
11,9,22,4,10.25,12.332562801914202
11,9,22,5,37.35,36.76278868066115
11,9,22,0,8.9,6.919841799226033
11,9,22,1,15.1,20.60378095092462
11,9,22,2,11.9,16.341422987706974
11,9,22,3,9.9,12.789387047573136
11,9,22,4,6.95,7.279929149452805
11,9,22,5,22.9,26.736334433638586
11,1,108,0,18.9,11.880545796429248
11,1,108,1,30.95,33.75215392736946
11,1,108,2,20.65,21.998265481863026
11,1,108,3,20.8,24.191342514039583
11,1,108,4,18.55,20.67155431733997
11,1,108,5,27.3,27.299701174381493
16,40,65,0,7.7,8.74853371172925
16,40,65,1,15.7,17.929980773171952
16,40,65,2,10.9,14.15292419106012
16,40,65,3,12.9,10.300229941224869
16,40,65,4,9.85,11.022823212723107
16,40,65,5,6.95,6.762707337029732
16,40,65,6,7.75,7.166258658316398
16,40,65,7,11.3,11.041071648979312
16,40,65,8,11.15,10.23551608243005
16,40,65,0,9.15,6.776701573075674
16,40,65,1,8.9,9.07802436192972
16,40,65,2,6.65,4.475371198953339
16,40,65,3,10.5,10.684469792031896
16,40,65,4,12.15,12.4489483808663
16,40,65,5,10.8,13.32429518230751
16,40,65,6,8.9,10.925103877622496
16,40,65,7,5.95,4.430456790041074
16,40,65,8,5.65,5.8783724922715415
11,9,22,0,27.95,34.051779457328315
11,9,22,1,23.55,29.630132244762347
11,9,22,2,16.6,16.92833190401912
11,9,22,3,14.5,15.14665153199145
11,9,22,4,27.05,31.251905205080995
11,9,22,5,22.85,25.90321053053991
11,1,108,0,41.0,77.36040058678192
11,1,108,1,29.7,56.01043135928014
11,1,108,2,20.9,19.061948870376348
11,1,108,3,19.25,18.25801914660774
11,1,108,4,24.36842105263158,23.450208542820132
11,1,108,5,33.0,27.223355985460557
16,40,65,0,10.25,8.187763655859305
16,40,65,1,14.4,14.590552098063863
16,40,65,2,15.65,13.499610130822687
16,40,65,3,8.85,9.680555660432764
16,40,65,4,7.75,7.531512743833494
16,40,65,5,7.95,8.899881726002999
16,40,65,6,12.0,15.647431267245045
16,40,65,7,13.85,18.739979778678077
16,40,65,8,8.05,6.893742395138241
11,9,22,0,33.2,30.886208811326167
11,9,22,1,17.9,20.05754878238851
11,9,22,2,15.6,12.91836717725254
11,9,22,3,26.35,21.86628021695313
11,9,22,4,25.6,26.320694279756776
11,9,22,5,31.6,25.903464511223408
11,1,108,0,25.55,24.528125639119292
11,1,108,1,13.85,14.470569042752002
11,1,108,2,23.25,31.452344904633105
11,1,108,3,22.0,24.23785642771502
11,1,108,4,17.65,24.396451424444155
11,1,108,5,30.2,32.77290279933617
16,40,65,0,10.8,6.701138944828314
16,40,65,1,13.3,16.38709376629252
16,40,65,2,10.15,14.470569042752002
16,40,65,3,9.8,7.750042444705503
16,40,65,4,10.6,10.174270955389591
16,40,65,5,16.5,14.500453713409687
16,40,65,6,14.9,17.9088334569696
16,40,65,7,12.25,14.171413033583526
16,40,65,8,9.85,12.34706442843804
11,21,22,0,24.95,24.090782251178233
11,21,22,1,22.65,22.962841837698523
11,21,22,2,8.2,7.251860015486408
11,21,22,3,12.8,24.349646058164677
11,21,22,4,17.55,17.488266743282782
11,21,22,5,29.3,30.04750624559295
16,47,65,0,9.4,8.537224989791225
16,47,65,1,12.7,14.80789263232707
16,47,65,2,14.2,16.822916700613764
16,47,65,3,11.75,17.86756838520564
16,47,65,4,11.9,13.614620624051266
16,47,65,5,11.1,14.040917648823834
16,47,65,6,15.1,26.353667476722936
16,47,65,7,10.7,13.44031641231552
16,47,65,8,9.45,11.988920323628637
11,8,108,0,39.55,32.58426323436385
11,8,108,1,36.95,49.40325474042543
11,8,108,2,44.95,94.10211418845404
11,8,108,3,29.157894736842106,39.85984216656985
11,8,108,4,18.842105263157894,20.1639479101102
11,8,108,5,18.555555555555557,13.793528841761152
16,47,65,0,12.0,10.518154731100338
16,47,65,1,9.8,11.574018089533213
16,47,65,2,10.55,9.433841657620327
16,47,65,3,8.3,8.742515596060919
16,47,65,4,10.0,8.045920836378095
16,47,65,5,31.6,107.85048129604927
16,47,65,6,17.789473684210527,21.95596336955817
16,47,65,7,7.315789473684211,5.196715111800566
16,47,65,8,9.210526315789474,11.118447870136176
11,21,22,0,22.1,23.861221568411832
11,21,22,1,24.45,37.953538077912825
11,21,22,2,26.85,45.059346831063856
11,21,22,3,10.95,11.038091940376766
11,21,22,4,45.4,107.64336829011857
11,21,22,5,25.105263157894736,27.18433931684872
11,8,108,0,16.4,11.865030441108066
11,8,108,1,18.55,20.68173615841561
11,8,108,2,17.95,26.17044335243784
11,8,108,3,15.7,14.01164928869809
11,8,108,4,26.95,25.7814192578176
11,8,108,5,20.65,18.465544015529943
16,47,65,0,7.3,7.6715468830573785
16,47,65,1,8.15,8.106365270251324
16,47,65,2,9.35,10.418985706770824
16,47,65,3,7.1,8.428647890566904
16,47,65,4,7.15,6.776701573075675
16,47,65,5,9.25,6.919651649278916
16,47,65,6,11.05,18.216461612624183
16,47,65,7,7.3,8.079213093521318
16,47,65,8,9.6,12.51693589543888
11,21,22,0,21.1,23.174168922814857
11,21,22,1,16.55,23.875719884434893
11,21,22,2,17.85,15.5809431509676
11,21,22,3,18.1,27.569815683861677
11,21,22,4,18.05,27.78957585706895
11,21,22,5,24.3,17.131380870388583
11,8,108,0,34.85,38.766880873131626
11,8,108,1,34.4,75.03360650577285
11,8,108,2,23.31578947368421,24.50408725901989
11,8,108,3,16.94736842105263,18.425446426705427
11,8,108,4,11.421052631578947,10.484463582281505
11,8,108,5,21.36842105263158,18.750438591361565
16,47,65,0,14.85,14.22109256295769
16,47,65,1,15.05,10.772650555921695
16,47,65,2,12.45,9.046517212950548
16,47,65,3,14.75,13.874911095020998
16,47,65,4,14.0,21.3048054870751
16,47,65,5,8.7,8.442374323051917
16,47,65,6,12.4,25.36346315387342
16,47,65,7,13.5,12.05906516408212
16,47,65,8,8.3,10.239757398441984
16,47,65,0,9.8,9.006430451276701
16,47,65,1,8.7,5.381254011551778
16,47,65,2,8.85,6.853927034151566
16,47,65,3,12.0,10.63756996389881
16,47,65,4,8.45,12.037113659975049
16,47,65,5,11.3,10.24489603348136
16,47,65,6,9.65,8.151686941977102
16,47,65,7,7.05,6.185509382079173
16,47,65,8,7.8,9.237224463521155
11,21,22,0,22.55,30.06217241861133
11,21,22,1,21.4,22.89196595452557
11,21,22,2,34.65,66.8472532207412
11,21,22,3,25.75,28.328663185804178
11,21,22,4,16.9,17.734593016860696
11,21,22,5,33.35,35.60052483350565
11,8,108,0,19.0,17.26267650163207
11,8,108,1,29.1,23.62180081374429
11,8,108,2,22.15,29.023175857271465
11,8,108,3,21.15,18.419883421540916
11,8,108,4,20.9,27.75058083792311
11,8,108,5,22.85,26.147909245190846
16,47,65,0,16.15,23.551231949004055
16,47,65,1,13.5,11.071537714717909
16,47,65,2,12.45,15.115258933659687
16,47,65,3,10.1,14.425489137013873
16,47,65,4,9.9,11.960021123023065
16,47,65,5,35.05,108.52139008169382
16,47,65,6,10.263157894736842,10.450104227354535
16,47,65,7,7.894736842105263,8.569291017231922
16,47,65,8,11.947368421052632,9.749493913990992
11,21,22,0,15.6,14.184498581197715
11,21,22,1,36.95,108.99226191750833
11,21,22,2,10.894736842105264,14.54454741987948
11,21,22,3,32.1578947368421,112.63030140828727
11,21,22,4,48.5,119.38137109576974
11,21,22,5,25.294117647058822,20.690470952476993
11,8,108,0,30.75,28.90069203323685
11,8,108,1,30.55,26.867070433603487
11,8,108,2,23.65,43.435705661538286
11,8,108,3,20.05,21.3971837792783
11,8,108,4,14.45,15.574861661969061
11,8,108,5,29.75,24.16581970687655
16,47,65,0,8.45,6.660764931573866
16,47,65,1,7.2,6.985699678629192
16,47,65,2,13.9,16.15028107951587
16,47,65,3,8.35,6.8692679453682075
16,47,65,4,7.4,5.613892542049965
16,47,65,5,8.6,9.593857684120497
16,47,65,6,6.15,6.2346653985261264
16,47,65,7,7.7,6.634042984168062
16,47,65,8,10.75,8.771214883145651
11,16,22,0,19.45,20.405043236261083
11,16,22,1,18.2,34.05042700095505
11,16,22,2,25.15,21.06200120446398
11,16,22,3,20.65,23.548997073291567
11,16,22,4,17.25,34.743988499337625
11,16,22,5,20.65,15.758957352632986
11,13,108,0,23.3,21.55555856996422
11,13,108,1,22.5,27.17099847069917
11,13,108,2,24.6,28.79948829954778
11,13,108,3,28.5,39.22203999096212
11,13,108,4,18.1,16.328534919936295
11,13,108,5,37.4,28.945320501721316
16,47,65,0,11.1,13.70708614280642
16,47,65,1,16.05,16.922345862015828
16,47,65,2,11.75,12.936586225040001
16,47,65,3,6.2,6.53412096935045
16,47,65,4,11.35,12.410839913898696
16,47,65,5,10.95,13.076596209298986
16,47,65,6,12.95,15.513915654900552
16,47,65,7,8.8,11.057743178900761
16,47,65,8,11.8,12.93953549967573
11,16,22,0,13.75,13.356941818277194
11,16,22,1,17.6,17.079997534820478
11,16,22,2,14.4,22.125003716919107
11,16,22,3,13.4,19.101942585148663
11,16,22,4,12.3,13.684797558258811
11,16,22,5,22.55,30.82458861295467
11,13,108,0,26.55,24.96413216470467
11,13,108,1,12.65,11.833382752553094
11,13,108,2,23.7,25.037025214249145
11,13,108,3,21.5,23.105023377247598
11,13,108,4,12.65,10.424035989758933
11,13,108,5,22.25,17.98208172481414
16,47,65,0,14.35,13.777460616987137
16,47,65,1,11.8,17.135988598944557
16,47,65,2,18.0,14.108601333192011
16,47,65,3,9.45,9.762845788740945
16,47,65,4,11.85,9.571201321508294
16,47,65,5,10.95,13.682393604075353
16,47,65,6,12.1,13.090374125167017
16,47,65,7,8.8,9.023944755336682
16,47,65,8,13.8,10.885045269833093
16,47,65,0,8.15,6.6591843976650225
16,47,65,1,7.85,7.624579367172708
16,47,65,2,10.15,8.785604253849767
16,47,65,3,10.9,8.277426500651288
16,47,65,4,9.9,14.282488357573076
16,47,65,5,9.2,8.994735302269586
16,47,65,6,9.45,12.696767097841958
16,47,65,7,6.9,4.887147483585471
16,47,65,8,8.6,10.683977181792024
11,16,22,0,29.3,35.504039799792686
11,16,22,1,26.85,29.619117226263814
11,16,22,2,15.7,17.523217680972202
11,16,22,3,16.75,16.90803297096881
11,16,22,4,30.45,37.336978988664846
11,16,22,5,32.2,42.03707636686552
11,13,108,0,24.7,34.105255035736526
11,13,108,1,16.4,10.20010319865235
11,13,108,2,26.3,27.347856646506955
11,13,108,3,17.9,17.250171623860197
11,13,108,4,21.0,33.813731250079925
11,13,108,5,18.95,13.378989813175458
16,31,65,0,11.8,11.190221295022674
16,31,65,1,11.8,20.715110172858946
16,31,65,2,10.05,9.456131399924155
16,31,65,3,6.9,5.693024355805047
16,31,65,4,15.35,17.55375203557108
16,31,65,5,12.25,12.560904258431146
16,31,65,6,12.45,15.490149671391341
16,31,65,7,11.8,11.673632005957971
16,31,65,8,11.45,15.291810673828348
11,13,108,0,38.65,47.68788326741202
11,13,108,1,18.55,16.75669544108453
11,13,108,2,17.2,21.45398993685152
11,13,108,3,16.45,15.67926891421314
11,13,108,4,11.65,12.270096297824836
11,13,108,5,25.4,27.32147795956026
11,16,22,0,25.15,37.61057382117288
11,16,22,1,26.5,28.515000669084593
11,16,22,2,57.25,118.6209686797672
11,16,22,3,19.63157894736842,19.661611006436402
11,16,22,4,28.166666666666668,45.84532819870591
11,16,22,5,21.38888888888889,17.640657880518976
16,31,65,0,8.1,8.200770182058962
16,31,65,1,17.75,17.74935135953454
16,31,65,2,18.35,21.798780748135048
16,31,65,3,11.6,11.113765764747978
16,31,65,4,12.9,18.77260041432165
16,31,65,5,7.45,9.864743174291808
16,31,65,6,18.1,22.104774430687566
16,31,65,7,13.5,13.008094645865299
16,31,65,8,11.0,14.491376746189436
11,16,22,0,19.8,21.678512281446856
11,16,22,1,28.95,38.01173641473325
11,16,22,2,23.45,22.793062194679464
11,16,22,3,19.5,18.944517329351658
11,16,22,4,18.25,21.829181338170628
11,16,22,5,31.15,30.305940011819462
11,13,108,0,31.45,31.526889108221656
11,13,108,1,20.55,17.91052322254331
11,13,108,2,23.65,31.979063874913376
11,13,108,3,24.75,28.50830903807741
11,13,108,4,19.45,28.61261223564476
11,13,108,5,58.75,112.7287732381998
16,31,65,0,12.55,9.533735116058024
16,31,65,1,12.45,10.379509165963283
16,31,65,2,18.15,16.737210356756464
16,31,65,3,14.65,13.819418069856404
16,31,65,4,17.55,29.168250583558542
16,31,65,5,14.35,22.361327048465192
16,31,65,6,13.95,13.967914360381343
16,31,65,7,11.3,9.900026581569843
16,31,65,8,12.35,11.314987731695563
11,13,22,0,10.95,14.140181641057701
11,13,22,1,14.15,13.043550533743325
11,13,22,2,26.7,28.129587345187385
11,13,22,3,17.2,24.247843094527852
11,13,22,4,17.25,19.54986875713115
11,13,22,5,20.95,19.198341485385495
11,14,108,0,21.7,26.932859992366595
11,14,108,1,19.1,15.078391649537497
11,14,108,2,24.45,21.750922545467983
11,14,108,3,24.1,28.007329867657674
11,14,108,4,26.65,45.61310407281985
11,14,108,5,39.7,44.34683872908144
16,31,65,0,11.45,12.141598784864849
16,31,65,1,15.0,23.572955065632218
16,31,65,2,13.2,19.699318716512426
16,31,65,3,11.3,11.526171592465008
16,31,65,4,10.2,11.478125649297128
16,31,65,5,12.3,11.978489492682948
16,31,65,6,11.5,19.465218643573085
16,31,65,7,15.65,16.329743608391084
16,31,65,8,12.45,15.153512707237917
11,13,22,0,27.8,35.040728182772504
11,13,22,1,14.6,12.96716501094409
11,13,22,2,12.9,10.228443314189063
11,13,22,3,44.05,107.7904765835334
11,13,22,4,11.842105263157896,8.71310097812316
11,13,22,5,26.473684210526315,26.702826361127293
11,14,108,0,21.05,18.222239159883728
11,14,108,1,13.25,8.771214883145651
11,14,108,2,20.4,15.219101571103959
11,14,108,3,16.35,19.079542640441385
11,14,108,4,19.35,20.579179565253504
11,14,108,5,28.25,22.494151286618113
16,31,65,0,18.1,36.314271516711905
16,31,65,1,12.95,18.51450356086447
16,31,65,2,13.45,13.643872733131701
16,31,65,3,18.45,26.597338608451626
16,31,65,4,16.7,25.963739897666596
16,31,65,5,11.4,8.22320209113086
16,31,65,6,13.8,20.27339454348456
16,31,65,7,22.5,22.224926736010914
16,31,65,8,9.157894736842104,12.130142244722151
11,13,22,0,25.2,29.927280285103723
11,13,22,1,12.8,12.416457669264272
11,13,22,2,13.5,11.431719491236468
11,13,22,3,40.85,106.97332426947925
11,13,22,4,9.842105263157896,8.782957979928685
11,13,22,5,18.68421052631579,21.758912941543308
11,14,108,0,15.4,16.22992687339624
11,14,108,1,40.25,109.27987969092553
11,14,108,2,10.0,7.2571803523590805
11,14,108,3,22.263157894736842,25.875432589541504
11,14,108,4,21.473684210526315,28.835488206669208
11,14,108,5,12.157894736842104,11.290424447757768
16,30,65,0,10.7,8.856160508220729
16,30,65,1,8.3,5.912520167986076
16,30,65,2,12.5,14.978932573872932
16,30,65,3,8.55,6.500809666171551
16,30,65,4,9.8,11.330443387988886
16,30,65,5,13.45,25.45475862863573
16,30,65,6,10.25,10.75994032462419
16,30,65,7,10.2,12.458774122343618
16,30,65,8,11.4,11.564009503172924
16,30,65,0,12.15,14.291237654038595
16,30,65,1,13.3,13.947646471905687
16,30,65,2,10.2,6.825648224470005
16,30,65,3,14.9,13.062199379567705
16,30,65,4,13.2,11.464361253352427
16,30,65,5,10.25,10.462338472625968
16,30,65,6,9.75,10.171554763937984
16,30,65,7,11.1,12.152106163563841
16,30,65,8,11.4,9.207548390772708
11,13,22,0,45.55,111.04170624731857
11,13,22,1,10.894736842105264,10.938691455573373
11,13,22,2,20.894736842105264,45.709097972142274
11,13,22,3,68.6842105263158,150.59993088074958
11,13,22,4,17.41176470588235,13.26206442983808
11,13,22,5,15.058823529411764,12.064776149162974
11,14,108,0,61.0,109.0726459991833
11,14,108,1,39.63157894736842,47.12419822638399
11,14,108,2,25.263157894736842,24.686573285589784
11,14,108,3,46.526315789473685,111.75487482335447
11,14,108,4,19.5,18.93409622876149
11,14,108,5,32.5,28.63410143004111
16,30,65,0,15.5,14.48229408986239
16,30,65,1,14.3,15.815049461626234
16,30,65,2,16.1,18.32427208290744
16,30,65,3,10.6,12.010521703029696
16,30,65,4,12.55,14.76651617681029
16,30,65,5,6.5,7.77648276604059
16,30,65,6,15.0,17.696267819425714
16,30,65,7,8.9,10.182027509809936
16,30,65,8,9.55,8.293783340868217
11,13,22,0,38.8,109.3250103806848
11,13,22,1,17.57894736842105,21.451018596570403
11,13,22,2,14.894736842105264,22.786191571120206
11,13,22,3,39.1578947368421,109.91019726116546
11,13,22,4,19.444444444444443,24.838826869669948
11,13,22,5,16.166666666666668,14.75386290393927
11,14,108,0,28.35,32.55646916068335
11,14,108,1,17.5,26.200642820559313
11,14,108,2,25.5,22.4135767126229
11,14,108,3,17.4,13.027905272509225
11,14,108,4,22.35,29.792749029534722
11,14,108,5,36.15,28.757195895800997
16,30,65,0,15.7,9.125441589891762
16,30,65,1,14.75,15.770976006909853
16,30,65,2,11.0,12.760960201456545
16,30,65,3,11.05,10.850539642170606
16,30,65,4,14.9,25.015574096318897
16,30,65,5,19.3,52.395359376671195
16,30,65,6,14.473684210526315,16.44643973986343
16,30,65,7,11.68421052631579,13.051405337608271
16,30,65,8,7.7368421052631575,8.298876130491392
11,13,22,0,24.1,42.2098766192289
11,13,22,1,14.6,16.26555935259011
11,13,22,2,15.35,11.979258390190411
11,13,22,3,12.9,13.783666917196255
11,13,22,4,24.85,19.087816450346153
11,13,22,5,23.55,42.93627468948053
16,30,65,0,12.65,13.967160733211614
16,30,65,1,12.15,12.790930174809107
16,30,65,2,15.65,14.730115946233203
16,30,65,3,11.55,9.561298084079985
16,30,65,4,6.95,5.365337091484855
16,30,65,5,8.55,7.591373220203382
16,30,65,6,11.45,13.66314674397404
16,30,65,7,15.9,19.23237402210959
16,30,65,8,9.1,10.119808610630415
11,12,108,0,19.8,24.080129392902926
11,12,108,1,32.0,42.612081311339516
11,12,108,2,22.45,37.56184374153055
11,12,108,3,25.9,34.16353858166704
11,12,108,4,11.0,18.40766430765071
11,12,108,5,30.0,29.45290620992309
11,13,22,0,17.9,17.362694430725227
11,13,22,1,14.25,12.859053742709637
11,13,22,2,19.3,20.39891637988852
11,13,22,3,12.75,15.008331019803633
11,13,22,4,16.75,18.19738269208254
11,13,22,5,65.9,144.15886704385693
16,29,65,0,8.75,5.874790029842501
16,29,65,1,11.7,9.217260695935757
16,29,65,2,12.0,11.424811411549587
16,29,65,3,15.65,14.046070812264826
16,29,65,4,9.35,9.359908906439319
16,29,65,5,11.05,16.2981271122918
16,29,65,6,12.7,8.367229309382497
16,29,65,7,8.4,9.944054028730728
16,29,65,8,10.95,14.420289069297649
11,12,108,0,26.25,39.68809313688559
11,12,108,1,11.5,11.274096999666746
11,12,108,2,18.8,21.45398993685152
11,12,108,3,18.75,32.05238311199176
11,12,108,4,26.05,46.891223508299106
11,12,108,5,15.95,11.900796081288892
16,29,65,0,11.35,9.842309313955692
16,29,65,1,8.9,7.433211390707744
16,29,65,2,8.75,8.55246963409431
16,29,65,3,11.6,12.014903026526765
16,29,65,4,9.95,8.293783340868217
16,29,65,5,14.45,21.052503289082797
16,29,65,6,10.55,10.070671330781856
16,29,65,7,9.15,8.803557893201326
16,29,65,8,5.4,4.24759994151496
11,13,22,0,21.65,24.340295807569802
11,13,22,1,21.35,45.38406281829269
11,13,22,2,45.3,107.30728135396471
11,13,22,3,18.842105263157894,19.9923962153802
11,13,22,4,31.842105263157894,36.02354655545104
11,13,22,5,21.05263157894737,45.099240797022695
11,12,108,0,30.5,42.44935062425635
11,12,108,1,35.1,69.6343079387256
11,12,108,2,27.842105263157894,25.408360736608678
11,12,108,3,19.894736842105264,20.563978043716546
11,12,108,4,21.0,21.602468994692867
11,12,108,5,21.63157894736842,21.74399157447048
16,29,65,0,10.1,8.711154373922882
16,29,65,1,11.15,10.235516082430049
16,29,65,2,13.6,12.39864169130932
16,29,65,3,11.05,9.33851673108969
16,29,65,4,15.95,22.048928843775943
16,29,65,5,12.35,13.370332436917348
16,29,65,6,9.95,9.011542306222731
16,29,65,7,15.15,16.840661944734894
16,29,65,8,9.6,11.361986483098159
16,29,65,0,10.95,9.789763719529216
16,29,65,1,10.6,9.986306413758477
16,29,65,2,11.85,12.140731791002247
16,29,65,3,11.4,8.462922227669292
16,29,65,4,10.25,8.30899955976714
16,29,65,5,10.9,15.82769059192415
16,29,65,6,9.0,10.372027158102751
16,29,65,7,10.5,10.19545822516343
16,29,65,8,10.85,15.006226777750067
11,13,22,0,47.75,110.14147600628068
11,13,22,1,13.0,11.294049564064945
11,13,22,2,37.1578947368421,112.10573538598615
11,13,22,3,39.72222222222222,114.09892795060401
11,13,22,4,26.352941176470587,27.083069380312555
11,13,22,5,21.647058823529413,17.38153178114126
11,12,108,0,15.85,12.415079964555837
11,12,108,1,32.25,44.74709634801959
11,12,108,2,29.25,39.276181345093
11,12,108,3,16.05,11.83871881403958
11,12,108,4,37.05,108.00559196049453
11,12,108,5,27.526315789473685,22.569321412170286
16,29,65,0,13.05,11.227199116431489
16,29,65,1,16.9,21.018538183432764
16,29,65,2,12.35,13.330909867474794
16,29,65,3,18.3,20.807640297180317
16,29,65,4,11.55,9.202259447949096
16,29,65,5,18.3,20.619612534008287
16,29,65,6,13.7,15.987165905319507
16,29,65,7,12.8,11.696153213770756
16,29,65,8,10.6,11.278297743897348
11,12,108,0,25.7,16.702032652849233
11,12,108,1,14.2,11.445982977262787
11,12,108,2,20.85,20.512576373378458
11,12,108,3,13.95,16.919235393947016
11,12,108,4,18.1,12.973251834366538
11,12,108,5,25.5,22.12048348191522
11,13,22,0,20.9,18.724877906987242
11,13,22,1,46.45,108.00364272609171
11,13,22,2,45.78947368421053,112.39245671968106
11,13,22,3,15.333333333333334,19.45129664512036
11,13,22,4,29.61111111111111,38.01104930518291
11,13,22,5,15.777777777777779,20.098450497943883
16,24,65,0,13.85,14.412257210261577
16,24,65,1,7.6,7.4650060810071475
16,24,65,2,7.35,7.11762083253874
16,24,65,3,14.8,15.975639349696744
16,24,65,4,10.0,19.49898782798198
16,24,65,5,18.85,27.02294346817553
16,24,65,6,7.4,11.495536891378872
16,24,65,7,10.1,7.959767253936644
16,24,65,8,12.95,17.795549414035193
11,10,108,0,22.35,18.694989477904162
11,10,108,1,20.65,25.32374587740048
11,10,108,2,17.35,16.41653530983159
11,10,108,3,16.05,26.466413671511656
11,10,108,4,23.35,29.57821922684966
11,10,108,5,29.6,20.371290427565224
11,8,22,0,20.25,14.592265435028098
11,8,22,1,13.95,14.136459022124688
11,8,22,2,21.9,24.78093494689224
11,8,22,3,46.0,108.38867682169524
11,8,22,4,17.473684210526315,16.385523492307442
11,8,22,5,26.157894736842106,35.21247120914649
16,24,65,0,19.95,17.370498280887507
16,24,65,1,16.0,18.284304456929288
16,24,65,2,18.0,17.42653753693819
16,24,65,3,8.6,8.068130938582073
16,24,65,4,9.6,8.958383312794076
16,24,65,5,19.15,29.681245185966738
16,24,65,6,13.75,13.498050541506082
16,24,65,7,9.4,6.564658166432221
16,24,65,8,12.5,15.02103787850122
11,10,108,0,37.95,40.66224810623032
11,10,108,1,25.4,26.95688565488466
11,10,108,2,30.4,29.46612685065595
11,10,108,3,18.15,19.86871383541683
11,10,108,4,20.05,17.980910930615746
11,10,108,5,26.05,27.827428725516203
11,8,22,0,19.6,16.089879133365663
11,8,22,1,19.3,14.86111138437995
11,8,22,2,15.5,15.253989987092421
11,8,22,3,17.0,17.93849139934043
11,8,22,4,14.65,11.891062543820574
11,8,22,5,22.7,18.705754813904054
16,24,65,0,22.55,24.016386949440644
16,24,65,1,7.45,6.278409117971811
16,24,65,2,9.7,11.693903044794439
16,24,65,3,12.55,9.583291380533648
16,24,65,4,7.65,8.851256229604092
16,24,65,5,7.25,8.33429818975716
16,24,65,6,10.95,14.339768037469122
16,24,65,7,8.95,7.591373220203381
16,24,65,8,9.05,12.655246467686622
11,8,22,0,48.75,107.71887143466505
11,8,22,1,20.526315789473685,15.450165123362963
11,8,22,2,29.210526315789473,31.47587956121396
11,8,22,3,11.947368421052632,16.7414113443631
11,8,22,4,19.526315789473685,12.17633597987247
11,8,22,5,18.0,9.860132971832694
11,10,108,0,49.8,70.26161638364226
11,10,108,1,31.5,25.956441245002424
11,10,108,2,27.25,49.048713701681045
11,10,108,3,23.526315789473685,22.351655223452024
11,10,108,4,28.36842105263158,32.21319696148664
11,10,108,5,21.944444444444443,22.94359380594126
16,24,65,0,15.1,15.640366128437625
16,24,65,1,23.7,43.33723329278975
16,24,65,2,9.85,14.35737477836097
16,24,65,3,10.9,9.153084035909485
16,24,65,4,17.4,17.067667185584995
16,24,65,5,7.95,9.95503046599795
16,24,65,6,9.65,11.328933614515767
16,24,65,7,11.5,12.684428912730176
16,24,65,8,12.65,12.376867216919761
11,8,22,0,23.55,28.313052597140093
11,8,22,1,11.9,10.86714023292721
11,8,22,2,9.5,8.401127743846123
11,8,22,3,12.5,13.512177743369906
11,8,22,4,15.15,18.155106574648414
11,8,22,5,20.9,18.381626982569195
11,10,108,0,15.35,13.985989229827188
11,10,108,1,30.15,30.11255202525492
11,10,108,2,17.0,15.005262234857549
11,10,108,3,28.4,32.22519445860237
11,10,108,4,14.8,22.537921260330158
11,10,108,5,20.05,14.091710889365908
16,24,65,0,13.15,13.639242917714348
16,24,65,1,16.9,23.619572615234084
16,24,65,2,11.35,19.120875888327973
16,24,65,3,14.95,14.911934464504737
16,24,65,4,11.35,10.859267204122308
16,24,65,5,8.25,8.440971508067065
16,24,65,6,8.65,8.68922502752388
16,24,65,7,7.55,7.96356836177298
16,24,65,8,18.95,29.261929641016316
11,8,22,0,24.2,22.88092747476079
11,8,22,1,26.95,33.445123946391256
11,8,22,2,12.25,12.644428771097902
11,8,22,3,13.25,13.718504598572421
11,8,22,4,19.3,30.565029897442912
11,8,22,5,25.3,27.497559700338577
11,10,108,0,30.75,32.61235639253447
11,10,108,1,19.95,22.331179524319097
11,10,108,2,20.55,17.82510057548949
11,10,108,3,13.85,10.786321747570172
11,10,108,4,13.25,10.396735317548384
11,10,108,5,14.85,12.503788899453848
16,46,65,0,10.85,12.625267063355636
16,46,65,1,17.05,20.497689215077262
16,46,65,2,14.15,13.792732640206237
16,46,65,3,14.7,21.844185062680445
16,46,65,4,10.0,10.886979185682025
16,46,65,5,10.85,9.432725787887279
16,46,65,6,7.7,6.139603964597819
16,46,65,7,8.25,8.129705115387512
16,46,65,8,15.65,17.19325143004784
16,46,65,0,12.75,11.243126555226626
16,46,65,1,8.6,6.125013426408485
16,46,65,2,8.7,7.726236913407798
16,46,65,3,12.8,13.35585816667806
16,46,65,4,12.35,10.786321747570174
16,46,65,5,9.0,8.783956667518465
16,46,65,6,6.95,8.068620178131287
16,46,65,7,8.7,6.391606337920646
16,46,65,8,14.9,18.814607986461223
11,16,22,0,17.6,20.92190994602246
11,16,22,1,20.5,17.037111195702657
11,16,22,2,26.8,37.69350076604719
11,16,22,3,23.05,18.6560981987124
11,16,22,4,23.65,43.912922207957266
11,16,22,5,34.85,42.051691248297075
11,11,108,0,12.9,9.486278178727975
11,11,108,1,20.8,20.743039415922787
11,11,108,2,20.35,21.875905996275783
11,11,108,3,24.2,28.363430866633813
11,11,108,4,24.65,34.53491749397687
11,11,108,5,19.0,28.44755099994966
16,46,65,0,16.55,26.62305095411236
16,46,65,1,13.55,14.4348809996371
16,46,65,2,14.35,13.503508316067544
16,46,65,3,8.55,6.394693523786569
16,46,65,4,7.85,16.496490854915656
16,46,65,5,13.9,15.690761613127641
16,46,65,6,14.2,23.084740915979427
16,46,65,7,12.15,14.169184502775176
16,46,65,8,8.35,6.876925567661606
11,11,108,0,13.6,10.40950982212141
11,11,108,1,14.65,17.915811893114796
11,11,108,2,17.5,15.010522624934957
11,11,108,3,17.9,24.00855110821537
11,11,108,4,32.4,37.463526121731846
11,11,108,5,28.25,21.508566224940044
11,16,22,0,19.65,26.585067039104572
11,16,22,1,11.7,10.921249205586617
11,16,22,2,20.5,19.129750871902452
11,16,22,3,41.45,108.99419347160799
11,16,22,4,18.105263157894736,18.36631801496698
11,16,22,5,20.263157894736842,20.343828180291922
16,46,65,0,10.5,8.562463983789025
16,46,65,1,11.2,8.581497844966105
16,46,65,2,10.95,8.543849742420136
16,46,65,3,9.0,11.140254178334295
16,46,65,4,10.05,10.980724738808167
16,46,65,5,8.5,6.460405722960683
16,46,65,6,7.55,9.202259447949098
16,46,65,7,10.1,12.052079968990721
16,46,65,8,8.85,7.679603882328417
11,11,108,0,26.65,20.337352205654554
11,11,108,1,12.45,8.71462775120689
11,11,108,2,25.25,25.741375663562184
11,11,108,3,22.6,21.318141520656457
11,11,108,4,17.8,18.894722181492625
11,11,108,5,21.1,26.508985566963396
11,16,22,0,24.7,25.553040811943344
11,16,22,1,16.2,15.826692975044272
11,16,22,2,23.95,28.535250591431456
11,16,22,3,27.0,30.825485013472047
11,16,22,4,13.9,13.984577971917192
11,16,22,5,24.25,21.7591481063894
16,46,65,0,15.55,15.716149923599373
16,46,65,1,8.7,7.327669263968269
16,46,65,2,9.55,8.672248539844905
16,46,65,3,10.55,10.664624256218115
16,46,65,4,6.55,4.032434291565018
16,46,65,5,9.5,6.832584469021645
16,46,65,6,8.1,6.942621983083912
16,46,65,7,10.8,14.37688202782875
16,46,65,8,6.95,7.074602462329596
11,16,22,0,23.45,30.66710049273617
11,16,22,1,14.55,20.14284514477326
11,16,22,2,13.3,13.93254425701509
11,16,22,3,15.1,20.950819604618413
11,16,22,4,20.2,32.43390039352101
11,16,22,5,12.65,15.875419596609754
11,11,108,0,27.7,20.259111010786437
11,11,108,1,17.65,15.215210533507165
11,11,108,2,25.1,23.991007087086437
11,11,108,3,21.0,26.145342747197272
11,11,108,4,15.0,17.11570531474098
11,11,108,5,24.35,17.649437146236345
16,38,65,0,8.9,8.071391975431043
16,38,65,1,8.5,8.513147726342256
16,38,65,2,13.15,14.611729246702712
16,38,65,3,13.05,15.632203602617395
16,38,65,4,10.25,10.432111357171236
16,38,65,5,10.05,11.189633360251001
16,38,65,6,11.8,12.224220995522309
16,38,65,7,16.25,15.289745445542044
16,38,65,8,15.95,18.91942749773643
11,16,22,0,16.15,16.197059512211016
11,16,22,1,16.35,15.156291033585255
11,16,22,2,17.1,19.414861372290638
11,16,22,3,20.4,21.695015192677936
11,16,22,4,23.5,18.723753559807957
11,16,22,5,32.95,34.33346533784877
16,38,65,0,8.7,7.211832382674286
16,38,65,1,10.3,10.367459212667095
16,38,65,2,9.75,11.447247428277704
16,38,65,3,10.3,10.037298860801776
16,38,65,4,12.15,14.618931489501442
16,38,65,5,10.1,8.753345225202702
16,38,65,6,13.75,10.34598828939075
16,38,65,7,5.4,7.514197089159749
16,38,65,8,7.65,9.337389469507158
11,11,108,0,31.9,23.099100005251973
11,11,108,1,23.95,18.394721782992104
11,11,108,2,26.75,31.71065734849539
11,11,108,3,20.05,26.366795306537387
11,11,108,4,29.35,21.7286495329626
11,11,108,5,32.6,31.076137401380397
11,16,22,0,9.35,7.576105095697435
11,16,22,1,14.65,17.045681657179177
11,16,22,2,11.95,12.335123151306385
11,16,22,3,15.75,25.07646201856276
11,16,22,4,10.7,8.504487979265635
11,16,22,5,29.7,30.55986359848314
16,38,65,0,6.5,4.198997374060672
16,38,65,1,8.6,11.695253198132184
16,38,65,2,9.45,9.821967859425062
16,38,65,3,8.6,6.870225614927067
16,38,65,4,10.5,12.91062394024068
16,38,65,5,15.35,16.464555230778885
16,38,65,6,11.9,16.289809536542844
16,38,65,7,12.25,18.09877867353718
16,38,65,8,12.15,15.964681413406876
11,8,108,0,22.95,14.908404552995922
11,8,108,1,27.3,32.21000171571427
11,8,108,2,28.5,22.705204596952516
11,8,108,3,21.95,16.956523352696045
11,8,108,4,17.2,21.249396276253666
11,8,108,5,12.55,9.583291380533648
16,38,65,0,13.55,21.796849120433606
16,38,65,1,10.55,12.44979391078634
16,38,65,2,19.85,32.60170321672748
16,38,65,3,11.2,11.491873558943155
16,38,65,4,9.1,11.144505372604025
16,38,65,5,10.25,8.801166190669818
16,38,65,6,10.25,10.828203913853859
16,38,65,7,8.3,8.310424651889749
16,38,65,8,9.2,7.20087713955372
11,16,22,0,20.05,21.770271859627872
11,16,22,1,23.65,23.351490429160144
11,16,22,2,19.25,26.227496619909576
11,16,22,3,19.15,21.136834897251866
11,16,22,4,16.55,17.409842951013296
11,16,22,5,25.0,20.792205017113606
11,8,108,0,25.4,28.446440902158564
11,8,108,1,23.85,19.10159816956631
11,8,108,2,24.25,24.661657860351816
11,8,108,3,26.75,27.07664559804455
11,8,108,4,21.85,29.26336851495578
11,8,108,5,21.2,18.274514897442344
16,38,65,0,8.05,5.986607861235821
16,38,65,1,14.1,12.850967606412079
16,38,65,2,12.55,12.428638406180259
16,38,65,3,13.0,14.392980745378704
16,38,65,4,14.2,17.533726898391237
16,38,65,5,11.65,13.507405376311175
16,38,65,6,10.85,11.948463895986137
16,38,65,7,8.7,9.61960717000768
16,38,65,8,11.4,11.518406322513819
11,16,22,0,19.45,18.591098605741973
11,16,22,1,52.8,108.39430942530826
11,16,22,2,19.473684210526315,20.031554055907314
11,16,22,3,15.631578947368421,16.82660105083545
11,16,22,4,20.31578947368421,18.859281922169863
11,16,22,5,28.05263157894737,34.283902416619384
16,43,65,0,8.9,11.144505372604025
16,43,65,1,12.45,24.17365900052543
16,43,65,2,10.65,7.5552352013268536
16,43,65,3,12.85,20.525401464116552
16,43,65,4,7.8,7.668115805072326
16,43,65,5,8.75,9.340770846134703
16,43,65,6,11.0,12.375697747474367
16,43,65,7,9.3,7.0195216511188505
16,43,65,8,15.25,22.372151391735592
11,8,108,0,33.5,45.244947377114876
11,8,108,1,11.6,9.292894852350482
11,8,108,2,28.95,24.841550506740663
11,8,108,3,19.5,20.36638096678471
11,8,108,4,23.25,28.07110332896203
11,8,108,5,27.95,28.41696120647889
11,16,22,0,31.65,30.20330236388416
11,16,22,1,23.0,21.349226535971056
11,16,22,2,17.35,20.959296392368657
11,16,22,3,14.4,19.58087143913134
11,16,22,4,22.35,23.729340044496993
11,16,22,5,20.7,21.906740130788396
16,43,65,0,13.7,13.78443057640719
16,43,65,1,20.85,28.385086892499324
16,43,65,2,18.15,31.626562786433343
16,43,65,3,13.05,16.090124463880255
16,43,65,4,10.3,11.630721568781805
16,43,65,5,14.55,22.58195600124368
16,43,65,6,11.7,11.711892291710662
16,43,65,7,13.0,17.192409585873094
16,43,65,8,12.8,11.834828173435254
11,8,108,0,27.8,17.75742987567384
11,8,108,1,15.65,12.044981483894793
11,8,108,2,23.1,25.31465146802082
11,8,108,3,18.65,17.22077998111278
11,8,108,4,22.6,17.622951542026993
11,8,108,5,27.7,29.223458493405424
11,16,22,0,24.8,26.480578782035316
11,16,22,1,23.45,23.924167477128314
11,16,22,2,13.2,10.201135127755972
11,16,22,3,19.95,22.476830175468294
11,16,22,4,17.45,15.411803405524171
11,16,22,5,28.8,26.15460108460339
16,43,65,0,13.55,16.314265633423243
16,43,65,1,7.5,5.216370991004136
16,43,65,2,12.55,16.126065856246527
16,43,65,3,10.75,10.03611898148514
16,43,65,4,9.2,14.954668343469137
16,43,65,5,11.95,15.013940890140455
16,43,65,6,9.75,8.340610857346373
16,43,65,7,11.25,10.63200233654087
16,43,65,8,9.55,8.94118207185746
11,8,108,0,24.55,26.384754369860918
11,8,108,1,14.6,14.74484744972933
11,8,108,2,20.8,19.168504869899696
11,8,108,3,19.3,18.998891934448235
11,8,108,4,31.45,35.12754954223402
11,8,108,5,26.65,26.384355412371093
12,25,22,0,16.45,15.662476109949438
12,25,22,1,19.9,22.96198230943808
12,25,22,2,11.45,10.480432895840254
12,25,22,3,11.05,12.050223845922616
12,25,22,4,8.85,13.152046068558064
12,25,22,5,17.15,15.63826279219961
12,25,22,6,11.55,14.514874403430724
16,43,65,0,9.1,8.340768612821698
16,43,65,1,12.35,11.084721585659198
16,43,65,2,7.6,6.107803464249217
16,43,65,3,7.8,5.943594517585607
16,43,65,4,7.35,8.616233149364664
16,43,65,5,11.75,11.139663606373304
16,43,65,6,8.5,8.506963092234006
16,43,65,7,6.5,5.661504356524631
16,43,65,8,11.1,16.363952681684857
12,25,22,0,23.7,31.207455249633778
12,25,22,1,13.85,11.784356267169578
12,25,22,2,14.5,12.939128743141051
12,25,22,3,17.55,18.844167043914343
12,25,22,4,9.25,6.3897533104511215
12,25,22,5,13.35,18.126093433442705
12,25,22,6,16.0,14.153296063945112
16,43,65,0,10.4,8.869818724783856
16,43,65,1,14.25,19.56063447469513
16,43,65,2,12.45,11.128318547031736
16,43,65,3,8.5,10.635095822694534
16,43,65,4,13.05,12.102522573066285
16,43,65,5,10.7,10.819572907224059
16,43,65,6,8.55,8.611345026062697
16,43,65,7,10.15,11.113173785150098
16,43,65,8,6.95,8.599112561311502
11,19,108,0,37.5,36.21500125347883
11,19,108,1,38.4,43.37765614497375
11,19,108,2,18.5,22.528344719252537
11,19,108,3,27.25,33.552590299252216
11,19,108,4,20.05,17.07098184208019
11,19,108,5,24.7,28.873772473338242
12,25,22,0,14.65,13.421408664008252
12,25,22,1,21.45,24.654400696107185
12,25,22,2,10.2,8.612108978213849
12,25,22,3,12.55,15.736230405291511
12,25,22,4,41.05,105.70339585243627
12,25,22,5,41.578947368421055,109.10510518123425
12,25,22,6,12.5,9.853336251956371
11,19,108,0,27.25,24.38264050292209
11,19,108,1,18.55,21.40210270043577
11,19,108,2,16.8,16.40795699139838
11,19,108,3,11.3,9.492933660027559
11,19,108,4,22.0,19.251794174761176
11,19,108,5,25.3,33.96918107870566
16,24,65,0,13.85,11.10369781933739
16,24,65,1,36.75,109.55502102404502
16,24,65,2,10.0,10.535653752852738
16,24,65,3,11.736842105263158,13.739004109400675
16,24,65,4,11.526315789473685,15.773988507992911
16,24,65,5,12.68421052631579,14.64032722607489
16,24,65,6,23.63157894736842,68.04509168870284
16,24,65,7,8.61111111111111,8.772543322199628
16,24,65,8,36.77777777777778,113.60900728352358
16,24,65,0,12.6,13.982696073135688
16,24,65,1,12.65,13.746865671471213
16,24,65,2,7.0,5.026246899500346
16,24,65,3,11.9,15.626899884494044
16,24,65,4,7.55,6.581273273063265
16,24,65,5,10.45,15.048955200663567
16,24,65,6,9.9,8.843076387773658
16,24,65,7,6.9,9.408283024743898
16,24,65,8,7.65,6.158220864058573
12,25,22,0,14.1,15.289831502290046
12,25,22,1,23.15,26.56129950847562
12,25,22,2,13.5,14.908492810969753
12,25,22,3,19.95,20.582248355522804
12,25,22,4,23.75,19.694709415154325
12,25,22,5,23.95,25.617582366722072
12,25,22,6,17.3,13.083134985645893
11,19,108,0,16.75,18.917758296039423
11,19,108,1,27.5,33.19083576753331
11,19,108,2,17.15,18.957778572951334
11,19,108,3,53.0,107.61578831536217
11,19,108,4,29.473684210526315,33.63095204826225
11,19,108,5,29.68421052631579,27.688851811151054
16,24,65,0,14.2,17.97834955249171
16,24,65,1,13.05,14.321404665009204
16,24,65,2,7.25,7.738318870876827
16,24,65,3,13.8,14.961705503683307
16,24,65,4,11.15,15.32893720352046
16,24,65,5,10.65,13.14404007425739
16,24,65,6,7.6,6.548603708143881
16,24,65,7,9.35,7.828927465697834
16,24,65,8,12.35,17.936364121380254
12,25,22,0,25.45,26.541873570484412
12,25,22,1,26.85,29.119129180154513
12,25,22,2,14.15,14.313317317504664
12,25,22,3,37.3,68.89511479129172
12,25,22,4,12.2,8.799521518092243
12,25,22,5,10.35,8.82147499302875
12,25,22,6,25.9,41.70434787380025
11,19,108,0,27.6,25.096445544087878
11,19,108,1,26.75,23.670712527909828
11,19,108,2,15.95,15.15698553559763
11,19,108,3,21.6,17.482020839467587
11,19,108,4,17.2,25.092670349390037
11,19,108,5,24.0,21.319622787222894
16,24,65,0,12.35,13.168043454555146
16,24,65,1,18.3,23.704540981801244
16,24,65,2,23.6,33.733319464666735
16,24,65,3,9.0,8.540923159767488
16,24,65,4,9.35,7.520323341312841
16,24,65,5,16.1,26.127017675800253
16,24,65,6,18.5,30.51401748636018
16,24,65,7,13.7,18.10524785801067
16,24,65,8,13.210526315789474,22.699924002242877
12,35,22,0,26.2,30.292608096087694
12,35,22,1,44.3,109.09923054386387
12,35,22,2,18.789473684210527,22.7976093955495
12,35,22,3,14.31578947368421,14.873737599387672
12,35,22,4,13.368421052631579,14.123308261781654
12,35,22,5,16.526315789473685,25.80346320652118
12,35,22,6,6.315789473684211,7.1573787223702645
16,24,65,0,18.25,21.25007739923985
16,24,65,1,9.3,8.118205661221864
16,24,65,2,10.9,10.871982339941507
16,24,65,3,15.35,21.834967127836126
16,24,65,4,14.6,16.822290976089153
16,24,65,5,14.3,19.609610962618895
16,24,65,6,7.0,5.666150647299694
16,24,65,7,15.65,24.685975136118337
16,24,65,8,11.35,19.6984503798756
11,19,108,0,47.8,57.102493262922465
11,19,108,1,40.95,43.31339284794023
11,19,108,2,36.9,47.37298808392817
11,19,108,3,29.35,35.21404474593086
11,19,108,4,36.45,38.12924695931209
11,19,108,5,29.68421052631579,28.705502050185718
16,31,65,0,11.8,8.55693009388174
16,31,65,1,10.4,10.90822963107261
16,31,65,2,12.95,14.579997112121582
16,31,65,3,9.3,10.785467805777998
16,31,65,4,8.2,7.068089893092908
16,31,65,5,14.85,15.33923418111732
16,31,65,6,9.2,8.733480646942908
16,31,65,7,7.9,11.907096512938034
16,31,65,8,9.2,8.679073440723593
12,35,22,0,27.5,29.04171228821708
12,35,22,1,35.85,69.07454021029136
12,35,22,2,10.35,10.276570183521452
12,35,22,3,46.8,109.15782875702214
12,35,22,4,17.11111111111111,21.187923555062287
12,35,22,5,16.22222222222222,17.33936546622286
12,35,22,6,23.833333333333332,32.83156658927323
16,31,65,0,6.9,5.398830282667963
16,31,65,1,7.4,6.6917073582472995
16,31,65,2,9.6,12.950919495907376
16,31,65,3,9.8,10.185645213782614
16,31,65,4,8.3,6.898512425458877
16,31,65,5,7.6,4.892529213531908
16,31,65,6,10.35,10.629031742801113
16,31,65,7,4.5,3.170588522490323
16,31,65,8,9.55,7.701503612590001
11,15,108,0,55.25,109.1266164647866
11,15,108,1,21.842105263157894,19.451544234312482
11,15,108,2,17.63157894736842,25.682269124211377
11,15,108,3,20.263157894736842,18.048829156433627
11,15,108,4,20.05263157894737,22.142151065358792
11,15,108,5,22.94736842105263,19.52056944812183
12,35,22,0,20.85,14.633325340684383
12,35,22,1,12.75,11.09705982871613
12,35,22,2,24.05,18.466114058487037
12,35,22,3,26.6,35.9596264836289
12,35,22,4,24.4,22.279090976447897
12,35,22,5,16.4,13.307694647913488
12,35,22,6,15.6,16.2234398325386
16,31,65,0,15.35,17.93342953081875
16,31,65,1,10.8,15.306001574889711
16,31,65,2,9.25,9.312555192347926
16,31,65,3,9.6,13.777938123949042
16,31,65,4,7.85,6.9606034221179405
16,31,65,5,9.1,6.889351050333902
16,31,65,6,10.95,9.681642966269505
16,31,65,7,11.4,14.946923640528492
16,31,65,8,8.85,10.19429665109498
11,15,108,0,33.1,27.35709279722152
11,15,108,1,23.1,21.737428308649672
11,15,108,2,22.75,23.82363929952106
11,15,108,3,24.7,31.664524396604442
11,15,108,4,21.95,24.985206149155335
11,15,108,5,23.5,32.34110957312771
16,31,65,0,11.85,9.30916356692638
16,31,65,1,15.05,17.703627341667346
16,31,65,2,9.0,9.386440388022221
16,31,65,3,11.25,17.570534545383822
16,31,65,4,6.05,5.826211190997565
16,31,65,5,9.5,8.413648060396305
16,31,65,6,16.55,16.39150935537568
16,31,65,7,16.45,19.088367910161523
16,31,65,8,11.95,10.772650555921695
12,35,22,0,20.95,21.777523420163952
12,35,22,1,20.4,27.28870983045051
12,35,22,2,42.25,107.48849387627251
12,35,22,3,23.789473684210527,27.330444862355773
12,35,22,4,21.157894736842106,21.723676683631865
12,35,22,5,30.94736842105263,43.42614891233996
12,35,22,6,15.473684210526315,16.744380221610115
16,31,65,0,8.4,7.775805932167857
16,31,65,1,7.85,5.412218146301744
16,31,65,2,5.9,4.655500425359911
16,31,65,3,8.05,7.330362237046392
16,31,65,4,8.45,7.591373220203381
16,31,65,5,8.2,9.467951481875998
16,31,65,6,6.9,7.0628755140038955
16,31,65,7,10.0,10.513149660756936
16,31,65,8,7.4,6.652265146470589
11,15,108,0,18.5,15.72962341035471
11,15,108,1,21.5,22.85768326428832
11,15,108,2,13.3,16.460798727183384
11,15,108,3,44.25,111.37460496710615
11,15,108,4,15.736842105263158,12.617633627688399
11,15,108,5,30.05263157894737,65.11142047308898
12,35,22,0,18.95,16.288436324421593
12,35,22,1,27.85,47.064653179932904
12,35,22,2,20.05,23.324879420910197
12,35,22,3,19.45,25.911742918079277
12,35,22,4,22.15,35.461283557972735
12,35,22,5,17.42105263157895,22.29179168681125
12,35,22,6,18.57894736842105,19.227629973191313
16,28,65,0,16.55,14.244019982545582
16,28,65,1,14.4,14.805404418657398
16,28,65,2,16.4,26.268652520888047
16,28,65,3,14.2,25.646585901851587
16,28,65,4,9.7,10.463470290793385
16,28,65,5,12.45,11.311265925708991
16,28,65,6,12.75,15.539000171046704
16,28,65,7,10.15,13.103936732705055
16,28,65,8,9.2,9.605919227774422
11,15,108,0,36.7,47.04208641989471
11,15,108,1,55.1,73.00317224542188
11,15,108,2,30.31578947368421,28.470360087444835
11,15,108,3,19.57894736842105,19.667558707096212
11,15,108,4,16.105263157894736,15.021816493361712
11,15,108,5,39.473684210526315,39.37761408755068
16,28,65,0,13.4,12.885732624230487
16,28,65,1,12.05,10.51052104472366
16,28,65,2,11.65,10.810691588958539
16,28,65,3,13.3,15.644403741308027
16,28,65,4,8.35,7.822201870654014
16,28,65,5,14.15,19.95330074264195
16,28,65,6,12.65,12.691791794201812
16,28,65,7,10.3,10.853570840972107
16,28,65,8,9.6,6.931241249816508
12,44,22,0,30.9,39.331117986973915
12,44,22,1,22.45,19.093881632331172
12,44,22,2,23.1,31.876240945916212
12,44,22,3,30.45,43.320683038790705
12,44,22,4,14.15,18.64706834584828
12,44,22,5,28.6,35.93473616374405
12,44,22,6,34.7,82.49153066575349
16,28,65,0,11.25,7.538497686437337
16,28,65,1,11.65,8.646721313520183
16,28,65,2,8.25,6.835472493582745
16,28,65,3,13.7,18.993350637026968
16,28,65,4,12.45,12.08075895141134
16,28,65,5,14.4,12.445248512035256
16,28,65,6,8.7,10.498621463391226
16,28,65,7,15.4,21.11472422143771
16,28,65,8,8.4,8.009205230299235
11,15,108,0,27.65,23.722685123604453
11,15,108,1,28.6,29.860024324028586
11,15,108,2,27.35,31.02337828154761
11,15,108,3,20.15,16.89059221173603
11,15,108,4,27.05,28.3111936203779
11,15,108,5,55.5,103.08223594985246
12,44,22,0,21.6,23.855706588615337
12,44,22,1,12.4,11.090061933290118
12,44,22,2,22.0,23.28089345364563
12,44,22,3,16.15,16.063279471154733
12,44,22,4,24.7,29.882401087209203
12,44,22,5,18.85,30.345857256495144
12,44,22,6,15.85,22.1532342892338
16,28,65,0,13.25,11.196216466194942
16,28,65,1,8.8,8.569222773820764
16,28,65,2,10.3,9.084978927067644
16,28,65,3,10.2,10.57604044900299
16,28,65,4,11.15,11.277714400766811
16,28,65,5,12.05,15.507129090569247
16,28,65,6,7.75,8.270906524489448
16,28,65,7,9.35,21.37946629238832
16,28,65,8,31.2,104.16060473589506
11,11,108,0,24.0,26.47541063743965
11,11,108,1,46.25,106.07587899830556
11,11,108,2,26.63157894736842,41.35780260431288
11,11,108,3,18.42105263157895,17.395132746686752
11,11,108,4,30.105263157894736,39.984573048506405
11,11,108,5,24.94736842105263,24.1786721540804
16,28,65,0,17.55,17.688756464578223
16,28,65,1,19.15,18.69217398862563
16,28,65,2,16.45,16.608415748776597
16,28,65,3,10.75,11.14910900381494
16,28,65,4,15.1,17.356630766912893
16,28,65,5,9.3,8.93897439071702
16,28,65,6,14.0,25.41653005427767
16,28,65,7,8.55,7.185328619375808
16,28,65,8,7.75,8.558621384311845
12,44,22,0,36.3,45.64750526416646
12,44,22,1,22.2,31.700240742901222
12,44,22,2,51.8,111.04413536968084
12,44,22,3,33.21052631578947,52.87152031877571
12,44,22,4,21.210526315789473,31.227799131486854
12,44,22,5,29.473684210526315,27.76762387516286
12,44,22,6,14.833333333333334,12.33479058693456
11,11,108,0,19.75,14.878012742227865
11,11,108,1,19.55,16.122801767748225
11,11,108,2,21.3,26.099203456286393
11,11,108,3,23.6,32.92159745436677
11,11,108,4,19.0,21.645468712630677
11,11,108,5,30.25,46.96457231394297
16,42,65,0,19.95,26.76697690497713
16,42,65,1,10.5,8.732877984647264
16,42,65,2,11.85,9.66423139318656
16,42,65,3,11.6,10.723314491527818
16,42,65,4,14.45,17.21527779252151
16,42,65,5,18.85,37.81154794364728
16,42,65,6,15.8,24.618350023808194
16,42,65,7,14.4,18.164163677562012
16,42,65,8,10.894736842105264,14.805759903354826
16,42,65,0,9.3,7.602631123499285
16,42,65,1,6.2,5.662433919679491
16,42,65,2,6.1,6.231498932629967
16,42,65,3,12.4,16.687215402658914
16,42,65,4,9.05,11.292638496406687
16,42,65,5,8.4,7.618536950304691
16,42,65,6,11.2,17.479612184063555
16,42,65,7,6.35,7.638372656666161
16,42,65,8,10.7,12.350580638385516
12,44,22,0,29.55,31.72824575906094
12,44,22,1,25.5,34.22910426738287
12,44,22,2,40.55,81.14864528492726
12,44,22,3,34.73684210526316,55.45552983674112
12,44,22,4,16.526315789473685,13.3265333537297
12,44,22,5,15.38888888888889,15.201156646738852
12,44,22,6,11.222222222222221,9.434327530233007
11,11,108,0,40.05,30.121639362669768
11,11,108,1,39.9,50.03251574305401
11,11,108,2,45.15,58.3990582115842
11,11,108,3,28.05,34.07650062340384
11,11,108,4,34.0,44.78016478190692
11,11,108,5,43.6,42.6693529856093
16,42,65,0,12.45,9.928560610152594
16,42,65,1,8.9,10.156149290998663
16,42,65,2,13.55,24.11480218062189
16,42,65,3,8.35,7.03581065542183
16,42,65,4,12.0,16.736345573568165
16,42,65,5,12.2,15.285355908946244
16,42,65,6,6.05,7.877182237323191
16,42,65,7,18.7,48.71517649616628
16,42,65,8,7.7368421052631575,8.974297281453653
12,44,22,0,18.2,24.07357144474544
12,44,22,1,18.65,30.868609502722652
12,44,22,2,15.5,13.90758974918296
12,44,22,3,21.85,24.602684919804137
12,44,22,4,21.05,22.20354405091792
12,44,22,5,21.35,22.9513788142169
12,44,22,6,17.1,16.466553021839534
11,11,108,0,18.05,24.839431725002335
11,11,108,1,19.1,15.771059437763643
11,11,108,2,20.3,23.23133093135443
11,11,108,3,24.45,24.493769347368836
11,11,108,4,17.65,25.47914523890594
11,11,108,5,17.95,18.77701562521248
16,42,65,0,17.75,20.162171457825092
16,42,65,1,12.9,9.602083107326242
16,42,65,2,14.25,15.97983927196687
16,42,65,3,13.4,20.016835019815854
16,42,65,4,14.8,14.442626966179336
16,42,65,5,10.8,10.314017033552982
16,42,65,6,9.45,10.985516781079005
16,42,65,7,9.45,13.473072560129935
16,42,65,8,15.05,14.069283451622733
12,33,22,0,46.0,108.2229667229456
12,33,22,1,28.05263157894737,41.84026992186478
12,33,22,2,15.473684210526315,17.47178176073456
12,33,22,3,24.789473684210527,33.47234172893664
12,33,22,4,42.89473684210526,109.89889026678725
12,33,22,5,15.61111111111111,16.38557072868001
12,33,22,6,13.555555555555555,16.74452402928552
11,11,108,0,22.1,17.49556334737768
11,11,108,1,35.25,58.09961952950883
11,11,108,2,31.85,49.28678161642595
11,11,108,3,18.05263157894737,16.69488838673724
11,11,108,4,16.68421052631579,19.459509619203743
11,11,108,5,19.05263157894737,22.249778236624007
16,42,65,0,10.0,7.334130738145491
16,42,65,1,15.2,17.083694904175367
16,42,65,2,11.65,12.4489483808663
16,42,65,3,6.6,4.9566542195952685
16,42,65,4,13.4,11.568559934035369
16,42,65,5,10.35,10.974971526158964
16,42,65,6,7.95,7.287155245975439
16,42,65,7,12.55,12.245192397104475
16,42,65,8,12.55,10.674490003841179
16,36,65,0,8.85,5.565637051539894
16,36,65,1,9.45,6.8323918906462335
16,36,65,2,7.8,7.208182484984833
16,36,65,3,16.9,30.1747541742047
16,36,65,4,8.4,9.371850348109941
16,36,65,5,8.35,6.6591843976650225
16,36,65,6,7.6,11.78044767266597
16,36,65,7,5.65,4.637093009520876
16,36,65,8,11.45,12.106870602656727
11,18,108,0,28.15,37.67209633276682
11,18,108,1,14.65,13.530764167162488
11,18,108,2,27.25,57.2500287290206
11,18,108,3,17.7,13.018610161085391
11,18,108,4,12.75,13.258066065210027
11,18,108,5,24.736842105263158,24.346667819603752
12,33,22,0,44.65,110.68698159556453
12,33,22,1,21.42105263157895,17.758615403590213
12,33,22,2,21.57894736842105,26.84381946137423
12,33,22,3,26.789473684210527,37.99353592296753
12,33,22,4,16.68421052631579,22.313555002332222
12,33,22,5,19.473684210526315,28.99879005340401
12,33,22,6,18.526315789473685,23.521546673098197
16,36,65,0,10.85,7.975455769850528
16,36,65,1,9.75,10.40685502824688
16,36,65,2,10.85,14.477841508209782
16,36,65,3,12.0,12.026286997547016
16,36,65,4,16.05,23.36095482907999
16,36,65,5,10.9,10.182027509809936
16,36,65,6,10.45,13.782044000876839
16,36,65,7,9.0,7.745966692414834
16,36,65,8,8.15,8.35574180145794
11,18,108,0,20.8,22.556595487794695
11,18,108,1,19.6,17.187510765546868
11,18,108,2,24.7,41.08540527140738
11,18,108,3,12.55,12.496209951737155
11,18,108,4,28.25,38.062102992484874
11,18,108,5,24.42105263157895,31.482474471210313
12,33,22,0,17.3,21.267964542698337
12,33,22,1,16.6,15.53061492665374
12,33,22,2,14.55,24.31693150656013
12,33,22,3,35.95,107.70352826161268
12,33,22,4,15.421052631578947,13.720689120504133
12,33,22,5,10.842105263157896,6.291644882035017
12,33,22,6,13.368421052631579,11.30491793825339
16,36,65,0,13.5,11.618950038622252
16,36,65,1,11.15,12.4489483808663
16,36,65,2,12.3,10.438289837748428
16,36,65,3,10.9,10.406981462359521
16,36,65,4,7.3,6.358583092747034
16,36,65,5,11.3,7.861297602813419
16,36,65,6,11.85,14.833372757684646
16,36,65,7,7.4,6.475866127805851
16,36,65,8,9.35,10.327658317149607
11,18,108,0,28.55,22.12042399898196
11,18,108,1,13.4,11.762563272384218
11,18,108,2,21.7,30.369825745128562
11,18,108,3,19.05,22.688914520207064
11,18,108,4,20.05,19.73635437993872
11,18,108,5,10.6,10.6691882984306
16,36,65,0,7.5,7.50789058608552
16,36,65,1,14.25,15.720837663499527
16,36,65,2,8.05,7.170663919933187
16,36,65,3,9.65,11.324286895174042
16,36,65,4,10.25,9.850861570655153
16,36,65,5,9.1,8.908304818361465
16,36,65,6,11.8,10.551128650029515
16,36,65,7,7.65,9.109133646482178
16,36,65,8,8.55,6.492708460873223
12,33,22,0,23.4,32.95674996751124
12,33,22,1,42.65,108.86025566366219
12,33,22,2,18.57894736842105,19.7549312816198
12,33,22,3,15.105263157894736,19.71996939608315
12,33,22,4,16.526315789473685,18.77755285515315
12,33,22,5,14.473684210526315,16.846919998928364
12,33,22,6,22.31578947368421,33.61390689643358
16,36,65,0,4.9,4.541040919390502
16,36,65,1,11.5,8.281240690163585
16,36,65,2,9.65,10.737416135325942
16,36,65,3,9.35,6.799961300199475
16,36,65,4,8.9,10.26952568986206
16,36,65,5,7.2,7.43816615769463
16,36,65,6,4.4,3.690671027276605
16,36,65,7,6.3,5.302432411043465
16,36,65,8,7.4,8.120150374547453
11,18,108,0,23.75,23.761700718859153
11,18,108,1,20.95,20.917066816609978
11,18,108,2,21.55,20.686825199679753
11,18,108,3,15.3,14.966981202493356
11,18,108,4,17.3,20.72907949818576
11,18,108,5,22.6,22.2672759660307
16,44,65,0,10.5,9.478507544078756
16,44,65,1,13.1,12.345465820121552
16,44,65,2,14.4,15.191410315320335
16,44,65,3,13.6,14.53272169966796
16,44,65,4,15.4,28.59039220290252
16,44,65,5,11.0,13.090776182206753
16,44,65,6,9.2,8.4579455014361
16,44,65,7,8.65,12.053717487279926
16,44,65,8,9.45,12.132926058327484
12,33,22,0,35.75,47.03400225816481
12,33,22,1,18.4,20.841254634422615
12,33,22,2,17.95,26.539890532435965
12,33,22,3,39.15,108.78238779663205
12,33,22,4,17.36842105263158,16.64735723542859
12,33,22,5,21.894736842105264,26.989493299023078
12,33,22,6,22.105263157894736,27.70458192518203
11,18,108,0,25.9,24.610438521296736
11,18,108,1,25.15,21.798780748135044
11,18,108,2,31.35,39.215028000151065
11,18,108,3,30.45,55.925208514304366
11,18,108,4,17.5,19.01384537092573
11,18,108,5,28.3,23.213199511892956
16,44,65,0,15.6,11.245583928580002
16,44,65,1,13.25,13.65698202000489
16,44,65,2,16.8,17.617574957082518
16,44,65,3,12.6,13.42189883813213
16,44,65,4,12.3,14.875270895366118
16,44,65,5,12.4,14.680456037660553
16,44,65,6,11.1,12.569386368642286
16,44,65,7,10.1,10.371519707961394
16,44,65,8,14.35,16.64576759862303
12,31,22,0,17.95,23.374468752758517
12,31,22,1,21.75,25.93285865258084
12,31,22,2,10.9,9.436212442667763
12,31,22,3,18.8,29.987014733573915
12,31,22,4,22.95,30.453545295295775
12,31,22,5,23.75,38.28408354174851
12,31,22,6,10.473684210526315,8.085435610147913
11,7,108,0,17.8,16.185113368056527
11,7,108,1,23.65,26.622655567649225
11,7,108,2,26.8,41.43428532025139
11,7,108,3,25.15,20.60473885197031
11,7,108,4,30.35,31.38433232983416
11,7,108,5,18.4,20.838729125811568
16,44,65,0,13.1,18.11629101113139
16,44,65,1,9.85,10.946160105380864
16,44,65,2,19.95,49.447979044435655
16,44,65,3,7.95,8.178759396336215
16,44,65,4,7.95,5.753488644200783
16,44,65,5,8.25,10.38153725560303
16,44,65,6,9.5,11.90974832912761
16,44,65,7,15.6,18.779608201731108
16,44,65,8,7.842105263157895,7.462969009231416
12,31,22,0,15.5,15.36400441222754
12,31,22,1,18.55,31.548584087003604
12,31,22,2,14.9,16.06532716262278
12,31,22,3,16.75,11.08282217525938
12,31,22,4,14.1,12.924476982189951
12,31,22,5,15.3,21.59215257058867
12,31,22,6,16.5,16.15875190594542
16,44,65,0,9.35,7.855772265967034
16,44,65,1,11.95,12.832832070410975
16,44,65,2,8.85,9.53263093965034
16,44,65,3,8.75,9.585487934756811
16,44,65,4,6.8,5.386142062347546
16,44,65,5,12.95,11.343790325432165
16,44,65,6,7.95,7.5287169522680575
16,44,65,7,7.65,6.217758946420283
16,44,65,8,14.65,14.879427691314362
12,31,22,0,11.1,12.134769531348642
12,31,22,1,13.85,13.468384031540408
12,31,22,2,14.35,14.751538724378625
12,31,22,3,17.0,19.09257226749381
12,31,22,4,8.5,6.676746765335723
12,31,22,5,18.8,19.79792652620072
12,31,22,6,11.4,11.348081219678551
11,7,108,0,30.95,24.8923471647095
11,7,108,1,30.95,39.58398799089296
11,7,108,2,30.3,38.93462807267965
11,7,108,3,33.25,55.759705315237326
11,7,108,4,41.05,73.23392584544982
11,7,108,5,28.65,27.77783099410107
16,44,65,0,15.85,18.0737524138124
16,44,65,1,13.8,15.561761502241051
16,44,65,2,9.95,9.588781822635514
16,44,65,3,12.45,11.161376070604991
16,44,65,4,8.35,9.815535484226283
16,44,65,5,10.85,14.390329355069273
16,44,65,6,10.5,14.420380314716136
16,44,65,7,11.1,13.733937987029757
16,44,65,8,16.2,24.01666088364492
12,31,22,0,17.5,24.71841418861655
12,31,22,1,14.5,10.66968159146082
12,31,22,2,18.75,25.577282271989972
12,31,22,3,17.75,16.650825805346713
12,31,22,4,36.1,37.011946862145955
12,31,22,5,12.25,10.66166275172775
12,31,22,6,22.0,20.956094453328895
11,7,108,0,31.4,33.85168891067717
11,7,108,1,35.8,49.16203070620552
11,7,108,2,15.35,17.580716110197802
11,7,108,3,26.3,23.18824566115568
11,7,108,4,13.3,12.230677564395625
11,7,108,5,18.7,13.29859509793976
16,40,65,0,16.5,26.553818240657872
16,40,65,1,15.7,16.970872880196517
16,40,65,2,11.5,12.249597200681636
16,40,65,3,11.8,15.78006737361376
16,40,65,4,9.0,12.430861425881702
16,40,65,5,16.3,14.342061805825034
16,40,65,6,12.0,15.834672150229796
16,40,65,7,10.4,7.8900336868068806
16,40,65,8,9.5,8.376030965609075
12,31,22,0,17.65,20.637918601703184
12,31,22,1,15.6,10.922694867014034
12,31,22,2,13.5,18.190512275417237
12,31,22,3,17.05,16.928565083593874
12,31,22,4,22.3,37.44905311149226
12,31,22,5,15.7,15.553303930608918
12,31,22,6,16.85,20.6710450936366
16,40,65,0,15.7,15.868207208125307
16,40,65,1,13.65,12.970716005071214
16,40,65,2,18.15,26.78034432387424
16,40,65,3,11.7,16.43840176633906
16,40,65,4,14.7,16.380668966482222
16,40,65,5,10.7,10.751254516762707
16,40,65,6,8.65,9.08019823572151
16,40,65,7,9.8,8.721419488520022
16,40,65,8,24.15,50.78258611602582
11,7,108,0,22.85,15.577564839081539
11,7,108,1,28.3,27.589280908581717
11,7,108,2,26.6,26.168281322402912
11,7,108,3,20.8,13.296616110875728
11,7,108,4,24.1,28.285945924471136
11,7,108,5,49.6,67.24456542314307
12,27,22,0,26.2,27.155691465093806
12,27,22,1,20.05,30.021877987473346
12,27,22,2,20.05,18.64763283975518
12,27,22,3,16.4,16.355909924968532
12,27,22,4,16.25,14.69290913833501
12,27,22,5,20.25,30.376367199033634
12,27,22,6,18.55,12.95934939887436
16,40,65,0,9.0,9.733285267845751
16,40,65,1,11.7,14.509887735791175
16,40,65,2,9.1,5.9991227428858735
16,40,65,3,10.1,12.497999839974394
16,40,65,4,8.6,10.693825075100213
16,40,65,5,7.7,5.629807886784882
16,40,65,6,8.6,14.365162537780146
16,40,65,7,9.9,10.881660090068495
16,40,65,8,9.85,11.864475946019875
11,7,108,0,28.9,34.126544692241836
11,7,108,1,13.5,11.004783648845384
11,7,108,2,17.7,17.809222921077485
11,7,108,3,23.35,15.503055725956262
11,7,108,4,22.15,24.84960022976119
11,7,108,5,23.85,21.793951357876196
16,40,65,0,7.9,6.65621988503195
16,40,65,1,14.65,27.180246310026043
16,40,65,2,10.85,11.735124962893954
16,40,65,3,16.65,17.020962308128667
16,40,65,4,11.75,10.248876703532467
16,40,65,5,7.75,8.390941230686943
16,40,65,6,9.45,10.374437207310143
16,40,65,7,13.35,10.574422965468687
16,40,65,8,11.5,9.478507544078756
12,27,22,0,22.4,28.234730386529282
12,27,22,1,29.15,35.1062672467467
12,27,22,2,21.05,17.560347077255738
12,27,22,3,11.65,12.836112708825995
12,27,22,4,28.8,32.10607419165414
12,27,22,5,19.1,18.79221563363545
12,27,22,6,17.2,19.71534267625357
11,6,108,0,41.05,57.066420211797706
11,6,108,1,26.15,30.69077522987202
11,6,108,2,18.85,15.772310847611527
11,6,108,3,11.0,9.706210708396428
11,6,108,4,25.0,26.667543845222077
11,6,108,5,30.35,30.795206393887106
16,40,65,0,9.85,9.404786015641186
16,40,65,1,8.6,6.361065782927955
16,40,65,2,10.45,7.4302015273370685
16,40,65,3,11.6,7.755473449187523
16,40,65,4,8.5,8.344553849509776
16,40,65,5,7.8,8.519945638571324
16,40,65,6,8.6,7.279386903044138
16,40,65,7,8.85,6.627494565107263
16,40,65,8,6.3,7.153210541612177
12,27,22,0,18.85,14.740831227008803
12,27,22,1,13.3,11.521604420437834
12,27,22,2,9.1,11.827265555753613
12,27,22,3,16.85,27.133733132103483
12,27,22,4,9.05,9.21369118557584
12,27,22,5,21.55,20.874247543955104
12,27,22,6,14.15,13.565726938443845
16,36,65,0,14.65,16.265154876541896
16,36,65,1,11.3,14.761614517318039
16,36,65,2,9.7,7.306089745439831
16,36,65,3,12.95,10.333771920516881
16,36,65,4,13.3,17.180466264121925
16,36,65,5,12.25,13.703149849194297
16,36,65,6,10.3,11.765695004859186
16,36,65,7,16.7,16.056151469141042
16,36,65,8,9.4,10.93232772439997
11,6,108,0,38.55,35.56088181962694
11,6,108,1,24.6,25.04606282747639
11,6,108,2,25.1,26.614005019122825
11,6,108,3,24.4,35.489657500089855
11,6,108,4,15.25,20.819714847129617
11,6,108,5,25.65,26.48589495521998
16,36,65,0,12.8,13.403063279085043
16,36,65,1,13.55,17.551353224181888
16,36,65,2,11.85,14.503266419745078
16,36,65,3,13.7,15.221522159170062
16,36,65,4,12.1,9.629450440677997
16,36,65,5,13.55,12.836932737428487
16,36,65,6,10.55,12.775284526649186
16,36,65,7,7.35,7.03581065542183
16,36,65,8,10.6,11.909306400767782
12,27,22,0,39.35,110.01400628532427
12,27,22,1,48.89473684210526,111.06899494200394
12,27,22,2,19.333333333333332,18.12700293192776
12,27,22,3,16.166666666666668,11.88795732713424
12,27,22,4,28.61111111111111,41.309646913337026
12,27,22,5,16.944444444444443,26.93668441587163
12,27,22,6,26.166666666666668,45.90431224136727
11,6,108,0,22.2,21.522570771903133
11,6,108,1,21.25,21.415378144049466
11,6,108,2,26.25,30.12757960128193
11,6,108,3,27.0,28.458649596249384
11,6,108,4,17.25,19.020418391546325
11,6,108,5,21.05,20.932158588112568
16,36,65,0,13.85,12.036239139846755
16,36,65,1,10.85,12.766217755838012
16,36,65,2,11.5,9.698073601439997
16,36,65,3,15.85,20.696490930641005
16,36,65,4,14.45,12.832832070410975
16,36,65,5,11.5,10.060344244397877
16,36,65,6,38.4,107.40008820931398
16,36,65,7,8.31578947368421,6.36878351875552
16,36,65,8,9.105263157894736,9.993857762768897
12,27,22,0,18.75,16.36708828556162
12,27,22,1,18.7,20.971409108593537
12,27,22,2,17.15,18.362648014522936
12,27,22,3,16.8,32.50522225249676
12,27,22,4,19.1,24.526891793552476
12,27,22,5,13.75,11.470213139854211
12,27,22,6,44.1,111.01583575992068
11,6,108,0,32.2,29.050953422165716
11,6,108,1,27.05,38.27665909635985
11,6,108,2,29.7,38.582925048046285
11,6,108,3,21.25,18.017170173271705
11,6,108,4,25.9,21.138391115394008
11,6,108,5,39.95,41.846178219509454
16,36,65,0,10.3,11.045837510835902
16,36,65,1,13.25,10.305210741224684
16,36,65,2,11.65,9.685990969055855
16,36,65,3,11.05,9.933860223869088
16,36,65,4,8.4,9.098293651472293
16,36,65,5,12.05,13.084643469993447
16,36,65,6,10.65,13.561846637185008
16,36,65,7,12.4,9.167448132558913
16,36,65,8,7.75,11.38269693322651
12,31,22,0,23.35,20.6990337938755
12,31,22,1,23.2,29.605476022626554
12,31,22,2,20.6,14.741277528012786
12,31,22,3,19.0,16.11145391851465
12,31,22,4,31.3,48.38670978905805
12,31,22,5,32.6,39.26884395119313
12,31,22,6,14.35,18.111569434160614
16,36,65,0,10.4,8.7803608605857
16,36,65,1,12.25,12.677684497199255
16,36,65,2,12.8,11.945490230296338
16,36,65,3,10.6,12.542139496828073
16,36,65,4,14.8,18.21971170838996
16,36,65,5,13.35,12.461625305840242
16,36,65,6,9.15,7.506313132430945
16,36,65,7,8.9,8.831164910939584
16,36,65,8,6.95,6.516981865217897
11,6,108,0,17.5,14.698728910315591
11,6,108,1,23.1,34.55872195492615
11,6,108,2,21.5,22.065691397327782
11,6,108,3,13.5,16.359449225061596
11,6,108,4,19.5,29.528754941938416
11,6,108,5,31.8,28.728493099873408
16,43,65,0,21.3,40.38251315137597
16,43,65,1,17.65,25.772843725212216
16,43,65,2,7.55,4.650693213750081
16,43,65,3,13.8,12.684843836559233
16,43,65,4,14.25,10.867019152608403
16,43,65,5,16.05,17.07714693291655
16,43,65,6,18.25,24.87838842301317
16,43,65,7,14.5,16.79128846816267
16,43,65,8,10.55,13.593632410259707
12,31,22,0,37.95,33.352148198784505
12,31,22,1,25.45,25.545573311035195
12,31,22,2,27.4,28.331496328477364
12,31,22,3,19.05,18.994389753431488
12,31,22,4,24.55,21.782356452679288
12,31,22,5,33.85,40.094985905183236
12,31,22,6,20.1,23.062614997573792
11,12,108,0,35.35,39.76281653690252
11,12,108,1,42.75,70.80876767002353
11,12,108,2,19.3,22.550761452892516
11,12,108,3,23.8,26.08407459290862
11,12,108,4,45.63157894736842,111.22710027802266
11,12,108,5,25.0,23.733818016641546
11,12,108,0,15.1,15.791070094735254
11,12,108,1,13.4,14.568892599609187
11,12,108,2,40.3,109.1816930866304
11,12,108,3,15.578947368421053,16.631014499267735
11,12,108,4,18.42105263157895,14.056693895609088
11,12,108,5,13.631578947368421,13.12000392240706
11,12,108,0,13.85,19.818319542122744
11,12,108,1,14.55,8.726698296486177
11,12,108,2,12.9,12.17806483633154
11,12,108,3,13.6,25.317769919252573
11,12,108,4,12.55,13.597503640858417
11,12,108,5,19.65,28.525657887150242
11,12,108,0,22.7,19.58812744603489
11,12,108,1,22.0,35.83735187585272
11,12,108,2,16.2,19.46548902950796
11,12,108,3,30.55,39.23005695153976
11,12,108,4,21.15,23.68938247623317
11,12,108,5,31.5,31.159183828240838
11,12,108,0,17.95,19.225736588448857
11,12,108,1,19.15,20.74475203134772
11,12,108,2,15.1,18.139517779234318
11,12,108,3,24.4,42.51117500140404
11,12,108,4,22.8,41.78340138833778
11,12,108,5,16.9,18.401658964114596
11,15,108,0,27.65,22.827211370366033
11,15,108,1,27.25,29.790275700566948
11,15,108,2,28.9,29.55441012598182
11,15,108,3,16.85,19.42671790141229
11,15,108,4,24.75,23.133195560538223
11,15,108,5,34.0,34.68049656659004
11,15,108,0,23.95,25.371917754208408
11,15,108,1,44.45,108.69148758612245
11,15,108,2,10.526315789473685,11.486070893103678
11,15,108,3,15.263157894736842,14.31332753168318
11,15,108,4,22.0,16.539514973407037
11,15,108,5,20.842105263157894,20.66199720876399
11,15,108,0,21.7,32.78333979967649
11,15,108,1,17.95,17.78075541583919
11,15,108,2,50.85,107.68290437547105
11,15,108,3,15.368421052631579,13.80503340700127
11,15,108,4,23.842105263157894,26.43916110178388
11,15,108,5,17.736842105263158,17.685028524662567
11,15,108,0,25.9,30.55951914749831
11,15,108,1,23.0,24.226996685950418
11,15,108,2,23.05,25.557932129513965
11,15,108,3,32.8,35.175649472177106
11,15,108,4,20.2,16.62148261168438
11,15,108,5,27.8,29.962432618548387
11,15,108,0,27.5,28.785047287930954
11,15,108,1,32.35,35.50429922076895
11,15,108,2,33.2,35.48995410119973
11,15,108,3,22.3,19.77531688481216
11,15,108,4,29.6,25.47113949882143
11,15,108,5,33.6,37.918749701794866
11,8,108,0,21.25,17.15218261391397
11,8,108,1,15.35,14.49237549087178
11,8,108,2,22.45,26.682292570956214
11,8,108,3,21.4,26.40853131690192
11,8,108,4,26.35,37.10195767284922
11,8,108,5,19.9,16.29627015769656
11,8,108,0,25.7,23.4657645360887
11,8,108,1,22.45,27.914295526429505
11,8,108,2,19.45,18.922209173349714
11,8,108,3,24.1,30.22529439149653
11,8,108,4,27.2,36.99729719857925
11,8,108,5,34.15,31.954367134201995
11,8,108,0,25.05,25.40301474027713
11,8,108,1,27.45,35.26512366869597
11,8,108,2,19.95,19.763003713744368
11,8,108,3,19.65,23.613722593797913
11,8,108,4,23.7,22.471268204906508
11,8,108,5,23.95,26.073731487537614
11,8,108,0,38.4,37.386178138310335
11,8,108,1,39.6,38.181560719113726
11,8,108,2,37.7,36.9040006389266
11,8,108,3,31.05,54.16104154327751
11,8,108,4,20.05263157894737,24.493703690292246
11,8,108,5,20.736842105263158,12.600009282462004
11,8,108,0,28.65,41.288809494506914
11,8,108,1,29.9,45.12427284732686
11,8,108,2,23.7,17.244678813141782
11,8,108,3,20.5,24.53676082083671
11,8,108,4,20.4,24.190907382733705
11,8,108,5,23.31578947368421,17.56591595985737
12,29,108,0,25.75,33.04044570873067
12,29,108,1,28.15,33.94310254714963
12,29,108,2,31.6,40.89318563745
12,29,108,3,20.63157894736842,25.734133248180086
12,29,108,4,22.789473684210527,23.52204391007725
12,29,108,5,18.263157894736842,20.226061585278085
12,29,108,6,16.42105263157895,15.367049125658749
12,29,108,0,27.2,23.2867705835422
12,29,108,1,21.0,20.03943480661122
12,29,108,2,23.6,21.017286118561398
12,29,108,3,10.65,9.137977433707492
12,29,108,4,16.95,20.831340255540574
12,29,108,5,18.0,23.828333422298133
12,29,108,6,16.2,17.267553997385722
12,29,108,0,24.8,17.367846880461546
12,29,108,1,26.85,28.700403444807822
12,29,108,2,16.2,14.508073977145132
12,29,108,3,18.05,20.114082524178766
12,29,108,4,21.45,25.138511030729433
12,29,108,5,24.0,35.651825080617506
12,29,108,6,48.35,109.28055395944975
12,29,108,0,23.6,21.08229489156095
12,29,108,1,17.5,23.318165496137624
12,29,108,2,17.7,13.091178226898489
12,29,108,3,18.55,15.62209973083004
12,29,108,4,20.9,25.216744645697545
12,29,108,5,24.55,24.23888785011652
12,29,108,6,17.35,18.42845340056626
12,29,108,0,21.0,11.934029186807738
12,29,108,1,22.35,19.56171072058345
12,29,108,2,16.3,13.432482233279464
12,29,108,3,26.4,18.448791145677866
12,29,108,4,24.5,25.018940193802223
12,29,108,5,10.45,10.831119881837559
12,29,108,6,20.5,17.703701664668294
12,29,108,0,27.8,18.372175758610172
12,29,108,1,24.95,22.331179524319094
12,29,108,2,14.1,13.637795778065112
12,29,108,3,18.35,14.463292920537256
12,29,108,4,20.1,14.145484680353137
12,29,108,5,14.6,15.958498808175106
12,29,108,6,22.85,27.23634375338642
12,29,108,0,19.9,16.612930917938908
12,29,108,1,18.3,21.021542834860973
12,29,108,2,20.3,21.46993001238807
12,29,108,3,15.35,18.7371710497441
12,29,108,4,21.3,18.459343661708363
12,29,108,5,15.6,16.57645762424593
12,29,108,6,19.95,21.40210270043577
12,29,108,0,28.25,20.33372878534061
12,29,108,1,31.25,33.20569862316756
12,29,108,2,16.2,14.428042869794625
12,29,108,3,14.7,13.258959235173776
12,29,108,4,15.75,14.817752510879787
12,29,108,5,14.15,13.156047238717576
12,29,108,6,19.6,19.9509925884192
12,29,108,0,24.15,19.510523476211226
12,29,108,1,21.5,24.845840486360775
12,29,108,2,20.0,19.820244833582603
12,29,108,3,24.9,23.153719719347585
12,29,108,4,20.6,21.787007233911826
12,29,108,5,20.25,18.95944425123768
12,29,108,6,11.7,10.969335248294387
12,29,108,0,44.1,32.58817996888151
12,29,108,1,27.45,30.450088583398934
12,29,108,2,20.95,24.63090698588601
12,29,108,3,19.8,23.011667521178538
12,29,108,4,21.45,40.05453519233102
12,29,108,5,26.95,32.32804713525003
12,29,108,6,18.263157894736842,26.79104764502741
12,25,108,0,41.75,55.10361054174982
12,25,108,1,35.2,41.65977486863393
12,25,108,2,23.45,20.914550462599752
12,25,108,3,24.25,17.645261776406002
12,25,108,4,27.95,41.22655633652199
12,25,108,5,16.8,16.06434430329283
12,25,108,6,15.95,15.632203602617393
12,25,108,0,25.8,27.233106786834984
12,25,108,1,20.7,20.473603030552088
12,25,108,2,11.4,13.472779574894119
12,25,108,3,29.5,21.291213903243854
12,25,108,4,18.05,15.902581716914957
12,25,108,5,20.2,13.276810016360344
12,25,108,6,29.45,30.349672676636025
12,25,108,0,12.05,11.905217785757461
12,25,108,1,12.8,14.395174630117516
12,25,108,2,21.05,21.65391662640174
12,25,108,3,16.1,22.2140306539524
12,25,108,4,24.85,33.3091974022033
12,25,108,5,19.3,18.13429435017937
12,25,108,6,19.75,31.475763441265823
12,25,108,0,18.7,22.61368937985177
12,25,108,1,30.15,26.030902687706433
12,25,108,2,22.85,22.946792001451854
12,25,108,3,25.9,25.519651870253778
12,25,108,4,25.7,30.982337922724533
12,25,108,5,25.25,44.972359932460044
12,25,108,6,17.5,18.57134181587602
12,25,108,0,24.15,19.282593732499567
12,25,108,1,25.1,30.164287005104494
12,25,108,2,17.05,14.50762050205267
12,25,108,3,13.0,14.966629547095764
12,25,108,4,29.3,25.169112231588855
12,25,108,5,28.8,45.517607929008605
12,25,108,6,17.75,13.676237555856163
12,37,108,0,26.45,36.32379965054084
12,37,108,1,21.85,19.591284313506137
12,37,108,2,16.5,15.288454536193747
12,37,108,3,18.3,19.756677751825425
12,37,108,4,29.3,46.118953747205076
12,37,108,5,11.6,11.449660992453238
12,37,108,6,11.947368421052632,10.43750547151168
12,37,108,0,22.85,26.08947156068496
12,37,108,1,25.8,28.33372548748223
12,37,108,2,17.85,28.4905801607257
12,37,108,3,23.2,28.902012313841983
12,37,108,4,63.55,146.88644916182167
12,37,108,5,31.444444444444443,28.21602011003099
12,37,108,6,25.11111111111111,30.152336537867352
12,37,108,0,21.15,23.249844368466096
12,37,108,1,17.4,21.024797389348556
12,37,108,2,29.55,43.857994530194
12,37,108,3,22.1,18.85093882905682
12,37,108,4,19.9,15.269163972564204
12,37,108,5,36.1,106.2390056231207
12,37,108,6,20.0,26.88659310676771
12,37,108,0,17.85,15.908537926137916
12,37,108,1,14.1,19.078508161913774
12,37,108,2,34.1,109.12325238246116
12,37,108,3,19.210526315789473,26.09508030978769
12,37,108,4,16.05263157894737,15.493631968616892
12,37,108,5,17.68421052631579,35.469944446873996
12,37,108,6,19.0,19.5021366350801
12,37,108,0,36.5,42.84427125004425
12,37,108,1,17.5,19.33771880085789
12,37,108,2,16.25,16.325230714900687
12,37,108,3,20.6,17.361178713318672
12,37,108,4,27.95,45.94673689805346
12,37,108,5,27.05,37.505753944526546
12,37,108,6,25.75,34.08020725165546
12,27,108,0,34.85,30.671905540309755
12,27,108,1,22.05,23.52260950436275
12,27,108,2,20.9,24.128820940941143
12,27,108,3,26.15,29.588893720092805
12,27,108,4,26.8,30.5072898967133
12,27,108,5,17.5,18.911149593490304
12,27,108,6,17.8,20.518541037700256
12,27,108,0,53.1,112.78713065817954
12,27,108,1,50.26315789473684,110.42586356931622
12,27,108,2,17.38888888888889,24.314456820120746
12,27,108,3,14.11111111111111,14.756409928804775
12,27,108,4,34.77777777777778,38.08435768991772
12,27,108,5,21.27777777777778,26.59457166096242
12,27,108,6,27.555555555555557,23.44761927516742
12,27,108,0,20.4,21.40191826129513
12,27,108,1,15.1,17.543629823056033
12,27,108,2,20.15,22.072309396736514
12,27,108,3,18.75,16.101242188104617
12,27,108,4,48.35,107.19253459865668
12,27,108,5,20.894736842105264,15.999634498749254
12,27,108,6,25.94736842105263,30.368978478064907
12,27,108,0,39.4,36.54614962799199
12,27,108,1,25.95,29.3301981976902
12,27,108,2,16.25,13.150445259622039
12,27,108,3,20.35,25.72787756909859
12,27,108,4,13.6,13.480590335347843
12,27,108,5,25.65,26.919519429510427
12,27,108,6,42.75,108.02673889269023
12,27,108,0,23.8,24.596961729363837
12,27,108,1,16.9,12.100021748566796
12,27,108,2,17.8,13.504774983998107
12,27,108,3,21.55,19.42996871357559
12,27,108,4,38.9,107.40915378025036
12,27,108,5,13.210526315789474,14.0221212033321
12,27,108,6,23.0,18.743887892679396
12,37,108,0,31.9,42.58971954035758
12,37,108,1,30.3,36.399971081538546
12,37,108,2,40.05,107.80561209881421
12,37,108,3,26.526315789473685,44.53883252106168
12,37,108,4,23.736842105263158,25.190037945503505
12,37,108,5,26.263157894736842,22.72258324825072
12,37,108,6,19.526315789473685,19.870045632818574
12,37,108,0,32.3,30.40100413854087
12,37,108,1,15.9,14.208596360172802
12,37,108,2,15.35,17.84221782296431
12,37,108,3,19.0,19.07050629968475
12,37,108,4,40.2,103.52401196162936
12,37,108,5,23.42105263157895,21.932512116018497
12,37,108,6,13.31578947368421,13.042889214599942
12,37,108,0,29.4,28.97076566399126
12,37,108,1,25.5,26.55183609470351
12,37,108,2,43.0,108.2803379148189
12,37,108,3,17.68421052631579,14.290838679917934
12,37,108,4,16.94736842105263,17.15767947341017
12,37,108,5,20.57894736842105,22.64537183393278
12,37,108,6,19.526315789473685,17.805643365869
12,37,108,0,20.55,24.018578335595922
12,37,108,1,15.6,14.496460548045947
12,37,108,2,16.6,11.944609001994428
12,37,108,3,19.85,30.23639319899466
12,37,108,4,19.1,24.124457997729408
12,37,108,5,21.35,27.373200493606113
12,37,108,6,19.3,31.258009499882377
12,37,108,0,34.55,28.919989444563843
12,37,108,1,18.15,20.777708196399736
12,37,108,2,16.35,25.167387000263908
12,37,108,3,18.4,19.340168180839534
12,37,108,4,20.0,35.46087540107444
12,37,108,5,15.05,20.952264040457596
12,37,108,6,18.5,21.554093517669006
12,25,108,0,19.3,17.30257054221774
12,25,108,1,17.45,16.29489749002817
12,25,108,2,21.5,21.551651542527463
12,25,108,3,21.05,22.281630385399964
12,25,108,4,17.5,28.869032762314347
12,25,108,5,12.7,11.498741349886036
12,25,108,6,18.6,17.064583206161235
12,25,108,0,28.4,41.135718887860136
12,25,108,1,17.7,11.801427210745585
12,25,108,2,29.0,39.696214853361155
12,25,108,3,32.0,44.03706572757473
12,25,108,4,30.4,40.609047475188405
12,25,108,5,13.95,11.869798029585754
12,25,108,6,20.9,21.918269236319492
12,25,108,0,56.65,109.8435610071744
12,25,108,1,15.31578947368421,14.719800087633088
12,25,108,2,21.526315789473685,23.248341448734767
12,25,108,3,14.526315789473685,17.270296983397156
12,25,108,4,28.894736842105264,26.547430796055295
12,25,108,5,21.157894736842106,16.483200733860777
12,25,108,6,12.052631578947368,9.306351977789307
12,25,108,0,23.05,22.439333417250307
12,25,108,1,16.4,27.00175432897102
12,25,108,2,30.8,26.81633437801827
12,25,108,3,23.15,19.274403533675105
12,25,108,4,19.25,20.55256418885104
12,25,108,5,13.1,12.100021748566796
12,25,108,6,20.1,30.371212131157847
12,25,108,0,27.2,27.09942706716179
12,25,108,1,15.5,24.765213293522915
12,25,108,2,16.9,15.583054223975749
12,25,108,3,13.2,13.347974417589793
12,25,108,4,25.5,25.215909764733016
12,25,108,5,14.75,17.329242094764194
12,25,108,6,12.8,17.38904676422549
12,46,108,0,22.7,19.649829247952365
12,46,108,1,19.65,19.43755182765133
12,46,108,2,27.35,34.55472395155865
12,46,108,3,15.8,15.408814975440793
12,46,108,4,23.4,40.10433760501277
12,46,108,5,21.55,20.904482017525634
12,46,108,6,10.2,10.729202648551489
12,46,108,0,29.05,28.18262809455125
12,46,108,1,22.15,25.010050611283205
12,46,108,2,19.7,22.24764919574295
12,46,108,3,14.35,14.751538724378623
12,46,108,4,21.5,19.813605107814706
12,46,108,5,21.7,17.447967759809977
12,46,108,6,19.4,18.253766734567417
12,46,108,0,35.05,27.687114616540917
12,46,108,1,22.65,15.417949211705714
12,46,108,2,16.1,15.130659010937467
12,46,108,3,24.15,28.544102534038167
12,46,108,4,14.3,17.53222596729865
12,46,108,5,11.9,9.089612347706524
12,46,108,6,19.6,34.17047047717633
12,46,108,0,40.35,45.8662529306105
12,46,108,1,22.85,29.354951164918276
12,46,108,2,19.3,20.843022308373815
12,46,108,3,19.7,19.208276724809075
12,46,108,4,23.85,29.787448787419812
12,46,108,5,11.31578947368421,8.531332002155008
12,46,108,6,13.052631578947368,8.323151674766573
12,46,108,0,22.6,16.64616282637249
12,46,108,1,19.15,19.7331540413856
12,46,108,2,19.5,24.96629306632613
12,46,108,3,18.5,13.108855986056062
12,46,108,4,30.2,42.12087868329235
12,46,108,5,20.1,24.797920116519112
12,46,108,6,27.1,26.700877178573425
12,33,108,0,17.35,11.426078205486549
12,33,108,1,29.55,36.123290343809465
12,33,108,2,8.85,8.579504340976937
12,33,108,3,14.65,14.375692203013719
12,33,108,4,12.5,12.386325227103434
12,33,108,5,54.55,105.92672492167205
12,33,108,6,16.157894736842106,12.52669663778008
12,33,108,0,19.65,33.08247270081244
12,33,108,1,26.2,32.8627128328877
12,33,108,2,21.8,36.793306027334005
12,33,108,3,22.4,19.93515804591951
12,33,108,4,20.842105263157894,19.474379630383712
12,33,108,5,25.736842105263158,55.164241744552804
12,33,108,6,17.31578947368421,17.644806071094965
12,33,108,0,25.6,23.42827801026605
12,33,108,1,18.75,18.892702573383083
12,33,108,2,20.3,20.59918240584984
12,33,108,3,10.35,9.831608531455545
12,33,108,4,22.0,22.973669138477003
12,33,108,5,11.75,10.33580898471044
12,33,108,6,21.2,25.808199431474037
12,33,108,0,38.25,51.68617345398853
12,33,108,1,37.1,30.599105594083866
12,33,108,2,34.7,37.016497033506276
12,33,108,3,33.6,42.91043303391257
12,33,108,4,22.25,24.668059467553114
12,33,108,5,28.8,31.0307148347874
12,33,108,6,36.65,40.29140563967771
12,33,108,0,14.6,24.877383514475873
12,33,108,1,22.55,29.992060352875498
12,33,108,2,18.7,17.09755291816562
12,33,108,3,18.0,15.447704649797275
12,33,108,4,17.9,26.562537925669517
12,33,108,5,16.2,14.497186659922386
12,33,108,6,12.6,17.433784503235753
12,35,108,0,24.0,20.604036395557877
12,35,108,1,20.2,22.234633960747384
12,35,108,2,26.0,31.304951684997057
12,35,108,3,20.2,26.142524341527704
12,35,108,4,24.6,32.74526884267325
12,35,108,5,40.05,103.36927926002409
12,35,108,6,14.444444444444445,19.900405618751837
12,35,108,0,24.85,25.75037046233254
12,35,108,1,13.95,12.420166114661649
12,35,108,2,21.6,20.456372060918742
12,35,108,3,15.75,17.66612875712044
12,35,108,4,19.85,18.762434473394467
12,35,108,5,15.75,17.79377478368858
12,35,108,6,20.95,17.199984700115593
12,35,108,0,18.0,13.198883525351281
12,35,108,1,39.7,47.6998289746465
12,35,108,2,28.85,22.342489612960843
12,35,108,3,34.85,47.59950795853605
12,35,108,4,17.35,16.197059512211013
12,35,108,5,24.25,20.41896693092762
12,35,108,6,20.05,20.482277319930184
12,35,108,0,24.4,23.79163939839283
12,35,108,1,18.8,13.79015667251941
12,35,108,2,21.85,26.50377331626574
12,35,108,3,18.1,17.823402711337874
12,35,108,4,15.1,17.247120278317098
12,35,108,5,26.15,23.662706612104337
12,35,108,6,17.95,13.228657090614021
12,35,108,0,28.8,24.258693504109324
12,35,108,1,17.2,15.360921025018067
12,35,108,2,24.65,24.186283629145542
12,35,108,3,22.75,24.70004261662635
12,35,108,4,19.4,18.480145818517887
12,35,108,5,22.45,21.9843844101839
12,35,108,6,11.1,10.823463790351619
12,24,108,0,33.7,32.985004567466554
12,24,108,1,25.1,36.17923219341813
12,24,108,2,32.6,40.52731372660587
12,24,108,3,29.3,33.45554788387908
12,24,108,4,24.7,35.28396087086655
12,24,108,5,31.25,51.211506725077236
12,24,108,6,30.25,27.206568479340657
12,24,108,0,37.35,30.653024234760952
12,24,108,1,19.7,23.42086339367665
12,24,108,2,22.85,16.75920799535524
12,24,108,3,35.65,45.82492426846471
12,24,108,4,27.25,21.449757697073363
12,24,108,5,16.45,12.504630721204215
12,24,108,6,28.45,34.65844622508116
12,24,108,0,31.2,39.532265303167236
12,24,108,1,24.0,19.16136463660253
12,24,108,2,19.75,13.190407200130826
12,24,108,3,19.0,14.768387290354175
12,24,108,4,19.85,20.507444091302425
12,24,108,5,22.55,25.627852857882246
12,24,108,6,17.25,15.81762840697216
12,24,108,0,25.5,20.67161796942088
12,24,108,1,27.55,46.54310396090691
12,24,108,2,19.15,14.769367302843945
12,24,108,3,21.6,32.89280836452344
12,24,108,4,24.95,29.373233429523268
12,24,108,5,23.9,27.962192520013804
12,24,108,6,19.0,16.150606962685888
12,24,108,0,47.2,60.32072176030564
12,24,108,1,20.45,27.300424133971557
12,24,108,2,32.85,54.19387710608528
12,24,108,3,22.473684210526315,27.315783839817332
12,24,108,4,26.842105263157894,31.575769820640666
12,24,108,5,21.157894736842106,26.359192277910562
12,24,108,6,28.157894736842106,32.49147436532772
12,31,108,0,23.05,13.224677888824282
12,31,108,1,28.55,33.58175413116944
12,31,108,2,23.4,18.178645656229094
12,31,108,3,19.15,23.175020581379606
12,31,108,4,27.8,37.18460349179624
12,31,108,5,16.4,17.78645256190346
12,31,108,6,14.0,13.784048752090223
12,31,108,0,23.9,23.69521381829539
12,31,108,1,16.35,13.103936732705055
12,31,108,2,10.7,10.377607471961216
12,31,108,3,17.4,28.925312171358257
12,31,108,4,17.7,16.546903033498445
12,31,108,5,13.2,18.13864731218371
12,31,108,6,14.4,17.957259197737745
12,31,108,0,38.1,26.763879822587285
12,31,108,1,23.95,34.55655166763452
12,31,108,2,17.8,17.727765911431884
12,31,108,3,20.8,15.024891627597604
12,31,108,4,25.45,29.132139965120455
12,31,108,5,19.2,18.437947139983944
12,31,108,6,24.95,20.32233668703116
12,31,108,0,36.3,34.732208622393614
12,31,108,1,23.1,19.474409659318233
12,31,108,2,32.65,36.07196753859239
12,31,108,3,32.85,31.96918746806714
12,31,108,4,19.9,15.289831502290046
12,31,108,5,22.6,30.035768151007098
12,31,108,6,25.9,21.230315960660448
12,31,108,0,24.9,22.888517001464198
12,31,108,1,19.45,16.813137094170393
12,31,108,2,23.1,27.183392762958473
12,31,108,3,17.2,16.382275402654574
12,31,108,4,18.15,17.592686877761096
12,31,108,5,21.1,33.12798149442155
12,31,108,6,25.5,27.126409737802714
12,30,108,0,15.3,11.332765723660241
12,30,108,1,15.75,13.637699296628561
12,30,108,2,14.2,14.937060938273104
12,30,108,3,14.45,14.716532057161894
12,30,108,4,11.85,10.854419424945378
12,30,108,5,18.85,22.45293322767241
12,30,108,6,12.3,9.240072909258945
12,30,108,0,39.75,38.72286826044514
12,30,108,1,33.4,31.33587149107654
12,30,108,2,20.05,24.667206015914715
12,30,108,3,20.6,15.087115450992577
12,30,108,4,31.25,44.66468639234262
12,30,108,5,25.45,29.41083760148719
12,30,108,6,17.157894736842106,13.789138873664045
12,30,108,0,41.9,26.191400758344532
12,30,108,1,20.7,21.03405759589358
12,30,108,2,11.7,11.060122774611214
12,30,108,3,22.35,18.181178816509526
12,30,108,4,24.25,26.627795133735923
12,30,108,5,13.3,12.765496258933378
12,30,108,6,14.75,19.89412767098557
12,30,108,0,16.7,13.94009740961209
12,30,108,1,23.35,25.119241942970206
12,30,108,2,28.0,25.951371528505508
12,30,108,3,20.85,28.654521090874447
12,30,108,4,17.55,14.434880999637102
12,30,108,5,13.1,14.271428947744733
12,30,108,6,21.75,25.118403821228682
12,30,108,0,46.25,69.48295891042183
12,30,108,1,20.6,23.038640310756644
12,30,108,2,23.85,26.610791242019012
12,30,108,3,21.9,15.62353150994055
12,30,108,4,31.35,37.2746209695156
12,30,108,5,24.25,17.993785476921573
12,30,108,6,20.0,26.025628394590846
12,40,108,0,24.15,24.6923704389582
12,40,108,1,24.45,45.792983834000744
12,40,108,2,19.1,19.43111991246597
12,40,108,3,20.75,23.21722364289517
12,40,108,4,26.7,34.654839412942636
12,40,108,5,15.55,17.975055815739413
12,40,108,6,19.8,25.703982898416836
12,40,108,0,37.95,48.759857303016446
12,40,108,1,27.3,21.267964542698337
12,40,108,2,29.6,55.65911283972521
12,40,108,3,17.57894736842105,17.06626233073664
12,40,108,4,12.842105263157896,20.268374812595596
12,40,108,5,29.210526315789473,47.25883685427217
12,40,108,6,20.157894736842106,23.542545783927107
12,40,108,0,18.55,18.551422133030524
12,40,108,1,19.8,23.25058007199413
12,40,108,2,20.6,19.789417693089884
12,40,108,3,11.85,9.455018160799726
12,40,108,4,19.1,22.030839628503543
12,40,108,5,14.7,20.453027056880202
12,40,108,6,18.1,22.004544985070698
12,40,108,0,22.05,21.692771049118498
12,40,108,1,23.9,24.21808806395922
12,40,108,2,18.75,15.511879997364328
12,40,108,3,23.0,30.28287687091415
12,40,108,4,27.65,38.07509892166712
12,40,108,5,18.45,25.16571393572487
12,40,108,6,16.8,15.432706212865961
12,40,108,0,22.6,20.74760607623773
12,40,108,1,18.9,19.130851358060635
12,40,108,2,22.6,21.276129446178086
12,40,108,3,20.25,24.614661869450263
12,40,108,4,13.05,15.052452152040667
12,40,108,5,21.7,19.633751819922647
12,40,108,6,12.9,13.958208300042251
12,45,108,0,18.15,15.661804023264942
12,45,108,1,16.9,16.70770386441694
12,45,108,2,23.05,30.589772972781535
12,45,108,3,17.7,19.80191378310905
12,45,108,4,14.35,13.880220686854711
12,45,108,5,15.4,18.053721004415216
12,45,108,6,11.95,10.40483187349942
12,45,108,0,21.7,18.615500049831137
12,45,108,1,25.25,33.56513698843834
12,45,108,2,39.25,108.03843127137189
12,45,108,3,20.68421052631579,36.15407251008285
12,45,108,4,19.157894736842106,23.81237576904249
12,45,108,5,13.11111111111111,11.776791178309836
12,45,108,6,17.166666666666668,22.003341992150407
12,45,108,0,18.75,19.363217979620945
12,45,108,1,13.6,12.449476843795908
12,45,108,2,20.75,23.666265131261373
12,45,108,3,14.1,18.063921588566938
12,45,108,4,14.75,15.161846158940156
12,45,108,5,9.5,8.451097717550008
12,45,108,6,13.6,17.73904406135027
12,45,108,0,13.85,12.650254834129667
12,45,108,1,22.15,27.604871804962634
12,45,108,2,16.7,24.378808744265456
12,45,108,3,25.4,23.740704552131113
12,45,108,4,18.7,31.14161203277698
12,45,108,5,14.25,12.985315593108687
12,45,108,6,19.6,28.409412821142663
12,45,108,0,34.75,36.769373697484475
12,45,108,1,18.5,20.71739670701388
12,45,108,2,28.5,38.94598148312879
12,45,108,3,33.55,41.394730150232
12,45,108,4,43.55,108.50344403944538
12,45,108,5,29.05263157894737,32.242955620328964
12,45,108,6,16.166666666666668,17.429690692810897
12,25,108,0,21.65,23.837774092482093
12,25,108,1,14.5,22.47220505424423
12,25,108,2,14.05,17.331064291430117
12,25,108,3,20.1,21.56239416449999
12,25,108,4,45.9,111.41808414114924
12,25,108,5,15.526315789473685,15.060501766219224
12,25,108,6,15.789473684210526,17.319157496087072
12,25,108,0,19.7,12.85997462549678
12,25,108,1,23.2,27.007991020203047
12,25,108,2,14.05,12.42440298258569
12,25,108,3,11.6,10.091163409011294
12,25,108,4,20.3,18.324846520503247
12,25,108,5,18.85,21.871093636169753
12,25,108,6,29.6,44.77475792640783
12,25,108,0,17.45,14.299337489253793
12,25,108,1,26.0,26.35386718850715
12,25,108,2,19.4,19.570116854127633
12,25,108,3,16.3,13.94387245163152
12,25,108,4,17.35,13.557965225380672
12,25,108,5,15.8,14.460836402977673
12,25,108,6,12.45,13.585886639799172
12,25,108,0,23.5,22.106202987539852
12,25,108,1,23.95,16.72210953702974
12,25,108,2,29.3,37.41671453128654
12,25,108,3,21.15,18.579204560617313
12,25,108,4,19.6,14.199332823466705
12,25,108,5,12.25,12.409143487979465
12,25,108,6,19.75,22.50584719344591
12,25,108,0,25.6,25.756756906019618
12,25,108,1,17.4,18.95812560132962
12,25,108,2,21.4,26.456319511701984
12,25,108,3,16.95,20.23409056648288
12,25,108,4,19.1,15.29327337512528
12,25,108,5,15.5,15.428954325518868
12,25,108,6,26.9,54.264362639135264
12,38,108,0,28.9,32.93997731121195
12,38,108,1,34.1,38.97489070238886
12,38,108,2,20.8,25.5972860403516
12,38,108,3,17.8,18.88915032498815
12,38,108,4,19.8,24.46823934904401
12,38,108,5,29.45,33.192381814601916
12,38,108,6,22.4,33.13354159982552
12,38,108,0,25.1,25.408038512498983
12,38,108,1,32.05,66.31144618191374
12,38,108,2,16.0,16.98296359978372
12,38,108,3,17.7,14.850482891315798
12,38,108,4,24.25,32.34009243875732
12,38,108,5,12.5,14.634134574235748
12,38,108,6,13.68421052631579,10.4777681655491
12,38,108,0,23.4,26.733381458590795
12,38,108,1,20.65,27.511289548684903
12,38,108,2,22.95,25.93204682688158
12,38,108,3,25.05,27.846335864034817
12,38,108,4,28.55,34.25980458972753
12,38,108,5,17.8,33.68366775878498
12,38,108,6,21.55,28.285155117128138
12,38,108,0,21.15,18.143506885529685
12,38,108,1,37.85,70.86330428886902
12,38,108,2,22.1,34.33564972598106
12,38,108,3,47.526315789473685,107.95645645920429
12,38,108,4,27.666666666666668,36.33827992950814
12,38,108,5,25.27777777777778,19.216431558176076
12,38,108,6,21.88888888888889,17.653157987400004
12,38,108,0,26.9,69.39581361558074
12,38,108,1,11.75,11.674871801392397
12,38,108,2,22.1,23.49893614613223
12,38,108,3,22.75,41.05692453937069
12,38,108,4,41.31578947368421,110.24621567280865
12,38,108,5,14.333333333333334,18.320672990464335
12,38,108,6,20.61111111111111,15.714882002098179
12,40,108,0,20.55,17.721455922130104
12,40,108,1,28.65,39.22978862789696
12,40,108,2,21.5,16.404428156991475
12,40,108,3,27.75,23.492159946402722
12,40,108,4,13.1,14.308260404027935
12,40,108,5,28.3,34.49652919230846
12,40,108,6,22.0,18.962567003663324
12,40,108,0,30.9,28.887986940485906
12,40,108,1,17.4,15.48989483841847
12,40,108,2,15.0,10.141109666262262
12,40,108,3,23.15,20.966828437721386
12,40,108,4,20.2,21.276624188110887
12,40,108,5,18.55,20.319746683045977
12,40,108,6,19.15,21.293129606073705
12,40,108,0,23.3,28.42552596374937
12,40,108,1,31.35,28.42584998497707
12,40,108,2,29.7,41.88342216953599
12,40,108,3,30.25,29.54724138873561
12,40,108,4,22.7,26.09315296354481
12,40,108,5,18.8,19.565275362232956
12,40,108,6,16.75,15.25873347851718
12,40,108,0,21.7,20.079054286809217
12,40,108,1,25.85,49.96659410361876
12,40,108,2,24.6,22.894264967913962
12,40,108,3,17.0,16.019724683881694
12,40,108,4,21.15,23.877483337368613
12,40,108,5,21.95,19.099393762768052
12,40,108,6,16.894736842105264,15.765273852652316
12,40,108,0,31.55,26.326842415659108
12,40,108,1,25.45,29.642563636557625
12,40,108,2,23.3,40.568460656031796
12,40,108,3,32.2,32.957069363835
12,40,108,4,19.25,16.17950295248509
12,40,108,5,15.35,17.22689146287525
12,40,108,6,23.9,22.920687047661595
12,35,108,0,35.25,33.4315876474866
12,35,108,1,22.7,24.124894327556948
12,35,108,2,21.4,29.349796018299507
12,35,108,3,19.1,22.130949987933665
12,35,108,4,14.0,13.787866519440009
12,35,108,5,15.7,17.616081170041017
12,35,108,6,16.75,13.556412349492533
12,35,108,0,43.55,34.840199105117215
12,35,108,1,18.65,16.95590255866515
12,35,108,2,23.7,20.693502667059025
12,35,108,3,17.8,21.525016046207114
12,35,108,4,19.0,27.129319932501073
12,35,108,5,26.1,25.645149331024108
12,35,108,6,19.3,14.882345598940907
12,35,108,0,36.05,34.84473078039052
12,35,108,1,16.85,12.70422639994473
12,35,108,2,24.8,25.572600468799454
12,35,108,3,15.7,13.334166640626627
12,35,108,4,27.5,41.46717154315536
12,35,108,5,19.45,24.803384743555508
12,35,108,6,20.45,20.42566754690877
12,35,108,0,29.15,37.14165628480975
12,35,108,1,23.45,20.520785354828586
12,35,108,2,22.25,27.039688179454018
12,35,108,3,26.8,33.14974001644499
12,35,108,4,24.6,32.27415456106603
12,35,108,5,21.6,19.562047035280496
12,35,108,6,17.25,22.75238564703884
12,35,108,0,20.05,19.837431391451016
12,35,108,1,18.8,17.775204492124473
12,35,108,2,25.05,22.43464191590178
12,35,108,3,21.6,24.2864484630291
12,35,108,4,23.5,29.897192263875844
12,35,108,5,17.1,19.297940986431414
12,35,108,6,13.7,12.921218779079707
12,34,108,0,18.25,18.492886256754602
12,34,108,1,34.45,27.09724204260997
12,34,108,2,22.15,28.639823213215028
12,34,108,3,23.65,25.427450976413166
12,34,108,4,18.45,17.75409515398749
12,34,108,5,18.35,23.609264461669547
12,34,108,6,21.1,16.78313690019021
12,34,108,0,22.8,18.205262397102885
12,34,108,1,19.9,17.63041630102274
12,34,108,2,16.05,13.922624525721094
12,34,108,3,12.6,12.725440743065175
12,34,108,4,18.9,15.603305992472775
12,34,108,5,19.9,22.412167747852834
12,34,108,6,25.4,34.039296176779665
12,34,108,0,32.65,33.2285150213836
12,34,108,1,20.6,22.880467422534977
12,34,108,2,23.95,30.465640698299694
12,34,108,3,14.15,13.959622223813183
12,34,108,4,18.65,17.77424215572991
12,34,108,5,18.7,21.433127335235543
12,34,108,6,17.5,19.521917507199305
12,34,108,0,25.4,23.83142551559313
12,34,108,1,18.15,17.82451003238902
12,34,108,2,17.2,16.18836489256209
12,34,108,3,24.65,31.15373594222521
12,34,108,4,12.65,12.860690822076885
12,34,108,5,25.4,30.23138835887732
12,34,108,6,16.15,15.156291033585255
12,34,108,0,29.7,28.80624932197873
12,34,108,1,20.2,23.95741836544251
12,34,108,2,27.65,35.231975608290234
12,34,108,3,24.6,47.90275236570991
12,34,108,4,22.35,17.544754801724405
12,34,108,5,21.0,31.911060613424997
12,34,108,6,13.157894736842104,15.724231681971112
13,1,108,0,34.3,30.361159398152108
13,1,108,1,32.65,49.89280614741125
13,1,108,2,20.5,16.934859718468605
13,1,108,3,14.55,13.55097588251197
13,1,108,4,15.9,19.793406664049044
13,1,108,5,18.5,20.92719208162081
13,1,108,6,17.94736842105263,19.93732870831476
13,1,108,0,29.0,30.649117785878136
13,1,108,1,23.75,49.870226324774286
13,1,108,2,23.85,23.557935304042957
13,1,108,3,19.15,32.691983565909304
13,1,108,4,27.95,27.742187141038848
13,1,108,5,27.157894736842106,39.48454431503651
13,1,108,6,30.27777777777778,29.059382519563293
13,1,108,0,21.7,15.828355634912402
13,1,108,1,21.0,21.18340959584323
13,1,108,2,19.7,22.918849975741068
13,1,108,3,20.8,17.142130310406213
13,1,108,4,22.15,24.796593569109024
13,1,108,5,9.7,12.422814326450897
13,1,108,6,22.4,26.474217845411708
13,1,108,0,33.85,30.274663716677264
13,1,108,1,27.85,31.45970689460944
13,1,108,2,33.95,62.63887728374784
13,1,108,3,32.35,41.0009948531419
13,1,108,4,13.55,17.783715200030322
13,1,108,5,19.05263157894737,20.128679606225006
13,1,108,6,31.263157894736842,38.10634549850539
13,1,108,0,22.85,24.486892304595166
13,1,108,1,25.8,30.522812866168774
13,1,108,2,22.25,23.45853003875024
13,1,108,3,19.95,22.352381246042246
13,1,108,4,22.0,21.329495268783383
13,1,108,5,27.3,46.6747987901958
13,1,108,6,30.0,24.9715627738518
13,16,108,0,23.0,34.04486204376436
13,16,108,1,22.05,20.205457834847234
13,16,108,2,25.85,35.872984997510024
13,16,108,3,20.45,24.27577306482199
13,16,108,4,25.25,24.05667649968562
13,16,108,5,14.421052631578947,14.22953028612479
13,16,108,6,28.842105263157894,28.357368546414758
13,16,108,0,22.35,22.67452779059171
13,16,108,1,28.25,27.27612219699243
13,16,108,2,27.6,22.852847340735185
13,16,108,3,27.45,41.80213416863584
13,16,108,4,15.55,13.873393695544681
13,16,108,5,24.8,46.42322467767275
13,16,108,6,26.05,32.176282536904985
13,16,108,0,27.15,26.925384227332277
13,16,108,1,14.9,17.350564983975538
13,16,108,2,26.2,26.961180670695686
13,16,108,3,22.05,19.893069409377624
13,16,108,4,17.85,24.231938471885883
13,16,108,5,23.55,23.15048027238539
13,16,108,6,21.4,22.005740877756136
13,16,108,0,23.2,21.60068225043391
13,16,108,1,32.95,38.372790524427316
13,16,108,2,20.25,16.682404849989325
13,16,108,3,17.9,18.444511378727274
13,16,108,4,31.75,29.305783513982718
13,16,108,5,20.75,20.705643776770774
13,16,108,6,35.65,39.304847698872706
13,16,108,0,35.6,46.27423973614148
13,16,108,1,27.55,33.162240734400264
13,16,108,2,27.65,44.25675684362547
13,16,108,3,28.05263157894737,42.26040132875972
13,16,108,4,24.157894736842106,19.942314470310322
13,16,108,5,25.894736842105264,24.20260485715009
13,16,108,6,23.22222222222222,31.90713649761013
13,14,108,0,27.4,36.777281316767166
13,14,108,1,26.3,30.97724122132587
13,14,108,2,28.9,36.85376507224194
13,14,108,3,23.0,20.118072524604916
13,14,108,4,16.25,18.755700887716078
13,14,108,5,18.95,28.779515741509435
13,14,108,6,25.55,27.65097314362505
13,14,108,0,32.15,29.40153057240388
13,14,108,1,14.9,9.920207977446314
13,14,108,2,15.95,14.81988351399636
13,14,108,3,30.2,38.55495053201749
13,14,108,4,40.1,107.49976744160891
13,14,108,5,14.0,20.46948949045872
13,14,108,6,22.789473684210527,26.39145263015707
13,14,108,0,24.35,20.329586942758034
13,14,108,1,21.85,18.80166565969482
13,14,108,2,18.45,34.89906498521279
13,14,108,3,14.25,16.058691694760455
13,14,108,4,40.8,109.10863731548527
13,14,108,5,18.31578947368421,17.371920611463608
13,14,108,6,32.0,28.288199345702832
13,14,108,0,17.15,10.931725919494477
13,14,108,1,19.4,19.13497761746934
13,14,108,2,15.8,16.3211196726334
13,14,108,3,21.6,37.36505544517568
13,14,108,4,24.4,23.558214569109655
13,14,108,5,17.8,17.215659945770916
13,14,108,6,23.95,15.184739569366135
13,14,108,0,21.7,14.603892775918561
13,14,108,1,19.8,28.922036763103595
13,14,108,2,16.9,25.731201620641528
13,14,108,3,34.0,46.237373809961404
13,14,108,4,17.05,20.61546430282502
13,14,108,5,19.2,19.468192682316186
13,14,108,6,28.1,22.27554713132766
13,12,108,0,40.7,108.81568191937662
13,12,108,1,14.31578947368421,24.95340687400987
13,12,108,2,28.736842105263158,32.99299943466654
13,12,108,3,12.789473684210526,13.468394886500525
13,12,108,4,11.31578947368421,11.010361945705446
13,12,108,5,39.526315789473685,107.75454020909056
13,12,108,6,29.27777777777778,35.671385064478514
13,12,108,0,35.25,109.82851465616271
13,12,108,1,38.36842105263158,111.43419110564055
13,12,108,2,10.555555555555555,10.766080843650865
13,12,108,3,9.88888888888889,8.989463694589341
13,12,108,4,17.61111111111111,20.719808336863057
13,12,108,5,36.611111111111114,111.78137216637974
13,12,108,6,32.05882352941177,37.80620086082985
13,12,108,0,39.9,35.468147311132704
13,12,108,1,38.35,78.76565842655302
13,12,108,2,38.65,53.0374991472022
13,12,108,3,26.68421052631579,30.465012047664246
13,12,108,4,14.526315789473685,16.470068545538503
13,12,108,5,23.0,32.605384695033294
13,12,108,6,27.57894736842105,18.22792664955399
13,12,108,0,25.65,25.974228117805342
13,12,108,1,26.3,29.871831476986372
13,12,108,2,28.4,32.97431217111124
13,12,108,3,38.8,53.16567947166866
13,12,108,4,31.8,36.53347419616844
13,12,108,5,26.55,39.82392166577904
13,12,108,6,18.31578947368421,19.539284166289054
13,12,108,0,12.1,8.168617740442608
13,12,108,1,11.25,10.057073970201534
13,12,108,2,28.0,34.9254845876791
13,12,108,3,22.15,22.875578796243776
13,12,108,4,30.55,49.856082350786664
13,12,108,5,31.2,38.7510271510725
13,12,108,6,22.45,36.16551861707648
13,3,108,0,30.45,25.830367684894497
13,3,108,1,27.05,23.5941005115128
13,3,108,2,16.6,15.319062771936352
13,3,108,3,14.9,12.586124356440687
13,3,108,4,19.3,21.1811733684222
13,3,108,5,14.2,15.01087325206211
13,3,108,6,29.4,19.09091820460024
13,3,108,0,23.3,16.562799153206974
13,3,108,1,21.15,19.09333033176493
13,3,108,2,25.5,42.30652556359548
13,3,108,3,31.2,52.81008675582625
13,3,108,4,16.15,16.591928919301633
13,3,108,5,13.894736842105264,16.75607596877458
13,3,108,6,51.73684210526316,54.83190687634259
13,3,108,0,23.3,40.42029193363155
13,3,108,1,17.4,20.546225162327328
13,3,108,2,16.1,11.22919128174889
13,3,108,3,25.85,27.667718221402847
13,3,108,4,22.45,39.3840403155764
13,3,108,5,12.15,8.604007634144745
13,3,108,6,33.65,45.45938036486964
13,3,108,0,52.8,63.479462074462774
13,3,108,1,27.1,31.185185416695607
13,3,108,2,25.0,30.110323461354056
13,3,108,3,40.6,45.25297315036183
13,3,108,4,21.210526315789473,29.245282520563933
13,3,108,5,29.5,44.770328934922695
13,3,108,6,30.22222222222222,25.49868636882982
13,3,108,0,45.0,108.50321363176785
13,3,108,1,17.105263157894736,17.035566509975222
13,3,108,2,23.842105263157894,27.91507589078532
13,3,108,3,32.526315789473685,32.599196344989565
13,3,108,4,21.36842105263158,30.47988503608348
13,3,108,5,18.263157894736842,18.12561755350439
13,3,108,6,33.94736842105263,36.17776125407327
13,7,108,0,42.65,79.8065259170412
13,7,108,1,17.0,16.584710777669514
13,7,108,2,23.05,31.149005221929468
13,7,108,3,16.05263157894737,32.936763796049014
13,7,108,4,14.789473684210526,18.256137316190475
13,7,108,5,12.105263157894736,11.9624167794254
13,7,108,6,41.21052631578947,42.794832174209
13,7,108,0,17.4,15.859249335125677
13,7,108,1,25.45,19.15167987684796
13,7,108,2,13.65,19.58859765002939
13,7,108,3,24.15,35.821597425369845
13,7,108,4,23.45,25.873121594671016
13,7,108,5,25.6,29.85473602559391
13,7,108,6,31.15,33.804819027376624
13,7,108,0,15.75,14.639078918393308
13,7,108,1,10.35,7.4500088307966035
13,7,108,2,20.0,18.954238520572037
13,7,108,3,14.2,12.314304903775847
13,7,108,4,42.15,107.83187449865989
13,7,108,5,18.894736842105264,16.90790326984562
13,7,108,6,39.26315789473684,30.91896596169333
13,7,108,0,18.65,13.650814512039391
13,7,108,1,24.45,20.559221263155088
13,7,108,2,16.15,16.89682312089901
13,7,108,3,14.35,13.785098743513627
13,7,108,4,19.2,27.804959799893332
13,7,108,5,23.5,28.65860759830603
13,7,108,6,37.85,39.64616527550467
13,7,108,0,22.5,17.931154892796883
13,7,108,1,20.45,19.800252523642218
13,7,108,2,18.6,19.594306369587652
13,7,108,3,15.3,15.33520202190475
13,7,108,4,21.15,18.90217197210833
13,7,108,5,41.4,104.37503230380841
13,7,108,6,35.421052631578945,23.46466797708533
13,7,108,0,18.95,10.689271552158711
13,7,108,1,16.15,16.974516503462354
13,7,108,2,24.45,23.549444065401495
13,7,108,3,23.35,17.403190874997
13,7,108,4,24.1,21.901453929146488
13,7,108,5,22.8,25.640428603035645
13,7,108,6,35.25,30.512939446802083
13,7,108,0,27.0,31.070378514794953
13,7,108,1,27.3,27.255322995315012
13,7,108,2,29.7,42.6837822030557
13,7,108,3,45.95,107.70548292743308
13,7,108,4,26.31578947368421,30.37369591453717
13,7,108,5,17.473684210526315,19.314267671141835
13,7,108,6,43.578947368421055,47.12196443447304
13,7,108,0,40.7,35.68443564592862
13,7,108,1,17.85,27.65439909804016
13,7,108,2,18.55,23.2457692811764
13,7,108,3,26.7,29.64367332874003
13,7,108,4,17.6,16.937656583078894
13,7,108,5,25.7,22.606706038136934
13,7,108,6,42.3,38.125968495032495
13,7,108,0,27.7,32.543250573578796
13,7,108,1,22.5,27.031171090545
13,7,108,2,23.2,22.008610755075416
13,7,108,3,17.85,12.398111061558403
13,7,108,4,14.85,14.254362213205582
13,7,108,5,12.35,14.925340514496954
13,7,108,6,31.65,36.45512742796922
13,7,108,0,28.4,29.193366225547667
13,7,108,1,32.75,34.71822667069698
13,7,108,2,36.25,44.751800904662225
13,7,108,3,23.8,21.90313604078312
13,7,108,4,19.9,15.16193294162442
13,7,108,5,24.0,25.29197917376803
13,7,108,6,28.15,22.78798159695496
13,3,108,0,17.35,16.87812349260364
13,3,108,1,15.85,17.36989228218577
13,3,108,2,18.85,16.601442549876264
13,3,108,3,17.55,21.055003155894727
13,3,108,4,47.5,105.90338198466314
13,3,108,5,13.68421052631579,14.228502816447724
13,3,108,6,23.36842105263158,29.046343289294303
13,3,108,0,19.15,22.923844171057944
13,3,108,1,41.1,108.83057813336335
13,3,108,2,15.31578947368421,11.879265931206671
13,3,108,3,18.842105263157894,16.283130868392387
13,3,108,4,18.63157894736842,26.891160311968253
13,3,108,5,20.05263157894737,29.716201499837553
13,3,108,6,25.473684210526315,22.316830771247844
13,3,108,0,24.0,16.88661880711595
13,3,108,1,20.9,25.729156101283433
13,3,108,2,24.25,24.19629158188894
13,3,108,3,31.0,44.08604027771627
13,3,108,4,20.2,20.58256799486298
13,3,108,5,31.15,38.68669701998078
13,3,108,6,43.95,34.79031171854722
13,3,108,0,24.2,22.17300397472471
13,3,108,1,21.35,18.207213723657645
13,3,108,2,16.95,21.898029231200834
13,3,108,3,23.15,22.236231695141154
13,3,108,4,13.95,11.161376070604991
13,3,108,5,19.45,18.661739637980954
13,3,108,6,30.25,37.931898810479034
13,3,108,0,33.8,36.66146693593611
13,3,108,1,31.6,28.97803160653728
13,3,108,2,22.15,29.61023116211159
13,3,108,3,17.15,15.818959311035934
13,3,108,4,21.65,33.35183258596303
13,3,108,5,19.45,19.861295341230363
13,3,108,6,34.3,33.06468938627015
13,19,108,0,25.55,32.17955382242778
13,19,108,1,19.9,23.386680869787043
13,19,108,2,47.9,113.79108280667597
13,19,108,3,22.526315789473685,27.136216925095656
13,19,108,4,17.94736842105263,22.06171566867849
13,19,108,5,37.21052631578947,109.52857513877292
13,19,108,6,15.38888888888889,14.576931367903713
13,19,108,0,38.1,35.914958033197195
13,19,108,1,20.9,20.60378095092462
13,19,108,2,22.35,26.23231233662629
13,19,108,3,22.25,24.969191543095455
13,19,108,4,28.0,40.811505085801734
13,19,108,5,17.85,18.641422466618458
13,19,108,6,29.25,29.79380896480977
13,19,108,0,19.05,16.330388205654156
13,19,108,1,18.5,14.587305223522627
13,19,108,2,22.8,21.015282659606505
13,19,108,3,16.35,29.498037401263083
13,19,108,4,12.9,14.966277883435499
13,19,108,5,14.15,17.424347756425263
13,19,108,6,18.25,17.059879064173067
13,19,108,0,26.55,37.74634872547626
13,19,108,1,14.55,15.076908101289762
13,19,108,2,49.6,105.96642963942078
13,19,108,3,21.57894736842105,24.106974070389036
13,19,108,4,15.526315789473685,24.7237367300078
13,19,108,5,20.263157894736842,19.237816072815072
13,19,108,6,21.526315789473685,19.540182021933482
13,19,108,0,23.0,21.925711895061998
13,19,108,1,18.3,25.739791026837477
13,19,108,2,16.55,20.417935871756427
13,19,108,3,14.25,16.672937416822002
13,19,108,4,20.7,27.56637921740711
13,19,108,5,41.9,104.57880433333264
13,19,108,6,23.57894736842105,18.551177828655767
13,22,108,0,24.15,22.81798690322592
13,22,108,1,19.05,13.307991267616137
13,22,108,2,18.9,25.48043625173924
13,22,108,3,15.5,28.941865505654057
13,22,108,4,19.15,22.58848099550323
13,22,108,5,20.1,16.27041228086964
13,22,108,6,36.35,30.733617801324574
13,22,108,0,24.45,20.145457892145576
13,22,108,1,20.35,23.56910332573022
13,22,108,2,27.45,25.096602831542967
13,22,108,3,15.95,16.63058374770632
13,22,108,4,25.8,19.68328171183272
13,22,108,5,17.7,11.779107284554827
13,22,108,6,27.0,21.613835724758392
13,22,108,0,42.25,108.34344757104117
13,22,108,1,14.894736842105264,10.065864961686135
13,22,108,2,19.736842105263158,19.075412053982994
13,22,108,3,20.42105263157895,24.65160754161815
13,22,108,4,44.68421052631579,108.2907878669377
13,22,108,5,41.0,112.23504747783974
13,22,108,6,42.35294117647059,55.5427101162594
13,22,108,0,23.0,26.243796259406967
13,22,108,1,14.3,12.868157353879791
13,22,108,2,25.25,30.614539029683264
13,22,108,3,33.65,35.41227114106664
13,22,108,4,26.65,43.74721043738254
13,22,108,5,36.95,53.83060663346008
13,22,108,6,27.9,21.537971365156835
13,22,108,0,18.4,23.506773939710047
13,22,108,1,21.85,23.01092417915776
13,22,108,2,16.55,10.8019247797496
13,22,108,3,14.75,12.63193530199091
13,22,108,4,20.25,33.348044999117384
13,22,108,5,12.25,14.297128898378238
13,22,108,6,23.1,22.819428472016423
13,20,108,0,41.85,44.802813586460815
13,20,108,1,19.05,22.04415425554143
13,20,108,2,29.15,28.93963772369909
13,20,108,3,32.0,48.367017905310554
13,20,108,4,15.157894736842104,13.704270047830333
13,20,108,5,17.789473684210527,24.102971110928813
13,20,108,6,24.05263157894737,20.222302551090372
13,20,108,0,27.2,33.66803888118913
13,20,108,1,17.85,25.67258418911833
13,20,108,2,12.0,8.645047258706175
13,20,108,3,14.5,14.203409523958081
13,20,108,4,15.45,22.977048044561887
13,20,108,5,15.9,14.973309587395834
13,20,108,6,33.05,33.99918729678851
13,20,108,0,29.1,29.536596390169763
13,20,108,1,29.05,32.51311476279914
13,20,108,2,33.85,64.97309159628274
13,20,108,3,16.7,14.72591700298991
13,20,108,4,23.85,31.681432383885948
13,20,108,5,15.421052631578947,14.08038742157049
13,20,108,6,25.36842105263158,24.67164482720056
13,20,108,0,36.8,24.70371802402477
13,20,108,1,16.1,21.4375469924297
13,20,108,2,18.1,16.908110791165164
13,20,108,3,17.45,20.384398058577208
13,20,108,4,32.25,56.7143117554532
13,20,108,5,19.2,16.58026728246245
13,20,108,6,36.65,38.43692714592378
13,20,108,0,41.55,49.39686224852748
13,20,108,1,24.65,30.326772955504786
13,20,108,2,19.5,21.367708051366225
13,20,108,3,20.9,21.701079284341212
13,20,108,4,24.8,18.91977522955392
13,20,108,5,21.35,28.03245299742125
13,20,108,6,21.9,22.582946523521027
13,16,108,0,15.0,13.935943682283934
13,16,108,1,14.95,11.208431976348031
13,16,108,2,16.95,13.643872733131701
13,16,108,3,16.15,17.883467813951288
13,16,108,4,12.7,9.75003373813326
13,16,108,5,21.05,13.640014662748717
13,16,108,6,17.85,14.228492541376264
13,16,108,0,22.8,19.055597326604175
13,16,108,1,20.7,13.576682797704073
13,16,108,2,31.6,42.25411845389499
13,16,108,3,19.8,18.25145992718621
13,16,108,4,19.7,27.21280658265999
13,16,108,5,18.55,17.248874867959543
13,16,108,6,21.45,21.194525112321866
13,16,108,0,25.2,27.217641337926402
13,16,108,1,21.35,29.679471906211187
13,16,108,2,16.45,16.753554218355234
13,16,108,3,18.15,15.738905867141362
13,16,108,4,14.45,14.890742443757324
13,16,108,5,27.2,42.739849518243574
13,16,108,6,24.15,25.913367816224646
13,16,108,0,21.35,14.861731145178846
13,16,108,1,21.3,33.29153519724607
13,16,108,2,23.55,20.34821859524809
13,16,108,3,41.65,107.7259070633967
13,16,108,4,24.894736842105264,19.84633953610731
13,16,108,5,15.789473684210526,20.340378417129973
13,16,108,6,25.57894736842105,26.049772422707534
13,16,108,0,16.15,13.75069376240226
13,16,108,1,26.55,31.29566137745984
13,16,108,2,13.35,15.918459988989282
13,16,108,3,25.25,23.570443132739022
13,16,108,4,22.05,30.696262416062797
13,16,108,5,15.0,14.123515292253776
13,16,108,6,25.05,30.539835935174384
13,19,108,0,22.5,25.369895130791704
13,19,108,1,17.85,20.037530575870555
13,19,108,2,43.8,107.12884519906024
13,19,108,3,17.68421052631579,32.75676797172176
13,19,108,4,22.157894736842106,27.447451122088097
13,19,108,5,42.05263157894737,110.8018620402155
13,19,108,6,28.555555555555557,38.94675433463763
13,19,108,0,28.3,30.2587090551499
13,19,108,1,16.95,11.306611945415414
13,19,108,2,16.8,22.307893339873175
13,19,108,3,12.45,15.802981064543355
13,19,108,4,14.95,14.926045762534132
13,19,108,5,19.6,18.633303518163387
13,19,108,6,27.1,18.693933719116927
13,19,108,0,25.5,21.777583839690223
13,19,108,1,23.85,24.98267820963789
13,19,108,2,13.85,13.98975188824794
13,19,108,3,39.8,106.74840070292191
13,19,108,4,21.42105263157895,19.204501178033134
13,19,108,5,27.894736842105264,32.71916654881544
13,19,108,6,37.473684210526315,44.277368712661314
13,19,108,0,23.15,26.61672406589511
13,19,108,1,25.2,25.067487855156553
13,19,108,2,15.6,15.689084371659572
13,19,108,3,23.0,27.729900259846815
13,19,108,4,8.75,6.734631627483031
13,19,108,5,15.95,14.851811868909248
13,19,108,6,19.5,10.091684956594605
13,19,108,0,35.35,50.774294159233975
13,19,108,1,19.4,20.6356870238761
13,19,108,2,23.05,25.82425420536202
13,19,108,3,16.0,11.720427511513032
13,19,108,4,18.75,25.35614739124057
13,19,108,5,20.6,23.086564787430166
13,19,108,6,20.3,16.705183563634876
13,18,108,0,17.0,16.63224515654361
13,18,108,1,19.85,23.40102336943498
13,18,108,2,16.1,17.323242676880827
13,18,108,3,22.85,35.28123849121065
13,18,108,4,18.8,28.7046667762725
13,18,108,5,18.75,15.694031718425554
13,18,108,6,19.95,16.614752480852673
13,18,108,0,24.45,22.469804299618588
13,18,108,1,15.7,14.679380454444109
13,18,108,2,28.2,29.974726196019134
13,18,108,3,17.5,18.348956660429383
13,18,108,4,14.85,14.004792412824827
13,18,108,5,20.2,11.091011059222215
13,18,108,6,23.5,19.27501791930357
13,18,108,0,26.4,23.932800658686418
13,18,108,1,17.9,11.920349694623276
13,18,108,2,21.15,14.600919221242995
13,18,108,3,20.4,19.588933503115314
13,18,108,4,20.2,30.710190319724244
13,18,108,5,22.4,24.046884030554715
13,18,108,6,27.55,36.94159686515147
13,18,108,0,14.4,12.638287692146974
13,18,108,1,12.9,10.020505292438573
13,18,108,2,17.05,15.483352690109328
13,18,108,3,15.8,14.634494219228474
13,18,108,4,16.2,16.74137641326203
13,18,108,5,16.5,21.271428823906643
13,18,108,6,29.45,18.262630812961376
13,18,108,0,31.35,56.409475687763845
13,18,108,1,19.25,20.393174812847764
13,18,108,2,19.15,20.60729303707281
13,18,108,3,15.65,14.250669421026103
13,18,108,4,14.1,18.52991890799423
13,18,108,5,22.25,26.137037644731382
13,18,108,6,14.5,14.394809005880887
13,6,108,0,24.6,25.52893095665139
13,6,108,1,26.2,28.965678419739962
13,6,108,2,24.15,26.555354302009665
13,6,108,3,23.3,20.440156555173445
13,6,108,4,23.75,37.28111558077854
13,6,108,5,21.65,22.31184485990864
13,6,108,6,41.8,42.372533308115635
13,6,108,0,34.15,30.56188716961734
13,6,108,1,24.6,20.666270511200256
13,6,108,2,18.2,14.645279462212928
13,6,108,3,27.6,29.06145937582336
13,6,108,4,25.55,23.489023192255477
13,6,108,5,22.15,23.91712665368524
13,6,108,6,31.0,37.59059232812044
13,6,108,0,31.85,26.394327540511227
13,6,108,1,14.6,10.454915741310149
13,6,108,2,18.4,13.873109164665895
13,6,108,3,31.0,46.48032973884306
13,6,108,4,16.2,18.75212268686289
13,6,108,5,20.3,19.85234972172524
13,6,108,6,17.35,20.726984699585277
13,6,108,0,35.75,33.15493930020081
13,6,108,1,31.8,24.536975320824222
13,6,108,2,24.15,30.832783304719495
13,6,108,3,27.45,27.147695453224983
13,6,108,4,39.95,34.794849891145795
13,6,108,5,23.3,24.785607028868057
13,6,108,6,16.45,14.110373190633457
13,6,108,0,39.05,34.574823514410475
13,6,108,1,26.35,44.70049452216738
13,6,108,2,56.5,65.00080971155586
13,6,108,3,25.4,42.682919053731176
13,6,108,4,46.75,106.09522783057236
13,6,108,5,31.105263157894736,35.042664055313594
13,6,108,6,27.444444444444443,23.8850734147112
13,4,108,0,32.55,32.93130809171689
13,4,108,1,20.1,14.227105338605934
13,4,108,2,27.0,26.201647196111043
13,4,108,3,23.2,28.76511044559656
13,4,108,4,24.55,20.737646925338467
13,4,108,5,33.65,39.28207707017754
13,4,108,6,37.8,35.649758248239145
13,4,108,0,17.4,21.8111511798317
13,4,108,1,18.6,24.966082254889226
13,4,108,2,7.85,7.576105095697435
13,4,108,3,14.5,18.565672907985743
13,4,108,4,17.9,18.272498748838807
13,4,108,5,18.9,19.742820147294587
13,4,108,6,27.0,36.401272389560056
13,4,108,0,22.6,26.92758319719958
13,4,108,1,33.55,44.06511330436263
13,4,108,2,16.55,17.551353224181888
13,4,108,3,29.1,29.836219599674482
13,4,108,4,19.0,16.444483957594382
13,4,108,5,24.95,25.274232769863918
13,4,108,6,24.736842105263158,27.56777931100637
13,4,108,0,26.8,21.642064304691942
13,4,108,1,17.3,18.705754813904054
13,4,108,2,21.65,35.80396185075789
13,4,108,3,13.9,19.590276857880827
13,4,108,4,22.75,26.431390827056973
13,4,108,5,27.95,29.314043697428318
13,4,108,6,24.5,19.12424749121552
13,4,108,0,24.35,19.992827661307366
13,4,108,1,22.45,23.13228548109649
13,4,108,2,42.55,108.31896125988769
13,4,108,3,25.789473684210527,24.38255056243757
13,4,108,4,21.05263157894737,22.677628928112604
13,4,108,5,30.789473684210527,35.971561216803885
13,4,108,6,39.05263157894737,68.10814414037145
13,20,108,0,31.95,28.656725122331093
13,20,108,1,41.6,60.899745051752234
13,20,108,2,23.55,36.848873438467706
13,20,108,3,28.75,26.998781648924744
13,20,108,4,35.8,32.64256181896977
13,20,108,5,27.25,22.890758880064748
13,20,108,6,39.1578947368421,39.711827454375374
13,20,108,0,24.85,21.89995193457835
13,20,108,1,22.1,18.674215265693864
13,20,108,2,17.45,19.334928851283898
13,20,108,3,23.0,18.784091813637357
13,20,108,4,14.6,7.843200206145717
13,20,108,5,20.95,20.011772850789082
13,20,108,6,35.75,26.22749661990958
13,20,108,0,33.8,32.694116644404
13,20,108,1,24.05,18.268393758793238
13,20,108,2,16.55,17.760023115205442
13,20,108,3,15.95,16.083581036179982
13,20,108,4,21.9,23.21954711920654
13,20,108,5,27.8,37.197340029404764
13,20,108,6,42.3,59.75573084166115
13,20,108,0,28.35,24.06411392400245
13,20,108,1,24.1,33.75749429463969
13,20,108,2,23.55,21.019977965835512
13,20,108,3,19.25,20.167391606514865
13,20,108,4,19.55,21.837859447829537
13,20,108,5,15.6,13.75117219883837
13,20,108,6,24.55,25.100796800101783
13,20,108,0,25.25,19.675993922597794
13,20,108,1,20.0,26.054598543503946
13,20,108,2,25.35,25.433659835571813
13,20,108,3,26.4,28.617992132296955
13,20,108,4,14.95,13.865804207322034
13,20,108,5,20.8,21.972710347155626
13,20,108,6,25.7,16.995665081983326
13,9,108,0,26.4,22.502397533081716
13,9,108,1,28.3,54.12859930903343
13,9,108,2,22.4,25.1592820582029
13,9,108,3,19.9,31.267773892788185
13,9,108,4,11.55,14.394717598370663
13,9,108,5,23.3,42.04020631928941
13,9,108,6,24.1,25.164511351880993
13,9,108,0,20.9,16.67932852365466
13,9,108,1,16.95,20.327515704995584
13,9,108,2,18.15,29.693655179090648
13,9,108,3,27.0,60.7860787386475
13,9,108,4,14.368421052631579,13.817101023794912
13,9,108,5,15.157894736842104,12.107220792635998
13,9,108,6,22.789473684210527,16.31147839668067
13,9,108,0,24.8,14.602090693855416
13,9,108,1,22.2,23.064212423944635
13,9,108,2,14.0,14.800426736379846
13,9,108,3,21.6,24.29728163266093
13,9,108,4,19.6,20.55390857950713
13,9,108,5,18.4,17.765726909743346
13,9,108,6,27.55,32.53900493415961
13,9,108,0,22.05,21.014969601891437
13,9,108,1,11.05,10.221108189994808
13,9,108,2,26.55,38.047719345164715
13,9,108,3,23.05,26.420635874255563
13,9,108,4,12.4,9.593857684120497
13,9,108,5,13.1,13.783666917196257
13,9,108,6,26.3,26.09315296354481
13,9,108,0,34.45,52.57523431386582
13,9,108,1,19.35,20.484332909246575
13,9,108,2,17.75,23.386624607375808
13,9,108,3,13.5,17.05255035718149
13,9,108,4,14.65,12.436258533650282
13,9,108,5,13.45,19.37843348185106
13,9,108,6,31.2,26.585710447531774
13,4,108,0,41.65,37.02527586165401
13,4,108,1,19.0,18.772880776044442
13,4,108,2,26.8,33.092533742125035
13,4,108,3,29.55,45.59256056581346
13,4,108,4,18.7,17.91823534544451
13,4,108,5,19.7,19.00996968352188
13,4,108,6,39.5,24.16064655809656
13,4,108,0,25.3,16.473583319011716
13,4,108,1,18.95,23.96373356377903
13,4,108,2,17.2,13.92309705413804
13,4,108,3,20.35,20.09261451117641
13,4,108,4,18.45,17.434010922392623
13,4,108,5,19.0,25.143796974915887
13,4,108,6,40.3,38.600654480407314
13,4,108,0,39.35,81.01804542329151
13,4,108,1,17.25,19.734754275536076
13,4,108,2,20.4,21.658594987720356
13,4,108,3,25.68421052631579,40.27413373311978
13,4,108,4,12.263157894736842,15.662560118757222
13,4,108,5,14.789473684210526,13.023819832942086
13,4,108,6,28.42105263157895,27.815494861425083
13,4,108,0,30.0,22.943867429698486
13,4,108,1,25.95,28.49649101205269
13,4,108,2,28.3,32.5416332524482
13,4,108,3,24.25,22.440271599819916
13,4,108,4,19.6,24.66917957802066
13,4,108,5,14.05,15.080398570748438
13,4,108,6,22.45,25.491949193504418
13,4,108,0,28.05,22.99307676122029
13,4,108,1,21.05,20.640978658968667
13,4,108,2,20.85,15.618056351880867
13,4,108,3,34.1,27.312807868914003
13,4,108,4,19.6,19.706798185825168
13,4,108,5,13.75,17.234833149300012
13,4,108,6,32.0,35.821193373990795
13,8,108,0,24.25,32.113081446662825
13,8,108,1,30.8,30.993377900516276
13,8,108,2,18.45,18.54574713626025
13,8,108,3,25.95,23.603021662044615
13,8,108,4,21.1,42.421320359609645
13,8,108,5,16.65,24.112182987466166
13,8,108,6,19.5,20.249756333816645
13,8,108,0,25.1,24.209393566178093
13,8,108,1,23.85,29.799814552584397
13,8,108,2,23.65,15.997614953815031
13,8,108,3,24.2,39.38287097604477
13,8,108,4,22.4,28.348210748327293
13,8,108,5,30.4,33.56125585756352
13,8,108,6,28.75,26.409477963711993
13,8,108,0,34.8,32.102795418533425
13,8,108,1,23.55,16.246376114140205
13,8,108,2,27.8,40.14395150088321
13,8,108,3,19.35,23.08855948185959
13,8,108,4,16.05,12.180549637585498
13,8,108,5,22.65,33.307617273246265
13,8,108,6,21.6,17.021348824034884
13,8,108,0,23.55,24.811871097690737
13,8,108,1,16.45,22.003528425184324
13,8,108,2,21.35,19.94274699971739
13,8,108,3,22.3,28.42922884342062
13,8,108,4,19.85,14.974627664293044
13,8,108,5,22.1,13.214425928945191
13,8,108,6,20.95,23.676492894630183
13,8,108,0,34.0,24.836306192007658
13,8,108,1,21.65,29.98644430580697
13,8,108,2,30.7,32.97702549543114
13,8,108,3,24.1,54.39417538477327
13,8,108,4,15.052631578947368,12.16312132915874
13,8,108,5,16.42105263157895,17.970085603807988
13,8,108,6,23.473684210526315,22.709196426540093
14,31,108,0,18.2,15.119175694600896
14,31,108,1,22.9,18.043514653543294
14,31,108,2,29.25,28.099213324818972
14,31,108,3,18.35,19.451085749698017
14,31,108,4,19.0,19.06774625823464
14,31,108,5,29.3,32.05439455872339
14,31,108,6,14.7,13.576682797704072
14,31,108,7,17.2,16.649956535426117
14,31,108,0,44.55,70.3229205728455
14,31,108,1,17.3,14.704456896858822
14,31,108,2,21.7,25.331694314476977
14,31,108,3,11.1,9.629450440677997
14,31,108,4,18.15,28.392502716849666
14,31,108,5,21.210526315789473,17.516909124133683
14,31,108,6,15.578947368421053,11.639567524772675
14,31,108,7,17.63157894736842,22.291529348650677
14,31,108,0,25.55,28.429923079667127
14,31,108,1,21.85,18.36551402120719
14,31,108,2,22.7,30.222159872656704
14,31,108,3,23.05,54.91953444046931
14,31,108,4,13.75,13.194396737371433
14,31,108,5,16.3,15.59723322293176
14,31,108,6,41.85,107.85139630162664
14,31,108,7,18.105263157894736,24.14054849980309
14,31,108,0,20.4,22.300342220645284
14,31,108,1,15.75,15.89066260087152
14,31,108,2,21.9,21.51107425930824
14,31,108,3,19.7,24.008989544488713
14,31,108,4,19.4,15.146304048043847
14,31,108,5,19.6,16.965599869953564
14,31,108,6,19.75,26.397517825894557
14,31,108,7,12.55,10.806796107323537
14,31,108,0,30.8,32.629660385025545
14,31,108,1,19.4,18.636127901414895
14,31,108,2,32.0,29.490408788728512
14,31,108,3,16.95,16.72210953702974
14,31,108,4,21.9,18.53559875085322
14,31,108,5,19.25,20.69038678379788
14,31,108,6,19.6,14.427313277982586
14,31,108,7,13.9,14.552626820214318
14,46,108,0,58.05,106.23681342319992
14,46,108,1,34.31578947368421,38.553069673977326
14,46,108,2,27.63157894736842,29.15325506185809
14,46,108,3,27.473684210526315,42.8995835528254
14,46,108,4,33.526315789473685,31.91197688965458
14,46,108,5,24.263157894736842,23.79739039209308
14,46,108,6,27.894736842105264,28.88270289145026
14,46,108,7,25.666666666666668,49.53073911872363
14,46,108,0,21.25,17.56454263266587
14,46,108,1,22.75,29.84675773628387
14,46,108,2,36.4,64.76873839812082
14,46,108,3,27.5,47.383652521896096
14,46,108,4,25.105263157894736,26.37737822209298
14,46,108,5,19.27777777777778,16.99413585901829
14,46,108,6,20.555555555555557,30.609921925111767
14,46,108,7,18.27777777777778,17.77243588043527
14,46,108,0,23.15,26.238330739587834
14,46,108,1,28.6,22.880467422534977
14,46,108,2,19.6,14.96100193661402
14,46,108,3,16.85,17.16261236402823
14,46,108,4,20.5,21.34799386605831
14,46,108,5,17.7,23.724515412942523
14,46,108,6,24.7,22.983060123307755
14,46,108,7,20.35,18.663995736232508
14,46,108,0,34.1,25.370724944520724
14,46,108,1,19.2,22.380912920564583
14,46,108,2,25.5,36.03141903803869
14,46,108,3,11.15,9.642422713689422
14,46,108,4,13.6,14.379810407944225
14,46,108,5,14.8,20.158842907479116
14,46,108,6,22.6,17.61996475293685
14,46,108,7,25.6,23.079724526313704
14,46,108,0,26.6,25.502115495323952
14,46,108,1,22.8,26.33708611944681
14,46,108,2,21.95,17.79259159845675
14,46,108,3,18.9,18.6544759691665
14,46,108,4,18.1,18.335757415498275
14,46,108,5,14.05,14.723683034664361
14,46,108,6,15.6,12.791444509185776
14,46,108,7,19.05,23.477817077761774
14,24,108,0,27.75,30.46460413764075
14,24,108,1,50.35,107.76498552527697
14,24,108,2,49.68421052631579,111.19505016540326
14,24,108,3,32.77777777777778,32.224498454647744
14,24,108,4,27.22222222222222,30.941226173572744
14,24,108,5,21.833333333333332,26.426924772685457
14,24,108,6,18.72222222222222,18.067864080136886
14,24,108,7,21.5,22.32974802945218
14,24,108,0,20.25,18.82572428186608
14,24,108,1,37.6,36.06339447490532
14,24,108,2,19.75,18.6374693335199
14,24,108,3,16.95,13.95283408298717
14,24,108,4,23.25,18.97331921687039
14,24,108,5,20.8,23.334185448099873
14,24,108,6,22.55,35.09607115513524
14,24,108,7,13.5,15.422130373692145
14,24,108,0,36.25,36.554033545165055
14,24,108,1,14.3,18.180672212689583
14,24,108,2,27.35,24.798716010904148
14,24,108,3,16.25,15.660459763365825
14,24,108,4,19.4,35.73351662691927
14,24,108,5,25.0,39.58202675590606
14,24,108,6,38.55,106.812415501491
14,24,108,7,14.68421052631579,16.30968570982336
14,24,108,0,37.7,64.21190248740986
14,24,108,1,28.65,39.94374333458179
14,24,108,2,21.45,26.46243613720758
14,24,108,3,17.8,20.004210083195776
14,24,108,4,17.1,20.78942038634074
14,24,108,5,34.0,61.89804860456129
14,24,108,6,21.0,34.800270451957864
14,24,108,7,17.0,19.882004869908336
14,24,108,0,40.75,44.176529848706814
14,24,108,1,32.8,30.86404823875524
14,24,108,2,23.95,21.261467494037188
14,24,108,3,36.7,49.18718275494564
14,24,108,4,21.3,17.3390341502391
14,24,108,5,20.55,19.816194865497472
14,24,108,6,20.95,18.751771846106198
14,24,108,7,22.72222222222222,22.35490617438059
14,42,108,0,37.95,36.784543378693
14,42,108,1,22.5,21.080047937626507
14,42,108,2,24.4,26.521887683869515
14,42,108,3,53.95,111.32809500230437
14,42,108,4,25.473684210526315,32.794593763560464
14,42,108,5,16.68421052631579,18.071010030122057
14,42,108,6,15.631578947368421,14.697734240789138
14,42,108,7,15.333333333333334,19.1464940731748
14,42,108,0,30.3,28.482866502698183
14,42,108,1,26.3,54.00204674483717
14,42,108,2,23.15,24.980571397956876
14,42,108,3,15.5,12.550948800368587
14,42,108,4,25.65,23.19771994240632
14,42,108,5,14.75,18.069675091011923
14,42,108,6,18.63157894736842,10.894496706114156
14,42,108,7,17.94736842105263,12.321948277635528
14,42,108,0,17.1,12.540041131469522
14,42,108,1,28.7,42.197655210487206
14,42,108,2,10.85,10.085294140219055
14,42,108,3,12.25,14.588658175734363
14,42,108,4,22.05,24.232372866412447
14,42,108,5,14.0,12.532064138798019
14,42,108,6,14.3,16.72407656171501
14,42,108,7,20.8,19.901335580677415
14,42,108,0,26.9,22.540956875033174
14,42,108,1,31.0,41.499524410718124
14,42,108,2,18.8,15.689755289762537
14,42,108,3,15.1,18.09885137384778
14,42,108,4,24.9,42.148734138449335
14,42,108,5,10.55,11.891947740073178
14,42,108,6,7.75,14.182550435027728
14,42,108,7,16.7,19.33935175531459
14,42,108,0,28.15,56.00495748733227
14,42,108,1,26.45,44.76191402708804
14,42,108,2,13.1,14.835590208754933
14,42,108,3,21.1,21.440001963864795
14,42,108,4,25.15,30.695919495662785
14,42,108,5,23.25,26.341632047907897
14,42,108,6,21.65,24.658242990294767
14,42,108,7,23.842105263157894,30.076316186023142
14,31,108,0,22.15,16.22303430635783
14,31,108,1,22.9,16.27688060118594
14,31,108,2,17.05,13.10474000224025
14,31,108,3,23.15,30.18935852947281
14,31,108,4,14.7,12.371869620018506
14,31,108,5,27.6,34.80985946236316
14,31,108,6,14.35,18.030018828258846
14,31,108,7,25.75,28.76195403653931
14,31,108,0,25.6,26.354666020510138
14,31,108,1,29.55,37.383468060233874
14,31,108,2,25.35,19.850162401562887
14,31,108,3,34.35,39.729711803636334
14,31,108,4,18.42105263157895,22.77990291042056
14,31,108,5,15.210526315789474,14.347198516196736
14,31,108,6,16.210526315789473,15.70059782077818
14,31,108,7,23.57894736842105,25.107138846404457
14,31,108,0,39.0,27.129319932501073
14,31,108,1,16.8,18.802575411503156
14,31,108,2,26.3,31.719328326332576
14,31,108,3,19.15,16.8874758950313
14,31,108,4,26.6,29.37309904263459
14,31,108,5,18.5,18.38906998020406
14,31,108,6,20.8,21.476057660370977
14,31,108,7,25.35,24.050987505713774
14,31,108,0,23.55,21.869168395615535
14,31,108,1,22.1,30.5422916453132
14,31,108,2,10.8,8.947801847087185
14,31,108,3,20.8,14.926486525636232
14,31,108,4,13.15,11.797747331811406
14,31,108,5,18.85,18.672453676895
14,31,108,6,24.35,27.37704570582713
14,31,108,7,25.7,27.76612855147152
14,31,108,0,36.6,30.71498862633339
14,31,108,1,28.8,30.336012991336325
14,31,108,2,17.55,13.315898688963385
14,31,108,3,19.85,20.445756219040202
14,31,108,4,15.3,16.673647660778656
14,31,108,5,16.85,13.31510815814719
14,31,108,6,20.4,20.430627164034625
14,31,108,7,18.0,20.496469529113906
14,45,108,0,28.5,29.74010228984639
14,45,108,1,22.2,21.87428194310194
14,45,108,2,15.15,13.872634933566152
14,45,108,3,16.35,20.8459891383905
14,45,108,4,25.65,27.994877350950063
14,45,108,5,24.1,30.547460916106473
14,45,108,6,18.2,17.34358671094304
14,45,108,7,12.45,11.718069717096618
14,45,108,0,27.65,47.22206776720527
14,45,108,1,23.0,48.821910525586986
14,45,108,2,46.9,114.02765130948674
14,45,108,3,21.736842105263158,33.97195265585217
14,45,108,4,18.666666666666668,22.247273461496093
14,45,108,5,16.833333333333332,17.429690692810897
14,45,108,6,26.166666666666668,42.41704707252664
14,45,108,7,48.333333333333336,114.00206396480414
14,45,108,0,40.15,37.490033763374335
14,45,108,1,35.5,78.91667824524266
14,45,108,2,19.1,20.736187539762717
14,45,108,3,29.1,47.80321504272545
14,45,108,4,31.05263157894737,43.327529975769096
14,45,108,5,17.63157894736842,14.67125127707544
14,45,108,6,17.36842105263158,19.43996606740234
14,45,108,7,15.263157894736842,17.60000664540013
14,45,108,0,32.0,19.703058806078552
14,45,108,1,21.7,19.62034389955594
14,45,108,2,48.7,111.0254119797047
14,45,108,3,20.473684210526315,24.74619706148498
14,45,108,4,27.0,38.02046232695699
14,45,108,5,21.36842105263158,28.18433474727049
14,45,108,6,14.473684210526315,12.139780434828628
14,45,108,7,37.526315789473685,71.26271303427794
14,45,108,0,32.85,52.360365685667645
14,45,108,1,29.9,39.92875233660445
14,45,108,2,14.8,16.139523243464033
14,45,108,3,22.45,23.482300165286865
14,45,108,4,43.0,102.22884545031927
14,45,108,5,13.833333333333334,15.100642759985611
14,45,108,6,20.22222222222222,21.713523992733343
14,45,108,7,8.722222222222221,10.357183103048115
14,29,108,0,32.4,23.573848132824512
14,29,108,1,29.75,36.22281194583267
14,29,108,2,29.05,37.68215408972934
14,29,108,3,18.7,14.921196509099325
14,29,108,4,15.9,14.156642480326665
14,29,108,5,25.1,28.37511882655388
14,29,108,6,20.2,22.163507227683503
14,29,108,7,30.263157894736842,37.83713946385241
14,29,108,0,21.25,19.7959990641384
14,29,108,1,26.5,19.43545322613453
14,29,108,2,27.6,41.820921482963655
14,29,108,3,18.9,15.437139085915328
14,29,108,4,19.5,12.95538904329615
14,29,108,5,18.3,18.014906108699627
14,29,108,6,16.6,20.904293187864795
14,29,108,7,15.75,14.07825871409716
14,29,108,0,19.95,16.288436324421593
14,29,108,1,49.9,109.12421700448579
14,29,108,2,34.8421052631579,36.41468439745266
14,29,108,3,23.473684210526315,20.189019075429844
14,29,108,4,12.052631578947368,10.410858029590102
14,29,108,5,18.31578947368421,17.327090643712772
14,29,108,6,19.36842105263158,22.82593682223942
14,29,108,7,16.31578947368421,14.441655151289684
14,29,108,0,19.9,30.73468810044408
14,29,108,1,32.8,36.78042957878551
14,29,108,2,26.6,36.81161144044234
14,29,108,3,20.05,21.54670569520523
14,29,108,4,20.1,15.053938110394201
14,29,108,5,18.6,14.26589602771884
14,29,108,6,36.45,40.38169856441614
14,29,108,7,22.05,24.940930215210503
14,29,108,0,21.9,28.09738702966411
14,29,108,1,11.9,9.65674021494559
14,29,108,2,11.15,8.851256229604093
14,29,108,3,18.6,17.291312086831656
14,29,108,4,37.0,108.06917862379196
14,29,108,5,17.36842105263158,13.837190331035773
14,29,108,6,12.052631578947368,9.082790101251478
14,29,108,7,16.736842105263158,14.145443338809214
14,26,108,0,26.6,40.125329970769805
14,26,108,1,33.4,45.026775659775915
14,26,108,2,17.7,21.173717571306973
14,26,108,3,18.8,11.024374907688106
14,26,108,4,27.35,26.803917624108603
14,26,108,5,20.1,18.646009873710952
14,26,108,6,23.8,22.71238938506795
14,26,108,7,30.0,47.02406998436797
14,26,108,0,26.15,28.04371587361418
14,26,108,1,25.8,25.11992289629468
14,26,108,2,19.65,23.24305215939186
14,26,108,3,15.5,19.7444195980322
14,26,108,4,10.1,7.886697661252141
14,26,108,5,17.85,16.92794326425673
14,26,108,6,12.55,10.49047186736612
14,26,108,7,41.85,104.78764240119159
14,26,108,0,21.25,12.20817241376491
14,26,108,1,16.9,12.619533730647396
14,26,108,2,16.95,18.511660621007735
14,26,108,3,43.9,108.402709230079
14,26,108,4,25.36842105263158,28.323940651595212
14,26,108,5,33.473684210526315,46.703995095652544
14,26,108,6,17.210526315789473,21.739822516316355
14,26,108,7,16.57894736842105,18.43099982057308
14,26,108,0,27.7,39.13821661752104
14,26,108,1,20.05,22.951837445077533
14,26,108,2,22.0,29.334728834428887
14,26,108,3,21.85,42.2190715198712
14,26,108,4,12.157894736842104,11.847471168963239
14,26,108,5,22.31578947368421,33.83465125771203
14,26,108,6,16.63157894736842,23.641325696791082
14,26,108,7,9.736842105263158,10.540093322711236
14,26,108,0,17.0,13.302156532722528
14,26,108,1,12.85,13.279485563910422
14,26,108,2,23.95,22.586616903775
14,26,108,3,15.85,14.298601330200098
14,26,108,4,18.5,22.864589952242977
14,26,108,5,19.25,16.479253304494236
14,26,108,6,18.15,22.56516878078387
14,26,108,7,19.15,22.077077895886777
14,31,108,0,19.45,13.38685529677684
14,31,108,1,27.0,25.009471889876572
14,31,108,2,31.85,51.72933098553011
14,31,108,3,36.65,34.322426303634494
14,31,108,4,16.85,26.410275113655054
14,31,108,5,30.8,32.19120507546318
14,31,108,6,19.36842105263158,20.309304179545638
14,31,108,7,16.5,13.38678013388362
14,31,108,0,20.95,20.732570358839023
14,31,108,1,27.4,28.540645070716806
14,31,108,2,27.9,19.221424450199752
14,31,108,3,24.45,30.942178673335718
14,31,108,4,25.35,18.996606345123304
14,31,108,5,13.2,13.73662028455709
14,31,108,6,15.2,17.273648930333774
14,31,108,7,21.65,24.099082751708295
14,31,108,0,24.15,25.7952974090444
14,31,108,1,22.15,26.989812893015763
14,31,108,2,13.1,10.774726764150692
14,31,108,3,19.9,13.787484790276478
14,31,108,4,15.15,18.630125575190533
14,31,108,5,14.45,18.423311891531107
14,31,108,6,18.8,19.707332325010942
14,31,108,7,22.0,25.12495090332988
14,31,108,0,30.95,33.847140903899415
14,31,108,1,20.3,16.27752729184756
14,31,108,2,14.65,12.209896762355053
14,31,108,3,28.55,23.824964792595622
14,31,108,4,18.1,14.966277883435499
14,31,108,5,19.65,28.590162091549125
14,31,108,6,15.8,13.340086009349493
14,31,108,7,16.1,17.25627269628123
14,31,108,0,23.85,36.66674242416416
14,31,108,1,26.9,28.82414923197853
14,31,108,2,25.9,23.732944014153567
14,31,108,3,19.15,19.831593613806177
14,31,108,4,13.6,17.400544456091627
14,31,108,5,15.45,13.152846399964254
14,31,108,6,17.4,17.506089166194055
14,31,108,7,21.25,21.628137131742843
14,46,108,0,24.4,19.826616878381074
14,46,108,1,30.35,31.880162120699847
14,46,108,2,16.45,26.814126284871797
14,46,108,3,26.7,50.838340276854666
14,46,108,4,13.368421052631579,11.30983115266335
14,46,108,5,16.94736842105263,16.827469883795914
14,46,108,6,19.05263157894737,24.68799457273498
14,46,108,7,16.0,21.72300368017482
14,46,108,0,23.0,15.691097039907358
14,46,108,1,22.45,27.45422026804469
14,46,108,2,25.75,32.77655612749679
14,46,108,3,27.2,29.48434017897422
14,46,108,4,26.45,35.91433521150309
14,46,108,5,20.3,21.815252993213136
14,46,108,6,39.578947368421055,49.08871310582469
14,46,108,7,16.736842105263158,22.052568772677805
14,46,108,0,33.3,28.534558917768095
14,46,108,1,35.25,42.415085449450764
14,46,108,2,18.05,22.15846042533309
14,46,108,3,28.6,41.28259477768988
14,46,108,4,24.0,27.262853076938534
14,46,108,5,15.0,16.714317845865907
14,46,108,6,15.2,14.417095115832016
14,46,108,7,15.210526315789474,11.482251750556506
14,46,108,0,27.5,28.277757671841105
14,46,108,1,24.05,27.654779733443245
14,46,108,2,16.3,16.93672434619361
14,46,108,3,15.05,13.593632410259707
14,46,108,4,15.65,14.597314100455893
14,46,108,5,10.85,7.713794888311937
14,46,108,6,18.7,16.371027039125845
14,46,108,7,15.4,11.802765064081159
14,46,108,0,41.0,47.933067368659195
14,46,108,1,22.3,29.558327707130275
14,46,108,2,20.05,21.352862497616222
14,46,108,3,12.3,11.644289316407875
14,46,108,4,17.5,19.08843684151826
14,46,108,5,22.15,17.989104889817117
14,46,108,6,18.65,15.373507629754027
14,46,108,7,22.45,22.175080845992778
14,41,108,0,28.8,26.808482553887778
14,41,108,1,14.7,16.489550119936403
14,41,108,2,40.9,110.09321409366558
14,41,108,3,17.894736842105264,24.399213869034806
14,41,108,4,17.842105263157894,19.20724156809017
14,41,108,5,22.42105263157895,25.428146674007795
14,41,108,6,26.473684210526315,27.797618645113854
14,41,108,7,25.842105263157894,25.056077457252954
14,41,108,0,35.4,109.63211208400575
14,41,108,1,9.947368421052632,11.39918946538903
14,41,108,2,10.578947368421053,10.237815465082187
14,41,108,3,11.894736842105264,13.407687416976316
14,41,108,4,51.94736842105263,122.10991118396872
14,41,108,5,24.666666666666668,35.26538045766031
14,41,108,6,41.77777777777778,110.80059224494275
14,41,108,7,16.0,16.407315441594946
14,41,108,0,24.45,32.415842455584325
14,41,108,1,57.05,111.56422507143351
14,41,108,2,31.36842105263158,72.04027463572471
14,41,108,3,40.1578947368421,62.67399173314304
14,41,108,4,57.294117647058826,121.59603442643717
14,41,108,5,8.0625,7.169088738001039
14,41,108,6,23.75,27.843610876943863
14,41,108,7,14.5,20.11632835948615
14,41,108,0,26.85,26.79999018067377
14,41,108,1,16.85,13.948306820467304
14,41,108,2,22.05,20.192429535009296
14,41,108,3,15.55,17.825100575489493
14,41,108,4,22.9,23.911899702207286
14,41,108,5,23.05,24.592414320380644
14,41,108,6,18.1,21.051065731241557
14,41,108,7,13.5,14.314144642349584
14,41,108,0,40.9,49.40796867329249
14,41,108,1,24.7,26.43781183715555
14,41,108,2,24.55,24.57742866941129
14,41,108,3,40.45,108.46463163533757
14,41,108,4,13.052631578947368,12.425214883947913
14,41,108,5,13.263157894736842,14.57105999828716
14,41,108,6,22.31578947368421,28.602743907959734
14,41,108,7,16.68421052631579,17.67626353044276
14,44,108,0,23.15,25.311272712287494
14,44,108,1,19.4,14.791178025039827
14,44,108,2,24.1,16.65406541168979
14,44,108,3,28.3,37.09887216330806
14,44,108,4,23.35,22.389553485122427
14,44,108,5,24.9,23.621800813744297
14,44,108,6,25.95,34.16288382995422
14,44,108,7,25.55,30.673964615992464
14,44,108,0,24.35,20.617506613249052
14,44,108,1,14.05,12.411688039908192
14,44,108,2,24.5,17.494359993407798
14,44,108,3,20.15,18.53382398694202
14,44,108,4,23.8,25.911996815131182
14,44,108,5,18.9,31.640912888553846
14,44,108,6,15.85,15.00271905180419
14,44,108,7,29.15,26.646368371101172
14,44,108,0,23.5,23.68321635340321
14,44,108,1,33.4,35.17385392589217
14,44,108,2,14.95,16.233412586715282
14,44,108,3,28.9,41.690463380035794
14,44,108,4,19.1,21.321844494123365
14,44,108,5,21.25,22.620147051502094
14,44,108,6,19.9,12.96513543477681
14,44,108,7,11.95,8.388431884070123
14,44,108,0,33.1,48.140036953607925
14,44,108,1,22.4,41.06785142970876
14,44,108,2,20.1,20.424185869234854
14,44,108,3,22.25,37.817950346641645
14,44,108,4,34.15,53.89978517680069
14,44,108,5,22.789473684210527,20.397654950640284
14,44,108,6,13.736842105263158,9.898608798227702
14,44,108,7,18.05263157894737,32.018178316232465
14,44,108,0,29.9,27.77143553327676
14,44,108,1,21.85,25.340367213722768
14,44,108,2,17.1,14.123142635218864
14,44,108,3,17.05,19.71233917599516
14,44,108,4,13.75,15.161846158940158
14,44,108,5,20.7,19.47765251174846
14,44,108,6,25.85,36.6767888739631
14,44,108,7,21.45,23.275184435924793
14,40,108,0,17.4,15.998026194042287
14,40,108,1,22.5,16.301436811068626
14,40,108,2,18.7,16.619899296673818
14,40,108,3,23.2,28.33372548748223
14,40,108,4,22.15,28.069978343606294
14,40,108,5,18.25,16.739097001363383
14,40,108,6,20.8,14.33288452989727
14,40,108,7,17.4,24.733101620894086
14,40,108,0,27.7,22.207395638674775
14,40,108,1,19.4,21.29096670322639
14,40,108,2,13.85,16.50924780715023
14,40,108,3,16.85,19.618130711960784
14,40,108,4,27.7,28.822688431529986
14,40,108,5,14.2,8.420526299341077
14,40,108,6,24.05,23.50022396309851
14,40,108,7,19.9,22.270821127300415
14,40,108,0,25.3,22.31614945091983
14,40,108,1,35.25,37.62120762492739
14,40,108,2,26.7,42.13524590373742
14,40,108,3,19.7,21.024046383029823
14,40,108,4,18.95,14.325079222707359
14,40,108,5,12.8,13.060990532276277
14,40,108,6,24.0,32.44752849236992
14,40,108,7,18.15,22.005441910677696
14,40,108,0,33.05,34.635660053886966
14,40,108,1,22.05,18.83019691318903
14,40,108,2,18.15,21.543774286933004
14,40,108,3,28.1,29.88028746426929
14,40,108,4,22.5,23.22997156578906
14,40,108,5,28.3,37.97658558416724
14,40,108,6,12.45,7.50771532982466
14,40,108,7,17.1,18.142419034435644
14,40,108,0,43.05,43.93832399841252
14,40,108,1,23.7,18.898899995836572
14,40,108,2,26.8,23.525126544768433
14,40,108,3,15.3,14.952908535940775
14,40,108,4,27.15,34.74913857319268
14,40,108,5,18.8,19.549128396238835
14,40,108,6,13.3,12.427050291495904
14,40,108,7,15.3,17.17127344080652
14,28,108,0,22.0,17.48984667863344
14,28,108,1,25.85,21.74801866353516
14,28,108,2,23.05,25.272150263627516
14,28,108,3,22.15,26.60485709513644
14,28,108,4,18.9,18.272498748838807
14,28,108,5,14.2,14.14064689951779
14,28,108,6,15.95,17.745199499108427
14,28,108,7,12.3,11.877001216415566
14,28,108,0,22.55,24.643724513448383
14,28,108,1,25.15,22.2929656122615
14,28,108,2,19.0,16.0032891356088
14,28,108,3,25.9,31.599300458612756
14,28,108,4,41.95,98.29251457284339
14,28,108,5,15.0,13.771952173409064
14,28,108,6,19.789473684210527,41.44015624617748
14,28,108,7,26.444444444444443,30.70010964192382
14,28,108,0,26.0,20.172936534403032
14,28,108,1,28.35,25.450209388033272
14,28,108,2,18.35,18.765239420969714
14,28,108,3,22.8,22.439626603516892
14,28,108,4,17.85,14.59370808908667
14,28,108,5,24.95,20.423090647082468
14,28,108,6,29.85,37.3789625605803
14,28,108,7,18.7,23.71120099513264
14,28,108,0,24.25,24.59755015614787
14,28,108,1,26.7,23.81750793451167
14,28,108,2,34.15,47.578494699756284
14,28,108,3,31.95,28.426220290429047
14,28,108,4,21.75,22.17603020807542
14,28,108,5,17.75,27.152347964770925
14,28,108,6,19.8,22.823349078474322
14,28,108,7,14.3,17.3359984455832
14,28,108,0,22.25,31.110795215605926
14,28,108,1,22.85,24.89403860153545
14,28,108,2,23.2,18.47216967850769
14,28,108,3,25.55,33.48758607383685
14,28,108,4,21.75,29.350647800615736
14,28,108,5,25.9,21.269944201050208
14,28,108,6,23.55,23.311336749586708
14,28,108,7,23.5,28.481757781355235
14,44,108,0,34.3,30.568473611670058
14,44,108,1,25.1,26.14514144258224
14,44,108,2,18.9,27.653685392538076
14,44,108,3,17.7,11.216059914247962
14,44,108,4,21.35,24.9700346731627
14,44,108,5,24.95,27.980209171183084
14,44,108,6,22.15,21.781873197684355
14,44,108,7,17.3,20.073811166214607
14,44,108,0,37.1,54.41739273044003
14,44,108,1,15.25,11.575268554347376
14,44,108,2,17.5,15.463028912793726
14,44,108,3,19.35,22.2787956775519
14,44,108,4,12.35,16.667885920314898
14,44,108,5,11.15,11.67667490521618
14,44,108,6,12.65,11.226261504544647
14,44,108,7,19.7,29.25945641111065
14,44,108,0,27.4,26.182356453796977
14,44,108,1,19.85,25.01636306605402
14,44,108,2,29.15,28.312680811552305
14,44,108,3,17.15,16.24572818344953
14,44,108,4,20.5,20.47463128644297
14,44,108,5,20.2,17.641458347641752
14,44,108,6,24.6,44.18311180101569
14,44,108,7,14.95,10.84083411046061
14,44,108,0,44.55,65.03640680823561
14,44,108,1,26.7,33.62971743468628
14,44,108,2,12.95,9.55028244277844
14,44,108,3,27.9,42.164964253824714
14,44,108,4,16.8,23.592148560150484
14,44,108,5,19.7,20.20708578171216
14,44,108,6,10.444444444444445,9.255981990819725
14,44,108,7,11.833333333333334,13.912541950679316
14,44,108,0,30.15,20.716825097134528
14,44,108,1,16.35,14.708661966409633
14,44,108,2,26.35,31.20437722331174
14,44,108,3,25.6,30.23138835887732
14,44,108,4,17.6,17.16606198900978
14,44,108,5,17.65,15.267009495882563
14,44,108,6,14.3,15.444637972618947
14,44,108,7,17.2,24.894725714919065
14,40,108,0,25.3,19.336630087941764
14,40,108,1,20.7,24.994946857736117
14,40,108,2,23.4,23.36303873530514
14,40,108,3,15.9,15.078391649537496
14,40,108,4,28.3,30.69218998891721
14,40,108,5,23.35,21.909562920524476
14,40,108,6,26.95,39.73924879431973
14,40,108,7,16.55,13.252507210653427
14,40,108,0,33.85,29.392578726789626
14,40,108,1,16.45,19.640117375573798
14,40,108,2,24.9,29.087707658770658
14,40,108,3,19.1,18.130811228113146
14,40,108,4,17.6,18.423097630848876
14,40,108,5,15.55,14.339768037469122
14,40,108,6,10.45,9.55579185074355
14,40,108,7,18.15,17.871691817537943
14,40,108,0,20.55,18.720872111939094
14,40,108,1,17.9,19.23237402210959
14,40,108,2,17.75,12.615258096531567
14,40,108,3,10.95,11.19433597381894
14,40,108,4,12.75,11.534273868961604
14,40,108,5,20.25,17.115320929690913
14,40,108,6,15.05,15.832927049265667
14,40,108,7,24.3,38.6646853696864
14,40,108,0,23.75,25.09953868311653
14,40,108,1,39.1,47.12011527105908
14,40,108,2,22.95,20.36631636072815
14,40,108,3,16.25,10.22316770354164
14,40,108,4,16.65,19.090573590125572
14,40,108,5,17.65,15.908537926137914
14,40,108,6,19.35,21.32277013701057
14,40,108,7,16.2,14.706246435121585
14,40,108,0,25.35,22.776430569202105
14,40,108,1,25.6,28.459389348776675
14,40,108,2,20.45,22.686594697031296
14,40,108,3,13.1,13.313625786349387
14,40,108,4,36.35,108.16667207309479
14,40,108,5,25.36842105263158,29.0731080903829
14,40,108,6,13.578947368421053,10.30811864219269
14,40,108,7,10.157894736842104,10.361591243598408
14,28,108,0,19.75,20.95326880666142
14,28,108,1,16.85,13.542428453606563
14,28,108,2,21.95,24.10170336849987
14,28,108,3,17.3,18.04409802911219
14,28,108,4,16.25,20.03910650387597
14,28,108,5,15.75,19.322403141376974
14,28,108,6,21.45,19.313139786711343
14,28,108,7,11.9,15.58643134605427
14,28,108,0,18.65,14.139437195678132
14,28,108,1,22.9,19.46900370494489
14,28,108,2,21.2,26.468650771888818
14,28,108,3,19.65,15.862152903589163
14,28,108,4,27.75,27.310832630064
14,28,108,5,14.8,15.823367131189906
14,28,108,6,17.2,14.442626966179335
14,28,108,7,23.35,38.50396425250126
14,28,108,0,20.75,24.967083593361377
14,28,108,1,22.25,28.662968957762978
14,28,108,2,10.9,10.072892230870774
14,28,108,3,15.65,17.7594304081255
14,28,108,4,17.05,18.65327683926085
14,28,108,5,39.4,108.12877313161084
14,28,108,6,44.8421052631579,109.67895734465442
14,28,108,7,18.77777777777778,23.725279532365658
14,28,108,0,29.5,34.73281475856271
14,28,108,1,25.45,29.51801412518696
14,28,108,2,14.65,16.138463371709214
14,28,108,3,26.9,22.83095774554689
14,28,108,4,21.25,16.848785681685445
14,28,108,5,15.9,23.427154734354072
14,28,108,6,10.9,10.71103710148899
14,28,108,7,21.1,21.098515787160306
14,28,108,0,23.5,16.14571802448921
14,28,108,1,15.45,19.581073031185795
14,28,108,2,20.65,15.878734537938334
14,28,108,3,16.95,17.346241819574576
14,28,108,4,13.15,10.589344197178397
14,28,108,5,15.9,18.864893599655307
14,28,108,6,15.5,18.37188928198387
14,28,108,7,38.05,107.57835577651736
14,31,108,0,22.15,25.350750014857343
14,31,108,1,19.6,17.51811092915888
14,31,108,2,17.95,23.734219133873708
14,31,108,3,14.7,17.654878556424716
14,31,108,4,14.15,23.515448449678217
14,31,108,5,23.25,33.76680867984199
14,31,108,6,27.6,39.422675815082016
14,31,108,7,22.65,23.145478130614126
14,31,108,0,21.2,16.64679517125396
14,31,108,1,22.4,19.399945740564384
14,31,108,2,24.45,33.4435502396438
14,31,108,3,18.6,18.505760127450504
14,31,108,4,19.15,18.68654173744471
14,31,108,5,22.4,21.08229489156095
14,31,108,6,16.65,19.693105927014958
14,31,108,7,23.35,41.68209889654134
14,31,108,0,17.7,15.43100092261303
14,31,108,1,14.5,15.819707895366994
14,31,108,2,15.7,16.749234075182756
14,31,108,3,24.8,43.68258716070548
14,31,108,4,19.4,25.36553816333865
14,31,108,5,22.95,46.02456437942449
14,31,108,6,11.15,17.92462287645567
14,31,108,7,9.55,10.505512337515206
14,31,108,0,16.05,10.605237037972275
14,31,108,1,30.1,46.412226156930956
14,31,108,2,17.65,13.631523064303254
14,31,108,3,10.05,11.090417865033428
14,31,108,4,10.85,15.125005437145608
14,31,108,5,17.55,21.519819506188878
14,31,108,6,8.8,7.626822474178325
14,31,108,7,12.5,11.691202270353369
14,31,108,0,24.7,24.406858397632934
14,31,108,1,25.55,36.33973466867189
14,31,108,2,25.3,24.188078838443058
14,31,108,3,11.75,7.8396764165231625
14,31,108,4,16.55,15.945548793183304
14,31,108,5,17.75,17.17058378065292
14,31,108,6,21.55,21.047502664711857
14,31,108,7,13.8,16.090533339758963
14,31,108,0,22.7,30.64757224007354
14,31,108,1,28.2,26.737712377050784
14,31,108,2,19.35,19.35343026850524
14,31,108,3,26.85,41.862274185715236
14,31,108,4,24.1,14.796514525565241
14,31,108,5,13.7,13.97403607446776
14,31,108,6,14.55,12.841032094935278
14,31,108,7,14.75,11.831603530598173
14,31,108,0,29.3,19.22197207693102
14,31,108,1,17.6,12.725440743065176
14,31,108,2,24.95,23.441921512762693
14,31,108,3,23.65,20.13970940050631
14,31,108,4,17.8,14.307156839921245
14,31,108,5,15.75,21.013466859937324
14,31,108,6,16.05,15.530869091484934
14,31,108,7,17.95,17.936950981878606
14,31,108,0,33.0,30.277662428022133
14,31,108,1,18.25,18.370098701852136
14,31,108,2,30.2,41.28157483736094
14,31,108,3,16.2,29.72080610934827
14,31,108,4,11.95,7.69466664234664
14,31,108,5,23.1,19.03155274800246
14,31,108,6,16.9,20.21958404486523
14,31,108,7,13.95,14.809225431964256
14,31,108,0,27.05,23.734219133873705
14,31,108,1,14.35,15.058744618117547
14,31,108,2,17.0,16.328857245605658
14,31,108,3,23.45,15.796318691724547
14,31,108,4,23.65,28.864976045464914
14,31,108,5,19.4,19.06885032275357
14,31,108,6,19.4,15.88908927203623
14,31,108,7,12.1,11.876114906111253
14,31,108,0,29.55,26.296837912770545
14,31,108,1,25.8,26.70816945785453
14,31,108,2,15.85,13.93320532132918
14,31,108,3,23.25,20.32078272425341
14,31,108,4,20.7,20.87078038033582
14,31,108,5,19.15,17.592686877761093
14,31,108,6,23.9,24.56120175355732
14,31,108,7,14.0,13.645897783428891
14,45,108,0,31.2,35.20855159280424
14,45,108,1,23.9,47.03850606292231
14,45,108,2,24.1,25.474238793441174
14,45,108,3,11.5,9.741392962102763
14,45,108,4,20.05,29.007213258991836
14,45,108,5,25.55,56.18716373355264
14,45,108,6,17.789473684210527,16.77159949759123
14,45,108,7,10.736842105263158,10.618862176246978
14,45,108,0,19.25,17.34442121745263
14,45,108,1,14.85,14.235888673201597
14,45,108,2,18.8,14.954668343469134
14,45,108,3,16.65,16.9465879192616
14,45,108,4,14.8,12.717993883512156
14,45,108,5,16.55,23.426199907481006
14,45,108,6,18.55,19.378433481851065
14,45,108,7,17.9,21.8629703765113
14,45,108,0,18.0,20.09451352195943
14,45,108,1,20.1,31.038007261047575
14,45,108,2,21.95,32.200809077772526
14,45,108,3,25.85,35.61826113548764
14,45,108,4,14.25,14.029574026620375
14,45,108,5,23.8,32.65223454914888
14,45,108,6,23.2,28.788886744714528
14,45,108,7,17.263157894736842,18.984912446066094
14,45,108,0,49.8,108.4098461249812
14,45,108,1,18.263157894736842,23.609889889298408
14,45,108,2,20.94736842105263,27.474177137026782
14,45,108,3,21.842105263157894,21.443111190866396
14,45,108,4,15.31578947368421,8.360307221753592
14,45,108,5,22.0,19.827029810617404
14,45,108,6,32.89473684210526,57.33807609922253
14,45,108,7,20.22222222222222,35.502370352605965
14,45,108,0,19.8,15.800066622111375
14,45,108,1,13.7,13.826366878273973
14,45,108,2,12.05,12.77940365958979
14,45,108,3,14.45,15.802981064543355
14,45,108,4,12.5,14.759475101207288
14,45,108,5,14.3,11.38835970814521
14,45,108,6,25.65,36.00332586976113
14,45,108,7,11.2,11.422968551401855
15,20,108,0,22.85,21.086975276596437
15,20,108,1,13.5,13.759207443515203
15,20,108,2,30.55,31.45669537968867
15,20,108,3,18.7,33.239323572824816
15,20,108,4,15.5,12.605345566151897
15,20,108,5,20.65,24.929954504149165
15,20,108,6,19.5,26.00506023632202
15,20,108,7,28.1,26.86202563197034
15,20,108,0,26.05,26.717774489732683
15,20,108,1,20.05,17.427972071538207
15,20,108,2,17.2,15.598920340506702
15,20,108,3,31.25,37.86801872431754
15,20,108,4,24.9,25.69435735720977
15,20,108,5,21.95,28.154601381432638
15,20,108,6,17.85,17.290931605598168
15,20,108,7,29.95,25.574401263763736
15,20,108,0,46.75,52.70361517611083
15,20,108,1,22.8,29.32503869966487
15,20,108,2,22.8,26.855559063843355
15,20,108,3,25.55,51.23472814821069
15,20,108,4,23.736842105263158,31.203351147064595
15,20,108,5,13.210526315789474,17.554926334123174
15,20,108,6,19.57894736842105,26.207114787726564
15,20,108,7,27.42105263157895,40.48088134398712
15,20,108,0,31.05,38.62570047056889
15,20,108,1,14.35,16.652090116954025
15,20,108,2,19.45,18.277034770443482
15,20,108,3,27.15,24.478293284158173
15,20,108,4,8.4,10.404452488187323
15,20,108,5,12.2,10.76348603283097
15,20,108,6,20.05,22.74451929355151
15,20,108,7,44.25,87.00688115557902
15,20,108,0,30.15,39.486540011822555
15,20,108,1,17.2,16.057790370376225
15,20,108,2,26.9,39.604492036556714
15,20,108,3,16.4,20.145261947846905
15,20,108,4,23.35,26.34043319789239
15,20,108,5,15.052631578947368,13.52147955501635
15,20,108,6,11.947368421052632,11.59728744247515
15,20,108,7,44.421052631578945,41.936878214597286
15,22,108,0,53.9,108.0827655573557
15,22,108,1,29.473684210526315,24.304477001967793
15,22,108,2,19.157894736842106,21.42756054424285
15,22,108,3,18.63157894736842,16.506599778794843
15,22,108,4,21.31578947368421,19.98069243483415
15,22,108,5,20.473684210526315,24.040171059320755
15,22,108,6,20.94736842105263,24.384589131960023
15,22,108,7,28.157894736842106,23.879938483762977
15,22,108,0,51.05,92.14832151425622
15,22,108,1,33.75,54.91033360709172
15,22,108,2,22.63157894736842,27.96865413342386
15,22,108,3,13.210526315789474,12.54582244489031
15,22,108,4,15.263157894736842,12.617633627688397
15,22,108,5,32.31578947368421,42.59897316391421
15,22,108,6,21.736842105263158,26.26328680721681
15,22,108,7,22.61111111111111,15.666145172797405
15,22,108,0,26.4,24.587973097688057
15,22,108,1,36.6,50.19897252041384
15,22,108,2,23.25,19.925849384259898
15,22,108,3,22.4,19.626512680555354
15,22,108,4,21.25,16.622353370655652
15,22,108,5,22.8,27.204101857895196
15,22,108,6,24.842105263157894,21.39642534499302
15,22,108,7,34.36842105263158,33.848043643311684
15,22,108,0,27.2,28.450511048966565
15,22,108,1,33.85,45.27724535976566
15,22,108,2,30.9,59.18739197177937
15,22,108,3,19.05263157894737,18.53667141464462
15,22,108,4,16.42105263157895,15.210799487621664
15,22,108,5,22.736842105263158,30.866814443964387
15,22,108,6,16.789473684210527,12.669205655045014
15,22,108,7,26.736842105263158,27.836511006755853
15,22,108,0,35.15,45.44085224367583
15,22,108,1,30.25,47.05973247961182
15,22,108,2,39.9,67.43800271750577
15,22,108,3,17.35,18.678090176235337
15,22,108,4,19.35,24.79234814042005
15,22,108,5,28.15,38.31074467945953
15,22,108,6,19.42105263157895,18.506202532225316
15,22,108,7,25.789473684210527,29.069990152825646
15,11,108,0,53.0,108.01997865892072
15,11,108,1,31.789473684210527,52.66727736710108
15,11,108,2,26.63157894736842,34.73264638846569
15,11,108,3,29.05263157894737,38.94935983529058
15,11,108,4,50.666666666666664,116.02028220252242
15,11,108,5,21.470588235294116,23.817319452078415
15,11,108,6,27.764705882352942,42.496366626696314
15,11,108,7,20.0,29.361965193086103
15,11,108,0,26.6,17.863223025034014
15,11,108,1,28.3,43.8755416820663
15,11,108,2,21.25,12.863146050472624
15,11,108,3,26.95,32.52929853467324
15,11,108,4,17.25,18.211838255145445
15,11,108,5,15.5,20.77321149436152
15,11,108,6,13.842105263157896,16.27289210754682
15,11,108,7,23.210526315789473,34.03197670715722
15,11,108,0,25.35,43.12927324366034
15,11,108,1,27.7,34.92111410774742
15,11,108,2,21.2,30.174230901985155
15,11,108,3,26.45,39.43345493893545
15,11,108,4,16.789473684210527,19.744419598032195
15,11,108,5,16.157894736842106,34.66708839149691
15,11,108,6,21.36842105263158,23.87516265521275
15,11,108,7,29.42105263157895,23.998416127073614
15,11,108,0,26.65,26.41824529014988
15,11,108,1,20.1,19.804039991880444
15,11,108,2,20.35,20.658310421563623
15,11,108,3,38.9,109.34537267902921
15,11,108,4,9.736842105263158,9.538472421742954
15,11,108,5,18.473684210526315,19.63095181100112
15,11,108,6,19.94736842105263,21.096270560905957
15,11,108,7,26.105263157894736,21.07366639207991
15,11,108,0,28.9,23.757325739985752
15,11,108,1,20.05,26.342830843364293
15,11,108,2,21.55,27.479130837399996
15,11,108,3,19.05,24.70345170853234
15,11,108,4,18.6,22.241260850287386
15,11,108,5,18.65,22.127085093541854
15,11,108,6,22.15,29.75032065284958
15,11,108,7,24.25,36.77652998713632
15,11,108,0,25.15,37.96573940305987
15,11,108,1,22.2,28.419044763382843
15,11,108,2,28.3,57.44296942918345
15,11,108,3,16.2,18.712787634466213
15,11,108,4,16.105263157894736,14.635932710824735
15,11,108,5,16.105263157894736,16.03085475243186
15,11,108,6,12.68421052631579,11.604848754718136
15,11,108,7,19.210526315789473,27.553138452751462
15,11,108,0,37.2,54.40259281746742
15,11,108,1,23.6,20.4332031134055
15,11,108,2,34.55,28.05722535705985
15,11,108,3,20.75,21.4742808224654
15,11,108,4,35.05,49.081537959003
15,11,108,5,27.1,21.6768127391071
15,11,108,6,18.75,17.692921570057628
15,11,108,7,22.6,23.48661432883801
15,11,108,0,18.15,20.607293037072807
15,11,108,1,16.2,25.541709953885647
15,11,108,2,24.25,27.50095692114999
15,11,108,3,17.0,20.27443295332689
15,11,108,4,23.55,42.939951952513994
15,11,108,5,15.4,16.12255693447113
15,11,108,6,22.05,24.288778002240154
15,11,108,7,32.45,37.74355992470071
15,11,108,0,19.4,29.387430180803133
15,11,108,1,17.1,15.603305992472777
15,11,108,2,16.3,17.41173228178723
15,11,108,3,14.65,16.696280707800888
15,11,108,4,17.45,18.605248269181864
15,11,108,5,20.05,21.382420226364513
15,11,108,6,11.1,14.77159436215333
15,11,108,7,30.6,29.835337578466454
15,11,108,0,48.7,59.02729074446479
15,11,108,1,27.2,31.177927414995647
15,11,108,2,26.35,25.475013558180372
15,11,108,3,44.31578947368421,29.920362133093217
15,11,108,4,40.05263157894737,58.44890806337762
15,11,108,5,20.05263157894737,22.64085217332826
15,11,108,6,27.27777777777778,27.141904990916682
15,11,108,7,30.647058823529413,27.301422070266295
15,18,108,0,34.9,50.66910197286747
15,18,108,1,24.95,21.588191216496114
15,18,108,2,19.4,23.120735737701594
15,18,108,3,24.65,23.515448449678217
15,18,108,4,13.7,11.050601317289672
15,18,108,5,25.45,26.609208932247498
15,18,108,6,16.0,18.76462392671676
15,18,108,7,27.31578947368421,21.561417783673345
15,18,108,0,36.3,40.790994878255844
15,18,108,1,24.1,31.629266926626507
15,18,108,2,17.1,22.922983180527286
15,18,108,3,20.45,15.309010074909619
15,18,108,4,17.55,23.587407434342676
15,18,108,5,19.35,14.368368035375486
15,18,108,6,25.0,34.97367430992692
15,18,108,7,19.45,18.983302912656804
15,18,108,0,23.5,20.304264524841496
15,18,108,1,21.25,19.158274287738198
15,18,108,2,16.55,12.592708834459474
15,18,108,3,13.6,13.639725263477924
15,18,108,4,23.65,17.312225677097004
15,18,108,5,15.2,15.988811877783723
15,18,108,6,20.45,37.1490242132953
15,18,108,7,22.35,22.960549690834124
15,18,108,0,25.7,21.849003349544827
15,18,108,1,20.75,19.36865345970404
15,18,108,2,26.3,21.80801397844862
15,18,108,3,17.95,15.779650453069381
15,18,108,4,18.85,20.830834937911785
15,18,108,5,26.95,29.310452599353482
15,18,108,6,17.55,16.90678779911224
15,18,108,7,25.95,37.39050681657043
15,18,108,0,25.9,23.34388232718078
15,18,108,1,34.35,30.861788671429913
15,18,108,2,34.7,42.50213616922529
15,18,108,3,19.7,25.420878282065296
15,18,108,4,18.1,13.973282777463117
15,18,108,5,20.95,20.82123157285674
15,18,108,6,18.0,18.41909764062118
15,18,108,7,17.94736842105263,14.60773647463154
15,13,108,0,34.1,31.935626039367317
15,13,108,1,22.75,18.081322145416127
15,13,108,2,17.5,17.85467652141059
15,13,108,3,24.3,22.240550920855313
15,13,108,4,11.3,12.72833556737838
15,13,108,5,15.1,11.71099348565495
15,13,108,6,19.6,23.031785816448032
15,13,108,7,19.65,22.134219756081894
15,13,108,0,23.3,18.37074333080498
15,13,108,1,24.6,28.680453640983988
15,13,108,2,28.05,28.57948288729632
15,13,108,3,22.75,28.613348007713576
15,13,108,4,43.0,105.14601376431878
15,13,108,5,22.157894736842106,22.519776883379485
15,13,108,6,22.894736842105264,31.71731867755481
15,13,108,7,16.555555555555557,17.18488467921471
15,13,108,0,42.1,56.83392241295778
15,13,108,1,30.7,30.64070220440366
15,13,108,2,28.95,42.70150373292059
15,13,108,3,23.25,24.148389943060497
15,13,108,4,16.0,13.71514721604893
15,13,108,5,25.1,38.44325962410466
15,13,108,6,17.75,20.29227231705394
15,13,108,7,35.8421052631579,35.48123628983312
15,13,108,0,22.25,34.63170892632783
15,13,108,1,36.9,47.67753525950195
15,13,108,2,15.8,17.632505867229842
15,13,108,3,24.2,40.767117812482674
15,13,108,4,18.1,23.76618562048543
15,13,108,5,16.9,22.06187471158047
15,13,108,6,10.85,9.82089608946149
15,13,108,7,18.85,13.107952588128764
15,13,108,0,25.15,34.47237643160252
15,13,108,1,20.4,18.43737622616795
15,13,108,2,19.05,30.800674975515854
15,13,108,3,35.5,108.8448920543164
15,13,108,4,14.789473684210526,19.208154944561148
15,13,108,5,42.21052631578947,107.68708730358448
15,13,108,6,17.77777777777778,13.286683096710716
15,13,108,7,21.27777777777778,19.741880104624265
15,15,108,0,26.0,24.53783330202353
15,15,108,1,19.4,17.24559440308711
15,15,108,2,22.75,19.780040444852485
15,15,108,3,14.8,10.445850347084445
15,15,108,4,18.8,14.788331104019319
15,15,108,5,13.6,11.146866446627381
15,15,108,6,39.5,96.54805184875288
15,15,108,7,31.63157894736842,36.180428297808554
15,15,108,0,32.85,35.23795053482448
15,15,108,1,29.05,34.69183887041052
15,15,108,2,28.9,50.01778631015592
15,15,108,3,24.8,30.512465097330132
15,15,108,4,19.5,21.787248805811068
15,15,108,5,14.4,19.35105056307633
15,15,108,6,23.1,20.692993983471798
15,15,108,7,32.9,32.50085019130876
15,15,108,0,26.4,18.661528114785973
15,15,108,1,18.95,18.383273289653975
15,15,108,2,30.95,33.603688707295845
15,15,108,3,17.55,19.011007891551454
15,15,108,4,20.15,22.80414320618999
15,15,108,5,19.9,20.86018620293339
15,15,108,6,26.3,35.66230502926024
15,15,108,7,21.5,19.462514577623587
15,15,108,0,17.6,13.876902430032127
15,15,108,1,25.95,23.448656116805726
15,15,108,2,19.75,24.026027553467927
15,15,108,3,19.65,47.845447454332195
15,15,108,4,13.55,14.616051018261432
15,15,108,5,25.85,33.64407353770536
15,15,108,6,39.95,104.59469393807699
15,15,108,7,19.57894736842105,23.469402751179587
15,15,108,0,29.9,32.47492960164162
15,15,108,1,20.15,33.158748944719655
15,15,108,2,19.65,15.138918128626734
15,15,108,3,21.05,20.01440270878633
15,15,108,4,15.65,15.387195633827634
15,15,108,5,23.2,21.965523224506075
15,15,108,6,18.65,14.379352887862659
15,15,108,7,30.0,27.82463883531625
15,9,108,0,26.9,18.552627846210896
15,9,108,1,27.1,38.09254658411745
15,9,108,2,18.7,18.809572031282368
15,9,108,3,24.7,32.44120187273228
15,9,108,4,14.05,17.40681959523487
15,9,108,5,19.45,16.307812141489283
15,9,108,6,22.1,19.843864224702333
15,9,108,7,26.5,25.08406917379613
15,9,108,0,36.6,62.25533162540758
15,9,108,1,28.35,46.61858111593657
15,9,108,2,14.894736842105264,13.2953406075717
15,9,108,3,17.157894736842106,17.340585527390605
15,9,108,4,18.157894736842106,18.185046231251338
15,9,108,5,15.578947368421053,16.300360559998815
15,9,108,6,17.05263157894737,21.185617983828678
15,9,108,7,33.26315789473684,37.826860100056415
15,9,108,0,29.85,28.26989285627491
15,9,108,1,27.35,64.11032842316685
15,9,108,2,17.05,25.61758236672207
15,9,108,3,13.45,16.535368790947228
15,9,108,4,10.263157894736842,9.596539337253924
15,9,108,5,34.578947368421055,109.44217945232475
15,9,108,6,14.88888888888889,18.76444976980137
15,9,108,7,20.5,17.422939577735207
15,9,108,0,32.95,40.87912219677604
15,9,108,1,21.85,23.939122351234357
15,9,108,2,40.65,108.21823710495964
15,9,108,3,19.736842105263158,19.700090539169157
15,9,108,4,16.31578947368421,11.2252326458393
15,9,108,5,25.36842105263158,36.70030355053967
15,9,108,6,15.0,15.242484486898235
15,9,108,7,32.89473684210526,34.30888245345042
15,9,108,0,39.05,46.787847050050786
15,9,108,1,32.6,36.175595146597466
15,9,108,2,24.2,33.32866633995426
15,9,108,3,18.2,20.664233020264493
15,9,108,4,11.105263157894736,8.191423270999879
15,9,108,5,25.894736842105264,26.780786514137137
15,9,108,6,15.736842105263158,23.127285725506994
15,9,108,7,25.842105263157894,26.11568953265607
15,0,108,0,22.9,24.34380932868927
15,0,108,1,14.55,16.10973880019556
15,0,108,2,26.2,30.942391293294847
15,0,108,3,25.15,21.558427342310573
15,0,108,4,32.55,49.57660207884573
15,0,108,5,22.3,24.78348346442806
15,0,108,6,18.55,16.90367446818341
15,0,108,7,23.85,23.930326498311498
15,0,108,0,22.15,24.090345303504996
15,0,108,1,15.0,15.731296329626694
15,0,108,2,12.8,10.630640917451283
15,0,108,3,16.35,17.974470199351313
15,0,108,4,23.95,30.834831637375014
15,0,108,5,23.95,39.14678853535216
15,0,108,6,15.15,17.753502249000423
15,0,108,7,37.5,32.64884941955922
15,0,108,0,21.85,19.027058295186386
15,0,108,1,26.05,26.984352190814118
15,0,108,2,16.4,18.354405752470328
15,0,108,3,31.05,36.245471586479816
15,0,108,4,22.4,33.84857922852115
15,0,108,5,19.35,23.01778488587969
15,0,108,6,14.9,14.45464776828765
15,0,108,7,35.45,38.043569205514046
15,0,108,0,39.55,34.22291476097327
15,0,108,1,23.5,24.379672291739926
15,0,108,2,34.85,44.47148702140212
15,0,108,3,25.9,24.417207047490095
15,0,108,4,23.25,22.292021230169233
15,0,108,5,22.7,18.46789532932047
15,0,108,6,28.2,34.711745319961864
15,0,108,7,26.95,28.206895386915964
15,0,108,0,35.3,48.28435509943589
15,0,108,1,27.25,27.249094625229972
15,0,108,2,39.8,55.260721750815485
15,0,108,3,23.4,25.425639773558046
15,0,108,4,46.15,100.99884053529367
15,0,108,5,30.526315789473685,46.515670502951814
15,0,108,6,25.235294117647058,30.239728445715052
15,0,108,7,25.470588235294116,38.270611516963676
15,23,108,0,26.85,22.081845365295948
15,23,108,1,15.05,27.838774549556824
15,23,108,2,13.5,12.141707154744713
15,23,108,3,18.35,24.811446848921204
15,23,108,4,20.9,19.606389935829323
15,23,108,5,21.0,25.329408744943514
15,23,108,6,18.65,23.104510837770004
15,23,108,7,22.45,25.23046404229367
15,23,108,0,18.6,16.76274063762279
15,23,108,1,15.85,12.355586846272802
15,23,108,2,13.1,14.472842080764126
15,23,108,3,25.15,29.780380330539415
15,23,108,4,16.45,16.81000641848401
15,23,108,5,16.55,14.039324470178306
15,23,108,6,18.0,17.87971505719025
15,23,108,7,16.85,17.56574117872328
15,23,108,0,22.3,28.64133928065295
15,23,108,1,25.3,26.11734652436354
15,23,108,2,14.4,16.007892790087876
15,23,108,3,20.1,23.429401232324807
15,23,108,4,21.4,22.189139116622847
15,23,108,5,37.95,105.03106056881711
15,23,108,6,20.42105263157895,20.394214292494507
15,23,108,7,11.736842105263158,13.91179397834465
15,23,108,0,29.45,44.40658438612573
15,23,108,1,31.65,66.00261159107349
15,23,108,2,27.8,52.560341263011324
15,23,108,3,16.473684210526315,35.41244040831575
15,23,108,4,12.368421052631579,14.866855478306952
15,23,108,5,10.777777777777779,8.489131844725007
15,23,108,6,10.722222222222221,10.980225839076544
15,23,108,7,10.555555555555555,7.196585973446202
15,23,108,0,19.4,18.07993945029451
15,23,108,1,24.15,49.59443411046084
15,23,108,2,16.65,14.339033954100328
15,23,108,3,12.65,15.400871472266209
15,23,108,4,40.0,106.14091923872765
15,23,108,5,21.42105263157895,37.09644455780648
15,23,108,6,13.736842105263158,12.679125913016584
15,23,108,7,19.789473684210527,27.512782781359448
15,3,108,0,43.95,109.51686964500996
15,3,108,1,23.157894736842106,25.34268063935431
15,3,108,2,26.57894736842105,30.910831955218264
15,3,108,3,25.105263157894736,27.361560093683146
15,3,108,4,18.526315789473685,16.26642220121162
15,3,108,5,23.789473684210527,27.70394867035789
15,3,108,6,12.842105263157896,15.980067994205006
15,3,108,7,38.21052631578947,29.570215772271823
15,3,108,0,24.85,24.011565195919548
15,3,108,1,15.7,12.974063195062435
15,3,108,2,36.05,32.42395962702175
15,3,108,3,23.95,22.721367175321767
15,3,108,4,24.95,34.10429051569534
15,3,108,5,19.2,25.017046819697708
15,3,108,6,28.05,32.00078124046349
15,3,108,7,32.3,26.10323633897569
15,3,108,0,54.5,109.1949005942561
15,3,108,1,15.052631578947368,9.507153354831335
15,3,108,2,15.421052631578947,18.927686333557002
15,3,108,3,14.894736842105264,17.278421792777337
15,3,108,4,25.210526315789473,38.500474668601186
15,3,108,5,47.73684210526316,109.72128432495734
15,3,108,6,13.277777777777779,13.868311554024057
15,3,108,7,21.166666666666668,24.086242106719958
15,3,108,0,44.95,109.00240219467884
15,3,108,1,10.368421052631579,10.28596955034591
15,3,108,2,23.105263157894736,29.59146787099677
15,3,108,3,27.42105263157895,45.622016845516946
15,3,108,4,18.0,34.61213659975357
15,3,108,5,13.222222222222221,14.598773339104076
15,3,108,6,14.722222222222221,11.836163704589001
15,3,108,7,44.388888888888886,41.92169014454407
15,3,108,0,25.55,32.076348066186675
15,3,108,1,20.3,31.820384065960976
15,3,108,2,23.25,21.598915664790603
15,3,108,3,19.35,16.32652024032968
15,3,108,4,41.8,64.3654042413927
15,3,108,5,36.21052631578947,51.37506847507565
15,3,108,6,10.421052631578947,8.146681597597366
15,3,108,7,17.11111111111111,12.290067194038725
15,8,108,0,26.8,41.02964268607964
15,8,108,1,31.15,48.870694049113986
15,8,108,2,25.1,22.837872515902866
15,8,108,3,21.5,29.706458627889766
15,8,108,4,38.75,107.93071608066079
15,8,108,5,51.421052631578945,101.15901442200003
15,8,108,6,22.555555555555557,17.654268679681383
15,8,108,7,15.058823529411764,16.757351327981752
15,8,108,0,23.05,22.0704017085994
15,8,108,1,16.55,17.370498280887507
15,8,108,2,13.4,12.321995737191621
15,8,108,3,12.45,13.979213892513112
15,8,108,4,31.2,42.47302549544643
15,8,108,5,17.15,23.56240314792324
15,8,108,6,17.55,30.853601683468096
15,8,108,7,17.8,16.83229977719841
15,8,108,0,27.55,41.327288041221685
15,8,108,1,25.05,40.15296410373448
15,8,108,2,22.9,28.033626424819104
15,8,108,3,28.842105263157894,28.87379272684398
15,8,108,4,15.631578947368421,14.252526194467302
15,8,108,5,15.473684210526315,16.153322400094773
15,8,108,6,19.105263157894736,21.81460962250886
15,8,108,7,27.57894736842105,25.84207548741153
15,8,108,0,42.25,54.76060339523778
15,8,108,1,25.7,30.57363845571954
15,8,108,2,21.75,22.666634416901722
15,8,108,3,27.9,28.975307091601834
15,8,108,4,23.75,28.209507542484214
15,8,108,5,38.0,98.62475401877134
15,8,108,6,18.210526315789473,19.65417384953136
15,8,108,7,26.72222222222222,25.632712453277712
15,8,108,0,22.15,16.582409830584748
15,8,108,1,18.95,15.537645286613785
15,8,108,2,26.6,29.679693571974692
15,8,108,3,24.95,29.9481569593716
15,8,108,4,18.45,15.779650453069378
15,8,108,5,12.95,11.798639529066142
15,8,108,6,20.0,25.49096847285741
15,8,108,7,18.9,11.47491543369825
15,0,108,0,18.95,19.693640437567925
15,0,108,1,33.2,25.19105939979918
15,0,108,2,26.15,22.031735483639334
15,0,108,3,21.45,31.490140478702553
15,0,108,4,19.55,16.57669575353494
15,0,108,5,14.5,14.652106009933037
15,0,108,6,23.85,30.999617994250727
15,0,108,7,28.2,32.9251143945581
15,0,108,0,35.1,42.9564038483082
15,0,108,1,27.6,37.12198951111265
15,0,108,2,16.5,14.723772399905213
15,0,108,3,19.5,23.020585753213417
15,0,108,4,16.2,14.845165791206949
15,0,108,5,19.65,21.17663807123312
15,0,108,6,16.85,14.383012641014362
15,0,108,7,46.8,57.85426336471396
15,0,108,0,24.25,27.53347245196577
15,0,108,1,31.75,37.712032143880194
15,0,108,2,54.3,106.56112651530354
15,0,108,3,20.789473684210527,19.803419871236667
15,0,108,4,23.31578947368421,23.69025264059965
15,0,108,5,17.894736842105264,20.160177294309978
15,0,108,6,22.157894736842106,30.48544854679713
15,0,108,7,27.63157894736842,33.2435633307258
15,0,108,0,41.5,43.95272580014985
15,0,108,1,22.95,25.398870675267187
15,0,108,2,22.0,26.10101833060804
15,0,108,3,33.7,38.44353343747027
15,0,108,4,29.95,33.78800004984641
15,0,108,5,24.68421052631579,31.937530398470333
15,0,108,6,16.894736842105264,18.52294294124663
15,0,108,7,16.57894736842105,18.385730546249672
15,0,108,0,43.55,34.90811246385965
15,0,108,1,18.4,21.480468484551018
15,0,108,2,28.9,34.46569614161762
15,0,108,3,10.1,11.082940897946196
15,0,108,4,16.3,14.56780877934561
15,0,108,5,19.65,26.004604855375334
15,0,108,6,38.2,102.89984911246674
15,0,108,7,17.526315789473685,11.359618641156692
15,11,108,0,34.5,48.85693400122444
15,11,108,1,19.8,21.19980138933779
15,11,108,2,21.45,27.415852118225708
15,11,108,3,16.9,13.928010399343135
15,11,108,4,12.2,9.087875091802843
15,11,108,5,15.8,20.569778547025834
15,11,108,6,23.42105263157895,34.504936505880636
15,11,108,7,24.842105263157894,24.03530541584085
15,11,108,0,29.15,29.417637029867862
15,11,108,1,30.6,33.011002950372074
15,11,108,2,25.0,39.99605243678826
15,11,108,3,21.85,17.880524541934918
15,11,108,4,15.0,19.681677292665672
15,11,108,5,24.35,28.549633604432973
15,11,108,6,16.4,24.314604664686613
15,11,108,7,26.15,33.066559670172104
15,11,108,0,27.7,38.90623005178098
15,11,108,1,16.45,17.07714693291655
15,11,108,2,15.3,13.981566812282368
15,11,108,3,24.45,34.19829943448251
15,11,108,4,15.4,9.85366616250547
15,11,108,5,26.25,26.865895030493096
15,11,108,6,12.15,13.51519612568717
15,11,108,7,18.6,14.908139775939429
15,11,108,0,36.9,55.79369894625434
15,11,108,1,18.1,15.088859606031406
15,11,108,2,22.8,20.56466054078926
15,11,108,3,23.8,32.90112780021858
15,11,108,4,13.15,14.335362973393712
15,11,108,5,27.15,31.964248120278643
15,11,108,6,24.25,39.68941924493227
15,11,108,7,39.85,40.08842200620235
15,11,108,0,24.7,29.861258125573098
15,11,108,1,24.4,31.886971436127656
15,11,108,2,22.2,27.122723042923955
15,11,108,3,22.15,20.94924945270305
15,11,108,4,19.4,17.658753606848034
15,11,108,5,30.45,40.526112439681214
15,11,108,6,14.95,9.075560008819522
15,11,108,7,21.65,16.365158754275242
15,16,108,0,25.05,24.97045622752068
15,16,108,1,30.05,21.673352544687585
15,16,108,2,21.8,18.40366096302867
15,16,108,3,15.05,12.283814768350991
15,16,108,4,18.45,30.34793845421881
15,16,108,5,10.2,8.082469659050611
15,16,108,6,20.0,31.45590062628197
15,16,108,7,29.1,26.375626707445768
15,16,108,0,20.15,15.469069308240813
15,16,108,1,29.3,45.320031588227025
15,16,108,2,20.2,30.083392865762157
15,16,108,3,24.9,38.04969050292553
15,16,108,4,12.0,7.433919416750281
15,16,108,5,19.75,24.857223878530128
15,16,108,6,22.1,47.73159606757241
15,16,108,7,18.65,19.164866429567358
15,16,108,0,21.65,19.778443874715297
15,16,108,1,16.4,14.262206221892512
15,16,108,2,25.5,36.50162217015337
15,16,108,3,17.5,12.667820815378086
15,16,108,4,14.15,14.539510597714512
15,16,108,5,15.7,13.630847369110988
15,16,108,6,21.95,27.00579859761116
15,16,108,7,19.45,23.070772122228362
15,16,108,0,19.4,17.361178713318672
15,16,108,1,14.35,15.280792897587068
15,16,108,2,12.3,9.7013292632342
15,16,108,3,21.1,33.29596150633856
15,16,108,4,15.35,15.177112269536165
15,16,108,5,16.2,16.42398759196599
15,16,108,6,14.9,15.127180138656655
15,16,108,7,21.95,20.618017159245635
15,16,108,0,20.15,17.233000777272473
15,16,108,1,22.6,22.556128820531708
15,16,108,2,24.0,26.070753930914922
15,16,108,3,16.6,10.8744025849215
15,16,108,4,17.95,20.71987350093472
15,16,108,5,14.05,13.45743777912227
15,16,108,6,14.5,21.585814055093053
15,16,108,7,20.1,18.44736466701666
15,13,108,0,22.7,25.377362477526887
15,13,108,1,18.65,18.16380148015625
15,13,108,2,14.25,15.790986769606729
15,13,108,3,42.35,111.07004665146178
15,13,108,4,21.0,18.393839548428527
15,13,108,5,12.263157894736842,7.957121934071654
15,13,108,6,22.473684210526315,33.698612600937594
15,13,108,7,15.789473684210526,21.780671725608315
15,13,108,0,49.05,70.89167050767263
15,13,108,1,26.85,34.74004969241666
15,13,108,2,19.5,23.500279953539636
15,13,108,3,29.1,34.39384889926196
15,13,108,4,34.5,39.404114131982666
15,13,108,5,32.4,46.91919144993645
15,13,108,6,32.73684210526316,38.36787154966329
15,13,108,7,16.0,12.718097341976904
15,13,108,0,22.65,29.388997225062592
15,13,108,1,32.15,36.28726759448394
15,13,108,2,26.3,35.83309261445054
15,13,108,3,27.1,26.082662117926056
15,13,108,4,17.75,20.748810999542524
15,13,108,5,18.25,20.580714017586565
15,13,108,6,16.0,13.894338112301263
15,13,108,7,28.2,21.244441997601953
15,13,108,0,25.25,27.7941209232229
15,13,108,1,20.6,20.220885503021766
15,13,108,2,28.15,36.671048382527665
15,13,108,3,21.7,22.822196028843223
15,13,108,4,26.75,39.727857122917506
15,13,108,5,19.9,19.689430774162222
15,13,108,6,19.3,16.727223320085137
15,13,108,7,30.6,32.27415456106603
15,13,108,0,16.75,15.433644042190831
15,13,108,1,31.35,45.12121102331504
15,13,108,2,40.55,108.46657258538711
15,13,108,3,52.36842105263158,107.39657067063578
15,13,108,4,18.88888888888889,14.827989784382495
15,13,108,5,16.88888888888889,13.783574576450592
15,13,108,6,20.0,28.6869513275738
15,13,108,7,11.444444444444445,11.587123797927452
15,23,108,0,22.9,22.503566968722748
15,23,108,1,49.4,111.3937539588851
15,23,108,2,27.05263157894737,38.5551173778967
15,23,108,3,32.0,35.84689665786984
15,23,108,4,23.68421052631579,32.98830202019253
15,23,108,5,28.94736842105263,30.837339711262974
15,23,108,6,22.57894736842105,35.68273125675108
15,23,108,7,21.27777777777778,18.412928819512075
15,23,108,0,19.85,12.376867216919763
15,23,108,1,13.9,14.613980328871104
15,23,108,2,20.0,21.14859706682069
15,23,108,3,21.9,29.143745379357853
15,23,108,4,15.85,15.901919778177065
15,23,108,5,16.45,19.386579731458834
15,23,108,6,14.05,13.31194556542514
15,23,108,7,10.85,14.822724374916268
15,23,108,0,21.5,23.430749027719965
15,23,108,1,28.5,47.972031325280405
15,23,108,2,14.85,15.194441504431117
15,23,108,3,25.3,31.114559123884174
15,23,108,4,75.35,144.39721348820376
15,23,108,5,28.77777777777778,19.567546828585563
15,23,108,6,26.22222222222222,31.722242253579292
15,23,108,7,19.166666666666668,19.521481380625744
15,23,108,0,35.15,24.415859815421527
15,23,108,1,20.95,20.765545856943948
15,23,108,2,28.25,31.791880790707026
15,23,108,3,21.35,27.40010564712633
15,23,108,4,22.9,24.332996873424886
15,23,108,5,20.9,24.220261200729833
15,23,108,6,20.55,21.127370623759223
15,23,108,7,21.3,16.99566508198333
15,23,108,0,29.25,29.59885310722626
15,23,108,1,22.85,26.545442665659003
15,23,108,2,25.6,33.25562872816064
15,23,108,3,19.3,19.48575728172003
15,23,108,4,22.75,18.39872707267372
15,23,108,5,30.05,26.136232161100562
15,23,108,6,28.6,29.826515931827828
15,23,108,7,30.8,36.082653654309325
15,0,108,0,21.9,21.579473677792198
15,0,108,1,24.95,19.677598805160198
15,0,108,2,28.65,27.49406634549583
15,0,108,3,22.3,21.12643641955438
15,0,108,4,29.15,28.88320400655389
15,0,108,5,22.9,28.23566240729881
15,0,108,6,22.25,32.77173846632587
15,0,108,7,19.35,21.246114195801844
15,0,108,0,48.9,109.64627336648472
15,0,108,1,34.63157894736842,31.42046489209044
15,0,108,2,28.157894736842106,45.696174357129635
15,0,108,3,16.473684210526315,15.752842498534216
15,0,108,4,21.105263157894736,16.865134109695415
15,0,108,5,24.68421052631579,23.46404490936658
15,0,108,6,46.21052631578947,107.51153888840047
15,0,108,7,25.72222222222222,39.41603966669579
15,0,108,0,43.15,36.00771116244262
15,0,108,1,36.0,38.782795968804194
15,0,108,2,25.3,25.809219079113653
15,0,108,3,25.3,28.888351322033994
15,0,108,4,22.15,24.20151147954889
15,0,108,5,12.8,18.34350594969009
15,0,108,6,19.3,16.673647660778656
15,0,108,7,36.2,41.96188746946448
15,0,108,0,23.95,25.954362781012765
15,0,108,1,21.15,22.129463569972426
15,0,108,2,27.4,22.238894330713286
15,0,108,3,21.05,15.527479884995742
15,0,108,4,17.95,20.8944087207433
15,0,108,5,20.45,18.6560981987124
15,0,108,6,27.35,33.7767827454241
15,0,108,7,31.7,25.77657034881422
15,0,108,0,25.7,20.28507358937393
15,0,108,1,35.35,45.81458627761986
15,0,108,2,21.25,30.407538885161877
15,0,108,3,19.7,25.36284061793013
15,0,108,4,20.65,23.624864243553144
15,0,108,5,21.75,17.982081724814144
15,0,108,6,20.4,23.89758851520599
15,0,108,7,43.73684210526316,47.52407823089162
15,2,108,0,22.85,14.636921591790076
15,2,108,1,28.55,24.27360489784824
15,2,108,2,68.35,112.5322293015603
15,2,108,3,19.789473684210527,23.126653568191788
15,2,108,4,18.789473684210527,19.08338121498628
15,2,108,5,35.10526315789474,37.12575436845561
15,2,108,6,19.0,17.220788470785987
15,2,108,7,34.05263157894737,41.49092763512756
15,2,108,0,39.25,26.987082680033193
15,2,108,1,20.35,21.955157648452925
15,2,108,2,35.7,63.387778998130145
15,2,108,3,31.75,48.0371292801067
15,2,108,4,27.6,26.861045948988735
15,2,108,5,25.736842105263158,39.136289078130766
15,2,108,6,55.68421052631579,108.8995728139662
15,2,108,7,27.58823529411765,28.218032407330888
15,2,108,0,26.75,21.056003019516663
15,2,108,1,20.7,15.868207208125307
15,2,108,2,17.4,16.017753308520877
15,2,108,3,31.4,34.70689299048003
15,2,108,4,21.45,23.40372215110912
15,2,108,5,17.15,19.23340022488292
15,2,108,6,22.45,26.80627381396888
15,2,108,7,17.1,13.783666917196255
15,2,108,0,25.05,21.219343211225684
15,2,108,1,25.45,28.158339888266816
15,2,108,2,39.5,59.31406152622531
15,2,108,3,22.7,24.542337211224883
15,2,108,4,34.6,33.163708763456604
15,2,108,5,29.05263157894737,27.621396062976906
15,2,108,6,21.157894736842106,20.40496442289021
15,2,108,7,30.526315789473685,35.20001329080026
15,2,108,0,55.65,72.28982238913463
15,2,108,1,26.55,49.28699518875991
15,2,108,2,32.2,49.69761193034277
15,2,108,3,18.444444444444443,16.539514973407037
15,2,108,4,15.777777777777779,18.3417093165712
15,2,108,5,16.055555555555557,15.641093019660525
15,2,108,6,21.22222222222222,21.095178025978175
15,2,108,7,31.333333333333332,33.783044824986675
15,15,108,0,27.05,28.645703269242205
15,15,108,1,17.9,19.705462774517496
15,15,108,2,19.35,27.26531438331589
15,15,108,3,26.45,46.94282636749114
15,15,108,4,26.9,37.56944447146826
15,15,108,5,22.263157894736842,31.074895378858763
15,15,108,6,26.736842105263158,47.575486341022255
15,15,108,7,19.05263157894737,18.176522354737738
15,15,108,0,27.65,37.438054099229596
15,15,108,1,16.55,17.509320826047873
15,15,108,2,16.7,22.957856125839296
15,15,108,3,20.3,36.89686907270617
15,15,108,4,24.7,32.957867841102505
15,15,108,5,22.15,23.46615704191441
15,15,108,6,17.894736842105264,19.162737965014017
15,15,108,7,40.578947368421055,48.142515040096995
15,15,108,0,21.55,29.065217048996264
15,15,108,1,26.15,25.217527321498558
15,15,108,2,21.65,21.44092250568377
15,15,108,3,15.45,19.31041442494588
15,15,108,4,30.9,38.80708020045067
15,15,108,5,17.2,17.89913258703955
15,15,108,6,17.9,13.478638069572396
15,15,108,7,20.6,20.319552419438665
15,15,108,0,40.05,31.238429436900486
15,15,108,1,22.5,23.313650846434875
15,15,108,2,14.2,16.324344107078723
15,15,108,3,23.2,28.220186876922362
15,15,108,4,22.65,38.286008162939
15,15,108,5,23.95,30.959183655768108
15,15,108,6,16.7,14.45537598047322
15,15,108,7,19.6,19.252887684981864
15,15,108,0,19.3,14.907080620684217
15,15,108,1,29.05,57.875979018660416
15,15,108,2,21.25,16.114312043384874
15,15,108,3,21.45,22.347671490619142
15,15,108,4,24.2,32.06014085400979
15,15,108,5,23.85,16.138463371709214
15,15,108,6,25.5,21.83309896753816
15,15,108,7,34.55,24.02296050820854
16,37,108,0,24.7,26.558971127820843
16,37,108,1,30.6,24.87738351447587
16,37,108,2,38.7,75.16655191184302
16,37,108,3,28.157894736842106,40.85375429218326
16,37,108,4,17.68421052631579,18.944517329351658
16,37,108,5,30.0,26.940263134902334
16,37,108,6,22.68421052631579,22.913006087225142
16,37,108,7,23.36842105263158,31.522849783601927
16,37,108,8,11.473684210526315,11.001860555038617
16,37,108,0,19.0,14.721984992020033
16,37,108,1,18.0,14.635932710824735
16,37,108,2,8.55,10.184999289460741
16,37,108,3,20.35,27.87051828498502
16,37,108,4,11.25,6.734631627483031
16,37,108,5,16.5,21.849966879416066
16,37,108,6,12.75,13.226269713200157
16,37,108,7,15.75,16.058691694760455
16,37,108,8,14.9,19.278840323279987
16,37,108,0,23.75,25.776110931186693
16,37,108,1,20.0,22.211898186616814
16,37,108,2,41.75,108.43230971197507
16,37,108,3,20.68421052631579,20.355323168315202
16,37,108,4,22.36842105263158,25.889102225358986
16,37,108,5,19.894736842105264,31.6770066221228
16,37,108,6,17.736842105263158,21.162971082275753
16,37,108,7,16.894736842105264,15.209261567443063
16,37,108,8,14.578947368421053,16.28331043831104
16,37,108,0,30.1,22.659725459385797
16,37,108,1,30.85,37.301439227207474
16,37,108,2,13.9,12.556818235943624
16,37,108,3,26.75,23.25799240102885
16,37,108,4,24.55,27.017489462237332
16,37,108,5,22.95,19.961739719562996
16,37,108,6,18.95,15.062938135143417
16,37,108,7,26.0,42.35315187426091
16,37,108,8,19.31578947368421,22.85960199803951
16,37,108,0,33.4,33.68335525229978
16,37,108,1,24.0,23.265063032253682
16,37,108,2,22.45,24.455060825931305
16,37,108,3,19.1,27.397464346752585
16,37,108,4,15.25,19.03148361061356
16,37,108,5,15.1,18.710818711165615
16,37,108,6,20.8,20.610676844781203
16,37,108,7,20.2,22.814123049688227
16,37,108,8,12.75,12.920302261414621
16,33,108,0,25.05,19.288597668052493
16,33,108,1,23.7,26.52526104837067
16,33,108,2,12.7,9.586723275337343
16,33,108,3,24.1,24.47533667313195
16,33,108,4,15.7,14.977527025162518
16,33,108,5,28.25,35.619147718755514
16,33,108,6,14.55,9.965598722341616
16,33,108,7,13.3,15.08257970396032
16,33,108,8,18.15,19.59665653545066
16,33,108,0,17.8,17.539729338366595
16,33,108,1,25.4,45.99130352577539
16,33,108,2,15.95,17.015395505556913
16,33,108,3,26.15,48.85776886992864
16,33,108,4,21.6,19.572806054373125
16,33,108,5,14.473684210526315,16.21511099442133
16,33,108,6,40.578947368421055,108.78792610164548
16,33,108,7,21.166666666666668,22.698147112769824
16,33,108,8,19.5,21.904203195895047
16,33,108,0,27.5,45.07946200584964
16,33,108,1,18.8,30.09213920786063
16,33,108,2,20.1,24.276694477149107
16,33,108,3,20.1,18.538438019707225
16,33,108,4,12.4,15.812719730114676
16,33,108,5,12.85,11.581632463790058
16,33,108,6,11.8,11.963101164567833
16,33,108,7,12.65,10.902800219740751
16,33,108,8,17.526315789473685,16.21511099442133
16,33,108,0,19.05,16.649561397731834
16,33,108,1,24.5,32.77916539832163
16,33,108,2,25.1,29.56687335515881
16,33,108,3,17.0,16.179909569716713
16,33,108,4,15.7,15.079089739384836
16,33,108,5,14.9,15.837663304520918
16,33,108,6,12.45,9.632592699022581
16,33,108,7,19.3,34.102168475579994
16,33,108,8,16.45,20.770614363870695
16,33,108,0,28.15,33.561059828946185
16,33,108,1,27.6,28.48157299026864
16,33,108,2,24.0,50.61308339279791
16,33,108,3,21.85,29.716688559584973
16,33,108,4,18.6,20.171371062134465
16,33,108,5,19.0,20.989415321908222
16,33,108,6,26.42105263157895,55.51207655343884
16,33,108,7,21.842105263157894,35.90924232298039
16,33,108,8,25.894736842105264,35.51821870039548
16,35,108,0,53.95,70.15057114221484
16,35,108,1,16.85,15.858834496234184
16,35,108,2,30.75,34.55259149394396
16,35,108,3,43.3,58.84869090347407
16,35,108,4,17.27777777777778,21.403148629158046
16,35,108,5,16.11111111111111,19.487217194533653
16,35,108,6,25.22222222222222,21.602166436985943
16,35,108,7,19.41176470588235,27.980034898855585
16,35,108,8,20.529411764705884,18.8285609084272
16,35,108,0,27.45,25.55381318748833
16,35,108,1,11.65,9.620564596628139
16,35,108,2,25.45,31.179404470866583
16,35,108,3,18.9,19.25425448542409
16,35,108,4,19.5,15.038546962284693
16,35,108,5,24.8,26.855559063843355
16,35,108,6,23.85,32.884606861281654
16,35,108,7,23.4,19.754812871271326
16,35,108,8,11.45,10.966336047914519
16,35,108,0,43.0,52.667777025825814
16,35,108,1,15.25,16.792463848562043
16,35,108,2,22.15,28.52565788715024
16,35,108,3,20.2,17.69507811437079
16,35,108,4,44.9,107.06018966229378
16,35,108,5,19.526315789473685,16.810606509822012
16,35,108,6,16.31578947368421,22.607895945096868
16,35,108,7,23.842105263157894,20.731787610909475
16,35,108,8,20.526315789473685,30.84435554531571
16,35,108,0,19.05,23.041096008288278
16,35,108,1,13.6,14.648154185856715
16,35,108,2,24.5,34.39629723034
16,35,108,3,17.7,20.274692547477432
16,35,108,4,25.8,30.636407649791618
16,35,108,5,19.6,21.592883818030128
16,35,108,6,14.6,14.210448342866002
16,35,108,7,17.0,20.470775060533185
16,35,108,8,34.55,40.56375748192753
16,35,108,0,25.0,29.232282083160623
16,35,108,1,24.25,26.836493221377722
16,35,108,2,26.75,23.375369403216755
16,35,108,3,17.0,14.596322536137222
16,35,108,4,38.65,108.24498286659512
16,35,108,5,18.105263157894736,17.113655161374968
16,35,108,6,19.94736842105263,32.65386430119978
16,35,108,7,18.789473684210527,18.04801911989365
16,35,108,8,18.526315789473685,23.47899397109546
16,35,108,0,22.7,24.17501973003059
16,35,108,1,18.5,18.664630214730526
16,35,108,2,19.7,28.804422175112375
16,35,108,3,20.6,27.761010143914547
16,35,108,4,23.1,22.608568473502533
16,35,108,5,27.25,36.963531102682104
16,35,108,6,11.9,11.49324744543966
16,35,108,7,19.05,27.755464137241233
16,35,108,8,44.75,105.70160333395336
16,35,108,0,27.8,28.472701607717266
16,35,108,1,26.9,31.373639622426577
16,35,108,2,27.25,31.68741241034297
16,35,108,3,21.4,19.96154197187023
16,35,108,4,18.4,16.794109242920804
16,35,108,5,26.6,30.768062730866347
16,35,108,6,23.85,18.95500211720267
16,35,108,7,8.75,8.723078886675157
16,35,108,8,12.25,14.667812953610543
16,35,108,0,23.75,18.898273382563428
16,35,108,1,14.0,13.692102987142855
16,35,108,2,22.4,37.10213499318646
16,35,108,3,19.6,17.724202899455104
16,35,108,4,11.15,7.706968821855491
16,35,108,5,11.65,16.693128116557105
16,35,108,6,13.85,12.970716005071214
16,35,108,7,11.8,15.11569417943866
16,35,108,8,10.0,13.396778874435688
16,35,108,0,34.85,32.10390204189811
16,35,108,1,12.85,9.320464185413671
16,35,108,2,21.55,18.79382597388946
16,35,108,3,23.5,20.55672511292645
16,35,108,4,14.25,23.07168462810957
16,35,108,5,22.65,25.221701182242168
16,35,108,6,17.95,25.023094595950656
16,35,108,7,15.95,17.312833694294987
16,35,108,8,15.0,14.352700094407325
16,35,108,0,25.4,33.7707441122451
16,35,108,1,22.25,21.698593211736586
16,35,108,2,26.65,40.85181822919977
16,35,108,3,17.25,20.42154435110652
16,35,108,4,26.55,26.12011727224419
16,35,108,5,18.4,17.303483068902327
16,35,108,6,20.5,26.067725558427103
16,35,108,7,20.6,24.530110390894567
16,35,108,8,19.2,23.33418544809987
16,40,108,0,16.7,14.779430941256447
16,40,108,1,19.1,13.710925340188039
16,40,108,2,16.2,17.801833140378964
16,40,108,3,8.95,11.472965935991489
16,40,108,4,13.75,16.676093825088593
16,40,108,5,8.25,7.144191604668126
16,40,108,6,17.9,17.900014701552326
16,40,108,7,12.25,8.943536331075263
16,40,108,8,19.05,26.849433984036946
16,40,108,0,23.75,18.069675091011923
16,40,108,1,21.6,27.74583894834266
16,40,108,2,14.5,13.793591189198585
16,40,108,3,25.8,30.526261342964148
16,40,108,4,24.3,36.91683398639363
16,40,108,5,14.4,14.55805076599416
16,40,108,6,22.2,37.43429331227549
16,40,108,7,67.6,144.7820140036302
16,40,108,8,20.61111111111111,24.82204638880736
16,40,108,0,30.4,49.816928004338784
16,40,108,1,22.8,22.621833887221715
16,40,108,2,21.9,28.697881821706485
16,40,108,3,35.35,49.704680495481455
16,40,108,4,25.75,23.40237279917528
16,40,108,5,20.5,20.15335939085199
16,40,108,6,17.25,16.606514257648225
16,40,108,7,19.55,23.41945884583115
16,40,108,8,21.25,22.522211259110414
16,40,108,0,19.75,23.17184089636203
16,40,108,1,13.4,11.43125908246884
16,40,108,2,20.9,29.721337364540684
16,40,108,3,18.4,12.679863854490751
16,40,108,4,12.15,12.491154765209702
16,40,108,5,16.6,16.024323616565567
16,40,108,6,21.1,20.814721510963036
16,40,108,7,21.85,15.322068707380351
16,40,108,8,17.65,24.418015351051988
16,40,108,0,25.3,20.759525397678104
16,40,108,1,21.2,17.059030638221785
16,40,108,2,17.05,18.219350615269068
16,40,108,3,20.5,22.089530742436622
16,40,108,4,17.4,16.310797198885098
16,40,108,5,20.95,16.990632093814767
16,40,108,6,32.75,37.25145705380635
16,40,108,7,15.15,17.014776859510892
16,40,108,8,22.9,27.801741709922833
16,28,108,0,29.65,22.949085522429634
16,28,108,1,30.8,41.534513232656096
16,28,108,2,32.3,38.26514148192293
16,28,108,3,26.65,23.88189140001489
16,28,108,4,20.35,26.995662419612604
16,28,108,5,17.6,16.809771594302866
16,28,108,6,18.45,17.355341965424998
16,28,108,7,19.42105263157895,14.897113029315014
16,28,108,8,24.05263157894737,27.759830459397673
16,28,108,0,28.1,35.81957712289689
16,28,108,1,17.65,25.1987363927137
16,28,108,2,21.7,26.62230959967697
16,28,108,3,19.65,30.709633324860274
16,28,108,4,28.75,36.254763752324216
16,28,108,5,42.3,106.45142208142592
16,28,108,6,19.57894736842105,21.326342056177285
16,28,108,7,20.31578947368421,17.08167514417114
16,28,108,8,23.77777777777778,33.611194835956866
16,28,108,0,30.6,28.74644142736353
16,28,108,1,18.4,26.446370758873314
16,28,108,2,15.9,20.950819604618413
16,28,108,3,22.8,21.741544030774477
16,28,108,4,17.1,18.413096026012514
16,28,108,5,20.5,18.53730236435087
16,28,108,6,42.85,106.19112610363398
16,28,108,7,19.157894736842106,17.56658177681809
16,28,108,8,17.789473684210527,19.329249417422698
16,28,108,0,41.9,36.62024174228179
16,28,108,1,27.9,43.53933490776502
16,28,108,2,31.7,27.802120328076455
16,28,108,3,22.2,25.397057434194803
16,28,108,4,19.157894736842106,19.785693927950224
16,28,108,5,22.94736842105263,14.04150072784453
16,28,108,6,15.578947368421053,17.76799804102772
16,28,108,7,23.894736842105264,24.986429065132548
16,28,108,8,25.0,46.818799642878496
16,28,108,0,30.55,24.95358849839775
16,28,108,1,24.85,30.432453245282673
16,28,108,2,26.55,28.27398841784851
16,28,108,3,26.8,38.73744278710471
16,28,108,4,14.45,14.402028365915394
16,28,108,5,19.05,15.789653507747941
16,28,108,6,18.65,20.295903138577653
16,28,108,7,25.65,25.598673896574365
16,28,108,8,23.526315789473685,17.667825185450127
16,45,108,0,17.55,12.163253546732685
16,45,108,1,31.55,40.49233195764874
16,45,108,2,23.5,24.362395526496847
16,45,108,3,15.9,16.647743643540785
16,45,108,4,18.1,22.837872515902863
16,45,108,5,25.1,35.13867265264119
16,45,108,6,22.35,21.933571960521352
16,45,108,7,39.10526315789474,107.03732201477
16,45,108,8,21.055555555555557,18.925464396267245
16,45,108,0,41.05,61.93330453420288
16,45,108,1,30.5,48.97851301174941
16,45,108,2,23.85,25.448141282554253
16,45,108,3,18.5,13.881073824683586
16,45,108,4,16.45,15.177805818815978
16,45,108,5,12.9,9.770524954921145
16,45,108,6,34.35,27.332793105487198
16,45,108,7,18.105263157894736,19.790274650955045
16,45,108,8,29.473684210526315,38.710274864910986
16,45,108,0,19.1,12.24701897133382
16,45,108,1,25.35,26.366396077303836
16,45,108,2,38.7,59.841984909382276
16,45,108,3,35.75,39.36987226427416
16,45,108,4,15.05,18.146987570799098
16,45,108,5,15.25,15.13057204887891
16,45,108,6,20.15,26.62660916807609
16,45,108,7,18.95,27.549906867738272
16,45,108,8,16.0,13.17493633261357
16,45,108,0,25.2,20.521105951524255
16,45,108,1,17.95,16.965832537314828
16,45,108,2,23.0,18.396223868815547
16,45,108,3,28.25,23.962415746770038
16,45,108,4,33.6,42.1156303026498
16,45,108,5,26.0,28.315887301728875
16,45,108,6,27.4,32.60351934506782
16,45,108,7,16.55,13.624571456321885
16,45,108,8,18.25,16.19900906650904
16,45,108,0,24.5,27.74413166969302
16,45,108,1,17.4,14.98911886037756
16,45,108,2,12.65,9.932800527333137
16,45,108,3,27.45,28.294457333362544
16,45,108,4,19.6,26.764863062172427
16,45,108,5,23.7,34.39721530956585
16,45,108,6,23.6,26.786485201938763
16,45,108,7,10.85,11.075221276154688
16,45,108,8,18.45,26.196574705785284
16,44,108,0,42.35,57.42205242990847
16,44,108,1,23.1,20.393239333816386
16,44,108,2,42.25,48.20337944038451
16,44,108,3,27.75,26.259584716321854
16,44,108,4,33.3,51.6762186982307
16,44,108,5,19.5,19.091193891701124
16,44,108,6,16.210526315789473,14.581491111711989
16,44,108,7,29.57894736842105,35.76825996680061
16,44,108,8,20.88888888888889,29.565259599120704
16,44,108,0,24.75,34.52668685615748
16,44,108,1,15.65,18.66963478908719
16,44,108,2,21.3,21.935551532902732
16,44,108,3,16.1,12.173742234826562
16,44,108,4,23.9,28.763829625709473
16,44,108,5,9.2,6.925163877977337
16,44,108,6,17.05,14.431234400278775
16,44,108,7,18.6,22.012914869517658
16,44,108,8,20.75,24.254950661235068
16,44,108,0,29.0,24.764150659668037
16,44,108,1,20.9,15.80106592007407
16,44,108,2,24.75,22.5758953893656
16,44,108,3,19.15,20.599629531671322
16,44,108,4,15.55,17.086390398270353
16,44,108,5,25.6,32.089348946176415
16,44,108,6,18.1,17.15225932639779
16,44,108,7,19.65,24.387820515037504
16,44,108,8,23.2,23.370246491054207
16,44,108,0,26.55,25.709869086034892
16,44,108,1,22.7,25.590088541834852
16,44,108,2,17.8,13.020631401942964
16,44,108,3,16.95,27.65668283187913
16,44,108,4,13.2,14.930012162014295
16,44,108,5,20.65,16.812511005670434
16,44,108,6,18.1,17.24406839283706
16,44,108,7,17.1,23.799380796898678
16,44,108,8,17.35,16.232764138585498
16,44,108,0,29.7,32.64820459317625
16,44,108,1,22.2,26.67464792842191
16,44,108,2,20.95,49.1522607500622
16,44,108,3,22.8,25.793920132261277
16,44,108,4,20.55,29.738288274103546
16,44,108,5,16.35,34.205685892383755
16,44,108,6,13.31578947368421,11.571289333609512
16,44,108,7,28.789473684210527,35.580236317009884
16,44,108,8,37.26315789473684,105.25093934933848
16,41,108,0,20.7,26.37802115398348
16,41,108,1,19.35,24.361909440332205
16,41,108,2,22.1,24.511866084559298
16,41,108,3,19.95,30.8023837081688
16,41,108,4,14.05,11.01900272495799
16,41,108,5,12.25,10.207711223435576
16,41,108,6,17.65,23.231727397994685
16,41,108,7,12.15,9.804805481309447
16,41,108,8,11.65,9.772544785210625
16,41,108,0,20.45,17.602257630321475
16,41,108,1,45.9,110.09369215641547
16,41,108,2,21.36842105263158,22.91096420279501
16,41,108,3,13.842105263157896,11.441946016957552
16,41,108,4,23.842105263157894,40.98815975090955
16,41,108,5,18.210526315789473,26.380925237266965
16,41,108,6,20.157894736842106,27.00465630198437
16,41,108,7,19.894736842105264,25.894861645684124
16,41,108,8,13.052631578947368,10.977116015757135
16,41,108,0,25.2,23.47585545776094
16,41,108,1,20.5,18.311629896699095
16,41,108,2,25.55,20.433396296517284
16,41,108,3,13.6,18.974775499677406
16,41,108,4,16.3,13.992855319769442
16,41,108,5,27.3,31.940899371050577
16,41,108,6,22.55,36.05620612321823
16,41,108,7,21.55,30.655084578684754
16,41,108,8,15.4,16.034174030554404
16,41,108,0,17.9,18.312779546995102
16,41,108,1,22.45,19.747018429173178
16,41,108,2,18.65,16.50924780715023
16,41,108,3,14.15,13.982225558863915
16,41,108,4,24.7,23.784338057682103
16,41,108,5,21.4,34.5777537244914
16,41,108,6,26.35,29.975911381605975
16,41,108,7,16.75,14.178838939920663
16,41,108,8,12.35,10.368347581893046
16,41,108,0,39.4,109.08055931765583
16,41,108,1,16.57894736842105,20.90538418014121
16,41,108,2,27.05263157894737,43.61762345684817
16,41,108,3,17.894736842105264,19.589948490778248
16,41,108,4,14.052631578947368,13.184476074411345
16,41,108,5,18.42105263157895,17.225032783305956
16,41,108,6,21.42105263157895,47.32548736554083
16,41,108,7,10.88888888888889,8.837679286068186
16,41,108,8,40.833333333333336,113.86692439241622
16,41,108,0,26.3,22.071892104045624
16,41,108,1,15.1,18.75296467789897
16,41,108,2,16.4,19.027404060017172
16,41,108,3,13.75,11.19621646619494
16,41,108,4,40.8,107.84667478952653
16,41,108,5,17.42105263157895,17.487505982760265
16,41,108,6,9.263157894736842,10.434143234077236
16,41,108,7,16.105263157894736,18.366318014966982
16,41,108,8,13.68421052631579,15.037185875832202
16,41,108,0,20.15,16.5855834671973
16,41,108,1,25.8,27.651211070841192
16,41,108,2,40.75,36.202464295302214
16,41,108,3,23.2,19.332546868456124
16,41,108,4,22.3,32.57719576959513
16,41,108,5,17.5,21.229324306871284
16,41,108,6,14.421052631578947,15.034463333265284
16,41,108,7,18.210526315789473,14.218840972332844
16,41,108,8,16.157894736842106,18.322006070099107
16,41,108,0,43.8,58.59549111448226
16,41,108,1,19.95,23.76745895679969
16,41,108,2,17.9,24.44951834634828
16,41,108,3,23.0,27.158404727973643
16,41,108,4,25.6,27.618453022724157
16,41,108,5,37.95,107.70694890351905
16,41,108,6,12.105263157894736,13.177821168927506
16,41,108,7,26.105263157894736,35.61350358258649
16,41,108,8,24.88888888888889,24.226599112858647
16,41,108,0,27.1,39.52334420114402
16,41,108,1,15.5,15.405057269406178
16,41,108,2,16.65,16.07638018958248
16,41,108,3,16.55,15.4697497683297
16,41,108,4,16.25,17.961581808199178
16,41,108,5,13.85,11.536098948404025
16,41,108,6,58.9,147.26306572360835
16,41,108,7,14.11111111111111,10.725938263573353
16,41,108,8,28.5,32.98529083947428
16,41,108,0,31.6,39.60781422104003
16,41,108,1,23.4,25.456671134756753
16,41,108,2,20.1,17.32931802345074
16,41,108,3,25.4,37.69741021399356
16,41,108,4,17.2,12.95579528932699
16,41,108,5,15.25,16.96707337602359
16,41,108,6,49.2,107.70016859684794
16,41,108,7,14.631578947368421,11.753063554834398
16,41,108,8,14.473684210526315,16.54411080533437
16,29,108,0,22.7,19.968659655095845
16,29,108,1,23.1,26.407534809914427
16,29,108,2,14.7,16.026622588023574
16,29,108,3,19.5,28.468819508552272
16,29,108,4,18.7,18.93784848558985
16,29,108,5,10.7,10.568573075023195
16,29,108,6,15.95,17.203044406212097
16,29,108,7,9.5,13.016184257745392
16,29,108,8,16.8,20.454313661631893
16,29,108,0,19.1,16.437761404765553
16,29,108,1,14.7,13.98533066052464
16,29,108,2,17.55,21.426680367685226
16,29,108,3,13.95,16.68745195143881
16,29,108,4,21.05,23.495744295510196
16,29,108,5,21.15,17.97154183116946
16,29,108,6,19.25,14.230711784543205
16,29,108,7,39.6,103.63823720290843
16,29,108,8,21.68421052631579,36.923423206503344
16,29,108,0,19.3,20.893464100174082
16,29,108,1,30.7,36.11982980667486
16,29,108,2,34.45,43.76308826781814
16,29,108,3,19.9,16.48891174475489
16,29,108,4,25.75,32.72834760329499
16,29,108,5,23.85,22.750997664648512
16,29,108,6,19.6,22.017696232086156
16,29,108,7,19.85,14.213688731937992
16,29,108,8,28.0,33.79677828169754
16,29,108,0,27.35,21.947964777963737
16,29,108,1,27.95,29.598141833567865
16,29,108,2,19.1,19.21320817617538
16,29,108,3,16.25,23.726234647038197
16,29,108,4,10.9,11.818362162775614
16,29,108,5,18.05,17.54535476085367
16,29,108,6,15.7,17.847600457912073
16,29,108,7,21.2,26.38101390653593
16,29,108,8,13.55,13.839208221951369
16,29,108,0,28.95,28.415109027639357
16,29,108,1,29.85,50.23657191623187
16,29,108,2,32.0,32.82489427569457
16,29,108,3,20.1,22.73624511886831
16,29,108,4,26.6,36.69848699018014
16,29,108,5,15.7,11.7253661148092
16,29,108,6,17.95,22.269816722238758
16,29,108,7,17.263157894736842,22.3925635107907
16,29,108,8,23.61111111111111,24.468800996824957
16,24,108,0,42.6,37.818680986768264
16,24,108,1,20.55,16.734694499751107
16,24,108,2,20.9,19.43653640359879
16,24,108,3,18.9,18.145319825755273
16,24,108,4,22.75,38.78941119755019
16,24,108,5,26.05,18.80502452453655
16,24,108,6,27.75,40.04060439104285
16,24,108,7,20.789473684210527,31.68697409796934
16,24,108,8,18.105263157894736,19.56156871930863
16,24,108,0,21.9,24.100447691845236
16,24,108,1,24.75,33.693471177662886
16,24,108,2,26.55,28.956364630795402
16,24,108,3,45.1,106.80671179383123
16,24,108,4,16.894736842105264,16.799122784115532
16,24,108,5,18.789473684210527,21.27225356961092
16,24,108,6,40.89473684210526,103.87272914316405
16,24,108,7,21.11111111111111,19.13078482719868
16,24,108,8,23.88888888888889,24.124405238359245
16,24,108,0,34.1,34.45042204309504
16,24,108,1,22.45,17.697680490302737
16,24,108,2,22.85,29.794515567378113
16,24,108,3,21.2,27.95598043541423
16,24,108,4,20.05,29.819589110798326
16,24,108,5,23.7,28.028369087126897
16,24,108,6,20.5,17.343283244074936
16,24,108,7,16.5,15.33314263802091
16,24,108,8,16.15,23.42350371562268
16,24,108,0,30.8,42.64985962832457
16,24,108,1,34.05,41.28906443727277
16,24,108,2,42.3,106.47712875246224
16,24,108,3,22.842105263157894,18.2094699352188
16,24,108,4,23.42105263157895,21.111649731509967
16,24,108,5,22.63157894736842,16.70399328941632
16,24,108,6,21.68421052631579,23.78153492751828
16,24,108,7,15.263157894736842,11.999268983581912
16,24,108,8,18.833333333333332,29.306192880967508
16,24,108,0,28.6,23.983327542274026
16,24,108,1,23.4,33.20177547567061
16,24,108,2,23.55,35.926057102712626
16,24,108,3,22.3,18.370743330804984
16,24,108,4,22.1,23.57049895637832
16,24,108,5,24.2,21.549453528301388
16,24,108,6,18.3,16.843240093346214
16,24,108,7,21.45,22.68891452020707
16,24,108,8,20.3,23.12460525978882
16,24,108,0,15.05,11.34842905891662
16,24,108,1,18.35,14.298601330200098
16,24,108,2,28.75,25.663562127121626
16,24,108,3,27.25,31.59426163753558
16,24,108,4,22.4,19.586246517175745
16,24,108,5,23.75,23.153662890850725
16,24,108,6,31.9,27.586991595010097
16,24,108,7,21.05,17.160158875476036
16,24,108,8,28.5,30.28895925302781
16,24,108,0,24.95,19.206564119153583
16,24,108,1,28.2,35.07675793696477
16,24,108,2,20.85,24.75410651737776
16,24,108,3,16.95,26.859233441269907
16,24,108,4,13.85,18.686541737444713
16,24,108,5,30.45,24.78640331862782
16,24,108,6,21.4,15.662224080822455
16,24,108,7,21.6,20.706978228810232
16,24,108,8,20.789473684210527,19.095022467672976
16,24,108,0,23.35,19.236136497967074
16,24,108,1,23.4,28.47418036341733
16,24,108,2,23.15,27.36550844825615
16,24,108,3,18.7,22.67644268027018
16,24,108,4,25.15,36.054454429522664
16,24,108,5,27.75,35.05765927274967
16,24,108,6,12.4,14.946923640528492
16,24,108,7,14.842105263157896,13.712375423903834
16,24,108,8,12.894736842105264,13.403543216636185
16,24,108,0,36.0,45.71076114232322
16,24,108,1,32.4,29.851209972832013
16,24,108,2,22.45,24.50665860107154
16,24,108,3,28.5,36.48431530339983
16,24,108,4,20.2,18.9475730983097
16,24,108,5,23.65,21.923971499611774
16,24,108,6,25.2,33.97615262751833
16,24,108,7,23.842105263157894,28.56428064305087
16,24,108,8,20.555555555555557,20.606173324636654
16,24,108,0,38.05,46.5521495913878
16,24,108,1,17.6,16.725020651391546
16,24,108,2,17.05,16.278739767594193
16,24,108,3,29.9,41.144034548733416
16,24,108,4,25.55,26.61711954046829
16,24,108,5,14.65,12.044981483894794
16,24,108,6,19.105263157894736,17.33299594813348
16,24,108,7,18.0,23.115651263447745
16,24,108,8,18.31578947368421,22.54637845168376
16,34,108,0,42.0,47.83964442747634
16,34,108,1,44.3,50.778258920007964
16,34,108,2,43.1,55.75689714239278
16,34,108,3,25.85,26.204208179523178
16,34,108,4,34.05,69.33630855627177
16,34,108,5,19.22222222222222,23.332773102518157
16,34,108,6,26.555555555555557,29.98670729471785
16,34,108,7,24.5,21.191702038631007
16,34,108,8,23.88235294117647,31.104425635553007
16,34,108,0,37.0,39.70416920968854
16,34,108,1,21.3,18.284592305804185
16,34,108,2,22.3,19.807228877091152
16,34,108,3,19.75,18.32994386530584
16,34,108,4,23.15,34.96957324062704
16,34,108,5,27.45,23.950552130763523
16,34,108,6,24.75,20.6419985772492
16,34,108,7,21.2,31.32444816164491
16,34,108,8,15.1,12.030225093050989
16,34,108,0,37.95,35.48383620155729
16,34,108,1,28.2,28.983843049097835
16,34,108,2,24.7,25.735701190942393
16,34,108,3,21.8,27.25242625606214
16,34,108,4,15.5,14.281014264436985
16,34,108,5,17.1,19.692103680623383
16,34,108,6,18.45,39.02425022038422
16,34,108,7,19.9,20.965887080031493
16,34,108,8,19.65,22.51847194965432
16,34,108,0,25.45,26.41864373585641
16,34,108,1,40.3,85.0814470468089
16,34,108,2,21.35,25.592505070615374
16,34,108,3,21.263157894736842,25.2605139942057
16,34,108,4,18.94736842105263,22.87277295585427
16,34,108,5,24.894736842105264,41.186425402393205
16,34,108,6,30.68421052631579,40.952618464077815
16,34,108,7,17.0,17.74658210672095
16,34,108,8,52.22222222222222,110.9581561594309
16,34,108,0,20.6,19.272014070039212
16,34,108,1,23.45,24.562433875630827
16,34,108,2,30.75,26.875688485673205
16,34,108,3,29.45,34.019305664500806
16,34,108,4,20.7,16.415974248466515
16,34,108,5,15.95,16.31749142226799
16,34,108,6,11.9,8.967191662710764
16,34,108,7,28.95,50.85425511358803
16,34,108,8,20.7,30.31605445790624
16,35,108,0,33.25,25.461787674453408
16,35,108,1,21.2,27.35266753083932
16,35,108,2,19.65,19.53748084822444
16,35,108,3,19.75,18.898273382563424
16,35,108,4,18.6,14.626579986629245
16,35,108,5,23.3,23.824136368066117
16,35,108,6,33.75,39.57122160039248
16,35,108,7,25.75,30.547417842464284
16,35,108,8,25.45,48.759857303016446
16,35,108,0,25.0,35.01127637896411
16,35,108,1,21.0,17.755651435380702
16,35,108,2,27.55,46.56458446411596
16,35,108,3,57.6,113.27070508996995
16,35,108,4,32.26315789473684,37.76218288367809
16,35,108,5,26.333333333333332,30.395433093495747
16,35,108,6,21.88235294117647,19.940167855804198
16,35,108,7,21.294117647058822,15.507114116923695
16,35,108,8,13.823529411764707,19.650811987414308
16,35,108,0,19.95,17.712543875071017
16,35,108,1,25.05,18.14118605766854
16,35,108,2,24.7,22.17419078212563
16,35,108,3,18.2,21.51767938965049
16,35,108,4,16.25,14.7572462129448
16,35,108,5,16.45,20.957287389756384
16,35,108,6,19.2,19.779308699536973
16,35,108,7,23.7,23.72895189203975
16,35,108,8,15.35,16.868765905006054
16,35,108,0,30.65,33.80481902737661
16,35,108,1,32.45,36.96580923815383
16,35,108,2,25.95,19.462446971161235
16,35,108,3,25.95,24.875426470821825
16,35,108,4,18.65,13.635383537346
16,35,108,5,22.2,22.486487170368736
16,35,108,6,19.15,26.23030589544127
16,35,108,7,23.45,24.401197123350972
16,35,108,8,10.2,7.237330127085613
16,35,108,0,35.1,33.29754218841796
16,35,108,1,24.5,26.867119407617142
16,35,108,2,24.25,29.291412429332645
16,35,108,3,28.35,34.80967046518448
16,35,108,4,26.0,31.803674067794844
16,35,108,5,20.85,18.72874233561037
16,35,108,6,13.6,13.570090951097294
16,35,108,7,19.473684210526315,22.743420101091584
16,35,108,8,18.31578947368421,17.829602823453623
16,37,108,0,23.05,30.97787835485867
16,37,108,1,25.9,32.11967752345167
16,37,108,2,42.65,108.6875168351429
16,37,108,3,35.31578947368421,47.32635233916717
16,37,108,4,21.0,22.103292866800537
16,37,108,5,30.555555555555557,46.088434458654305
16,37,108,6,19.72222222222222,25.983717878149037
16,37,108,7,26.666666666666668,46.012785946823904
16,37,108,8,24.22222222222222,28.405789707186262
16,37,108,0,52.9,106.97363177314699
16,37,108,1,32.8421052631579,31.563451363694433
16,37,108,2,24.526315789473685,15.514754343500938
16,37,108,3,22.789473684210527,17.328778078895304
16,37,108,4,21.842105263157894,27.631027563420915
16,37,108,5,17.210526315789473,13.754106244917962
16,37,108,6,18.473684210526315,16.557537461338438
16,37,108,7,18.105263157894736,18.87942659452378
16,37,108,8,12.105263157894736,12.525062593953619
16,37,108,0,60.05,108.13367701721401
16,37,108,1,31.842105263157894,32.49489388588568
16,37,108,2,32.94736842105263,51.39441569774172
16,37,108,3,24.842105263157894,26.202763123793595
16,37,108,4,21.842105263157894,21.657082900660512
16,37,108,5,30.473684210526315,40.28836118264958
16,37,108,6,19.842105263157894,18.56598789272331
16,37,108,7,19.57894736842105,22.869960378612337
16,37,108,8,22.666666666666668,19.96467468540666
16,37,108,0,22.75,25.453518007288668
16,37,108,1,19.3,27.051802158081816
16,37,108,2,50.65,107.43971381785768
16,37,108,3,25.105263157894736,46.13975718382636
16,37,108,4,15.631578947368421,24.98046020018177
16,37,108,5,11.944444444444445,9.830757389421894
16,37,108,6,9.277777777777779,9.766723549322407
16,37,108,7,22.555555555555557,21.791045711544328
16,37,108,8,12.722222222222221,12.919686553999473
16,37,108,0,24.95,21.71217218641727
16,37,108,1,28.5,51.17719475662861
16,37,108,2,15.55,15.38103753943386
16,37,108,3,14.1,13.198484761517134
16,37,108,4,17.2,17.578695239288653
16,37,108,5,15.2,13.900397570989796
16,37,108,6,9.75,8.025452930323752
16,37,108,7,13.65,14.195162259690708
16,37,108,8,13.75,12.677684497199255
16,43,108,0,27.5,49.32331572070363
16,43,108,1,21.15,22.59546996983897
16,43,108,2,41.35,108.29991252365618
16,43,108,3,17.526315789473685,30.161359424587967
16,43,108,4,24.57894736842105,32.010963034341295
16,43,108,5,28.22222222222222,45.69406649028188
16,43,108,6,17.0,21.755323892028333
16,43,108,7,14.722222222222221,12.708522177960441
16,43,108,8,13.777777777777779,9.47787240679453
16,43,108,0,23.05,27.444633259288455
16,43,108,1,28.75,30.844047450973335
16,43,108,2,40.7,69.80582090040161
16,43,108,3,23.3,32.667543847871876
16,43,108,4,15.85,15.496264405537088
16,43,108,5,39.55,106.38582958666115
16,43,108,6,16.57894736842105,15.122888427346311
16,43,108,7,34.22222222222222,102.7192378771638
16,43,108,8,19.41176470588235,37.05580053029723
16,43,108,0,29.55,30.15831036730218
16,43,108,1,20.3,15.512643400244778
16,43,108,2,24.3,29.209046904214997
16,43,108,3,28.55,27.46380393018763
16,43,108,4,30.9,31.98173821022504
16,43,108,5,13.4,19.650632774062334
16,43,108,6,15.2,14.770525415591404
16,43,108,7,28.9,32.035999487418756
16,43,108,8,27.7,31.338726672819433
16,43,108,0,44.2,109.76558755150138
16,43,108,1,14.368421052631579,10.547303638138409
16,43,108,2,23.842105263157894,31.8071675323778
16,43,108,3,20.05263157894737,19.409258055000816
16,43,108,4,29.157894736842106,43.621176251264245
16,43,108,5,19.36842105263158,20.347564763697534
16,43,108,6,39.94736842105263,107.79119407663984
16,43,108,7,25.22222222222222,36.77683982770159
16,43,108,8,16.5,14.337322746224688
16,43,108,0,31.45,43.52310336264854
16,43,108,1,19.9,28.719881248838206
16,43,108,2,20.3,19.38013089956336
16,43,108,3,13.25,15.078304386034086
16,43,108,4,13.4,11.231534553259081
16,43,108,5,19.05,26.09794305264205
16,43,108,6,17.3,27.195394346914885
16,43,108,7,17.0,12.456239189130967
16,43,108,8,33.1,105.29252485088239
16,38,108,0,27.05,31.17265164413056
16,38,108,1,17.8,14.114568807851658
16,38,108,2,14.2,15.028394178319498
16,38,108,3,14.45,11.142498066317746
16,38,108,4,17.35,26.917564212942718
16,38,108,5,19.15,27.32316349103622
16,38,108,6,18.3,18.00321608695747
16,38,108,7,20.3,29.445936186420308
16,38,108,8,14.45,12.496209951737155
16,38,108,0,32.65,38.95108268206756
16,38,108,1,24.9,24.65957698019383
16,38,108,2,19.45,22.208284371757355
16,38,108,3,20.1,20.588448473022822
16,38,108,4,24.8,29.786256102967673
16,38,108,5,18.45,32.017223983021196
16,38,108,6,19.9,22.589937210136167
16,38,108,7,19.3,31.266427261268763
16,38,108,8,15.5,14.288383209336251
16,38,108,0,20.75,26.84237615962374
16,38,108,1,29.95,42.143208230983085
16,38,108,2,16.25,13.672388618171874
16,38,108,3,50.9,109.28904216270772
16,38,108,4,21.31578947368421,23.513713803695605
16,38,108,5,16.789473684210527,14.014194975763449
16,38,108,6,19.0,21.278575558006175
16,38,108,7,21.72222222222222,23.86187102657478
16,38,108,8,25.333333333333332,28.136223250883003
16,38,108,0,25.65,27.85351721152342
16,38,108,1,31.8,33.063893488692145
16,38,108,2,15.05,22.201173510946617
16,38,108,3,20.15,20.71174342708681
16,38,108,4,23.55,38.304149837019516
16,38,108,5,17.2,22.649735678717963
16,38,108,6,19.75,21.70829334609241
16,38,108,7,16.526315789473685,22.701856069622323
16,38,108,8,16.94736842105263,19.57456877405115
16,38,108,0,69.75,149.84373439300725
16,38,108,1,21.88888888888889,24.063369498762782
16,38,108,2,42.55555555555556,55.46617646842212
16,38,108,3,13.555555555555555,17.83988334907201
16,38,108,4,10.38888888888889,10.123582770174558
16,38,108,5,29.0,44.437662881309826
16,38,108,6,34.5,42.62317789791896
16,38,108,7,17.944444444444443,18.621531567207267
16,38,108,8,21.11111111111111,23.72362656754527
16,39,108,0,22.1,21.101010202806577
16,39,108,1,27.45,36.61244395873592
16,39,108,2,33.25,27.98660393831306
16,39,108,3,24.7,29.313370400049976
16,39,108,4,20.5,30.797299950004163
16,39,108,5,30.05,26.867070433603487
16,39,108,6,20.45,28.307475300611618
16,39,108,7,20.45,27.88599912802876
16,39,108,8,27.85,34.73247380826919
16,39,108,0,33.45,33.3726566297368
16,39,108,1,25.2,39.99157806075516
16,39,108,2,50.75,109.65154137683514
16,39,108,3,24.526315789473685,34.26103783381777
16,39,108,4,40.89473684210526,110.32975560002039
16,39,108,5,16.11111111111111,15.403929555526862
16,39,108,6,13.444444444444445,13.548267621934382
16,39,108,7,18.235294117647058,15.139061281023611
16,39,108,8,17.88235294117647,26.064540934335426
16,39,108,0,17.7,14.928249447907394
16,39,108,1,20.1,18.719255495766642
16,39,108,2,24.7,27.23214045359289
16,39,108,3,22.55,24.777908241861443
16,39,108,4,15.0,14.007516779065071
16,39,108,5,16.85,15.681954094134005
16,39,108,6,15.55,18.34601634659344
16,39,108,7,13.05,11.559798759858282
16,39,108,8,23.15,22.245697395936567
16,39,108,0,17.75,19.88354252033311
16,39,108,1,20.9,22.299162127285125
16,39,108,2,23.35,25.043698650663867
16,39,108,3,26.65,27.81380762745083
16,39,108,4,29.95,26.037371926561736
16,39,108,5,21.7,17.029695426395314
16,39,108,6,27.6,38.09600061893499
16,39,108,7,18.35,24.32082711543642
16,39,108,8,22.95,28.387311843219862
16,39,108,0,42.3,41.18903788758926
16,39,108,1,20.95,20.520785354828586
16,39,108,2,21.95,21.7363992563529
16,39,108,3,32.5,42.6287523429409
16,39,108,4,25.05,23.09585289727642
16,39,108,5,20.15,18.33683379660214
16,39,108,6,13.6,9.702956684488118
16,39,108,7,23.1,21.459631624836533
16,39,108,8,11.65,11.917589830516112
16,40,108,0,22.9,22.41921168622079
16,40,108,1,13.55,12.279529392662537
16,40,108,2,15.55,13.359305843926885
16,40,108,3,18.9,32.114761321498904
16,40,108,4,17.5,18.782690799888353
16,40,108,5,16.9,24.244152849056636
16,40,108,6,13.15,17.22077998111278
16,40,108,7,13.7,20.918639384152367
16,40,108,8,14.45,9.389103426733286
16,40,108,0,24.2,22.959002362334566
16,40,108,1,16.3,21.71853440824462
16,40,108,2,19.2,19.283480795202596
16,40,108,3,23.1,21.190613612237797
16,40,108,4,17.15,18.81006169720428
16,40,108,5,23.6,21.67802671151743
16,40,108,6,41.2,104.33982940373251
16,40,108,7,13.789473684210526,14.987324078731856
16,40,108,8,20.736842105263158,27.257704528084364
16,40,108,0,24.0,19.374426986433214
16,40,108,1,13.0,11.092909067460498
16,40,108,2,23.15,26.646368371101175
16,40,108,3,21.2,17.06828391460236
16,40,108,4,13.55,9.643514319015274
16,40,108,5,13.6,15.339663071850527
16,40,108,6,18.4,18.863498587148896
16,40,108,7,12.45,14.035575101186721
16,40,108,8,14.4,12.571479835848997
16,40,108,0,50.35,100.56591187663415
16,40,108,1,35.9,34.84688311969802
16,40,108,2,10.05,13.531542099071613
16,40,108,3,19.75,16.444083882565245
16,40,108,4,26.68421052631579,40.472284936153734
16,40,108,5,25.894736842105264,25.221011383461178
16,40,108,6,25.88888888888889,35.84097045838314
16,40,108,7,33.22222222222222,29.68373600149644
16,40,108,8,15.88888888888889,14.490925715929095
16,40,108,0,20.55,17.539354246049683
16,40,108,1,26.4,31.159014915852456
16,40,108,2,16.05,14.695058245617991
16,40,108,3,28.95,32.79517775848343
16,40,108,4,28.4,28.455690393829382
16,40,108,5,9.1,9.210406014251946
16,40,108,6,16.95,16.423587017649826
16,40,108,7,25.1,53.16894621962394
16,40,108,8,20.2,32.254905787622775
17,11,108,0,26.95,18.821809857603746
17,11,108,1,24.8,29.26395303728499
17,11,108,2,18.25,16.729661650713933
17,11,108,3,16.2,16.58978760055652
17,11,108,4,15.5,17.904718578308373
17,11,108,5,18.15,16.448564167060137
17,11,108,6,9.6,6.150738081512529
17,11,108,7,14.95,13.44178481256743
17,11,108,8,17.5,18.98614453254073
17,11,108,0,23.1,38.608561908358865
17,11,108,1,11.15,13.785098743513629
17,11,108,2,11.0,9.199542322711952
17,11,108,3,13.7,15.878154473164829
17,11,108,4,5.95,5.614595640874445
17,11,108,5,12.9,15.940349332499125
17,11,108,6,7.4,9.566388528263118
17,11,108,7,14.85,13.792732640206236
17,11,108,8,22.7,20.767129898243674
17,11,108,0,27.1,33.35124080387257
17,11,108,1,38.25,108.67231042281
17,11,108,2,19.63157894736842,20.163802899463708
17,11,108,3,19.473684210526315,21.352513307838112
17,11,108,4,28.894736842105264,35.17874158705969
17,11,108,5,20.36842105263158,19.267735052026424
17,11,108,6,10.368421052631579,12.632456109894905
17,11,108,7,22.736842105263158,32.68510042012544
17,11,108,8,26.473684210526315,22.207026968588696
17,11,108,0,27.4,35.950843632587215
17,11,108,1,22.05,19.36213070049776
17,11,108,2,16.8,17.659349692979845
17,11,108,3,19.6,17.67960466335805
17,11,108,4,21.95,25.64632937724843
17,11,108,5,19.75,29.890810064563148
17,11,108,6,21.05,18.181757775019268
17,11,108,7,22.45,26.50615618661962
17,11,108,8,31.2,31.25548372938571
17,11,108,0,39.75,110.18399683209327
17,11,108,1,23.263157894736842,20.493473501101537
17,11,108,2,20.263157894736842,24.35807442048086
17,11,108,3,31.36842105263158,45.73985683103934
17,11,108,4,18.105263157894736,19.731235070995954
17,11,108,5,22.63157894736842,17.651599003161756
17,11,108,6,12.368421052631579,10.462687812283702
17,11,108,7,49.31578947368421,116.27317099140997
17,11,108,8,18.555555555555557,22.557696540263464
17,21,108,0,21.75,21.080984197537887
17,21,108,1,11.95,13.418271125595874
17,21,108,2,15.95,15.605245406930527
17,21,108,3,18.85,23.301852196541667
17,21,108,4,19.3,21.1563104931888
17,21,108,5,19.85,29.426581252509205
17,21,108,6,14.3,12.380374962436571
17,21,108,7,9.0,8.777962837637636
17,21,108,8,37.1,37.497929767416565
17,21,108,0,17.25,20.338904902466577
17,21,108,1,21.9,22.648109018310187
17,21,108,2,9.7,10.000526301939788
17,21,108,3,16.9,18.453069920034558
17,21,108,4,16.1,16.81446745482811
17,21,108,5,20.45,12.729886095327014
17,21,108,6,13.0,14.480476874962225
17,21,108,7,18.0,20.62956488558159
17,21,108,8,31.9,34.57394820868514
17,21,108,0,27.55,27.182569879670282
17,21,108,1,20.75,17.704816472242506
17,21,108,2,19.65,29.012293220197826
17,21,108,3,14.6,15.038196980391385
17,21,108,4,43.55,106.74094316319498
17,21,108,5,21.36842105263158,24.716639753448575
17,21,108,6,11.421052631578947,13.246868768269076
17,21,108,7,34.8421052631579,109.59585513142505
17,21,108,8,32.77777777777778,24.409630586296817
17,21,108,0,47.25,112.0323613961609
17,21,108,1,14.68421052631579,16.506068350690327
17,21,108,2,24.473684210526315,41.289450389297905
17,21,108,3,19.736842105263158,31.087407427844404
17,21,108,4,13.833333333333334,12.542867670981972
17,21,108,5,11.666666666666666,13.482014162666976
17,21,108,6,16.11111111111111,12.750496594199491
17,21,108,7,19.0,23.15167380558045
17,21,108,8,20.333333333333332,18.371973540278844
17,21,108,0,19.0,20.34957648595898
17,21,108,1,32.15,36.75849346892855
17,21,108,2,16.2,22.744808545896216
17,21,108,3,16.9,18.263855591102104
17,21,108,4,17.9,29.611342065961285
17,21,108,5,11.5,10.389772298806776
17,21,108,6,21.15,24.87923463029909
17,21,108,7,12.35,11.721662357407016
17,21,108,8,28.55,26.226693914487402
17,10,108,0,26.05,24.57742866941129
17,10,108,1,22.9,33.50710843671047
17,10,108,2,24.7,21.191110350680937
17,10,108,3,19.75,25.120499073151606
17,10,108,4,18.7,27.86829928903373
17,10,108,5,22.15,21.735914979590806
17,10,108,6,15.65,18.11447516563248
17,10,108,7,14.789473684210526,17.383194142518548
17,10,108,8,24.05263157894737,22.498083089233592
17,10,108,0,42.2,45.30318915229281
17,10,108,1,29.05,41.80213416863583
17,10,108,2,34.45,43.20754685541818
17,10,108,3,16.526315789473685,16.476813409059382
17,10,108,4,17.0,19.672315572906
17,10,108,5,21.473684210526315,17.535261050721743
17,10,108,6,9.473684210526315,7.9258257267172105
17,10,108,7,13.31578947368421,18.297093368373954
17,10,108,8,25.0,14.4952099367726
17,10,108,0,29.8,29.312472646154895
17,10,108,1,23.7,29.90704898426738
17,10,108,2,18.65,21.32523832161517
17,10,108,3,26.25,30.37636719903363
17,10,108,4,25.1,28.606035432368024
17,10,108,5,21.7,23.88150572701549
17,10,108,6,20.75,13.509743072861779
17,10,108,7,21.5,16.037784333123746
17,10,108,8,33.5,26.933641651874314
17,10,108,0,23.05,28.272126872500003
17,10,108,1,26.75,28.703337418275396
17,10,108,2,13.85,12.524817468992469
17,10,108,3,25.15,30.34932584008034
17,10,108,4,20.25,21.891779278989635
17,10,108,5,42.85,105.25971639110966
17,10,108,6,17.05263157894737,17.62407975284108
17,10,108,7,19.473684210526315,25.065178193955393
17,10,108,8,20.894736842105264,22.580460424501005
17,10,108,0,17.8,13.90796818185059
17,10,108,1,18.9,19.788087857411377
17,10,108,2,13.45,11.019002724957987
17,10,108,3,16.45,24.14315856020413
17,10,108,4,15.35,22.546501654183633
17,10,108,5,17.6,20.66117640712444
17,10,108,6,10.65,13.997274170727895
17,10,108,7,14.15,23.08627981701412
17,10,108,8,32.95,29.342756660222854
17,19,108,0,28.2,24.46608823829855
17,19,108,1,34.95,34.158261696187985
17,19,108,2,25.75,20.34407970263999
17,19,108,3,37.35,56.02468910644381
17,19,108,4,30.2,27.16731782665961
17,19,108,5,26.25,19.590209692330344
17,19,108,6,36.25,40.52922921858534
17,19,108,7,47.94736842105263,109.26139588884514
17,19,108,8,23.941176470588236,28.575493408328256
17,19,108,0,22.0,21.393555350299206
17,19,108,1,22.1,31.96198399744033
17,19,108,2,23.7,31.664524396604442
17,19,108,3,21.4,31.865506842286212
17,19,108,4,13.9,11.764800309218575
17,19,108,5,15.5,15.010522624934957
17,19,108,6,26.25,25.91255537988852
17,19,108,7,17.55,21.967619711508885
17,19,108,8,16.95,12.943094074081603
17,19,108,0,49.9,108.63986861475661
17,19,108,1,20.36842105263158,19.944953486800696
17,19,108,2,26.526315789473685,37.038071135661106
17,19,108,3,9.631578947368421,6.8411380332985
17,19,108,4,13.578947368421053,13.837612950351756
17,19,108,5,17.736842105263158,22.385119326272577
17,19,108,6,20.894736842105264,29.190741943374412
17,19,108,7,15.68421052631579,15.103541275619023
17,19,108,8,16.68421052631579,14.48390920059202
17,19,108,0,16.45,12.580164001943277
17,19,108,1,13.4,12.584033325482022
17,19,108,2,22.5,29.06164047964982
17,19,108,3,50.25,108.87263200639545
17,19,108,4,15.052631578947368,17.53559454433729
17,19,108,5,31.31578947368421,43.2589780425584
17,19,108,6,28.94736842105263,32.306644800189545
17,19,108,7,15.157894736842104,13.981190371728951
17,19,108,8,29.42105263157895,24.33405430318609
17,19,108,0,41.75,52.53657873580234
17,19,108,1,28.7,35.28097743006921
17,19,108,2,30.8,29.385997381495542
17,19,108,3,28.25,40.0156219494337
17,19,108,4,20.4,23.685216352911166
17,19,108,5,24.45,31.865630717948005
17,19,108,6,21.57894736842105,22.66989141147763
17,19,108,7,27.210526315789473,26.927018540591902
17,19,108,8,24.157894736842106,27.34809186497242
17,10,108,0,36.95,53.08134274270407
17,10,108,1,20.7,22.68340455278403
17,10,108,2,19.75,19.365935910361017
17,10,108,3,21.7,32.46877042069162
17,10,108,4,15.1,13.26213446343822
17,10,108,5,27.8,35.22349694227002
17,10,108,6,19.65,23.37627001897437
17,10,108,7,20.75,15.727532011027499
17,10,108,8,25.8,26.668727990505637
17,10,108,0,26.95,21.641760313654807
17,10,108,1,20.45,18.164380992538813
17,10,108,2,16.9,14.223405469784469
17,10,108,3,25.65,29.709603267559622
17,10,108,4,17.85,22.79260036895631
17,10,108,5,19.1,27.873586818083943
17,10,108,6,24.75,31.328270400961962
17,10,108,7,20.2,17.739637449567713
17,10,108,8,23.55,29.10502759969396
17,10,108,0,39.45,39.462807273364845
17,10,108,1,23.7,27.320900039115994
17,10,108,2,17.6,18.802015569445853
17,10,108,3,28.8,50.654245938311504
17,10,108,4,20.35,21.28076720025805
17,10,108,5,19.5,19.800318976697003
17,10,108,6,20.55,19.201082754557575
17,10,108,7,23.8,22.387966692658335
17,10,108,8,27.444444444444443,31.958101655728996
17,10,108,0,45.35,46.94596557970159
17,10,108,1,37.55,43.60646378933434
17,10,108,2,24.5,26.055608548681132
17,10,108,3,21.1,23.692992523884403
17,10,108,4,19.05,23.802863604815986
17,10,108,5,23.05,30.22977792978656
17,10,108,6,21.9,22.334537804650633
17,10,108,7,20.7,21.553116760813577
17,10,108,8,23.35,34.862549654622974
17,10,108,0,22.65,31.359167215043403
17,10,108,1,19.35,19.585910618014218
17,10,108,2,20.6,17.611001346347475
17,10,108,3,18.9,18.125004537204514
17,10,108,4,12.85,9.051170322700061
17,10,108,5,21.8,19.113511341181496
17,10,108,6,15.85,13.207952150125319
17,10,108,7,21.5,37.2918786135308
17,10,108,8,17.5,20.697063102107787
17,10,108,0,31.45,38.57797981123156
17,10,108,1,28.05,28.632839078306755
17,10,108,2,18.15,21.36469049623701
17,10,108,3,18.3,19.10938044659302
17,10,108,4,21.1,21.173220424817163
17,10,108,5,17.05,19.008239210793217
17,10,108,6,12.65,10.519530707963614
17,10,108,7,21.45,29.233137289546494
17,10,108,8,32.15,32.56616746192119
17,10,108,0,27.6,29.189760281015634
17,10,108,1,22.35,21.189061229546574
17,10,108,2,19.2,20.682054260180553
17,10,108,3,18.4,15.418375912834456
17,10,108,4,21.35,15.25321363896112
17,10,108,5,21.75,19.256919467256985
17,10,108,6,22.1,27.382091727412302
17,10,108,7,15.8,18.16474317838934
17,10,108,8,25.7,31.730941233738204
17,10,108,0,27.75,22.51286182093296
17,10,108,1,36.85,36.508506579036876
17,10,108,2,24.2,27.352667530839316
17,10,108,3,17.15,21.801195042087897
17,10,108,4,23.45,23.685383011913753
17,10,108,5,21.4,22.483678290566342
17,10,108,6,15.8,25.255744526324055
17,10,108,7,37.3,47.17392232333899
17,10,108,8,18.95,24.968348384557434
17,10,108,0,20.55,21.726711670199887
17,10,108,1,16.9,17.241015967133357
17,10,108,2,18.7,15.283634177911045
17,10,108,3,22.85,26.811770785078313
17,10,108,4,18.45,26.053537995927986
17,10,108,5,18.7,21.203525029678687
17,10,108,6,17.1,15.667263893058571
17,10,108,7,13.25,16.92358988917074
17,10,108,8,27.8,33.68523024772289
17,10,108,0,30.7,34.29300987542198
17,10,108,1,52.45,103.59001933228491
17,10,108,2,22.31578947368421,19.734494987145247
17,10,108,3,52.21052631578947,110.45893100422659
17,10,108,4,24.38888888888889,23.788625282064064
17,10,108,5,17.0,17.482764621864856
17,10,108,6,20.333333333333332,21.071307505705477
17,10,108,7,22.444444444444443,25.60611650786544
17,10,108,8,26.77777777777778,24.7684703642152
17,2,108,0,46.35,57.10035026162274
17,2,108,1,25.85,27.191862172735664
17,2,108,2,28.7,26.555007457212877
17,2,108,3,58.3,111.54989443010882
17,2,108,4,16.526315789473685,15.251114425774603
17,2,108,5,29.63157894736842,33.547993028753744
17,2,108,6,27.105263157894736,32.69368735677357
17,2,108,7,17.0,17.644640357154728
17,2,108,8,27.68421052631579,22.18871743221202
17,2,108,0,43.25,110.00137558948501
17,2,108,1,11.68421052631579,10.873273204304148
17,2,108,2,26.894736842105264,48.96925876602144
17,2,108,3,17.42105263157895,20.519139546269923
17,2,108,4,31.736842105263158,29.236282833461036
17,2,108,5,11.368421052631579,12.61925568467046
17,2,108,6,21.94736842105263,23.910652401087138
17,2,108,7,17.05263157894737,22.431311657815694
17,2,108,8,34.666666666666664,39.139268681736716
17,2,108,0,25.95,24.811871097690737
17,2,108,1,28.35,39.069809316145886
17,2,108,2,22.9,22.819428472016423
17,2,108,3,27.45,32.17301091876462
17,2,108,4,25.05,20.752869173860475
17,2,108,5,35.85,47.09930718006482
17,2,108,6,29.7,32.273665327697294
17,2,108,7,21.85,19.90840869688246
17,2,108,8,26.31578947368421,32.19912461125293
17,2,108,0,14.5,14.44226254325897
17,2,108,1,12.55,17.919336806337093
17,2,108,2,20.3,20.357592660905866
17,2,108,3,15.1,18.603621605539747
17,2,108,4,36.45,106.8833476272146
17,2,108,5,12.894736842105264,12.969600083109327
17,2,108,6,11.368421052631579,11.106607274329944
17,2,108,7,35.78947368421053,110.32707884959785
17,2,108,8,16.27777777777778,14.575586177519607
17,2,108,0,44.6,95.1842534522552
17,2,108,1,24.85,20.85860922850247
17,2,108,2,27.0,38.67528639554952
17,2,108,3,13.631578947368421,13.9451725072625
17,2,108,4,15.105263157894736,12.07336249233597
17,2,108,5,22.842105263157894,25.443320795435
17,2,108,6,18.157894736842106,22.796839834344333
17,2,108,7,23.210526315789473,26.13762496089672
17,2,108,8,54.1578947368421,107.85600645608466
17,6,108,0,26.95,23.358701748351105
17,6,108,1,17.65,18.87430723719974
17,6,108,2,20.15,18.253406315130967
17,6,108,3,14.55,15.652391779566871
17,6,108,4,28.8,25.61167496937368
17,6,108,5,17.85,14.854646623726513
17,6,108,6,20.8,19.53296808232848
17,6,108,7,17.4,18.556882678317557
17,6,108,8,38.55,87.83925210591399
17,6,108,0,22.05,13.10072316204037
17,6,108,1,21.95,18.007235387915312
17,6,108,2,24.75,18.08714286011213
17,6,108,3,25.45,28.316770184542772
17,6,108,4,10.95,11.997697147457309
17,6,108,5,13.7,9.75543033661927
17,6,108,6,20.4,14.662519349832433
17,6,108,7,11.55,9.896703332024522
17,6,108,8,32.95,45.98108879002095
17,6,108,0,18.0,18.481854543535967
17,6,108,1,22.45,32.51311476279915
17,6,108,2,30.3,24.785607028868057
17,6,108,3,15.85,18.68654173744471
17,6,108,4,27.2,27.99924811020542
17,6,108,5,22.7,32.484976284592335
17,6,108,6,19.25,18.884343278298868
17,6,108,7,29.05,28.135901396053065
17,6,108,8,27.0,25.248241210241282
17,6,108,0,22.05,23.057080200416117
17,6,108,1,28.6,20.805869617161303
17,6,108,2,27.2,22.570591019008972
17,6,108,3,19.45,26.402701217469158
17,6,108,4,22.05,17.089470442351338
17,6,108,5,22.3,24.745228141794804
17,6,108,6,21.8,15.199030439991542
17,6,108,7,16.25,22.610838109190027
17,6,108,8,29.7,35.734547635822146
17,6,108,0,15.85,13.33485736903967
17,6,108,1,34.15,58.83990321649345
17,6,108,2,18.1,26.1370879866341
17,6,108,3,22.9,24.23112396115897
17,6,108,4,15.5,22.570357831270176
17,6,108,5,22.05263157894737,37.202857841554966
17,6,108,6,11.947368421052632,12.877515651581446
17,6,108,7,18.842105263157894,15.959195043383252
17,6,108,8,24.894736842105264,23.925566838384658
17,1,108,0,19.7,12.307892204854404
17,1,108,1,26.25,58.134938312787256
17,1,108,2,17.05,21.825805585904135
17,1,108,3,23.35,32.34237077532229
17,1,108,4,27.2,30.247400932276722
17,1,108,5,11.7,15.964104471562047
17,1,108,6,10.9,12.421966960103166
17,1,108,7,12.526315789473685,10.792839298208747
17,1,108,8,37.0,41.44742318756244
17,1,108,0,23.25,22.566568192793515
17,1,108,1,17.7,18.232706297951722
17,1,108,2,16.5,16.17177528255552
17,1,108,3,16.9,13.695562093343653
17,1,108,4,13.95,12.816416282088746
17,1,108,5,25.95,54.25231016182387
17,1,108,6,11.9,14.931069690590261
17,1,108,7,17.0,17.459728098202383
17,1,108,8,29.75,30.554308852822775
17,1,108,0,17.3,12.017969002596425
17,1,108,1,34.4,50.32253863565353
17,1,108,2,19.85,25.80345754065977
17,1,108,3,23.6,23.835842095907847
17,1,108,4,30.8,35.38152952571366
17,1,108,5,14.526315789473685,18.50335831696095
17,1,108,6,20.157894736842106,23.65789311060367
17,1,108,7,16.105263157894736,22.722711929408877
17,1,108,8,28.42105263157895,22.99593149879074
17,1,108,0,20.45,22.25326705759948
17,1,108,1,23.05,22.101381238094124
17,1,108,2,48.4,107.98508668963701
17,1,108,3,26.105263157894736,43.15719939533986
17,1,108,4,39.36842105263158,108.8598541072755
17,1,108,5,23.333333333333332,30.555638740231387
17,1,108,6,14.0,14.311657116203024
17,1,108,7,16.941176470588236,19.92319812503534
17,1,108,8,38.411764705882355,26.076950606640654
17,1,108,0,19.3,21.173717571306973
17,1,108,1,32.35,72.91615588793533
17,1,108,2,21.0,22.412402581465564
17,1,108,3,15.45,23.587407434342676
17,1,108,4,9.95,11.89194774007318
17,1,108,5,12.25,14.24549790377001
17,1,108,6,12.65,15.99103367186552
17,1,108,7,25.25,39.96165925642122
17,1,108,8,33.5,34.20141579094735
17,6,108,0,32.35,31.143597804533222
17,6,108,1,25.95,22.64014831641952
17,6,108,2,29.75,47.40405823178123
17,6,108,3,17.65,18.83802146276458
17,6,108,4,21.75,20.544880268893216
17,6,108,5,27.1,32.96074219910392
17,6,108,6,20.05263157894737,23.04940029157309
17,6,108,7,28.263157894736842,24.006578045895758
17,6,108,8,35.89473684210526,33.98675352552341
17,6,108,0,27.05,20.241892464053745
17,6,108,1,60.55,83.5416536509593
17,6,108,2,21.95,17.154023618842007
17,6,108,3,25.0,22.738791339447825
17,6,108,4,23.7,24.396073886029928
17,6,108,5,28.05263157894737,32.568685853832264
17,6,108,6,16.210526315789473,14.250064122149771
17,6,108,7,17.473684210526315,16.42954121579186
17,6,108,8,22.94736842105263,17.037454440178838
17,6,108,0,25.75,17.426160008205446
17,6,108,1,20.85,16.77490293328258
17,6,108,2,14.8,10.430723848324236
17,6,108,3,19.0,17.471781760734558
17,6,108,4,17.55,20.85154291905669
17,6,108,5,13.7,10.657836257149503
17,6,108,6,23.1,27.08252495419762
17,6,108,7,19.55,16.08685308272762
17,6,108,8,31.6,38.32602523777173
17,6,108,0,26.9,27.869810113983082
17,6,108,1,22.95,22.744519293551512
17,6,108,2,14.4,15.466091943344962
17,6,108,3,12.8,23.743364724087712
17,6,108,4,20.35,23.045207288010413
17,6,108,5,13.8,15.330053043476056
17,6,108,6,22.85,25.054204395564767
17,6,108,7,21.1,27.849029086354726
17,6,108,8,29.3,31.998519702603346
17,6,108,0,34.55,38.176149898236616
17,6,108,1,23.6,17.04915494124346
17,6,108,2,23.05,23.448656116805726
17,6,108,3,30.0,27.40533947206178
17,6,108,4,27.25,31.517538976860084
17,6,108,5,31.6,32.59221734676773
17,6,108,6,30.35,22.318920460593873
17,6,108,7,23.45,18.20490101738077
17,6,108,8,26.1,19.431119912465974
17,4,108,0,25.15,18.471243653453957
17,4,108,1,23.9,27.8433588415433
17,4,108,2,30.65,39.7720809243448
17,4,108,3,30.3,36.356567494745704
17,4,108,4,18.15,21.772205845261087
17,4,108,5,30.65,36.83001493347511
17,4,108,6,18.95,17.418909869811934
17,4,108,7,27.157894736842106,33.81035863277988
17,4,108,8,28.526315789473685,37.856994687687845
17,4,108,0,26.3,31.591304599775388
17,4,108,1,32.35,34.11941105186776
17,4,108,2,27.7,18.275954867414985
17,4,108,3,31.9,60.1925856598722
17,4,108,4,19.2,17.3101734613827
17,4,108,5,17.75,19.957520677151944
17,4,108,6,17.736842105263158,20.604320219213893
17,4,108,7,14.222222222222221,12.2788941615304
17,4,108,8,34.5,46.061659442406494
17,4,108,0,41.8,32.127378060660845
17,4,108,1,26.4,20.095561175228934
17,4,108,2,26.05,21.88360357123931
17,4,108,3,30.7,29.36180834815329
17,4,108,4,20.85,17.550753470105523
17,4,108,5,22.9,23.11504408730156
17,4,108,6,21.9,18.031843178695087
17,4,108,7,17.35,19.238872381881322
17,4,108,8,32.1,59.56765282565609
17,4,108,0,33.8,38.61360545605382
17,4,108,1,30.3,47.15048696516964
17,4,108,2,13.8,11.967499848823019
17,4,108,3,24.25,26.99098289975259
17,4,108,4,18.9,18.034761755536092
17,4,108,5,22.4,27.513441691002793
17,4,108,6,30.3,60.721191999949546
17,4,108,7,14.85,19.693105927014955
17,4,108,8,41.0,29.602631461977907
17,4,108,0,54.95,52.33844818004004
17,4,108,1,38.0,42.04383677218714
17,4,108,2,39.9,38.544437785632915
17,4,108,3,25.0,20.34957648595898
17,4,108,4,23.6,22.88046742253497
17,4,108,5,20.5,23.198230422530983
17,4,108,6,22.65,42.82925094887961
17,4,108,7,19.95,16.139115608718434
17,4,108,8,34.526315789473685,39.519852143578326
17,23,108,0,25.35,29.86861581202443
17,23,108,1,15.05,17.587301040658197
17,23,108,2,21.2,29.4182184869745
17,23,108,3,27.0,34.27596979318248
17,23,108,4,31.95,57.57692794495854
17,23,108,5,22.526315789473685,19.642268541344514
17,23,108,6,17.473684210526315,18.54834050993551
17,23,108,7,16.842105263157894,19.624993015978195
17,23,108,8,11.5,11.304606036791323
17,23,108,0,40.75,109.22496099913774
17,23,108,1,13.947368421052632,12.47430106797583
17,23,108,2,20.0,17.451520150277897
17,23,108,3,25.210526315789473,28.56878433879347
17,23,108,4,20.36842105263158,23.695312537658367
17,23,108,5,49.68421052631579,110.50241456968708
17,23,108,6,19.333333333333332,28.962450335076362
17,23,108,7,25.833333333333332,36.163436198003346
17,23,108,8,13.722222222222221,15.323206374475653
17,23,108,0,19.7,13.673254723614349
17,23,108,1,21.4,37.30443743888358
17,23,108,2,22.65,23.396524708192295
17,23,108,3,10.9,12.238420950777147
17,23,108,4,17.15,18.952225254709884
17,23,108,5,13.7,11.154890360167975
17,23,108,6,17.05,23.098131617308926
17,23,108,7,18.3,27.971978459654377
17,23,108,8,23.35,19.743819819189792
17,23,108,0,25.85,17.833366125564208
17,23,108,1,19.8,22.165881795892393
17,23,108,2,24.25,18.527007313648905
17,23,108,3,15.8,17.334480393894587
17,23,108,4,15.7,21.7403336051487
17,23,108,5,16.35,26.989812893015767
17,23,108,6,14.65,16.4229460784214
17,23,108,7,15.05,18.87486493503436
17,23,108,8,21.35,33.260178497479686
17,23,108,0,23.2,21.989471164747535
17,23,108,1,20.65,28.762685988327966
17,23,108,2,19.95,21.22430334855726
17,23,108,3,15.5,13.620804520639508
17,23,108,4,20.7,29.367185410715962
17,23,108,5,20.65,28.791948801522167
17,23,108,6,16.0,14.800426736379846
17,23,108,7,27.9,36.20831541598087
17,23,108,8,17.8,18.01052323971797
17,16,108,0,22.7,29.22525944236739
17,16,108,1,24.6,17.92205345377588
17,16,108,2,21.55,23.794017381642277
17,16,108,3,23.0,20.711044599948423
17,16,108,4,22.5,23.17098912092674
17,16,108,5,19.05,15.955447840454797
17,16,108,6,16.85,11.802207643621506
17,16,108,7,13.7,10.662773412302508
17,16,108,8,44.15,92.91777632883137
17,16,108,0,29.95,35.7483529248846
17,16,108,1,26.6,29.8247512893852
17,16,108,2,21.05,32.00078124046349
17,16,108,3,35.85,55.502750050406455
17,16,108,4,20.736842105263158,38.40983974808648
17,16,108,5,19.57894736842105,22.49028380205719
17,16,108,6,19.42105263157895,33.528289530341524
17,16,108,7,18.72222222222222,27.1808876528117
17,16,108,8,18.88888888888889,15.277391557803888
17,16,108,0,21.05,18.562766921703073
17,16,108,1,28.45,31.769689294903987
17,16,108,2,40.25,48.156406361814525
17,16,108,3,14.6,15.142828770011723
17,16,108,4,22.75,29.149117527492642
17,16,108,5,16.1,14.639168800102508
17,16,108,6,20.157894736842106,24.969455024299716
17,16,108,7,23.473684210526315,21.386310317720724
17,16,108,8,24.210526315789473,42.70776529361223
17,16,108,0,26.85,26.581107259816974
17,16,108,1,19.65,17.700059470610768
17,16,108,2,13.2,13.73278827056656
17,16,108,3,18.85,24.465389086583006
17,16,108,4,16.0,20.468203839639976
17,16,108,5,18.9,22.57129056777075
17,16,108,6,14.25,16.42486882107354
17,16,108,7,15.45,15.994982765986672
17,16,108,8,38.05,87.13237056341346
17,16,108,0,17.45,14.883671731482334
17,16,108,1,27.8,31.973014937764727
17,16,108,2,20.15,22.276433145461382
17,16,108,3,19.25,22.89765559132523
17,16,108,4,15.3,11.85482357967689
17,16,108,5,18.35,28.970538573922955
17,16,108,6,28.0,59.93153989081384
17,16,108,7,13.95,13.956605679937482
17,16,108,8,23.9,19.05366382780902
17,22,108,0,23.9,22.407470558769127
17,22,108,1,23.15,18.285096030431593
17,22,108,2,23.0,19.43680718853306
17,22,108,3,27.35,28.06435274038655
17,22,108,4,26.2,33.01929260614961
17,22,108,5,24.2,27.16731782665961
17,22,108,6,17.5,19.616051429485257
17,22,108,7,14.0,19.031829295046478
17,22,108,8,33.2,38.1969962996541
17,22,108,0,27.8,34.32599137986442
17,22,108,1,20.15,17.067281718632227
17,22,108,2,16.65,15.016745039420073
17,22,108,3,34.45,40.94987307993955
17,22,108,4,29.1,24.706487534973263
17,22,108,5,19.0,21.62357388056889
17,22,108,6,16.45,12.951224286773655
17,22,108,7,29.25,35.79161177823947
17,22,108,8,31.45,42.01061895834383
17,22,108,0,36.6,32.49356211540016
17,22,108,1,29.2,30.495211013154872
17,22,108,2,20.0,23.648745376758086
17,22,108,3,19.7,20.023933048650612
17,22,108,4,36.5,105.33780248125053
17,22,108,5,32.21052631578947,44.922870873146344
17,22,108,6,18.736842105263158,18.95269580726112
17,22,108,7,17.842105263157894,17.658058147595384
17,22,108,8,37.111111111111114,42.01244757966366
17,22,108,0,21.75,21.80264349013428
17,22,108,1,18.35,16.980716617448902
17,22,108,2,30.25,32.55905565680857
17,22,108,3,29.5,40.88816583393241
17,22,108,4,16.5,11.550803116302301
17,22,108,5,26.3,42.43521377842997
17,22,108,6,26.75,44.62460378712505
17,22,108,7,25.68421052631579,31.3617825307933
17,22,108,8,27.166666666666668,25.805266220403198
17,22,108,0,64.3,110.0612747996602
17,22,108,1,31.57894736842105,26.548311914264456
17,22,108,2,18.42105263157895,17.805479148826585
17,22,108,3,27.789473684210527,28.222486990515637
17,22,108,4,18.842105263157894,23.530743856341402
17,22,108,5,23.68421052631579,26.26796238677862
17,22,108,6,18.157894736842106,24.793061659116415
17,22,108,7,24.63157894736842,31.480524007914248
17,22,108,8,29.263157894736842,22.715247217240467
17,6,108,0,39.45,44.704262130490186
17,6,108,1,21.9,30.58534220659852
17,6,108,2,27.15,37.00679169529489
17,6,108,3,11.8,13.625054321475488
17,6,108,4,30.75,63.313651142961504
17,6,108,5,46.473684210526315,110.52318430540195
17,6,108,6,24.833333333333332,27.062563680131575
17,6,108,7,17.166666666666668,17.188402382728544
17,6,108,8,48.11764705882353,49.663722113003644
17,6,108,0,26.1,17.94993036198191
17,6,108,1,50.35,86.08274782837853
17,6,108,2,41.25,57.712422269477884
17,6,108,3,17.0,10.878112581387148
17,6,108,4,21.833333333333332,24.00796436479312
17,6,108,5,28.944444444444443,24.266830962598316
17,6,108,6,23.333333333333332,25.141949945436284
17,6,108,7,27.555555555555557,28.908012775256257
17,6,108,8,27.22222222222222,27.48380390564929
17,6,108,0,27.4,20.73745657652254
17,6,108,1,32.7,36.45776215091419
17,6,108,2,41.5,76.7418776775346
17,6,108,3,28.0,20.650531335644718
17,6,108,4,18.0,16.21384867602041
17,6,108,5,21.894736842105264,22.115592128737553
17,6,108,6,16.842105263157894,17.069346006786997
17,6,108,7,27.05263157894737,32.9620550940531
17,6,108,8,35.0,35.29872518944558
17,6,108,0,26.75,28.30635970943632
17,6,108,1,13.35,11.09421375976542
17,6,108,2,19.7,16.588201260312452
17,6,108,3,18.95,23.53155775817478
17,6,108,4,18.25,15.609966451968399
17,6,108,5,18.0,19.412421416792856
17,6,108,6,11.25,8.496903460735131
17,6,108,7,14.1,16.4761390469593
17,6,108,8,44.35,48.47601143050577
17,6,108,0,24.55,33.834698788451824
17,6,108,1,20.3,21.71611092447749
17,6,108,2,21.25,31.645861124573454
17,6,108,3,12.55,12.335123151306384
17,6,108,4,17.7,16.65785732098567
17,6,108,5,19.2,18.403660963028667
17,6,108,6,15.9,13.63779577806511
17,6,108,7,11.8,8.709341627180976
17,6,108,8,24.7,40.775508645057485
17,15,108,0,21.95,19.723016210028643
17,15,108,1,37.6,51.947747025762645
17,15,108,2,24.75,35.47256167207194
17,15,108,3,16.8,19.433015856092894
17,15,108,4,26.7,42.709668571339726
17,15,108,5,41.05,104.59620351367292
17,15,108,6,17.68421052631579,16.726733863220105
17,15,108,7,20.72222222222222,23.633987379981487
17,15,108,8,14.88888888888889,22.473222991684725
17,15,108,0,22.9,25.69640564666379
17,15,108,1,32.9,50.380551803250434
17,15,108,2,33.2,27.375748007084088
17,15,108,3,24.75,21.667037783596296
17,15,108,4,19.6,29.448259710889538
17,15,108,5,23.65,21.78912089722034
17,15,108,6,21.65,26.656242480100133
17,15,108,7,14.31578947368421,15.649112973012409
17,15,108,8,33.31578947368421,30.260081206432393
17,15,108,0,31.15,33.037896900059295
17,15,108,1,22.35,36.18123241332954
17,15,108,2,25.35,26.139856641977932
17,15,108,3,20.95,21.092465604171505
17,15,108,4,15.65,17.933429530818753
17,15,108,5,15.6,17.97483621182973
17,15,108,6,29.45,24.238887850116523
17,15,108,7,28.45,33.484442577663465
17,15,108,8,30.35,38.65811687084616
17,15,108,0,20.9,16.37038404205016
17,15,108,1,23.2,26.408929909168386
17,15,108,2,20.5,34.24755081523502
17,15,108,3,16.55,22.924303352785365
17,15,108,4,17.15,17.61062777206752
17,15,108,5,15.0,14.625140575122867
17,15,108,6,33.55,37.53521153880923
17,15,108,7,20.9,22.98260211551338
17,15,108,8,24.42105263157895,20.06466155395734
17,15,108,0,25.25,15.797651391067099
17,15,108,1,16.05,27.3081345120152
17,15,108,2,20.15,15.678597547377494
17,15,108,3,26.4,20.57438366410753
17,15,108,4,18.4,20.76282102321612
17,15,108,5,12.7,9.825316387031167
17,15,108,6,15.9,18.507182105163505
17,15,108,7,26.3,38.736763443856056
17,15,108,8,24.2,18.12994034303768
17,9,108,0,30.25,25.011313229690362
17,9,108,1,22.0,26.59046128932229
17,9,108,2,23.95,26.912088850845258
17,9,108,3,19.15,22.214919121593653
17,9,108,4,22.8,25.783715791173314
17,9,108,5,27.8,20.773464855561848
17,9,108,6,13.8,15.6393565623465
17,9,108,7,21.9,23.064897001378753
17,9,108,8,25.9,21.066061505853938
17,9,108,0,24.65,25.402600364198108
17,9,108,1,29.95,47.38695689966308
17,9,108,2,22.75,22.89995403350937
17,9,108,3,29.45,45.48276133819678
17,9,108,4,14.15,11.974864025159226
17,9,108,5,15.9,22.819428472016423
17,9,108,6,28.35,28.73705658296673
17,9,108,7,14.0,22.22361106771104
17,9,108,8,30.105263157894736,24.124433756952044
17,9,108,0,17.5,16.785018382631076
17,9,108,1,20.2,14.174105374163647
17,9,108,2,15.8,16.681537225643396
17,9,108,3,16.35,21.50465065979915
17,9,108,4,20.15,40.669754700126006
17,9,108,5,20.25,17.597472904697963
17,9,108,6,14.55,14.996403077510216
17,9,108,7,16.95,19.922151120377485
17,9,108,8,25.9,18.809012397476405
17,9,108,0,33.95,34.46657419648935
17,9,108,1,16.55,18.23090204772337
17,9,108,2,20.25,40.533124855188696
17,9,108,3,26.6,28.579344768003708
17,9,108,4,16.7,19.219233787235666
17,9,108,5,16.15,17.661361335144193
17,9,108,6,17.0,16.241597017664567
17,9,108,7,27.95,30.59837456983278
17,9,108,8,32.7,29.071780493334625
17,9,108,0,32.65,32.44635248334833
17,9,108,1,15.15,13.542428453606561
17,9,108,2,23.55,28.26095502539446
17,9,108,3,14.75,20.983389420657172
17,9,108,4,30.8,40.461287540977786
17,9,108,5,24.2,22.156381996117837
17,9,108,6,27.8,24.90529430082139
17,9,108,7,20.95,18.593929399842192
17,9,108,8,28.85,26.21625650742603
17,18,108,0,14.0,10.886979185682026
17,18,108,1,21.05,41.71264480756531
17,18,108,2,40.05,108.78587127689737
17,18,108,3,11.736842105263158,12.617633627688397
17,18,108,4,14.31578947368421,22.378195318903494
17,18,108,5,24.894736842105264,48.91250094339903
17,18,108,6,14.421052631578947,12.606505328923918
17,18,108,7,22.526315789473685,32.99220180765386
17,18,108,8,24.473684210526315,24.079425106307923
17,18,108,0,30.2,21.566543289866466
17,18,108,1,17.25,19.71607679561343
17,18,108,2,25.9,25.886188148163207
17,18,108,3,15.8,20.28377624968705
17,18,108,4,19.75,18.853660820004944
17,18,108,5,25.1,21.942268749943267
17,18,108,6,20.4,22.136894661699003
17,18,108,7,26.55,29.414416443928342
17,18,108,8,16.55,14.467659032985843
17,18,108,0,26.4,19.26928289163597
17,18,108,1,18.9,20.271577198266126
17,18,108,2,13.5,14.024414801563584
17,18,108,3,19.15,28.514585372180473
17,18,108,4,27.65,28.271754548721557
17,18,108,5,15.3,13.39324260096938
17,18,108,6,20.65,18.536663527637387
17,18,108,7,17.1,14.962760792257415
17,18,108,8,23.5,18.754648546567413
17,18,108,0,22.55,27.26956082096705
17,18,108,1,18.2,18.631043703284156
17,18,108,2,20.5,22.448772091610106
17,18,108,3,22.05,26.32484317941994
17,18,108,4,14.7,13.642426084596691
17,18,108,5,24.4,29.912855887869032
17,18,108,6,27.1,30.360812692818698
17,18,108,7,21.3,26.27005499563494
17,18,108,8,17.15,21.293129606073705
17,18,108,0,35.45,35.40662293086452
17,18,108,1,35.95,67.50709514367243
17,18,108,2,29.85,35.83041195761823
17,18,108,3,22.25,24.08291598011468
17,18,108,4,21.85,23.747077382501754
17,18,108,5,24.05,23.500223963098513
17,18,108,6,22.157894736842106,24.77737130235915
17,18,108,7,18.789473684210527,19.068819655157885
17,18,108,8,21.05263157894737,24.55260494034646
17,7,108,0,20.5,20.866745137456846
17,7,108,1,22.85,29.819236108680972
17,7,108,2,16.1,15.368799562750501
17,7,108,3,17.8,21.12519074968381
17,7,108,4,21.45,20.456565025232827
17,7,108,5,15.25,14.664224278297523
17,7,108,6,19.45,24.571003449723328
17,7,108,7,13.75,13.91657474494277
17,7,108,8,20.85,19.36158703803949
17,7,108,0,51.3,107.42346112465377
17,7,108,1,26.105263157894736,30.18074208800135
17,7,108,2,22.0,22.18357750929978
17,7,108,3,18.526315789473685,16.453194289838713
17,7,108,4,22.473684210526315,22.011028601974946
17,7,108,5,26.894736842105264,57.01256658437691
17,7,108,6,17.210526315789473,14.592916650699715
17,7,108,7,13.578947368421053,9.529578453272528
17,7,108,8,49.22222222222222,50.99429674633816
17,7,108,0,25.15,23.83114945214616
17,7,108,1,25.4,29.645981355426844
17,7,108,2,22.1,30.867970113814877
17,7,108,3,22.6,27.454076487645214
17,7,108,4,15.75,17.820375682731388
17,7,108,5,15.3,13.761502365963572
17,7,108,6,43.1,108.23556181821787
17,7,108,7,13.0,11.050389636167184
17,7,108,8,35.73684210526316,44.05532141557067
17,7,108,0,34.3,38.396957116280376
17,7,108,1,24.4,16.721873478518457
17,7,108,2,22.95,30.816050158455106
17,7,108,3,36.95,63.550622175926556
17,7,108,4,15.2,17.331443891621408
17,7,108,5,25.210526315789473,21.180648787063525
17,7,108,6,18.105263157894736,22.43730706965548
17,7,108,7,18.94736842105263,18.697812362265886
17,7,108,8,43.526315789473685,30.997075885481397
17,7,108,0,21.75,25.696354441417313
17,7,108,1,17.95,14.957747508442433
17,7,108,2,16.05,13.937737489126038
17,7,108,3,21.6,22.765162674115622
17,7,108,4,17.7,17.149804356717432
17,7,108,5,14.55,13.476978421308726
17,7,108,6,14.35,12.244332738476453
17,7,108,7,13.8,12.947667946899081
17,7,108,8,31.8,24.793038072049686
17,3,108,0,41.1,50.130251398363825
17,3,108,1,28.5,43.17467581324668
17,3,108,2,20.75,16.870637837753247
17,3,108,3,32.85,38.070951766682334
17,3,108,4,10.578947368421053,9.148866289653867
17,3,108,5,29.0,35.78795576416426
17,3,108,6,25.210526315789473,32.03917558130709
17,3,108,7,15.0,16.45870252750468
17,3,108,8,23.57894736842105,29.453005486091616
17,3,108,0,17.4,14.971551971023333
17,3,108,1,45.15,109.24105407188655
17,3,108,2,12.263157894736842,10.978980448835241
17,3,108,3,27.94736842105263,45.61124822795667
17,3,108,4,15.105263157894736,16.020454761342886
17,3,108,5,23.157894736842106,25.558784438785505
17,3,108,6,25.263157894736842,30.222953207534093
17,3,108,7,17.263157894736842,22.805560007407447
17,3,108,8,27.105263157894736,25.638284603828325
17,3,108,0,39.1,37.374210077904905
17,3,108,1,35.25,46.94663824072245
17,3,108,2,18.55,18.386136081297778
17,3,108,3,24.0,33.662410708932335
17,3,108,4,27.2,38.41271719242552
17,3,108,5,17.0,20.501604558514053
17,3,108,6,26.0,28.550970119014206
17,3,108,7,17.210526315789473,20.882153324917912
17,3,108,8,24.526315789473685,24.21057716750317
17,3,108,0,31.0,28.421637420884295
17,3,108,1,15.9,20.146568207174038
17,3,108,2,19.2,23.248316294439814
17,3,108,3,12.5,17.20312089189205
17,3,108,4,19.6,15.432024119377619
17,3,108,5,11.05,11.15665956420554
17,3,108,6,28.5,30.18277654557314
17,3,108,7,14.7,13.42464348247576
17,3,108,8,39.25,33.98122546657972
17,3,108,0,17.9,21.963845890822252
17,3,108,1,16.1,17.5376287180631
17,3,108,2,17.05,20.607803836104623
17,3,108,3,14.7,25.051735941531287
17,3,108,4,10.65,12.35132637241421
17,3,108,5,37.4,106.91875912407319
17,3,108,6,37.36842105263158,105.07786029961878
17,3,108,7,15.777777777777779,19.021831283014713
17,3,108,8,22.944444444444443,22.615643264374288
18,33,108,0,29.1,39.64168459960723
18,33,108,1,29.95,33.24150069447907
18,33,108,2,14.15,15.201367667001822
18,33,108,3,22.85,20.726984699585273
18,33,108,4,13.9,19.2597207172187
18,33,108,5,24.6,23.177575369309015
18,33,108,6,15.1,17.567613743237267
18,33,108,7,21.15,33.75340138805507
18,33,108,8,20.0,20.331463819721186
18,33,108,9,19.1,19.056425908891008
18,33,108,0,25.15,29.4676897099536
18,33,108,1,13.75,16.28972876256369
18,33,108,2,24.75,19.078439194684222
18,33,108,3,11.1,10.93954680096604
18,33,108,4,15.15,26.592984828808955
18,33,108,5,20.0,26.598377473269423
18,33,108,6,13.55,14.514874403430724
18,33,108,7,17.3,18.04701462408964
18,33,108,8,16.8,16.01183772614565
18,33,108,9,16.6,18.233572274645933
18,33,108,0,31.15,23.769230441675507
18,33,108,1,29.4,33.10016695775988
18,33,108,2,28.35,29.977667125975454
18,33,108,3,27.1,32.296162392196976
18,33,108,4,24.05,30.581168956350282
18,33,108,5,22.4,30.023499568101478
18,33,108,6,16.5,12.975685764252754
18,33,108,7,15.5,13.212832677681991
18,33,108,8,19.31578947368421,17.89802171432781
18,33,108,9,16.736842105263158,16.250955887315122
18,33,108,0,27.2,22.082619981858084
18,33,108,1,20.05,24.219337641427643
18,33,108,2,18.2,19.845720737200434
18,33,108,3,22.1,24.120094265330327
18,33,108,4,21.7,25.321303699703765
18,33,108,5,38.05,105.21530557060503
18,33,108,6,16.31578947368421,19.72323117425784
18,33,108,7,21.105263157894736,17.129878824382025
18,33,108,8,24.42105263157895,32.170234326286575
18,33,108,9,20.736842105263158,19.4446282363912
18,33,108,0,39.1,108.9745986819623
18,33,108,1,26.31578947368421,37.78896463192947
18,33,108,2,13.631578947368421,12.383728240970036
18,33,108,3,19.63157894736842,29.303413768356958
18,33,108,4,9.263157894736842,6.813728831175726
18,33,108,5,14.210526315789474,15.171533824781568
18,33,108,6,12.947368421052632,14.766605282831508
18,33,108,7,11.947368421052632,14.2496537354052
18,33,108,8,15.263157894736842,17.149156458889227
18,33,108,9,17.894736842105264,22.87379562547041
18,34,108,0,44.05,31.618573821826875
18,34,108,1,27.8,25.069587362505903
18,34,108,2,21.5,21.67826949784167
18,34,108,3,30.1,30.44045092687654
18,34,108,4,41.15,75.75672629507804
18,34,108,5,18.105263157894736,27.09631942378502
18,34,108,6,33.526315789473685,36.76708736696847
18,34,108,7,34.94736842105263,42.66467923002784
18,34,108,8,27.263157894736842,27.432426281608894
18,34,108,9,21.5,24.646321763512464
18,34,108,0,25.6,19.516255033338645
18,34,108,1,25.75,26.62977162579704
18,34,108,2,17.9,16.068602926203635
18,34,108,3,23.7,26.48554720080965
18,34,108,4,28.6,28.33521149605762
18,34,108,5,18.05,15.496943671508095
18,34,108,6,18.05,14.594429362638769
18,34,108,7,23.35,21.074491939933353
18,34,108,8,13.25,10.656725082016717
18,34,108,9,18.85,16.07638018958248
18,34,108,0,22.7,27.57974084836835
18,34,108,1,30.2,36.718846444442214
18,34,108,2,33.0,27.171966978371003
18,34,108,3,22.05,25.80794451326955
18,34,108,4,33.85,34.746109210430426
18,34,108,5,28.7,20.22791193011853
18,34,108,6,22.05,21.402102700435766
18,34,108,7,16.1,16.195840921603754
18,34,108,8,22.1,25.17078507024824
18,34,108,9,25.4,26.073580094558714
18,34,108,0,25.55,24.099519540963115
18,34,108,1,15.35,12.832011779755716
18,34,108,2,34.45,55.777259089874136
18,34,108,3,34.5,28.799671050752973
18,34,108,4,20.15,22.64898045805757
18,34,108,5,27.35,28.837612500636077
18,34,108,6,18.45,16.677987383311415
18,34,108,7,16.55,13.713132391981052
18,34,108,8,12.1,11.111397657123824
18,34,108,9,19.45,19.597193676646665
18,34,108,0,26.25,19.139034238407834
18,34,108,1,20.15,21.680150999668363
18,34,108,2,36.1,45.96325763728654
18,34,108,3,12.85,11.51326466115909
18,34,108,4,24.55,21.483102294839224
18,34,108,5,28.3,33.242490248095685
18,34,108,6,21.1,22.682940494426294
18,34,108,7,16.0,15.141438435457076
18,34,108,8,23.25,26.49304774742552
18,34,108,9,25.95,25.742602412098286
18,45,108,0,32.35,37.28026852173454
18,45,108,1,18.95,23.660927151830094
18,45,108,2,19.25,24.330779726619184
18,45,108,3,13.0,12.187137309043237
18,45,108,4,21.55,19.470558070557384
18,45,108,5,21.9,30.538844978675584
18,45,108,6,17.35,18.86872935224895
18,45,108,7,49.25,104.51989233986437
18,45,108,8,21.68421052631579,21.1398849770311
18,45,108,9,23.736842105263158,29.62514342255608
18,45,108,0,33.95,51.304534528225616
18,45,108,1,26.4,30.484508576617973
18,45,108,2,22.85,21.448285417916768
18,45,108,3,18.65,21.595016481635415
18,45,108,4,13.15,12.646093634420327
18,45,108,5,19.95,27.44655092893708
18,45,108,6,16.9,18.00847753581337
18,45,108,7,15.68421052631579,11.70020242739865
18,45,108,8,13.368421052631579,12.530897486328165
18,45,108,9,12.0,13.085190950927014
18,45,108,0,20.0,13.905697431363576
18,45,108,1,17.05,17.936950981878603
18,45,108,2,18.1,19.920631991665534
18,45,108,3,15.6,11.957820607627902
18,45,108,4,19.45,29.83370577048718
18,45,108,5,17.65,26.735104067006816
18,45,108,6,15.95,14.445815274582753
18,45,108,7,21.2,27.213773602428066
18,45,108,8,19.5,25.23885892824793
18,45,108,9,25.05,21.0525032890828
18,45,108,0,26.55,47.95334904060952
18,45,108,1,18.4,28.077711707631057
18,45,108,2,27.9,39.51535344514505
18,45,108,3,23.31578947368421,24.83960241133534
18,45,108,4,17.36842105263158,21.35990669537411
18,45,108,5,17.0,16.45870252750468
18,45,108,6,15.157894736842104,17.036767944311034
18,45,108,7,17.736842105263158,27.14128078788872
18,45,108,8,14.736842105263158,15.249197083646944
18,45,108,9,13.631578947368421,14.967410992314786
18,45,108,0,31.7,32.41523358578575
18,45,108,1,17.15,15.971273554333996
18,45,108,2,20.55,18.1121506177483
18,45,108,3,14.45,19.326760830789166
18,45,108,4,19.7,29.926400947728588
18,45,108,5,19.15,19.298963702748395
18,45,108,6,19.75,13.102330045895615
18,45,108,7,21.8,27.287166831391836
18,45,108,8,14.55,14.641235927123235
18,45,108,9,13.2,16.475180695439075
18,39,108,0,36.2,31.7483526302837
18,39,108,1,26.35,30.726767004133638
18,39,108,2,14.05,16.477975731579605
18,39,108,3,18.65,23.367262299388454
18,39,108,4,42.15,107.80404982139927
18,39,108,5,17.31578947368421,19.174788515649475
18,39,108,6,25.94736842105263,28.052477973751913
18,39,108,7,16.57894736842105,19.667558707096212
18,39,108,8,19.263157894736842,20.59083427499602
18,39,108,9,23.842105263157894,20.09495005079285
18,39,108,0,23.85,27.616309063953302
18,39,108,1,22.9,33.47253390939785
18,39,108,2,14.55,11.927301719827058
18,39,108,3,13.5,14.873147828075583
18,39,108,4,20.5,21.122450017382974
18,39,108,5,17.5,22.001196139731753
18,39,108,6,15.95,13.770582680788097
18,39,108,7,20.95,19.731020193967087
18,39,108,8,22.45,24.254082673145763
18,39,108,9,19.35,21.096956627612627
18,39,108,0,28.35,37.31131477884846
18,39,108,1,37.5,79.28794957222958
18,39,108,2,20.42105263157895,35.26930643786729
18,39,108,3,13.578947368421053,14.679221102079724
18,39,108,4,15.736842105263158,21.452381647793167
18,39,108,5,39.10526315789474,109.80128249445406
18,39,108,6,22.833333333333332,23.749303395356797
18,39,108,7,11.705882352941176,13.98107965199019
18,39,108,8,13.647058823529411,11.428807770665475
18,39,108,9,17.529411764705884,22.158851637265702
18,39,108,0,40.5,44.98011256450776
18,39,108,1,31.85,69.41884697824845
18,39,108,2,21.9,20.690450377942607
18,39,108,3,16.789473684210527,16.39979318083826
18,39,108,4,16.68421052631579,19.547812129860656
18,39,108,5,15.526315789473685,17.874153969264086
18,39,108,6,29.0,40.29474738308539
18,39,108,7,17.42105263157895,25.693310390652453
18,39,108,8,22.473684210526315,22.076554735869635
18,39,108,9,15.368421052631579,14.522819309684824
18,39,108,0,29.2,26.102228176718434
18,39,108,1,24.8,48.32630317898699
18,39,108,2,21.0,25.173085041891785
18,39,108,3,23.05,20.579691062076865
18,39,108,4,24.25,32.21290195917746
18,39,108,5,17.7,18.035345414228313
18,39,108,6,13.842105263157896,14.31108023679064
18,39,108,7,22.157894736842106,21.045620177485166
18,39,108,8,18.57894736842105,18.007146079862864
18,39,108,9,41.8421052631579,105.22635028984725
18,34,108,0,24.15,27.658205216345362
18,34,108,1,15.8,17.261456912347874
18,34,108,2,18.7,14.488107645855436
18,34,108,3,11.1,12.87960443982329
18,34,108,4,18.2,21.184900282984575
18,34,108,5,26.35,34.356145546933895
18,34,108,6,20.4,15.974980438172688
18,34,108,7,19.5,30.698019822989096
18,34,108,8,17.4,14.467386189560804
18,34,108,9,21.45,25.378140199786117
18,34,108,0,34.15,35.47018763026657
18,34,108,1,23.75,13.691622486607987
18,34,108,2,20.35,18.128996836995405
18,34,108,3,31.5,63.56306441554512
18,34,108,4,25.35,36.765651876374186
18,34,108,5,17.42105263157895,21.08004793762651
18,34,108,6,21.31578947368421,30.97320101775969
18,34,108,7,26.105263157894736,40.27391592698142
18,34,108,8,15.11111111111111,15.70645760372199
18,34,108,9,15.823529411764707,12.655212829688242
18,34,108,0,21.05,21.142312277067816
18,34,108,1,15.25,12.276957449243127
18,34,108,2,20.55,23.660927151830094
18,34,108,3,23.15,21.29065769916838
18,34,108,4,20.9,26.574423794317724
18,34,108,5,16.45,18.391860327758838
18,34,108,6,22.4,23.791639398392828
18,34,108,7,20.95,37.662594873847695
18,34,108,8,18.65,25.33829014295205
18,34,108,9,21.7,23.22679940341148
18,34,108,0,25.95,20.763011139498705
18,34,108,1,38.25,36.73213851656339
18,34,108,2,31.5,35.05409353676415
18,34,108,3,21.85,31.330622316462883
18,34,108,4,30.0,32.2490309931942
18,34,108,5,30.2,34.625211380696214
18,34,108,6,34.85,33.905868146042835
18,34,108,7,20.842105263157894,20.702289615441995
18,34,108,8,24.94736842105263,27.603288218395942
18,34,108,9,18.444444444444443,16.85656521506304
18,34,108,0,31.05,22.255632048871064
18,34,108,1,28.95,26.466413671511653
18,34,108,2,36.25,43.324813602417386
18,34,108,3,20.9,19.668034445449
18,34,108,4,21.0,20.0
18,34,108,5,30.5,38.449556838182566
18,34,108,6,36.10526315789474,46.013156013425004
18,34,108,7,28.94736842105263,34.76504260222476
18,34,108,8,23.473684210526315,24.100180776299013
18,34,108,9,23.526315789473685,23.700371354457324
18,24,108,0,31.15,26.489868967111498
18,24,108,1,21.35,16.774902933282583
18,24,108,2,15.2,21.646927580703238
18,24,108,3,32.6,37.408695864942814
18,24,108,4,23.0,21.543102449691286
18,24,108,5,18.2,22.14212465438957
18,24,108,6,25.1,30.8577380894971
18,24,108,7,23.3,22.433762150172814
18,24,108,8,14.15,15.658443157136125
18,24,108,9,16.15,20.100471322046683
18,24,108,0,46.35,108.31643457943026
18,24,108,1,38.26315789473684,58.27982508292134
18,24,108,2,15.578947368421053,19.3083625793871
18,24,108,3,22.57894736842105,24.824530407270956
18,24,108,4,18.473684210526315,17.09245584413269
18,24,108,5,23.894736842105264,33.03515759651981
18,24,108,6,12.157894736842104,9.8390557241973
18,24,108,7,16.157894736842106,15.847408333137409
18,24,108,8,27.63157894736842,37.257677100484635
18,24,108,9,21.944444444444443,33.451408520810354
18,24,108,0,34.1,40.771377989441255
18,24,108,1,27.5,23.511475361708175
18,24,108,2,41.3,34.60316383466144
18,24,108,3,30.5,28.14716962493275
18,24,108,4,39.7,54.37017371200577
18,24,108,5,28.6,31.094761785971535
18,24,108,6,22.2,22.933771925630598
18,24,108,7,21.95,17.452114937435912
18,24,108,8,19.75,19.349622599338783
18,24,108,9,31.45,25.342859473938404
18,24,108,0,50.1,58.50766931284353
18,24,108,1,30.4,26.75306180214657
18,24,108,2,20.2,23.307103051035302
18,24,108,3,24.3,29.32414130299291
18,24,108,4,28.65,28.253132103966994
18,24,108,5,31.2,36.81189739029604
18,24,108,6,21.85,21.377004368935175
18,24,108,7,19.05,26.953126954614724
18,24,108,8,34.05,45.93069722275529
18,24,108,9,12.7,13.951419471263772
18,24,108,0,25.75,29.53120561817885
18,24,108,1,41.2,60.99663493738167
18,24,108,2,26.0,19.654917691857275
18,24,108,3,39.3,42.26744423436628
18,24,108,4,23.05,21.05750272593195
18,24,108,5,17.25,15.633550292139086
18,24,108,6,20.2,16.554853001302575
18,24,108,7,18.736842105263158,17.650439419343257
18,24,108,8,16.05263157894737,13.496804906719904
18,24,108,9,20.263157894736842,28.207253017743817
18,31,108,0,28.0,26.72668684056601
18,31,108,1,26.6,21.124692461168454
18,31,108,2,23.15,24.05755161012201
18,31,108,3,24.0,23.792966674164337
18,31,108,4,25.7,27.499473679173914
18,31,108,5,18.2,16.65311729945699
18,31,108,6,22.6,19.746818531228342
18,31,108,7,22.7,24.691997425119446
18,31,108,8,13.85,12.778579939224777
18,31,108,9,21.7,14.966981202493356
18,31,108,0,19.25,10.944236647179816
18,31,108,1,24.9,30.282703070617025
18,31,108,2,19.2,12.37399650370422
18,31,108,3,26.05,31.591929349123326
18,31,108,4,20.95,25.797745719549344
18,31,108,5,13.1,10.799122771391152
18,31,108,6,16.0,14.396637034208263
18,31,108,7,31.95,40.28252200331266
18,31,108,8,17.05,20.085278714835688
18,31,108,9,15.15,12.166714731940626
18,31,108,0,18.45,13.402572416085691
18,31,108,1,22.7,21.24568067557312
18,31,108,2,25.4,24.968190289161715
18,31,108,3,17.9,14.348665809973964
18,31,108,4,32.3,33.00574112739208
18,31,108,5,20.1,23.39118142422594
18,31,108,6,26.95,20.200247523235948
18,31,108,7,16.2,27.509998182479038
18,31,108,8,24.0,19.21895993680802
18,31,108,9,17.75,26.34962298741573
18,31,108,0,43.65,39.077891178355166
18,31,108,1,30.7,35.51737899291438
18,31,108,2,25.6,30.4551438918565
18,31,108,3,20.85,17.583709566108713
18,31,108,4,26.7,23.88591304734368
18,31,108,5,16.2,13.690565326069207
18,31,108,6,34.85,25.404672177004226
18,31,108,7,21.57894736842105,18.536198188270806
18,31,108,8,23.157894736842106,40.44785828404369
18,31,108,9,17.94736842105263,13.104171024739186
18,31,108,0,21.15,14.772930436586051
18,31,108,1,24.3,22.73207796091358
18,31,108,2,17.65,16.30393882019408
18,31,108,3,21.35,21.45809870421888
18,31,108,4,20.55,20.724953177523137
18,31,108,5,18.95,20.618017159245632
18,31,108,6,18.4,27.43298053534525
18,31,108,7,11.85,10.936539431504011
18,31,108,8,20.35,20.655762545008827
18,31,108,9,20.75,22.159410499474266
18,26,108,0,34.7,39.28854125167045
18,26,108,1,26.7,26.501439881438024
18,26,108,2,12.8,10.773261246936178
18,26,108,3,30.55,40.13460903142403
18,26,108,4,17.9,15.05044150427768
18,26,108,5,21.2,38.51124237769647
18,26,108,6,15.2,20.67950930905175
18,26,108,7,20.736842105263158,23.748314806325748
18,26,108,8,35.73684210526316,45.56904664019104
18,26,108,9,16.0,20.71657477934601
18,26,108,0,22.0,22.06926894074535
18,26,108,1,36.2,48.26527573841533
18,26,108,2,17.2,16.165590486879026
18,26,108,3,29.6,59.785053580129436
18,26,108,4,13.25,13.501949177024304
18,26,108,5,20.210526315789473,25.975584577676912
18,26,108,6,9.157894736842104,11.644088428109667
18,26,108,7,15.052631578947368,12.967796369856309
18,26,108,8,16.68421052631579,13.609851952737714
18,26,108,9,15.789473684210526,15.013249508974182
18,26,108,0,20.95,31.849109712418713
18,26,108,1,21.75,41.17980470800552
18,26,108,2,19.35,19.990194964953247
18,26,108,3,23.3,25.194193148839926
18,26,108,4,15.7,18.25001802450444
18,26,108,5,16.0,21.638443156156644
18,26,108,6,18.210526315789473,20.71386799912996
18,26,108,7,20.36842105263158,30.41785025334775
18,26,108,8,11.052631578947368,15.101411575708653
18,26,108,9,10.789473684210526,13.750066453853236
18,26,108,0,26.15,29.00140649946772
18,26,108,1,17.95,14.076763234419152
18,26,108,2,35.85,35.30509878190401
18,26,108,3,26.15,30.678768588476025
18,26,108,4,18.45,14.834082378091338
18,26,108,5,14.0,15.536036207882358
18,26,108,6,30.9,37.353080616984556
18,26,108,7,35.25,31.886104876741
18,26,108,8,24.25,23.436083290515928
18,26,108,9,22.94736842105263,23.67247272492421
18,26,108,0,30.05,33.87511895492806
18,26,108,1,22.5,18.80229549255818
18,26,108,2,20.55,28.94909325004844
18,26,108,3,16.65,17.783123282601697
18,26,108,4,23.85,29.75916488641511
18,26,108,5,31.75,41.25386744230616
18,26,108,6,16.6,27.22112183000933
18,26,108,7,17.7,18.427953594585873
18,26,108,8,25.55,29.731208129541344
18,26,108,9,16.25,19.606322825477555
18,38,108,0,22.7,28.170720148484147
18,38,108,1,18.6,18.491534336156725
18,38,108,2,18.95,21.286207543358852
18,38,108,3,56.1,109.87883278747022
18,38,108,4,15.526315789473685,16.399079991310597
18,38,108,5,11.421052631578947,10.79256837660724
18,38,108,6,20.63157894736842,21.346898099713037
18,38,108,7,24.57894736842105,31.651427542799333
18,38,108,8,18.63157894736842,24.549746607236745
18,38,108,9,19.77777777777778,22.259315447313433
18,38,108,0,21.9,25.548509071753553
18,38,108,1,14.7,14.411618120187104
18,38,108,2,20.55,20.912033805795573
18,38,108,3,16.45,15.985108201401902
18,38,108,4,16.35,21.02698767123612
18,38,108,5,16.3,20.74684503598965
18,38,108,6,22.8,22.347965879412122
18,38,108,7,19.15,22.471678081297657
18,38,108,8,12.55,9.902019995940222
18,38,108,9,17.65,20.89138578457638
18,38,108,0,39.15,38.59816603224344
18,38,108,1,13.7,14.466294764400674
18,38,108,2,15.4,20.329910554596513
18,38,108,3,35.8,106.83760426090863
18,38,108,4,21.263157894736842,30.60835417054043
18,38,108,5,24.210526315789473,34.60825037692669
18,38,108,6,28.38888888888889,35.44032082063142
18,38,108,7,18.944444444444443,27.664953880363047
18,38,108,8,19.88888888888889,17.197431028701004
18,38,108,9,18.833333333333332,17.97792764344492
18,38,108,0,41.45,64.31867617778803
18,38,108,1,68.6,112.98924028885507
18,38,108,2,20.94736842105263,21.305903418250924
18,38,108,3,23.555555555555557,21.269205085459124
18,38,108,4,27.72222222222222,34.815151460848625
18,38,108,5,25.166666666666668,18.108334122880613
18,38,108,6,27.823529411764707,36.82939602769377
18,38,108,7,18.11764705882353,11.390140215012591
18,38,108,8,14.764705882352942,12.52761655186605
18,38,108,9,29.176470588235293,27.911098361847134
18,38,108,0,65.55,113.94203281539812
18,38,108,1,15.0,14.240006242195888
18,38,108,2,28.894736842105264,34.628014889749
18,38,108,3,23.157894736842106,20.251922152654867
18,38,108,4,22.05263157894737,23.526518569975284
18,38,108,5,27.555555555555557,37.70040134319406
18,38,108,6,21.11111111111111,26.550482191010456
18,38,108,7,15.277777777777779,15.403611324298772
18,38,108,8,18.333333333333332,28.752493498007112
18,38,108,9,22.555555555555557,29.36428847952044
18,29,108,0,24.15,17.71492085933865
18,29,108,1,19.65,17.676255259528247
18,29,108,2,40.75,41.10688890915334
18,29,108,3,15.25,13.618389270240053
18,29,108,4,10.2,12.26290941695408
18,29,108,5,17.65,16.803116878784877
18,29,108,6,14.65,13.460566188138714
18,29,108,7,34.65,45.476743622716825
18,29,108,8,20.55,19.656189597012034
18,29,108,9,19.0,21.68191096646914
18,29,108,0,28.2,31.96972251826307
18,29,108,1,22.25,29.08585295474869
18,29,108,2,21.9,30.18696128428543
18,29,108,3,24.45,23.42395310248397
18,29,108,4,14.7,20.19405853215247
18,29,108,5,18.85,15.91515332201226
18,29,108,6,15.55,17.309793394735276
18,29,108,7,13.45,13.457437779122271
18,29,108,8,32.15,35.41970162434877
18,29,108,9,27.05,20.187215860799782
18,29,108,0,24.0,28.721897019888026
18,29,108,1,27.75,33.05637131039229
18,29,108,2,17.55,16.828781736561982
18,29,108,3,16.4,10.961175503615141
18,29,108,4,22.2,19.866925701831807
18,29,108,5,16.9,23.58389280844025
18,29,108,6,15.85,17.033326466850678
18,29,108,7,12.1,10.847750191192935
18,29,108,8,19.0,17.444649307844635
18,29,108,9,10.2,10.763486032830968
18,29,108,0,28.4,30.606844779696278
18,29,108,1,19.8,15.575284064318394
18,29,108,2,23.05,37.14477366368404
18,29,108,3,23.35,17.460557053873707
18,29,108,4,24.95,30.306287344898898
18,29,108,5,21.85,20.757433671616994
18,29,108,6,20.0,45.022801240915115
18,29,108,7,18.8,20.04888761844013
18,29,108,8,15.35,16.332966340309532
18,29,108,9,27.42105263157895,32.50694932450544
18,29,108,0,43.05,39.8450617689121
18,29,108,1,17.8,19.744686160558427
18,29,108,2,20.95,38.57797981123156
18,29,108,3,19.4,16.822290976089153
18,29,108,4,16.9,15.737651801032017
18,29,108,5,13.5,14.97541845474566
18,29,108,6,14.8,21.734280465854418
18,29,108,7,15.65,14.622531280617306
18,29,108,8,13.7,10.583502554248735
18,29,108,9,18.0,17.841406600200674
18,28,108,0,29.55,31.47175007259016
18,28,108,1,34.3,55.285955197547814
18,28,108,2,21.95,24.57957003606643
18,28,108,3,13.6,10.251572408274999
18,28,108,4,35.55,36.78597415777978
18,28,108,5,34.95,44.89575645167837
18,28,108,6,12.75,12.673532303688328
18,28,108,7,30.05263157894737,29.239383038426723
18,28,108,8,20.105263157894736,18.606733359614456
18,28,108,9,20.157894736842106,23.504758756697044
18,28,108,0,33.0,33.602944733115905
18,28,108,1,25.8,39.45763884418193
18,28,108,2,26.95,36.891697825134756
18,28,108,3,18.0,15.210799487621665
18,28,108,4,22.1,22.615551240125388
18,28,108,5,17.1,17.627430776760225
18,28,108,6,26.15,35.46425183046637
18,28,108,7,30.0,39.01139434689421
18,28,108,8,15.263157894736842,14.73786546154405
18,28,108,9,28.157894736842106,25.80108343525032
18,28,108,0,20.5,18.849822001114074
18,28,108,1,21.8,28.7284930998734
18,28,108,2,16.8,17.653387925923962
18,28,108,3,15.9,18.917827849050635
18,28,108,4,10.65,14.456013136043897
18,28,108,5,9.5,8.094832659757314
18,28,108,6,12.55,14.247714498159088
18,28,108,7,12.2,15.585418286266647
18,28,108,8,14.95,14.540234559752864
18,28,108,9,15.65,23.548997073291567
18,28,108,0,33.55,32.202443516308705
18,28,108,1,23.5,20.043374019991326
18,28,108,2,17.7,15.245706902186216
18,28,108,3,25.7,27.81158410674077
18,28,108,4,26.5,36.03287972189611
18,28,108,5,25.95,34.18906411797723
18,28,108,6,29.05,27.317769424237213
18,28,108,7,15.0,12.182817926554552
18,28,108,8,25.25,29.818530091909377
18,28,108,9,16.7,18.160396471443015
18,28,108,0,26.5,30.725439485529698
18,28,108,1,22.45,22.048928843775943
18,28,108,2,20.05,21.644192122405006
18,28,108,3,18.3,21.735491228572872
18,28,108,4,17.8,21.276624188110887
18,28,108,5,11.75,12.447257148718176
18,28,108,6,32.35,40.45696218790635
18,28,108,7,19.5,28.947320574123136
18,28,108,8,38.05,105.71285586312025
18,28,108,9,12.777777777777779,14.035901679183722
18,42,108,0,28.7,19.120394182239302
18,42,108,1,19.5,28.12097924475978
18,42,108,2,27.6,24.288615483498912
18,42,108,3,24.1,32.9096050608809
18,42,108,4,28.65,39.40514927612487
18,42,108,5,20.2,25.071686694042153
18,42,108,6,11.75,9.430493652313
18,42,108,7,17.25,19.708066742753896
18,42,108,8,14.15,11.757528383304484
18,42,108,9,18.15,21.612070214289247
18,42,108,0,19.35,18.838021462764576
18,42,108,1,19.3,20.787394966028913
18,42,108,2,21.1,23.296487198491402
18,42,108,3,25.7,39.01834925964153
18,42,108,4,20.75,24.691517827618032
18,42,108,5,16.85,19.95330074264195
18,42,108,6,13.5,13.064616738592669
18,42,108,7,20.05,15.985108201401902
18,42,108,8,23.6,25.125788806680173
18,42,108,9,17.35,21.4973070528919
18,42,108,0,44.5,40.93833617064881
18,42,108,1,29.6,48.384860616127696
18,42,108,2,21.3,18.806773695722118
18,42,108,3,26.3,22.09334265052901
18,42,108,4,18.4,23.49781624792084
18,42,108,5,24.2,21.483408530893396
18,42,108,6,18.35,22.94679200145185
18,42,108,7,26.5,28.01221538054989
18,42,108,8,17.15,15.587697578201652
18,42,108,9,17.63157894736842,15.857737425538044
18,42,108,0,22.9,25.804732328127642
18,42,108,1,18.45,24.493769347368836
18,42,108,2,15.55,15.473151619907032
18,42,108,3,18.5,15.222905179539913
18,42,108,4,18.45,35.94948941881768
18,42,108,5,17.05,15.994982765986668
18,42,108,6,12.65,7.741038961956354
18,42,108,7,16.0,20.66270477021468
18,42,108,8,20.85,15.785653046524974
18,42,108,9,17.9,18.84814663511899
18,42,108,0,27.35,21.114412638115972
18,42,108,1,23.7,22.121911024331084
18,42,108,2,23.75,30.77400646136623
18,42,108,3,29.45,35.5949064954672
18,42,108,4,21.85,26.242342241419486
18,42,108,5,23.1,24.58904334518891
18,42,108,6,14.7,13.852987517423625
18,42,108,7,14.85,13.677776827663493
18,42,108,8,13.25,15.147954525802799
18,42,108,9,15.7,18.470745005349176
18,38,108,0,28.75,24.470981741001342
18,38,108,1,22.6,30.10053330529474
18,38,108,2,26.75,29.940071722306246
18,38,108,3,24.3,23.956319900141064
18,38,108,4,26.35,32.31469439255476
18,38,108,5,40.6,56.61541541981207
18,38,108,6,26.473684210526315,40.65623967561933
18,38,108,7,21.789473684210527,27.74002112345671
18,38,108,8,28.157894736842106,33.3120984993853
18,38,108,9,20.105263157894736,23.30926076534605
18,38,108,0,17.85,13.203966708610912
18,38,108,1,22.7,24.804710927775922
18,38,108,2,29.25,44.35369206729018
18,38,108,3,17.7,20.188845278623802
18,38,108,4,25.85,25.016363066054016
18,38,108,5,23.7,31.234427699002435
18,38,108,6,12.8,11.185516951562148
18,38,108,7,16.65,21.94076954942676
18,38,108,8,17.36842105263158,19.687024848067345
18,38,108,9,10.157894736842104,10.573883749307045
18,38,108,0,22.45,25.328317832231306
18,38,108,1,14.7,13.45205912627662
18,38,108,2,17.6,21.837678689052915
18,38,108,3,27.1,30.528502643991736
18,38,108,4,29.45,33.039808524996346
18,38,108,5,15.45,22.525949947840857
18,38,108,6,15.15,16.323296235748465
18,38,108,7,20.6,18.103212858204856
18,38,108,8,16.31578947368421,17.71393874131313
18,38,108,9,18.157894736842106,17.5855469630121
18,38,108,0,27.4,24.864686436368892
18,38,108,1,31.6,48.86436652397608
18,38,108,2,21.2,21.476057660370977
18,38,108,3,14.55,16.544914944668523
18,38,108,4,28.75,39.298955389893536
18,38,108,5,25.0,39.349981609037364
18,38,108,6,16.25,15.986425162420904
18,38,108,7,18.157894736842106,16.991053717552322
18,38,108,8,18.157894736842106,20.846697467983688
18,38,108,9,14.578947368421053,14.698132116677215
18,38,108,0,24.85,16.50287056369604
18,38,108,1,27.75,22.775506233902384
18,38,108,2,17.25,23.224023405902233
18,38,108,3,16.3,19.88149099566042
18,38,108,4,21.6,25.226135152592082
18,38,108,5,27.95,28.533406091069725
18,38,108,6,12.8,10.293585125545041
18,38,108,7,18.0,17.9648780153182
18,38,108,8,18.15,16.096011274454565
18,38,108,9,20.8,19.069402331042202
18,47,108,0,22.0,16.99535540267275
18,47,108,1,26.0,20.99624026494167
18,47,108,2,18.8,16.59613144523049
18,47,108,3,25.3,29.56188869402452
18,47,108,4,22.4,21.07480411346812
18,47,108,5,23.3,28.114615041777977
18,47,108,6,32.15,31.86199683173142
18,47,108,7,26.7,37.79181197867574
18,47,108,8,24.25,16.27679976304666
18,47,108,9,15.473684210526315,16.466695077750902
18,47,108,0,24.55,30.67568040681498
18,47,108,1,30.5,31.99753279962625
18,47,108,2,20.4,18.776805400616784
18,47,108,3,20.7,27.771814564599953
18,47,108,4,21.8,26.670701449145913
18,47,108,5,16.45,18.633515361757212
18,47,108,6,22.0,30.948173995959927
18,47,108,7,21.25,32.64461751394216
18,47,108,8,12.55,11.33914969428809
18,47,108,9,13.25,12.681835331229507
18,47,108,0,29.6,22.356913448581597
18,47,108,1,15.85,21.883122552130878
18,47,108,2,19.75,21.528133368125285
18,47,108,3,19.4,18.508603973628905
18,47,108,4,28.8,30.6346896593766
18,47,108,5,18.9,15.979921612349735
18,47,108,6,20.2,19.89604562668038
18,47,108,7,32.7,45.92568367539706
18,47,108,8,20.15,18.949447985294146
18,47,108,9,30.57894736842105,33.34219180536824
18,47,108,0,24.1,22.386321011301806
18,47,108,1,23.65,25.238389722592718
18,47,108,2,23.0,19.822900101172195
18,47,108,3,22.45,28.673249958068837
18,47,108,4,14.25,11.516007166228736
18,47,108,5,23.05,23.03652705915908
18,47,108,6,24.35,34.57299676428351
18,47,108,7,29.85,34.44946718707975
18,47,108,8,13.166666666666666,13.14287997805835
18,47,108,9,15.777777777777779,23.816839212316975
18,47,108,0,26.9,22.659725459385797
18,47,108,1,22.7,28.371779900754238
18,47,108,2,16.6,24.288615483498912
18,47,108,3,18.8,25.547891044900464
18,47,108,4,16.0,23.065125189341593
18,47,108,5,17.2,20.763327996101303
18,47,108,6,44.75,105.14244723481718
18,47,108,7,14.789473684210526,12.651653152271448
18,47,108,8,19.77777777777778,17.40708292470948
18,47,108,9,15.5,12.802803001916509
18,31,108,0,44.3,47.21852892333909
18,31,108,1,27.6,23.448487775278142
18,31,108,2,26.75,24.546143442397156
18,31,108,3,20.5,16.44608416038682
18,31,108,4,14.45,13.816370915083235
18,31,108,5,28.3,27.482243070945394
18,31,108,6,24.4,18.465900294440303
18,31,108,7,26.842105263157894,30.375909968801732
18,31,108,8,14.105263157894736,9.20684972568495
18,31,108,9,21.0,20.50203241957571
18,31,108,0,35.1,30.169521043596298
18,31,108,1,21.1,27.35324478009876
18,31,108,2,17.2,17.972493603164516
18,31,108,3,16.0,18.295814879509006
18,31,108,4,16.25,31.973467618932848
18,31,108,5,19.65,18.8659397913416
18,31,108,6,22.85,21.856650198388976
18,31,108,7,19.85,20.70411858340725
18,31,108,8,11.55,10.787297598271971
18,31,108,9,12.5,12.05906516408212
18,31,108,0,22.15,18.160903640860813
18,31,108,1,24.5,27.98965974483397
18,31,108,2,20.85,23.41451416716158
18,31,108,3,21.05,24.347214257595528
18,31,108,4,22.8,19.688628831464058
18,31,108,5,26.0,20.118072524604916
18,31,108,6,19.15,20.319228642632545
18,31,108,7,18.5,27.50215302576567
18,31,108,8,23.0,17.873826792562536
18,31,108,9,40.4,46.009609980158665
18,31,108,0,26.6,22.976876247768388
18,31,108,1,18.65,28.137397852231054
18,31,108,2,28.0,30.390441710650094
18,31,108,3,13.1,17.29587720877587
18,31,108,4,20.15,17.24521291318413
18,31,108,5,21.45,24.364501787814607
18,31,108,6,16.5,16.850737919184805
18,31,108,7,30.5,43.870023334486845
18,31,108,8,12.157894736842104,18.78315781608246
18,31,108,9,15.31578947368421,19.270162980279895
18,31,108,0,24.75,15.313822445579577
18,31,108,1,18.5,17.88118682037809
18,31,108,2,23.95,26.328841500089634
18,31,108,3,43.1,107.3753377545083
18,31,108,4,16.894736842105264,13.177821168927506
18,31,108,5,10.526315789473685,8.884245863403574
18,31,108,6,13.210526315789474,14.069584797508028
18,31,108,7,23.789473684210527,26.018324626583258
18,31,108,8,29.57894736842105,21.404349997848787
18,31,108,9,14.210526315789474,13.38564300272838
18,40,108,0,42.9,54.35933077315487
18,40,108,1,24.9,35.51263674272937
18,40,108,2,29.25,56.044038135436985
18,40,108,3,26.2,33.97925063453005
18,40,108,4,24.65,33.029930605277904
18,40,108,5,20.85,25.58427765558165
18,40,108,6,24.4,25.47527180785733
18,40,108,7,18.0,16.69541380455313
18,40,108,8,24.63157894736842,34.92247052212115
18,40,108,9,24.789473684210527,33.700608216351924
18,40,108,0,30.95,37.31582844627168
18,40,108,1,22.45,25.95233485084774
18,40,108,2,18.7,12.827191512769394
18,40,108,3,25.1,26.082662117926056
18,40,108,4,22.05,24.465819336157
18,40,108,5,12.95,14.306696996419838
18,40,108,6,18.05,19.3920086633644
18,40,108,7,16.95,24.707712411949004
18,40,108,8,18.894736842105264,20.58827804801694
18,40,108,9,12.894736842105264,13.666238760951934
18,40,108,0,26.1,24.595463852207853
18,40,108,1,17.5,21.46600739970548
18,40,108,2,18.3,18.815167453833343
18,40,108,3,11.0,8.801913667522893
18,40,108,4,21.55,28.446579666751543
18,40,108,5,18.0,19.01799701667649
18,40,108,6,14.45,10.889275264657133
18,40,108,7,22.95,25.485754534848017
18,40,108,8,14.65,17.079612346149336
18,40,108,9,15.45,15.571482030673218
18,40,108,0,30.75,24.04354602098363
18,40,108,1,20.45,18.751771846106198
18,40,108,2,33.9,42.08375108356143
18,40,108,3,28.85,35.14672253942262
18,40,108,4,39.4,39.09960290550815
18,40,108,5,23.8,26.765256347892898
18,40,108,6,25.842105263157894,21.135181722255158
18,40,108,7,22.88888888888889,33.697423341693074
18,40,108,8,16.333333333333332,19.60792156847059
18,40,108,9,14.411764705882353,18.20734337955915
