trial_id,stim_id,param_id,index,sample_n_mean,sample_n_std
0,46,22,0,25.3,26.89570499853873
0,30,108,0,29.45,24.049236775284246
0,46,22,0,25.7,39.06148998694238
0,30,108,0,26.65,14.925340514496954
0,46,22,0,20.7,35.3688831423448
0,30,108,0,24.7,17.723312034540392
0,46,22,0,21.75,26.714622449729266
0,30,108,0,31.75,23.19000465264019
0,46,22,0,48.0,108.23463790351619
0,29,65,0,8.4,7.351333570391014
0,24,9,0,15.55,13.716969897098075
0,47,22,0,17.2,21.182415746134936
0,29,65,0,12.15,11.540660384278846
0,30,108,0,32.95,48.282583762023776
0,24,9,0,15.45,12.734019913518853
0,29,65,0,15.95,14.046820205823694
0,24,9,0,16.95,22.640148316419523
0,47,22,0,28.85,47.25215116239349
0,29,65,0,11.85,11.230948781216828
0,24,9,0,16.35,20.602184350209082
0,47,22,0,22.25,28.805838224038435
0,29,65,0,10.85,11.490384996527357
0,24,9,0,11.7,12.876334882255895
0,41,108,0,51.75,108.97796735313544
0,26,65,0,10.5,11.11897382618416
0,47,22,0,18.45,15.51730782401584
0,39,9,0,13.65,10.484449637941244
0,39,9,0,9.5,6.863327411532597
0,47,22,0,11.5,8.457323204742366
0,26,65,0,15.65,16.21329863511984
0,41,108,0,18.8,22.180123866580235
0,39,9,0,12.3,16.399935815022026
0,26,65,0,12.0,21.07630248207189
0,39,9,0,8.95,8.165878945182104
0,26,65,0,5.75,6.671818185077951
0,36,22,0,27.5,36.44967691720217
0,41,108,0,21.5,17.111092124239484
0,39,9,0,8.35,9.980375480754322
0,26,65,0,13.9,14.293539210352863
0,38,9,0,13.4,11.913724946684944
0,41,108,0,20.6,21.42158282028468
0,36,22,0,28.95,23.553913519949568
0,39,65,0,12.5,15.36400441222754
0,38,9,0,11.0,11.37402396043861
0,41,108,0,14.25,11.538836026311548
0,36,22,0,18.35,15.855515394368377
0,39,65,0,11.05,9.533735116058024
0,38,9,0,13.55,13.937737489126041
0,38,9,0,9.1,6.687773604830959
0,39,65,0,11.1,11.451959152086276
0,36,22,0,14.7,14.440804759613059
0,33,108,0,25.1,20.480799737674715
0,39,65,0,11.15,10.07485144202868
0,38,9,0,15.5,17.41596363896308
0,36,22,0,16.2,14.759831692094167
0,34,9,0,11.2,9.395407612792875
0,39,65,0,17.15,21.372079671236587
0,33,108,0,29.95,30.000833321759576
0,34,9,0,22.85,19.3643051976949
0,44,65,0,19.0,22.247412623068165
0,24,22,0,53.0,108.07891853446236
0,34,9,0,15.5,18.599660438326627
0,44,65,0,14.1,12.859156066275972
0,33,108,0,39.65,46.08147818352779
0,34,9,0,18.5,19.066366087681043
0,24,22,0,21.6,20.858924632926435
0,44,65,0,19.45,18.126674151356994
0,34,9,0,10.45,10.806796107323535
0,33,108,0,19.6,12.300620437924858
0,35,9,0,10.35,13.156047238717578
0,44,65,0,12.75,11.665852101889424
0,24,22,0,33.4,36.07214992206591
0,35,9,0,10.7,10.800097465447148
0,44,65,0,12.45,10.20049018429997
0,35,9,0,10.55,9.472814287544953
0,24,22,0,18.15,24.19498643151206
0,33,108,0,31.55,31.341035820722162
0,35,9,0,10.5,11.01434471376687
0,24,22,0,18.55,14.203316884668727
0,35,9,0,14.7,10.508643059280702
0,28,65,0,39.5,108.98985949933237
0,34,108,0,29.65,42.44659182896474
0,44,9,0,11.45,10.440180478375488
0,47,22,0,23.45,21.26889253049355
0,28,65,0,13.0,13.564659966250536
0,44,9,0,13.2,11.468951220807558
0,44,9,0,11.95,14.449458194176803
0,34,108,0,30.75,29.577507456992063
0,28,65,0,19.9,32.436009878560974
0,44,9,0,11.35,9.44387855201787
0,47,22,0,45.8,69.81976797440679
0,44,9,0,10.65,8.725491993367239
0,28,65,0,19.15,18.601853331547932
0,47,9,0,6.1,6.2903434765226915
0,34,108,0,27.5,25.508512511048462
0,47,22,0,26.6,20.448651995206255
0,28,65,0,12.3,16.499122783699107
0,47,9,0,15.1,14.171505881428708
0,32,65,0,12.9,14.563472691707334
0,47,9,0,11.6,9.264533390698553
0,47,22,0,19.15,18.85477742056234
0,34,108,0,29.9,27.399385317730648
0,47,9,0,9.6,12.240571022112016
0,32,65,0,15.55,23.17774567849173
0,47,22,0,29.55,44.13314186103585
0,47,9,0,19.05,24.424911786728597
0,32,65,0,16.4,13.662857834674497
0,43,9,0,11.3,9.608658376145636
0,34,108,0,37.25,42.28583811707128
0,25,22,0,23.25,18.370098701852136
0,43,9,0,9.15,5.6872433429654885
0,32,65,0,16.3,19.21649510734271
0,43,9,0,13.2,9.54545910230012
0,25,22,0,21.95,23.57624808327675
0,39,108,0,26.15,22.3047670146753
0,32,65,0,14.15,14.950004400633043
0,43,9,0,9.7,10.58847436950594
0,42,65,0,13.95,14.460381446523026
0,43,9,0,12.05,12.124247128009749
0,39,108,0,18.75,19.633148660257973
0,25,22,0,25.95,25.68324253999913
0,42,65,0,6.7,5.722531644390673
0,30,9,0,20.25,25.01552149745181
0,42,65,0,15.95,16.05082388441232
0,25,22,0,24.45,23.453144778472673
0,39,108,0,25.0,19.314570447694337
0,30,9,0,14.85,15.366659055445844
0,42,65,0,13.25,13.376629266235787
0,30,9,0,13.4,17.358146881447187
0,25,22,0,21.45,24.52383373481054
0,42,65,0,7.45,7.667257795670051
0,39,108,0,21.6,19.845190322780187
0,29,65,0,13.65,15.768973533993565
0,27,22,0,26.25,26.253571185650152
0,30,9,0,33.1,110.28904607534933
0,39,108,0,24.6,20.037858904425995
0,27,22,0,17.6,18.201792855592405
0,29,65,0,21.4,28.07958614179947
0,30,9,0,15.5,19.080163300636276
0,46,108,0,24.15,21.086975276596437
0,29,65,0,10.55,10.257089974102893
0,41,9,0,12.15,8.869076970902299
0,27,22,0,18.5,18.251171555763065
0,29,65,0,10.3,10.208871271182675
0,41,9,0,15.55,18.523029762405162
0,27,22,0,17.6,21.658594987720353
0,46,108,0,23.85,20.42515219295228
0,29,65,0,12.3,12.937501589117625
0,41,9,0,11.45,7.789838184928389
0,27,22,0,16.05,18.774212437052558
0,41,9,0,10.5,9.891516833284868
0,29,65,0,18.35,21.87590599627578
0,41,9,0,11.75,13.360881628647748
0,46,108,0,27.6,25.039757859935676
0,29,65,0,15.2,15.292240894615393
0,47,9,0,17.25,21.430118991736837
0,33,22,0,39.05,38.6896899091109
0,46,108,0,17.35,12.926003982181363
0,29,65,0,9.75,6.7189833190822315
0,47,9,0,13.4,10.515151974775808
0,29,65,0,10.2,9.709463641753148
0,47,9,0,13.15,13.639242917714352
0,33,22,0,30.15,64.19401103398647
0,29,65,0,9.95,9.422677013739946
0,47,9,0,8.75,7.032817807663545
0,46,108,0,35.7,32.73996431210478
0,33,22,0,18.4,16.551037493319356
0,47,9,0,8.5,9.88086934168084
0,30,65,0,16.15,17.421326917859826
0,34,9,0,11.15,9.647879505226443
0,33,22,0,18.75,18.707935271035744
0,30,65,0,14.15,12.325732603400349
0,34,9,0,12.6,14.031543412123833
0,41,108,0,39.85,72.83526835118734
0,30,65,0,13.65,21.101945532655467
0,34,9,0,17.4,20.999749371938
0,33,22,0,33.7,44.949211104838845
0,30,65,0,14.35,15.634896865665599
0,34,9,0,16.15,15.428186781615688
0,41,108,0,24.2,39.56021393162313
0,30,65,0,11.9,6.896986374687976
0,34,9,0,15.3,20.094775440397434
0,33,22,0,30.0,35.09235934232018
0,41,65,0,6.75,3.9453503613347465
0,41,108,0,18.0,26.628042203266606
0,28,9,0,12.3,9.723005816375057
0,41,65,0,12.7,8.868038411236045
0,33,22,0,23.25,27.811158305899262
0,28,9,0,13.4,11.997368132439012
0,41,65,0,8.25,7.9331085033746875
0,41,108,0,27.5,41.96301629818935
0,41,65,0,8.9,7.9266373038867135
0,33,22,0,21.75,35.83716829743872
0,28,9,0,19.5,20.937249605729775
0,41,65,0,8.4,9.247474761992281
0,33,22,0,9.3,7.175249858110573
0,28,9,0,15.9,22.773253009431457
0,45,65,0,10.75,13.78738935633421
0,33,22,0,19.4,28.19929077122331
0,28,9,0,11.3,13.646283473223724
0,45,65,0,9.35,8.145227856978911
0,41,108,0,46.85,108.99747703502132
0,40,9,0,9.6,8.74432146565626
0,45,65,0,7.9,6.239939270959546
0,41,22,0,26.15,26.38036550562797
0,40,9,0,11.75,16.143680529935903
0,45,65,0,9.8,12.759310326189263
0,45,108,0,23.45,19.162669300930965
0,40,9,0,12.8,11.399907663522637
0,45,65,0,16.7,19.208276724809075
0,41,22,0,23.05,32.25796515264833
0,40,9,0,18.4,22.693379512188365
0,38,65,0,9.95,9.681642966269505
0,45,108,0,20.8,26.751487907463353
0,40,9,0,14.5,17.227578868901183
0,38,65,0,13.6,13.643583415695915
0,41,22,0,32.5,48.55002845681858
0,24,9,0,14.7,12.645365283687727
0,45,108,0,27.7,20.134024619246425
0,38,65,0,14.85,13.592858031837315
0,41,22,0,24.3,26.64207199149496
0,38,65,0,11.55,12.236593093108711
0,24,9,0,26.25,37.9083034925623
0,38,65,0,6.7,5.130917636200535
0,45,108,0,25.15,20.48690210585136
0,41,22,0,22.8,27.233106786834988
0,24,9,0,10.65,10.907626496606568
0,24,9,0,7.85,5.668704483946556
0,46,65,0,17.45,15.925732239630964
0,36,22,0,18.65,18.61316738225926
0,45,108,0,22.55,41.368020956951
0,46,65,0,10.35,10.77655838040679
0,24,9,0,16.05,18.363221251644333
0,36,22,0,16.25,15.341292747284848
0,35,9,0,10.5,7.18551173872595
0,46,65,0,12.35,18.143506885529685
0,27,108,0,21.95,24.38393560911515
0,35,9,0,13.3,14.116433126343436
0,36,22,0,24.5,29.75071869985488
0,27,108,0,19.65,16.345850914077953
0,46,65,0,24.35,32.3326053453948
0,35,9,0,15.4,13.751172198838367
0,35,9,0,7.9,6.6403867991334105
0,36,22,0,24.8,45.64231646872865
0,46,65,0,14.4,11.179869126434824
0,35,9,0,10.2,8.433017815330656
0,27,108,0,32.0,37.35463051688013
0,44,65,0,15.6,20.734918425334186
0,36,22,0,23.1,27.086411431020654
0,30,9,0,13.7,10.44836930112214
0,30,9,0,13.2,13.979684508148546
0,44,65,0,15.3,12.703501382233997
0,40,22,0,20.0,12.31174022502185
0,44,65,0,7.15,5.887319111088634
0,30,9,0,12.25,16.412046281859396
0,27,108,0,35.3,30.31258206717051
0,40,22,0,15.15,15.239405292996524
0,30,9,0,9.7,8.386078689678131
0,44,65,0,14.65,12.950411495189519
0,40,22,0,24.6,25.44219454288279
0,30,9,0,20.25,16.732807358756723
0,44,65,0,11.2,13.173338305276426
0,27,108,0,23.2,19.381488726698933
0,35,9,0,6.75,6.02516651877335
0,29,65,0,8.15,5.142956348249516
0,36,108,0,19.25,14.53806256548288
0,35,9,0,14.75,16.81125875871975
0,40,22,0,30.7,37.04776433342859
0,29,65,0,14.3,26.87221221771077
0,35,9,0,8.9,8.129866963370635
0,36,108,0,14.3,10.90678205232149
0,35,9,0,8.45,7.598303134668674
0,40,22,0,19.05,22.758399259220873
0,29,65,0,21.2,20.712569283306923
0,35,9,0,11.7,16.28399278594263
0,41,9,0,6.9,6.112110497761154
0,29,65,0,11.85,10.332753237820219
0,40,22,0,21.05,21.74124143068579
0,36,108,0,25.5,29.225979790878558
0,29,65,0,12.35,9.858338709197566
0,41,9,0,17.5,15.763048062177768
0,40,22,0,25.3,38.160464523267784
0,36,108,0,25.55,22.873738101518125
0,41,9,0,12.5,11.997806817125063
0,29,65,0,13.1,11.813907950065957
0,41,9,0,11.55,12.210758845335837
0,29,65,0,13.0,12.204399551844107
0,36,108,0,16.85,16.36837451338789
0,40,22,0,28.2,23.710091122824302
0,41,9,0,11.95,15.48335269010933
0,29,65,0,21.8,14.96522284287281
0,32,9,0,15.75,16.666622806959833
0,44,108,0,26.85,20.535655769776064
0,40,22,0,28.4,50.658194120783136
0,29,65,0,10.65,10.322560881772251
0,32,9,0,17.85,16.200308639035246
0,40,22,0,18.75,13.345115408386617
0,29,65,0,10.25,8.302662857560566
0,32,9,0,6.35,4.042862456491102
0,44,108,0,22.95,22.246170575250876
0,32,9,0,9.6,11.957820607627902
0,37,65,0,9.5,12.241000991061062
0,32,9,0,10.3,10.141628645289048
0,37,65,0,9.9,17.189041796875618
0,31,22,0,30.3,31.41085967087112
1,15,9,0,9.95,8.958823935974491
0,37,65,0,7.05,5.114221657094531
0,44,108,0,34.75,35.71653752299597
1,15,9,0,9.8,8.250039872311943
0,37,65,0,9.75,9.80265807131708
0,31,22,0,28.5,31.920130589364845
1,15,9,0,8.1,8.632252862010255
0,37,65,0,15.1,16.63825648760616
1,15,9,0,11.35,12.265806129235859
0,44,108,0,28.15,17.214666329676717
0,41,65,0,8.65,9.906271272598778
1,15,9,0,8.75,6.671818185077951
0,31,22,0,30.8,21.377804525156215
0,41,65,0,15.25,16.527090997574415
1,14,9,0,16.55,15.729539759720613
0,44,108,0,30.6,33.74111968940475
0,41,65,0,10.8,8.476593158748823
1,14,9,0,15.85,13.235816639152386
0,31,22,0,32.8,43.68138228003708
1,14,9,0,15.15,13.49181038142847
0,31,22,0,15.15,12.864782609082338
0,41,65,0,19.5,13.240686895840572
0,40,108,0,29.0,27.424537610648876
1,14,9,0,8.9,7.853259464103189
0,40,22,0,17.6,17.406592822382287
0,41,65,0,13.05,15.625468414031456
1,14,9,0,8.95,7.923814870708625
0,40,108,0,18.1,25.04291054212854
0,44,65,0,13.6,15.571228528755746
1,4,9,0,17.35,13.67007873538331
0,40,22,0,23.75,33.284855098788825
0,44,65,0,9.9,11.049648720303523
0,40,22,0,12.05,11.038091940376766
1,4,9,0,16.9,13.66093161653256
0,44,65,0,11.45,13.636155500803929
1,4,9,0,12.2,9.638737633004373
0,40,108,0,37.25,47.10109508169355
0,44,65,0,12.9,19.30612120000995
1,4,9,0,14.9,16.53035485338858
0,40,22,0,35.15,34.15641266754736
0,40,108,0,23.5,17.291616465790582
0,44,65,0,14.6,20.90681077644568
1,4,9,0,11.3,9.370165420097983
1,17,9,0,14.15,7.909188527143271
0,40,22,0,26.95,38.716887380328664
1,17,65,0,14.35,15.065733164684477
1,17,9,0,10.45,7.5705454159351575
1,17,65,0,8.7,5.786554287856961
0,40,108,0,29.15,24.344620069243007
1,17,9,0,11.65,13.884012009274704
1,17,65,0,11.85,13.452743801525163
0,33,22,0,29.1,42.674903261999944
1,17,9,0,8.55,6.6449426752903396
1,17,65,0,7.55,5.452908446537113
0,43,108,0,29.3,24.709043731096983
1,17,9,0,13.4,12.03241236695373
0,33,22,0,30.5,43.332860996076214
1,17,65,0,16.2,15.669615250709354
1,7,9,0,17.1,22.840176974150758
1,2,65,0,14.1,15.70082129933604
0,43,108,0,25.9,25.50521102586066
1,7,9,0,18.95,14.684309563899184
1,2,65,0,12.0,10.120328681993433
0,33,22,0,48.3,109.93687183776734
1,7,9,0,16.9,21.133410813959465
1,2,65,0,11.3,12.810768496608008
0,43,108,0,30.1,44.138418639548014
1,7,9,0,8.1,4.339536720361797
0,33,22,0,18.8,20.536488707202423
1,2,65,0,13.9,15.663904198406032
0,43,108,0,13.9,13.230347888969431
1,7,9,0,13.95,14.594429362638767
1,2,65,0,9.9,12.805837484686839
0,33,22,0,21.05,40.45592143243518
1,3,9,0,11.35,16.03376371746099
1,5,65,0,12.7,13.94009740961209
1,3,9,0,9.75,9.951857800642578
0,43,108,0,25.4,26.130039176557336
0,38,22,0,15.3,15.331769561754339
1,5,65,0,14.7,14.582253092823407
1,3,9,0,15.35,20.066402924186225
0,38,22,0,18.7,20.668053151001708
1,3,9,0,5.95,5.062504061076994
1,5,65,0,14.0,12.148207578421642
0,33,108,0,32.45,39.96376648389072
1,3,9,0,12.5,16.633827296395616
1,18,9,0,12.35,14.41590861002634
1,5,65,0,17.15,16.17104299601443
0,33,108,0,19.95,25.27215026362752
1,18,9,0,10.65,10.043458200818032
1,5,65,0,12.1,11.120867061993247
1,18,9,0,13.15,13.299287673840992
0,38,22,0,66.4,149.12636817213289
1,21,65,0,13.15,15.941587453146433
0,33,108,0,28.45,23.061645077578714
1,18,9,0,10.9,11.205731616125366
1,18,9,0,7.65,6.054793664179604
1,21,65,0,13.25,15.20690632574555
0,38,22,0,17.35,18.09412524608616
1,17,9,0,9.45,6.533114031407107
1,21,65,0,10.15,14.815621201250638
0,38,22,0,19.9,24.466733591380336
1,17,9,0,11.25,9.66205274038052
0,33,108,0,36.5,40.26295149585901
1,21,65,0,17.05,19.242154929107848
1,17,9,0,16.15,15.567425504626808
1,21,65,0,7.55,8.525349197972387
0,33,108,0,22.45,20.67155431733997
1,17,9,0,13.35,13.099919646197913
0,38,22,0,37.45,68.9312968412065
1,18,65,0,16.55,23.689826819477638
1,17,9,0,11.6,11.767036920768833
1,18,65,0,8.1,6.016643582596529
0,38,22,0,26.25,26.92851159722916
1,9,9,0,14.6,11.73568556964073
1,18,65,0,11.1,7.15909432672509
0,24,108,0,31.5,34.48340562006448
1,9,9,0,15.4,12.432554888382018
1,18,65,0,12.0,12.53626318871944
0,38,22,0,33.7,43.593939704359926
1,9,9,0,13.45,14.467659032985843
0,24,108,0,24.95,31.486797567435023
1,18,65,0,12.6,13.299782348832471
1,9,9,0,12.45,14.269861504878772
0,38,22,0,17.2,19.3107551162013
1,6,65,0,9.75,9.352033271743075
1,9,9,0,10.0,9.475730773096634
0,38,22,0,11.1,10.32574707377529
0,24,108,0,32.75,48.93698956176627
1,6,65,0,17.0,20.172936534403032
1,8,9,0,19.55,25.942192822139237
1,6,65,0,10.55,9.610712225099876
1,8,9,0,13.0,11.661903789690601
1,6,65,0,13.35,14.701503682491657
0,36,22,0,43.2,109.57362341078448
1,8,9,0,15.85,19.175848296613555
0,24,108,0,37.2,47.3604320748427
1,6,65,0,14.35,11.032368643892246
1,8,9,0,10.9,10.305338422390601
1,8,65,0,10.45,7.674119184841859
1,8,9,0,14.3,16.86509943484972
0,36,22,0,48.3,116.11613968237509
1,6,9,0,10.35,8.719457974462692
0,24,108,0,34.4,29.58733726302165
1,8,65,0,17.95,20.89692750017017
1,6,9,0,11.55,10.23654444162009
1,8,65,0,13.8,13.79015667251941
1,6,9,0,10.25,13.262035249062205
1,6,9,0,9.9,8.21359591742477
0,38,108,0,32.55,34.13822521825983
1,8,65,0,13.0,12.013150688877761
0,36,22,0,50.45,110.1025717946201
1,6,9,0,9.25,9.013878188659973
1,8,65,0,9.65,14.37203058575561
0,38,108,0,15.25,13.691622486607987
1,15,9,0,9.9,7.819678281173251
1,13,65,0,14.05,17.925210121355253
0,36,22,0,23.55,27.921836389614864
0,38,108,0,15.5,15.679352833046327
1,15,9,0,13.7,14.360398762972391
1,13,65,0,11.45,13.979213892513112
0,36,22,0,14.45,16.934782021191275
1,15,9,0,14.9,18.58947070393968
0,38,108,0,20.95,27.367816288864784
0,37,22,0,15.35,14.076015434998494
1,13,65,0,14.95,17.866390086887783
1,15,9,0,14.6,20.874058440788982
1,13,65,0,11.55,6.361686304084708
1,15,9,0,10.1,11.125598742019283
0,37,22,0,20.45,18.30293332832343
0,38,108,0,27.1,35.52597270789507
1,23,9,0,9.9,9.536081066416285
1,13,65,0,14.25,16.92669955705296
0,37,22,0,13.05,13.747631374933379
1,23,9,0,10.0,8.026272648719264
1,23,65,0,11.15,11.699190255380024
1,23,9,0,10.35,12.832011779755716
0,37,22,0,25.35,27.209276668851476
0,34,108,0,31.15,29.26516700789524
1,23,65,0,15.05,20.21847773956445
1,23,9,0,17.05,20.236691533215755
1,23,65,0,8.05,12.08075895141134
1,23,9,0,11.6,8.165395533011631
0,37,22,0,27.75,31.380307267624488
1,23,65,0,8.65,11.52240380622395
0,34,108,0,33.3,23.653418580118934
1,23,65,0,8.95,7.029823685742878
1,8,9,0,19.45,20.171566752812186
1,13,22,0,25.2,27.11884177001976
1,2,65,0,8.3,9.073385023764486
1,8,9,0,12.8,11.086264616988661
0,34,108,0,17.15,17.544754801724405
1,2,65,0,13.1,13.641654475982934
1,8,9,0,11.95,12.30949569277825
1,13,22,0,17.8,18.228375797380476
1,8,9,0,10.45,10.277594434906499
1,2,65,0,15.65,16.486916662997714
1,13,22,0,22.25,28.52676490227158
0,34,108,0,32.4,32.17452408350433
1,8,9,0,11.35,11.032368643892246
1,2,65,0,11.4,19.979989989987484
1,13,22,0,19.05,19.132433196015608
1,18,9,0,15.75,21.52813336812529
1,2,65,0,16.2,17.197307010722717
1,18,9,0,9.6,12.483251937991495
0,34,108,0,33.1,37.14537585445086
1,18,9,0,9.0,6.121575304652089
1,1,65,0,8.75,12.430332171536563
1,1,65,0,11.0,7.003758389532534
1,18,9,0,13.75,9.721787793134391
1,13,22,0,41.9,109.52572396714079
1,18,9,0,9.75,10.905696242162431
0,44,108,0,28.3,28.74589215504493
1,1,65,0,12.9,14.962760792257416
1,1,9,0,7.2,5.8723258191551135
1,1,22,0,26.05,28.019682931449232
1,1,65,0,11.25,11.804883021779368
1,1,9,0,16.7,27.768024018549408
0,44,108,0,28.8,29.0618215823477
1,1,22,0,17.1,16.296270157696565
1,1,65,0,17.45,19.170907234936127
1,1,9,0,15.7,17.05440211731116
1,21,65,0,10.95,14.306696996419838
1,1,9,0,13.15,12.231430608757183
1,1,22,0,24.45,21.54670569520523
0,44,108,0,24.05,22.065631766689975
1,21,65,0,10.35,8.975258389477972
1,1,9,0,20.95,27.060312753473294
0,44,108,0,15.75,12.594380534692112
1,1,22,0,24.25,23.701820938262816
1,21,65,0,13.6,14.766248855520413
1,11,9,0,10.25,8.949419269603915
1,21,65,0,11.55,13.307991267616135
0,44,108,0,18.3,14.981040649680128
1,11,9,0,9.4,9.664912121472677
1,1,22,0,21.6,25.146727316627942
1,21,65,0,8.6,7.021770656885251
1,11,9,0,9.4,9.505676974147717
1,22,22,0,15.55,13.284240762331093
1,11,9,0,20.15,23.270209100456047
1,16,65,0,21.3,19.20005482448313
0,42,108,0,32.8,27.871132018631748
1,22,22,0,20.05,22.892138388538537
1,11,9,0,11.0,11.21559065248953
1,16,65,0,13.25,12.756319383369418
1,8,9,0,11.6,18.43737622616795
1,16,65,0,6.65,5.070814322644525
1,16,65,0,6.3,6.63404298416806
1,8,9,0,12.4,11.208079792345295
1,22,22,0,38.5,109.42986218049491
1,16,65,0,9.75,10.202553859850871
1,8,9,0,13.95,11.28797683611335
1,9,65,0,8.3,10.85841899900233
1,22,22,0,21.55,30.96088364032063
0,42,108,0,60.2,108.0314768944681
1,9,65,0,8.15,9.045353561505022
0,42,108,0,15.5,11.887631785754648
1,8,9,0,34.55,109.99305001967888
1,9,65,0,13.45,12.947159818601957
1,8,9,0,10.3,8.169906267580592
1,9,65,0,9.05,7.170663919933187
1,22,22,0,41.4,109.47501517409542
0,42,108,0,16.3,11.603538480272208
1,11,9,0,13.5,23.480114767046697
1,0,22,0,21.9,33.724737133695236
1,11,9,0,10.4,12.441018743190652
0,42,108,0,31.5,41.300567091811985
1,11,9,0,16.35,12.47428934796857
1,0,22,0,20.95,22.9701751706081
1,9,65,0,42.4,108.65319042473482
1,11,9,0,12.2,13.395207312593875
1,23,65,0,10.7,14.93177466803066
0,47,108,0,20.9,21.32184449412337
1,0,22,0,21.75,29.196025324294435
1,11,9,0,18.3,17.794440290808755
1,23,65,0,12.5,14.332517316632796
1,6,9,0,9.95,7.917169882437058
1,0,22,0,25.45,22.967883755595036
0,47,108,0,25.3,28.40329854825056
1,23,65,0,12.1,11.822814697373085
1,6,9,0,8.95,7.903863146055792
1,6,9,0,10.1,8.878714937836918
1,23,65,0,15.35,18.966105501518673
1,0,22,0,21.45,21.573558377157706
1,6,9,0,8.05,6.303507795372018
1,23,65,0,7.4,6.938830479342512
0,47,108,0,27.4,22.39219788934953
1,6,9,0,11.95,8.635757974229806
1,16,22,0,20.2,23.412996840486514
1,21,65,0,17.65,29.56041983891013
2,26,9,1,9.3,7.881357083249319
0,47,108,0,25.0,25.505417381204992
1,21,65,0,8.8,6.428554720111954
1,16,22,0,22.5,39.16967140396683
1,21,65,0,11.7,8.118205661221864
2,26,9,1,16.35,18.94111373371915
1,16,22,0,19.5,22.13950981247873
1,21,65,0,16.25,23.75727035534264
2,26,9,1,14.0,25.657665316113313
1,16,22,0,18.75,23.370865803839028
0,47,108,0,41.05,74.36005931313282
2,26,9,1,9.55,10.287831340190726
1,21,65,0,17.5,17.875299040560794
2,26,9,1,10.65,14.932391495988636
1,18,65,0,9.7,8.47969711474972
1,16,22,0,30.3,46.531370289866075
1,23,108,0,33.65,33.00602018452168
1,18,65,0,9.35,7.801990299377394
1,11,22,0,14.25,14.212207502892122
2,42,9,1,15.3,17.402661623411156
1,23,108,0,15.4,11.904886214889821
1,18,65,0,14.55,13.176833738361466
2,42,9,1,8.95,9.757453291553187
1,18,65,0,7.15,7.94239126128702
1,11,22,0,31.5,49.56388753284413
2,42,9,1,11.9,18.806213978643505
1,18,65,0,12.2,13.229154406680324
1,23,108,0,30.4,35.36486510946318
2,42,9,1,7.5,4.478016478190693
1,11,22,0,21.0,18.54439906931754
1,7,65,0,9.9,8.920113286984174
2,42,9,1,7.9,9.558132387492972
1,23,108,0,17.95,20.392142449586082
1,7,65,0,13.4,17.6289236020927
1,11,22,0,23.2,36.91326961519679
2,46,9,1,13.6,13.064213876484352
1,7,65,0,15.35,15.628162837781364
1,7,65,0,11.25,10.949044659118366
2,46,9,1,13.2,11.260550608207398
1,23,108,0,41.4,43.17821087929469
1,11,22,0,44.05,68.63593887507592
2,46,9,1,8.85,6.595652475604469
1,7,65,0,18.85,23.952310074285876
2,46,9,1,13.6,15.267440415541342
1,4,65,0,13.05,10.169484797797358
1,14,22,0,30.6,32.29697720905325
1,8,108,0,30.55,27.869007498426786
2,46,9,1,16.55,12.795866931408586
1,4,65,0,14.7,11.416055176350266
2,44,9,1,8.3,7.269981539106366
1,14,22,0,33.5,41.16398528095314
1,4,65,0,15.0,19.109105021869603
2,44,9,1,9.95,12.470913527505767
1,8,108,0,42.55,103.04341190411984
1,4,65,0,12.65,11.352138680952542
1,14,22,0,15.8,15.820040588144087
2,44,9,1,10.8,5.297467120684832
1,4,65,0,11.85,13.842250349449763
1,8,108,0,19.8,20.737964169482424
1,14,22,0,27.0,23.085652869716565
1,17,65,0,9.5,11.185046408392534
2,44,9,1,15.75,20.07584303794514
1,14,22,0,18.45,14.62684986051697
1,17,65,0,14.5,16.024652061252702
1,8,108,0,23.6,20.69172221979245
2,44,9,1,12.75,12.091210378661543
1,17,65,0,11.45,9.800510190801292
2,41,9,1,9.75,11.317778283000507
1,3,22,0,33.9,45.88073784567069
1,17,65,0,20.3,25.57157138616817
2,41,9,1,11.15,7.935761827920095
1,3,22,0,14.3,18.290348331982724
1,8,108,0,44.9,47.90989349536109
1,17,65,0,14.75,16.851909153127526
2,41,9,1,10.65,8.827439278212358
1,3,22,0,22.7,25.579802888010565
1,19,108,0,17.7,16.199740088883168
2,41,9,1,10.1,16.811337026886914
2,41,9,1,8.3,9.701329263234198
1,3,22,0,26.2,39.65456103055884
2,34,9,1,9.1,9.089612347706526
1,19,108,0,30.1,50.939489386402066
2,46,65,1,19.55,23.771887421467973
1,3,22,0,21.4,18.745946930357757
2,34,9,1,9.3,9.733825990896522
1,0,22,0,12.9,10.958774422448219
2,34,9,1,7.25,10.192231303663021
1,19,108,0,33.4,40.88031311034689
2,46,65,1,9.2,10.066097346512882
2,34,9,1,14.7,14.495371312032136
1,0,22,0,31.25,52.4041731966172
1,19,108,0,22.85,24.234110366653812
2,34,9,1,12.95,12.076401520494857
1,0,22,0,16.35,19.669037918301417
2,46,65,1,12.15,10.413932974625869
2,28,9,1,10.7,8.485901620675877
1,19,108,0,24.15,22.34955551188764
1,0,22,0,25.55,27.647166029697946
2,28,9,1,13.4,12.474816737394539
2,28,9,1,11.6,11.099549540409287
2,46,65,1,11.8,15.521123128108187
1,0,22,0,23.5,26.095976701399778
1,23,108,0,28.95,23.114076367352197
2,28,9,1,10.7,11.589923027763113
2,28,9,1,11.7,10.35730100994107
2,46,65,1,9.2,8.697246993339784
2,33,9,1,7.25,8.16201084614763
1,22,22,0,50.7,110.9296125809895
1,23,108,0,57.4,108.95310434938703
2,33,9,1,11.05,13.967914360381345
1,22,22,0,28.8,49.052710639195375
2,33,9,1,12.7,17.085235238588165
1,23,108,0,24.45,25.893455787738706
1,22,22,0,21.35,19.356149573605528
2,33,9,1,11.25,10.944236647179816
2,45,65,1,34.5,104.05641182601514
1,23,108,0,13.3,13.207254784676808
2,33,9,1,8.25,7.122056178557307
1,22,22,0,27.45,44.33185263323356
2,34,9,1,7.45,6.030405415366716
2,45,65,1,8.85,9.626033779069626
1,23,108,0,36.05,30.763058844557122
2,34,9,1,14.45,20.361147212018132
1,22,22,0,32.2,43.73917911293814
1,19,22,0,14.55,17.99261544429591
2,34,9,1,22.2,48.06968625695518
1,8,108,0,29.4,27.20371491659104
2,45,65,1,15.9,20.222186877419148
1,19,22,0,16.15,13.275521597444317
2,34,9,1,14.45,14.978844730942512
1,19,22,0,15.95,13.766760120323385
1,8,108,0,23.85,30.637567238861987
2,34,9,1,9.5,9.746794344808963
2,45,65,1,7.0,6.087087282021456
1,8,108,0,17.8,16.12647382085547
2,24,9,1,11.25,13.23024843622411
1,19,22,0,25.6,22.887367234947938
2,24,9,1,11.4,9.349359674105465
1,19,22,0,18.3,22.497017346165784
2,45,65,1,7.95,8.394703844185269
2,24,9,1,9.05,7.229144231220558
1,8,108,0,31.85,28.98506875145056
2,24,9,1,8.7,6.69721073126323
1,17,22,0,37.85,80.99140630176043
2,26,65,1,10.25,12.0825014837683
1,8,108,0,31.35,60.5990055502911
1,17,22,0,24.75,25.953146041928793
1,6,108,0,29.7,27.985146436147723
1,17,22,0,23.7,20.986461801536926
2,24,9,1,57.25,150.04556325540446
2,26,65,1,14.15,19.55632889885011
2,36,9,1,15.0,18.447649971573185
1,6,108,0,27.15,22.036512762613828
1,17,22,0,33.85,51.8218354709571
2,36,9,1,7.2,6.485611605294974
2,26,65,1,12.2,12.505156831020596
2,36,9,1,11.05,11.166090584773546
1,6,108,0,23.2,20.148396827957356
1,17,22,0,33.7,27.301629024078782
2,36,9,1,11.2,14.343896556412163
1,6,108,0,19.35,14.64051695952384
1,21,22,0,29.25,34.10027781951961
2,26,65,1,18.1,31.027831309801105
2,36,9,1,32.85,109.02403163378344
1,21,22,0,17.9,25.884154876762164
1,6,108,0,33.45,38.59707515507251
2,29,9,1,7.85,5.5371948056565135
1,21,22,0,16.4,15.658863304850705
2,26,65,1,9.3,9.92657252556305
2,29,9,1,10.7,9.603179298106381
1,13,108,0,22.8,20.967644246866598
1,21,22,0,19.25,28.382490896214243
2,29,9,1,10.1,8.155721272437173
2,29,9,1,10.5,11.936234088292938
2,24,65,1,10.65,13.861248519751594
1,13,108,0,32.65,62.94799440808262
1,21,22,0,33.05,39.040431134375225
2,29,9,1,9.8,7.208182484984831
1,13,108,0,22.5,27.637693559035604
2,31,9,1,18.1,24.44521264077348
1,1,22,0,38.8,109.10091899849327
2,24,65,1,22.25,28.497229782264064
1,13,108,0,20.55,20.612911130239656
2,31,9,1,11.7,10.692348469324859
1,13,108,0,17.4,16.809771594302866
2,31,9,1,13.85,21.935971419229723
1,1,22,0,42.1,51.283422991101226
2,24,65,1,9.3,12.545076618674797
2,31,9,1,12.45,11.843163695389398
1,1,22,0,19.05,36.560656161335075
1,18,108,0,26.75,22.789367326845532
2,31,9,1,12.75,14.817752510879787
2,45,9,1,7.2,8.420526299341077
1,18,108,0,23.55,22.95183744507753
2,45,9,1,10.1,11.674984503539811
2,24,65,1,34.1,104.26479448222707
2,45,9,1,7.55,6.39469352378657
1,1,22,0,70.7,130.20999234030833
1,18,108,0,34.0,47.001679701228156
2,45,9,1,9.4,9.411079696433962
2,45,9,1,9.25,6.927253575932035
1,18,108,0,20.75,13.6029215128299
1,1,22,0,29.15,62.01381425049371
2,24,65,1,15.8,11.678139722079928
2,47,9,1,10.9,9.130054476115797
2,47,9,1,6.3,5.61107926573095
1,18,108,0,21.25,20.743737165201146
1,10,22,0,25.8,28.23883104782081
2,47,9,1,9.5,8.905941245802389
1,10,22,0,16.45,18.253982982813426
1,21,108,0,26.35,21.84219720969867
2,47,9,1,9.3,12.707643783420897
1,10,22,0,17.85,15.163234622287103
2,27,65,1,33.8,104.7893124321369
2,47,9,1,10.2,13.713612138847186
1,21,108,0,24.95,23.365460338758687
2,29,9,1,13.4,15.486496664751794
1,10,22,0,33.2,48.43834931343683
2,27,65,1,10.1,8.55877512141471
2,29,9,1,17.7,20.98896953414491
1,10,22,0,22.0,23.092491374789706
1,21,108,0,37.6,39.42134073396234
2,29,9,1,16.8,16.038112502148717
1,13,22,0,20.0,20.619357282341323
2,29,9,1,9.85,9.09757052589779
2,27,65,1,19.7,19.249333549639147
1,13,22,0,18.65,16.15801902918079
1,21,108,0,38.0,33.524539323339035
2,29,9,1,14.95,12.746413324209245
1,21,108,0,21.5,30.379182623008553
2,45,9,1,11.6,10.772284124695092
1,13,22,0,38.5,110.94545838763344
2,45,9,1,9.8,9.423375191511797
2,27,65,1,29.1,105.1399568495051
2,45,9,1,8.6,7.775805932167857
1,1,108,0,34.1,35.919354114460354
2,45,9,1,9.45,6.159929938084138
1,13,22,0,44.9,109.12807540731791
2,27,65,1,9.7,12.371869620018506
1,13,22,0,16.45,19.397436075826864
2,45,9,1,16.1,19.210468637260202
1,1,108,0,39.75,44.332327517939945
2,34,9,1,12.5,13.694024820682694
1,14,22,0,30.8,31.10017769453382
2,38,65,1,8.65,7.04328721101462
2,34,9,1,13.15,15.016745039420071
1,1,108,0,25.65,20.881306170075213
1,14,22,0,30.25,30.218284809732424
2,34,9,1,15.85,21.670438268222497
2,38,65,1,10.35,10.322560881772251
2,34,9,1,6.95,6.099827435005198
1,14,22,0,22.95,26.306843216167156
1,1,108,0,35.85,37.018167659165755
2,34,9,1,10.35,11.757528383304484
1,14,22,0,22.45,26.138245823636332
2,33,9,1,10.25,17.606443198592473
2,38,65,1,10.25,12.311205849699867
2,33,9,1,12.55,13.884770149529418
1,1,108,0,42.9,45.77622917950688
1,14,22,0,33.8,48.199803450134304
2,33,9,1,15.2,21.172474683194835
2,38,65,1,6.4,5.566818991507675
1,0,108,0,18.5,17.887072662150526
2,33,9,1,8.85,10.474404894538727
1,22,22,0,27.4,23.134389985474005
1,0,108,0,20.55,20.780747669037574
2,33,9,1,7.75,10.949044659118366
1,22,22,0,14.05,20.696999528281488
2,27,9,1,10.0,11.215590652489531
1,22,22,0,23.7,31.70771116571521
1,0,108,0,28.1,20.624206523811818
1,22,22,0,21.55,18.791025293446534
2,38,65,1,46.9,110.84265756847454
2,27,9,1,36.85,109.51389001064275
1,0,108,0,23.0,18.906974485901394
1,22,22,0,18.4,27.01734335765201
2,27,9,1,8.6,11.118500466860581
1,0,108,0,23.7,23.53295561547678
2,27,9,1,9.85,11.57254009327798
1,1,22,0,21.45,19.15992253582846
2,46,65,1,9.9,9.705668446840743
2,27,9,1,9.35,9.10335392213106
1,1,22,0,19.8,27.651211070841185
1,21,108,0,29.65,28.67288284296359
3,7,9,1,16.3,33.51841599071048
2,46,65,1,12.2,8.389216135517135
1,1,22,0,26.6,29.274382550007964
3,7,9,1,15.35,12.679344993874258
1,21,108,0,39.55,66.86630415671968
1,1,22,0,32.1,33.096191544297696
3,7,9,1,14.25,13.138432975535231
2,46,65,1,11.85,8.695280026361548
1,1,22,0,17.7,20.494158346118766
3,7,9,1,16.2,14.670414194274779
1,21,108,0,40.35,26.50178742730583
1,8,22,0,23.95,24.987312570056112
3,7,9,1,18.25,18.789344684799694
2,46,65,1,12.45,12.150265320906415
1,21,108,0,24.65,18.079575565581703
1,8,22,0,28.3,53.97572553813817
3,0,9,1,20.45,35.442280727372705
2,46,65,1,10.85,8.380899336241338
3,0,9,1,14.7,10.1830612706644
1,8,22,0,26.55,28.618130065066314
1,21,108,0,25.95,21.71459610977202
3,0,9,1,11.1,12.078253620715032
1,8,22,0,14.5,13.808845372670222
1,5,108,0,21.95,27.20579466139327
3,0,9,1,11.8,9.09945053286186
1,8,22,0,15.05,25.45062298896269
2,36,65,1,17.4,24.788367390668082
3,0,9,1,12.5,9.333020044867295
1,5,108,0,29.25,31.102335332863586
3,17,9,1,10.95,20.106231032090264
2,43,22,0,33.75,49.121626708877585
2,43,22,1,15.95,17.043211335648543
2,36,65,1,11.95,10.923056252475169
3,17,9,1,13.0,23.37114730422513
1,5,108,0,32.0,36.451842780650516
3,17,9,1,15.85,16.190559302455114
2,36,65,1,9.9,8.038722077020635
3,17,9,1,11.0,12.818572052833506
1,5,108,0,30.05,48.98600766921531
2,43,22,0,39.95,84.31299768687724
2,43,22,1,21.75,31.589263665798992
3,17,9,1,9.0,6.813299687492027
2,36,65,1,12.0,13.046475628145307
3,2,9,1,14.5,15.769724491135406
1,5,108,0,27.75,33.39851083979328
2,43,22,0,18.05,16.59573502598278
2,43,22,1,16.7,14.632695905870667
3,2,9,1,11.05,12.35643876476424
1,15,108,0,34.1,57.03267761371084
2,36,65,1,12.5,17.656070970214838
3,2,9,1,22.5,49.52564460644819
2,43,22,0,24.7,27.307411756556224
2,43,22,1,19.65,20.432881137493737
3,2,9,1,13.8,12.399490651678102
1,15,108,0,25.45,24.108253664188165
2,38,65,1,8.15,9.438303817284567
3,2,9,1,9.15,9.166730462297942
2,43,22,0,14.95,15.895961089137343
2,43,22,1,18.95,30.325384537849164
3,9,9,1,12.2,12.305753895936991
1,15,108,0,29.85,44.867377669609446
3,9,9,1,14.25,16.25414926783474
2,38,65,1,12.15,10.830147979744224
2,46,22,0,25.65,33.91362868414873
2,46,22,1,15.75,19.188469673766395
1,15,108,0,22.05,16.43319810627256
3,9,9,1,15.3,19.692638218379983
1,15,108,0,22.35,21.509545004852836
2,38,65,1,9.55,9.16213604145372
3,9,9,1,12.95,9.389103426733286
2,46,22,0,23.65,24.497636835546317
2,46,22,1,30.5,67.36741364378352
3,9,9,1,12.5,9.59440626505608
3,4,9,1,12.8,11.555814212129889
2,38,65,1,9.25,10.371392841546607
1,2,108,0,50.85,108.2853321456546
3,4,9,1,13.25,8.321658488546618
2,46,22,0,28.25,25.360298437559944
2,46,22,1,18.55,17.842807779990352
3,4,9,1,10.95,12.955287479797988
2,38,65,1,9.45,10.313379149128776
1,2,108,0,37.65,70.76370984889745
3,4,9,1,14.55,15.719498451889212
2,46,22,0,23.5,21.159793054405405
2,46,22,1,18.45,15.645665281644726
3,4,9,1,8.55,12.441336025735467
1,2,108,0,25.5,20.072237962970277
3,10,9,1,9.65,8.190334483241111
2,25,65,1,18.9,49.37173706740155
3,10,9,1,10.75,9.077879418500892
2,46,22,0,29.35,25.298793397480857
2,46,22,1,19.85,16.458160669758296
2,25,65,1,8.1,13.18651623918599
3,10,9,1,15.6,15.16366849101045
1,2,108,0,47.75,109.23363420716744
3,10,9,1,12.35,15.083190364738734
2,42,22,0,21.05,22.905928903831175
2,42,22,1,23.75,21.766403372846735
1,2,108,0,21.95,13.892349276528165
3,10,9,1,11.4,15.142828770011723
2,25,65,1,10.2,13.698251905376754
3,23,9,1,12.8,11.311847538613756
1,18,108,0,20.0,19.406998195170946
2,42,22,0,18.7,12.312167708580423
2,42,22,1,15.0,15.97036729630685
3,23,9,1,6.5,7.243872183475238
2,25,65,1,12.55,12.500421045540403
1,18,108,0,21.7,22.73902279990802
3,23,9,1,11.65,12.852503340021475
1,18,108,0,13.25,13.521425493209694
3,23,9,1,9.95,13.292162312707756
1,18,108,0,16.15,13.152046068558064
2,42,22,0,44.65,108.82834141314862
2,42,22,1,20.63157894736842,28.09153792379436
3,23,9,1,12.4,11.966620241321271
2,25,65,1,21.75,32.992622779869095
3,12,9,1,20.55,21.753342150962506
2,42,22,0,13.1,8.890562707903133
2,42,22,1,14.1,20.567987389707284
1,18,108,0,35.05,41.86629721034884
3,12,9,1,11.2,9.844047092425694
2,38,65,1,9.1,5.693024355805047
1,11,108,0,21.9,19.18305173021776
3,12,9,1,13.95,16.272272186307084
2,42,22,0,24.15,27.622025917544025
2,42,22,1,28.4,31.586806039697553
3,12,9,1,16.75,21.148285982556597
1,11,108,0,29.2,34.09985337211877
2,38,65,1,17.9,32.77820199943538
3,12,9,1,8.7,8.000657867687472
3,10,9,1,11.85,11.744091459560687
2,38,22,0,25.5,21.527216555597217
2,38,22,1,23.65,27.755084882631962
1,11,108,0,33.15,33.958604831548406
3,10,9,1,7.4,6.369334427758647
2,38,65,1,9.8,11.473539352055141
3,10,9,1,13.45,15.991691921942337
1,11,108,0,24.1,23.2444673666207
2,38,22,0,23.45,34.823577917086126
2,38,22,1,23.85,21.624243217667576
3,10,9,1,11.5,15.64238506514642
2,38,65,1,13.9,29.026122535979283
1,11,108,0,21.25,14.682158883273408
3,10,9,1,13.6,18.193116107039238
3,17,9,1,13.2,9.523378436358877
1,19,108,0,27.25,30.852578157219995
2,38,65,1,10.75,9.909458533192044
2,38,22,0,17.8,14.051034799877495
2,38,22,1,43.75,109.68561533093715
3,17,9,1,15.1,14.100765190136615
1,19,108,0,20.65,16.092741089990657
3,17,9,1,15.75,16.305875595850978
2,30,65,1,14.35,21.337574962098152
1,19,108,0,27.3,20.95132202837907
3,17,9,1,14.15,12.75384358990612
2,38,22,0,42.8,109.96822507577264
2,38,22,1,17.105263157894736,15.825067094265721
3,17,9,1,14.45,16.490747006794606
1,19,108,0,31.45,25.75691016120978
2,30,65,1,18.1,24.00855110821537
3,11,9,1,13.95,12.947159818601957
2,38,22,0,37.8,110.1188831266129
2,38,22,1,12.052631578947368,10.997341518195944
3,11,9,1,13.3,10.05825139140157
1,19,108,0,27.3,22.98306012330775
3,11,9,1,8.1,5.665221693994443
2,30,65,1,10.15,7.379024325749307
1,6,108,0,18.35,11.041905823295465
3,11,9,1,11.2,11.143088488055346
1,6,108,0,16.2,16.401540364117924
2,29,22,0,33.0,45.36750518064432
2,29,22,1,23.7,26.384006319618788
3,11,9,1,21.8,43.041717829150485
2,30,65,1,11.8,10.349675814907643
1,6,108,0,23.75,22.409760561439576
3,19,9,1,12.1,10.104194022390171
2,29,22,0,20.5,27.358247096817557
2,29,22,1,13.65,13.429249302999226
3,19,9,1,6.55,6.723681635595346
1,6,108,0,20.9,16.61609872509505
3,19,9,1,9.7,14.444448942869295
2,30,65,1,19.55,23.776315061311262
2,29,22,0,17.3,18.817964541195312
2,29,22,1,10.95,10.435138008821825
3,19,9,1,11.9,9.419464729456427
1,6,108,0,27.2,30.292608096087694
3,19,9,1,11.6,12.30062043792486
2,45,65,1,10.1,10.114606426247871
2,29,22,0,21.15,19.770459090056026
2,29,22,1,20.25,23.0420096893981
3,20,9,1,8.5,6.621337120488421
1,8,108,0,25.95,31.99913650150743
3,20,9,1,6.5,4.9043482318191245
2,45,65,1,8.05,7.423114681786034
3,20,9,1,18.25,22.152283950205362
1,8,108,0,34.45,32.947286446846064
2,29,22,0,20.75,19.47974656703186
2,29,22,1,42.5,108.4301861252571
3,20,9,1,13.55,9.981430126410796
2,45,65,1,11.25,9.678380682303157
1,8,108,0,43.55,76.2823529292395
3,20,9,1,32.1,68.37504931201917
2,45,65,1,8.5,6.770679822821184
2,43,22,0,16.65,17.091934077988828
2,43,22,1,42.55,108.42726157489903
1,8,108,0,20.45,25.32000457304357
3,2,9,1,12.0,10.042016991777992
3,2,9,1,9.4,8.56184928376427
1,8,108,0,16.4,17.768689197278274
3,2,9,1,12.2,10.018929452212998
2,43,22,0,26.7,35.62391272579048
2,43,22,1,15.2,20.257812008418412
2,45,65,1,12.8,15.949261655901852
3,2,9,1,15.45,15.387879714413652
3,2,9,1,18.1,25.833271080853116
2,40,65,1,15.5,15.732969071013699
2,27,108,1,19.85,18.27357885611153
3,19,9,1,16.55,27.248322014971468
2,43,22,0,54.55,108.84101152356902
2,43,22,1,35.73684210526316,51.7460058633226
2,40,65,1,10.55,9.880736175428481
3,19,9,1,18.6,17.85732932233473
3,19,9,1,14.75,26.74022202009943
2,43,22,0,22.4,30.832996679053537
2,43,22,1,23.8,25.098962025088646
2,40,65,1,12.45,16.978236843553265
3,19,9,1,14.6,15.353381249401503
3,19,9,1,8.25,7.946366266546318
2,27,108,1,40.15,97.70162687865971
3,0,9,1,14.9,13.094394140040876
2,40,65,1,9.85,12.355586846272802
2,43,22,0,32.4,58.93921936153692
2,43,22,1,25.4,32.77097560502682
3,0,9,1,12.35,11.4766353037263
3,0,9,1,17.45,23.401473187994405
2,40,65,1,12.1,16.30595628984439
2,27,108,1,16.05,20.270473730605257
3,0,9,1,14.55,12.475133160348271
2,41,22,0,31.1,32.16879822043976
2,41,22,1,31.9,49.11308111737753
3,0,9,1,9.85,8.374617037591378
2,39,65,1,7.9,6.711341539748807
3,21,9,1,10.95,8.178759396336215
3,21,9,1,10.1,9.716507928046449
2,39,65,1,9.4,10.869561556063458
3,21,9,1,10.85,13.697003129766822
2,27,108,1,19.1,22.37691479604536
2,41,22,0,29.55,28.314911451853696
2,41,22,1,29.55,26.800382950916756
3,21,9,1,11.3,14.800782340631082
2,39,65,1,13.85,9.609616893617833
3,21,9,1,13.7,16.428793721935115
3,19,9,1,11.25,10.973053118291286
3,19,9,1,15.05,18.593929399842192
2,39,65,1,13.5,21.313450164033434
2,41,22,0,56.45,133.71827218368279
2,41,22,1,25.36842105263158,30.813435969675794
2,27,108,1,21.25,19.949607567700752
3,19,9,1,13.85,11.797747331811406
2,39,65,1,9.45,12.975584359622658
3,19,9,1,14.55,17.608236708995026
2,41,22,0,31.8,40.74903938163838
2,41,22,1,20.95,15.886024973972694
3,19,9,1,13.05,13.888560230029531
3,22,9,1,7.55,5.915857369904436
2,35,65,1,11.35,9.75097835847093
2,29,108,1,22.95,25.718056323381667
3,22,9,1,11.35,9.376762992127203
2,41,22,0,24.55,29.686918969383417
2,41,22,1,24.35,27.8194838954738
3,22,9,1,11.7,13.135328016660383
2,35,65,1,9.7,9.021028066047743
3,22,9,1,17.9,17.0445237385409
2,28,22,0,22.65,22.539497495916386
2,28,22,1,20.15,17.01168329181603
3,22,9,1,16.3,18.293225665889487
2,35,65,1,12.95,21.313388428773813
2,29,108,1,35.2,41.51423345007551
4,25,9,2,8.5,5.951558840470195
2,28,22,0,24.6,20.717142660125695
2,28,22,1,21.2,26.506404389962263
4,25,9,2,11.85,14.034825107192239
2,35,65,1,12.45,16.696911154619684
4,25,9,2,12.55,22.14895744249543
2,28,22,0,16.0,12.896347912245707
2,28,22,1,23.3,18.9350691074858
4,25,9,2,9.7,6.657801122703628
2,35,65,1,13.25,16.114312043384878
2,29,108,1,34.65,33.238017231382564
2,28,22,0,22.3,20.85312042786277
2,28,22,1,21.05,20.453992018031204
4,25,9,2,14.85,21.69956342029901
2,32,65,1,13.9,14.465567101878424
4,24,9,2,33.35,107.86408357889937
2,28,22,0,25.9,31.02443858434322
2,28,22,1,41.15,108.2440104092309
4,24,9,2,10.5,9.643650760992955
2,32,65,1,13.65,15.002719051804192
2,29,108,1,18.2,20.242217477861775
4,24,9,2,11.05,16.76297612063719
2,28,22,0,28.0,51.13861451718107
2,28,22,1,17.65,23.784725306270342
4,24,9,2,14.35,18.963330264930843
2,32,65,1,30.9,91.90091918674385
4,24,9,2,16.85,19.39146583856984
2,28,22,0,22.2,19.08595515583452
2,28,22,1,25.4,29.58200021705945
2,29,108,1,34.35,30.47220476365133
4,32,9,2,10.45,11.682082546856916
4,32,9,2,16.8,17.367846880461546
2,32,65,1,30.5,104.83294982218641
2,28,22,0,28.3,35.40160567277318
2,28,22,1,22.65,26.923429436674272
4,32,9,2,12.15,13.00718424968537
2,32,65,1,8.4,6.946411417339702
4,32,9,2,14.8,17.551728060072517
2,28,22,0,24.5,31.246894582544225
2,28,22,1,18.6,15.645412981715156
2,46,108,1,27.3,23.337568537942378
4,32,9,2,13.7,19.9976314386953
2,41,65,1,8.5,8.804902940377803
4,25,9,2,12.25,15.032858746933769
2,28,22,0,35.9,109.6544332749119
2,28,22,1,21.157894736842106,26.787773243060677
4,25,9,2,12.95,12.605241182268506
2,46,108,1,15.45,16.256091975496123
4,25,9,2,7.5,14.791533851639947
2,41,65,1,32.5,104.46480142537057
4,25,9,2,12.7,23.01738473415257
2,39,22,0,57.05,108.5630910431446
2,39,22,1,18.36842105263158,20.2160841529593
2,41,65,1,8.55,11.691089724545288
4,25,9,2,10.1,9.02569431649094
2,39,22,0,12.6,12.828422391417877
2,39,22,1,17.1,26.127017675800253
4,45,9,2,14.0,15.758038884127814
2,46,108,1,37.45,46.64250941159283
2,41,65,1,11.1,10.715949745466727
4,45,9,2,15.1,24.768188425775854
2,39,22,0,16.6,23.166218599731085
2,39,22,1,22.2,35.951136428857374
4,45,9,2,6.65,7.421696500623589
2,41,65,1,11.2,16.083990078401108
4,45,9,2,7.1,7.886697661252141
2,39,22,0,23.95,18.791025293446534
2,39,22,1,27.05,27.72131044217749
2,46,108,1,26.85,19.18956679251021
2,44,65,1,13.2,19.381488726698937
4,45,9,2,34.0,108.2258846360849
2,44,65,1,11.2,10.175305504271758
4,27,9,2,32.6,107.90561177543817
2,39,22,0,29.2,27.544413895418163
2,39,22,1,41.3,47.46533361029755
2,46,108,1,19.15,15.366659055445846
4,27,9,2,16.75,26.692942098890803
2,44,65,1,10.8,11.623931756238258
2,29,22,0,21.3,23.389381306369284
2,29,22,1,18.45,20.25229031882307
4,27,9,2,12.75,16.994968295599172
4,27,9,2,6.1,4.865561037591278
2,44,65,1,10.25,11.652309461624922
2,29,22,0,16.55,20.795938368623307
2,29,22,1,20.25,23.82142998049843
4,27,9,2,7.95,9.276313923105448
2,37,108,1,23.35,22.618750954392734
4,28,9,2,12.2,14.088442445008454
2,44,65,1,9.4,9.23038460737146
2,29,22,0,21.25,31.500835410810097
2,29,22,1,19.15,17.005494468120094
4,28,9,2,11.7,10.47854951794379
2,40,65,1,12.3,11.996051982127067
4,28,9,2,11.45,14.073023839957067
2,29,22,0,19.7,24.081222210633218
2,29,22,1,22.4,37.60235155020578
2,37,108,1,16.65,25.075202680610264
4,28,9,2,14.1,36.27366740996037
2,40,65,1,16.65,20.46119562283176
4,28,9,2,10.9,13.412091951903543
2,29,22,0,17.75,20.965824321349356
2,29,22,1,37.5,108.90000241650957
4,33,9,2,9.15,9.953973023238934
2,37,108,1,11.8,9.134088840566882
4,33,9,2,6.1,5.340017740952198
2,40,65,1,11.15,11.636037487953217
4,33,9,2,7.5,8.18535277187245
2,30,22,0,26.55,30.03064224561657
2,30,22,1,25.8,25.99919027079194
2,40,65,1,10.5,8.12727700887249
4,33,9,2,17.55,34.53522229474379
2,30,22,0,22.2,25.777591247560654
2,30,22,1,24.85,25.57193156979985
2,37,108,1,14.95,16.52263200646473
4,33,9,2,16.8,18.65080779963558
2,40,65,1,8.75,7.538497686437334
4,42,9,2,11.15,9.275179101689684
3,21,65,1,12.6,9.954633938126769
4,42,9,2,21.6,40.057064558609774
2,30,22,0,25.1,26.809071520466233
2,30,22,1,51.5,114.15617188285252
4,42,9,2,17.2,20.990223288097972
2,37,108,1,32.35,64.60672524875736
3,21,65,1,8.9,6.72700762441573
4,42,9,2,9.65,8.791592874056322
2,30,22,0,11.3,8.026928363164107
2,30,22,1,27.2,34.95199715700317
4,42,9,2,17.0,23.38240454070674
3,21,65,1,21.2,26.400956920456302
2,30,22,0,17.55,20.116699007227016
2,30,22,1,28.05,36.93732244591755
4,45,9,2,7.45,6.134243830206055
2,42,108,1,24.25,27.68597402828257
4,45,9,2,8.4,7.816312227777576
3,21,65,1,15.05,15.483352690109328
2,46,22,0,17.6,12.274920945184384
2,46,22,1,18.95,16.640075278169803
4,45,9,2,10.7,11.290890599342276
4,45,9,2,11.4,21.253854139648972
3,21,65,1,11.35,8.31153288794362
2,46,22,0,24.55,31.22494785297571
2,46,22,1,29.05,39.47614202874546
2,42,108,1,16.95,20.03542914570665
4,45,9,2,11.2,13.659775755268111
4,27,9,2,11.85,9.18393907003445
2,46,22,0,14.75,11.47938655980683
2,46,22,1,16.05,15.31932044665717
3,14,65,1,13.15,17.977398090526425
4,27,9,2,13.95,21.379958643059798
4,27,9,2,12.3,15.103502556482857
3,14,65,1,14.45,11.283313249871991
2,42,108,1,26.0,23.748684174075834
2,46,22,0,44.65,110.9885129191305
2,46,22,1,13.894736842105264,9.188729430014343
4,27,9,2,8.6,13.052122231148546
4,27,9,2,12.65,12.018735374406077
2,46,22,0,15.15,13.417486626355217
2,46,22,1,16.85,18.39414952755645
3,14,65,1,17.0,18.356126182314522
4,27,9,2,10.85,9.794063723017445
2,42,108,1,16.0,14.520403068205713
4,27,9,2,10.7,11.48041811085293
2,40,22,0,21.5,22.816199231432496
2,40,22,1,23.95,19.30223603081968
3,14,65,1,14.25,13.277900119331646
4,27,9,2,8.7,8.645656043415828
2,40,22,0,14.05,12.642763688537823
2,40,22,1,15.7,14.531635181652188
4,27,9,2,9.55,11.803099503720913
3,14,65,1,18.85,21.413903501181064
4,27,9,2,9.15,6.063479980480204
2,42,108,1,35.0,39.37939616227328
4,41,9,2,19.85,19.145633004888992
2,40,22,0,46.7,88.3921287279169
2,40,22,1,25.3,28.2248490742317
3,14,65,1,17.25,18.778136783308174
4,41,9,2,8.1,5.72069189779293
4,41,9,2,12.5,18.531623043640266
2,40,22,0,18.6,13.865519520701248
2,40,22,1,16.05,20.974859638197948
4,41,9,2,11.05,13.339592828947413
3,14,65,1,18.5,35.17101079013795
2,47,108,1,16.15,14.593708089086668
2,40,22,0,17.9,24.069854481006775
2,40,22,1,16.65,20.249171523013505
4,41,9,2,8.05,8.654022490331181
3,14,65,1,8.05,10.535528862902547
4,41,9,2,14.8,18.70997482346614
2,30,22,0,28.65,21.337574962098152
2,30,22,1,32.65,36.65812899007029
4,41,9,2,32.05,107.99194658082513
3,14,65,1,18.85,22.834127275222336
2,47,108,1,43.75,99.99519725308915
4,41,9,2,14.25,11.990676202344623
2,30,22,0,16.05,15.722846267035816
2,30,22,1,21.45,22.98162881864327
3,14,65,1,10.3,8.523033806289746
4,41,9,2,11.55,9.428260988281874
4,41,9,2,7.35,10.839863079345024
2,30,22,0,24.8,24.695194503768285
2,30,22,1,20.1,18.237901541339095
3,8,65,1,11.55,9.816607839456776
4,25,9,2,8.7,9.504015771739526
2,47,108,1,20.85,18.91052338611605
4,25,9,2,16.1,36.95502244905997
2,30,22,0,22.7,20.287668019863954
2,30,22,1,25.85,20.961807374867576
3,8,65,1,6.85,6.072153870874728
4,25,9,2,7.3,5.497367791186883
2,30,22,0,19.3,15.124396464687528
2,30,22,1,17.0,15.72125614373235
3,8,65,1,11.95,8.580731167471749
4,25,9,2,37.0,108.2146988751139
2,47,108,1,26.8,38.25344841696593
2,28,22,0,19.45,14.423938435808715
2,28,22,1,16.9,19.547243714705797
4,25,9,2,7.6,9.121403400793104
3,8,65,1,13.0,16.79598949624269
4,30,9,2,13.4,12.840724688518005
3,8,65,1,11.35,18.365514021207193
2,28,22,0,29.0,33.76076826264786
2,28,22,1,34.05,45.82974786613695
2,47,108,1,29.2,27.67404255939033
4,30,9,2,34.85,107.4984822414276
4,30,9,2,5.65,5.0915306353322
2,28,22,0,16.85,12.240033539685728
2,28,22,1,21.4,39.89116773369633
3,17,65,1,17.9,16.98885083316641
4,30,9,2,12.95,14.29565631489804
2,28,22,0,20.45,28.28329430674767
2,28,22,1,16.4,16.26879479895565
4,30,9,2,11.15,12.4911547652097
2,33,108,1,14.45,19.400149212665458
3,17,65,1,17.9,12.19102344479654
4,47,9,2,11.5,12.882056063418316
2,28,22,0,26.8,26.94360582284491
2,28,22,1,19.7,34.03883231344985
4,47,9,2,9.5,9.997368074701093
3,17,65,1,15.2,19.7019902815079
4,47,9,2,8.65,9.869010508711225
2,34,22,0,25.7,22.34443295790981
2,34,22,1,15.6,14.576116008551004
4,47,9,2,12.2,12.168120557207544
2,33,108,1,35.85,48.03537621816917
3,17,65,1,16.2,16.675225872375364
4,47,9,2,11.7,14.389689291111774
2,34,22,0,29.2,39.666504496203956
2,34,22,1,11.65,11.753051115617414
4,41,9,2,15.4,23.685216352911162
3,17,65,1,11.55,9.697937925146768
2,33,108,1,15.6,15.772727962163714
4,41,9,2,31.7,108.25948360062357
2,34,22,0,24.7,41.30770286265594
2,34,22,1,46.95,108.59750651397403
3,8,65,1,9.05,9.28765451100489
4,41,9,2,15.65,16.167787987880487
3,8,65,1,7.75,6.298496061091008
2,34,22,0,28.7,25.590088541834852
2,34,22,1,29.3,37.997368329925166
2,33,108,1,17.2,17.617574957082518
3,8,65,1,9.55,6.723681635595345
4,41,9,2,60.25,147.53442952320262
2,34,22,0,26.6,23.148036179066434
2,34,22,1,32.9,38.85045552804808
4,41,9,2,20.45,38.757647802180855
3,8,65,1,12.45,11.80309950372091
2,33,108,1,18.2,21.239486563325496
4,25,9,2,12.05,20.71479257870924
4,25,9,2,7.7,7.004509825443665
2,44,22,0,29.35,23.150025576887085
2,44,22,1,21.35,20.58173692225324
3,8,65,1,14.5,13.61693991437059
4,25,9,2,7.85,7.292930968085681
2,44,22,0,17.9,14.881638279931979
2,44,22,1,13.0,16.251315736207168
4,25,9,2,14.55,33.70534082308025
3,13,65,1,17.75,21.620835467571304
4,25,9,2,10.35,12.053717487279927
2,29,108,1,37.4,80.99083768843043
4,28,9,2,8.45,12.475133160348271
2,44,22,0,32.15,32.011963224296075
2,44,22,1,22.9,21.650088124288864
3,13,65,1,14.95,14.626849860516968
4,28,9,2,11.95,11.343790325432167
4,28,9,2,9.25,9.909458533192044
2,44,22,0,21.75,23.377620877555888
2,44,22,1,28.65,51.21397321660935
3,13,65,1,13.3,11.743307164419006
2,29,108,1,19.7,20.73415691939016
4,28,9,2,6.75,7.670003087901662
4,28,9,2,12.15,15.407704839496786
3,13,65,1,12.35,9.938097880061566
2,44,22,0,35.6,33.84235900698849
2,44,22,1,22.9,28.4991227935177
5,20,9,2,15.15,17.526746478033598
5,20,9,2,12.9,10.910641835527272
3,13,65,1,10.2,8.35148899424843
2,29,108,1,24.35,26.553372270718622
2,34,22,0,28.0,27.852997570893702
2,34,22,1,25.55,25.960445621023247
5,20,9,2,13.3,10.726749642586837
3,13,65,1,14.5,25.456877883569057
5,20,9,2,16.8,20.454313661631893
2,34,22,0,22.85,31.160492868205306
2,34,22,1,22.0,26.614202777345863
5,20,9,2,15.85,13.963391987245567
2,29,108,1,18.65,17.064197669543773
3,13,65,1,7.25,7.0924348131616535
2,34,22,0,14.9,11.990785936227077
2,34,22,1,16.85,28.444359352029156
5,10,9,2,11.0,10.706613794630327
3,13,65,1,13.05,14.288291120980658
2,34,22,0,12.7,13.898504273936515
2,34,22,1,19.85,23.16820643627133
5,10,9,2,22.05,21.251563409980477
5,10,9,2,20.3,38.76257011738597
3,13,65,1,13.2,14.522577703627368
2,34,22,0,22.5,23.935219590430027
2,34,22,1,24.0,22.585510026516882
2,29,108,1,45.05,97.60687799319751
5,10,9,2,8.9,8.92601166314084
5,10,9,2,13.4,9.933462850915904
3,13,65,1,10.95,9.665320535431382
5,20,9,2,11.6,10.312996399535981
2,45,22,0,28.65,31.596593753791012
2,45,22,1,42.6,42.94108571176634
5,20,9,2,9.6,8.184709749539719
2,29,108,1,18.7,22.040871126160145
3,11,65,1,15.5,19.621416870348583
5,20,9,2,11.75,8.65037267222754
2,45,22,0,33.55,38.33573981767433
2,45,22,1,16.95,9.495012541218403
3,11,65,1,10.65,13.921868446894317
5,20,9,2,14.4,13.256180286548373
2,45,22,0,12.9,16.12418908609703
2,45,22,1,9.85,12.419318567627233
5,20,9,2,14.05,10.21080439122156
2,29,108,1,22.45,23.994462080370038
3,11,65,1,10.0,5.721611845036604
5,10,9,2,14.95,12.979639926884682
5,10,9,2,9.55,8.822668172622754
2,45,22,0,31.65,36.965524478897905
2,45,22,1,29.6,33.06516691562126
3,11,65,1,11.2,8.612108978213849
5,10,9,2,13.3,15.519427553197554
5,10,9,2,9.2,6.040216099306032
2,29,108,1,32.8,31.681972293735953
3,11,65,1,16.05,10.174658923547575
2,45,22,0,42.1,109.26399705589934
2,45,22,1,12.842105263157896,10.25921351704428
5,10,9,2,11.25,12.143332586888556
5,4,9,2,14.1,15.081881775651764
3,14,65,1,8.05,7.4372816199695455
3,23,22,0,19.05,18.802225512170796
3,23,22,1,19.95,36.632563885730214
5,4,9,2,12.8,16.292071045369536
3,14,65,1,9.85,8.761608840486101
3,23,22,0,22.75,33.48978634559624
3,23,22,1,17.65,17.014776859510892
5,4,9,2,8.75,7.077577640913442
2,29,108,1,29.65,25.016363066054016
5,4,9,2,15.15,15.058744618117547
3,14,65,1,9.8,8.192422686463646
5,4,9,2,8.9,9.135817308524555
3,23,22,0,17.25,15.102718472618033
3,23,22,1,53.8,110.93317096816726
5,16,9,2,12.1,9.79204833149407
3,14,65,1,13.9,13.587532985482646
2,29,108,1,28.55,29.09779336904035
5,16,9,2,11.0,12.703087067820624
3,23,22,0,19.9,22.251907073800496
3,23,22,1,26.2,29.157647728385626
5,16,9,2,14.5,11.90974832912761
3,14,65,1,10.95,8.463388645715206
5,16,9,2,10.0,7.4126492174561065
5,16,9,2,13.9,15.78440269446559
2,35,108,1,22.95,32.37522607114728
3,10,65,1,16.1,23.003203438239915
3,23,22,0,53.95,109.22814125538007
3,23,22,1,29.473684210526315,42.369234673093
5,1,9,2,15.1,14.980337990706001
3,10,65,1,13.6,12.356119302213227
5,1,9,2,14.55,11.071418869750781
3,16,22,0,17.35,14.561213801342975
3,16,22,1,18.0,16.489230935434957
5,1,9,2,19.55,19.206564119153583
2,35,108,1,29.25,32.516999602637
3,10,65,1,13.15,9.269502910648786
5,1,9,2,12.45,11.627892962047857
3,16,22,0,25.65,24.381345327934635
3,16,22,1,35.05,35.26960074684863
3,10,65,1,10.05,7.03730660199812
5,1,9,2,17.65,18.105756572223974
5,15,9,2,14.1,20.083771925035446
3,16,22,0,21.3,24.39391641157149
3,16,22,1,28.95,42.87248534899744
3,10,65,1,8.4,9.965202614994574
2,35,108,1,28.3,38.96300539580699
5,15,9,2,12.6,15.25709498457754
5,15,9,2,10.4,10.37912885503758
3,10,65,1,13.4,9.938759850626287
3,16,22,0,34.3,65.55038239079119
3,16,22,1,23.25,20.880297941008003
5,15,9,2,8.35,5.769931131578426
5,15,9,2,10.05,8.31279926251966
2,35,108,1,25.35,26.25236831421621
3,10,65,1,12.3,9.900026581569842
5,18,9,2,9.0,8.32877068075665
3,16,22,0,30.7,25.131443923583273
3,16,22,1,25.05,20.324926360972317
5,18,9,2,12.1,14.498275759551547
3,10,65,1,17.65,24.43740661578604
5,18,9,2,8.35,7.457070117468529
3,19,22,0,19.25,18.583736523043335
3,19,22,1,19.05,14.940143732134645
5,18,9,2,11.6,10.14318542304713
3,19,22,0,16.95,28.433625386706826
3,19,22,1,15.6,17.300441126107007
3,10,65,1,13.1,10.16133020716025
2,35,108,1,37.3,62.12559435276423
5,18,9,2,10.55,7.037306601998119
5,15,9,2,12.9,15.720921360437263
3,19,22,0,18.95,17.50030074929541
3,19,22,1,22.6,23.618458437149712
3,10,65,1,20.45,25.562050407833713
5,15,9,2,10.5,9.121980394398438
5,15,9,2,9.2,7.445238676319814
5,15,9,2,9.95,10.942312850870048
3,19,22,0,31.7,50.620466008793
3,19,22,1,34.0,25.35848243840604
3,4,65,1,22.9,30.96670538021866
2,47,108,1,50.95,98.70022396391163
5,15,9,2,9.25,10.19739388791387
5,9,9,2,11.55,21.057502725931954
3,19,22,0,28.55,41.70002524295588
3,19,22,1,28.35,33.27916212254971
5,9,9,2,11.8,15.62925731474552
3,4,65,1,24.3,50.20390003722189
2,47,108,1,15.6,18.5398574910778
5,9,9,2,16.15,16.73092000490488
5,9,9,2,11.55,9.264959453997117
3,4,65,1,17.5,16.525896742927287
3,0,22,0,25.2,32.758446078434254
3,0,22,1,39.75,76.7750473444129
5,9,9,2,10.5,8.255779474818965
5,21,9,2,11.45,8.438477038947378
3,4,65,1,16.3,16.7774911868943
2,47,108,1,21.45,23.238975881049495
5,21,9,2,13.95,14.630447703334305
3,0,22,0,39.8,108.82898220796265
3,0,22,1,27.57894736842105,35.384107841222985
3,4,65,1,12.35,14.67283562448506
5,21,9,2,14.95,13.284240762331091
3,0,22,0,22.0,25.085118255546192
3,0,22,1,22.55,23.518134100709336
5,21,9,2,19.45,28.047844461693813
3,1,65,1,12.0,10.036774487118018
5,21,9,2,12.25,11.139663606373306
2,47,108,1,46.35,97.77486223058831
3,1,65,1,12.05,13.363244957325062
3,0,22,0,31.1,38.97218981462767
3,0,22,1,32.25,28.836882450668696
5,13,9,2,18.6,17.166061989009776
5,13,9,2,14.95,13.597503640858417
3,1,65,1,14.05,12.08075895141134
3,0,22,0,25.35,33.68940954943369
3,0,22,1,22.45,18.85254415331341
5,13,9,2,10.15,8.474574977698387
2,47,108,1,26.2,23.273205736708427
5,13,9,2,10.05,8.611345026062695
3,1,65,1,10.5,6.739514272674177
3,1,22,0,25.65,30.486019228837545
3,1,22,1,18.15,13.978460874540252
5,13,9,2,14.7,19.684618627911384
5,7,9,2,10.75,7.765476906085509
3,1,65,1,14.8,10.159776209719334
3,1,22,0,22.25,22.73850201055933
3,1,22,1,23.2,28.16604899146264
5,7,9,2,12.65,12.261514459564335
2,30,108,1,37.6,54.303629809860006
5,7,9,2,9.5,7.584610457332247
3,15,65,1,11.55,8.312799262519658
3,1,22,0,28.75,24.278808173297747
3,1,22,1,24.65,26.258382120362008
5,7,9,2,22.45,29.810762803849354
3,15,65,1,10.75,6.6401886466543925
5,7,9,2,10.2,7.053181439680439
5,22,9,2,13.6,21.73379614188102
2,30,108,1,31.8,35.55810663362746
3,15,65,1,10.15,7.835647287943265
3,1,22,0,37.2,110.07203383048277
3,1,22,1,36.473684210526315,36.48647911068889
5,22,9,2,16.5,14.601730250754171
3,15,65,1,11.75,11.597980767993059
5,22,9,2,15.95,14.42758687923572
3,1,22,0,21.45,21.032493657997005
3,1,22,1,24.55,24.813992232736666
5,22,9,2,14.15,15.778983357284895
2,30,108,1,24.2,26.005262625294257
3,15,65,1,10.1,10.305338422390601
5,22,9,2,12.8,23.86717631524848
3,7,22,0,29.35,30.66332456998443
3,7,22,1,24.45,26.198583730302754
5,17,9,2,18.4,14.492829442974822
3,12,65,1,12.8,7.716012059688811
3,7,22,0,16.2,22.163507227683507
3,7,22,1,15.7,19.009969683521884
5,17,9,2,13.45,11.564350847596927
2,30,108,1,25.55,21.002443466867074
3,12,65,1,9.1,8.378544026261364
5,17,9,2,14.75,10.310316754539958
3,7,22,0,27.05,24.38609396659023
3,7,22,1,25.7,30.50642727792224
5,17,9,2,16.4,18.3055930480852
3,12,65,1,12.25,15.032858746933769
5,17,9,2,10.95,13.056456358123322
2,30,108,1,29.15,34.68243146942813
5,11,9,2,13.8,10.635590696979843
3,7,22,0,39.1,47.50944504433884
3,7,22,1,27.55,19.83743139145102
3,12,65,1,11.0,9.915431885383724
5,11,9,2,16.65,32.35863994279377
3,12,65,1,13.05,10.460326049059445
3,7,22,0,19.8,24.54555378324791
3,7,22,1,31.95,40.55078038057571
5,11,9,2,16.65,16.105817843905122
5,11,9,2,11.3,11.448281875230748
2,35,108,1,26.5,37.17596846860815
3,18,65,1,16.8,19.76067333180516
3,18,22,0,27.3,27.48032789201453
3,18,22,1,21.1,29.479520098928983
5,11,9,2,15.15,22.838736714994592
5,1,9,2,14.6,17.05224171094291
3,18,65,1,12.05,14.482203234532921
3,18,22,0,24.05,40.623398753868315
3,18,22,1,21.15,25.54104024588868
2,35,108,1,14.85,13.52687383653273
5,1,9,2,10.4,8.139571953054249
5,1,9,2,14.15,10.61912376204761
3,18,65,1,15.45,17.742233289675323
3,18,22,0,21.7,21.62868465718616
3,18,22,1,18.55,19.6615440845696
5,1,9,2,11.3,10.66770828247567
2,35,108,1,14.65,15.079700541491288
3,18,22,0,28.25,29.705351281155423
3,18,22,1,14.0,16.18316213977062
3,18,65,1,15.8,20.71002808201608
5,1,9,2,18.85,26.65229327547829
5,12,9,2,14.0,8.32877068075665
3,18,65,1,9.1,8.490861961079409
3,18,22,0,26.8,25.85709716275612
3,18,22,1,18.65,17.63153574228799
5,12,9,2,15.2,15.19903043999154
2,35,108,1,13.55,15.527479884995746
5,12,9,2,12.75,11.61158677220392
3,13,65,1,9.15,11.426078205486549
3,4,22,0,23.05,27.14187869229705
3,4,22,1,24.55,21.748502670782937
5,12,9,2,9.5,14.398464830449257
3,13,65,1,11.1,14.414539443507067
5,12,9,2,9.9,10.156149290998663
3,4,22,0,15.95,14.247714498159086
3,4,22,1,20.3,16.645214264008043
5,18,9,2,10.25,16.035733124559826
2,35,108,1,36.45,37.70728674519304
3,13,65,1,9.15,8.33050829307868
5,18,9,2,15.1,20.188323879228594
3,4,22,0,34.25,36.6876933331228
3,4,22,1,31.05,39.1050878369662
5,18,9,2,13.3,14.46993252812262
3,13,65,1,12.75,12.912152578502406
5,18,9,2,11.85,11.988042287827351
3,4,22,0,29.05,42.96078383093611
3,4,22,1,13.2,8.924242559632605
5,18,9,2,11.2,11.700652253523934
2,42,108,1,23.1,34.74857058779162
3,13,65,1,9.2,8.457945501436098
6,30,9,3,13.4,18.511447382917584
3,4,22,0,28.25,28.48245073725223
3,4,22,1,26.65,23.224929890551934
3,11,65,1,10.0,11.341586262395944
6,30,9,3,32.4,106.91334415261144
2,42,108,1,24.4,19.591620120535424
3,11,65,1,13.25,9.967711029012365
6,30,9,3,7.95,9.495012541218403
3,18,22,0,43.45,73.12604475187095
3,18,22,1,17.5,19.2722871665918
6,30,9,3,15.8,11.241839145283171
3,11,65,1,17.3,21.4060984915883
3,18,22,0,23.0,19.377143344944482
3,18,22,1,23.15,25.11295534810249
2,42,108,1,9.8,7.142165380036329
6,30,9,3,13.35,20.584293961531372
3,11,65,1,17.7,21.684580988148674
3,18,22,0,19.55,21.419310028692877
3,18,22,1,21.95,15.253903728140166
6,47,9,3,16.85,36.28871797999454
6,47,9,3,9.1,9.31269648326808
3,18,22,0,20.5,22.371269168523416
3,18,22,1,14.7,14.668620284560903
3,11,65,1,8.15,8.975258389477972
2,42,108,1,25.55,31.47007768458293
6,47,9,3,8.95,6.984757841562094
6,47,9,3,5.35,7.520323341312841
3,18,22,0,19.45,19.858645207407385
3,18,22,1,34.75,48.297188541908234
6,47,9,3,9.7,8.131161631260579
3,18,65,1,38.9,98.51951449759639
2,42,108,1,17.9,19.58490288596376
6,29,9,3,9.95,12.076401520494857
3,16,22,0,25.1,26.56253792566952
3,16,22,1,20.75,25.047060968462844
3,18,65,1,11.8,8.563078639687578
6,29,9,3,8.2,9.693188058468797
6,29,9,3,9.1,10.597417758958771
3,18,65,1,13.45,15.564720566582281
6,29,9,3,9.65,8.910520098235155
2,41,108,1,33.2,41.8966146101266
3,16,22,0,29.6,27.172741759653956
3,16,22,1,51.0,100.0473572075271
6,29,9,3,8.7,9.520614752375916
3,18,65,1,13.0,14.650309858408061
6,36,9,3,9.45,9.643514319015274
3,16,22,0,38.9,110.56262812018402
3,16,22,1,17.0,20.704266871026046
3,18,65,1,9.05,8.50680841877165
6,36,9,3,16.55,20.100995000248123
3,16,22,0,12.25,13.102330045895613
3,16,22,1,13.25,8.87856674066378
2,41,108,1,29.65,35.927229081487546
6,36,9,3,7.45,11.550689202494873
4,35,65,2,10.75,16.21200010388666
3,16,22,0,26.8,34.702646645616625
3,16,22,1,36.2,41.266272707356244
6,36,9,3,30.5,107.08850250340161
6,36,9,3,6.05,6.668661982105476
2,41,108,1,29.4,43.64980255577217
6,35,9,3,6.7,8.938974390717021
3,18,22,0,29.45,41.93663766859914
3,18,22,1,29.8,28.671643794779833
4,35,65,2,13.3,14.175961862845218
6,35,9,3,12.9,25.028194627575303
3,18,22,0,26.1,43.07019973558467
3,18,22,1,13.7,17.149804356717432
6,35,9,3,11.25,12.459935794377115
2,41,108,1,37.85,41.51508920355281
4,35,65,2,9.6,11.343442343950372
3,18,22,0,18.75,24.84451649760969
3,18,22,1,16.8,18.59145247857622
6,35,9,3,10.85,8.52411440067468
6,35,9,3,14.35,19.24434298286396
3,18,22,0,21.2,19.365188517434824
3,18,22,1,25.7,34.21003238509829
6,35,9,3,12.0,10.726258974076066
4,35,65,2,9.3,9.364546803882464
2,41,108,1,20.0,34.85609514017674
6,35,9,3,11.65,12.970716005071214
3,18,22,0,18.9,19.71080387690173
3,18,22,1,23.85,24.05317573955453
6,35,9,3,9.75,10.532531059831525
4,35,65,2,6.6,7.096329666584135
3,21,22,0,25.85,35.20059060509309
3,21,22,1,19.75,23.75505486373263
2,34,108,1,25.65,25.746282306996847
6,35,9,3,30.2,107.2192048783092
3,21,22,0,16.0,10.682006513660939
3,21,22,1,16.3,14.393346416057373
6,35,9,3,12.35,13.673928323253477
4,34,65,2,9.85,10.383564949121837
6,29,9,3,10.15,13.511301312527033
3,21,22,0,31.1,49.26501908315024
3,21,22,1,28.0,29.062545981853834
2,34,108,1,16.25,14.24549790377001
6,29,9,3,13.7,23.777698529681572
4,34,65,2,12.05,13.292162312707758
6,29,9,3,13.3,15.811721168670712
3,21,22,0,25.35,34.22568287735181
3,21,22,1,34.15,65.63958609831337
6,29,9,3,11.55,10.226256196158674
2,34,108,1,23.5,34.45133867997157
3,21,22,0,17.4,20.218282502933356
3,21,22,1,19.75,15.134050141459507
6,29,9,3,10.85,13.18801289848195
4,34,65,2,8.6,7.943219551422788
6,30,9,3,14.6,20.368706648344556
3,11,22,0,26.0,21.31962278722289
3,11,22,1,34.05,38.4413086474214
6,30,9,3,10.5,8.407390232784238
2,34,108,1,18.95,22.18457263861296
4,34,65,2,11.95,9.259276998033691
6,30,9,3,7.55,7.394699381811842
3,11,22,0,19.6,23.72518093769394
3,11,22,1,25.05,25.23046404229366
6,30,9,3,12.55,21.224303348557257
6,30,9,3,12.05,16.83190892010579
4,34,65,2,12.05,10.733494060036652
2,34,108,1,20.65,30.46356754171154
3,11,22,0,25.25,31.65085015903165
3,11,22,1,24.25,20.575598731456022
6,28,9,3,9.05,8.268360748883916
6,28,9,3,9.7,15.858253703554997
4,32,65,2,10.2,8.947801847087185
3,11,22,0,25.4,24.942882119375312
3,11,22,1,40.3,64.12413947304006
6,28,9,3,12.15,10.584372790506817
6,28,9,3,8.25,7.311670555747808
2,45,108,1,43.0,97.63519641475287
3,11,22,0,22.65,22.90776701194781
3,11,22,1,22.6,19.93515804591951
6,28,9,3,14.0,31.98190277740144
4,32,65,2,9.8,8.420526299341079
6,32,9,3,9.85,9.815535484226281
3,1,22,0,17.6,14.438253284062336
3,1,22,1,22.75,21.21785494391581
2,45,108,1,22.05,30.0411559802811
6,32,9,3,14.75,12.264089641585391
6,32,9,3,12.5,17.352384941497082
4,32,65,2,24.0,70.00526296004654
3,1,22,0,24.35,25.24881445887999
3,1,22,1,40.1,42.365452658355586
6,32,9,3,12.0,17.12185430193944
2,45,108,1,15.75,18.775333762539
3,1,22,0,36.65,68.57901704564865
3,1,22,1,14.2,10.334408546211051
6,32,9,3,14.15,11.864475946019875
4,32,65,2,13.05,13.040322081911935
6,33,9,3,14.1,21.302087864066777
3,1,22,0,35.15,53.73842592645073
3,1,22,1,24.95,28.881746193017744
6,33,9,3,10.15,9.109133646482176
2,45,108,1,28.75,33.18984467384089
6,33,9,3,6.75,6.0513156464219895
4,32,65,2,17.2,28.09495178478642
3,1,22,0,29.35,45.21326656728322
3,1,22,1,24.2,20.990223288097972
6,33,9,3,13.5,21.88606862823929
6,33,9,3,11.0,12.561428011345308
2,45,108,1,20.55,24.59883394754612
3,14,22,0,26.8,40.63910483887734
3,14,22,1,16.35,13.974695176037217
4,27,65,2,8.35,11.504118255742389
6,38,9,3,9.4,6.885530213120081
6,38,9,3,8.3,8.98009494733535
3,14,22,0,31.1,36.624553167743116
3,14,22,1,16.65,16.219789731909856
6,38,9,3,5.9,4.655500425359912
4,27,65,2,9.5,10.117728057851307
2,35,108,1,26.4,27.68697204557825
6,38,9,3,15.95,29.828412806019628
3,14,22,0,22.35,20.280337898150464
3,14,22,1,46.3,107.40288146678571
4,27,65,2,8.6,6.201867290964621
6,38,9,3,38.05,106.18131216288286
2,35,108,1,16.7,12.557656502791644
3,14,22,0,21.6,21.64400974622625
3,14,22,1,21.65,18.285096030431593
6,37,9,3,8.75,9.244486265649892
6,37,9,3,8.7,8.91539177637841
4,27,65,2,6.1,5.711484275700927
3,14,22,0,30.0,28.49007213971765
3,14,22,1,29.6,24.249579486316005
6,37,9,3,13.55,13.228657090614021
2,35,108,1,22.35,38.7967375188335
6,37,9,3,12.05,13.32775102440097
4,27,65,2,10.45,13.284240762331091
3,21,22,0,31.2,40.763244537980015
3,21,22,1,25.5,34.779758178391184
6,37,9,3,8.1,9.216118603038003
6,32,9,3,9.2,9.833348200999763
2,35,108,1,28.65,68.76831813376978
6,32,9,3,10.45,12.028365597510263
3,21,22,0,36.35,31.165559601315653
3,21,22,1,24.4,21.605067631655796
4,45,65,2,6.95,7.272695873137959
6,32,9,3,12.5,10.354251605779602
3,21,22,0,20.95,23.33615897677837
3,21,22,1,30.0,23.31703691566138
6,32,9,3,14.3,25.550981029677654
2,35,108,1,14.35,11.207492794414016
4,45,65,2,10.4,12.799671048404658
6,32,9,3,8.35,7.0283261464628
6,46,9,3,8.85,6.990783406141185
3,21,22,0,43.75,109.13577974730667
3,21,22,1,22.263157894736842,25.518712317877114
4,45,65,2,9.4,5.725290155828004
6,46,9,3,16.8,21.982289522057957
2,29,108,1,30.85,46.640026857444646
6,46,9,3,8.55,10.00776014690074
3,21,22,0,38.4,58.123643164695395
3,21,22,1,23.1,28.560001474273882
6,46,9,3,9.9,9.216118603038003
4,45,65,2,10.65,11.065712810298306
6,46,9,3,8.25,8.219841207327804
2,29,108,1,17.35,18.02709948354071
3,0,22,0,40.2,63.77146697387477
3,0,22,1,28.25,26.920692491288673
6,24,9,3,14.15,25.729923190099523
6,24,9,3,9.8,8.80550067317374
4,45,65,2,18.0,17.93849139934043
6,24,9,3,10.4,11.8161352663034
3,0,22,0,24.65,25.11085946673062
3,0,22,1,32.15,45.743305521136094
2,29,108,1,25.05,20.813646838957418
3,0,22,0,18.3,21.969117079736225
3,0,22,1,27.5,22.85538057116161
6,24,9,3,33.8,106.73952555538867
4,32,65,2,15.7,15.355780670483671
6,24,9,3,14.75,25.53403301684368
2,29,108,1,17.05,16.662201156162446
3,0,22,0,22.15,18.215883757112408
3,0,22,1,24.0,18.087506592586003
6,33,9,3,9.05,8.469605098605
4,32,65,2,10.15,13.66237630559887
6,33,9,3,7.85,9.54366695496906
3,0,22,0,36.45,78.80453834112534
3,0,22,1,22.0,23.67099046245603
6,33,9,3,10.95,14.982358046435113
2,29,108,1,29.75,52.35694796299724
6,33,9,3,13.0,21.69647072925141
3,16,22,0,18.7,22.12191102433108
3,16,22,1,23.15,36.52291998472365
4,32,65,2,16.55,16.772392730160387
6,33,9,3,17.25,24.152748563215216
2,47,108,1,10.25,7.779020368577064
6,35,9,3,13.55,10.267347323073842
3,16,22,0,30.0,33.88836161031658
3,16,22,1,31.4,24.349213755813878
4,32,65,2,10.6,12.795558439922567
6,35,9,3,8.25,5.9282996585956464
3,16,22,0,21.75,19.006577808748215
3,16,22,1,16.25,14.293447155215828
6,35,9,3,13.05,11.301956048680946
6,35,9,3,11.25,9.634778013448004
4,32,65,2,8.1,6.789310483554664
2,47,108,1,48.85,98.91212208186033
6,35,9,3,12.65,14.54674859674292
3,16,22,0,58.9,115.95366588245042
3,16,22,1,20.736842105263158,15.573631936574923
6,29,9,3,9.75,10.725645606871902
4,39,65,2,11.65,12.852503340021475
6,29,9,3,13.5,19.424618129417222
3,16,22,0,23.75,19.0839557854511
3,16,22,1,20.65,22.32599381886504
2,47,108,1,20.6,25.674890457409937
6,29,9,3,17.45,16.67167468618871
3,15,22,0,17.4,22.177276184134254
3,15,22,1,18.7,16.877577775822793
6,29,9,3,8.15,7.1765333956547135
4,39,65,2,13.6,10.869561556063456
3,15,22,0,17.4,20.100798622521392
3,15,22,1,23.85,26.324443313952028
6,29,9,3,9.9,6.664122321490616
6,30,9,3,10.1,11.999561395493192
2,47,108,1,30.05,48.22040952477324
3,15,22,0,20.9,26.657476486561492
3,15,22,1,19.05,24.9725638925686
4,39,65,2,18.0,27.85866585387561
6,30,9,3,10.8,6.630075017436989
6,30,9,3,10.9,8.949566293519775
3,15,22,0,27.95,26.727622218852247
3,15,22,1,36.15,70.05582360555495
2,47,108,1,13.75,15.770976006909855
6,30,9,3,13.0,11.715936065664446
4,39,65,2,18.45,40.03876411153256
3,15,22,0,20.25,31.580931955182937
3,15,22,1,11.6,14.819617155364673
6,30,9,3,34.65,106.71914690340002
3,19,22,0,21.2,30.259578735718673
3,19,22,1,15.65,18.957778572951334
7,10,9,3,10.85,14.477841508209782
3,10,108,1,36.15,47.04451978823106
4,39,65,2,10.65,11.01804739602497
3,19,22,0,18.5,25.836530645376396
3,19,22,1,16.4,23.86673527384043
7,10,9,3,14.0,16.296593121521475
7,10,9,3,8.9,7.812944724184211
4,46,65,2,7.1,5.875013997743684
3,19,22,0,33.55,28.188230093240577
3,19,22,1,29.55,31.5985925735875
7,10,9,3,13.8,15.017884075503552
3,10,108,1,24.6,36.73145790735783
7,10,9,3,11.4,8.95250626478712
3,19,22,0,19.75,17.462365547837894
3,19,22,1,29.45,32.872120646369524
7,1,9,3,12.1,8.705110416785136
4,46,65,2,11.1,14.567086187704115
3,19,22,0,14.15,11.970468046954467
3,19,22,1,18.9,12.9204040999213
3,10,108,1,20.4,17.93086137009832
7,1,9,3,13.55,11.60977355960327
7,1,9,3,17.35,17.586702512499546
4,46,65,2,12.75,13.142438290154773
7,1,9,3,10.0,10.765441785737604
4,28,22,0,41.8,110.96590277624641
4,28,22,1,20.157894736842106,22.918365168316523
4,28,22,2,17.0,19.770910168449223
7,1,9,3,14.65,11.45827671437367
3,10,108,1,36.8,31.09510030789248
4,46,65,2,13.75,16.720220975623622
4,28,22,0,20.75,19.702724898375166
4,28,22,1,15.2,11.66912254853087
4,28,22,2,19.95,22.855323000860963
7,5,9,3,14.4,11.636602868354213
7,5,9,3,11.95,13.44178481256743
7,5,9,3,12.7,12.044216782121486
4,46,65,2,8.95,7.535704486327948
3,10,108,1,34.6,35.40353833045208
4,28,22,0,23.9,19.433828346739258
4,28,22,1,32.6,51.074146307624474
4,28,22,2,21.5,20.82129476736434
7,5,9,3,9.1,8.226401656284862
7,5,9,3,9.75,6.703298481070031
4,43,65,2,10.35,11.453682469200162
4,28,22,0,29.35,32.56455127895976
4,28,22,1,20.1,17.0136168375433
4,28,22,2,16.95,11.803099503720913
7,9,9,3,15.2,15.254335018023736
3,20,108,1,18.75,31.482451252119887
7,9,9,3,11.25,8.789197915623475
4,43,65,2,7.1,5.9285216050085054
7,9,9,3,15.35,18.58770108375286
3,20,108,1,27.55,25.344936170242843
7,9,9,3,13.0,16.905309038411886
4,28,22,0,15.55,15.16739924970659
4,28,22,1,50.35,108.8878104434004
4,28,22,2,32.526315789473685,42.053363481616536
4,43,65,2,11.05,12.313770639752109
7,9,9,3,17.65,30.458384032885537
7,9,9,3,16.7,28.030246820927303
4,36,22,0,48.9,109.16713405551478
4,36,22,1,21.157894736842106,13.582108975064452
4,36,22,2,24.473684210526315,27.21390253580089
3,20,108,1,35.35,51.46718423064913
7,9,9,3,10.15,9.549180179746486
4,43,65,2,12.55,16.67167468618871
7,9,9,3,8.95,10.831119881837559
7,9,9,3,11.95,15.253903728140164
4,36,22,0,15.15,16.893707953585935
4,36,22,1,23.15,23.154572130063556
4,36,22,2,19.75,17.099938442486923
4,43,65,2,11.7,13.772971242332035
7,9,9,3,11.25,13.447265423439111
3,20,108,1,34.05,32.11242586191274
7,12,9,3,13.55,14.532993316479645
4,36,22,0,16.05,15.796318691724547
4,36,22,1,23.0,29.241283001587796
4,36,22,2,18.6,20.507764896561294
7,12,9,3,12.7,9.142727912620527
4,25,65,2,10.85,9.598656704264185
7,12,9,3,10.15,9.263823241655228
3,20,108,1,23.8,14.073491318600967
4,36,22,0,61.65,114.47972700324212
4,36,22,1,18.68421052631579,22.383159918859008
4,36,22,2,11.68421052631579,19.666815342881375
7,12,9,3,18.4,36.20031985901142
4,25,65,2,8.85,9.382374292705501
7,12,9,3,8.75,10.130075076357114
4,36,22,0,19.1,26.249611525947536
4,36,22,1,14.35,16.924833824885845
4,36,22,2,19.8,29.08173599393703
7,16,9,3,11.25,10.871861313549426
3,23,108,1,37.2,98.07816431698483
4,25,65,2,10.35,12.499578940276768
7,16,9,3,14.3,21.62138317791708
7,16,9,3,12.7,12.769618549304314
4,34,22,0,14.3,14.91414023493706
4,34,22,1,52.25,100.91365511898616
4,34,22,2,21.63157894736842,19.79677450247273
7,16,9,3,12.4,10.101589244428716
4,25,65,2,6.55,6.056531924077377
3,23,108,1,18.9,17.66024378445314
7,16,9,3,11.4,11.013866857643356
7,19,9,3,11.6,8.574134911096525
4,34,22,0,40.6,33.18116142759639
4,34,22,1,18.35,18.60751121682345
4,34,22,2,18.5,17.154100323092926
4,25,65,2,14.85,16.461358260771604
7,19,9,3,11.95,10.923056252475167
3,23,108,1,25.15,30.824247120186342
7,19,9,3,12.85,15.785653046524974
4,34,22,0,18.6,24.53654631897403
4,34,22,1,17.25,19.981241202688086
4,34,22,2,14.15,19.071265241056686
7,19,9,3,9.7,10.367459212667093
4,27,65,2,11.3,11.814798926947953
7,19,9,3,14.55,11.170803109233603
4,34,22,0,22.9,24.935495731354955
4,34,22,1,18.1,30.99218916878387
4,34,22,2,19.8,21.402410095471417
3,23,108,1,41.35,99.18896107934593
7,23,9,3,12.95,14.677139402916072
4,27,65,2,10.1,13.455188785860937
7,23,9,3,13.0,16.670175069329815
4,34,22,0,30.45,31.92173817982117
4,34,22,1,23.15,39.65811126962156
4,34,22,2,16.8,18.785772892215395
7,23,9,3,14.25,11.871571527237489
7,23,9,3,9.7,7.739849039735512
4,27,65,2,14.0,17.12800108163914
3,23,108,1,40.75,97.89084952666738
7,23,9,3,9.95,13.66314674397404
4,47,22,0,16.75,15.7275320110275
4,47,22,1,24.3,30.82394831091053
4,47,22,2,29.2,44.59950436354293
7,4,9,3,17.05,16.50031897618314
4,27,65,2,11.6,23.945991863269924
7,4,9,3,11.5,7.996709849747747
3,21,108,1,28.7,29.806569392457238
4,47,22,0,25.9,20.943281801847075
4,47,22,1,19.6,24.234381839813754
4,47,22,2,25.15,25.561638609859358
7,4,9,3,13.95,13.918843720881265
4,27,65,2,8.3,7.116326669227453
4,47,22,0,17.65,19.18956679251021
4,47,22,1,13.05,13.4064988168543
4,47,22,2,12.15,12.18400590938793
7,4,9,3,17.05,12.43710492628282
3,21,108,1,21.0,21.220645359500363
7,4,9,3,19.15,16.063279471154733
4,35,65,2,14.85,15.246311029229332
7,22,9,3,13.55,11.403946685248927
4,47,22,0,19.0,20.918387781289958
4,47,22,1,38.55,109.92556093724708
4,47,22,2,38.63157894736842,112.22755183916678
7,22,9,3,9.4,8.5187100580212
3,21,108,1,28.2,29.01288280093953
7,22,9,3,16.4,20.048362579155015
4,47,22,0,18.85,16.69312811655711
4,47,22,1,19.05,22.32882253477495
4,47,22,2,21.9,31.49586439017368
4,35,65,2,30.2,99.08135944502217
7,22,9,3,17.25,16.247671898006285
7,22,9,3,12.9,19.19402319254068
3,21,108,1,20.65,29.984689075382594
7,13,9,3,12.25,10.48746118492284
4,27,22,0,18.95,14.255100656847082
4,27,22,1,36.95,64.263008103623
4,27,22,2,23.55,28.739254284725366
4,35,65,2,16.1,18.501493538573982
7,13,9,3,15.5,16.217274740226856
7,13,9,3,11.75,9.048844066916416
3,21,108,1,31.6,52.532095452509594
4,35,65,2,9.1,7.33341307771634
4,27,22,0,22.6,30.147706554998773
4,27,22,1,39.0,108.57449540583451
4,27,22,2,16.63157894736842,16.684026047276443
7,13,9,3,11.6,8.261515089797232
7,13,9,3,9.1,9.181789757879164
7,21,9,3,13.8,13.881452980221678
4,35,65,2,8.6,12.180225561821182
4,27,22,0,21.55,20.009142647142184
4,27,22,1,29.85,34.267177789894085
4,27,22,2,18.55,20.428244121674698
3,1,108,1,40.2,64.8103305605551
7,21,9,3,14.4,10.733126291998989
4,27,22,0,11.6,15.226016516061199
4,27,22,1,13.9,13.509840468106358
4,27,22,2,13.95,19.23121092610162
4,38,65,2,10.7,10.377607471961216
7,21,9,3,32.85,73.2610868203937
7,21,9,3,17.25,15.528835656355735
3,1,108,1,32.45,39.59462350529824
4,27,22,0,16.65,10.703049245794151
4,27,22,1,44.65,109.1759926376722
4,27,22,2,14.368421052631579,15.7417016103928
4,38,65,2,11.7,10.74635801219724
7,21,9,3,12.35,8.815506672604636
7,14,9,3,11.0,7.405545574983513
7,14,9,3,13.7,11.539862263156852
4,38,65,2,4.9,3.864821096152208
4,36,22,0,43.7,109.80274179301334
4,36,22,1,22.94736842105263,20.775182000033187
4,36,22,2,24.526315789473685,46.82279646716808
3,1,108,1,43.1,91.82701127663908
7,14,9,3,10.7,10.498621463391226
7,14,9,3,7.4,6.854886846929753
4,36,22,0,14.8,14.699086974868093
4,36,22,1,8.95,8.964696842263223
4,36,22,2,34.4,106.47875992792869
4,38,65,2,11.45,8.882122790367058
7,14,9,3,15.35,13.448830902036761
7,0,9,3,20.2,26.357062371252706
3,1,108,1,44.75,64.44163005550469
4,38,65,2,12.25,20.857599902294858
7,0,9,3,13.6,16.934548927220384
4,36,22,0,15.65,22.930730931495216
4,36,22,1,59.2,150.83926614289237
4,36,22,2,22.61111111111111,28.63592743162479
7,0,9,3,20.15,17.38806305607687
3,1,108,1,18.45,16.109738800195558
4,27,65,2,11.15,9.985647595160609
7,0,9,3,18.6,22.951665459578766
4,36,22,0,39.45,108.8642201141065
4,36,22,1,11.0,11.808659722612235
4,36,22,2,10.68421052631579,9.207802437660908
7,0,9,3,11.2,9.806549905681997
7,18,9,3,10.2,10.8317272763615
4,27,65,2,10.45,9.522687590558057
3,18,108,1,25.65,24.932065593063925
4,36,22,0,16.9,17.356630766912897
4,36,22,1,36.4,110.3918379896668
4,36,22,2,15.947368421052632,14.404758797820664
7,18,9,3,15.25,18.046358431317355
7,18,9,3,15.75,13.273935679407694
4,29,22,0,26.2,23.84511425185903
4,29,22,1,15.7,15.891407807531186
4,29,22,2,16.7,15.980580320139222
4,27,65,2,10.55,10.122798656082168
3,18,108,1,21.4,20.035232125328356
7,18,9,3,11.0,9.090191359227175
7,18,9,3,11.65,9.675117298350553
7,2,9,3,11.95,8.917605295735303
4,27,65,2,13.25,13.668538596661351
4,29,22,0,49.15,109.02306612533158
4,29,22,1,22.210526315789473,28.85322810241212
4,29,22,2,14.473684210526315,18.62903474881387
3,18,108,1,25.6,25.59687480924185
7,2,9,3,27.05,32.10750854960811
4,29,22,0,22.75,36.78225401639105
4,29,22,1,21.2,24.8100149557646
4,29,22,2,17.9,16.631928710512767
7,2,9,3,13.45,14.244019982545582
4,27,65,2,15.8,18.329154228628283
7,2,9,3,12.65,13.079815707698959
3,18,108,1,34.65,42.92744797298908
7,2,9,3,11.05,9.923258166125628
4,39,65,2,9.3,11.877001216415566
4,29,22,0,19.85,18.966105501518673
4,29,22,1,16.2,10.933290543348017
4,29,22,2,43.65,108.85445376861325
7,18,9,3,13.55,13.554859295703361
7,18,9,3,9.95,9.665320535431382
3,18,108,1,26.8,21.09776740495743
7,18,9,3,8.35,8.336823830389326
4,39,65,2,10.65,9.17247025213578
7,18,9,3,13.45,12.240893500239698
4,29,22,0,27.0,33.97057550292605
4,29,22,1,26.25,21.555009187022666
4,29,22,2,47.7,106.42570920105426
7,18,9,3,6.25,4.908370937812045
4,39,65,2,14.6,22.26963946958422
7,9,9,3,12.75,11.200916315899763
3,3,108,1,31.95,32.96964313457234
7,9,9,3,15.3,17.00185748366151
4,26,22,0,41.2,70.08461051885034
4,26,22,1,30.2,40.43526340109323
4,26,22,2,17.05,11.988920323628635
4,39,65,2,9.25,10.202553859850871
7,9,9,3,12.2,9.934522476803062
3,3,108,1,16.6,14.317453463664917
7,9,9,3,11.55,11.023778127780254
7,9,9,3,14.95,15.15698553559763
4,26,22,0,29.5,35.73808229768057
4,26,22,1,18.45,28.551845732576417
4,26,22,2,40.85,105.40062668344603
4,39,65,2,12.1,17.09077929300198
7,2,9,3,11.6,12.300620437924858
3,3,108,1,23.9,25.871951892674083
4,26,22,0,16.25,15.161846158940156
4,26,22,1,13.85,12.909706670400745
4,26,22,2,19.1,26.708760636481095
7,2,9,3,13.5,16.35301356422048
4,26,65,2,13.0,11.32300871304926
7,2,9,3,9.7,7.664683191173177
4,26,22,0,16.85,22.1199481297574
4,26,22,1,24.2,25.31194849951511
4,26,22,2,15.45,20.67919116813859
7,2,9,3,13.6,13.212434334846535
3,3,108,1,33.75,35.73127039737779
7,2,9,3,10.95,15.72953975972061
4,26,65,2,19.2,27.586419236932315
8,44,9,4,14.15,22.997196625492833
8,44,9,4,13.05,15.56133873283063
4,26,22,0,30.05,26.63095745062205
4,26,22,1,37.1,41.67909989936266
4,26,22,2,42.1,70.10661054497832
3,3,108,1,42.15,34.23644564680036
8,44,9,4,9.45,10.138384590518509
4,26,65,2,27.2,99.62223383203276
4,27,22,0,21.35,27.749395441494237
4,27,22,1,11.05,10.349040128386177
4,27,22,2,17.4,18.374467410827965
8,44,9,4,6.35,7.357595431002971
8,44,9,4,7.9,6.624515871089433
4,26,65,2,9.45,8.494425416583203
8,24,9,4,6.15,6.5315026078069875
3,4,108,1,32.75,60.123447567221405
4,27,22,0,15.8,19.08319734878387
4,27,22,1,45.35,108.91342529975961
4,27,22,2,15.526315789473685,15.696313866823889
4,26,65,2,9.15,10.178796330452935
8,24,9,4,37.35,104.95777346402845
4,27,22,0,21.75,31.971821474871472
4,27,22,1,20.5,21.673413254613664
4,27,22,2,19.15,27.57816642124517
3,4,108,1,26.1,22.610896301981207
8,24,9,4,9.8,9.378587033068579
4,26,65,2,16.1,28.8569976918853
8,24,9,4,36.3,105.19560727270736
4,27,22,0,40.15,109.64933340330653
4,27,22,1,18.736842105263158,29.93667781104933
4,27,22,2,50.526315789473685,111.08073561406317
8,24,9,4,12.1,15.880806024884253
3,4,108,1,37.4,36.16977511098109
4,26,65,2,13.3,15.546534560541305
8,35,9,4,14.65,15.304883981403144
4,27,22,0,13.45,15.136136613381481
4,27,22,1,39.35,108.53341711924004
4,27,22,2,18.263157894736842,30.316555992583687
8,35,9,4,13.75,14.093204782895606
3,4,108,1,28.05,22.077554689155036
8,35,9,4,8.55,6.508900788434572
4,26,65,2,39.7,99.39294690639191
4,44,22,0,41.05,66.9143010440259
4,44,22,1,24.55,52.633264446695584
4,44,22,2,18.95,39.83185051927005
8,35,9,4,40.35,111.22205148639412
3,4,108,1,18.85,20.00598594631643
4,26,65,2,15.5,15.64911297301241
8,35,9,4,35.8,105.76866514386853
8,32,9,4,8.55,7.351870510285121
4,44,22,0,20.2,22.78873221110542
4,44,22,1,15.3,20.393755494216723
4,44,22,2,13.4,10.14318542304713
3,17,108,1,19.85,16.64576759862303
4,26,65,2,11.5,10.971254306260137
8,32,9,4,11.7,14.312673809562888
4,44,22,0,22.9,29.779717576689144
4,44,22,1,15.1,13.427779531921678
4,44,22,2,24.85,25.225874352380835
8,32,9,4,19.45,25.01467990053672
3,17,108,1,24.0,23.870263376934286
8,32,9,4,10.25,11.488552654937136
4,25,65,2,30.4,99.0201468070221
4,44,22,0,20.6,20.26768233835386
4,44,22,1,24.5,28.381795499747255
4,44,22,2,24.05,20.425667546908766
8,32,9,4,11.05,10.811665240061675
8,44,9,4,6.7,4.835178111344095
3,17,108,1,27.5,22.896793616022677
4,25,65,2,9.15,8.591764722839631
8,44,9,4,10.55,12.684325179652163
8,44,9,4,7.5,8.732877984647264
4,43,22,0,51.85,119.50480060826449
4,43,22,1,22.63157894736842,25.11796728841238
4,43,22,2,32.10526315789474,33.906562355394186
4,25,65,2,8.5,6.684624935350957
3,17,108,1,22.75,27.973436647911836
8,44,9,4,11.4,14.434607536640616
4,43,22,0,24.25,32.54773821877482
4,43,22,1,10.45,19.08285259487938
4,43,22,2,15.7,28.96840384026416
8,44,9,4,13.85,19.826285051601786
4,25,65,2,12.6,13.276017157978798
8,42,9,4,15.75,16.140420003665856
3,17,108,1,33.8,41.835014294877816
8,42,9,4,9.1,11.313243287590458
4,43,22,0,41.2,109.64900940345014
4,43,22,1,38.10526315789474,112.02226700122424
4,43,22,2,7.722222222222222,7.160393971707517
4,25,65,2,10.3,9.958334250899172
8,42,9,4,7.35,7.450008830796603
3,9,108,1,16.95,16.017999743709378
8,42,9,4,20.1,40.793317306172895
4,43,22,0,35.05,53.20217150297137
4,43,22,1,22.2,29.736739636525826
4,43,22,2,20.4,29.674373136641513
4,42,65,2,12.9,13.753085778146394
8,42,9,4,14.2,22.28428759651541
8,38,9,4,8.65,10.926910287041467
3,9,108,1,27.55,23.079895557548962
4,43,22,0,31.6,64.8142284573867
4,43,22,1,25.85,47.39561938451807
4,43,22,2,20.57894736842105,25.124834525654503
8,38,9,4,8.15,7.741038961956354
4,42,65,2,11.6,10.023131142249753
8,38,9,4,18.4,31.827495560980136
4,32,22,0,21.6,27.99323226480963
4,32,22,1,31.1,42.74883808824208
4,32,22,2,15.0,17.99415109651496
8,38,9,4,8.4,10.11200433044544
3,9,108,1,34.0,34.08194459487929
8,38,9,4,9.95,10.35412452778322
4,32,22,0,25.6,23.043208840875664
4,32,22,1,13.65,14.008550020762696
4,32,22,2,26.05,22.082322055626786
8,25,9,4,6.65,5.949568759250761
4,42,65,2,12.0,11.073914346217801
3,9,108,1,22.5,16.32402169229526
8,25,9,4,9.35,11.117908739364706
4,32,22,0,14.25,10.701082089898051
4,32,22,1,10.15,6.853927034151566
4,32,22,2,22.5,36.38898040254551
8,25,9,4,13.95,17.45814543716666
4,42,65,2,15.3,17.03896463372918
8,25,9,4,8.75,10.987433012789035
3,9,108,1,24.9,24.25066466804787
4,32,22,0,12.8,14.958187337409992
4,32,22,1,28.65,36.52147890012987
4,32,22,2,50.15,109.16876119592378
8,25,9,4,14.95,16.75041240654909
8,25,9,4,9.3,9.171466048221745
4,33,65,2,14.5,13.080721048852572
4,32,22,0,27.4,31.543453737411358
4,32,22,1,16.4,21.119708929413726
4,32,22,2,13.4,13.425819586861255
8,25,9,4,12.45,18.545747136260253
3,1,108,1,42.1,50.051447216050136
8,25,9,4,9.2,10.13384116917693
4,33,65,2,10.0,8.93249537834812
8,25,9,4,8.6,7.849907810387263
4,30,22,0,31.4,32.783821427167716
4,30,22,1,29.25,38.78805431952906
4,30,22,2,21.8,21.656650856394887
8,25,9,4,9.9,7.055419715964532
4,33,65,2,10.15,9.658783839757358
3,1,108,1,37.6,49.948815907149545
8,43,9,4,7.7,6.875586099419183
4,30,22,0,31.2,28.50964748992874
4,30,22,1,17.7,19.20553648245597
4,30,22,2,26.5,30.339309224346664
8,43,9,4,9.1,12.698528717097401
4,33,65,2,10.5,13.028309257354277
8,43,9,4,13.05,12.951224286773655
3,1,108,1,18.75,18.350032267288423
4,30,22,0,22.4,32.75812474550559
4,30,22,1,17.65,19.59665653545066
4,30,22,2,17.2,23.304844763990253
8,43,9,4,10.8,11.4137497874505
4,33,65,2,13.35,26.06121336594409
8,43,9,4,10.2,7.038241407145905
4,30,22,0,28.7,42.27864958257673
4,30,22,1,22.05,27.03306941701706
4,30,22,2,18.35,20.10308957663761
8,26,9,4,10.7,11.402215851131281
3,1,108,1,32.55,41.86001106444896
4,30,22,0,16.0,17.465755969294527
4,30,22,1,11.0,9.797958971132712
4,30,22,2,15.8,18.980876802996384
5,1,65,2,13.45,10.112394687500556
8,26,9,4,19.45,43.51705654713236
8,26,9,4,12.65,13.255683984417283
3,1,108,1,35.2,44.05092746499574
8,26,9,4,9.6,9.981034647348888
4,24,22,0,17.95,16.359368794926688
4,24,22,1,17.95,19.170907234936127
4,24,22,2,44.65,108.49607075106938
5,1,65,2,19.95,17.512326485860424
8,26,9,4,12.3,10.224325997603128
8,30,9,4,11.9,14.315615324018143
4,24,22,0,26.4,25.7914714586043
4,24,22,1,26.0,26.195620365163897
4,24,22,2,15.65,15.792319918905285
3,13,108,1,28.3,25.680424656269135
5,1,65,2,12.25,10.00460420322353
8,30,9,4,10.9,18.130811228113146
4,24,22,0,25.25,20.34149246710953
4,24,22,1,16.0,23.1016062326046
4,24,22,2,15.35,19.027058295186386
8,30,9,4,11.0,14.234871932945811
3,13,108,1,18.4,13.846527210440662
5,1,65,2,17.85,14.477841508209782
8,30,9,4,8.65,9.890319562715431
4,24,22,0,18.2,26.658858505984558
4,24,22,1,17.6,23.23201058430961
4,24,22,2,14.3,11.779107284554827
8,30,9,4,32.05,105.79994776637851
5,1,65,2,12.5,13.410522184581698
3,13,108,1,22.55,20.972350218423557
8,24,9,4,9.85,9.82089608946149
4,24,22,0,10.55,11.19903661270163
4,24,22,1,41.9,108.37260286913651
4,24,22,2,24.263157894736842,41.86465242668351
8,24,9,4,33.05,105.68895525625133
5,3,65,2,13.9,16.751747748565787
3,13,108,1,32.55,33.30477285220306
4,24,22,0,27.25,27.32239297526366
4,24,22,1,36.25,40.896370962406145
4,24,22,2,26.15,32.76595633789501
8,24,9,4,32.5,105.91779334638926
5,3,65,2,18.0,41.22594992681698
8,24,9,4,7.8,7.750042444705502
3,13,108,1,18.4,15.8791488569461
4,24,22,0,27.5,26.23276376474355
4,24,22,1,29.6,31.606794739172944
4,24,22,2,22.7,29.467377144725212
8,24,9,4,14.15,15.332370297751368
8,27,9,4,9.75,9.754216362276637
5,3,65,2,17.85,14.335362973393712
4,24,22,0,30.7,33.373642294481435
4,24,22,1,13.35,13.765995480855983
4,24,22,2,23.1,29.347106017100685
8,27,9,4,9.65,9.869010508711227
3,18,108,1,26.4,30.935246462315618
8,27,9,4,8.15,7.700136704186354
5,3,65,2,15.55,14.865980237476863
4,24,22,0,52.55,108.39230648557654
4,24,22,1,18.57894736842105,17.497034000950258
4,24,22,2,17.210526315789473,15.328183727182717
8,27,9,4,31.8,105.72735542048959
3,18,108,1,23.85,23.771444612125876
8,27,9,4,13.45,15.69604375228625
5,3,65,2,15.65,12.317189529058032
8,24,9,4,10.4,10.599900694668893
4,24,22,0,28.4,31.65837379871157
4,24,22,1,16.9,17.33235489816053
4,24,22,2,34.0,33.62643070718721
3,18,108,1,28.05,41.7719056934581
5,7,65,2,15.25,12.70256915580052
8,24,9,4,34.6,106.1217771192481
4,24,22,0,20.4,21.738638896044797
4,24,22,1,20.05,34.05332505598273
4,24,22,2,17.95,15.43227990796871
8,24,9,4,13.4,15.142828770011723
3,18,108,1,32.35,30.585987503740128
5,7,65,2,11.65,11.645080280394897
8,24,9,4,31.05,105.94113310801677
4,24,22,0,22.7,28.521644597153156
4,24,22,1,12.0,11.648356559030796
4,24,22,2,45.4,109.491359909067
3,18,108,1,16.25,12.822164198638314
8,24,9,4,32.75,105.44735528614316
5,7,65,2,18.65,15.211750997865192
4,24,22,0,35.9,35.060699245436446
4,24,22,1,20.45,17.783715200030322
4,24,22,2,15.75,16.215246236993003
8,41,9,4,36.35,105.37715471980681
4,24,22,0,20.7,19.284845427378844
4,24,22,1,13.25,11.68388453788965
4,24,22,2,17.5,25.15530706797694
5,7,65,2,13.5,10.47050996596481
3,8,108,1,18.95,14.583606513732068
8,41,9,4,8.4,8.875750524232926
8,41,9,4,9.4,9.648561387176084
8,41,9,4,11.5,14.155155281826884
5,7,65,2,21.1,24.75543534150366
3,8,108,1,18.95,18.50881724447766
4,24,22,0,31.45,33.8813331621131
4,24,22,1,26.35,37.58117529883952
4,24,22,2,27.2,46.701290413818214
8,41,9,4,8.9,9.27305093721643
4,27,22,0,23.35,19.693105927014955
4,27,22,1,27.65,29.956591401911076
4,27,22,2,18.4,26.539741798609157
5,9,65,2,20.55,17.928146057320916
8,36,9,4,36.8,105.65465093008399
3,8,108,1,33.5,36.921680979010006
8,36,9,4,35.95,105.02504713788892
5,9,65,2,9.7,12.545076618674797
4,27,22,0,19.0,16.76148467233892
4,27,22,1,12.1,12.665327722399823
4,27,22,2,42.0,108.57158686177618
8,36,9,4,5.05,6.89374239513824
3,8,108,1,27.4,32.27578528540357
8,36,9,4,6.5,6.419542531659828
4,27,22,0,20.95,22.905928903831175
4,27,22,1,31.25,40.0813317879376
4,27,22,2,17.65,14.105896490102063
5,9,65,2,16.7,18.9683947660312
8,36,9,4,13.25,28.179639906555902
8,25,9,4,7.7,6.944138004934734
3,8,108,1,29.95,27.976446860660637
8,25,9,4,7.8,5.736310936298235
4,27,22,0,22.25,29.781440706022195
4,27,22,1,19.95,22.18931701233015
4,27,22,2,39.1,109.54638527270443
5,9,65,2,18.8,16.643633206598537
8,25,9,4,8.4,5.8435749692335275
4,27,22,0,20.75,19.611690927929484
4,27,22,1,13.35,15.2428585521911
4,27,22,2,10.65,12.270096297824836
8,25,9,4,12.1,11.285295509504484
3,0,108,1,22.0,18.798096208197027
8,25,9,4,10.6,8.475351258052283
5,9,65,2,36.55,66.47158078932362
4,46,22,0,26.75,36.388076416089355
4,46,22,1,14.5,12.832934603056147
4,46,22,2,20.45,16.965832537314828
8,45,9,4,34.05,105.46661981279593
3,0,108,1,42.4,44.26998507959279
5,12,65,2,9.25,7.7992914657948935
8,45,9,4,11.65,17.128846091346976
4,46,22,0,21.9,23.79274546667755
4,46,22,1,27.9,41.77118120124649
4,46,22,2,24.05,17.76891134893513
8,45,9,4,30.5,106.04591855467736
5,12,65,2,13.15,15.98774201495765
4,46,22,0,19.0,14.585501092018166
4,46,22,1,19.95,17.866390086887787
4,46,22,2,22.2,28.949320508342453
8,45,9,4,7.7,6.9289628600382525
3,0,108,1,36.35,29.752089709888665
8,45,9,4,14.05,17.012302050358485
5,12,65,2,16.8,19.71534267625357
8,42,9,4,12.7,10.291028284767986
4,46,22,0,23.6,20.55390857950713
4,46,22,1,25.8,23.551958237949243
4,46,22,2,24.15,23.394275053165423
8,42,9,4,10.3,21.359331745903916
3,0,108,1,20.4,19.12947574047086
8,42,9,4,9.75,8.692858532938645
5,12,65,2,16.85,12.558389940383952
4,46,22,0,32.15,40.72924075687612
4,46,22,1,22.05,25.140604606890417
4,46,22,2,17.35,19.164866429567358
8,42,9,4,12.65,14.269123825128231
8,42,9,4,11.35,9.062792645002741
3,0,108,1,29.0,34.018570779718786
5,12,65,2,8.9,9.256008006183137
4,29,22,0,22.95,28.62364683080646
4,29,22,1,19.5,20.702148375673985
4,29,22,2,21.1,21.834063199264442
9,16,9,4,12.2,12.664080991861235
9,16,9,4,15.1,21.751950910689658
5,5,65,2,10.4,10.017878754349251
3,1,108,1,25.15,19.881954261670504
4,29,22,0,25.15,24.53413304379281
4,29,22,1,19.4,18.528498675227162
4,29,22,2,30.55,24.9134818712152
9,16,9,4,7.85,6.343459126077074
9,16,9,4,12.4,10.525157831045625
4,29,22,0,21.15,15.211750997865192
4,29,22,1,18.55,27.43120581803831
4,29,22,2,18.2,16.551673472396747
5,5,65,2,24.3,24.004604821399976
9,16,9,4,15.05,13.720806328922126
3,1,108,1,33.25,29.443746543643453
9,11,9,4,14.9,10.59741775895877
4,29,22,0,17.8,14.2997975694174
4,29,22,1,17.5,18.132552872781332
4,29,22,2,15.6,21.46576221261246
5,5,65,2,8.7,6.5862696094542805
9,11,9,4,12.85,13.039514844058465
9,11,9,4,12.4,11.949014493606617
3,1,108,1,24.95,18.146987570799094
4,29,22,0,18.0,20.655061823857327
4,29,22,1,49.8,116.64096960105263
4,29,22,2,15.263157894736842,14.290020236604745
5,5,65,2,13.15,11.6901893190739
9,11,9,4,10.1,12.117408095272209
9,11,9,4,7.2,5.717931168010443
4,24,22,0,23.2,25.147145908997725
4,24,22,1,7.1,7.454422918820181
4,24,22,2,13.6,21.26375715674567
9,13,9,4,13.95,13.10474000224025
3,1,108,1,29.65,21.036997484382002
5,5,65,2,14.85,16.607781942590396
9,13,9,4,17.15,16.41974100699649
9,13,9,4,10.95,9.703363497153692
5,22,65,2,11.35,10.584372790506817
4,24,22,0,22.0,24.646981239302438
4,24,22,1,26.25,45.625333452278234
4,24,22,2,53.9,109.8304434835327
3,1,108,1,27.05,26.563677218495577
9,13,9,4,15.65,14.57205328161084
9,13,9,4,11.15,24.14708220359902
5,22,65,2,12.5,13.355464089751115
9,4,9,4,13.75,13.610657588816201
4,24,22,0,44.45,76.73980302568577
4,24,22,1,26.35,54.54334345994453
4,24,22,2,20.1,21.282312893697977
3,5,108,1,36.9,47.72608246408269
9,4,9,4,12.5,11.0
5,22,65,2,18.75,21.20048410569413
9,4,9,4,19.15,17.962753862250338
4,24,22,0,25.85,23.94571712062624
4,24,22,1,38.85,108.9095592923925
4,24,22,2,40.26315789473684,111.55060740173451
9,4,9,4,17.95,15.752944586898499
3,5,108,1,34.9,41.51841696606966
5,22,65,2,16.7,21.897127905876513
9,4,9,4,17.05,12.90644473855886
9,10,9,4,12.6,16.49688965899489
4,24,22,0,26.3,23.044807612447904
4,24,22,1,15.8,13.926876704302442
4,24,22,2,37.45,108.08401946244365
5,22,65,2,12.6,10.419617126009554
3,5,108,1,23.1,15.737651801032019
9,10,9,4,8.95,7.708334518729164
9,10,9,4,12.05,20.979877577285684
5,14,22,0,25.5,29.898952630837297
5,14,22,1,13.05,10.942312850870048
5,14,22,2,25.5,23.14826354747064
9,10,9,4,8.45,8.016266357587519
5,8,65,2,21.25,25.606074526010012
3,5,108,1,23.9,24.11572974331549
9,10,9,4,16.35,18.824046771141038
5,14,22,0,25.65,27.217012868308753
5,14,22,1,41.0,107.43761959976197
5,14,22,2,20.31578947368421,19.86916268318809
5,8,65,2,14.25,19.915281093989904
9,8,9,4,19.35,24.002795889777417
9,8,9,4,14.4,12.001754257739067
3,5,108,1,36.3,43.31658245740855
5,14,22,0,17.6,18.345801183176263
5,14,22,1,20.4,22.626021349438865
5,14,22,2,28.15,28.649010270403483
9,8,9,4,13.8,11.491873558943155
5,8,65,2,14.15,14.128265807835088
9,8,9,4,19.3,28.46438217547641
3,12,108,1,13.8,11.157249236541944
5,14,22,0,19.1,18.484417334893905
5,14,22,1,37.75,109.4406231707404
5,14,22,2,21.842105263157894,22.401049474162132
5,8,65,2,12.85,9.783310170629205
9,8,9,4,22.4,38.69910919687401
9,14,9,4,11.3,8.95662060330675
5,14,22,0,17.25,16.650825805346713
5,14,22,1,19.4,25.259495348544828
5,14,22,2,25.35,24.79659356910902
3,12,108,1,27.6,21.59288381803013
9,14,9,4,13.15,15.00973368395182
5,8,65,2,23.35,28.60304547642289
9,14,9,4,26.05,46.460481226408675
5,6,22,0,29.7,32.74478664813039
5,6,22,1,24.5,46.47636637667522
5,6,22,2,21.15,27.804344605607383
5,14,65,2,9.9,8.416149888599206
9,14,9,4,6.8,5.267577092084427
3,12,108,1,33.15,36.589148520752495
9,14,9,4,9.45,8.828631651739995
5,6,22,0,12.7,15.200761753765399
5,6,22,1,18.05,14.816331671858805
5,6,22,2,31.7,36.63346183908626
9,14,9,4,13.6,11.865030441108066
5,14,65,2,10.9,9.79204833149407
3,12,108,1,14.45,13.945287828925546
9,14,9,4,12.45,8.792790108647928
5,6,22,0,16.65,14.99219094974728
5,6,22,1,25.9,26.325692873372923
5,6,22,2,34.8,33.22586183587782
9,14,9,4,14.05,13.801125049487052
5,14,65,2,19.65,16.937268157279053
9,14,9,4,13.75,24.35456295732086
3,12,108,1,28.8,22.721656722398706
9,14,9,4,14.85,16.740354646309335
5,6,22,0,22.1,22.018891410499492
5,6,22,1,30.75,41.214298745127664
5,6,22,2,29.4,29.972619083704412
5,14,65,2,10.75,14.606685563737406
9,10,9,4,8.4,5.651269070329527
3,12,108,1,29.65,31.914812597881483
9,10,9,4,11.4,10.20010319865235
5,6,22,0,23.65,38.61179939644848
5,6,22,1,22.85,22.625730578492405
5,6,22,2,21.7,21.640848314922263
5,14,65,2,14.85,17.223835993058845
9,10,9,4,19.25,34.61346710838367
9,10,9,4,5.95,3.677456214630749
3,12,108,1,18.95,28.441028554944314
5,2,22,0,19.65,26.97615906489908
5,2,22,1,12.8,12.024536318886085
5,2,22,2,40.7,68.74981339687595
5,19,65,2,12.95,13.612977554331634
9,10,9,4,13.85,8.743569065318807
9,20,9,4,19.35,35.56650553244546
3,12,108,1,21.65,16.03048083463106
5,19,65,2,13.2,12.033287165193059
9,20,9,4,17.4,19.28293491529151
5,2,22,0,53.65,108.4504616476064
5,2,22,1,38.10526315789474,73.0219865952426
5,2,22,2,26.63157894736842,33.797124345646445
9,20,9,4,12.9,12.082610383696501
5,19,65,2,13.2,15.178239271022877
3,12,108,1,20.15,17.508719632168845
9,20,9,4,13.55,11.905217785757461
5,2,22,0,21.4,23.95038731694289
5,2,22,1,10.1,8.717194140559823
5,2,22,2,26.85,24.62834267988601
9,20,9,4,13.7,12.14430774174946
5,19,65,2,13.55,12.428638406180259
9,9,9,4,8.2,8.563078639687578
3,12,108,1,22.55,21.748502670782937
9,9,9,4,12.3,13.455971087020693
9,9,9,4,10.25,12.229709296368583
5,2,22,0,54.9,109.17918637195508
5,2,22,1,43.55,107.49417364871945
5,2,22,2,26.157894736842106,32.86548875153377
5,19,65,2,12.6,13.754999091239519
3,21,108,1,26.7,31.163575228985383
9,9,9,4,19.5,44.27010396716002
5,2,22,0,23.75,29.138281927461176
5,2,22,1,15.75,22.14040127055182
5,2,22,2,24.3,22.983060123307748
9,9,9,4,13.15,13.172039765311498
5,11,65,2,13.75,12.735673065097606
9,20,9,4,10.9,9.71108969981715
5,4,22,0,23.3,25.254702532399783
5,4,22,1,20.05,42.05819902543567
5,4,22,2,18.05,22.92200735216337
3,21,108,1,36.6,33.982038599360415
9,20,9,4,14.9,15.372223754483107
5,11,65,2,11.95,13.1888110473274
9,20,9,4,14.75,14.863855843162494
5,4,22,0,22.2,20.52879877020008
5,4,22,1,18.25,15.416583688728801
5,4,22,2,33.25,43.84767292630969
9,20,9,4,11.95,10.659687958304456
5,11,65,2,12.55,11.009445705249748
3,21,108,1,24.0,23.722074995776893
9,20,9,4,16.2,18.317664755783234
5,4,22,0,27.55,34.244438657209265
5,4,22,1,20.5,47.57099956906519
5,4,22,2,25.5,28.1340774824673
9,12,9,4,12.7,11.956500103995403
5,11,65,2,14.5,18.955626855202766
9,12,9,4,9.6,9.338094023943002
3,21,108,1,40.5,35.13957133609075
5,4,22,0,19.65,17.502706557618602
5,4,22,1,18.05,23.19817370307186
5,4,22,2,22.3,26.932859992366595
9,12,9,4,6.85,4.749238166053029
5,11,65,2,12.45,10.679419459877025
9,12,9,4,12.75,9.834819988719993
3,21,108,1,17.75,14.767941808632573
9,12,9,4,10.6,10.174270955389591
5,3,65,2,11.7,10.608338329128799
5,4,22,0,36.75,57.292302229329565
5,4,22,1,37.1,63.81874002945661
5,4,22,2,21.0,18.104957157756836
9,11,9,4,11.2,8.994735302269586
9,11,9,4,20.4,30.380741822480413
5,13,22,0,10.7,9.487387749838703
5,13,22,1,14.1,13.529305424269122
5,13,22,2,24.25,32.39700278534551
5,3,65,2,15.4,14.390786526180745
9,11,9,4,13.45,10.659687958304456
9,11,9,4,13.2,9.495705400476133
4,38,108,2,36.15,88.5938544856898
5,13,22,0,20.4,23.917401724751752
5,13,22,1,47.65,111.71970329920842
5,13,22,2,10.789473684210526,10.432741982008274
5,3,65,2,14.3,11.747788145680424
9,11,9,4,12.8,10.435768450760813
9,2,9,4,17.7,18.990579381976683
5,13,22,0,24.2,18.254343390863966
5,13,22,1,21.05,29.69400967411299
5,13,22,2,27.25,41.07614879708174
5,3,65,2,15.35,12.419318567627231
9,2,9,4,14.1,14.12686876319843
9,2,9,4,18.9,31.090529950960608
4,38,108,2,38.5,87.44592313929913
5,13,22,0,27.45,25.580574455505964
5,13,22,1,26.0,30.30546242233534
5,13,22,2,23.75,31.333310003724055
9,2,9,4,9.1,12.21259056961514
5,3,65,2,15.75,24.408529570407833
9,2,9,4,13.75,18.82572428186608
9,18,9,4,11.85,14.294919966271419
5,13,22,0,26.95,29.4394561591645
5,13,22,1,19.9,16.792542204330186
5,13,22,2,36.0,43.01652069416562
5,4,65,2,16.9,15.684051571077243
9,18,9,4,7.8,7.20087713955372
4,38,108,2,18.65,23.906121215683388
9,18,9,4,14.15,14.971112534688787
5,15,22,0,16.55,17.05247319614557
5,15,22,1,17.8,17.940251714481246
5,15,22,2,23.3,21.108990352080095
5,4,65,2,11.8,10.655366821713043
9,18,9,4,7.3,8.18278037936019
9,18,9,4,9.55,11.390092647837234
5,4,65,2,14.25,14.860314511086939
5,15,22,0,33.8,34.33825548093095
5,15,22,1,31.5,41.62552354657315
5,15,22,2,25.2,23.690104529773162
9,15,9,4,36.55,105.11621388279086
4,38,108,2,16.05,13.666998284380632
9,15,9,4,15.65,16.3168463155173
5,4,65,2,17.45,16.75669544108453
5,15,22,0,47.15,111.7225298863686
5,15,22,1,24.0,29.670411748631555
5,15,22,2,17.0,12.793227374930325
9,15,9,4,10.95,11.033322732808816
9,15,9,4,13.85,11.66314483183764
5,4,65,2,15.1,16.898769808853885
9,15,9,4,13.5,16.471666262818836
5,15,22,0,23.8,35.49885098214633
5,15,22,1,40.1,108.72074319098448
5,15,22,2,16.526315789473685,15.980433942976891
9,2,9,4,13.55,12.750541784154652
4,38,108,2,53.3,119.56988707336326
5,0,65,2,17.9,17.3748154098487
9,2,9,4,10.2,12.664080991861237
5,15,22,0,20.05,17.199984700115596
5,15,22,1,16.15,16.614118916404237
5,15,22,2,27.0,25.08931414388457
9,2,9,4,11.65,11.708184272011115
9,2,9,4,10.45,7.014833906575557
5,0,65,2,12.8,11.941083438457772
5,1,22,0,21.55,17.751130431016144
5,1,22,1,26.25,22.814757458599836
5,1,22,2,23.25,18.206057407241953
9,2,9,4,26.8,50.67190646959277
4,27,108,2,14.95,14.569163542077133
5,0,65,2,16.85,19.89518587630263
9,16,9,4,12.8,14.006013745981816
5,1,22,0,20.9,26.623891130850286
5,1,22,1,25.1,26.0099171370015
5,1,22,2,36.8,43.16748288871345
9,16,9,4,10.05,9.338516731089692
9,16,9,4,14.6,26.432436214063326
5,0,65,2,18.0,17.390257405558405
5,1,22,0,19.1,22.09048378112644
5,1,22,1,15.9,15.794402739411732
5,1,22,2,25.2,25.771465248460974
9,16,9,4,10.2,12.172445155047178
9,16,9,4,11.7,10.120848726631992
4,27,108,2,58.85,115.33989815004674
5,1,22,0,31.35,31.079312801452453
5,1,22,1,15.05,12.605241182268506
5,1,22,2,24.35,25.26965102960258
5,0,65,2,21.3,22.40559140740966
9,3,9,4,12.65,9.740177238201518
9,3,9,4,14.5,16.93796731730538
9,3,9,4,11.3,9.92657252556305
5,7,65,2,20.0,33.56533299324421
5,1,22,0,41.5,45.97882807966018
5,1,22,1,26.9,30.398926573846406
5,1,22,2,35.75,43.65037529229153
9,3,9,4,9.25,10.676462059374499
9,3,9,4,12.55,12.202135274744247
4,27,108,2,36.0,86.71854048101763
5,7,65,2,10.5,11.297414701929306
5,4,22,0,23.95,28.73559135508291
5,4,22,1,20.55,29.741827714339845
5,4,22,2,23.5,20.546481322524354
10,41,9,5,8.9,10.452398364918329
10,41,9,5,12.45,16.34649487617581
5,7,65,2,17.05,15.571482030673216
5,4,22,0,27.25,48.056846820362544
5,4,22,1,18.35,16.868765905006054
5,4,22,2,28.7,27.811584106740767
10,41,9,5,11.7,12.376123021876904
10,41,9,5,9.45,10.384578647408402
4,27,108,2,25.6,34.365527402968965
5,7,65,2,16.95,18.320178693681484
5,4,22,0,18.55,17.697680490302737
5,4,22,1,13.8,17.1697408250678
5,4,22,2,28.35,24.68171068028436
10,41,9,5,33.7,104.19925244706084
5,4,22,0,27.2,42.96828695922757
5,4,22,1,27.35,40.508965869168684
5,4,22,2,15.8,13.64821175870767
5,7,65,2,18.55,15.919121239962701
10,40,9,5,14.25,10.686316878188324
10,40,9,5,18.45,30.880883202531965
4,27,108,2,40.1,87.48347212323505
5,4,65,2,14.6,11.7983049630021
10,40,9,5,10.65,13.103936732705055
5,4,22,0,52.1,117.5105370415329
5,4,22,1,21.05263157894737,25.156120713590266
5,4,22,2,27.42105263157895,28.73502661188893
10,40,9,5,8.3,7.327669263968268
5,4,65,2,14.4,15.020687488646415
10,40,9,5,10.15,11.065712810298303
5,19,22,0,18.7,20.199270440186435
5,19,22,1,17.4,22.758225811896306
5,19,22,2,23.25,19.2596523988964
10,28,9,5,12.3,15.734976125949812
5,19,22,0,28.5,44.997660757912854
5,19,22,1,20.55,30.55361982172532
5,19,22,2,18.7,15.907958948109492
5,4,65,2,23.7,34.48279509979922
10,28,9,5,7.05,8.488227141164401
4,33,108,2,41.7,95.82170943998024
10,28,9,5,10.65,11.235634102453252
5,4,65,2,12.3,11.017211415254817
10,28,9,5,8.25,7.946366266546318
5,19,22,0,21.6,24.696899443154056
5,19,22,1,55.45,116.0292499420093
5,19,22,2,26.105263157894736,28.67615102183172
10,28,9,5,15.6,16.17795771379916
4,33,108,2,20.3,26.431838855122393
5,4,65,2,17.8,16.847926625521236
10,45,9,5,14.1,12.531644156420892
5,19,22,0,46.85,108.17105119110877
5,19,22,1,19.68421052631579,20.119235217348454
5,19,22,2,19.210526315789473,23.850411008264782
10,45,9,5,11.6,9.483503682988854
5,2,65,2,17.7,14.80789263232707
10,45,9,5,31.65,104.71780374440934
5,19,22,0,15.45,15.925732239630964
5,19,22,1,24.25,23.078527272177304
5,19,22,2,44.0,105.21756907525123
10,45,9,5,8.75,7.594145944843235
4,33,108,2,28.45,23.694269793615327
5,2,65,2,12.55,10.835978084724587
10,45,9,5,11.55,15.288368471694938
5,22,22,0,23.55,20.914550462599756
5,22,22,1,15.45,21.22678298257825
5,22,22,2,25.95,28.58132441408477
5,2,65,2,18.75,16.218491720385423
10,33,9,5,30.2,105.09274099825504
5,22,22,0,23.6,23.31568254698067
5,22,22,1,20.0,30.535570285022988
5,22,22,2,28.0,36.693610515068954
4,33,108,2,16.0,16.11145391851465
10,33,9,5,39.05,103.96683428660769
5,2,65,2,13.85,10.04345820081803
10,33,9,5,6.3,6.522027453580915
5,22,22,0,25.2,25.529343282212576
5,22,22,1,18.2,18.735274919674637
5,22,22,2,31.6,38.52599942349254
5,2,65,2,20.35,33.38337909798827
10,33,9,5,35.7,106.48503724887706
5,22,22,0,18.6,18.00993877659894
5,22,22,1,31.0,70.6503622369378
5,22,22,2,28.6,27.463660199961463
10,33,9,5,12.95,12.613589163237693
4,33,108,2,43.55,86.52804534703732
5,14,65,2,10.85,12.385369127363651
10,43,9,5,6.7,8.529206787330967
5,22,22,0,23.1,24.045789652244736
5,22,22,1,23.75,33.55886423020083
5,22,22,2,27.15,31.4563607491227
10,43,9,5,30.15,104.86395949037974
5,14,65,2,11.6,10.153557841569883
10,43,9,5,14.65,21.11441263811598
5,13,22,0,41.15,109.14609957589678
5,13,22,1,19.0,29.16809520311153
5,13,22,2,11.368421052631579,13.969055190812892
10,43,9,5,7.25,7.676862023399652
4,24,108,2,31.1,52.87213971360282
5,14,65,2,11.55,11.668558743816424
10,43,9,5,6.5,6.370160701930607
5,13,22,0,14.65,17.82746255227119
5,13,22,1,29.0,45.064865530290426
5,13,22,2,25.25,31.09895073538825
10,39,9,5,10.35,7.94239126128702
5,14,65,2,13.55,11.75842363226421
10,39,9,5,11.05,14.398373446147895
5,13,22,0,13.65,9.985647595160609
5,13,22,1,42.0,108.97754476568967
5,13,22,2,28.157894736842106,34.05757079791468
10,39,9,5,12.1,10.356284641653462
5,14,65,2,11.4,13.031944557408478
4,24,108,2,31.65,31.855388703854867
10,39,9,5,7.35,5.314082581613738
5,13,22,0,20.15,19.47272045979357
5,13,22,1,24.6,23.186656779958145
5,13,22,2,29.35,28.753535251750943
5,23,65,2,7.45,7.917169882437059
10,39,9,5,61.35,142.91781775404684
5,23,65,2,21.25,25.735241043731207
4,24,108,2,23.6,29.53392340307917
10,28,9,5,12.55,25.084016718556903
5,13,22,0,14.4,16.394479173441926
5,13,22,1,68.65,149.50207708467326
5,13,22,2,20.944444444444443,27.175837499345803
10,28,9,5,11.35,10.424035989758933
5,23,65,2,7.15,4.510514033023871
5,20,22,0,32.65,39.05229287695369
5,20,22,1,14.7,20.494158346118766
5,20,22,2,22.7,23.568712534339163
10,28,9,5,32.6,104.89061972008345
5,23,65,2,7.7,7.934601107607244
10,28,9,5,17.0,22.346552777836486
4,24,108,2,31.75,34.35553276517405
5,20,22,0,28.95,42.49145424918434
5,20,22,1,28.1,51.63933629154793
5,20,22,2,24.45,25.615527774338258
10,28,9,5,11.45,12.742283526655816
5,23,65,2,10.25,11.01135777277262
10,42,9,5,13.35,14.353708488346173
5,20,22,0,26.65,24.25147852248014
5,20,22,1,20.75,22.599196539048158
5,20,22,2,25.95,25.471294472508916
10,42,9,5,9.8,8.781559626494841
5,10,65,2,12.45,11.541572455122486
4,24,108,2,16.9,20.177893061988723
10,42,9,5,11.6,11.663708898251786
5,20,22,0,26.95,30.836538477318722
5,20,22,1,25.45,30.810925949973278
5,20,22,2,30.7,27.35362960617071
10,42,9,5,13.4,16.246133143159422
5,10,65,2,17.85,17.95102987809364
10,42,9,5,5.75,5.240279221166509
5,20,22,0,27.65,30.198074180492473
5,20,22,1,24.85,33.11268639056638
5,20,22,2,14.4,11.784914531990285
10,40,9,5,12.5,13.160947014397918
4,43,108,2,17.8,17.671267193116805
5,10,65,2,25.45,56.3415103584709
10,40,9,5,9.85,7.421696500623589
10,40,9,5,10.4,11.900464387223673
5,2,22,0,25.05,27.490620409992854
5,2,22,1,39.3,108.41931270959549
5,2,22,2,28.36842105263158,42.471180459114194
5,10,65,2,13.05,12.475133160348271
10,40,9,5,15.1,15.203531445721834
4,43,108,2,18.35,22.2882433016531
10,40,9,5,14.25,15.025854910436001
5,10,65,2,15.4,14.612179490879662
5,2,22,0,31.35,33.18096315343293
5,2,22,1,28.05,38.839040315532756
5,2,22,2,31.25,35.713590218791914
10,36,9,5,8.25,6.414416329028328
10,36,9,5,5.55,4.406633755218555
10,36,9,5,7.25,5.910516942393092
6,30,65,3,9.65,7.534307497951236
5,2,22,0,11.45,11.883092810242715
5,2,22,1,42.45,109.41012894512772
5,2,22,2,40.63157894736842,101.11885774578779
4,43,108,2,19.45,25.282561079464283
10,36,9,5,8.65,7.428784699078521
10,36,9,5,8.9,11.38281252822129
10,28,9,5,9.8,10.159776209719334
6,30,65,3,8.25,8.372102798171909
5,2,22,0,27.45,42.856523178477374
5,2,22,1,36.15,60.90395804266876
5,2,22,2,51.1,52.57465869448993
10,28,9,5,7.9,8.447360222983399
10,28,9,5,14.15,20.76757340815623
4,43,108,2,34.0,87.36312602851207
6,30,65,3,13.05,14.310375330691476
10,28,9,5,9.35,7.421696500623588
5,2,22,0,35.15,52.87151755360397
5,2,22,1,56.3,113.40198643020231
5,2,22,2,27.789473684210527,38.71631718506124
10,28,9,5,12.35,10.883473710171765
10,40,9,5,4.5,3.1539448982270812
6,30,65,3,9.6,6.96154852706902
10,40,9,5,9.7,7.175249858110573
4,43,108,2,28.7,46.39543988481264
5,4,22,0,30.35,34.07001305361776
5,4,22,1,15.75,14.556152614869372
5,4,22,2,48.4,107.24413859581276
10,40,9,5,11.1,18.730498630505497
10,40,9,5,9.65,16.968314123993768
6,30,65,3,17.6,16.368776438856482
10,40,9,5,12.35,13.974695176037217
5,4,22,0,49.0,56.20732299171289
5,4,22,1,27.75,43.71664141768104
5,4,22,2,30.75,41.07743009437049
10,25,9,5,9.25,10.442196784403679
4,37,108,2,20.95,20.291234820146254
10,25,9,5,8.5,7.444531726816599
6,31,65,3,11.05,10.97593060435328
5,4,22,0,34.2,54.975209724115885
5,4,22,1,20.4,30.902903968465658
5,4,22,2,18.8,17.916766625588153
10,25,9,5,14.2,16.65627746368823
10,25,9,5,6.25,4.700223958829823
6,31,65,3,10.35,10.604244433244643
4,37,108,2,13.9,7.859958483886608
10,25,9,5,12.25,10.740356751891193
5,4,22,0,26.7,38.28851689887961
5,4,22,1,32.6,47.61622898926263
5,4,22,2,20.65,20.481763390366254
10,36,9,5,17.25,22.365092631622446
5,4,22,0,20.1,21.110984918059277
5,4,22,1,22.35,32.85258140942897
5,4,22,2,23.15,19.636901352729815
10,36,9,5,12.7,15.300842770046499
6,31,65,3,17.95,23.723128843077657
4,37,108,2,19.85,22.560503447163445
10,36,9,5,16.7,18.218267292964356
5,22,22,0,29.5,40.440339422803795
5,22,22,1,19.8,19.299850013052325
5,22,22,2,25.05,36.68855407344367
10,36,9,5,9.45,10.065443750512783
6,31,65,3,13.3,22.90276931083364
5,22,22,0,33.1,52.29159135382848
5,22,22,1,28.4,28.431635456597323
5,22,22,2,20.8,19.239761460388006
10,36,9,5,36.85,104.13719442714932
10,43,9,5,12.4,11.278297743897348
4,37,108,2,33.35,88.25875534323404
6,31,65,3,8.5,7.037493572961448
10,43,9,5,7.35,5.489463591856293
5,22,22,0,27.85,30.553275300349508
5,22,22,1,29.05,27.689015492562543
5,22,22,2,41.6,54.57819113316619
10,43,9,5,10.7,8.485901620675877
10,43,9,5,11.1,7.900033311055686
6,31,65,3,9.2,9.367356533251664
10,43,9,5,10.25,11.44264875482577
5,22,22,0,16.55,19.47596359348458
5,22,22,1,42.5,108.3549236245599
5,22,22,2,31.210526315789473,49.24268580472798
4,37,108,2,18.85,29.594229522875423
10,46,9,5,11.4,11.071062327194783
6,31,65,3,8.45,8.400971121809292
10,46,9,5,12.9,10.192360400138714
5,22,22,0,23.4,24.273442277518036
5,22,22,1,16.8,15.302562564898455
5,22,22,2,34.8,26.343080585551153
10,46,9,5,10.6,10.277210352599528
5,7,22,0,18.6,16.769019053003667
5,7,22,1,19.65,13.769818253587884
5,7,22,2,20.2,16.93827804583142
10,46,9,5,4.05,3.501503436495454
4,42,108,2,24.35,39.22710529052181
6,31,65,3,13.8,9.185801400445204
10,46,9,5,9.7,15.624205242945456
5,7,22,0,23.8,18.309042919595193
5,7,22,1,21.05,21.619861726029416
5,7,22,2,23.95,28.790486367256076
10,32,9,5,9.4,8.574134911096525
10,32,9,5,13.3,13.852987517423623
6,31,65,3,8.95,7.639750615935327
5,7,22,0,18.5,29.43592506123302
5,7,22,1,15.05,17.15095516750874
5,7,22,2,23.85,16.36837451338789
4,42,108,2,19.2,15.773395322504282
10,32,9,5,34.25,104.4801038727621
10,32,9,5,16.45,22.78844351628116
5,7,22,0,31.45,34.794849891145795
5,7,22,1,22.75,35.31046512534805
5,7,22,2,33.45,28.26095502539446
6,31,65,3,11.85,14.477841508209782
10,32,9,5,10.95,13.716969897098073
10,28,9,5,3.8,2.8764012603470883
4,42,108,2,25.25,31.874548500414292
5,7,22,0,27.9,29.17803788360077
5,7,22,1,16.0,15.043795713638373
5,7,22,2,32.6,25.23030758933849
10,28,9,5,11.6,16.4905076363726
6,28,65,3,18.8,23.714530300396444
5,15,22,0,20.4,19.09367489648422
5,15,22,1,16.9,16.858232410309213
5,15,22,2,22.05,19.17365242640069
10,28,9,5,14.75,15.043358387638955
10,28,9,5,9.8,12.042031652332984
6,28,65,3,10.05,6.142817800188753
10,28,9,5,8.8,12.181089744699406
5,15,22,0,28.2,26.91819967390484
5,15,22,1,21.5,20.142910467587924
5,15,22,2,29.7,28.209927330640188
4,42,108,2,35.75,41.40286666912151
10,47,9,5,11.9,14.491013549238387
10,47,9,5,11.2,13.839683598452067
5,15,22,0,27.2,25.56642535168258
5,15,22,1,25.9,24.518306801674797
5,15,22,2,20.25,19.393094267371517
6,28,65,3,7.6,7.436750846834573
10,47,9,5,9.85,11.631513455400285
5,15,22,0,25.6,25.431849074898608
5,15,22,1,13.85,15.335802623445021
5,15,22,2,11.45,11.46837757533847
10,47,9,5,5.9,4.1282084810675315
4,42,108,2,23.15,19.488930731382663
6,28,65,3,10.2,12.609937601581915
5,15,22,0,19.7,18.60418741772089
5,15,22,1,21.9,29.235702758604482
5,15,22,2,21.55,21.360255764287782
10,47,9,5,33.05,104.49148794342808
11,1,9,5,14.3,10.518655107149293
5,12,22,0,20.45,22.198802717832855
5,12,22,1,18.9,24.098263750516836
5,12,22,2,18.05,16.884982427558146
6,28,65,3,10.65,11.563440573407933
11,1,9,5,16.7,18.541844568434932
4,38,108,2,44.05,86.6726904114433
11,1,9,5,15.9,16.867595841544347
5,12,22,0,30.05,39.77102224643359
5,12,22,1,18.45,32.87532269203244
5,12,22,2,21.9,21.771299310886583
11,1,9,5,20.95,19.834778069154986
6,43,65,3,12.45,16.401139241560408
5,12,22,0,20.8,29.626801521950572
5,12,22,1,18.95,20.127161538054672
5,12,22,2,10.05,9.82732495593148
11,1,9,5,13.6,13.2203989110927
11,12,9,5,9.95,8.726698296486177
5,12,22,0,38.15,66.18178712733905
5,12,22,1,17.6,23.40580224959974
5,12,22,2,32.9,41.14275532568855
6,43,65,3,10.9,10.992341831810382
4,38,108,2,47.55,87.01631728408306
11,12,9,5,11.65,11.837829637493343
11,12,9,5,10.9,10.507641329803253
5,12,22,0,33.25,44.552600491175774
5,12,22,1,25.6,30.80396420148413
5,12,22,2,22.3,26.852619199898115
11,12,9,5,10.65,11.860039052034756
6,43,65,3,10.1,11.355035979919357
11,12,9,5,15.5,16.91309053895672
5,1,22,0,24.35,25.98233205367386
5,1,22,1,15.5,19.066366087681043
5,1,22,2,19.25,31.365208683977755
4,38,108,2,25.95,39.21798057014155
11,15,9,5,9.15,5.914077763225107
5,1,22,0,13.9,15.983214879827425
5,1,22,1,13.9,10.891329240803389
5,1,22,2,18.85,21.76495251303657
6,43,65,3,10.15,9.756374434453772
11,15,9,5,7.5,5.2964735040352435
11,15,9,5,15.45,14.420289069297649
5,1,22,0,14.95,11.962551215311363
5,1,22,1,38.35,108.64198810288482
5,1,22,2,25.210526315789473,27.439993009734334
11,15,9,5,19.95,19.618667265213453
4,38,108,2,25.75,29.685855217594792
6,43,65,3,31.15,93.08924693398718
11,15,9,5,9.3,8.560004918837741
5,1,22,0,20.45,33.90152146872964
5,1,22,1,19.9,16.322087069850763
5,1,22,2,26.4,32.254579438226166
11,9,9,5,17.05,20.686825199679753
11,9,9,5,14.25,13.779752499496078
6,40,65,3,15.95,17.40681959523487
5,1,22,0,30.6,47.72553106870027
5,1,22,1,26.95,27.965156892104147
5,1,22,2,39.05,52.38769944015082
4,38,108,2,18.15,16.216544508293794
11,9,9,5,11.05,9.517159018818257
11,9,9,5,11.4,12.351859012012385
5,2,22,0,20.3,20.442731303764052
5,2,22,1,29.55,42.0519415660405
5,2,22,2,25.45,21.305978898940673
6,40,65,3,8.75,11.483970521878241
11,9,9,5,12.1,8.878714937836918
11,11,9,5,11.2,9.736529155710468
4,27,108,2,25.9,47.98673062201126
11,11,9,5,14.4,16.903440945247617
6,40,65,3,10.55,11.264639597570705
5,2,22,0,58.65,107.93773790087457
5,2,22,1,27.105263157894736,54.879559782047686
5,2,22,2,30.842105263157894,38.65554891588405
11,11,9,5,17.75,20.526939936529622
11,11,9,5,12.8,11.367543825804187
5,2,22,0,31.5,28.104129683431896
5,2,22,1,19.25,19.306053045885022
5,2,22,2,25.75,22.251847942184604
6,40,65,3,17.7,20.875823337056673
11,11,9,5,11.85,9.326109359720895
4,27,108,2,22.6,28.292457614967578
11,18,9,5,16.3,26.052780435513068
11,18,9,5,16.3,19.390990854409413
5,2,22,0,20.3,21.176203128685945
5,2,22,1,26.2,35.05274221572551
5,2,22,2,49.5,94.55073825868922
6,40,65,3,14.45,12.559228102328413
11,18,9,5,11.7,14.700877166811653
4,27,108,2,14.75,14.186260959111108
5,2,22,0,16.25,12.294093575457495
5,2,22,1,18.8,18.724034652932325
5,2,22,2,15.55,13.24853517225683
11,18,9,5,24.3,51.12533618471373
6,40,65,3,9.4,13.22437940042238
11,18,9,5,11.55,9.03487395420772
6,43,22,0,42.5,111.75089779458031
6,43,22,1,17.789473684210527,17.17743658074103
6,43,22,2,10.842105263157896,12.464452378641237
6,43,22,3,15.789473684210526,24.261489711906307
11,20,9,5,12.9,9.82960083785598
6,40,65,3,10.05,9.795138428940414
11,20,9,5,17.7,13.97403607446776
4,27,108,2,25.85,40.78734969003064
11,20,9,5,12.2,15.122656408253983
11,20,9,5,23.15,30.661608087742497
6,40,65,3,11.9,10.94916483236579
11,20,9,5,16.95,21.12986163304386
4,27,108,2,12.4,8.561849283764271
6,43,22,0,68.15,141.85139555553422
6,43,22,1,87.73684210526316,149.98845959504987
6,43,22,2,25.8125,27.7926099290201
6,43,22,3,26.125,26.971281022598834
11,3,9,5,15.35,17.968612985747644
6,40,65,3,9.45,10.241684688719815
11,3,9,5,13.35,10.529532403273135
6,43,22,0,24.35,28.297805382638497
6,43,22,1,24.3,34.49958047037063
6,43,22,2,17.75,22.1641602593015
6,43,22,3,23.35,32.19067370659102
11,3,9,5,12.7,8.933084573650918
4,28,108,2,15.45,14.507620502052669
6,40,65,3,6.4,5.950674442093893
11,3,9,5,15.4,14.503720030972817
11,3,9,5,9.5,9.555929545244892
6,43,22,0,20.1,16.22830535628542
6,43,22,1,26.5,42.328912602443054
6,43,22,2,25.4,33.42296720583176
6,43,22,3,23.35,19.524006814823213
11,9,9,5,20.85,20.481763390366254
6,41,65,3,8.85,7.8222018706540135
6,43,22,0,16.25,20.070599078463527
6,43,22,1,14.85,9.707701771491053
6,43,22,2,14.1,20.769157294816804
6,43,22,3,9.65,9.493903861231995
11,9,9,5,15.6,14.776937935067677
4,28,108,2,26.45,26.208626542860994
11,9,9,5,13.1,14.06339032269321
6,41,65,3,7.6,6.6995679357937545
6,39,22,0,19.65,33.74248454334528
6,39,22,1,19.5,17.388744090722355
6,39,22,2,25.35,32.71612349961568
6,39,22,3,16.5,15.524174696260022
11,9,9,5,14.3,16.425589791541732
11,9,9,5,11.5,10.205777517506549
6,39,22,0,23.15,26.288430515102426
6,39,22,1,17.5,16.391589627803516
6,39,22,2,16.15,18.13480224958571
6,39,22,3,13.4,11.357353286933119
6,41,65,3,8.4,7.044221222504227
4,28,108,2,24.3,25.487045212896113
11,7,9,5,19.4,23.161674332714743
11,7,9,5,11.8,13.75576434196148
6,39,22,0,22.35,24.090345303505
6,39,22,1,21.2,32.66029296932447
6,39,22,2,16.6,17.15992884293921
6,39,22,3,20.85,30.678768588476025
11,7,9,5,14.7,13.436399893768538
6,41,65,3,9.8,9.982089223361907
11,7,9,5,23.0,28.913664589601918
4,28,108,2,21.95,23.765244415012088
6,39,22,0,21.65,22.808758705466868
6,39,22,1,13.4,13.635866019628647
6,39,22,2,15.95,19.516457292837703
6,39,22,3,24.95,23.050231189615797
11,7,9,5,20.6,16.668280623608677
6,41,65,3,11.15,13.519089816762229
11,10,9,5,8.85,8.737547530177176
11,10,9,5,14.0,13.988717258073228
6,39,22,0,14.3,16.367811801150904
6,39,22,1,14.5,20.241957467232837
6,39,22,2,70.6,146.65476825739958
6,39,22,3,19.11111111111111,23.51692479117937
4,28,108,2,14.0,15.664240200297987
6,42,65,3,8.75,8.422244981376153
11,10,9,5,12.25,15.545772821946771
11,10,9,5,10.3,13.898504273936513
6,28,22,0,11.8,12.133468285349368
6,28,22,1,19.3,16.594545711420395
6,28,22,2,23.05,21.308449028495716
6,28,22,3,13.05,16.96893446395811
11,10,9,5,4.95,3.3791154245795716
6,42,65,3,11.35,9.343024417347836
11,23,9,5,7.4,7.443824710173492
4,27,108,2,19.7,24.30529506961503
6,28,22,0,30.7,49.101506033286206
6,28,22,1,20.35,25.207089645991516
6,28,22,2,20.9,25.258453509354258
6,28,22,3,16.3,14.250023084007157
11,23,9,5,15.35,27.802451614731275
11,23,9,5,10.35,11.160432928784383
6,42,65,3,18.6,24.353536433998766
11,23,9,5,8.35,9.702278625473285
6,28,22,0,24.25,16.653986404398644
6,28,22,1,22.6,29.988418817235008
6,28,22,2,21.15,26.049093326983474
6,28,22,3,11.85,10.214927157944164
11,23,9,5,7.05,6.893742395138239
4,27,108,2,33.55,74.55797814629334
11,2,9,5,14.85,18.918871113534397
6,42,65,3,9.35,9.09178345077518
6,28,22,0,25.45,27.417771800901612
6,28,22,1,24.8,32.92671287955467
6,28,22,2,19.45,17.20916218640218
6,28,22,3,26.65,57.599593383067706
11,2,9,5,13.7,13.42856342984884
11,2,9,5,15.4,13.315602245407256
6,42,65,3,15.3,11.635245909237204
11,2,9,5,11.25,8.390941230686943
4,27,108,2,21.05,33.728755496881604
6,28,22,0,17.5,18.76306562315837
6,28,22,1,20.25,23.797113933814483
6,28,22,2,19.9,21.51352084033128
6,28,22,3,43.35,107.53323843547655
11,2,9,5,17.8,17.33144389162141
11,19,9,5,8.55,8.550007694671821
6,38,65,3,13.25,11.68388453788965
6,41,22,0,22.0,20.862961388420793
6,41,22,1,42.65,108.59547097273197
6,41,22,2,23.105263157894736,23.769482621495303
6,41,22,3,17.157894736842106,16.859758657475027
11,19,9,5,22.25,31.225622070412154
4,27,108,2,18.85,17.07653052399234
11,19,9,5,12.65,7.9622464431247435
6,38,65,3,9.4,11.13741914732304
6,41,22,0,20.35,19.876659149549464
6,41,22,1,17.55,16.39150935537568
6,41,22,2,19.4,14.12873145868301
6,41,22,3,25.95,33.31741286474687
11,19,9,5,8.1,5.149348451375593
11,19,9,5,9.8,9.33922120048449
11,0,9,5,13.6,11.12323315360573
4,27,108,2,18.45,25.265901715032538
6,38,65,3,13.15,13.63924291771435
6,41,22,0,36.75,109.90468358393198
6,41,22,1,16.57894736842105,18.044130438313
6,41,22,2,23.842105263157894,21.08781416915344
6,41,22,3,22.473684210526315,23.41501992086996
11,0,9,5,14.75,10.391671766624615
11,0,9,5,13.9,10.130204964934272
6,38,65,3,11.7,14.301637742065179
6,41,22,0,26.05,29.225934769616774
6,41,22,1,28.2,39.769864285199134
6,41,22,2,24.05,35.59638509145202
6,41,22,3,21.1,26.96176630165878
11,0,9,5,22.65,22.09852340863763
4,24,108,2,31.95,58.0149481644715
11,0,9,5,15.85,14.154318664001643
6,38,65,3,8.05,7.3447080841994845
11,16,9,5,17.4,20.487223232772998
11,16,9,5,20.2,19.776647579245683
6,41,22,0,56.05,109.53513014938224
6,41,22,1,44.21052631578947,111.77983268081968
6,41,22,2,55.888888888888886,126.02562245964059
6,41,22,3,20.41176470588235,24.054778172770092
4,24,108,2,17.5,20.423155073540787
6,38,65,3,8.6,8.958383312794076
11,16,9,5,11.1,11.428956760421265
11,16,9,5,18.15,19.59665653545066
6,45,22,0,24.9,29.134714327540063
6,45,22,1,18.35,20.663405232184594
6,45,22,2,20.55,28.195697693461184
6,45,22,3,22.95,33.97905701736695
11,16,9,5,14.0,15.748015748023624
6,38,65,3,15.1,10.977968367311147
11,8,9,5,8.65,13.697003129766822
4,24,108,2,29.95,43.841190677261494
11,8,9,5,10.7,8.342030549225441
6,45,22,0,31.65,46.739226172005615
6,45,22,1,17.65,21.18160820891061
6,45,22,2,30.3,55.866476154262116
6,45,22,3,30.1,54.0096482608724
11,8,9,5,9.7,7.306089745439832
6,38,65,3,13.85,16.47094730922171
11,8,9,5,12.5,14.05066022048711
11,8,9,5,9.75,7.7857832651976375
4,24,108,2,16.85,15.180579699076056
6,38,65,3,6.7,6.673592893281935
11,20,9,5,28.5,76.50902939488495
6,45,22,0,22.4,23.52691627633516
6,45,22,1,46.35,110.24626739116482
6,45,22,2,46.10526315789474,114.38623398956621
6,45,22,3,25.166666666666668,24.895664635575784
11,20,9,5,10.75,6.812334015360822
6,38,65,3,16.75,38.09665685014756
6,45,22,0,18.75,19.694709415154325
6,45,22,1,20.75,21.4742808224654
6,45,22,2,14.0,17.459728098202387
6,45,22,3,17.9,30.51298256911569
11,20,9,5,16.5,11.962661207185246
4,24,108,2,25.2,35.98186677817183
11,20,9,5,16.5,11.514293177109094
11,20,9,5,14.55,18.471813520519365
6,24,65,3,10.7,10.09481367623468
11,17,9,5,16.7,22.78064737308495
6,45,22,0,50.65,112.76163728017282
6,45,22,1,25.157894736842106,26.032593156133114
6,45,22,2,21.68421052631579,28.856065473655327
6,45,22,3,52.36842105263158,111.020123564412
4,41,108,2,23.5,23.175531561495944
11,17,9,5,11.2,9.434539009182668
6,24,65,3,10.8,9.139849129239671
11,17,9,5,11.95,11.83871881403958
11,17,9,5,17.75,14.817752510879787
6,45,22,0,33.1,62.088985377948944
6,45,22,1,22.35,30.27987867597192
6,45,22,2,31.1,74.02410702637778
6,45,22,3,20.63157894736842,20.88649357922693
6,24,65,3,10.6,11.417438186250108
11,17,9,5,15.05,15.91581471036707
4,41,108,2,19.0,16.83042358037185
11,10,9,5,10.75,9.856202962708574
11,10,9,5,12.85,11.122641677890053
6,45,22,0,24.1,46.82205957834293
6,45,22,1,65.5,148.20487242505325
6,45,22,2,19.72222222222222,26.16644810699281
6,45,22,3,12.166666666666666,8.846734193042817
6,24,65,3,9.65,8.719457974462692
11,10,9,5,9.85,10.707965554473429
4,41,108,2,17.55,18.542908986569785
11,10,9,5,11.25,9.569001487808652
6,45,22,0,17.45,15.236642122130938
6,45,22,1,23.4,27.015395221009967
6,45,22,2,21.4,16.668280623608673
6,45,22,3,15.35,16.821899886441887
11,10,9,5,14.8,16.57709262808168
6,24,65,3,11.9,15.814383859072894
12,26,9,6,33.9,103.37153227175519
6,45,22,0,19.7,22.05758015071606
6,45,22,1,21.3,26.187783411354236
6,45,22,2,44.05,109.20501000652999
6,45,22,3,17.526315789473685,20.372553489253985
6,34,65,3,12.3,11.41144393280618
4,41,108,2,33.55,88.54881199238733
12,26,9,6,52.5,142.87996434254285
6,45,22,0,20.15,38.410901687164966
6,45,22,1,44.9,109.6304318104575
6,45,22,2,18.42105263157895,19.653429979052525
6,45,22,3,16.736842105263158,29.427579855304966
6,34,65,3,13.1,20.55006723000912
12,26,9,6,59.0,142.03446579504643
4,41,108,2,38.25,86.71118121308474
6,39,22,0,25.8,35.442466351153264
6,39,22,1,13.5,14.40942673902638
6,39,22,2,12.75,11.593441884826184
6,39,22,3,38.25,108.5657089411511
6,34,65,3,9.85,12.222821622729043
12,26,9,6,35.45,103.95670910730605
12,26,9,6,6.5,5.510755034714534
6,39,22,0,22.5,32.18777146027583
6,39,22,1,21.4,18.855126344675714
6,39,22,2,20.25,15.43023348051344
6,39,22,3,28.75,29.056886130123225
12,28,9,6,6.6,6.90842353865726
6,34,65,3,9.85,7.4500088307966035
4,30,108,2,22.95,31.072876986377143
12,28,9,6,8.1,6.719179147861191
12,28,9,6,8.35,8.021517115989049
6,39,22,0,25.55,24.214991007094845
6,39,22,1,21.2,29.114293830748462
6,39,22,2,12.55,15.09435237710484
6,39,22,3,45.4,107.46475554436685
12,28,9,6,5.6,6.769902432632867
6,34,65,3,17.1,22.104774430687566
12,28,9,6,12.2,10.8317272763615
6,39,22,0,14.8,12.980146783696854
6,39,22,1,38.55,109.12545894278604
6,39,22,2,14.052631578947368,12.389393690709477
6,39,22,3,13.210526315789474,16.321692951979994
4,30,108,2,33.3,29.41553474289608
12,43,9,6,10.9,9.256008006183135
6,30,65,3,18.4,27.396503810753508
12,43,9,6,12.15,15.755617210512906
6,39,22,0,30.3,28.512416501181413
6,39,22,1,24.3,24.851347522502888
6,39,22,2,23.0,20.18336991318921
6,39,22,3,18.4,15.360235743804948
12,43,9,6,13.75,20.885338599626596
4,30,108,2,20.0,22.648341405521347
6,30,65,3,10.3,14.079099851609085
12,43,9,6,10.85,14.434151753466681
12,43,9,6,10.75,11.74229870797743
6,46,22,0,22.05,29.835469883309944
6,46,22,1,25.05,32.796782576472665
6,46,22,2,29.15,33.99578147204057
6,46,22,3,44.3,106.11170876412324
12,47,9,6,9.3,7.560980164808765
6,30,65,3,11.2,13.74428110735133
6,46,22,0,24.45,22.07755468915504
6,46,22,1,14.35,10.235516082430049
6,46,22,2,17.9,19.144602097554394
6,46,22,3,12.05,11.161376070604991
4,30,108,2,23.55,26.3647990999163
12,47,9,6,11.7,15.120916151581488
12,47,9,6,8.95,10.956733089748969
6,30,65,3,14.3,28.50318541755234
12,47,9,6,8.95,5.6519675195550505
12,47,9,6,7.4,6.286158562563007
4,30,108,2,21.55,34.11817697357232
6,46,22,0,13.85,9.696852446460193
6,46,22,1,31.65,40.10942270182511
6,46,22,2,49.9,109.20280505362007
6,46,22,3,48.526315789473685,85.87741160841658
12,30,9,6,9.3,10.593443851344045
6,30,65,3,10.7,9.136969438841076
12,30,9,6,10.95,14.766516176810288
12,30,9,6,9.75,8.012326030626353
6,46,22,0,23.65,20.581736922253235
6,46,22,1,21.95,18.23090204772337
6,46,22,2,29.95,47.080530113726134
6,46,22,3,30.6,56.94170611016886
6,31,65,3,7.8,5.916969352277353
4,40,108,2,21.25,26.179290730611758
12,30,9,6,12.8,10.99090533122727
12,30,9,6,11.25,14.454556739184907
6,46,22,0,24.2,25.519033144529182
6,46,22,1,20.15,17.442461801139498
6,46,22,2,24.1,31.36860649892198
6,46,22,3,17.7,18.86824120886177
6,31,65,3,12.3,12.303615215391819
12,42,9,6,10.1,16.84886377552848
12,42,9,6,8.2,8.593755382773432
4,40,108,2,24.35,40.83248835502385
6,47,22,0,34.5,62.803369001151026
6,47,22,1,17.7,24.105251666280875
6,47,22,2,37.75,111.46152274498846
6,47,22,3,11.88888888888889,12.938264675390496
12,42,9,6,11.75,11.724356115189845
6,31,65,3,10.8,15.226707837840305
12,42,9,6,19.1,33.040485532306064
6,47,22,0,26.3,45.29331308842747
6,47,22,1,20.45,19.666897114320378
6,47,22,2,20.7,32.54001585093263
6,47,22,3,15.15,22.91925184780598
12,42,9,6,9.65,12.687644217484728
6,31,65,3,13.55,11.829824041045804
4,40,108,2,26.5,23.127791438918354
12,30,9,6,8.7,8.832356781504553
6,47,22,0,47.4,108.42188553589119
6,47,22,1,18.94736842105263,21.9835132269883
6,47,22,2,16.894736842105264,22.6418853181495
6,47,22,3,16.31578947368421,21.31262701253505
12,30,9,6,31.9,103.57092662569579
6,31,65,3,10.25,6.348435364634924
12,30,9,6,20.05,40.40905969288518
6,47,22,0,13.35,10.100937944984171
6,47,22,1,16.9,16.33498022488452
6,47,22,2,16.4,30.800546816745417
6,47,22,3,20.9,23.319068321192013
4,40,108,2,18.2,23.302586258091385
12,30,9,6,7.7,6.358583092747033
6,43,65,3,13.4,14.47102367891745
12,30,9,6,7.45,6.5732712356057625
6,47,22,0,20.85,24.484742832607967
6,47,22,1,24.45,23.72756558142981
6,47,22,2,19.3,22.64857379034808
6,47,22,3,14.9,11.773744206138458
12,24,9,6,9.75,11.54795493400865
6,43,65,3,10.4,12.700600897512475
4,40,108,2,22.8,23.125743231299616
12,24,9,6,34.4,103.08218489198441
6,39,22,0,22.55,20.87676875582547
6,39,22,1,24.25,24.738367814091195
6,39,22,2,22.95,38.86342482944194
6,39,22,3,15.6,17.07383347329135
12,24,9,6,25.6,34.65681371450794
6,43,65,3,10.1,10.803995362340437
6,39,22,0,46.5,107.90078288579942
6,39,22,1,18.789473684210527,14.961353724284374
6,39,22,2,27.473684210526315,22.874946074138336
6,39,22,3,21.05263157894737,18.34688494362198
12,24,9,6,37.15,102.72768037773204
4,44,108,2,23.6,24.407505316796996
6,43,65,3,10.75,12.242613240128449
12,24,9,6,29.3,103.86230763548642
6,39,22,0,22.65,28.67838907609701
6,39,22,1,23.45,19.893069409377624
6,39,22,2,16.3,17.84170159456417
6,39,22,3,12.5,13.96424004376894
12,45,9,6,14.25,27.002680178865678
6,43,65,3,12.15,12.325732603400347
4,44,108,2,18.15,19.682412667685146
12,45,9,6,7.9,7.362064927722385
12,45,9,6,11.75,23.31675476200706
6,39,22,0,44.85,56.8870302487862
6,39,22,1,29.35,29.65818427916386
6,39,22,2,33.55,35.3709291873842
6,39,22,3,22.65,29.805112595695814
12,45,9,6,11.05,9.944450978468238
6,41,65,3,10.65,11.037138263727224
6,39,22,0,23.2,21.93435181339271
6,39,22,1,14.45,12.828730092627005
6,39,22,2,15.9,11.299278039349518
6,39,22,3,16.25,12.924375175775833
12,45,9,6,5.35,6.243101455965111
4,44,108,2,20.75,18.438732117617608
12,31,9,6,13.65,10.363270160574443
6,41,65,3,9.45,8.77481443798401
6,26,22,0,28.65,28.68939837200091
6,26,22,1,17.2,16.343677354674014
6,26,22,2,15.3,17.186592081283045
6,26,22,3,22.35,32.60008879548772
12,31,9,6,9.65,9.85299847495007
12,31,9,6,8.15,8.821474993028751
4,44,108,2,28.95,40.67777745830478
6,41,65,3,13.15,12.893388758748046
12,31,9,6,13.2,10.339500140620665
6,26,22,0,33.5,35.60233581928963
6,26,22,1,31.65,38.773668493206216
6,26,22,2,19.65,26.76265072230721
6,26,22,3,16.95,22.954130461926848
12,31,9,6,9.85,13.099919646197915
12,46,9,6,8.35,8.79159287405632
6,41,65,3,13.85,16.490108677947706
6,26,22,0,21.65,24.177577694175543
6,26,22,1,22.25,15.426822164829124
6,26,22,2,18.65,23.939122351234357
6,26,22,3,25.9,32.74285779894762
12,46,9,6,10.8,11.29322106864393
4,44,108,2,18.2,19.882814584194907
12,46,9,6,9.4,8.881678362016707
6,41,65,3,9.6,15.236383049170582
6,26,22,0,19.1,15.87417631514185
6,26,22,1,23.3,22.398543185709762
6,26,22,2,17.45,29.494825594366638
6,26,22,3,35.6,107.94755061700347
12,46,9,6,15.1,19.08126664669055
12,46,9,6,12.15,20.53309267345867
4,34,108,2,23.15,30.582545761645772
6,47,65,3,10.15,12.222821622729043
12,29,9,6,11.1,12.366763606751089
6,26,22,0,70.9,149.03616657499086
6,26,22,1,24.88888888888889,27.28690461372804
6,26,22,2,15.5,16.926310879810757
6,26,22,3,20.833333333333332,23.823493100916405
12,29,9,6,10.7,6.775342290828909
12,29,9,6,6.65,6.243101455965111
6,47,65,3,8.55,10.757983571576775
12,29,9,6,14.6,25.458738547325012
4,34,108,2,49.05,97.1425837568024
6,41,22,0,43.8,112.27250682813528
6,41,22,1,69.52631578947368,152.22985851849631
6,41,22,2,13.470588235294118,13.996060370059602
6,41,22,3,12.0,11.46189338634765
12,29,9,6,9.15,10.766786159784465
6,47,65,3,8.95,7.3375386666245594
12,36,9,6,9.2,8.192422686463647
6,41,22,0,23.75,16.396004006111397
6,41,22,1,18.0,18.26126184606437
6,41,22,2,17.45,18.545747136260253
6,41,22,3,18.45,22.72599948586594
12,36,9,6,15.0,25.279490334635852
6,47,65,3,10.8,16.172100732596963
4,34,108,2,26.05,32.11570365183724
12,36,9,6,6.8,5.425087920703997
6,41,22,0,22.6,32.15979837590633
6,41,22,1,22.15,27.631551378432363
6,41,22,2,21.65,22.08661180563084
6,41,22,3,18.9,20.60633525476034
12,36,9,6,16.0,16.463676125912684
6,47,65,3,5.95,4.839258316377788
12,36,9,6,9.7,11.70290112479987
6,41,22,0,26.4,26.404545063303022
6,41,22,1,20.15,16.521994909497874
6,41,22,2,17.5,25.11971337416094
6,41,22,3,14.8,15.773395322504285
12,36,9,6,13.65,18.85477742056234
4,34,108,2,28.2,40.834196195681
12,36,9,6,9.25,8.71704319739573
6,28,65,3,8.1,9.607562810509997
12,36,9,6,4.85,4.579990806701874
6,41,22,0,28.7,34.38497223773016
6,41,22,1,40.1,109.50265557943044
6,41,22,2,12.31578947368421,10.724077953521991
6,41,22,3,14.0,17.45470328211473
12,36,9,6,10.75,10.636951482549183
6,28,65,3,9.1,8.747330419830051
6,44,22,0,22.25,26.110846707632323
6,44,22,1,15.55,14.887207507401145
6,44,22,2,15.35,14.228492541376264
6,44,22,3,19.2,21.92955227901142
4,34,108,2,35.9,87.15738939594158
12,36,9,6,11.9,15.341378514880667
12,25,9,6,6.15,5.254321529640349
6,28,65,3,12.95,15.408388009543101
12,25,9,6,11.4,16.62718129734372
6,44,22,0,39.15,42.41558179428131
6,44,22,1,15.8,16.96932216491991
6,44,22,2,18.65,16.056725103601657
6,44,22,3,21.95,17.043211335648543
12,25,9,6,7.55,6.954551709038061
12,25,9,6,8.4,7.170113410245996
4,44,108,2,50.3,96.43383332900503
6,28,65,3,8.75,8.949419269603917
6,44,22,0,45.25,107.81508292100489
6,44,22,1,24.210526315789473,27.987256916454
6,44,22,2,14.0,15.484759532449246
6,44,22,3,15.368421052631579,13.103055310862889
12,25,9,6,8.4,8.055073589131002
12,26,9,6,11.05,10.251957451089394
6,28,65,3,9.9,10.249005086502684
12,26,9,6,33.85,104.43193451894118
6,44,22,0,31.45,44.81714310160202
6,44,22,1,25.0,23.287674625726034
6,44,22,2,35.0,45.53541132141585
6,44,22,3,31.85,29.30650188322685
4,44,108,2,26.35,29.281348473406286
12,26,9,6,6.55,6.28678647724943
6,25,65,3,12.8,9.490161110051654
6,44,22,0,24.7,29.57968719808988
6,44,22,1,24.5,41.41891253750482
6,44,22,2,10.85,8.499380782398827
6,44,22,3,23.95,40.2263006397294
12,26,9,6,53.65,142.5295075635771
4,44,108,2,20.9,19.346970387063052
6,25,65,3,11.85,12.675193344315877
12,26,9,6,11.35,16.837536386863352
6,38,22,0,35.4,39.33044889810331
6,38,22,1,19.1,17.967514545628408
6,38,22,2,18.5,16.356231711169713
6,38,22,3,13.95,18.199117965902694
12,44,9,6,35.6,103.25053842092314
6,38,22,0,24.1,27.407067855227645
6,38,22,1,14.7,10.829297493860176
6,38,22,2,16.65,16.477336907975978
6,38,22,3,18.65,20.16060514964767
6,25,65,3,12.45,12.959349398874359
12,44,9,6,7.6,7.856609687993523
4,44,108,2,18.85,19.735821026218986
12,44,9,6,7.0,6.104355649430728
6,38,22,0,19.7,23.3510959959169
6,38,22,1,14.45,15.971932618783093
6,38,22,2,13.6,11.009087155618307
6,38,22,3,15.6,10.811300131173669
12,44,9,6,11.85,21.349904474086802
6,25,65,3,8.6,13.468872496084796
12,44,9,6,11.05,11.803099503720912
6,38,22,0,21.35,29.601342430440724
6,38,22,1,18.25,25.67791391756532
6,38,22,2,24.3,29.870069511662994
6,38,22,3,29.65,46.20466483626495
4,44,108,2,12.9,8.384823382629758
12,46,9,6,8.5,8.140218540969084
6,25,65,3,10.55,10.540523306693428
12,46,9,6,8.95,9.730445978852583
6,38,22,0,23.6,21.404377319161906
6,38,22,1,15.05,15.156985535597629
6,38,22,2,19.95,15.17780581881598
6,38,22,3,26.1,32.320597962159965
12,46,9,6,8.85,7.050755838542194
7,9,65,3,10.85,7.278483069257885
12,46,9,6,10.15,7.5552352013268536
4,37,108,2,27.1,31.03800726104758
12,46,9,6,6.55,5.605213738353925
6,33,22,0,16.5,18.059842046287176
6,33,22,1,68.15,148.02072223349782
6,33,22,2,24.833333333333332,21.17781858454737
6,33,22,3,19.666666666666668,24.158788438651666
12,33,9,6,32.55,103.31784122691238
7,9,65,3,16.6,25.19481985187473
12,33,9,6,14.15,13.047584975167263
4,37,108,2,33.45,88.14012468193683
6,33,22,0,16.25,13.349058709176937
6,33,22,1,20.75,19.1720053586912
6,33,22,2,25.0,35.43414945174247
6,33,22,3,43.95,107.41139555343669
7,9,65,3,14.3,9.679604167635434
12,33,9,6,31.6,103.56203327881364
6,33,22,0,15.85,15.577564839081539
6,33,22,1,21.65,22.029346455652238
6,33,22,2,11.05,8.917605295735305
6,33,22,3,20.35,23.58026605804992
12,33,9,6,35.45,102.97136801839113
4,37,108,2,19.1,21.05856495335655
7,9,65,3,13.35,16.496490854915653
12,33,9,6,16.0,27.69951548122705
6,33,22,0,22.5,20.651239289943987
6,33,22,1,14.5,16.944180805158293
6,33,22,2,18.35,22.1199481297574
6,33,22,3,21.1,19.001108000933993
12,34,9,6,7.85,6.714281714924421
6,33,22,0,19.0,20.85286803447329
6,33,22,1,12.0,9.59166304662544
6,33,22,2,14.2,18.986421740978887
6,33,22,3,22.45,41.15628109637957
12,34,9,6,10.15,9.938097880061566
7,9,65,3,13.35,8.71341977701788
12,34,9,6,5.5,4.406932337985115
4,37,108,2,28.35,23.742644290279397
12,34,9,6,19.45,31.423214683616177
6,35,22,0,27.75,29.168972339944045
6,35,22,1,21.85,24.52340450306712
6,35,22,2,18.8,15.776731700764095
6,35,22,3,17.15,27.906375427018183
7,21,65,3,15.75,13.170441386521162
12,34,9,6,9.45,12.483568147136882
13,10,9,6,11.35,7.652141083245573
4,37,108,2,19.95,33.21457352935368
7,21,65,3,14.05,15.01043496687344
13,10,9,6,16.35,12.278672138048325
6,35,22,0,42.4,42.21424055059096
6,35,22,1,32.8,53.77203342767845
6,35,22,2,21.9,25.172875962244092
6,35,22,3,33.2,43.84974344280705
13,10,9,6,13.65,19.559019994823224
6,35,22,0,17.05,18.838580234804265
6,35,22,1,13.1,17.540629527201308
6,35,22,2,11.75,12.259797371039515
6,35,22,3,16.1,28.86246880055755
7,21,65,3,16.0,21.913706357341507
13,10,9,6,18.65,18.87430723719974
13,10,9,6,15.7,29.07721118894169
4,37,108,2,41.65,87.09781252918135
6,35,22,0,19.4,16.98110404940863
6,35,22,1,19.95,22.896736149848724
6,35,22,2,24.1,34.91629087433332
6,35,22,3,15.05,16.333610810389207
13,20,9,6,15.45,15.43227990796871
7,21,65,3,13.55,9.173617779147698
13,20,9,6,10.85,9.056983348136457
13,20,9,6,11.1,14.330313839439878
6,35,22,0,18.3,15.741664460913908
6,35,22,1,52.15,108.87137509827583
6,35,22,2,26.57894736842105,25.998537970589556
6,35,22,3,22.894736842105264,25.27602011754335
7,21,65,3,19.55,15.212442967933573
4,37,108,2,36.35,89.29270318511621
13,20,9,6,14.85,13.323011355506209
6,39,22,0,18.7,30.902393026056124
6,39,22,1,14.2,12.37399650370422
6,39,22,2,14.2,9.220115309245838
6,39,22,3,24.55,30.756214605216055
13,20,9,6,10.35,10.844717365466106
7,21,65,3,16.05,10.913415211515934
13,2,9,6,15.3,20.047574994444957
6,39,22,0,24.3,28.778829938543
6,39,22,1,17.05,15.302132634306064
6,39,22,2,24.25,26.893307717720408
6,39,22,3,20.7,15.287077446068796
13,2,9,6,8.9,8.071391975431043
4,37,108,2,20.55,20.39214244958608
13,2,9,6,16.6,17.616977457465346
7,21,65,3,12.95,15.507129090569247
6,39,22,0,21.0,20.616804591860188
6,39,22,1,19.4,22.200995710244978
6,39,22,2,14.3,13.841584941191183
6,39,22,3,11.1,10.833184884273049
13,2,9,6,16.85,15.263561700647516
4,37,108,2,19.35,30.680484110638762
13,2,9,6,18.1,16.801942243618583
6,39,22,0,16.9,19.724150305226278
6,39,22,1,19.15,20.11879194866541
6,39,22,2,21.9,27.164024196100176
6,39,22,3,19.1,20.99348269795828
7,21,65,3,10.75,11.182105064978174
13,17,9,6,11.7,8.808488728732673
13,17,9,6,19.05,13.072570721291122
6,39,22,0,15.7,13.349945791334845
6,39,22,1,26.45,31.06101804682621
6,39,22,2,21.45,20.030174605750247
6,39,22,3,23.1,19.023254467264948
7,21,65,3,20.1,15.593183395992387
13,17,9,6,15.55,17.998464846816947
4,37,108,2,42.45,91.07340879462942
13,17,9,6,19.95,27.572822240673688
6,43,22,0,43.95,109.67678591398024
6,43,22,1,17.263157894736842,17.99951266396818
6,43,22,2,42.68421052631579,114.07602369160028
6,43,22,3,13.944444444444445,17.386513442125267
7,21,65,3,12.85,11.150997123221998
13,17,9,6,10.3,6.113832461592406
13,16,9,6,17.05,11.645984173457435
6,43,22,0,12.35,15.858834496234186
6,43,22,1,18.7,43.55770522204455
6,43,22,2,15.1,16.418538943908246
6,43,22,3,18.15,21.646137372702196
7,0,65,3,14.15,19.483528806066985
13,16,9,6,12.9,11.840608092492548
5,17,108,2,41.3,33.618760426755465
13,16,9,6,10.25,8.577050161546463
13,16,9,6,14.7,16.57550507287946
6,43,22,0,55.05,115.4198172348506
6,43,22,1,21.105263157894736,23.067280186547315
6,43,22,2,26.57894736842105,26.35719549546129
6,43,22,3,25.05263157894737,29.19564976006324
7,0,65,3,12.75,9.40254724725391
13,16,9,6,17.75,18.643116409916132
5,17,108,2,23.6,20.502631410061543
13,18,9,6,16.1,20.104725812604357
6,43,22,0,46.15,114.33895822693616
6,43,22,1,27.94736842105263,51.941712721740664
6,43,22,2,14.263157894736842,18.692963932581566
6,43,22,3,18.05263157894737,19.859153177119126
7,0,65,3,22.8,40.789059420646765
13,18,9,6,11.8,8.003946395043938
13,18,9,6,10.65,9.985647595160609
13,18,9,6,8.85,8.827439278212358
5,17,108,2,25.55,22.476830175468294
6,43,22,0,46.4,108.2392087729279
6,43,22,1,26.842105263157894,29.371685454409125
6,43,22,2,16.736842105263158,14.262780254382218
6,43,22,3,21.36842105263158,18.705942390100383
7,0,65,3,20.4,22.556128820531704
13,18,9,6,11.45,14.90840455299592
13,10,9,6,12.45,12.167579874403948
6,40,22,0,23.55,25.39679838918781
6,40,22,1,15.95,18.16438099253881
6,40,22,2,13.45,9.708786037182477
6,40,22,3,45.45,112.17114508407982
7,0,65,3,18.25,21.838823469370226
13,10,9,6,15.0,15.427248620541512
5,17,108,2,19.05,22.54229942037624
13,10,9,6,9.45,6.931810730249348
7,13,65,3,10.85,7.9291268517774975
13,10,9,6,13.0,12.27320573230028
6,40,22,0,21.85,23.138655285496878
6,40,22,1,23.5,30.53126094246424
6,40,22,2,59.0,108.34885178999603
6,40,22,3,22.05263157894737,21.266754660764995
13,10,9,6,18.8,24.451025164171487
5,17,108,2,29.75,19.750749486112113
13,7,9,6,11.35,10.800950250593209
7,13,65,3,15.4,18.365872240595998
6,40,22,0,33.85,29.76623838123355
6,40,22,1,22.15,25.07730154206347
6,40,22,2,28.15,27.352042163727297
6,40,22,3,22.55,24.660804187169052
13,7,9,6,19.5,15.929119313548478
7,13,65,3,13.1,10.218146912028105
13,7,9,6,23.1,23.9339002034221
6,40,22,0,22.3,24.26845472494782
6,40,22,1,17.1,17.612495564229395
6,40,22,2,16.45,22.041766573580496
6,40,22,3,13.3,14.89295135290517
5,10,108,2,25.75,27.790333419715342
13,7,9,6,14.5,15.786403210224597
6,40,22,0,17.2,15.316313971847485
6,40,22,1,23.1,23.96905900267435
6,40,22,2,20.15,22.55583714858937
6,40,22,3,16.9,16.820726562942017
7,13,65,3,13.3,14.93177466803066
13,7,9,6,24.0,33.39240380054942
13,22,9,6,13.45,15.595124069299418
6,35,22,0,28.05,33.870457551335825
6,35,22,1,22.45,35.66876121083811
6,35,22,2,19.0,15.934074709317303
6,35,22,3,19.75,25.928799269903482
5,10,108,2,29.45,33.133660734730334
13,22,9,6,16.9,15.474597180370699
7,13,65,3,14.9,14.267740572796786
13,22,9,6,18.85,21.18160820891061
6,35,22,0,21.65,24.387820515037504
6,35,22,1,10.75,11.125480474544625
6,35,22,2,40.05,109.22284077686508
6,35,22,3,12.31578947368421,15.003898128963936
13,22,9,6,16.7,11.83260437586711
7,1,65,3,15.55,20.969840498351815
5,10,108,2,22.15,20.688860465681067
13,22,9,6,11.95,12.750541784154652
6,35,22,0,18.55,14.737974580546748
6,35,22,1,23.35,23.229461783193386
6,35,22,2,19.7,45.23284786873129
6,35,22,3,43.4,101.85045797380434
13,9,9,6,13.25,11.858263829609779
7,1,65,3,18.95,20.291234820146254
13,9,9,6,15.45,13.430033115137288
6,35,22,0,23.1,26.66339892259168
6,35,22,1,15.65,12.092951405021463
6,35,22,2,17.4,16.828547174370104
6,35,22,3,17.5,20.36638096678471
13,9,9,6,13.8,8.811475771013498
5,10,108,2,30.1,37.6100490490731
13,9,9,6,10.3,9.336403003974901
7,1,65,3,16.65,21.36469049623701
6,35,22,0,28.9,41.255175113968555
6,35,22,1,22.6,32.993460277040235
6,35,22,2,22.95,21.261467494037188
6,35,22,3,19.55,20.174175780463813
13,9,9,6,9.35,6.5796736441223205
13,5,9,6,17.8,15.309439812364824
5,10,108,2,22.7,21.708838849890757
7,1,65,3,17.15,16.541097144290102
13,5,9,6,11.25,11.39194082628038
7,18,22,0,35.3,44.57530588494982
7,18,22,1,33.25,39.19166801892034
7,18,22,2,23.55,29.846052370544136
7,18,22,3,40.3,71.33029178627962
13,5,9,6,19.65,19.679738444988487
7,1,65,3,12.9,13.791301606447448
13,5,9,6,14.8,13.81684707731452
5,18,108,2,18.05,10.63002203295236
13,5,9,6,17.85,11.212187917384227
7,18,22,0,30.15,33.47784027492939
7,18,22,1,33.8,55.47555175124681
7,18,22,2,34.05,35.67171221894989
7,18,22,3,26.9,23.61957261523408
7,21,65,3,19.4,28.978031606537282
13,19,9,6,12.15,10.011966524325304
13,19,9,6,13.15,16.818770841877207
5,18,108,2,20.8,20.376973588626427
7,18,22,0,24.15,24.212382651945067
7,18,22,1,14.75,14.115594213493106
7,18,22,2,44.45,107.96123817078248
7,18,22,3,19.263157894736842,15.48778050687831
13,19,9,6,10.65,10.398760047540083
7,21,65,3,11.6,8.165395533011631
13,19,9,6,13.75,12.143332586888556
7,18,22,0,23.7,26.590659222643144
7,18,22,1,28.25,40.25298289045108
7,18,22,2,14.4,10.312996399535981
7,18,22,3,15.35,16.281326080739504
13,19,9,6,21.75,27.88297915065371
5,18,108,2,27.35,19.510523476211226
7,21,65,3,23.1,21.27983973030268
13,21,9,6,19.15,24.162334759965383
7,18,22,0,48.15,112.3613882921859
7,18,22,1,15.368421052631579,18.818461757645778
7,18,22,2,19.42105263157895,17.036939570871304
7,18,22,3,16.789473684210527,13.323241795067165
13,21,9,6,20.15,24.25147852248015
7,21,65,3,19.0,17.885601383294475
13,21,9,6,15.8,21.883904202812964
5,18,108,2,18.6,17.65577287431716
7,19,22,0,27.05,25.469228079142255
7,19,22,1,14.75,16.985675079158227
7,19,22,2,20.95,27.671902907576047
7,19,22,3,33.65,53.03650679137512
13,21,9,6,16.05,18.986075229798786
13,21,9,6,16.35,19.604712108115876
7,21,65,3,28.55,72.73924228654745
7,19,22,0,14.95,15.160457568431452
7,19,22,1,9.1,14.033418760418401
7,19,22,2,36.7,109.27180018554411
7,19,22,3,17.31578947368421,16.251675577131348
13,17,9,6,13.1,14.631976518642494
5,18,108,2,23.65,27.669620429937993
13,17,9,6,14.2,15.753362214226891
7,19,22,0,18.6,27.55549424630041
7,19,22,1,47.25,109.56510921773746
7,19,22,2,11.0,10.806376718298218
7,19,22,3,17.842105263157894,21.66990529101679
7,15,65,3,14.15,16.332966340309532
13,17,9,6,15.9,16.685638325092313
7,19,22,0,37.1,110.24704316359595
7,19,22,1,13.052631578947368,8.978206231453079
7,19,22,2,8.526315789473685,9.628478713648448
7,19,22,3,12.894736842105264,16.4650968780836
13,17,9,6,18.6,13.975165943841052
5,8,108,2,32.4,34.72357003232061
7,15,65,3,15.5,13.228756555322953
13,17,9,6,15.85,17.646454840025307
13,18,9,6,11.15,8.597888357644935
7,19,22,0,19.15,22.62107773504032
7,19,22,1,32.65,64.90095693074421
7,19,22,2,25.65,29.815705857642776
7,19,22,3,28.4,21.350212620659505
13,18,9,6,7.75,6.687576856420142
7,15,65,3,22.8,30.53143332784479
13,18,9,6,15.55,21.38488152631987
5,8,108,2,40.05,86.84740095495995
7,9,22,0,27.45,21.169677918142607
7,9,22,1,26.8,23.491543831322524
7,9,22,2,24.9,26.369639639874528
7,9,22,3,15.4,13.168543059723405
13,18,9,6,10.7,8.46727446361019
7,15,65,3,15.35,15.51323713206852
13,18,9,6,12.95,20.5924743535108
7,9,22,0,38.2,109.26818769479642
7,9,22,1,22.94736842105263,31.931304187810788
7,9,22,2,12.842105263157896,16.473086325865445
7,9,22,3,32.10526315789474,33.33149117716709
13,13,9,6,15.15,25.571931569799855
5,8,108,2,22.45,19.757676722572526
7,15,65,3,16.35,14.090963883208797
13,13,9,6,11.8,7.695521595810055
13,13,9,6,10.25,5.981330603592623
7,9,22,0,35.15,40.733117264767046
7,9,22,1,33.35,33.099968198426446
7,9,22,2,25.95,33.29687040770301
7,9,22,3,21.0,25.719130704798836
13,13,9,6,11.65,9.642422713689422
7,3,65,3,17.75,10.818478344213226
5,8,108,2,32.15,38.71933421567658
13,13,9,6,10.1,8.064868583130037
7,9,22,0,22.65,19.06850530945837
7,9,22,1,22.6,26.62883281036
7,9,22,2,19.35,22.769497139814046
7,9,22,3,23.1,16.29304016734559
13,21,9,6,10.4,7.80957576851717
7,3,65,3,18.2,17.479612184063555
13,21,9,6,18.9,15.227744761661715
7,9,22,0,28.6,28.22540848615882
7,9,22,1,17.6,22.302702220040274
7,9,22,2,21.5,22.17988657367419
7,9,22,3,27.35,25.269651029602574
5,8,108,2,20.45,16.256091975496126
13,21,9,6,10.95,10.860236500284202
7,3,65,3,10.95,8.994003850519405
13,21,9,6,9.85,8.424744256621306
7,10,22,0,19.25,34.20660908747252
7,10,22,1,22.75,23.044293733681894
7,10,22,2,21.5,34.31510331893922
7,10,22,3,25.65,35.4033525025675
13,21,9,6,14.0,13.494638311488558
13,19,9,6,8.3,8.265973372173036
5,7,108,2,22.95,19.59182160199022
7,3,65,3,17.05,17.388668421523374
13,19,9,6,9.55,11.380847253633023
7,10,22,0,38.05,82.85083298504482
7,10,22,1,45.25,70.77754252809142
7,10,22,2,19.157894736842106,24.44782007526946
7,10,22,3,16.894736842105264,18.193083963241836
13,19,9,6,11.5,10.190294660271503
7,3,65,3,15.7,16.92739915359897
13,19,9,6,11.1,10.279770630248825
7,10,22,0,21.55,25.805905076980057
7,10,22,1,17.15,19.98756192182897
7,10,22,2,20.5,22.892195866254234
7,10,22,3,24.25,25.009208830264694
5,7,108,2,25.1,21.47434209518542
13,19,9,6,11.9,13.138533123282025
13,14,9,6,17.05,14.922519189043395
7,18,65,3,18.5,25.117618056696884
7,10,22,0,28.05,35.10956534831168
7,10,22,1,20.05,21.96282744715908
7,10,22,2,14.8,11.736582484737735
7,10,22,3,26.8,28.76694008936757
13,14,9,6,8.9,6.051533081094323
13,14,9,6,13.55,14.21813149319891
5,7,108,2,28.05,25.49194919350441
7,18,65,3,12.3,9.989994994993742
7,10,22,0,33.2,33.32708713407317
7,10,22,1,12.3,9.846719998905325
7,10,22,2,26.6,31.590138367934752
7,10,22,3,25.35,29.39436931401014
13,14,9,6,8.95,7.897201369705866
13,14,9,6,11.7,9.868077186991448
7,8,22,0,22.0,21.051315748352692
7,8,22,1,22.15,30.030291724401074
7,8,22,2,14.85,11.379922301094476
7,8,22,3,22.95,22.621543062450797
7,18,65,3,15.3,19.54508957042125
13,22,9,6,19.35,25.67053399891544
5,7,108,2,25.85,28.34240824741535
13,22,9,6,20.5,19.763070292047765
7,8,22,0,27.2,25.08847502235575
7,8,22,1,21.5,23.025157865622596
7,8,22,2,19.3,15.694786261350414
7,8,22,3,21.0,25.68431837768555
7,18,65,3,12.4,12.014903026526769
13,22,9,6,10.85,9.582192914601105
13,22,9,6,18.65,30.878837924684717
5,7,108,2,25.25,20.738662089516716
7,8,22,0,25.6,30.408447579752018
7,8,22,1,22.35,24.19498643151206
7,8,22,2,19.45,13.371119702749773
7,8,22,3,21.2,20.41052360142215
13,22,9,6,14.85,12.001206079741364
7,18,65,3,18.1,18.26673709808422
7,8,22,0,13.35,11.458276714373675
7,8,22,1,20.05,24.590274072229622
7,8,22,2,18.6,19.570116854127633
7,8,22,3,29.5,35.60677049752136
14,38,9,7,33.25,102.73925862667053
14,38,9,7,6.1,4.48271534252458
7,12,65,3,13.7,13.151345738624702
5,17,108,2,42.45,46.849675615346136
14,38,9,7,10.0,9.872876187339044
7,8,22,0,23.85,20.52027238969718
7,8,22,1,31.7,43.714504397703536
7,8,22,2,26.5,29.589293938677784
7,8,22,3,40.45,39.752490819013964
14,38,9,7,8.05,10.76287478716586
7,12,65,3,8.75,7.538497686437335
14,38,9,7,15.65,21.059502168354964
7,8,22,0,18.85,18.89103101028578
7,8,22,1,14.75,16.914257455270032
7,8,22,2,23.85,21.40652876307157
7,8,22,3,30.3,29.938709320701747
14,29,9,7,7.75,8.32798073712318
5,17,108,2,40.4,55.40511091758118
7,12,65,3,15.7,16.83073629436711
14,29,9,7,13.2,15.902995414634779
7,8,22,0,19.3,17.95931073580674
7,8,22,1,16.55,18.740541473950056
7,8,22,2,17.95,26.71777448973268
7,8,22,3,30.05,27.21353185070754
14,29,9,7,31.35,102.48865148986265
7,12,65,3,28.7,87.20882379305674
5,17,108,2,34.65,30.451471315244483
14,29,9,7,8.0,9.602631218358304
7,8,22,0,20.3,28.445885837017478
7,8,22,1,13.95,25.742602412098286
7,8,22,2,44.4,109.37256463454096
7,8,22,3,22.42105263157895,18.718130810864412
14,29,9,7,16.95,27.570913353712
7,12,65,3,13.65,15.832262198302221
14,39,9,7,7.65,5.575085555161321
7,8,22,0,36.9,32.53969236098228
7,8,22,1,24.4,30.083042959185672
7,8,22,2,36.75,45.2209488017038
7,8,22,3,28.95,36.57360998545838
14,39,9,7,10.1,10.43728135604589
5,17,108,2,29.65,25.666433127212752
7,10,65,3,16.55,10.605237037972275
14,39,9,7,11.8,12.471441059687654
7,8,22,0,19.35,21.77945676186863
7,8,22,1,20.45,22.723683448633153
7,8,22,2,24.25,28.289620562654203
7,8,22,3,15.95,15.839574024043634
14,39,9,7,10.35,9.499445967224116
7,10,65,3,9.55,9.063954057578554
14,39,9,7,12.9,16.120924617599197
5,17,108,2,28.55,42.58672266526765
7,18,22,0,21.5,31.32932038505581
7,18,22,1,17.8,16.54849333259519
7,18,22,2,27.95,33.62091297799161
7,18,22,3,20.5,19.32410548076104
14,45,9,7,11.9,14.193771799445587
7,10,65,3,9.95,9.517159018818257
14,45,9,7,6.6,6.064564895227114
7,18,22,0,31.6,34.67503272870614
7,18,22,1,17.1,19.93383793294312
7,18,22,2,18.8,24.204392815746225
7,18,22,3,30.1,33.72629771995047
14,45,9,7,6.6,5.082477638649128
5,8,108,2,34.4,41.2787698715122
14,45,9,7,8.0,9.453487242950697
7,10,65,3,12.75,15.874093426248418
7,18,22,0,20.25,28.14226078525432
7,18,22,1,23.7,26.04671915899138
7,18,22,2,18.55,17.394720917263193
7,18,22,3,17.2,11.723121553040745
14,45,9,7,9.65,19.098842621313057
14,45,9,7,12.95,13.06854399331705
7,10,65,3,12.9,10.401922899156673
7,18,22,0,13.55,16.586218121649896
7,18,22,1,15.15,14.974627664293044
7,18,22,2,24.55,22.236705075878014
7,18,22,3,28.3,29.585024661313472
5,8,108,2,22.05,18.955557440886217
14,45,9,7,7.5,8.419901237075482
14,45,9,7,13.15,14.239585298514989
7,20,65,3,25.45,52.858774106102764
7,18,22,0,47.4,107.62429778485995
7,18,22,1,28.473684210526315,30.759584632820154
7,18,22,2,20.05263157894737,18.703753884093032
7,18,22,3,28.63157894736842,40.49171455209598
14,45,9,7,32.15,102.28303095358797
5,8,108,2,25.55,18.70399619557838
14,45,9,7,13.0,17.146428199482248
7,18,22,0,21.5,13.46926325496606
7,18,22,1,28.15,27.821375727458573
7,18,22,2,14.7,12.699357629838067
7,18,22,3,21.3,16.222466552674152
7,20,65,3,16.15,19.984928531797472
14,47,9,7,10.55,9.643514319015273
14,47,9,7,9.75,14.24549790377001
5,8,108,2,21.2,22.087386255031337
7,20,65,3,14.2,18.791375401329308
7,18,22,0,30.7,30.914312815298114
7,18,22,1,21.0,21.378789291700954
7,18,22,2,31.05,42.632425267752794
7,18,22,3,39.8,60.54280782179968
14,47,9,7,14.65,14.946483480105032
14,47,9,7,9.0,11.484543388489822
7,20,65,3,23.4,51.95990356945794
14,47,9,7,14.25,18.8787683585779
5,8,108,2,30.55,25.69348678474556
7,18,22,0,24.9,24.501127793591355
7,18,22,1,22.0,27.189394217134314
7,18,22,2,52.75,109.67073927275031
7,18,22,3,34.05263157894737,55.478197603713895
14,24,9,7,8.25,7.070137346987196
7,20,65,3,10.3,10.079160366033003
14,24,9,7,36.15,102.01304096200539
7,18,22,0,21.75,35.1865330099906
7,18,22,1,20.8,20.960112494676018
7,18,22,2,18.2,24.750544916914667
7,18,22,3,42.2,106.5514948399673
14,24,9,7,5.3,4.543358368339206
5,23,108,2,28.8,29.655211665866904
7,20,65,3,20.1,24.228951798688236
14,24,9,7,7.85,7.855772265967036
7,18,22,0,27.45,41.93036206805153
7,18,22,1,17.35,24.136181619259805
7,18,22,2,17.1,16.91122330537358
7,18,22,3,17.25,14.814200157814444
14,24,9,7,19.15,28.988700157856428
7,13,22,0,17.85,18.615994820527177
7,13,22,1,14.8,17.60562111193019
7,13,22,2,23.65,34.90931861717999
7,13,22,3,16.45,17.12946061767946
5,23,108,2,20.6,14.837363931003804
14,41,9,7,18.5,26.037422461162564
7,20,65,3,27.5,31.36793535477036
14,41,9,7,9.15,8.393449827097319
7,13,22,0,28.35,25.608951970993104
7,13,22,1,16.6,18.377331574237697
7,13,22,2,10.2,11.27923103015356
7,13,22,3,21.25,19.806631000221802
14,41,9,7,13.05,11.825374145633216
7,20,65,3,18.65,23.615951344265955
5,23,108,2,15.1,21.081046613386857
7,13,22,0,12.8,13.233132262381579
7,13,22,1,18.0,14.779074823262075
7,13,22,2,15.55,25.081918419031414
7,13,22,3,31.6,31.18771688037658
14,41,9,7,33.25,102.72901245509956
14,41,9,7,13.75,18.814538051869974
7,20,65,3,15.8,18.57445897774117
14,42,9,7,7.1,12.04771216543011
7,13,22,0,27.25,34.55563782168053
7,13,22,1,54.5,110.00215308897606
7,13,22,2,15.736842105263158,15.314633906688934
7,13,22,3,22.31578947368421,22.23373970537907
5,23,108,2,19.7,27.26497657010585
14,42,9,7,16.95,17.370498280887503
7,20,65,3,20.65,24.63047962009245
7,13,22,0,18.15,14.506894912420092
7,13,22,1,21.75,18.62617004449159
7,13,22,2,19.55,31.110118509645872
7,13,22,3,28.3,31.305119809957432
14,42,9,7,7.7,5.582868532630119
5,23,108,2,11.15,12.330001920860395
14,42,9,7,13.0,21.82948271923716
7,4,65,3,12.9,11.79161164825054
7,6,22,0,16.5,12.742386787907185
7,6,22,1,17.9,14.856860899580155
7,6,22,2,25.95,32.54223975729164
7,6,22,3,28.15,21.62911050072637
14,42,9,7,7.9,10.02575630432359
14,37,9,7,12.1,13.5952778179546
7,4,65,3,9.95,10.723682596060582
7,6,22,0,20.9,18.347235558295395
7,6,22,1,21.75,36.60151708101153
7,6,22,2,14.6,17.101554253772868
7,6,22,3,27.0,26.231760580599516
5,16,108,2,21.15,18.720309826495928
14,37,9,7,12.4,14.971551971023331
14,37,9,7,8.95,10.4854535830409
7,4,65,3,12.7,14.19451339519308
14,37,9,7,9.7,7.773775076973118
7,6,22,0,36.6,47.99166594316143
7,6,22,1,22.1,21.125938160420112
7,6,22,2,46.9,111.32735040127571
7,6,22,3,36.63157894736842,64.27563088096606
5,16,108,2,36.75,34.973486198005844
14,37,9,7,34.75,101.81090573369727
7,4,65,3,14.45,18.18175777501927
14,39,9,7,7.8,8.924242559632605
14,39,9,7,11.0,9.301952256890685
7,4,65,3,12.6,9.132936346859616
7,6,22,0,53.5,97.86322356388936
7,6,22,1,59.3,113.15806364736476
7,6,22,2,23.38888888888889,32.88149647533574
7,6,22,3,22.666666666666668,20.07339474206065
5,16,108,2,30.55,32.743782053359304
14,39,9,7,13.95,16.69060561482038
14,39,9,7,15.4,17.221162012263623
7,6,22,0,26.35,35.97407692389502
7,6,22,1,12.7,12.435517892840565
7,6,22,2,19.05,30.245443327966996
7,6,22,3,25.45,30.795548208688935
7,5,65,3,15.65,8.241582627780074
14,39,9,7,35.5,102.17090944511605
7,16,22,0,21.65,29.829824355041577
7,16,22,1,16.9,16.312410515987676
7,16,22,2,17.25,35.31046512534805
7,16,22,3,18.6,19.494668636916042
5,16,108,2,33.4,39.737825013985166
14,39,9,7,10.35,7.741038961956354
7,5,65,3,12.4,13.327454844477206
7,16,22,0,19.0,20.930964219497742
7,16,22,1,25.05,34.767611970126204
7,16,22,2,18.6,23.02492928156464
7,16,22,3,26.4,23.767292873323115
14,39,9,7,32.05,102.12297798036909
14,39,9,7,8.05,7.416021063956912
7,5,65,3,29.5,36.57076773369106
5,16,108,2,36.95,28.079726719317957
14,39,9,7,14.0,17.14949746079735
7,16,22,0,22.7,20.27728830619695
7,16,22,1,21.55,22.427602823776166
7,16,22,2,44.85,110.00061004615527
7,16,22,3,21.0,16.895101196632247
14,39,9,7,6.85,5.060424363315996
7,5,65,3,16.95,15.28148174132752
14,33,9,7,13.75,16.886229207318763
7,16,22,0,21.0,15.831347982637752
7,16,22,1,17.05,15.859498233252095
7,16,22,2,18.65,16.261918705983007
7,16,22,3,27.65,21.526666449337963
5,21,108,2,33.3,28.50687820970858
14,33,9,7,11.05,12.746413324209245
7,5,65,3,8.55,6.754920234053178
7,16,22,0,16.3,15.044145565284646
7,16,22,1,13.5,11.30672831826952
7,16,22,2,25.25,19.923207837251404
7,16,22,3,21.25,19.742753500701813
14,33,9,7,8.8,9.271348053915466
14,33,9,7,7.6,9.326814766264555
7,9,65,3,15.35,12.410839913898696
14,33,9,7,8.2,15.830018120147892
7,0,22,0,27.5,30.58293297696747
7,0,22,1,21.65,17.205491779325026
7,0,22,2,23.85,25.386019774671258
7,0,22,3,25.3,23.595494663622812
5,21,108,2,27.85,31.5265552227091
14,31,9,7,8.55,9.389103426733287
7,9,65,3,11.3,9.652379035897399
14,31,9,7,16.25,14.581440979979709
7,0,22,0,50.1,51.74319177183451
7,0,22,1,26.95,51.71834144774235
7,0,22,2,24.75,31.4991645670334
7,0,22,3,28.263157894736842,28.633395625200297
5,21,108,2,22.3,21.521348030563317
14,31,9,7,14.2,12.475660514103367
7,9,65,3,11.5,11.596278894995857
14,31,9,7,10.2,15.219793206977482
14,31,9,7,11.75,12.216791722870617
7,0,22,0,32.4,28.35006729779444
7,0,22,1,20.9,23.43838507100782
7,0,22,2,48.45,108.04408213414804
7,0,22,3,18.63157894736842,21.404076782799503
14,28,9,7,8.65,8.554930865019493
7,9,65,3,12.8,13.96838535671479
5,21,108,2,34.4,29.258197231940965
14,28,9,7,10.55,15.247001430824978
14,28,9,7,9.95,10.860236500284202
7,0,22,0,25.15,25.9316409045012
7,0,22,1,41.4,109.57833055087028
7,0,22,2,19.210526315789473,24.40760115521488
7,0,22,3,35.31578947368421,42.78765739942997
7,9,65,3,23.65,23.371766593139906
14,28,9,7,34.6,102.15488756115187
5,21,108,2,39.25,24.60610750028922
7,0,22,0,26.6,50.04355997265625
7,0,22,1,21.4,16.946976131451887
7,0,22,2,23.65,30.088072475038313
7,0,22,3,14.6,18.18443521835436
14,28,9,7,13.5,15.706183830781933
7,19,65,3,15.0,12.802137979341781
14,34,9,7,6.65,6.807696882360822
7,14,22,0,21.2,20.00684093530326
7,14,22,1,17.85,27.18799076992015
7,14,22,2,14.5,14.802204672206594
7,14,22,3,40.8,40.39619575627076
14,34,9,7,14.65,23.8862986491816
7,19,65,3,16.6,15.908951468971965
5,7,108,2,25.5,25.566219488758374
7,14,22,0,15.95,19.3675664857242
7,14,22,1,13.4,16.872275608539777
7,14,22,2,15.85,17.82451003238902
7,14,22,3,17.05,13.80112504948705
14,34,9,7,27.2,103.0889243119234
14,34,9,7,5.85,4.283075628809893
7,14,22,0,16.8,17.54872914876864
7,14,22,1,17.5,31.184510325007935
7,14,22,2,16.3,11.671377495033694
7,14,22,3,12.0,13.054541456197493
7,19,65,3,9.45,7.258207695248767
14,34,9,7,16.3,28.319790364968974
5,7,108,2,20.55,21.922050902903077
14,47,9,7,5.75,8.66860639561546
7,19,65,3,14.2,13.30848561909597
7,14,22,0,30.7,40.507439212803206
7,14,22,1,24.3,20.12095006650897
7,14,22,2,21.85,18.91052338611605
7,14,22,3,30.55,38.96621343515025
14,47,9,7,31.55,102.76773761612564
14,47,9,7,7.0,5.32125826038205
7,19,65,3,10.45,7.037306601998119
5,7,108,2,28.75,25.73524104373121
7,14,22,0,18.1,16.920557412741893
7,14,22,1,41.65,108.34558500222185
7,14,22,2,22.31578947368421,22.89845368767397
7,14,22,3,17.42105263157895,18.142386800815633
14,47,9,7,9.25,12.413384118086329
14,47,9,7,9.05,12.058956051525838
7,4,22,0,14.55,15.965340749985822
7,4,22,1,15.1,16.415333011996342
7,4,22,2,26.3,40.064553174254065
7,4,22,3,24.75,23.214956612630484
7,8,65,3,13.1,10.612306659326187
14,34,9,7,28.3,102.89345536959452
5,7,108,2,24.4,17.515106261979145
14,34,9,7,8.5,9.19668132363088
7,4,22,0,20.9,21.48659312712293
7,4,22,1,29.45,40.06373212244395
7,4,22,2,27.2,58.31276830479257
7,4,22,3,20.2,19.058359127468947
7,8,65,3,21.2,18.97255635745595
14,34,9,7,30.2,102.52167935047741
7,4,22,0,18.45,16.397929907862085
7,4,22,1,15.0,20.11283957549191
7,4,22,2,14.65,11.207492794414016
7,4,22,3,23.4,28.777549729277727
14,34,9,7,7.5,7.207452283647297
7,8,65,3,13.45,10.87476557521078
5,7,108,2,36.8,36.572350787244496
14,34,9,7,11.35,13.075791210839736
14,30,9,7,15.3,24.745228141794808
7,8,65,3,13.1,19.40943883242052
7,4,22,0,51.45,107.69179952164662
7,4,22,1,25.157894736842106,31.894379786857492
7,4,22,2,31.68421052631579,56.60786422748752
7,4,22,3,29.63157894736842,27.76130505721106
14,30,9,7,6.7,6.7986066683974995
5,10,108,2,24.6,24.55584398232344
14,30,9,7,12.2,19.22060298084762
7,4,22,0,25.7,24.462861217514366
7,4,22,1,17.5,14.601730250754173
7,4,22,2,12.35,10.974971526158964
7,4,22,3,24.1,19.11709072779477
7,8,65,3,9.2,11.143088488055346
14,30,9,7,7.95,9.433841657620325
7,11,65,3,12.95,12.89012269755004
5,10,108,2,20.0,14.264420219922236
7,5,22,0,20.4,21.900252341732934
7,5,22,1,36.7,68.87907023029183
7,5,22,2,23.9,23.588355735739395
7,5,22,3,27.0,24.829947961876076
14,30,9,7,59.35,139.93091340485057
14,33,9,7,11.05,14.830533936514398
7,5,22,0,12.1,12.636205293145814
7,5,22,1,12.65,8.610122561631501
7,5,22,2,12.35,11.370668637470617
7,5,22,3,37.7,47.47420352149153
7,11,65,3,16.15,28.577272898507815
14,33,9,7,33.55,102.07452128095846
5,10,108,2,18.7,14.520765530058922
7,5,22,0,20.5,20.704690544084833
7,5,22,1,15.55,13.256478058908247
7,5,22,2,12.4,15.414961973082479
7,5,22,3,22.4,23.642958226165575
14,33,9,7,16.7,22.040871126160145
7,11,65,3,15.35,11.842274852586836
14,33,9,7,7.6,9.42225808224446
7,5,22,0,20.85,23.111343762886566
7,5,22,1,18.2,14.406139042271636
7,5,22,2,15.75,19.80928809263074
7,5,22,3,30.8,34.923374769102104
14,33,9,7,14.8,12.902876056380446
5,10,108,2,23.6,21.96264771690431
7,11,65,3,25.1,29.19607039167753
15,7,9,7,15.0,15.670958725247829
7,5,22,0,31.05,31.84745714049694
7,5,22,1,32.35,41.13811780869544
7,5,22,2,15.75,12.143332586888553
7,5,22,3,41.85,57.563946135900395
15,7,9,7,27.5,24.03396719119356
7,11,65,3,16.1,15.979921612349733
5,10,108,2,19.65,14.586493391959706
15,7,9,7,14.85,13.243767153686019
15,7,9,7,11.25,7.404657140504281
7,14,22,0,30.45,32.83527467766783
7,14,22,1,28.2,44.36048502416252
7,14,22,2,40.05,108.74764365263276
7,14,22,3,20.63157894736842,18.074569385729006
15,7,9,7,16.1,12.548432487555441
8,39,65,4,32.8,88.2613344443349
5,10,108,2,27.75,20.34149246710953
7,14,22,0,27.9,26.02812244274905
7,14,22,1,17.05,20.91203380579557
7,14,22,2,13.35,12.753843589906122
7,14,22,3,24.1,21.08104661338686
15,17,9,7,14.3,16.44800419823825
15,17,9,7,16.5,18.49751050106046
8,39,65,4,9.15,8.424744256621306
15,17,9,7,10.05,7.721978203052703
5,10,108,2,30.4,29.182547055244832
15,17,9,7,12.05,12.124247128009749
7,14,22,0,49.85,81.93982066447494
7,14,22,1,54.0,110.63405776180365
7,14,22,2,27.789473684210527,28.289336324975924
7,14,22,3,32.05555555555556,36.99677604749496
15,17,9,7,11.2,13.320344550625123
8,39,65,4,6.05,6.295152688253165
15,6,9,7,10.55,9.046517212950548
7,14,22,0,23.1,25.216744645697545
7,14,22,1,20.0,23.81949665825522
7,14,22,2,40.6,108.18473479241543
7,14,22,3,13.31578947368421,10.525380075369922
15,6,9,7,12.25,9.141432572287792
5,10,108,2,20.55,20.663914644158126
7,14,22,0,17.05,22.227235545609357
7,14,22,1,7.8,8.439256639750859
7,14,22,2,14.35,15.301444720232
7,14,22,3,18.45,18.239560821120897
8,39,65,4,8.9,7.210372645308322
15,6,9,7,14.85,15.509844072649303
15,6,9,7,19.6,14.412713685821753
7,9,22,0,44.0,108.5803122602174
7,9,22,1,14.0,10.837178804672572
7,9,22,2,36.73684210526316,112.43064138751062
7,9,22,3,23.055555555555557,30.03423971995222
15,6,9,7,16.45,15.195134262755227
8,39,65,4,12.9,12.565198387861443
5,10,108,2,51.0,87.82758228783435
15,6,9,7,12.55,8.152978144922194
7,9,22,0,13.65,11.421471008587293
7,9,22,1,29.45,42.99140060891003
7,9,22,2,13.5,15.551273428988312
7,9,22,3,18.65,12.76621775583801
15,6,9,7,17.65,24.568432891351495
8,47,65,4,9.75,10.973053118291286
15,6,9,7,12.15,9.08019823572151
5,10,108,2,20.45,18.916645413080264
7,9,22,0,19.35,18.95777857295133
7,9,22,1,18.85,23.45045168457372
7,9,22,2,37.7,110.04549298501865
7,9,22,3,19.789473684210527,15.750058015302043
15,6,9,7,12.25,11.396559961118461
15,6,9,7,11.65,8.875009266118216
8,47,65,4,31.05,87.82966469251718
15,15,9,7,10.65,9.996183482235923
7,9,22,0,20.6,22.95854387460375
7,9,22,1,26.55,23.983492129730443
7,9,22,2,44.9,110.03774472042714
7,9,22,3,26.157894736842106,24.797542794699854
5,21,108,2,23.55,20.577133450814564
15,15,9,7,14.25,15.488110890207642
15,15,9,7,11.4,11.504690119114123
7,9,22,0,25.45,22.205914337827824
7,9,22,1,22.8,40.90373808680185
7,9,22,2,23.8,29.585914144901345
7,9,22,3,23.2,24.027615690897704
8,47,65,4,7.1,5.599812026920378
15,15,9,7,11.75,12.506314194711491
5,21,108,2,30.55,39.653067844413805
15,15,9,7,12.9,13.703245869808404
7,17,22,0,22.5,25.797796723547414
7,17,22,1,26.8,23.758876457575088
7,17,22,2,17.5,19.720414215784242
7,17,22,3,31.6,29.73107536072759
15,7,9,7,16.4,17.306524477019764
8,47,65,4,14.4,17.00897595853127
15,7,9,7,9.15,12.14506614139863
7,17,22,0,20.15,29.23817799780928
7,17,22,1,16.55,26.486292383240926
7,17,22,2,19.85,27.31353048158405
7,17,22,3,24.8,24.476841901554298
5,21,108,2,36.5,46.1251158891712
15,7,9,7,14.6,14.558050765994164
8,47,65,4,12.4,14.766248855520411
7,17,22,0,20.4,15.83600162188742
7,17,22,1,17.45,17.98676413951454
7,17,22,2,27.3,39.292559895709196
7,17,22,3,20.4,29.951539807530853
15,7,9,7,12.45,9.773621857352898
15,7,9,7,9.95,8.684377988815985
7,17,22,0,18.65,18.2994823050156
7,17,22,1,14.7,18.671960402249084
7,17,22,2,15.55,23.544973762433543
7,17,22,3,21.2,19.113511341181496
15,4,9,7,15.15,12.9300751005268
5,21,108,2,29.55,28.272126872500003
8,27,65,4,10.0,15.410181186816924
15,4,9,7,18.8,24.082314978773166
7,17,22,0,27.05,26.522036517821014
7,17,22,1,38.2,109.05363238719792
7,17,22,2,24.526315789473685,36.856129327506004
7,17,22,3,18.05263157894737,14.319658919783928
15,4,9,7,17.9,30.765496736989057
8,27,65,4,18.0,40.71337553394979
15,4,9,7,13.45,14.76651617681029
5,21,108,2,35.05,32.96645025029633
7,9,22,0,30.25,35.15959852474219
7,9,22,1,23.25,26.99098289975259
7,9,22,2,16.85,22.067539867177622
7,9,22,3,39.45,44.92974047273551
15,4,9,7,15.65,13.78128020941909
15,14,9,7,14.9,21.10849168113704
8,27,65,4,7.65,6.71428171492442
7,9,22,0,23.3,29.00108890877611
7,9,22,1,16.6,18.434521391871513
7,9,22,2,19.7,27.453501358517194
7,9,22,3,21.5,20.11676441494297
15,14,9,7,9.85,9.062792645002741
5,19,108,2,28.85,29.810409697214652
15,14,9,7,15.7,12.990279766850776
7,9,22,0,17.0,15.983544169255026
7,9,22,1,37.8,104.98751805509272
7,9,22,2,9.631578947368421,9.821804124360757
7,9,22,3,23.05263157894737,21.4306988640401
15,14,9,7,14.0,14.72913332212906
8,27,65,4,34.25,89.0941991141369
15,14,9,7,11.4,10.840469983985207
7,9,22,0,22.7,17.387533344021907
7,9,22,1,16.45,14.53661438900877
7,9,22,2,18.7,18.733870255151285
7,9,22,3,23.7,22.466583372223123
5,19,108,2,20.65,19.70913493789111
15,18,9,7,16.35,26.976159064899075
15,18,9,7,11.65,12.683495284486014
7,9,22,0,21.6,24.605091471396513
7,9,22,1,27.9,26.550646736101612
7,9,22,2,26.55,33.63343417994722
7,9,22,3,29.35,33.50612669819938
8,27,65,4,34.3,86.81322964908783
5,19,108,2,18.45,15.20552185019778
15,18,9,7,18.65,23.49081567448503
7,21,22,0,14.25,22.505847193445906
7,21,22,1,18.9,28.52865595373038
7,21,22,2,12.55,11.869798029585755
7,21,22,3,17.2,18.824955441339593
15,18,9,7,20.45,27.486791086093085
8,32,65,4,10.05,9.14488640544108
15,18,9,7,16.75,26.451295859212248
5,19,108,2,30.05,36.351319385307484
15,9,9,7,10.75,12.190915513308736
7,21,22,0,35.15,40.21164403241272
7,21,22,1,28.95,31.731563233839548
7,21,22,2,42.4,108.42479809575512
7,21,22,3,37.1578947368421,47.05701406909936
8,32,65,4,13.8,16.061067671137
15,9,9,7,25.85,37.94493933389052
15,9,9,7,18.75,24.58684928767281
7,21,22,0,41.25,109.6505813938075
7,21,22,1,12.894736842105264,14.402525769392385
7,21,22,2,17.736842105263158,20.631265661781818
7,21,22,3,25.157894736842106,21.561960222924323
5,19,108,2,25.25,23.37086580383903
15,9,9,7,12.5,8.810878443570108
8,32,65,4,9.35,8.767613850505676
7,21,22,0,17.6,23.468680136906315
7,21,22,1,40.55,108.45249991052353
7,21,22,2,16.63157894736842,12.180177549863501
7,21,22,3,26.105263157894736,23.206547775339672
15,9,9,7,24.65,27.087140083344657
15,15,9,7,11.4,10.38419852214741
5,10,108,2,29.3,29.279236400741844
8,32,65,4,11.9,10.828325428197443
15,15,9,7,16.85,18.368379580710233
7,21,22,0,28.0,33.80439087020003
7,21,22,1,28.65,32.92779181305984
7,21,22,2,21.6,26.54965556323313
7,21,22,3,29.95,24.06892515038295
15,15,9,7,13.2,11.8125713587374
15,15,9,7,12.65,14.393986317391828
8,32,65,4,10.75,10.71582695681584
8,47,22,0,41.7,108.68597934077403
8,47,22,1,20.42105263157895,19.239183943982898
8,47,22,2,21.31578947368421,19.64137535232689
8,47,22,3,14.894736842105264,16.562657921568647
8,47,22,4,17.0,16.11417595369576
5,10,108,2,39.5,33.0685094279962
15,15,9,7,9.9,9.645833570156489
15,4,9,7,10.9,6.98042375429126
8,34,65,4,6.9,7.615081988016316
15,4,9,7,9.6,7.659874947447008
5,10,108,2,26.65,20.891385784576375
8,47,22,0,27.0,27.088548755594314
8,47,22,1,54.5,110.27262865996687
8,47,22,2,17.789473684210527,20.43031230350416
8,47,22,3,34.421052631578945,67.85304037196343
8,47,22,4,26.157894736842106,26.73795296306302
15,4,9,7,21.45,31.70003320602611
15,4,9,7,16.15,16.62995078639425
8,34,65,4,10.95,14.218131493198912
15,4,9,7,18.05,12.771164065148774
8,47,22,0,40.3,109.9861713795732
8,47,22,1,41.473684210526315,113.3173363323119
8,47,22,2,12.222222222222221,13.786419385653558
8,47,22,3,25.77777777777778,27.547938015192514
8,47,22,4,22.666666666666668,29.405881764588205
5,10,108,2,35.7,56.55374714189567
15,3,9,7,37.3,101.28235675315659
8,34,65,4,11.85,12.25292661066391
8,47,22,0,12.05,12.115561980579487
8,47,22,1,37.15,109.57298697071377
8,47,22,2,18.94736842105263,16.847267118340742
8,47,22,3,18.789473684210527,29.020259106294883
8,47,22,4,11.210526315789474,13.335745395858378
15,3,9,7,11.3,9.084978927067644
15,3,9,7,12.8,12.429167732648708
5,10,108,2,26.15,19.828939510353628
8,47,22,0,34.0,56.88029905909982
8,47,22,1,13.55,12.705054940952895
8,47,22,2,12.4,9.23038460737146
8,47,22,3,13.05,10.379509165963283
8,47,22,4,17.85,15.041259045844884
8,34,65,4,13.45,13.643872733131701
15,3,9,7,16.8,13.32429518230751
15,3,9,7,12.85,9.723953062304176
8,47,22,0,24.8,33.489354160766716
8,47,22,1,23.25,37.998441796307496
8,47,22,2,9.95,10.918236796151755
8,47,22,3,26.95,37.997887752929245
8,47,22,4,19.45,24.134437068876892
15,7,9,7,18.85,22.368386996878098
5,11,108,2,23.0,16.04598654525568
8,34,65,4,10.7,8.291403284188547
15,7,9,7,16.15,14.202575748600562
8,47,22,0,47.8,111.34611755574076
8,47,22,1,22.68421052631579,31.489068000002348
8,47,22,2,18.68421052631579,36.70611912592435
8,47,22,3,13.578947368421053,20.621767866541425
8,47,22,4,8.842105263157896,6.817161008112271
15,7,9,7,20.25,13.829316685939329
8,39,65,4,11.4,7.125934841718737
5,11,108,2,28.65,26.505759056437054
15,7,9,7,16.65,15.668523592826075
15,7,9,7,12.9,11.39205632747754
8,47,22,0,30.8,26.218916433509765
8,47,22,1,49.45,107.78071060698834
8,47,22,2,13.052631578947368,13.104171024739184
8,47,22,3,24.526315789473685,23.403153683620964
8,47,22,4,17.210526315789473,13.226988182283561
15,6,9,7,15.3,13.841584941191183
8,39,65,4,8.5,8.243019375268545
5,11,108,2,29.4,32.66641603913881
15,6,9,7,19.5,18.3145038871267
15,6,9,7,12.8,13.659775755268111
8,39,65,4,9.8,11.989469063351082
8,47,22,0,21.45,23.694269793615327
8,47,22,1,54.7,108.35375785871601
8,47,22,2,13.947368421052632,11.578110017569681
8,47,22,3,32.68421052631579,37.36018771006102
8,47,22,4,21.105263157894736,23.668766894703015
15,6,9,7,11.55,7.674119184841859
5,11,108,2,25.2,38.57132832067173
15,6,9,7,17.45,15.909199589512582
8,47,22,0,14.6,17.892662418462287
8,47,22,1,16.6,17.73904406135027
8,47,22,2,15.6,12.721304137051689
8,47,22,3,15.45,15.295252101292911
8,47,22,4,15.5,18.76587047639523
8,39,65,4,8.3,5.526015029409816
15,15,9,7,10.15,12.749716199111834
15,15,9,7,16.3,18.98503565831174
8,30,22,0,18.25,21.068497311089097
8,30,22,1,23.05,47.48237900305201
8,30,22,2,23.1,28.63913406512145
8,30,22,3,25.1,38.70658858644094
8,30,22,4,25.3,33.029651750159914
15,15,9,7,10.75,7.683714836211097
5,11,108,2,29.55,38.72232458224366
8,39,65,4,7.65,6.166761497611291
15,15,9,7,19.65,16.400497425062255
15,15,9,7,9.2,10.709562868861887
8,30,22,0,19.3,16.970872880196513
8,30,22,1,19.0,12.871837884556959
8,30,22,2,36.4,49.151109641058646
8,30,22,3,20.65,21.450739160371974
8,30,22,4,21.8,25.22655242732191
15,9,9,7,13.6,19.919310916003624
8,34,65,4,16.15,29.21116405183398
5,10,108,2,33.05,39.617214493330124
15,9,9,7,12.95,8.51917342172782
8,30,22,0,34.35,76.05695580494785
8,30,22,1,46.45,109.40435621077772
8,30,22,2,23.63157894736842,17.350025700639915
8,30,22,3,18.68421052631579,15.34076860155806
8,30,22,4,13.736842105263158,16.383738907367736
15,9,9,7,14.4,14.291697994953134
8,34,65,4,11.15,7.7478350116933346
15,9,9,7,14.45,11.96695010171105
5,10,108,2,29.4,25.27199406874191
15,9,9,7,12.5,12.667820815378086
8,30,22,0,28.95,21.02248170036319
8,30,22,1,28.85,41.98655799933568
8,30,22,2,21.2,19.039018108251163
8,30,22,3,25.6,28.47048333015496
8,30,22,4,23.3,37.24894911975794
15,22,9,7,15.75,19.742753500701813
8,34,65,4,11.2,11.251198766540858
15,22,9,7,17.1,12.506419404281525
5,10,108,2,17.85,14.397642350855847
15,22,9,7,12.9,10.176857130402862
8,30,22,0,31.0,31.358705666092654
8,30,22,1,35.45,52.52816287228064
8,30,22,2,24.8,25.02335750958755
8,30,22,3,27.75,21.437485614541743
8,30,22,4,20.35,15.37693077307692
8,34,65,4,9.1,10.447361792388191
15,22,9,7,9.85,11.886635573750793
15,22,9,7,11.95,9.247901611204908
5,10,108,2,23.1,15.55939384558747
15,19,9,7,8.5,10.04463721804353
8,34,65,4,9.6,8.29330738417557
8,28,22,0,39.05,46.84405820884527
8,28,22,1,27.55,29.46626081327235
8,28,22,2,31.25,28.190843978329674
8,28,22,3,17.5,15.452814425994072
8,28,22,4,22.75,20.925620156816578
15,19,9,7,16.2,22.47478118856075
15,19,9,7,11.4,12.99149519371889
5,10,108,2,22.85,16.274859527245663
8,40,65,4,16.05,11.668558743816423
8,28,22,0,27.05,51.65622701546914
8,28,22,1,16.3,14.585861936171364
8,28,22,2,24.65,36.10113717409963
8,28,22,3,21.9,29.830927081240972
8,28,22,4,23.2,27.39880904057885
15,19,9,7,14.65,23.595885011452403
15,19,9,7,11.65,10.979766079379594
8,28,22,0,20.9,20.29752383134974
8,28,22,1,34.05,33.974409874430336
8,28,22,2,20.0,14.70409896307113
8,28,22,3,8.9,9.829600837855978
8,28,22,4,10.0,11.327655956714269
5,23,108,2,17.55,19.465151046502513
15,15,9,7,14.1,10.031004567418906
8,40,65,4,11.65,10.974971526158962
15,15,9,7,12.25,10.803873574349447
15,15,9,7,12.4,17.104631567287015
8,28,22,0,36.6,43.34366948252682
8,28,22,1,28.45,26.270806290593644
8,28,22,2,12.4,10.644494499876203
8,28,22,3,16.85,15.658443157136126
8,28,22,4,28.9,46.22473705484406
5,23,108,2,7.7,9.279859345576538
15,15,9,7,8.3,6.440823745943976
8,40,65,4,12.45,16.611584416969542
15,15,9,7,13.05,10.757983571576776
8,28,22,0,23.95,22.375915153293025
8,28,22,1,23.15,26.79409793612254
8,28,22,2,25.7,39.08169580978314
8,28,22,3,22.9,28.324993612671737
8,28,22,4,17.3,21.09402509567205
16,32,9,8,29.55,101.51923592678334
5,23,108,2,18.0,18.241075683886166
8,40,65,4,15.1,13.533195055900608
16,32,9,8,8.9,6.965327664488169
8,29,22,0,18.75,19.76406893968526
8,29,22,1,11.1,13.756912138228818
8,29,22,2,14.2,15.150473329413282
8,29,22,3,43.55,110.96631779152864
8,29,22,4,13.210526315789474,12.791398791411973
16,32,9,8,9.8,9.456827107828948
8,40,65,4,7.75,7.812776310903219
5,23,108,2,23.05,26.688209499998113
16,32,9,8,37.2,105.09374261506775
8,29,22,0,28.3,32.04782610247904
8,29,22,1,19.2,19.4844067208411
8,29,22,2,20.8,17.67424531255638
8,29,22,3,31.1,34.091054545144246
8,29,22,4,18.25,17.041358359498286
16,32,9,8,11.3,15.778399625337231
8,35,65,4,10.1,14.003383049895666
16,37,9,8,9.5,12.882056063418316
5,23,108,2,33.25,45.60687275077368
16,37,9,8,14.85,18.84919375631642
8,29,22,0,16.5,25.27220232837486
8,29,22,1,13.8,13.304530292941179
8,29,22,2,13.8,12.601587201618692
8,29,22,3,23.65,35.33788037607355
8,29,22,4,49.0,106.59860767334037
8,35,65,4,9.15,11.481220364257084
16,37,9,8,13.15,17.883467813951285
8,29,22,0,20.25,22.627126244957914
8,29,22,1,21.0,25.287816912705736
8,29,22,2,18.75,21.86772435396634
8,29,22,3,13.45,12.41168803990819
8,29,22,4,17.65,22.48806701107805
16,37,9,8,29.5,101.62702707242275
5,17,108,2,24.7,35.55588632887076
8,35,65,4,9.75,7.210190157358068
8,29,22,0,19.4,30.27140391089984
8,29,22,1,14.05,11.736021920834835
8,29,22,2,12.95,14.554706238334408
8,29,22,3,40.5,108.92803032036191
8,29,22,4,11.052631578947368,15.349533775802538
16,37,9,8,36.5,101.53739264558234
16,33,9,8,16.9,26.429449284343484
5,17,108,2,31.15,34.27946293259812
8,35,65,4,10.1,11.920349694623278
8,45,22,0,18.35,15.715480132324105
8,45,22,1,22.5,38.53842921443204
8,45,22,2,21.3,32.62240108624101
8,45,22,3,38.25,107.82045260524553
8,45,22,4,18.0,15.12540173938457
16,33,9,8,55.45,138.49395768693114
16,33,9,8,31.25,101.52825637282096
8,35,65,4,12.95,18.480359417785312
5,17,108,2,24.25,24.77026018179228
8,45,22,0,13.35,12.848407642481163
8,45,22,1,74.05,147.43686427541934
8,45,22,2,15.444444444444445,16.6987925672072
8,45,22,3,14.0,16.359922335498094
8,45,22,4,11.61111111111111,14.597094347804045
16,33,9,8,7.2,10.22175183255374
16,33,9,8,10.0,10.244382285967887
8,47,65,4,13.85,16.95590255866515
16,42,9,8,10.35,12.00120607974136
5,17,108,2,21.25,25.871901034865886
8,45,22,0,55.0,114.27160627207444
8,45,22,1,23.842105263157894,33.96446371314638
8,45,22,2,21.157894736842106,20.15568063818
8,45,22,3,23.94736842105263,34.20278364924009
8,45,22,4,29.42105263157895,30.148366068631102
16,42,9,8,12.75,21.574534208547572
8,47,65,4,14.75,15.69738496491827
16,42,9,8,14.0,15.784736131365712
8,45,22,0,11.6,12.347597251884142
8,45,22,1,14.6,13.620418109356416
8,45,22,2,17.15,21.006953735921776
8,45,22,3,24.0,28.46049894151541
8,45,22,4,21.45,16.008139377072823
5,17,108,2,22.25,22.237651807120663
16,42,9,8,9.4,9.09250703659482
16,42,9,8,13.15,20.04803442261925
8,47,65,4,11.9,12.502210330893282
8,45,22,0,19.2,23.080180606791302
8,45,22,1,27.6,22.4461929722474
8,45,22,2,19.65,25.062605820750477
8,45,22,3,21.5,21.308510778065823
8,45,22,4,14.7,23.217733694198856
16,40,9,8,7.9,7.946531848615006
16,40,9,8,8.75,7.656266783010606
8,47,65,4,11.65,12.291524679524848
16,40,9,8,12.4,30.81933774349099
6,39,108,3,38.4,75.3653557153767
8,36,22,0,54.55,118.27331193379796
8,36,22,1,19.473684210526315,30.27350954410405
8,36,22,2,37.1578947368421,112.10325753909737
8,36,22,3,14.833333333333334,19.54858201567391
8,36,22,4,16.833333333333332,23.816084530269478
16,40,9,8,10.1,8.34707638700679
16,40,9,8,9.0,8.429272304235248
8,47,65,4,9.55,12.335123151306384
8,36,22,0,29.7,32.38761946696364
8,36,22,1,22.3,21.579961465259974
8,36,22,2,14.4,13.689796430765123
8,36,22,3,27.1,25.882121445629526
8,36,22,4,21.8,23.451181094709113
16,30,9,8,7.55,9.779005438612918
16,30,9,8,5.35,4.221187161525958
6,39,108,3,16.9,20.38291338093593
8,36,22,0,24.35,24.02471315344396
8,36,22,1,19.7,24.30962555731458
8,36,22,2,16.1,16.075152450779104
8,36,22,3,23.5,23.869160900736816
8,36,22,4,15.0,17.91794161110442
16,30,9,8,8.2,9.627810594424117
8,46,65,4,14.8,17.3557210346208
16,30,9,8,9.0,9.733285267845751
8,36,22,0,16.85,17.351702479796284
8,36,22,1,20.35,17.741639988278543
8,36,22,2,13.45,12.34365381374916
8,36,22,3,17.8,20.33042832282374
8,36,22,4,23.75,24.117857546465004
16,30,9,8,36.8,104.67473429629521
8,46,65,4,12.6,11.988591067739097
6,39,108,3,26.45,22.546968520705487
16,42,9,8,11.85,10.121758740456126
16,42,9,8,12.55,10.18499928946074
8,36,22,0,18.0,25.973670879322555
8,36,22,1,13.65,16.426150524472604
8,36,22,2,44.45,109.41060999257508
8,36,22,3,17.526315789473685,20.86029833879721
8,36,22,4,46.68421052631579,111.20254425125901
8,46,65,4,5.85,8.430989203371595
16,42,9,8,14.7,10.44836930112214
8,24,22,0,17.95,15.958746158372481
8,24,22,1,25.45,44.50603152501089
8,24,22,2,21.3,24.08996296778959
8,24,22,3,14.75,21.07848741202621
8,24,22,4,18.4,22.91724241700995
16,42,9,8,13.2,13.732788270566562
6,39,108,3,17.25,18.78093938573165
8,46,65,4,14.05,13.418271125595874
16,42,9,8,11.0,13.475123278412745
8,24,22,0,24.95,32.386603793284
8,24,22,1,25.85,56.783313894506946
8,24,22,2,15.1,16.552627395196524
8,24,22,3,20.15,19.855464579913775
8,24,22,4,13.45,11.713577367177036
16,32,9,8,38.5,100.29194226960871
8,46,65,4,17.9,20.918136175401276
16,32,9,8,12.7,14.473569377534893
6,39,108,3,27.05,32.1206197095622
8,24,22,0,26.35,25.232132813454147
8,24,22,1,29.15,45.15735645612199
8,24,22,2,25.2,32.60868466819037
8,24,22,3,29.1,34.976533486565565
8,24,22,4,20.95,19.332206561236507
16,32,9,8,8.55,6.597248230173419
16,32,9,8,8.7,10.603375827884648
8,30,65,4,15.5,18.16735070336199
16,32,9,8,15.1,17.08461912148807
8,24,22,0,21.2,20.676964044686617
8,24,22,1,22.45,28.64937769141353
8,24,22,2,38.7,76.8361893901565
8,24,22,3,32.55,46.64025254964575
8,24,22,4,33.421052631578945,46.492909602162484
16,28,9,8,12.35,24.53198771099952
8,30,65,4,13.0,14.451370359352012
6,26,108,3,33.45,32.363844349097825
16,28,9,8,14.2,16.64679517125396
16,28,9,8,15.65,13.01122996734582
8,24,22,0,28.05,35.593427838059625
8,24,22,1,39.1,109.52187957327595
8,24,22,2,24.736842105263158,22.614749624632047
8,24,22,3,27.736842105263158,29.1716035921982
8,24,22,4,17.31578947368421,22.243732279700595
16,28,9,8,8.1,6.6165661311907895
8,30,65,4,15.75,20.434426575602366
16,28,9,8,8.15,10.080074143419884
8,35,22,0,15.95,17.661957333265903
8,35,22,1,23.65,29.261569911476226
8,35,22,2,16.9,17.28674575932001
8,35,22,3,19.35,20.660857983916806
8,35,22,4,18.15,17.35473543748977
16,33,9,8,10.3,12.481987021303938
6,26,108,3,35.3,36.78543762214379
8,35,22,0,14.55,13.128815234958722
8,35,22,1,13.85,15.543741336526484
8,35,22,2,17.9,22.580615813708796
8,35,22,3,12.6,10.510145474480211
8,35,22,4,15.6,17.898544486545326
8,30,65,4,14.3,23.389381306369284
16,33,9,8,12.45,11.798639529066142
16,33,9,8,13.7,16.176981697526436
8,35,22,0,31.4,31.379510579525082
8,35,22,1,23.75,24.606107500289223
8,35,22,2,15.55,29.28350532655758
8,35,22,3,12.95,10.985516781079005
8,35,22,4,34.05,53.22689763248416
8,30,65,4,9.7,9.015191856556704
16,33,9,8,28.9,101.56973233358346
6,26,108,3,20.2,14.296116513529856
16,33,9,8,6.2,6.354443120244374
8,35,22,0,12.15,11.212187917384226
8,35,22,1,16.45,11.758423632264211
8,35,22,2,13.2,13.16934238856931
8,35,22,3,10.05,9.349781871927899
8,35,22,4,18.35,19.847510781217032
8,29,65,4,11.9,14.356000029329383
16,26,9,8,30.55,101.31736225710203
8,35,22,0,22.85,25.32582414100384
8,35,22,1,22.35,32.03168661448255
8,35,22,2,12.1,11.6433852917711
8,35,22,3,16.2,22.816429906631107
8,35,22,4,22.95,36.50158612271094
16,26,9,8,36.2,101.80921269449874
6,26,108,3,26.25,39.01804575753176
8,29,65,4,13.2,15.466772534422912
8,40,22,0,20.3,18.714193881425377
8,40,22,1,18.35,21.986299561796493
8,40,22,2,18.05,18.86649773651976
8,40,22,3,18.95,19.53532562739667
8,40,22,4,17.65,24.409392066428683
16,26,9,8,36.1,101.09240171353396
16,26,9,8,29.65,101.54297767836766
8,29,65,4,7.25,8.071228954880741
8,40,22,0,19.2,19.21238635551774
8,40,22,1,26.6,28.874319313006733
8,40,22,2,36.15,51.04206211805277
8,40,22,3,22.4,31.66336086161151
8,40,22,4,23.25,29.618406439239774
16,26,9,8,11.55,15.892649740980064
6,26,108,3,16.05,16.455602149580034
16,36,9,8,31.55,101.15567731290012
8,29,65,4,12.85,14.22109256295769
8,40,22,0,29.0,21.484388456933583
8,40,22,1,26.2,36.793306027334005
8,40,22,2,24.3,33.98002509215021
8,40,22,3,23.45,29.076079877669745
8,40,22,4,31.8,40.0376138938847
16,36,9,8,8.2,9.616871140153423
8,40,22,0,13.55,11.664047325006875
8,40,22,1,17.15,20.568946957668214
8,40,22,2,11.9,11.49324744543966
8,40,22,3,8.35,8.060788782090354
8,40,22,4,18.85,31.508186070824266
16,36,9,8,33.1,100.95590491319517
8,29,65,4,11.15,13.168043454555143
6,39,108,3,26.25,19.498650425633375
16,36,9,8,32.05,101.1749266838068
8,40,22,0,51.6,108.99077701202157
8,40,22,1,22.57894736842105,25.2945224405814
8,40,22,2,17.42105263157895,10.0017542320984
8,40,22,3,17.789473684210527,24.654454065404853
8,40,22,4,13.0,15.304320377665329
16,36,9,8,8.4,8.107176807586823
8,43,65,4,9.7,8.909486369506439
16,32,9,8,9.1,9.118517885108997
8,44,22,0,18.25,16.472864449083975
8,44,22,1,16.5,11.404062064849848
8,44,22,2,13.7,10.58847436950594
8,44,22,3,13.95,10.67449000384118
8,44,22,4,15.8,21.199801389337793
6,39,108,3,19.05,24.472272172055415
16,32,9,8,31.5,101.04063799440198
8,43,65,4,17.15,14.914757792200316
16,32,9,8,16.15,28.0493456157837
8,44,22,0,16.05,15.264251321995868
8,44,22,1,12.15,9.35428412968878
8,44,22,2,22.25,35.34026330584304
8,44,22,3,44.55,109.94710450700228
8,44,22,4,33.94736842105263,106.10187645435165
16,32,9,8,13.1,14.100765190136611
8,43,65,4,8.35,9.387982239348121
6,39,108,3,19.5,20.350869630972582
16,32,9,8,31.25,101.66346701896305
8,44,22,0,25.7,24.12707585833153
8,44,22,1,22.5,19.481435157335657
8,44,22,2,20.0,28.4993074708104
8,44,22,3,15.65,19.887247963932754
8,44,22,4,19.0,26.606291301910254
16,36,9,8,13.9,15.700821299336038
8,44,22,0,27.3,39.72418062485102
8,44,22,1,19.4,18.573892259949464
8,44,22,2,12.25,14.461837256797812
8,44,22,3,11.8,12.037660202792514
8,44,22,4,15.55,15.81629739091595
8,43,65,4,11.55,21.124879320739076
16,36,9,8,34.65,102.06204253450832
16,36,9,8,11.45,18.036439723369377
8,44,22,0,20.35,21.344973523919915
8,44,22,1,21.35,17.658381042797544
8,44,22,2,14.2,14.218594200997215
8,44,22,3,18.75,28.909796190728734
8,44,22,4,17.6,21.4314083335159
6,39,108,3,25.0,19.34180092850443
8,43,65,4,12.65,19.815663660745493
16,36,9,8,13.1,14.403581425976556
8,38,22,0,18.05,21.463494099222714
8,38,22,1,15.2,16.35977094164701
8,38,22,2,25.95,30.721970537128808
8,38,22,3,18.2,21.015282659606505
8,38,22,4,15.8,18.88636378030735
16,36,9,8,11.15,19.916338175372235
16,40,9,8,7.2,8.230878957988182
8,32,65,4,30.25,87.42267259819117
16,40,9,8,12.25,18.532688048844655
6,39,108,3,28.95,77.20408702025806
8,38,22,0,18.75,24.552575167758288
8,38,22,1,38.45,40.44941610404153
8,38,22,2,14.4,16.15191042961531
8,38,22,3,33.0,47.419738284256354
8,38,22,4,32.4,41.57985342117401
16,40,9,8,6.55,6.021671388891083
16,40,9,8,29.7,101.62992721272192
8,32,65,4,16.8,18.55744991555739
8,38,22,0,18.75,26.78348862933831
8,38,22,1,20.3,34.25922849163573
8,38,22,2,24.05,30.3704756214598
8,38,22,3,17.75,15.220744154987262
8,38,22,4,15.4,17.159928842939202
16,40,9,8,8.2,7.97760021956214
6,28,108,3,23.7,27.030392251374337
8,38,22,0,19.35,15.738905867141364
8,38,22,1,18.25,20.652194989751983
8,38,22,2,16.75,22.69911892563233
8,38,22,3,14.05,8.834591105421914
8,38,22,4,24.55,26.86119290371383
16,33,9,8,33.85,101.10196780843013
8,32,65,4,6.0,6.299540501204495
8,38,22,0,16.4,16.775295118589998
8,38,22,1,21.2,29.577018105278963
8,38,22,2,11.45,9.577797791053838
8,38,22,3,15.6,12.737842500947615
8,38,22,4,15.0,13.568539462959698
16,33,9,8,53.55,139.63881039460722
8,32,65,4,12.9,15.784402694465589
16,33,9,8,34.45,101.11872906846216
8,31,22,0,16.95,17.058644976112628
8,31,22,1,22.25,23.72845282955066
8,31,22,2,22.8,24.062637559415414
8,31,22,3,21.65,24.662511503985368
8,31,22,4,13.15,19.483528806066985
6,28,108,3,21.25,27.625074422381296
16,33,9,8,8.35,9.039533057339678
8,32,65,4,7.95,5.462551938811248
8,31,22,0,24.3,29.09168808765613
8,31,22,1,11.05,12.529859074269455
8,31,22,2,13.35,13.989751888247943
8,31,22,3,18.45,21.93405187326198
8,31,22,4,13.55,15.23318745371434
16,33,9,8,13.75,20.1177455051635
16,33,9,8,9.0,10.078638170329414
8,31,22,0,18.0,18.07586352308689
8,31,22,1,13.8,15.558379025294917
8,31,22,2,26.55,24.57957003606643
8,31,22,3,22.85,21.750438592069088
8,31,22,4,18.45,24.938819876692346
8,38,65,4,9.0,11.612153343078013
16,33,9,8,10.5,13.605339509100636
6,28,108,3,35.75,39.92740122298285
16,33,9,8,32.9,101.14861395621374
16,33,9,8,10.3,10.756148792300396
8,38,65,4,15.3,22.419681203423874
8,31,22,0,24.4,22.815968553901705
8,31,22,1,16.45,18.285671698728603
8,31,22,2,26.1,25.028194627575306
8,31,22,3,55.95,105.14074526932684
8,31,22,4,15.789473684210526,13.85471819902047
16,33,9,8,13.05,16.336832779433042
6,28,108,3,25.65,29.25617343759307
16,41,9,8,16.95,20.548978717099043
8,31,22,0,20.25,27.611734728858348
8,31,22,1,11.75,16.302647508594234
8,31,22,2,20.45,25.80998378840821
8,31,22,3,15.75,18.6994933790084
8,31,22,4,34.65,108.5814150037221
8,38,65,4,11.85,11.717171384901643
16,41,9,8,24.7,46.81553948041296
16,41,9,8,14.8,38.93935906265698
8,38,65,4,14.65,15.390615732698251
8,43,22,0,20.65,22.203069963171167
8,43,22,1,20.4,29.057837062259846
8,43,22,2,19.5,20.989972543298407
8,43,22,3,59.2,116.00254080701944
8,43,22,4,28.263157894736842,35.49936166133939
16,41,9,8,12.8,11.464361253352427
6,28,108,3,30.55,44.72191856349636
16,41,9,8,29.05,101.57780269330502
8,43,22,0,24.55,21.51003437810754
8,43,22,1,10.7,12.33352299522258
8,43,22,2,8.85,7.713794888311937
8,43,22,3,40.1,107.35572938403868
8,43,22,4,14.68421052631579,13.540279955988714
8,38,65,4,8.3,6.981931568058558
16,45,9,8,8.35,7.589986478040793
16,45,9,8,29.95,101.38487118531619
8,35,65,4,6.6,6.176355593799035
8,43,22,0,43.35,108.38589682970265
8,43,22,1,19.526315789473685,19.491788644488313
8,43,22,2,42.78947368421053,113.8144586340068
8,43,22,3,10.88888888888889,14.179060322672548
8,43,22,4,15.555555555555555,15.893847208431549
6,44,108,3,13.3,11.743307164419008
16,45,9,8,13.2,13.570866628650935
16,45,9,8,10.3,10.687424976652652
8,43,22,0,22.65,24.142722560464858
8,43,22,1,12.35,14.254362213205583
8,43,22,2,20.1,24.855159371213475
8,43,22,3,36.35,108.21434626167691
8,43,22,4,18.789473684210527,19.99605224195911
8,35,65,4,16.0,35.67986311042893
16,45,9,8,16.3,19.738021017422454
16,40,9,8,8.05,8.952947177209008
6,44,108,3,20.0,20.596371678424077
16,40,9,8,18.0,32.37282811247729
8,43,22,0,36.2,34.353579450366325
8,43,22,1,37.0,109.34975272515541
8,43,22,2,18.31578947368421,22.403007316922995
8,43,22,3,13.947368421052632,14.800426736379846
8,43,22,4,11.526315789473685,11.630269037934456
8,35,65,4,8.5,11.208549368556504
16,40,9,8,8.2,10.551128650029515
16,40,9,8,10.1,10.442322790603532
8,47,22,0,21.8,20.82912940040816
8,47,22,1,26.9,43.60818368392023
8,47,22,2,19.15,14.854646623726513
8,47,22,3,17.75,24.479583329787292
8,47,22,4,17.7,18.826353309851818
8,35,65,4,8.0,8.583950752789521
16,40,9,8,14.2,19.011353948295433
6,44,108,3,15.3,15.721590919898395
8,47,22,0,20.4,28.86155702113471
8,47,22,1,11.65,16.604612548768994
8,47,22,2,10.2,10.610818709421554
8,47,22,3,13.15,15.044757786089654
8,47,22,4,8.2,8.859131476974241
17,15,9,8,11.6,9.692102047815178
17,15,9,8,24.35,43.348374582530404
8,35,65,4,27.5,88.11386174478422
8,47,22,0,16.2,17.635490532326838
8,47,22,1,20.25,15.532224567009067
8,47,22,2,22.75,28.99705066672162
8,47,22,3,16.2,14.919432753433037
8,47,22,4,36.9,42.248512898151375
17,15,9,8,15.5,13.808845372670222
17,15,9,8,11.3,9.60317929810638
6,44,108,3,24.25,17.77009611086765
8,42,65,4,9.15,8.412240455056203
8,47,22,0,18.75,18.901058171435796
8,47,22,1,28.0,29.08426957724923
8,47,22,2,42.5,60.16687320759612
8,47,22,3,16.0,10.146298261979718
8,47,22,4,21.0,30.04557941037688
17,15,9,8,13.45,12.680175160669632
17,0,9,8,18.8,24.907407479872752
8,47,22,0,26.5,43.85922455934861
8,47,22,1,28.15,58.11266281067637
8,47,22,2,18.3,17.278218719105944
8,47,22,3,10.789473684210526,13.006745888057136
8,47,22,4,10.736842105263158,8.754948475406211
8,42,65,4,12.45,19.874540709688176
17,0,9,8,17.7,18.333460924595883
6,44,108,3,33.55,40.295585496755294
17,0,9,8,14.5,13.38695358607736
8,42,65,4,8.55,9.444993104118293
17,0,9,8,11.75,10.867019152608407
8,25,22,0,37.65,54.54913285045732
8,25,22,1,24.6,23.093403022462816
8,25,22,2,20.6,21.02980341275085
8,25,22,3,25.9,29.871479092236036
8,25,22,4,18.85,25.658229417520324
17,0,9,8,17.3,11.521604420437834
17,15,9,8,10.25,9.250177807679385
8,42,65,4,12.45,24.007619404549136
8,25,22,0,26.9,25.44736569966785
8,25,22,1,23.2,27.052774933062732
8,25,22,2,19.4,21.387157976594025
8,25,22,3,28.45,33.36792503367016
8,25,22,4,24.25,34.11262306876414
6,26,108,3,26.0,38.28013089126828
17,15,9,8,20.3,24.61941895077307
17,15,9,8,13.9,17.34449707968981
8,25,22,0,20.95,17.533351677663674
8,25,22,1,12.25,12.464159143636394
8,25,22,2,19.8,23.08702073277948
8,25,22,3,17.05,14.240324508425472
8,25,22,4,20.0,21.773958371364053
8,42,65,4,12.15,11.01804739602497
17,15,9,8,12.2,10.758595095134524
17,15,9,8,9.85,11.084721585659196
8,25,22,0,17.6,16.922112596742824
8,25,22,1,40.9,107.22671505297843
8,25,22,2,11.263157894736842,16.18243940292191
8,25,22,3,14.157894736842104,13.359404335917313
8,25,22,4,38.31578947368421,110.73795526756898
6,26,108,3,21.85,31.57326483960091
17,3,9,8,12.6,9.922860368600217
8,47,65,4,32.45,87.79490154241364
17,3,9,8,22.75,27.663152387246107
8,25,22,0,15.15,20.52283708713937
8,25,22,1,13.55,14.339768037469122
8,25,22,2,41.25,109.3554681808488
8,25,22,3,11.0,7.824463062870334
8,25,22,4,17.473684210526315,23.89181268657304
17,3,9,8,10.7,10.998085957876583
8,47,65,4,10.75,14.566995861228651
17,3,9,8,16.75,15.562691554517574
6,26,108,3,20.15,23.143204072401947
17,3,9,8,13.45,12.555036733057419
8,41,22,0,13.0,14.92789688010866
8,41,22,1,68.1,151.06600160891682
8,41,22,2,41.5,115.00294113886059
8,41,22,3,45.11764705882353,119.53026936352836
8,41,22,4,20.1875,22.70453332119675
8,47,65,4,8.7,9.038514083747685
17,23,9,8,10.0,7.3484692283495345
17,23,9,8,31.3,101.47496450382543
8,41,22,0,38.5,109.17320858930641
8,41,22,1,23.36842105263158,26.856016347088556
8,41,22,2,15.526315789473685,14.330885143836996
8,41,22,3,14.473684210526315,9.506538224077572
8,41,22,4,18.94736842105263,18.13061770171149
6,26,108,3,18.65,34.20722453702311
8,47,65,4,9.35,12.364103389715687
17,23,9,8,7.5,9.162279651978139
17,23,9,8,6.0,4.8558158293350715
17,23,9,8,7.15,7.050755838542194
8,47,65,4,6.6,7.125934841718737
8,41,22,0,32.6,31.192779191412406
8,41,22,1,26.6,35.229174512640874
8,41,22,2,42.25,87.05405156991168
8,41,22,3,30.0,46.57848812011351
8,41,22,4,27.473684210526315,33.97608377970963
17,13,9,8,8.95,8.204459634536382
6,26,108,3,32.3,43.55166321073229
17,13,9,8,11.7,8.92719087071097
8,41,22,0,22.35,29.465903578275185
8,41,22,1,10.0,11.77866045462145
8,41,22,2,20.15,21.974327125797934
8,41,22,3,12.3,15.200761753765393
8,41,22,4,8.95,6.46020204996065
8,44,65,4,16.4,16.93765658307889
17,13,9,8,12.25,10.671531237239032
17,13,9,8,12.4,11.217467581739134
17,13,9,8,9.25,5.838844514384494
8,44,65,4,12.9,28.664851023693224
8,41,22,0,38.65,48.205999844963614
8,41,22,1,51.85,111.53157447675147
8,41,22,2,21.31578947368421,20.984260322597738
8,41,22,3,26.05263157894737,40.79552492371154
8,41,22,4,25.63157894736842,27.491838235931827
6,27,108,3,11.8,11.564919732581485
17,0,9,8,18.4,21.588008367219935
17,0,9,8,17.6,22.94937219643549
8,44,65,4,10.1,10.243868512689097
8,24,22,0,18.0,16.399614886364027
8,24,22,1,15.45,19.781636886130958
8,24,22,2,43.15,108.13942024315794
8,24,22,3,22.105263157894736,25.828267754626488
8,24,22,4,25.94736842105263,28.36953311841288
17,0,9,8,18.1,16.663543567036584
17,0,9,8,15.0,14.436795095573634
8,24,22,0,15.95,16.106471402906088
8,24,22,1,14.5,20.34052216894304
8,24,22,2,24.05,44.32829083577498
8,24,22,3,12.65,9.415971873141373
8,24,22,4,15.6,14.343162684341054
6,27,108,3,29.35,35.293170652930044
8,44,65,4,13.4,16.132347367291203
17,0,9,8,20.05,26.34682643427657
8,24,22,0,15.8,11.147810736217506
8,24,22,1,23.95,16.78807534186723
8,24,22,2,13.1,15.471195646647422
8,24,22,3,22.5,20.979940293929392
8,24,22,4,16.95,19.13793422278877
17,4,9,8,12.85,11.027596961117235
8,44,65,4,12.45,11.798639529066142
17,4,9,8,13.0,14.411252913134089
6,27,108,3,17.0,23.249221831912433
17,4,9,8,14.8,13.728955186987676
17,4,9,8,7.9,5.389072764693188
8,24,22,0,19.55,34.99093867665862
8,24,22,1,23.65,25.917429615892406
8,24,22,2,23.75,31.680767866823853
8,24,22,3,66.45,147.63592309960907
8,24,22,4,25.166666666666668,30.26014657248433
9,13,65,4,18.8,23.200725941455502
17,4,9,8,20.85,22.13659746592554
17,11,9,8,12.4,13.327454844477204
8,24,22,0,23.8,22.37385692463887
8,24,22,1,16.4,10.683977181792024
8,24,22,2,41.9,108.15967728073934
8,24,22,3,22.526315789473685,25.116104663149745
8,24,22,4,23.736842105263158,25.518712317877114
6,27,108,3,17.4,13.978931515526838
9,13,65,4,10.5,12.072151511029968
17,11,9,8,11.85,9.178206452472647
8,40,22,0,21.45,20.648626818112728
8,40,22,1,18.25,18.234943320305025
8,40,22,2,15.05,14.730830540775786
8,40,22,3,12.45,14.173641213998536
8,40,22,4,12.3,13.175335809162913
17,11,9,8,12.85,14.283870181726696
17,11,9,8,13.3,9.15998161340375
9,13,65,4,19.5,17.38874409072235
8,40,22,0,15.35,18.313857278603344
8,40,22,1,13.05,10.762874787165858
8,40,22,2,20.4,19.200877172945155
8,40,22,3,23.7,26.457712038568065
8,40,22,4,16.05,14.225533011936117
17,11,9,8,11.85,12.658573129867777
6,27,108,3,17.65,20.365799504897524
17,1,9,8,20.2,20.669326371016034
9,13,65,4,15.3,13.707854068303133
8,40,22,0,17.65,14.572053281610842
8,40,22,1,26.9,64.69678264187893
8,40,22,2,26.7,44.70382063031491
8,40,22,3,26.842105263157894,47.39111866853293
8,40,22,4,12.68421052631579,8.406694631059406
17,1,9,8,15.0,16.685953752530267
17,1,9,8,11.8,9.741933235138431
8,40,22,0,17.95,16.063934760823702
8,40,22,1,18.9,19.169328571828927
8,40,22,2,19.15,21.381927932374648
8,40,22,3,27.9,24.793674914975263
8,40,22,4,13.75,13.142438290154773
9,13,65,4,9.15,9.292186870812774
6,25,108,3,25.5,55.87062122251258
17,1,9,8,12.4,11.287627133981237
17,1,9,8,22.3,21.218413056389938
8,40,22,0,20.05,22.563302763091826
8,40,22,1,15.85,12.61275461377761
8,40,22,2,12.35,11.333578428722324
8,40,22,3,20.25,31.88940592934142
8,40,22,4,13.1,17.47449268896932
17,14,9,8,8.45,7.323178774850512
9,19,65,4,16.1,13.882590384703919
17,14,9,8,10.95,9.27631392310545
8,28,22,0,25.1,27.253005628544418
8,28,22,1,20.9,32.31734095367052
8,28,22,2,25.1,44.24322725451588
8,28,22,3,15.15,12.852503340021473
8,28,22,4,19.2,13.520355024924458
17,14,9,8,13.1,13.166544525305113
6,25,108,3,35.9,84.13266466217443
9,19,65,4,8.55,5.093597632529022
17,14,9,8,12.05,7.185328619375809
8,28,22,0,27.0,29.42430073398874
8,28,22,1,21.3,20.055449449752526
8,28,22,2,45.7,108.88917591560212
8,28,22,3,12.263157894736842,10.882412443240485
8,28,22,4,18.105263157894736,23.692227363143815
17,14,9,8,13.25,10.03611898148514
9,19,65,4,11.8,7.790682694225537
17,22,9,8,8.85,8.833399536329207
6,25,108,3,25.8,46.33698079799421
17,22,9,8,17.3,11.974094845474585
8,28,22,0,27.4,28.15072215582998
8,28,22,1,20.95,20.038055898976985
8,28,22,2,29.4,45.31341151533279
8,28,22,3,63.1,114.99926773222242
8,28,22,4,17.105263157894736,19.854735614351288
17,22,9,8,12.75,11.964310963950464
9,19,65,4,14.0,14.323333925341618
17,22,9,8,13.85,10.220078277586724
8,28,22,0,25.5,26.087908068076693
8,28,22,1,23.05,23.134560612573605
8,28,22,2,17.5,20.61297496340849
8,28,22,3,25.05,28.368765255210935
8,28,22,4,15.85,19.687760023345522
17,22,9,8,10.65,11.207492794414017
9,19,65,4,11.9,16.83323779719285
17,0,9,8,13.3,11.850383071756307
6,25,108,3,37.25,80.24821690099708
17,0,9,8,12.15,11.056196167046355
8,28,22,0,31.85,34.348484989190304
8,28,22,1,34.75,79.669630349337
8,28,22,2,19.65,21.089471057228632
8,28,22,3,17.4,16.007892790087872
8,28,22,4,12.789473684210526,18.10947863341927
17,0,9,8,13.25,19.649226581806165
9,19,65,4,13.45,12.223682794175886
17,0,9,8,14.2,15.20941536645882
9,3,22,0,23.75,21.118400557458493
9,3,22,1,12.7,12.477769706245795
9,3,22,2,15.0,12.371444199403212
9,3,22,3,48.6,108.97049335050582
9,3,22,4,24.210526315789473,20.87949272310678
6,25,108,3,26.7,23.256238551815454
17,0,9,8,16.2,17.60562111193019
9,19,65,4,19.25,21.86531740595498
17,0,9,8,11.65,9.538150543447806
9,3,22,0,12.95,13.566502865514016
9,3,22,1,14.25,13.946797406384624
9,3,22,2,16.75,20.905489080244227
9,3,22,3,12.4,13.315602245407256
9,3,22,4,25.7,29.329525271159415
17,0,9,8,13.4,11.33880157038792
9,19,65,4,19.25,15.46770829825802
17,0,9,8,14.45,10.894107533312145
6,34,108,3,23.7,20.144478151592807
17,0,9,8,16.0,13.734321204463233
9,3,22,0,32.0,49.588835755429336
9,3,22,1,19.8,27.011888220988144
9,3,22,2,66.2,139.52083413560405
9,3,22,3,24.944444444444443,28.216541294325552
9,3,22,4,18.88888888888889,29.48357247267763
17,0,9,8,21.45,24.754531748858895
9,19,65,4,11.75,7.607994410313958
17,16,9,8,10.9,11.257278347339275
9,3,22,0,28.2,38.772752233875195
9,3,22,1,19.8,18.82495544133959
9,3,22,2,26.15,45.719136843166794
9,3,22,3,18.35,18.840815157245018
9,3,22,4,29.0,41.24509540220318
17,16,9,8,10.05,7.970174666249562
6,34,108,3,15.4,16.371991487389614
9,19,65,4,8.4,7.044221222504227
17,16,9,8,15.65,18.059186319607974
9,3,22,0,21.5,15.233273829973234
9,3,22,1,14.4,13.628144253326413
9,3,22,2,12.2,13.0044526787437
9,3,22,3,16.95,21.019977965835515
9,3,22,4,20.65,26.541476974727686
17,16,9,8,13.1,13.431698564060671
9,16,65,4,8.7,9.061776286892334
9,14,22,0,18.9,24.384852934384885
9,14,22,1,18.3,21.16377242265411
9,14,22,2,18.4,28.759254803316885
9,14,22,3,18.4,19.89022505231097
9,14,22,4,23.9,24.565487129196864
17,16,9,8,13.85,13.18801289848195
17,4,9,8,10.15,11.183987613877639
6,34,108,3,31.7,51.333891544014385
17,4,9,8,15.45,13.144840893113281
9,16,65,4,16.65,16.255444432072924
17,4,9,8,10.65,6.915086481934379
9,14,22,0,18.45,13.100723162040369
9,14,22,1,25.95,26.58150326429026
9,14,22,2,22.65,25.676684078423328
9,14,22,3,62.1,112.21544128665133
9,14,22,4,30.842105263157894,39.4282233345815
17,4,9,8,13.45,12.721614429159944
9,16,65,4,10.05,9.219401738781787
17,4,9,8,9.45,7.294374184043625
6,34,108,3,25.1,22.510582306761272
17,9,9,8,17.25,14.678573715309993
9,14,22,0,70.95,148.25670305250958
9,14,22,1,31.22222222222222,40.68321746133823
9,14,22,2,17.833333333333332,15.856896810870285
9,14,22,3,20.833333333333332,22.234710543228946
9,14,22,4,32.27777777777778,47.47235177454911
9,16,65,4,14.7,11.639768491096193
17,9,9,8,15.65,17.35473543748977
17,9,9,8,8.75,9.066276436390666
9,14,22,0,26.15,42.93725532374935
9,14,22,1,19.3,16.702032652849233
9,14,22,2,17.85,17.562744660217547
9,14,22,3,19.65,18.649890644522063
9,14,22,4,25.05,23.800652357269094
17,9,9,8,15.0,15.005262234857547
6,34,108,3,27.85,38.003150838900325
9,16,65,4,13.05,11.057148199955966
17,9,9,8,11.5,9.7143409994004
17,15,9,8,14.35,21.529111258455313
9,14,22,0,37.95,53.302982043567155
9,14,22,1,52.0,118.29223402903061
9,14,22,2,28.68421052631579,43.81026342407164
9,14,22,3,22.473684210526315,27.93915695270833
9,14,22,4,32.89473684210526,33.649987183161016
9,18,65,4,14.9,10.696285631741024
17,15,9,8,10.25,12.195232027744543
17,15,9,8,11.5,11.057267198306137
6,39,108,3,24.55,23.952749540007215
9,23,22,0,14.0,17.83845638825819
9,23,22,1,16.8,18.813768754208766
9,23,22,2,41.55,109.21754004111052
9,23,22,3,11.736842105263158,15.13583718369955
9,23,22,4,17.736842105263158,20.414706314765557
17,15,9,8,14.75,14.990786644153346
9,18,65,4,16.5,16.71589221763466
17,15,9,8,14.75,9.141432572287792
9,23,22,0,44.65,108.74319095441041
9,23,22,1,18.63157894736842,22.211634904846576
9,23,22,2,17.36842105263158,17.08869192808114
9,23,22,3,19.57894736842105,26.59013139718001
9,23,22,4,12.0,10.115993936995677
17,14,9,8,13.75,13.629978568929362
9,18,65,4,11.1,15.099320305371714
17,14,9,8,11.9,14.264051244114935
6,39,108,3,37.1,75.63061201447606
17,14,9,8,13.55,12.596887669077962
9,23,22,0,46.75,110.20596745711138
9,23,22,1,18.736842105263158,22.2307147515003
9,23,22,2,47.68421052631579,110.9474613557541
9,23,22,3,21.166666666666668,30.776710063828155
9,23,22,4,25.444444444444443,33.97615465245177
9,18,65,4,16.65,15.21866928272121
17,14,9,8,22.95,44.255805447302315
17,14,9,8,16.95,15.215902346247045
9,23,22,0,30.3,53.31544656199798
9,23,22,1,25.7,30.695619437170162
9,23,22,2,30.7,20.272096456381668
9,23,22,3,18.75,18.987184043315555
9,23,22,4,21.9,25.047113501097126
17,20,9,8,12.9,12.086965576277004
9,18,65,4,17.1,17.513603735081873
6,39,108,3,47.0,89.88120815246849
17,20,9,8,13.75,9.84017008838877
9,23,22,0,17.25,15.137527434891908
9,23,22,1,24.15,26.42820463065927
9,23,22,2,13.3,9.995262035479348
9,23,22,3,18.5,19.861361590045288
9,23,22,4,22.2,27.292952628066733
17,20,9,8,18.5,14.947275759534877
9,19,65,4,14.85,11.485803594460698
17,20,9,8,12.65,9.938097880061566
9,5,22,0,17.65,18.35691465877296
9,5,22,1,17.45,21.426680367685222
9,5,22,2,17.85,32.52573879576798
9,5,22,3,13.5,11.550803116302301
9,5,22,4,18.85,14.604523452107497
6,39,108,3,19.55,14.325079222707359
17,20,9,8,14.35,11.037138263727224
9,19,65,4,13.7,14.231543911510906
9,5,22,0,19.3,22.62532349288944
9,5,22,1,21.15,15.772310847611525
9,5,22,2,24.85,21.714111346747472
9,5,22,3,8.9,6.455515797403513
9,5,22,4,30.6,31.384541954347693
18,30,9,9,34.25,99.67255600742178
18,30,9,9,10.2,12.951732255611706
9,19,65,4,13.2,14.741991581515492
9,5,22,0,18.75,14.439984691637898
9,5,22,1,15.15,14.117085579649855
9,5,22,2,18.5,16.888177116426434
9,5,22,3,23.2,20.53905137972412
9,5,22,4,22.3,14.843393001247177
6,39,108,3,34.95,75.4575342406854
18,30,9,9,33.4,100.28559218551786
9,5,22,0,24.85,27.191862172735664
9,5,22,1,13.75,15.282859335663737
9,5,22,2,9.75,8.813118212731458
9,5,22,3,10.55,15.9191212399627
9,5,22,4,26.75,29.466975270274133
18,30,9,9,12.4,15.652139588063047
9,19,65,4,16.45,18.368952638967514
18,30,9,9,7.75,7.601073331410089
9,5,22,0,23.3,26.137490718365285
9,5,22,1,21.45,25.80590507698006
9,5,22,2,20.6,20.881621231675428
9,5,22,3,11.65,13.148043680775439
9,5,22,4,15.8,12.906954469750424
18,39,9,9,7.3,9.79849612521174
6,42,108,3,30.05,33.80201644561273
9,19,65,4,13.25,11.862701387564568
18,39,9,9,30.9,100.05992941074967
18,39,9,9,10.8,7.904695473344675
9,6,22,0,27.85,28.041839041726657
9,6,22,1,26.45,31.268741748370942
9,6,22,2,38.45,46.97308860008653
9,6,22,3,20.3,21.677298336229416
9,6,22,4,33.1,32.568793588179986
9,14,65,4,13.5,13.140936440235748
18,39,9,9,8.5,9.572438505802396
18,39,9,9,8.95,7.104298180086401
6,42,108,3,25.9,49.387724875935035
9,6,22,0,26.75,22.180776408982243
9,6,22,1,15.0,13.626599374984051
9,6,22,2,16.15,15.260113126434513
9,6,22,3,32.85,49.06845379563878
9,6,22,4,27.85,38.0156131359901
18,25,9,9,14.8,15.098274561579613
9,14,65,4,14.5,14.42767807850044
18,25,9,9,10.95,19.09112497029913
9,6,22,0,22.25,31.775321440255784
9,6,22,1,24.3,30.540913025334604
9,6,22,2,34.8,47.55451165712217
9,6,22,3,22.3,19.48575728172003
9,6,22,4,27.85,20.635368207343227
18,25,9,9,14.75,15.269077799333699
9,14,65,4,13.75,11.345646046414736
6,42,108,3,14.35,14.772930436586051
18,25,9,9,9.7,9.302518051864407
18,25,9,9,29.55,100.47229259326856
9,6,22,0,26.75,41.1235302088975
9,6,22,1,42.15,73.41825027664586
9,6,22,2,21.526315789473685,26.953392738521043
9,6,22,3,20.210526315789473,26.515360217907283
9,6,22,4,32.73684210526316,47.35544331643308
9,14,65,4,12.85,10.9172726495798
18,25,9,9,10.5,13.759207443515205
18,25,9,9,10.65,11.864475946019875
6,42,108,3,26.65,24.088160446248498
9,6,22,0,36.35,62.71848128531847
9,6,22,1,30.9,38.57719533610498
9,6,22,2,35.85,40.15794474715793
9,6,22,3,18.36842105263158,21.258228541008638
9,6,22,4,23.42105263157895,26.241010713668288
9,14,65,4,27.35,28.888670152118365
18,25,9,9,9.55,8.605230967266364
18,25,9,9,11.9,12.981363159302038
9,1,22,0,23.4,24.50434977498356
9,1,22,1,12.3,13.36964354128608
9,1,22,2,15.1,25.068117725824358
9,1,22,3,15.75,16.587487357707474
9,1,22,4,32.25,29.02970348127115
18,25,9,9,10.25,15.057346519573969
9,21,65,4,17.2,14.573227074619439
6,42,108,3,21.6,15.984861259131534
18,39,9,9,10.9,8.409893922605308
9,1,22,0,33.5,33.82384708425326
9,1,22,1,25.0,38.77600994646588
9,1,22,2,13.6,15.50348008470492
9,1,22,3,24.95,30.27674980818398
9,1,22,4,28.9,35.66938832048981
18,39,9,9,13.1,10.567577026477087
9,21,65,4,19.1,20.626758298257553
18,39,9,9,9.05,8.287435004111249
9,1,22,0,24.45,30.168779610018944
9,1,22,1,22.7,25.99210406420016
9,1,22,2,13.85,13.491810381428472
9,1,22,3,22.8,31.660368718137523
9,1,22,4,22.65,22.625730578492405
18,39,9,9,11.6,11.198684133226969
6,26,108,3,20.1,20.837466256721328
9,21,65,4,19.45,15.588372859957278
18,39,9,9,11.05,11.028551462835953
9,1,22,0,24.45,22.49321535134773
9,1,22,1,29.1,37.95551412682456
9,1,22,2,27.4,35.15439629615859
9,1,22,3,22.15,30.651307175697212
9,1,22,4,28.45,25.603196757641932
18,47,9,9,39.15,99.77304508892064
9,21,65,4,15.65,14.32434438657711
18,47,9,9,9.0,8.783956667518467
6,26,108,3,43.0,76.60630728464513
18,47,9,9,10.6,14.32112903517405
9,1,22,0,23.85,22.558170418533038
9,1,22,1,18.45,21.092465604171505
9,1,22,2,17.15,22.043676739839167
9,1,22,3,22.85,20.630266472754105
9,1,22,4,34.9,43.14345714864355
18,47,9,9,9.85,9.039533057339678
9,21,65,4,17.85,16.04032746745396
18,47,9,9,11.75,9.385739462778513
9,2,22,0,41.25,109.26735680503074
9,2,22,1,49.26315789473684,115.92135365806477
9,2,22,2,28.666666666666668,39.649938802712214
9,2,22,3,22.055555555555557,29.314666520406035
9,2,22,4,31.61111111111111,33.837220871990496
18,47,9,9,31.6,100.22101891109943
9,1,65,4,15.35,17.030236268719854
6,26,108,3,32.25,77.49762305353222
18,47,9,9,9.65,12.3555868462728
18,47,9,9,11.25,14.322874601214147
9,2,22,0,18.9,19.891548059679174
9,2,22,1,13.95,17.765949098441688
9,2,22,2,27.5,40.377820905202796
9,2,22,3,38.25,107.72864301714651
9,2,22,4,45.526315789473685,45.761906065893115
9,1,65,4,17.95,11.944939470226227
18,47,9,9,34.45,100.65128702081941
6,26,108,3,14.5,16.28205340729156
18,47,9,9,6.35,6.02865962234602
9,1,65,4,11.7,10.157185685643025
9,2,22,0,34.4,63.2933022148723
9,2,22,1,19.0,22.61345663653904
9,2,22,2,43.55,103.39575222874181
9,2,22,3,45.78947368421053,110.29333562387592
9,2,22,4,15.722222222222221,14.938326371158244
18,38,9,9,9.65,8.374617037591378
18,38,9,9,10.8,12.67239021196122
9,1,65,4,14.05,13.311945565425141
18,38,9,9,17.4,16.66512273550584
6,26,108,3,26.45,33.33478505610681
9,2,22,0,50.55,110.10974190850642
9,2,22,1,14.526315789473685,14.607336136539336
9,2,22,2,19.42105263157895,19.718338304661373
9,2,22,3,16.105263157894736,21.837518013328715
9,2,22,4,38.578947368421055,55.95863133648491
18,38,9,9,17.2,14.638090183166868
9,1,65,4,13.0,11.75629730466993
18,38,9,9,30.65,100.19469205396798
9,2,22,0,32.9,41.267930712154175
9,2,22,1,37.75,109.33428941601653
9,2,22,2,21.0,25.315783394730033
9,2,22,3,46.78947368421053,109.37122257470371
9,2,22,4,18.27777777777778,18.43208696988378
6,44,108,3,12.3,12.057319244692042
18,33,9,9,12.45,11.184928769507088
9,7,65,4,22.25,39.70267788926771
9,5,22,0,20.25,15.884037005086187
9,5,22,1,11.85,8.89278240751276
9,5,22,2,16.25,17.767134057905313
9,5,22,3,12.25,13.571933112900778
9,5,22,4,18.45,12.309495692778249
18,33,9,9,31.15,100.08379384033005
18,33,9,9,8.05,6.402918742343419
9,5,22,0,18.8,16.58661476835114
9,5,22,1,23.9,23.06033276794637
9,5,22,2,13.5,15.059530991508684
9,5,22,3,23.35,21.93117223929158
9,5,22,4,23.8,16.427191834849538
9,7,65,4,20.2,22.582247335835334
18,33,9,9,8.25,7.173599258098369
6,44,108,3,18.15,18.99106438080261
18,33,9,9,31.6,100.69045844096962
9,5,22,0,23.75,24.62535065205859
9,5,22,1,41.7,108.62010088279919
9,5,22,2,16.473684210526315,18.839581326595436
9,5,22,3,11.68421052631579,9.899790298446547
9,5,22,4,23.842105263157894,26.951114505701153
9,7,65,4,14.25,12.20817241376491
18,45,9,9,11.9,14.899311181534888
18,45,9,9,6.6,6.361065782927955
6,44,108,3,18.7,17.625041993231047
9,5,22,0,39.05,65.46230333477992
9,5,22,1,21.75,22.348613521106618
9,5,22,2,21.95,16.217193604969165
9,5,22,3,18.9,24.33299687342489
9,5,22,4,23.15,26.50178742730583
9,7,65,4,22.8,25.29322771852285
18,45,9,9,35.0,99.5600850055673
18,45,9,9,10.4,14.830267769169348
18,45,9,9,10.4,8.312324394662738
9,5,22,0,13.45,10.610198668708975
9,5,22,1,26.35,40.726656213293396
9,5,22,2,32.1,28.460314012396463
9,5,22,3,44.7,112.01602328990353
9,5,22,4,41.78947368421053,45.20272723749755
9,7,65,4,25.55,25.403014740277126
6,44,108,3,21.55,16.668517441098672
18,38,9,9,10.0,14.966629547095767
18,38,9,9,13.65,20.75489796346116
9,6,22,0,29.85,33.370764071816545
9,6,22,1,25.9,23.843569142930015
9,6,22,2,24.45,30.079674900258862
9,6,22,3,19.7,18.275954867414985
9,6,22,4,18.75,15.630183350778305
9,11,65,4,12.25,9.8722097990161
18,38,9,9,13.65,21.902355076446387
18,38,9,9,10.6,12.41136999944639
6,44,108,3,15.4,12.071715528021429
9,6,22,0,31.4,20.548786620599948
9,6,22,1,14.6,11.636602868354212
9,6,22,2,24.4,28.912572388240783
9,6,22,3,22.9,19.97867283933176
9,6,22,4,30.45,34.71762027983394
9,11,65,4,15.4,15.935395887936487
18,38,9,9,11.0,10.809352675491622
18,35,9,9,7.5,5.510755034714533
9,6,22,0,26.65,28.590162091549125
9,6,22,1,23.0,16.495613452002768
9,6,22,2,28.0,53.70974624875139
9,6,22,3,21.9,26.787467611788752
9,6,22,4,18.75,25.70045053875003
18,35,9,9,12.35,18.36264801452294
9,11,65,4,12.25,18.005481621468853
18,35,9,9,9.45,11.641464006323531
6,34,108,3,36.7,34.179248859967345
9,6,22,0,24.6,24.760749924873142
9,6,22,1,21.45,35.876212614752795
9,6,22,2,14.65,15.428186781615688
9,6,22,3,18.75,17.130689604210026
9,6,22,4,18.75,22.899954033509374
18,35,9,9,13.1,15.647094904402172
9,11,65,4,13.65,11.667656599605413
18,35,9,9,7.7,10.146816975625514
9,6,22,0,24.85,24.020331300576885
9,6,22,1,13.45,13.12480576297377
9,6,22,2,25.2,24.221782280462048
9,6,22,3,26.8,25.879477746296438
9,6,22,4,22.1,17.019802707743892
18,30,9,9,13.3,15.044145565284648
9,11,65,4,14.45,14.251408056011424
6,34,108,3,34.3,31.295030713651986
18,30,9,9,29.35,100.38204651807962
18,30,9,9,10.2,8.224482066559444
9,15,22,0,57.65,115.80622426686473
9,15,22,1,31.31578947368421,34.92699152291971
9,15,22,2,15.473684210526315,21.187964143857794
9,15,22,3,19.0,16.086571349351537
9,15,22,4,13.31578947368421,10.94457060514455
9,22,65,4,15.35,14.401297456168752
18,30,9,9,14.8,14.343896556412162
6,34,108,3,18.25,14.487290255509082
18,30,9,9,32.75,100.18134872110151
9,15,22,0,26.85,28.418442862634855
9,15,22,1,26.4,23.06831958381565
9,15,22,2,45.2,108.28889236909905
9,15,22,3,19.57894736842105,16.919140342863773
9,15,22,4,22.157894736842106,16.371598570881275
9,22,65,4,17.35,12.308640525214283
18,33,9,9,8.4,10.629650684957173
9,15,22,0,43.55,109.06997995010263
9,15,22,1,24.42105263157895,29.42847409770507
9,15,22,2,23.526315789473685,26.920393799853322
9,15,22,3,19.68421052631579,15.975858980832252
9,15,22,4,17.63157894736842,14.064180373937305
18,33,9,9,55.05,137.52147200767558
9,22,65,4,16.45,30.93367267660208
6,34,108,3,35.5,37.67241067831722
18,33,9,9,31.0,100.15146424028799
9,15,22,0,21.95,22.651768839959217
9,15,22,1,18.2,16.77905963113735
9,15,22,2,25.1,36.60011504152182
9,15,22,3,22.8,32.10935262997044
9,15,22,4,18.05,17.892883030911893
18,33,9,9,10.35,8.31786283279925
9,22,65,4,17.25,23.521266972678152
9,15,22,0,24.7,31.387392708739473
9,15,22,1,15.4,14.84445670062876
9,15,22,2,23.45,24.947260159658494
9,15,22,3,20.05,21.678208801515527
9,15,22,4,18.1,25.67591539904561
6,34,108,3,18.75,21.018475581960594
18,33,9,9,69.45,149.09815735385794
9,22,65,4,16.65,17.622578221074654
18,32,9,9,7.1,9.408283024743898
9,14,22,0,18.95,13.43003311513729
9,14,22,1,13.7,12.384625443202593
9,14,22,2,23.2,20.351128250115067
9,14,22,3,20.3,20.17841473091064
9,14,22,4,31.4,27.252040000897665
18,32,9,9,6.7,7.974300827295803
18,32,9,9,11.9,12.785271131060805
9,7,65,4,15.1,13.977048856494783
9,14,22,0,17.6,19.23647850473568
9,14,22,1,28.6,34.34714421592388
9,14,22,2,24.45,30.105909544036102
9,14,22,3,14.25,15.80431320208106
9,14,22,4,25.3,29.785372602212504
6,30,108,3,13.75,13.882495604556349
18,32,9,9,9.55,9.843378752397873
18,32,9,9,16.15,18.16959577223213
9,7,65,4,12.5,8.457323204742366
9,14,22,0,20.4,19.583559162565017
9,14,22,1,46.9,108.29924429925389
9,14,22,2,24.31578947368421,21.68986612217007
9,14,22,3,11.578947368421053,13.347141972362822
9,14,22,4,33.578947368421055,41.43712209745385
18,36,9,9,9.1,10.46246423624649
18,36,9,9,16.2,18.997506761622557
9,14,22,0,11.15,15.125005437145607
9,14,22,1,30.8,62.73972971100948
9,14,22,2,5.7,5.948020457969277
9,14,22,3,21.85,30.974140317707814
9,14,22,4,18.85,16.45176362326512
9,7,65,4,15.65,13.456655563228495
6,30,108,3,47.45,89.20613325621908
18,36,9,9,8.85,10.658700424387682
18,36,9,9,8.25,7.9860074999635255
9,14,22,0,28.25,38.012290256262055
9,14,22,1,21.4,17.762764128189175
9,14,22,2,18.7,20.92115524635543
9,14,22,3,13.9,13.875005926978345
9,14,22,4,20.55,20.640978658968667
9,7,65,4,18.55,14.07676323441915
18,36,9,9,9.55,13.732309193630678
18,41,9,9,31.65,100.19941958020779
6,30,108,3,23.95,28.00277241913548
9,7,65,4,10.35,8.412240455056203
18,41,9,9,12.2,14.979283940443247
9,3,22,0,66.1,112.95825964068601
9,3,22,1,32.26315789473684,43.89867386666096
9,3,22,2,23.63157894736842,25.794509593054855
9,3,22,3,18.736842105263158,21.829750610025446
9,3,22,4,30.157894736842106,22.106467524974416
18,41,9,9,33.55,100.13437024949604
9,3,22,0,11.75,11.106541457982981
9,3,22,1,21.0,22.943867429698486
9,3,22,2,18.65,26.876471807923476
9,3,22,3,13.85,16.410122036814894
9,3,22,4,26.3,22.78988695383154
9,23,65,4,11.7,12.748993768343569
6,30,108,3,23.5,19.176465839806436
18,41,9,9,30.5,100.32867040513972
18,41,9,9,32.05,100.06443976389993
9,23,65,4,13.95,20.158516549431017
9,3,22,0,24.15,22.702364820014953
9,3,22,1,45.05,111.45850065571963
9,3,22,2,24.36842105263158,38.0134632967435
9,3,22,3,23.0,22.698507048310958
9,3,22,4,27.736842105263158,30.486503580843692
18,27,9,9,8.75,8.729110402615643
6,30,108,3,21.55,27.859563226258494
18,27,9,9,30.85,99.98488043594128
9,23,65,4,8.35,8.54877645908281
18,27,9,9,7.6,9.922860368600217
9,3,22,0,71.0,148.93198730328305
9,3,22,1,18.11111111111111,18.644945345269974
9,3,22,2,18.72222222222222,12.76394534043431
9,3,22,3,17.11111111111111,18.951606757549886
9,3,22,4,51.5,57.01418812066715
18,27,9,9,11.1,14.73949224291486
9,23,65,4,12.4,18.024544669042704
18,27,9,9,12.15,14.456013136043897
6,44,108,3,10.6,8.810281075628572
9,3,22,0,31.95,36.645492291183075
9,3,22,1,32.5,58.095656147064
9,3,22,2,24.55,36.38026503766192
9,3,22,3,19.210526315789473,15.009548617716733
9,3,22,4,33.05263157894737,40.53321502752818
18,29,9,9,6.4,6.564658166432222
9,23,65,4,30.7,89.31794185292284
18,29,9,9,12.1,12.756422531002713
18,29,9,9,9.4,9.483503682988854
9,20,22,0,19.65,26.087454133316548
9,20,22,1,20.1,18.569641325221347
9,20,22,2,29.15,39.33295792268068
9,20,22,3,19.95,17.10486234348215
9,20,22,4,35.45,42.40093717931492
6,44,108,3,17.3,15.051140890486115
18,29,9,9,13.25,34.2235299172952
9,15,65,4,11.0,11.87655806953123
18,29,9,9,10.8,11.218405928604446
9,20,22,0,23.5,28.16212462080755
9,20,22,1,16.3,18.558867932806905
9,20,22,2,14.9,15.355095159862119
9,20,22,3,18.35,13.884012009274704
9,20,22,4,30.55,40.336055439532664
18,28,9,9,9.8,8.319919027946062
9,15,65,4,15.9,15.5153574173937
9,20,22,0,16.15,12.132058444685434
9,20,22,1,13.05,12.775284526649186
9,20,22,2,17.0,17.78822792274652
9,20,22,3,15.2,12.450322337826817
9,20,22,4,25.8,24.714368290530913
18,28,9,9,9.55,9.981430126410796
6,44,108,3,14.2,21.032806454879502
18,28,9,9,10.15,8.53028659973885
9,20,22,0,17.15,15.735561468751028
9,20,22,1,14.3,14.864652526609634
9,20,22,2,16.6,23.35177216311205
9,20,22,3,15.95,28.214358046923557
9,20,22,4,20.45,25.263818522064106
9,15,65,4,14.4,18.528498675227166
18,28,9,9,8.15,5.9848492923908765
18,28,9,9,7.3,10.120848726631992
9,20,22,0,19.35,28.418442862634862
9,20,22,1,13.7,16.657857320985666
9,20,22,2,18.25,25.07646201856277
9,20,22,3,13.55,24.894461442785136
9,20,22,4,32.8,37.11376535663511
6,44,108,3,17.85,20.07164797996365
19,11,9,9,11.2,9.682322470412386
9,15,65,4,13.5,12.041594578792296
9,14,22,0,9.85,9.229671830854182
9,14,22,1,15.7,14.389689291111774
9,14,22,2,19.55,15.59512406929942
9,14,22,3,25.2,41.44063604470223
9,14,22,4,22.5,22.899092144725554
19,11,9,9,13.7,11.35596295946945
19,11,9,9,15.5,17.197000962530154
9,15,65,4,10.15,6.8998474430122085
19,11,9,9,14.8,11.949895397031725
6,44,108,3,20.3,24.533757624096122
9,14,22,0,48.45,108.9309172679736
9,14,22,1,32.473684210526315,38.58665345117925
9,14,22,2,23.789473684210527,23.896952263528924
9,14,22,3,27.94736842105263,42.60473850043043
9,14,22,4,15.157894736842104,12.776989551075953
19,11,9,9,13.3,14.86111138437995
9,6,65,4,19.35,19.23340022488292
19,3,9,9,15.8,15.405398916921095
9,14,22,0,17.45,22.196431671495496
9,14,22,1,20.7,33.098099802349914
9,14,22,2,15.95,14.7558195477688
9,14,22,3,20.6,22.286176976110692
9,14,22,4,44.1,58.63885903966485
19,3,9,9,11.1,6.987959569671853
6,35,108,3,28.2,32.52626469081321
9,6,65,4,23.6,21.699866601578815
19,3,9,9,24.85,61.76634665371887
9,14,22,0,29.0,29.811689688866394
9,14,22,1,26.25,26.51687645334769
9,14,22,2,26.25,25.07646201856277
9,14,22,3,14.7,13.909860190753744
9,14,22,4,23.85,23.159117790669516
19,3,9,9,19.15,15.465666558712016
9,14,22,0,14.9,13.3609801090221
9,14,22,1,11.9,19.001108000933996
9,14,22,2,10.45,17.184677997993933
9,14,22,3,23.85,59.794626584845005
9,14,22,4,14.3,14.822102983116304
9,6,65,4,16.6,15.635317646109302
19,3,9,9,17.15,21.87590599627578
19,3,9,9,8.35,5.593934685278144
6,35,108,3,33.95,48.18874622936246
9,20,22,0,17.25,20.908006524824533
9,20,22,1,27.85,35.53541598847106
9,20,22,2,15.05,16.272272186307084
9,20,22,3,21.75,15.867460911862164
9,20,22,4,23.2,20.62599279907196
19,3,9,9,20.7,25.676325364244125
9,6,65,4,21.5,21.407081956556734
19,3,9,9,14.5,14.44226254325897
9,20,22,0,48.4,109.09358609155623
9,20,22,1,27.36842105263158,43.22192155520132
9,20,22,2,28.94736842105263,37.692430251253555
9,20,22,3,15.947368421052632,12.108186781450925
9,20,22,4,20.68421052631579,21.33347039429655
19,3,9,9,17.75,27.127137315746538
9,6,65,4,10.05,9.811244891235233
6,35,108,3,19.5,23.52937693495874
19,3,9,9,16.75,19.87824783128798
19,12,9,9,12.85,10.897971805509695
9,0,65,4,21.45,23.20951483653565
9,20,22,0,38.3,46.43172690260287
9,20,22,1,28.4,35.416915375803725
9,20,22,2,26.85,31.9560141773855
9,20,22,3,25.75,36.56411096316053
9,20,22,4,31.25,37.020442432455305
19,12,9,9,11.45,10.257089974102893
6,35,108,3,13.85,14.654889609740641
19,12,9,9,11.4,7.542162191726971
9,20,22,0,14.2,11.241839145283171
9,20,22,1,13.85,9.76715764288939
9,20,22,2,26.4,27.59748272273359
9,20,22,3,17.45,24.147518124621985
9,20,22,4,29.95,32.50987704164932
9,0,65,4,15.2,13.964616941247959
19,12,9,9,10.8,10.380142986541786
19,12,9,9,9.4,8.369116157824427
9,20,22,0,23.1,35.903232518300605
9,20,22,1,16.15,15.211750997865192
9,20,22,2,16.4,17.869114783835673
9,20,22,3,16.75,24.785129242732374
9,20,22,4,31.5,31.719992035573433
9,0,65,4,18.45,20.48484677434569
19,1,9,9,20.25,22.773195231513547
6,35,108,3,17.35,21.573070444910076
19,1,9,9,22.55,51.47556906461856
9,22,22,0,16.7,17.109861730038983
9,22,22,1,16.8,12.120448141793057
9,22,22,2,23.8,38.08660491149362
9,22,22,3,18.0,18.2208671582886
9,22,22,4,33.15,25.165295652210368
19,1,9,9,17.9,13.525414674059466
9,0,65,4,20.35,14.169184502775176
19,1,9,9,21.15,17.16874455147156
9,22,22,0,34.3,61.19606110475446
9,22,22,1,32.8,71.02156825848566
9,22,22,2,23.35,40.66069484481491
9,22,22,3,22.75,25.675864152935535
9,22,22,4,25.5,17.351894285469747
6,44,108,3,17.15,20.01913558257909
19,1,9,9,20.2,20.130103145080476
9,0,65,4,17.9,16.00296025246908
9,22,22,0,20.65,24.142722560464858
9,22,22,1,15.3,11.819252803883385
9,22,22,2,13.35,11.811123214112506
9,22,22,3,17.55,18.042274917829136
9,22,22,4,22.65,24.777483411567978
19,22,9,9,13.35,11.02282321272311
19,22,9,9,10.55,7.082038065267281
9,2,65,4,20.7,20.517258460545897
6,44,108,3,22.95,34.880962987672355
9,22,22,0,36.55,54.43728888411537
9,22,22,1,21.5,44.12720845822665
9,22,22,2,15.75,14.646267712107985
9,22,22,3,16.0,15.914243868143307
9,22,22,4,32.2,32.50198374512579
19,22,9,9,12.3,10.089598604503552
19,22,9,9,9.9,8.213595917424769
9,2,65,4,16.45,17.527347053585782
19,22,9,9,10.75,7.524521317175703
9,22,22,0,33.55,45.71936708131237
9,22,22,1,29.55,34.70700672471589
9,22,22,2,20.0,21.800531137904347
9,22,22,3,12.9,8.515620322306779
9,22,22,4,17.5,15.78306887642244
19,18,9,9,11.05,8.18519202102508
6,44,108,3,20.6,16.070240557594254
19,18,9,9,14.2,10.516152988817275
9,2,65,4,13.9,16.334980224884518
9,20,22,0,30.65,24.110000109148856
9,20,22,1,25.5,23.551734766813162
9,20,22,2,19.1,16.920557412741896
9,20,22,3,22.75,25.83729454632749
9,20,22,4,27.25,21.792985351399558
19,18,9,9,8.55,8.708586204672404
19,18,9,9,11.75,12.208172413764908
9,2,65,4,11.75,15.549158041176174
9,20,22,0,17.2,17.530724907700584
9,20,22,1,27.55,43.61129139158923
9,20,22,2,24.05,26.43656757718668
9,20,22,3,16.15,26.55337227071862
9,20,22,4,36.5,32.24984700086107
19,18,9,9,10.85,8.683165806378032
6,44,108,3,33.45,51.83016293118983
19,17,9,9,11.95,14.431234400278774
9,20,22,0,18.1,19.61980739215508
9,20,22,1,12.1,12.540041131469522
9,20,22,2,20.0,25.43929823593493
9,20,22,3,16.6,18.082850264386156
9,20,22,4,22.6,21.597758168262207
9,2,65,4,13.25,16.127371306668607
19,17,9,9,16.7,29.788906448012174
19,17,9,9,14.8,15.716568528651202
9,20,22,0,31.1,44.1789423523065
9,20,22,1,27.6,32.5113745277589
9,20,22,2,11.15,10.368347581893046
9,20,22,3,16.6,22.532783134568035
9,20,22,4,31.05,29.941126442262973
6,44,108,3,24.55,37.76725816727611
9,2,65,4,20.1,27.289674160558857
19,17,9,9,17.5,17.42804757008837
9,20,22,0,16.4,16.573282240115454
9,20,22,1,10.3,9.119672200941851
9,20,22,2,10.45,9.870077054037196
9,20,22,3,26.95,33.13048365732715
9,20,22,4,24.1,23.70187645247568
19,17,9,9,16.1,15.518749271361026
9,2,65,4,19.0,16.992258299156802
19,2,9,9,13.95,7.330362237046392
9,6,22,0,22.8,21.095272605865738
9,6,22,1,13.4,10.545141061171254
9,6,22,2,23.3,26.7642731227559
9,6,22,3,18.4,18.511447382917584
9,6,22,4,23.25,19.300599936135065
6,27,108,3,20.35,24.739218810795563
19,2,9,9,15.75,14.631886592752075
9,2,65,4,18.6,15.852610610176948
19,2,9,9,22.0,20.24585727604799
9,6,22,0,35.8,60.16258673050273
9,6,22,1,24.05,24.34721425759553
9,6,22,2,31.8,34.30451865279558
9,6,22,3,18.3,16.87757777582279
9,6,22,4,39.0,38.98860232312914
19,2,9,9,21.05,20.29642177434499
6,27,108,3,15.35,18.641422466618458
19,2,9,9,12.15,12.89338875874805
9,2,65,4,15.95,17.497293023719262
19,19,9,9,17.95,17.866390086887783
9,6,22,0,29.25,31.039660538024403
9,6,22,1,27.35,42.794828757935846
9,6,22,2,22.15,23.56463675220048
9,6,22,3,20.05,20.153294101905395
9,6,22,4,27.4,31.322431847513133
19,19,9,9,9.75,16.325230714900687
9,2,65,4,9.25,6.600438581918947
19,19,9,9,18.45,16.6558824759492
9,6,22,0,24.25,22.475425176002904
9,6,22,1,19.45,15.869450957238895
9,6,22,2,22.45,21.86435455255883
9,6,22,3,21.5,20.490048932668703
9,6,22,4,26.9,32.57525699700699
6,27,108,3,20.95,22.36415129527375
19,19,9,9,12.6,9.648561387176082
9,14,65,4,10.2,8.326242597322857
19,19,9,9,7.2,5.492578725210189
9,6,22,0,19.8,21.120207335505416
9,6,22,1,38.7,108.36055798267094
9,6,22,2,21.0,44.62560301491112
9,6,22,3,11.947368421052632,8.611837358546577
9,6,22,4,25.36842105263158,15.96597258865724
19,9,9,9,13.1,11.942405646752203
9,14,65,4,8.4,6.125013426408485
19,9,9,9,14.0,11.872125690922106
6,27,108,3,39.3,80.14729860503228
9,7,22,0,29.3,22.950977504695803
9,7,22,1,20.7,18.70856825937756
9,7,22,2,18.5,17.42502737293025
9,7,22,3,23.4,19.54858993434188
9,7,22,4,39.8,22.387966692658335
19,9,9,9,18.65,20.32440845258155
9,14,65,4,9.25,10.934614280974166
19,9,9,9,15.7,18.764748585411002
9,7,22,0,30.4,27.59557554162776
9,7,22,1,44.55,108.34811100289076
9,7,22,2,24.842105263157894,32.12175302725335
9,7,22,3,12.631578947368421,8.902000563642295
9,7,22,4,32.21052631578947,43.42628357646044
19,9,9,9,16.7,18.51912240730759
6,27,108,3,13.65,14.503266419745078
9,14,65,4,9.75,7.952986860293432
19,16,9,9,10.65,8.6101225616315
19,16,9,9,12.1,11.511550263699682
9,7,22,0,15.7,10.538650667648913
9,7,22,1,27.15,54.37324709818239
9,7,22,2,23.95,19.02761151589973
9,7,22,3,30.05,37.173101480562664
9,7,22,4,26.45,27.999013140503813
9,14,65,4,12.0,10.264912130779862
19,16,9,9,10.45,8.550007694671823
6,43,108,3,16.45,16.269037431494475
19,16,9,9,11.35,9.449449997918284
9,7,22,0,29.25,41.33416453606795
9,7,22,1,15.3,20.188845278623802
9,7,22,2,19.1,33.30860486262877
9,7,22,3,24.85,34.22414506256012
9,7,22,4,24.263157894736842,20.01344577267759
19,16,9,9,8.75,5.418049755944914
10,24,65,5,13.15,18.78206030960619
19,0,9,9,12.55,14.489469860630003
19,0,9,9,11.75,10.64684287279073
9,7,22,0,29.0,33.72489319557042
9,7,22,1,54.4,111.77392596807087
9,7,22,2,34.526315789473685,52.75769393184133
9,7,22,3,15.105263157894736,18.17169574684183
9,7,22,4,32.44444444444444,36.504991153059706
6,43,108,3,14.35,12.30008557950545
19,0,9,9,12.7,16.540540308109968
10,24,65,5,8.2,7.688679306206248
19,0,9,9,13.55,14.095445326323267
9,16,22,0,38.65,65.44686474738998
9,16,22,1,30.3,50.22381485856454
9,16,22,2,16.05,16.93167383773289
9,16,22,3,17.263157894736842,26.44668033203403
9,16,22,4,49.10526315789474,103.13362138337392
19,0,9,9,15.4,14.953964445309444
10,24,65,5,15.65,16.24572818344953
6,43,108,3,18.5,20.205522955240156
19,21,9,9,14.05,10.060213453840932
19,21,9,9,13.9,11.327191318146557
9,16,22,0,56.65,110.04031557857138
9,16,22,1,16.473684210526315,19.73538396173125
9,16,22,2,19.42105263157895,17.53192576566053
9,16,22,3,17.157894736842106,19.33696275672503
9,16,22,4,27.94736842105263,30.839141226353036
19,21,9,9,15.7,19.271194757160778
10,24,65,5,11.6,11.690752080620232
9,16,22,0,16.3,16.065982368771735
9,16,22,1,9.8,9.185801400445202
9,16,22,2,25.75,54.64418397327627
9,16,22,3,14.9,20.53982011913239
9,16,22,4,43.25,106.58373283603441
19,21,9,9,17.3,16.61989929667382
6,43,108,3,39.15,76.36910025451532
19,21,9,9,14.25,14.692909138335008
19,9,9,9,12.95,15.326190174441852
10,24,65,5,24.55,36.30205880778954
9,16,22,0,29.0,21.09876524199561
9,16,22,1,24.15,32.00209697076608
9,16,22,2,17.2,15.932753421143106
9,16,22,3,20.05,17.30371119305427
9,16,22,4,27.0,25.61866096176153
19,9,9,9,19.6,19.752148450764857
19,9,9,9,9.65,9.314815589891419
6,43,108,3,37.35,77.61936478401304
9,16,22,0,23.1,21.703504446590138
9,16,22,1,23.75,22.080891953761384
9,16,22,2,22.55,35.09757076614008
9,16,22,3,23.1,44.22775979904595
9,16,22,4,34.75,34.789404012988605
10,41,65,5,8.15,6.922693421676732
19,9,9,9,16.15,13.75834674890693
19,9,9,9,14.6,24.258259580908454
19,1,9,9,14.7,12.682769081669326
10,42,22,0,27.4,33.878109684418256
10,42,22,1,20.9,29.201477972689563
10,42,22,2,23.4,21.93147221880489
10,42,22,3,27.0,32.17059788721765
10,42,22,4,24.55,29.571456721500525
10,42,22,5,36.65,41.140676503405906
10,41,65,5,19.05,23.13456061257361
7,18,108,3,26.15,36.17104832379213
19,1,9,9,20.2,19.79792652620072
19,1,9,9,36.3,100.69866460202726
10,41,65,5,12.05,9.270638426888691
10,42,22,0,21.85,28.85585774701195
10,42,22,1,61.7,112.47460532095795
10,42,22,2,15.31578947368421,18.324399737262723
10,42,22,3,27.210526315789473,34.159070614745325
10,42,22,4,21.526315789473685,27.73959949453054
10,42,22,5,28.210526315789473,30.10459349846137
19,1,9,9,20.65,20.517707371669808
7,18,108,3,16.45,14.354441821262155
19,1,9,9,19.0,15.694450913417908
10,42,22,0,19.8,20.82154754347676
10,42,22,1,27.9,28.012966922292858
10,42,22,2,18.35,14.82982414631159
10,42,22,3,23.0,24.240027792236976
10,42,22,4,15.4,22.516426752133885
10,42,22,5,17.65,18.505404615949363
10,41,65,5,28.6,81.96944231653775
19,21,9,9,18.2,13.91931637764774
10,42,22,0,13.65,16.962109476557945
10,42,22,1,16.05,23.200442373277916
10,42,22,2,14.75,16.22173655445388
10,42,22,3,11.55,9.539254080956887
10,42,22,4,12.55,9.917952887248669
10,42,22,5,24.2,52.17944745627444
19,21,9,9,24.25,28.50276994849522
7,18,108,3,15.55,13.862007904986015
19,21,9,9,21.8,21.777825516119062
10,41,65,5,11.05,9.355409355582808
19,21,9,9,11.15,14.049817380345294
10,42,22,0,26.9,22.405121594943655
10,42,22,1,29.85,39.387781968791444
10,42,22,2,15.1,15.430318753742753
10,42,22,3,39.95,106.82916761180712
10,42,22,4,23.842105263157894,29.25228036295202
10,42,22,5,14.263157894736842,15.41226822034662
19,21,9,9,30.45,31.091503324017133
10,47,65,5,14.0,11.858818615164347
7,18,108,3,40.7,77.42507413792484
19,2,9,9,16.75,22.77319523151355
10,42,22,0,30.9,44.24322725451588
10,42,22,1,19.75,20.08370640987103
10,42,22,2,29.95,31.57026415707301
10,42,22,3,22.7,21.344542011582508
10,42,22,4,20.25,28.365796675796567
10,42,22,5,25.05,18.520188131362293
19,2,9,9,14.55,9.654423583872944
19,2,9,9,12.75,14.286080822365449
10,47,65,5,11.8,10.02943037685643
10,42,22,0,24.55,21.365183187409812
10,42,22,1,21.0,32.79441544242748
10,42,22,2,13.65,22.219657015686288
10,42,22,3,13.55,17.24277117793822
10,42,22,4,16.95,27.528884352334558
10,42,22,5,11.1,6.758230849159143
19,2,9,9,11.7,9.336403003974903
7,18,108,3,17.3,12.641202474448386
19,2,9,9,17.55,14.755819547768798
10,42,22,0,17.0,18.163004620439462
10,42,22,1,16.2,17.16667518310128
10,42,22,2,15.55,17.418909869811934
10,42,22,3,22.1,20.99348269795828
10,42,22,4,12.05,10.753090131140029
10,42,22,5,15.45,29.40725832350346
10,47,65,5,7.25,6.965138756316119
19,17,9,9,10.95,10.57541836922826
19,17,9,9,19.25,22.161785506635184
7,8,108,3,28.7,30.914312815298114
10,42,22,0,26.95,26.919910455782883
10,42,22,1,22.6,27.03876359677168
10,42,22,2,29.55,44.323541327261665
10,42,22,3,15.9,21.04106261074934
10,42,22,4,23.6,23.553745930709642
10,42,22,5,24.35,28.988700157856428
19,17,9,9,14.9,15.440548122258795
10,47,65,5,8.15,8.393449827097319
19,17,9,9,9.3,8.1117199162693
10,42,22,0,17.9,28.11985625477971
10,42,22,1,16.45,21.54914823081609
10,42,22,2,10.25,10.274521374433178
10,42,22,3,12.05,18.265512513160452
10,42,22,4,9.7,10.37253458341839
10,42,22,5,11.05,9.25359105258175
19,17,9,9,13.3,10.950126170866469
10,47,65,5,8.95,8.325452413817331
19,9,9,9,15.35,17.217723426748382
7,8,108,3,23.8,21.654220446783455
10,27,22,0,37.45,64.04313924387628
10,27,22,1,18.8,32.22225448677554
10,27,22,2,16.95,17.795549414035197
10,27,22,3,23.15,24.411548173160305
10,27,22,4,16.65,16.122148870746923
10,27,22,5,20.42105263157895,23.735383313791914
19,9,9,9,12.4,15.267440415541344
19,9,9,9,16.4,15.003157562396835
10,36,65,5,10.25,10.376466288268803
19,9,9,9,14.0,12.523661815266248
7,8,108,3,24.85,26.31644472868428
10,27,22,0,97.55,175.18155244142997
10,27,22,1,19.470588235294116,17.60013368933182
10,27,22,2,16.352941176470587,15.378317432632985
10,27,22,3,18.647058823529413,21.148112139357107
10,27,22,4,29.41176470588235,42.630767679472726
10,27,22,5,24.0,34.18515759799858
19,9,9,9,10.45,9.304639476598418
10,36,65,5,17.15,28.926904249741003
10,27,22,0,27.05,43.95868275407811
10,27,22,1,20.95,19.73635437993872
10,27,22,2,22.6,18.448791145677866
10,27,22,3,17.6,22.748973371861954
10,27,22,4,17.05,19.489470841564952
10,27,22,5,13.4,12.457929201917949
7,8,108,3,33.95,77.5876244879569
10,36,65,5,25.3,82.53745561226957
10,27,22,0,20.75,25.86986664055306
10,27,22,1,48.6,107.44271423463418
10,27,22,2,18.63157894736842,29.556368981463557
10,27,22,3,18.789473684210527,20.863521987133485
10,27,22,4,14.421052631578947,15.3887252719995
10,27,22,5,51.10526315789474,112.10208380303398
10,36,65,5,8.25,6.912041361962013
7,8,108,3,21.55,31.508520150988733
10,27,22,0,28.8,29.32324387885739
10,27,22,1,18.7,20.792458146873198
10,27,22,2,17.85,20.438032143402086
10,27,22,3,20.8,28.505955056517763
10,27,22,4,18.45,19.071817179448733
10,27,22,5,12.2,12.467220177223487
10,36,65,5,7.15,7.4852486510750635
10,47,22,0,18.35,19.924264498080568
10,47,22,1,35.9,109.60930617424782
10,47,22,2,14.68421052631579,22.17619502374098
10,47,22,3,18.210526315789473,22.456325383009624
10,47,22,4,17.842105263157894,23.26719951131668
10,47,22,5,16.894736842105264,24.888405905923577
7,2,108,3,19.25,15.498302114136651
10,47,22,0,38.15,109.31570648452364
10,47,22,1,12.842105263157896,14.900645615747052
10,47,22,2,21.0,25.394662606321212
10,47,22,3,19.263157894736842,17.482823650858506
10,47,22,4,13.105263157894736,15.480793608863662
10,47,22,5,15.157894736842104,17.013926184468016
10,30,65,5,18.15,23.515448449678217
10,47,22,0,20.1,26.59422177050773
10,47,22,1,20.1,19.042611497154976
10,47,22,2,14.65,14.316993950877874
10,47,22,3,12.65,13.354577374147985
10,47,22,4,16.3,15.898030331492413
10,47,22,5,16.05,15.278037212044994
7,2,108,3,22.4,28.56829306103276
10,30,65,5,13.8,16.61831583081245
10,47,22,0,13.2,15.776731700764095
10,47,22,1,21.75,20.84497920111068
10,47,22,2,15.95,18.511660621007735
10,47,22,3,24.95,19.11592061744952
10,47,22,4,24.7,28.6505258517003
10,47,22,5,25.0,24.872305461041773
10,30,65,5,13.25,28.267286280862027
7,2,108,3,17.3,17.583185748112644
10,47,22,0,17.2,12.168120557207546
10,47,22,1,13.5,11.199154103394548
10,47,22,2,20.7,21.957135274750307
10,47,22,3,20.8,23.68343858391122
10,47,22,4,24.15,27.623931272492126
10,47,22,5,15.0,20.070926866070682
10,29,22,0,15.95,12.824626802818822
10,29,22,1,16.0,14.952556549581113
10,29,22,2,10.95,11.794177867869696
10,29,22,3,12.4,14.00901965088733
10,29,22,4,14.2,11.69165244275185
10,29,22,5,23.1,32.94956273170445
10,30,65,5,8.6,7.762256861180733
10,29,22,0,19.95,37.38487591752072
10,29,22,1,15.2,12.8046044350008
10,29,22,2,18.95,21.352862497616222
10,29,22,3,15.9,24.483936731962384
10,29,22,4,16.8,18.997506761622557
10,29,22,5,22.45,28.1751570303381
7,2,108,3,38.35,59.15303524712294
10,30,65,5,12.0,12.789798566373946
10,29,22,0,28.1,22.8148151312625
10,29,22,1,18.75,22.61316570402947
10,29,22,2,20.3,18.76194356445487
10,29,22,3,32.1,59.92354778338286
10,29,22,4,20.7,25.87032439322179
10,29,22,5,11.05,10.262219930148486
10,43,65,5,10.15,19.263477851815036
7,2,108,3,28.1,22.96198230943808
10,29,22,0,17.9,22.10239329741655
10,29,22,1,23.15,29.711374748969195
10,29,22,2,25.7,36.20569888261994
10,29,22,3,20.05,14.195903782800386
10,29,22,4,14.2,14.233392908376082
10,29,22,5,15.25,14.509071572458964
10,43,65,5,7.3,8.227681133959026
10,29,22,0,19.45,21.47084927107106
10,29,22,1,19.95,15.846218210631436
10,29,22,2,21.95,19.272218892816458
10,29,22,3,26.75,41.390152655457854
10,29,22,4,16.5,17.388744090722355
10,29,22,5,12.7,7.841186805982611
7,7,108,3,25.4,25.933924135244776
10,43,65,5,12.55,10.028774391194254
10,42,22,0,21.2,23.47585545776094
10,42,22,1,21.4,24.830795819961786
10,42,22,2,20.5,39.232773625067466
10,42,22,3,10.95,11.944939470226227
10,42,22,4,19.4,26.50402154192335
10,42,22,5,17.9,24.3091925432595
10,42,22,0,28.65,33.23009891174281
10,42,22,1,16.95,18.400443358502905
10,42,22,2,15.7,18.99889193444823
10,42,22,3,16.0,25.13542268759789
10,42,22,4,21.0,23.706539182259394
10,42,22,5,19.45,26.613164530280677
7,7,108,3,32.4,20.823569641912474
10,43,65,5,6.05,5.083254241547488
10,42,22,0,19.85,17.81564953688337
10,42,22,1,17.3,13.34205854865693
10,42,22,2,26.15,35.58573782910936
10,42,22,3,19.2,21.222133431123765
10,42,22,4,22.1,27.735403937547897
10,42,22,5,10.55,9.735853434869648
10,43,65,5,10.7,9.509551984576794
7,7,108,3,47.65,65.54731115766687
10,42,22,0,22.85,20.62771513229101
10,42,22,1,14.95,11.292638496406688
10,42,22,2,20.35,27.255660928173782
10,42,22,3,22.9,29.20508247044105
10,42,22,4,23.65,28.290364735049017
10,42,22,5,19.45,18.675835780635442
10,46,65,5,13.0,14.190434138976569
10,42,22,0,19.0,19.676328283926402
10,42,22,1,25.2,23.71231081549258
10,42,22,2,25.45,32.200809077772526
10,42,22,3,24.45,24.888118069726193
10,42,22,4,10.55,10.26221993014849
10,42,22,5,17.25,14.063296761054062
10,46,65,5,8.4,6.620542194365083
10,28,22,0,26.2,26.47660337573137
10,28,22,1,10.1,7.799460170253349
10,28,22,2,13.3,18.76194356445487
10,28,22,3,14.05,13.128815234958722
10,28,22,4,12.15,15.083190364738732
10,28,22,5,12.55,19.77099150935931
7,7,108,3,41.25,49.364247663348635
10,28,22,0,10.85,9.756374434453772
10,28,22,1,15.25,13.033862779213552
10,28,22,2,18.8,17.419287555677137
10,28,22,3,15.85,16.674200051829203
10,28,22,4,10.5,10.060344244397877
10,28,22,5,35.85,106.38672008538619
10,46,65,5,8.95,9.344150999140416
7,7,108,3,24.45,28.8051073687691
10,28,22,0,26.65,28.685729076172688
10,28,22,1,18.35,15.885362345319832
10,28,22,2,11.95,10.560477461295314
10,28,22,3,16.25,18.226282353268115
10,28,22,4,43.95,108.12442880895675
10,28,22,5,46.36842105263158,108.84250115869045
10,46,65,5,9.5,7.7697117741027935
7,14,108,3,19.25,15.73087811648763
10,28,22,0,25.5,27.342852428877432
10,28,22,1,31.9,45.84171853121059
10,28,22,2,14.85,14.618931489501442
10,28,22,3,16.25,15.396086310624868
10,28,22,4,23.4,30.493139866982677
10,28,22,5,11.8,16.423987591965986
10,46,65,5,15.0,17.08184631953497
10,28,22,0,12.1,10.715949745466729
10,28,22,1,23.7,19.756677751825425
10,28,22,2,39.4,108.38935663421454
10,28,22,3,19.526315789473685,21.321268518267626
10,28,22,4,15.631578947368421,23.31954479810108
10,28,22,5,18.05263157894737,25.187019770355533
10,44,65,5,12.25,12.324024462299985
7,14,108,3,35.55,47.79944395184177
10,44,65,5,6.25,5.637048499833373
10,27,22,0,43.15,109.36287977958614
10,27,22,1,17.894736842105264,23.2352575406957
10,27,22,2,46.05263157894737,113.92028093959708
10,27,22,3,36.888888888888886,111.76703127955825
10,27,22,4,43.588235294117645,117.81079047753299
10,27,22,5,13.0,18.963122105813696
7,14,108,3,23.85,15.308322469888896
10,27,22,0,18.85,14.353708488346175
10,27,22,1,14.5,20.50802153715519
10,27,22,2,12.35,16.37801800231672
10,27,22,3,37.75,107.99165416096305
10,27,22,4,18.31578947368421,22.708423869125813
10,27,22,5,16.894736842105264,31.92507676288014
10,44,65,5,29.2,82.56710189772603
10,27,22,0,22.4,19.906095337331912
10,27,22,1,27.6,37.00696947162364
10,27,22,2,40.1,109.40744706684372
10,27,22,3,16.894736842105264,22.51393330767541
10,27,22,4,12.842105263157896,16.783798927321207
10,27,22,5,14.842105263157896,15.01578117217104
10,44,65,5,9.05,7.653516563611376
7,14,108,3,29.4,23.25465431625293
10,44,65,5,10.9,8.051805943225931
10,27,22,0,46.15,109.21792555784008
10,27,22,1,26.789473684210527,34.88485654799614
10,27,22,2,27.894736842105264,38.76696006888412
10,27,22,3,51.473684210526315,115.52458536848943
10,27,22,4,19.38888888888889,30.11378204877371
10,27,22,5,32.44444444444444,36.050980605447876
7,14,108,3,25.3,23.43209674559101
10,46,65,5,10.0,9.717049584703114
10,27,22,0,57.3,115.7425000412099
10,27,22,1,18.736842105263158,21.03658745367001
10,27,22,2,43.0,111.42212028537638
10,27,22,3,12.88888888888889,14.356342680620253
10,27,22,4,13.11111111111111,14.648384327245541
10,27,22,5,14.38888888888889,15.49246074286719
7,22,108,3,30.75,34.36012836199294
10,33,22,0,21.2,20.187541754885935
10,33,22,1,24.15,29.5693208721828
10,33,22,2,32.55,40.87654712990272
10,33,22,3,18.6,19.288393019200896
10,33,22,4,11.65,9.074400081664091
10,33,22,5,10.4,9.167448132558912
10,46,65,5,13.85,20.85356210894386
10,33,22,0,16.55,21.214381914163795
10,33,22,1,20.75,20.695473697863196
10,33,22,2,11.4,14.009019650887328
10,33,22,3,13.7,15.148736268293662
10,33,22,4,16.95,19.74701842917318
10,33,22,5,17.8,18.36357951575833
10,46,65,5,10.95,11.217819471011758
7,22,108,3,22.8,20.54673747952778
10,33,22,0,21.7,22.10763145208126
10,33,22,1,19.0,16.144088049418226
10,33,22,2,32.7,40.65529032707733
10,33,22,3,23.95,30.318441495842798
10,33,22,4,14.75,15.467708298258017
10,33,22,5,24.05,28.934545006563386
10,46,65,5,14.05,13.292162312707756
10,33,22,0,21.1,25.193775338155923
10,33,22,1,23.45,29.82488364119006
10,33,22,2,16.25,15.481313013810519
10,33,22,3,12.4,15.812719730114672
10,33,22,4,20.85,19.123628261779636
10,33,22,5,16.0,19.960487284422168
7,22,108,3,37.7,36.2449270497556
10,46,65,5,7.5,7.2656364954634585
10,33,22,0,27.85,38.4875577981139
10,33,22,1,27.75,69.31003952493008
10,33,22,2,18.4,22.450882059802414
10,33,22,3,10.421052631578947,13.837612950351756
10,33,22,4,25.789473684210527,33.90932180482467
10,33,22,5,13.210526315789474,15.533401099166992
10,45,65,5,8.5,10.555617112778341
7,22,108,3,42.45,61.45984996641903
10,44,22,0,29.35,40.76024249708352
10,44,22,1,29.0,37.737319236505066
10,44,22,2,21.65,30.99112776263555
10,44,22,3,29.85,31.77432760479507
10,44,22,4,16.45,13.63229524637031
10,44,22,5,55.05,117.6687925358381
10,45,65,5,7.45,6.435714494337951
10,44,22,0,16.95,16.99682632914621
10,44,22,1,13.4,11.161022401761928
10,44,22,2,16.15,20.683771925174373
10,44,22,3,36.85,107.28431238634344
10,44,22,4,10.894736842105264,8.887536446820754
10,44,22,5,14.421052631578947,16.65104531077615
7,22,108,3,35.75,29.947102487025703
10,45,65,5,6.7,5.657784576650959
10,44,22,0,23.55,18.991618650008967
10,44,22,1,20.9,20.00763012347776
10,44,22,2,21.9,22.7709417783649
10,44,22,3,18.35,22.046064214921017
10,44,22,4,23.15,21.78912089722034
10,44,22,5,23.8,23.311618968818287
10,44,22,0,18.95,20.584805331270825
10,44,22,1,33.45,58.26570264969914
10,44,22,2,16.85,18.539502633424036
10,44,22,3,16.95,20.73510879745041
10,44,22,4,11.65,10.979766079379594
10,44,22,5,22.15,31.513196901415263
10,45,65,5,17.0,36.80388995458868
7,5,108,3,32.25,44.807042444593236
10,44,22,0,22.05,18.377546368498592
10,44,22,1,33.6,40.46623023551471
10,44,22,2,15.4,16.496889658994892
10,44,22,3,19.3,22.25474520659642
10,44,22,4,18.0,27.80950235176156
10,44,22,5,10.05,11.01900272495799
10,45,65,5,27.4,82.88698710641464
10,35,22,0,20.55,23.272923051658577
10,35,22,1,17.5,22.565693570457555
10,35,22,2,22.7,31.41923648105777
10,35,22,3,17.2,11.678139722079928
10,35,22,4,17.25,19.662614807106188
10,35,22,5,10.9,10.99712881188827
7,5,108,3,31.05,28.945456874684336
10,43,65,5,14.4,22.077375892886128
10,35,22,0,12.4,12.910216272802185
10,35,22,1,18.9,18.614934581504286
10,35,22,2,23.05,24.132256203548067
10,35,22,3,9.55,13.16484553250576
10,35,22,4,27.25,82.1980118852928
10,35,22,5,11.68421052631579,14.48390920059202
7,5,108,3,19.9,13.505944110494072
10,43,65,5,21.5,49.60422307998001
10,35,22,0,14.35,17.61062777206752
10,35,22,1,40.45,108.29417780918982
10,35,22,2,15.736842105263158,17.217052610269718
10,35,22,3,13.789473684210526,21.65276207007221
10,35,22,4,41.68421052631579,109.94395169639793
10,35,22,5,12.722222222222221,12.327900234143954
10,43,65,5,8.05,8.500619172494995
7,5,108,3,24.45,27.88222410520064
10,35,22,0,28.75,30.83039341128713
10,35,22,1,18.5,22.051375419568206
10,35,22,2,55.9,110.54882226990551
10,35,22,3,18.526315789473685,21.25341389845832
10,35,22,4,19.31578947368421,16.753283696633417
10,35,22,5,28.05263157894737,37.161021520779485
10,43,65,5,9.1,9.187520139612726
10,35,22,0,14.25,15.313822445579577
10,35,22,1,15.9,19.87566615897837
10,35,22,2,12.5,16.478055582788695
10,35,22,3,39.75,108.27347199033612
10,35,22,4,19.42105263157895,22.67724211498216
10,35,22,5,19.526315789473685,29.648624515692372
7,5,108,3,27.6,29.180743470201104
10,47,22,0,20.9,31.838242479925402
10,47,22,1,19.9,26.801217568571296
10,47,22,2,40.8,108.45692814734288
10,47,22,3,12.421052631578947,13.557760342220098
10,47,22,4,20.36842105263158,25.146704061291985
10,47,22,5,14.789473684210526,25.034595945452097
10,43,65,5,11.1,20.998496186757354
10,47,22,0,19.6,26.53180811978828
10,47,22,1,12.4,16.15516863682365
10,47,22,2,6.75,7.676862023399651
10,47,22,3,34.25,108.88375017711127
10,47,22,4,10.421052631578947,10.991490594868194
10,47,22,5,31.68421052631579,111.73085350846914
7,12,108,3,21.0,23.934120106307606
10,26,65,5,12.25,11.946701813074867
10,47,22,0,34.3,110.00626776401614
10,47,22,1,36.26315789473684,112.29219924685734
10,47,22,2,9.88888888888889,10.537824805622217
10,47,22,3,9.11111111111111,9.541789750040971
10,47,22,4,39.5,113.90669556315663
10,47,22,5,14.235294117647058,12.68133180981352
10,26,65,5,8.55,6.6528585071222945
10,47,22,0,15.25,15.443871208176299
10,47,22,1,18.1,25.5010835683093
10,47,22,2,17.0,20.73390307786031
10,47,22,3,19.1,20.284554663456056
10,47,22,4,12.45,12.69676709784196
10,47,22,5,10.9,11.364302372827494
7,12,108,3,26.35,39.4198387136544
10,26,65,5,10.3,10.0530173527522
10,47,22,0,27.6,43.44676112935898
10,47,22,1,26.45,27.250253499545167
10,47,22,2,19.75,24.595410354908005
10,47,22,3,18.6,17.587076594985728
10,47,22,4,16.55,15.922427082908131
10,47,22,5,22.0,32.478332858432836
7,12,108,3,19.6,21.214195842952847
10,34,22,0,19.65,21.136834897251862
10,34,22,1,18.2,18.409379760271523
10,34,22,2,14.1,20.096870665014386
10,34,22,3,16.5,27.56714291364001
10,34,22,4,13.25,17.27448681544092
10,34,22,5,10.4,13.283943612298902
10,26,65,5,34.65,82.1918647530213
10,34,22,0,27.8,25.932300525142693
10,34,22,1,16.1,14.792957072450674
10,34,22,2,23.0,41.63247720103546
10,34,22,3,19.15,17.794957890250526
10,34,22,4,45.1,107.83852450966238
10,34,22,5,21.473684210526315,20.908181336109216
7,12,108,3,16.45,11.495880268943948
10,26,65,5,28.85,81.99696720964104
10,34,22,0,27.65,30.839610551162423
10,34,22,1,24.05,44.36508228681413
10,34,22,2,16.4,14.412713685821753
10,34,22,3,24.4,33.95104835215734
10,34,22,4,19.0,17.68734308094797
10,34,22,5,20.15,19.89783114338159
10,35,65,5,8.95,12.313770639752105
7,12,108,3,41.3,76.4764153531215
10,34,22,0,23.5,25.13228161045806
10,34,22,1,25.75,23.169569425615595
10,34,22,2,22.3,26.09718678123634
10,34,22,3,9.75,7.040297541559179
10,34,22,4,14.95,16.43960237705856
10,34,22,5,17.9,17.932328935546312
10,35,65,5,5.5,5.624195848951957
10,34,22,0,29.25,23.94483792298237
10,34,22,1,18.45,20.962309535273818
10,34,22,2,19.9,28.80222944587157
10,34,22,3,30.05,33.89065233644041
10,34,22,4,47.15,107.4681225686066
10,34,22,5,30.526315789473685,41.55500828360274
7,17,108,3,31.25,39.76096340037947
10,35,65,5,9.6,8.009205230299235
10,44,22,0,23.75,33.0897901251476
10,44,22,1,19.3,29.643673328740025
10,44,22,2,29.45,84.85620964778873
10,44,22,3,11.15,9.20683384631678
10,44,22,4,41.473684210526315,111.14673405560808
10,44,22,5,10.444444444444445,9.438483316733755
10,35,65,5,10.15,14.463292920537258
7,17,108,3,34.25,29.786742017212955
10,44,22,0,16.85,14.239585298514989
10,44,22,1,17.0,16.33852405883263
10,44,22,2,17.0,17.39025740555841
10,44,22,3,16.1,19.55801087722584
10,44,22,4,23.95,28.55921825555491
10,44,22,5,19.4,18.76559000993714
10,35,65,5,12.6,10.122408700242094
10,44,22,0,33.85,26.04909332698347
10,44,22,1,19.2,15.723264693808948
10,44,22,2,26.75,24.08291598011468
10,44,22,3,19.35,13.723874702215307
10,44,22,4,23.0,27.535622860501803
10,44,22,5,17.3,12.503052258927564
7,17,108,3,21.15,17.045681657179177
10,26,65,5,28.15,82.62870343639035
10,44,22,0,32.1,42.65393176175957
10,44,22,1,25.6,30.539706681802407
10,44,22,2,24.0,30.39044171065009
10,44,22,3,30.15,38.98079824194148
10,44,22,4,38.78947368421053,108.77529281728172
10,44,22,5,26.666666666666668,39.958802313794905
7,17,108,3,27.65,26.98591250419764
10,26,65,5,7.45,6.731504875935013
10,44,22,0,22.95,12.124247128009749
10,44,22,1,26.0,35.370222385206276
10,44,22,2,34.75,62.51389319267569
10,44,22,3,12.85,11.240317470699184
10,44,22,4,17.6,16.066965127896825
10,44,22,5,14.5,16.981413988612125
10,26,22,0,23.25,21.29708406035165
10,26,22,1,18.6,15.404715614314169
10,26,22,2,19.65,19.17035814946991
10,26,22,3,17.85,17.11347576127009
10,26,22,4,20.6,19.318385025669198
10,26,22,5,14.1,12.417729261020307
10,26,65,5,32.85,81.66831183448534
7,17,108,3,26.05,21.251563409980477
10,26,22,0,25.1,25.465973169578348
10,26,22,1,31.7,29.954526940189293
10,26,22,2,27.65,47.74413714351687
10,26,22,3,20.6,23.56938245847108
10,26,22,4,21.95,24.13443706887689
10,26,22,5,22.8,28.50595505651776
10,26,65,5,15.15,14.572053281610842
7,22,108,3,28.85,16.138463371709214
10,26,22,0,42.45,108.68616093572983
10,26,22,1,28.210526315789473,35.22874291662108
10,26,22,2,31.526315789473685,54.70259837526777
10,26,22,3,22.894736842105264,28.270311747764467
10,26,22,4,17.36842105263158,18.258059183445507
10,26,22,5,23.57894736842105,27.687373354560986
10,26,65,5,28.85,82.04830092214296
10,26,22,0,18.8,25.261995587297367
10,26,22,1,21.8,24.236987827437808
10,26,22,2,15.3,18.873819238076297
10,26,22,3,13.4,14.20674413605624
10,26,22,4,17.2,15.466772534422914
10,26,22,5,17.2,22.903918304172553
7,22,108,3,29.95,33.777094387515895
10,35,65,5,9.7,8.392352408435219
10,26,22,0,22.5,20.13245612124075
10,26,22,1,37.1,47.03403023343842
10,26,22,2,23.7,32.55456957172065
10,26,22,3,15.35,18.351179511783002
10,26,22,4,18.0,14.179302929937963
10,26,22,5,17.85,17.502706557618602
10,35,65,5,11.4,10.091163409011294
7,22,108,3,35.75,29.591739601307307
10,27,22,0,15.6,22.967711890253334
10,27,22,1,13.5,10.023656229666214
10,27,22,2,16.5,17.931154892796886
10,27,22,3,26.95,26.988252805131427
10,27,22,4,12.3,13.856786291048492
10,27,22,5,23.95,38.11406012152692
10,35,65,5,8.15,10.250930638111276
10,27,22,0,44.95,109.8244891681843
10,27,22,1,36.05263157894737,57.257191381627166
10,27,22,2,21.526315789473685,21.329084006618842
10,27,22,3,14.578947368421053,20.597507372046756
10,27,22,4,15.947368421052632,20.164527942267902
10,27,22,5,25.57894736842105,19.216069055390086
7,22,108,3,29.55,37.58985725459798
10,35,65,5,24.75,82.64055013318698
10,27,22,0,17.8,15.952561252862056
10,27,22,1,35.2,109.70707408942759
10,27,22,2,16.105263157894736,15.307567978843034
10,27,22,3,14.631578947368421,15.993785342771215
10,27,22,4,10.947368421052632,7.509058856626489
10,27,22,5,20.05263157894737,22.3643408731413
10,35,65,5,6.65,6.907471164958768
7,22,108,3,36.6,36.39028210359117
10,27,22,0,12.15,10.16844965671034
10,27,22,1,11.45,14.989382206994673
10,27,22,2,47.6,108.27372719178001
10,27,22,3,49.0,109.93988256214291
10,27,22,4,17.61111111111111,17.957921040715576
10,27,22,5,14.222222222222221,12.226083763127363
10,24,65,5,31.35,81.81640229324758
10,27,22,0,21.2,20.06987792688336
10,27,22,1,18.55,23.85145918519783
10,27,22,2,22.8,30.84016519854724
10,27,22,3,44.9,107.29884484589364
10,27,22,4,23.894736842105264,28.3213596990801
10,27,22,5,18.68421052631579,16.100561175792556
7,14,108,3,32.15,30.086323173582763
10,30,22,0,38.45,35.79543487506105
10,30,22,1,17.25,19.023185299716985
10,30,22,2,14.2,10.914018026083895
10,30,22,3,11.5,12.339495852535341
10,30,22,4,18.0,18.043806343685386
10,30,22,5,22.5,21.717080350437726
10,24,65,5,13.7,10.45340538822284
7,14,108,3,28.65,28.735225036438063
10,24,65,5,10.05,10.625069659214375
10,30,22,0,23.45,28.790486367256076
10,30,22,1,63.05,114.15800453757066
10,30,22,2,23.473684210526315,28.572263981103212
10,30,22,3,32.10526315789474,49.829592654300995
10,30,22,4,32.78947368421053,36.82477871604092
10,30,22,5,37.72222222222222,56.94559380316243
7,14,108,3,27.8,24.62476288958781
10,24,65,5,35.0,84.03132248093408
10,30,22,0,20.9,18.52139587782621
10,30,22,1,42.05,108.04408213414803
10,30,22,2,20.789473684210527,25.76297719891951
10,30,22,3,20.0,21.951967768035942
10,30,22,4,19.473684210526315,18.99230376597798
10,30,22,5,20.94736842105263,19.5660524725026
10,30,22,0,38.0,45.10805739671421
10,30,22,1,24.75,18.24071501368645
10,30,22,2,17.0,19.02629759044045
10,30,22,3,25.9,27.999812029444247
10,30,22,4,20.75,21.078487412026213
10,30,22,5,22.75,20.41896693092762
10,24,65,5,42.6,113.82507354893758
7,14,108,3,25.2,26.055810545018453
10,30,22,0,21.9,16.5907393318968
10,30,22,1,16.5,23.10046707206087
10,30,22,2,32.15,57.51729716949685
10,30,22,3,13.45,18.36035488706434
10,30,22,4,14.75,12.42186103524538
10,30,22,5,17.3,25.698863378510893
10,44,65,5,11.65,12.495367562673607
10,40,22,0,11.95,10.733494060036652
10,40,22,1,16.35,16.361942363140656
10,40,22,2,16.6,20.62548245049772
10,40,22,3,13.65,15.104112371348267
10,40,22,4,10.1,9.29572623928811
10,40,22,5,13.45,14.188486807786688
7,14,108,3,34.4,29.74169499293259
10,44,65,5,8.9,9.547113093550983
10,40,22,0,26.8,19.765999515382603
10,40,22,1,27.65,30.13177200581682
10,40,22,2,36.2,42.80383652259025
10,40,22,3,14.1,13.802745722271501
10,40,22,4,21.95,19.285868838144296
10,40,22,5,28.75,36.31423528329526
10,44,65,5,8.05,7.769542423700653
7,7,108,3,28.6,59.15314646611883
10,40,22,0,18.15,13.4801022954107
10,40,22,1,27.75,38.616706229299254
10,40,22,2,11.55,17.58131484215408
10,40,22,3,14.75,20.041732775176378
10,40,22,4,11.85,14.999210505539073
10,40,22,5,21.95,26.884695313602926
10,44,65,5,6.2,5.366563145999495
10,40,22,0,31.55,30.308023950588954
10,40,22,1,19.65,16.040327467453956
10,40,22,2,24.5,39.67831172129973
10,40,22,3,15.3,19.026574213867022
10,40,22,4,11.65,10.454286454041611
10,40,22,5,17.85,26.2744122073569
7,7,108,3,31.1,29.3757866635987
10,44,65,5,9.15,9.71312188959375
10,40,22,0,24.15,22.401304003397474
10,40,22,1,22.7,28.050893596799146
10,40,22,2,18.6,19.440597781582316
10,40,22,3,22.1,17.20128514170717
10,40,22,4,19.95,18.802225512170793
10,40,22,5,30.7,33.16164556897178
10,43,22,0,20.75,28.05234768297149
10,43,22,1,11.35,9.30916356692638
10,43,22,2,12.7,10.916428951476375
10,43,22,3,23.9,57.65222413201785
10,43,22,4,16.3,14.665031806809587
10,43,22,5,15.75,19.41479359988964
7,7,108,3,31.6,32.326296937388456
10,46,65,5,13.2,11.033918996487722
10,43,22,0,25.25,32.44894775684284
10,43,22,1,21.25,21.07349295354612
10,43,22,2,21.9,24.32867054580492
10,43,22,3,25.25,51.99784914580096
10,43,22,4,18.95,18.913862919200714
10,43,22,5,44.15,106.59824971407957
10,46,65,5,9.65,8.536454336056567
7,7,108,3,40.55,44.69602007479319
10,43,22,0,21.6,30.790292386776027
10,43,22,1,10.85,11.319638268350973
10,43,22,2,38.05,108.71279157776962
10,43,22,3,18.157894736842106,20.62701345833968
10,43,22,4,9.578947368421053,9.482825349450824
10,43,22,5,21.57894736842105,18.939423285463707
10,46,65,5,9.05,8.629661211865674
10,43,22,0,25.3,27.034286222849445
10,43,22,1,20.5,24.433583445741228
10,43,22,2,20.2,18.855684609826902
10,43,22,3,19.85,20.35804509278826
10,43,22,4,12.6,15.984861259131534
10,43,22,5,21.45,44.7513304712538
7,7,108,3,44.05,55.57401418497299
10,46,65,5,13.2,8.593755382773434
10,43,22,0,27.35,28.76817503313066
10,43,22,1,14.3,12.76549625893338
10,43,22,2,20.4,17.524118717987083
10,43,22,3,15.65,15.641627994418915
10,43,22,4,13.4,13.212434334846535
10,43,22,5,23.55,23.665375551636615
10,46,65,5,12.3,23.61778990506944
10,28,22,0,16.5,13.808845372670222
10,28,22,1,21.35,27.28461104725519
10,28,22,2,28.25,48.85949242470699
10,28,22,3,19.75,20.23252982594848
10,28,22,4,23.65,24.50837665606985
10,28,22,5,17.9,17.731625033137526
7,23,108,3,28.5,76.43607580331768
10,28,22,0,26.05,22.970175170608112
10,28,22,1,25.35,23.083999927039915
10,28,22,2,18.5,22.260420386629576
10,28,22,3,22.1,22.91150021507241
10,28,22,4,19.7,19.512748868907543
10,28,22,5,18.2,19.57334385008561
10,27,65,5,13.75,18.052190419651804
7,23,108,3,20.3,30.859784765767138
10,28,22,0,22.7,28.921126861645078
10,28,22,1,15.45,13.355365568702501
10,28,22,2,16.45,14.52574846336851
10,28,22,3,20.35,16.68051179323376
10,28,22,4,17.1,15.913913144759443
10,28,22,5,13.55,23.329391897685404
10,27,65,5,13.7,21.166259147893598
10,28,22,0,23.55,19.17365242640069
10,28,22,1,25.15,35.12874816113465
10,28,22,2,36.7,104.11385468246822
10,28,22,3,45.10526315789474,107.87899328869572
10,28,22,4,21.833333333333332,22.11799905852564
10,28,22,5,17.666666666666668,25.93884209851636
10,27,65,5,8.9,7.397723689721973
7,23,108,3,50.0,85.30934421577929
10,28,22,0,29.5,33.09396510416649
10,28,22,1,16.6,15.84929020492716
10,28,22,2,27.25,22.244751007112242
10,28,22,3,29.15,30.831076256885595
10,28,22,4,18.0,20.75927186635053
10,28,22,5,16.65,18.345442571873125
10,27,65,5,7.8,5.987706704486064
7,23,108,3,21.05,34.84170972903174
11,20,22,0,23.15,25.59044846483896
11,20,22,1,12.2,17.464550561517164
11,20,22,2,11.4,15.25364494835665
11,20,22,3,15.55,17.62914751498958
11,20,22,4,17.05,28.169552431846096
11,20,22,5,36.25,31.50417683252074
10,27,65,5,9.95,8.268360748883918
11,20,22,0,22.75,21.5110130912174
11,20,22,1,18.75,18.4871932912888
11,20,22,2,26.95,30.999957555149212
11,20,22,3,18.6,21.885828147095793
11,20,22,4,9.95,9.692509316070078
11,20,22,5,16.4,12.83252446756001
7,23,108,3,12.6,16.690369110736636
10,25,65,5,18.0,14.037543644774443
11,20,22,0,35.55,59.74284806348659
11,20,22,1,25.3,23.411872831400828
11,20,22,2,25.7,25.67632536424413
11,20,22,3,44.45,107.62677958672984
11,20,22,4,26.63157894736842,27.427096347136125
11,20,22,5,40.833333333333336,40.380906961815796
10,25,65,5,15.05,19.834778069154986
7,7,108,3,34.65,42.6580960416043
11,20,22,0,15.05,11.170803109233605
11,20,22,1,17.35,16.05016805945789
11,20,22,2,16.95,17.828052997571284
11,20,22,3,30.6,56.155235965275665
11,20,22,4,21.2,22.187241473660627
11,20,22,5,23.05,19.351254549294186
10,25,65,5,8.3,11.01721141525482
11,20,22,0,33.25,39.04366651246835
11,20,22,1,21.95,23.84042343318768
11,20,22,2,16.35,27.557165464195563
11,20,22,3,22.05,28.223683597104642
11,20,22,4,16.6,20.679000281241326
11,20,22,5,30.05,72.4775645867123
7,7,108,3,30.4,40.53120954731577
10,25,65,5,6.75,6.632257692917484
11,17,22,0,28.95,42.83686926493406
11,17,22,1,10.1,7.745287191848378
11,17,22,2,38.2,108.98507865034118
11,17,22,3,16.894736842105264,13.662172988226793
11,17,22,4,16.0,18.34847859269718
11,17,22,5,21.842105263157894,25.57399538136507
10,25,65,5,9.55,6.20250373894115
7,7,108,3,29.7,26.024482400434525
11,17,22,0,23.4,25.637965269457226
11,17,22,1,15.0,12.030662579644696
11,17,22,2,40.5,108.72974705542563
11,17,22,3,13.473684210526315,9.929576588559565
11,17,22,4,19.210526315789473,17.668487162077323
11,17,22,5,28.157894736842106,28.36716246706301
11,4,65,5,22.5,33.21778217508778
11,17,22,0,36.2,109.50491457368237
11,17,22,1,15.052631578947368,15.167486000618144
11,17,22,2,36.421052631578945,112.25581686956195
11,17,22,3,15.444444444444445,23.394876820319197
11,17,22,4,7.111111111111111,8.166566626037918
11,17,22,5,19.22222222222222,15.303039127439613
7,7,108,3,28.0,25.026301953618404
11,17,22,0,13.45,12.180549637585498
11,17,22,1,21.8,31.728453111396803
11,17,22,2,18.05,25.893455787738702
11,17,22,3,20.3,32.17894048172369
11,17,22,4,18.9,21.6573799260935
11,17,22,5,28.75,31.168261522192562
11,4,65,5,17.55,12.97558435962266
7,7,108,3,37.55,44.57102551870973
11,17,22,0,21.3,16.62939692548299
11,17,22,1,22.75,26.197378334080444
11,17,22,2,12.4,11.292288938637915
11,17,22,3,47.1,108.98956975687844
11,17,22,4,25.68421052631579,36.920413852831174
11,17,22,5,16.736842105263158,12.866157611964283
11,4,65,5,15.2,16.888488761034214
11,12,22,0,21.05,23.645351162098383
11,12,22,1,42.2,108.80576610107622
11,12,22,2,44.31578947368421,110.81669179905413
11,12,22,3,17.72222222222222,17.14232997944512
11,12,22,4,22.555555555555557,26.221280585729517
11,12,22,5,27.055555555555557,30.452416541263425
11,4,65,5,18.95,22.769959434122384
7,13,108,3,23.65,20.655762545008823
11,12,22,0,28.15,28.362827785677506
11,12,22,1,17.45,26.005009638832853
11,12,22,2,15.7,16.473583319011716
11,12,22,3,20.85,23.704929533970915
11,12,22,4,16.15,18.751210487241675
11,12,22,5,17.3,17.994443586840912
11,4,65,5,11.55,10.664624256218115
7,13,108,3,16.75,14.096938824103846
11,12,22,0,22.85,25.005841422818744
11,12,22,1,18.5,19.34316144627972
11,12,22,2,73.05,146.23034280851132
11,12,22,3,18.72222222222222,18.239599955480045
11,12,22,4,20.11111111111111,18.591234142146252
11,12,22,5,31.555555555555557,31.626910027830675
11,7,65,5,11.7,11.859262424921623
7,13,108,3,23.1,28.161003271601633
11,7,65,5,14.3,13.357828376924463
11,12,22,0,30.45,46.76646909462961
11,12,22,1,20.95,30.99146741655805
11,12,22,2,18.7,17.335998445583197
11,12,22,3,27.25,30.624852308988665
11,12,22,4,24.0,37.18941558533755
11,12,22,5,40.25,106.41719043957436
11,12,22,0,41.3,109.35894543826042
11,12,22,1,12.105263157894736,16.034319917123973
11,12,22,2,11.578947368421053,12.641711335775549
11,12,22,3,13.578947368421053,14.237336632459208
11,12,22,4,16.05263157894737,14.584899665257009
11,12,22,5,21.36842105263158,23.007753587566928
7,13,108,3,14.2,14.688341241306066
11,7,65,5,26.1,24.48608627471184
11,11,22,0,20.45,28.353919250116117
11,11,22,1,20.0,20.736441353327717
11,11,22,2,17.8,20.824075135841156
11,11,22,3,25.8,34.22003106830544
11,11,22,4,18.25,22.016441224923845
11,11,22,5,20.0,16.986062398021318
11,7,65,5,16.7,9.090770333869287
7,13,108,3,29.5,32.350872435970274
11,11,22,0,17.4,18.056636045043327
11,11,22,1,16.65,19.701122062621607
11,11,22,2,12.25,16.942239334993783
11,11,22,3,20.15,24.238453572349606
11,11,22,4,40.8,106.3581833141895
11,11,22,5,20.05263157894737,21.337170707504068
11,7,65,5,21.05,15.2745919059966
11,11,22,0,31.85,43.82414018732021
11,11,22,1,31.9,51.29676300447078
11,11,22,2,13.55,14.598035195838765
11,11,22,3,16.0,18.07586352308689
11,11,22,4,14.5,13.09278628220819
11,11,22,5,15.6,17.4970674234585
7,5,108,3,31.5,32.391519357939806
11,15,65,5,13.25,10.710914256520137
11,11,22,0,39.45,109.52696135270939
11,11,22,1,20.105263157894736,26.229531145134242
11,11,22,2,18.05263157894737,17.805971795410308
11,11,22,3,23.63157894736842,25.368857825460353
11,11,22,4,15.736842105263158,18.036512674951446
11,11,22,5,28.42105263157895,34.31280258231076
7,5,108,3,26.9,24.1091814788256
11,15,65,5,15.4,12.236270501646883
11,11,22,0,39.4,50.313124791805464
11,11,22,1,24.45,26.432585551689193
11,11,22,2,33.6,43.99449726356336
11,11,22,3,44.55,93.25995078838842
11,11,22,4,20.333333333333332,17.72336443959847
11,11,22,5,17.444444444444443,14.431265984261282
11,15,65,5,14.15,15.121525264198366
11,5,22,0,17.3,19.02104098097683
11,5,22,1,21.7,18.017827429053646
11,5,22,2,13.0,12.056882725341223
11,5,22,3,39.75,108.4934511727248
11,5,22,4,13.578947368421053,9.918085553806822
11,5,22,5,20.42105263157895,19.380161074533248
7,5,108,3,43.3,36.54427739778578
11,15,65,5,18.55,39.175012175459095
11,5,22,0,19.05,16.744127014379828
11,5,22,1,39.1,35.703309591541704
11,5,22,2,18.85,14.872351599705514
11,5,22,3,22.55,24.575287116168248
11,5,22,4,20.85,24.08160468512276
11,5,22,5,34.5,34.125927787657595
7,5,108,3,34.65,35.95358850401153
11,5,22,0,22.0,17.823698003678018
11,5,22,1,16.25,14.930981566069786
11,5,22,2,22.05,26.500198608987617
11,5,22,3,17.05,25.69758333917188
11,5,22,4,18.0,19.46116240375336
11,5,22,5,20.35,21.036997484382002
11,15,65,5,17.75,17.858729252842032
11,5,22,0,28.55,27.631932328567366
11,5,22,1,18.4,29.095848862898496
11,5,22,2,26.4,33.149422476512555
11,5,22,3,15.65,14.09469851808791
11,5,22,4,18.8,19.880167319003604
11,5,22,5,26.2,21.219653253776944
11,7,65,5,18.8,19.033488492930726
7,5,108,3,45.7,86.97132013667374
11,5,22,0,26.65,35.68911820001633
11,5,22,1,16.4,27.26362527540853
11,5,22,2,11.95,17.012302050358485
11,5,22,3,11.5,14.943754196107625
11,5,22,4,16.9,15.56277610196844
11,5,22,5,22.95,15.622099730830039
11,13,22,0,19.4,17.750908056832056
11,13,22,1,11.15,11.753051115617417
11,13,22,2,12.3,11.589923027763113
11,13,22,3,14.7,16.942938289881624
11,13,22,4,23.35,29.684791427686722
11,13,22,5,12.45,11.394712531881202
11,7,65,5,28.25,45.44154718455696
7,23,108,3,40.35,77.76569058125149
11,7,65,5,22.1,21.28725835848883
11,13,22,0,24.5,29.50022301432206
11,13,22,1,21.15,20.230968965009016
11,13,22,2,48.3,107.85521484110562
11,13,22,3,29.0,26.772705835940037
11,13,22,4,23.0,21.756225162774292
11,13,22,5,40.10526315789474,51.54598242437103
7,23,108,3,16.15,16.12867665142791
11,13,22,0,14.3,11.630721568781805
11,13,22,1,13.65,12.188324870871089
11,13,22,2,16.2,17.416265839423605
11,13,22,3,45.25,112.79785132332042
11,13,22,4,18.789473684210527,28.559059561563572
11,13,22,5,20.0,21.791945504908206
11,7,65,5,11.85,10.095726036820052
11,13,22,0,28.25,24.006303996636955
11,13,22,1,12.65,11.513264661159091
11,13,22,2,14.7,12.152972345977968
11,13,22,3,13.9,13.795117366586439
11,13,22,4,13.1,16.880072337086215
11,13,22,5,24.9,22.187953108790698
11,7,65,5,17.85,18.678090176235337
7,23,108,3,71.55,123.693796381055
11,13,22,0,19.85,17.771280793815386
11,13,22,1,26.2,26.30909388505487
11,13,22,2,17.7,15.417351810285231
11,13,22,3,21.8,32.97782348950978
11,13,22,4,19.1,22.09286619798584
11,13,22,5,19.75,17.417096863653676
11,19,65,5,13.15,12.235732830310445
11,14,22,0,32.8,51.755091282734796
11,14,22,1,18.55,21.134842770822036
11,14,22,2,17.4,23.99429756816135
11,14,22,3,19.15,18.299482305015598
11,14,22,4,16.3,20.411812885267146
11,14,22,5,19.7,11.92564684331961
7,23,108,3,20.75,22.216340595914627
11,19,65,5,17.05,13.519868420412351
11,14,22,0,18.0,17.16483553510981
11,14,22,1,62.55,149.4669387840458
11,14,22,2,19.944444444444443,35.21442255036359
11,14,22,3,27.38888888888889,37.127980393559994
11,14,22,4,12.555555555555555,10.291185390032878
11,14,22,5,16.944444444444443,11.357672826162222
7,23,108,3,20.55,17.76891134893513
11,19,65,5,10.85,9.499445967224117
11,14,22,0,43.5,109.33651578594649
11,14,22,1,28.42105263157895,34.18302988565734
11,14,22,2,20.263157894736842,25.864695168131227
11,14,22,3,20.57894736842105,21.401754314057953
11,14,22,4,12.157894736842104,10.605361107031024
11,14,22,5,30.42105263157895,38.32219517818432
11,19,65,5,13.3,12.443979732342356
7,15,108,3,29.45,28.94363851567933
11,14,22,0,29.8,32.934704140801166
11,14,22,1,33.2,35.324957630249855
11,14,22,2,19.7,21.851412094560747
11,14,22,3,24.1,23.960274139544087
11,14,22,4,17.7,21.677298336229423
11,14,22,5,21.55,25.57851689046473
11,19,65,5,9.7,6.465291950097845
11,14,22,0,25.45,27.846335864034817
11,14,22,1,20.85,20.896423768573165
11,14,22,2,31.05,32.33781394167385
11,14,22,3,35.15,38.74379407011358
11,14,22,4,34.3,50.85179704944452
11,14,22,5,25.6,25.555718280692194
7,15,108,3,31.3,28.13519990482048
11,16,65,5,9.35,11.018047396024969
11,15,22,0,26.15,36.30466839634293
11,15,22,1,34.8,76.92347530261213
11,15,22,2,18.210526315789473,17.274190598077627
11,15,22,3,16.473684210526315,17.45269295060422
11,15,22,4,27.736842105263158,30.579299652730143
11,15,22,5,20.05263157894737,20.84725850404563
7,15,108,3,32.5,38.31517495169437
11,16,65,5,16.45,19.113167134065897
11,15,22,0,25.7,28.764195580068304
11,15,22,1,25.0,25.561072376812195
11,15,22,2,14.95,15.42545742732141
11,15,22,3,17.9,15.518749271361028
11,15,22,4,14.4,28.700632672285703
11,15,22,5,24.75,28.376927247325423
11,15,22,0,20.2,44.68085660960878
11,15,22,1,17.65,15.118044290115531
11,15,22,2,17.65,25.83810934911535
11,15,22,3,14.4,19.674723297726583
11,15,22,4,15.0,16.277203949728364
11,15,22,5,26.9,34.8650028115965
11,16,65,5,16.25,15.920443659514941
7,15,108,3,25.9,25.447365699667845
11,15,22,0,31.8,38.324926614411154
11,15,22,1,18.6,21.757999134014817
11,15,22,2,23.9,23.788320884970332
11,15,22,3,12.75,13.726175532057066
11,15,22,4,25.95,40.535202374959816
11,15,22,5,32.95,29.876015728163516
11,16,65,5,12.55,11.887521099654746
7,15,108,3,35.0,76.84571008127087
11,15,22,0,41.1,112.09953284094406
11,15,22,1,9.210526315789474,8.599605594111221
11,15,22,2,10.421052631578947,15.650047175909314
11,15,22,3,9.31578947368421,8.932168030830711
11,15,22,4,15.894736842105264,21.57904007967532
11,15,22,5,48.89473684210526,109.09623414258427
11,16,65,5,14.6,13.327454844477204
11,20,22,0,30.35,27.280752806405662
11,20,22,1,20.75,21.267407730585017
11,20,22,2,25.45,21.119895833076452
11,20,22,3,16.0,19.128375175171186
11,20,22,4,20.35,18.099941843465746
11,20,22,5,31.95,26.933592798819685
7,4,108,3,45.8,77.04994962257993
11,20,65,5,18.95,17.3735279573324
11,20,22,0,15.35,13.444916863769897
11,20,22,1,15.55,17.81624037367681
11,20,22,2,42.1,108.22048643491918
11,20,22,3,15.052631578947368,13.381054950150506
11,20,22,4,21.57894736842105,21.41213516125243
11,20,22,5,16.94736842105263,15.20772349173832
11,20,22,0,25.3,22.221611102708103
11,20,22,1,18.3,24.71756247563344
11,20,22,2,16.0,22.720266862776707
11,20,22,3,15.9,19.05090134626872
11,20,22,4,12.8,11.04821967082194
11,20,22,5,24.45,22.19168881882537
11,20,65,5,16.2,14.475387459590266
7,4,108,3,33.75,23.909643506994808
11,20,22,0,13.05,12.386218997443555
11,20,22,1,36.9,109.32948752329018
11,20,22,2,12.68421052631579,11.738127011197065
11,20,22,3,14.368421052631579,14.399886289349608
11,20,22,4,11.263157894736842,10.948577306172696
11,20,22,5,29.42105263157895,25.846374750035995
11,20,65,5,12.4,12.609102810438598
7,4,108,3,42.6,45.62132465369561
11,20,22,0,16.7,14.832751811979781
11,20,22,1,24.4,27.73825023889916
11,20,22,2,46.45,103.91619852452973
11,20,22,3,17.85,19.831593613806174
11,20,22,4,25.05,21.114911169223763
11,20,22,5,26.94736842105263,21.198725549246603
11,20,65,5,15.5,23.913220303069973
11,9,22,0,13.7,13.475513856035713
11,9,22,1,22.4,28.262677639749935
11,9,22,2,16.55,22.84841351166422
11,9,22,3,15.4,20.83872912581157
11,9,22,4,12.3,20.4710321648601
11,9,22,5,50.05,100.45133673889849
7,4,108,3,26.45,18.622213673601298
11,20,65,5,21.0,21.582156372434394
11,9,22,0,20.7,37.15840912123463
11,9,22,1,23.35,32.83976248391574
11,9,22,2,13.65,17.174874549453737
11,9,22,3,20.65,20.510010392873756
11,9,22,4,19.95,23.888942608398732
11,9,22,5,23.45,22.015484980971195
11,9,22,0,13.05,13.112769991199619
11,9,22,1,23.15,26.250363406005803
11,9,22,2,16.75,24.213686864642227
11,9,22,3,14.75,15.830932412610181
11,9,22,4,11.1,11.266625142661983
11,9,22,5,14.7,11.841497060404947
11,2,65,5,11.1,9.278724957778696
7,4,108,3,36.6,45.48383171379058
11,2,65,5,8.7,7.941231509957182
11,9,22,0,50.8,65.091514524997
11,9,22,1,27.15,29.480189601618378
11,9,22,2,24.2,26.76918888730495
11,9,22,3,25.4,23.857912733514635
11,9,22,4,22.1,33.91149471321208
11,9,22,5,22.42105263157895,13.38455075190831
7,8,108,3,32.15,44.47977068286212
11,2,65,5,16.4,14.844456700628761
11,9,22,0,50.45,115.39017334792055
11,9,22,1,15.526315789473685,17.551094999244764
11,9,22,2,20.736842105263158,41.542270447318224
11,9,22,3,18.263157894736842,17.606318642474662
11,9,22,4,13.210526315789474,12.84773627863602
11,9,22,5,17.894736842105264,14.490973193459688
11,15,22,0,29.25,29.890810064563148
11,15,22,1,10.85,6.442253610263055
11,15,22,2,16.95,16.66535959786994
11,15,22,3,13.9,11.41052146047673
11,15,22,4,16.2,13.839683598452067
11,15,22,5,22.25,21.198001395364958
11,2,65,5,16.05,16.333610810389207
7,8,108,3,19.8,16.25973392674127
11,15,22,0,43.9,109.72448750344991
11,15,22,1,20.0,28.30194339616981
11,15,22,2,21.842105263157894,19.802533950916306
11,15,22,3,24.68421052631579,36.20628035081905
11,15,22,4,27.0,34.48510145297854
11,15,22,5,14.210526315789474,14.638529629290037
11,2,65,5,13.95,9.599753286303494
7,8,108,3,31.7,25.181655812787294
11,15,22,0,24.55,20.69191298932737
11,15,22,1,24.6,27.159179896152587
11,15,22,2,21.4,27.429143164467277
11,15,22,3,27.55,30.170524130611145
11,15,22,4,24.45,29.817824058420957
11,15,22,5,26.75,25.17073279572298
11,9,65,5,22.1,18.741735020508305
11,15,22,0,22.75,25.24798063837561
11,15,22,1,18.55,17.694706315136944
11,15,22,2,6.6,5.092822606891306
11,15,22,3,21.7,25.085328066631423
11,15,22,4,17.9,17.841111600959586
11,15,22,5,16.9,11.182222733569471
7,8,108,3,31.6,32.97910023987281
11,9,65,5,16.85,17.141132432037026
11,15,22,0,24.3,28.316073174082593
11,15,22,1,36.2,43.38275184788001
11,15,22,2,26.35,39.05094513311391
11,15,22,3,18.8,17.46455056151716
11,15,22,4,24.9,32.0228536813123
11,15,22,5,35.9,32.18351981012054
11,9,65,5,15.65,9.777928959490456
7,8,108,3,18.6,18.149670143443085
11,22,22,0,32.75,28.633574330623976
11,22,22,1,28.4,35.07195610830907
11,22,22,2,21.7,32.465528277170996
11,22,22,3,18.25,20.81465829649865
11,22,22,4,23.95,32.508258060149316
11,22,22,5,27.6,27.394582637717573
11,9,65,5,18.3,19.636432305391185
11,22,22,0,14.25,13.775932483482695
11,22,22,1,17.75,15.747597978906596
11,22,22,2,14.35,16.118883989055558
11,22,22,3,23.2,30.632971572611446
11,22,22,4,14.8,11.78580770070065
11,22,22,5,18.1,18.859312930500046
8,25,108,4,16.1,17.075374697283557
11,22,22,0,15.85,15.738905867141364
11,22,22,1,13.65,14.031074535885658
11,22,22,2,41.65,108.35578579748046
11,22,22,3,15.0,11.190273554396347
11,22,22,4,10.0,12.762793146051099
11,22,22,5,24.05263157894737,20.47077506053318
11,9,65,5,16.65,16.45496245737693
11,22,22,0,21.3,24.11398371332111
11,22,22,1,18.65,22.953671876882332
11,22,22,2,18.25,21.879755122270595
11,22,22,3,12.55,11.366965062708783
11,22,22,4,13.9,17.22269005212539
11,22,22,5,31.05,33.306353116105896
11,9,65,5,19.15,20.18669441931857
8,25,108,4,35.5,64.50173396282092
11,22,22,0,30.95,43.44806336911135
11,22,22,1,17.4,24.845628652901798
11,22,22,2,24.7,22.266566866043807
11,22,22,3,19.75,22.996281163884326
11,22,22,4,24.3,27.606444709047278
11,22,22,5,18.95,21.07499141536942
11,9,65,5,19.35,23.457183839587614
11,13,22,0,32.1,33.3922461847531
11,13,22,1,74.15,146.45504968742924
11,13,22,2,18.166666666666668,15.317233662082183
11,13,22,3,22.61111111111111,24.679448198829178
11,13,22,4,24.72222222222222,29.515311192180267
11,13,22,5,28.61111111111111,40.14845816230628
11,9,65,5,17.15,17.777203024334874
8,25,108,4,32.3,65.06846596591849
11,13,22,0,14.55,13.04839171376264
11,13,22,1,18.75,22.526884523071306
11,13,22,2,14.6,16.718725713214035
11,13,22,3,14.1,16.612930917938908
11,13,22,4,18.9,20.359660838866745
11,13,22,5,13.3,17.729250288420932
11,9,65,5,10.95,11.29263849640669
11,13,22,0,25.55,30.606973749543794
11,13,22,1,15.1,16.495294384827
11,13,22,2,13.3,14.772306950222058
11,13,22,3,15.55,21.43895863535403
11,13,22,4,10.95,10.143574580154567
11,13,22,5,40.3,104.04002266334562
8,25,108,4,15.75,15.464305249254014
11,9,65,5,16.45,13.449613573004909
11,13,22,0,33.65,51.94660720393585
11,13,22,1,20.15,20.803023565666706
11,13,22,2,18.55,16.47478136585222
11,13,22,3,25.85,30.46702272431966
11,13,22,4,16.35,22.753310921594174
11,13,22,5,48.0,109.82953298539276
11,12,65,5,16.35,14.423208636375644
11,13,22,0,19.0,23.786329554687722
11,13,22,1,28.25,33.22788144409989
11,13,22,2,26.0,56.50617106494699
11,13,22,3,13.05,16.397929907862085
11,13,22,4,16.95,16.67483133347981
11,13,22,5,18.65,16.595100735489755
8,25,108,4,17.25,16.440882931854585
11,12,65,5,11.45,7.7898381849283895
11,17,22,0,19.1,21.30702873899152
11,17,22,1,19.5,21.87163507954153
11,17,22,2,45.1,109.89128599139289
11,17,22,3,15.105263157894736,17.872681626941485
11,17,22,4,23.94736842105263,30.485832199765856
11,17,22,5,24.05263157894737,25.859607465033456
11,12,65,5,13.8,12.857928129736674
11,17,22,0,21.45,12.145932825869172
11,17,22,1,18.35,22.1912144778063
11,17,22,2,22.3,28.891994884760948
11,17,22,3,35.1,43.28108861360753
11,17,22,4,17.7,21.263014590449874
11,17,22,5,19.8,37.130778834305445
8,24,108,4,66.3,104.77298767988064
11,12,65,5,13.05,10.143574580154567
11,17,22,0,45.5,117.69921521895502
11,17,22,1,13.105263157894736,11.887877751175798
11,17,22,2,13.31578947368421,17.578562169677486
11,17,22,3,22.789473684210527,34.41346465713097
11,17,22,4,27.0,35.30816713830763
11,17,22,5,24.944444444444443,26.686573452100944
11,17,22,0,18.75,23.990952241911618
11,17,22,1,23.95,46.20375354995807
11,17,22,2,24.05,28.049720891753328
11,17,22,3,15.8,25.481882108460393
11,17,22,4,11.1,14.356000029329383
11,17,22,5,30.85,31.504845074335705
11,12,65,5,15.35,17.333493589002764
8,24,108,4,49.45,87.47238662030796
11,17,22,0,23.0,19.76972699010176
11,17,22,1,30.25,48.60677340713568
11,17,22,2,13.3,17.702512459208187
11,17,22,3,17.2,23.098416441506615
11,17,22,4,25.3,33.74845025681686
11,17,22,5,29.0,33.66710091781777
11,23,65,5,8.25,8.071228954880741
11,5,22,0,29.9,33.37174979245959
11,5,22,1,28.35,26.402302531168914
11,5,22,2,23.6,25.08176103949053
11,5,22,3,17.85,22.870976781663007
11,5,22,4,18.6,28.92349254589825
11,5,22,5,30.0,33.2597433290726
11,23,65,5,18.15,29.863329034999293
8,24,108,4,32.2,37.720021208901784
11,5,22,0,19.1,21.725318724571352
11,5,22,1,22.6,21.169491454001736
11,5,22,2,19.8,25.05908806674421
11,5,22,3,13.0,14.360032253299067
11,5,22,4,17.4,22.010523798736294
11,5,22,5,32.75,25.463854671609365
11,23,65,5,31.8,83.85614247971908
11,5,22,0,16.55,16.106471402906088
11,5,22,1,15.25,17.555550929009677
11,5,22,2,9.8,9.423375191511797
11,5,22,3,11.15,13.417486626355215
11,5,22,4,18.05,24.66933958965002
11,5,22,5,19.95,17.960409677662525
8,24,108,4,21.7,20.21750153755534
11,5,22,0,15.6,12.92244070151651
11,5,22,1,14.95,17.635117476814624
11,5,22,2,15.55,15.776314692067915
11,5,22,3,19.1,18.691118070806844
11,5,22,4,10.35,8.462144807130288
11,5,22,5,31.6,28.845140063157224
11,23,65,5,6.4,6.636422625417847
11,5,22,0,31.8,24.310708058709224
11,5,22,1,20.45,18.872076281053307
11,5,22,2,12.55,9.098727499231043
11,5,22,3,17.95,14.551089668004792
11,5,22,4,16.75,14.396180048887969
11,5,22,5,26.95,27.116658309879128
11,23,65,5,8.75,8.601560445946024
8,24,108,4,17.15,16.614118916404237
11,4,22,0,20.75,15.936964645291246
11,4,22,1,27.55,29.50196246817632
11,4,22,2,25.85,35.07026780922162
11,4,22,3,12.75,11.570720761792172
11,4,22,4,16.25,17.42918000909606
11,4,22,5,23.95,24.55814796720118
11,12,65,5,17.05,19.419130556720283
11,4,22,0,21.05,23.44641146372544
11,4,22,1,19.35,20.706660509934583
11,4,22,2,13.6,12.696456198483103
11,4,22,3,21.4,34.87632283852244
11,4,22,4,18.0,19.268190311877678
11,4,22,5,35.65,27.02683851285607
11,12,65,5,18.0,17.350868323485926
8,43,108,4,20.55,19.656189597012034
11,4,22,0,22.4,22.528111094223682
11,4,22,1,42.15,107.9382255103158
11,4,22,2,24.263157894736842,34.31203563581858
11,4,22,3,18.105263157894736,15.238455509525545
11,4,22,4,11.578947368421053,14.221719654863138
11,4,22,5,19.894736842105264,17.81040500145321
11,12,65,5,12.6,12.093495424357155
11,4,22,0,18.65,14.161753534004704
11,4,22,1,23.7,33.41777024909132
11,4,22,2,44.6,108.58438387287846
11,4,22,3,23.63157894736842,20.072674976239576
11,4,22,4,21.157894736842106,19.729456707884893
11,4,22,5,19.263157894736842,19.16258537782867
8,43,108,4,37.45,65.32709198616162
11,12,65,5,11.8,10.08699005754703
11,4,22,0,14.95,10.520531305374668
11,4,22,1,10.1,9.743553874498932
11,4,22,2,18.25,22.258942614504168
11,4,22,3,16.25,20.844979201110682
11,4,22,4,18.75,20.892897307332387
11,4,22,5,24.4,25.613318903710194
11,21,22,0,18.7,18.427953594585876
11,21,22,1,15.0,17.335694845880095
11,21,22,2,12.05,10.313379149128776
11,21,22,3,16.1,21.198063466666998
11,21,22,4,22.6,23.41704282647239
11,21,22,5,38.55,33.82692014233323
11,12,65,5,7.5,7.251134212550548
8,43,108,4,26.1,39.36054663719684
11,21,65,5,13.3,9.878738466231937
11,21,22,0,22.25,29.424077144227883
11,21,22,1,16.95,18.827401643125874
11,21,22,2,43.5,110.7274986052174
11,21,22,3,29.63157894736842,48.532017526022955
11,21,22,4,23.105263157894736,31.91985577947457
11,21,22,5,23.94736842105263,18.10915570831054
11,21,22,0,16.6,17.327799386504548
11,21,22,1,14.95,19.906293635827577
11,21,22,2,13.1,9.694816846346841
11,21,22,3,19.25,19.51483915814888
11,21,22,4,12.85,13.849852744799549
11,21,22,5,28.95,39.10374191274983
11,21,65,5,27.6,34.74932789959662
8,43,108,4,10.9,12.727508541902868
11,21,22,0,47.5,112.63658375501272
11,21,22,1,23.68421052631579,33.54276313997294
11,21,22,2,13.263157894736842,11.718182003778752
11,21,22,3,21.105263157894736,28.5946668237319
11,21,22,4,19.473684210526315,19.400367754397028
11,21,22,5,29.789473684210527,28.650342149146454
11,21,65,5,22.15,24.454630387074367
11,21,22,0,16.25,15.710790793859521
11,21,22,1,32.5,36.32963122938572
11,21,22,2,16.85,15.938285584353828
11,21,22,3,15.85,24.0794190347822
11,21,22,4,18.6,20.166151943554485
11,21,22,5,24.25,22.62480008635145
11,21,65,5,18.3,22.67412158108191
8,43,108,4,25.55,65.15283650972657
11,23,22,0,25.55,27.56518589968532
11,23,22,1,27.75,37.38966223577398
11,23,22,2,18.75,18.736047440274337
11,23,22,3,26.6,51.7803051362195
11,23,22,4,17.95,23.65425298356569
11,23,22,5,42.4,107.18130237568197
11,21,65,5,12.5,8.9824390076591
11,23,22,0,19.75,21.108429346440822
11,23,22,1,14.5,25.873172450080002
11,23,22,2,16.65,21.315363868395615
11,23,22,3,34.6,109.02602296796177
11,23,22,4,13.894736842105264,18.95871167927852
11,23,22,5,21.68421052631579,18.55637845288109
8,46,108,4,13.2,12.521980673998822
11,22,65,5,33.75,44.19796970807357
11,23,22,0,20.05,20.5822483555228
11,23,22,1,16.25,13.814085107904216
11,23,22,2,38.6,99.75517398532321
11,23,22,3,48.526315789473685,110.04866015694685
11,23,22,4,19.444444444444443,15.119999308365303
11,23,22,5,33.833333333333336,49.47875361024698
11,22,65,5,15.55,10.980724738808167
11,23,22,0,12.75,13.814085107904216
11,23,22,1,15.85,23.097675891287142
11,23,22,2,14.6,16.239652576008936
11,23,22,3,15.9,13.657078365217219
11,23,22,4,15.8,25.249491917764665
11,23,22,5,19.4,18.53417895331984
8,46,108,4,16.3,15.95091153970106
11,22,65,5,11.8,9.622342421895539
11,23,22,0,26.6,31.22482143558567
11,23,22,1,51.3,112.61349830282336
11,23,22,2,31.57894736842105,34.61103836362306
11,23,22,3,30.05263157894737,32.443923732102796
11,23,22,4,32.526315789473685,81.5157574549258
11,23,22,5,19.05263157894737,17.868263872048942
8,46,108,4,17.0,14.68619115108869
11,22,65,5,15.6,16.601838832839537
11,10,22,0,16.35,13.887802296676712
11,10,22,1,22.0,31.782153217771363
11,10,22,2,23.05,29.159227121372567
11,10,22,3,14.15,14.517774949133363
11,10,22,4,12.35,11.797747331811406
11,10,22,5,12.8,9.116786137322967
11,22,65,5,14.05,15.736230405291511
11,10,22,0,17.95,20.605249714319744
11,10,22,1,31.05,31.61357969374287
11,10,22,2,24.15,26.95468907551884
11,10,22,3,36.6,68.37158535686096
11,10,22,4,23.9,29.929566441370664
11,10,22,5,30.5,42.244277096056706
8,46,108,4,28.05,30.967682645316753
11,10,22,0,16.6,16.73445861876499
11,10,22,1,18.85,17.883467813951285
11,10,22,2,22.95,33.95891480505292
11,10,22,3,19.25,20.94573188529172
11,10,22,4,18.05,18.173071460702218
11,10,22,5,15.85,15.346094994458603
11,1,65,5,25.55,25.280479259281208
11,10,22,0,34.2,45.96062387923407
11,10,22,1,18.5,22.605309110914632
11,10,22,2,20.1,24.800042444785415
11,10,22,3,25.65,36.97691313864853
11,10,22,4,17.65,14.423208636375646
11,10,22,5,20.15,18.562199846944186
11,1,65,5,18.0,15.488535658418627
8,46,108,4,21.45,20.48484677434569
11,10,22,0,19.85,16.980716617448902
11,10,22,1,24.55,24.54099684845319
11,10,22,2,25.4,17.76572690974335
11,10,22,3,19.35,19.6288589903529
11,10,22,4,22.05,34.76458421712352
11,10,22,5,17.75,18.85645219742262
11,1,65,5,18.65,13.6662280631374
11,6,22,0,17.5,17.154100323092926
11,6,22,1,26.1,34.965998521872336
11,6,22,2,21.95,20.72749254898964
11,6,22,3,12.85,13.592858031837315
11,6,22,4,12.05,11.13777356566383
11,6,22,5,29.85,53.02360447554417
8,47,108,4,23.9,25.223005372080465
11,1,65,5,8.85,8.986978884680003
11,6,22,0,27.6,23.369796071447706
11,6,22,1,33.0,72.0548037041397
11,6,22,2,20.35,31.814056807114614
11,6,22,3,16.65,18.143506885529685
11,6,22,4,16.0,14.548768561863461
11,6,22,5,29.842105263157894,31.538800015738527
11,1,65,5,16.3,9.744634151000339
11,6,22,0,12.7,11.355962959469448
11,6,22,1,20.3,12.200517676678615
11,6,22,2,18.75,20.890378041980053
11,6,22,3,22.8,46.47761204120358
11,6,22,4,12.35,11.983651143822657
11,6,22,5,33.6,35.75265908403104
8,47,108,4,36.95,67.22113937555187
11,6,22,0,19.0,20.460488238245155
11,6,22,1,14.45,12.219376330023428
11,6,22,2,13.2,18.743700696219882
11,6,22,3,13.9,14.692998690747775
11,6,22,4,21.85,21.560868550027823
11,6,22,5,28.3,25.321303699703765
11,22,65,5,17.55,11.343790325432167
11,22,65,5,16.75,18.546882274529676
11,6,22,0,51.65,75.1029293702982
11,6,22,1,30.35,28.13365656253995
11,6,22,2,23.5,23.164173789894193
11,6,22,3,28.3,53.04228700316678
11,6,22,4,26.63157894736842,39.93635287181035
11,6,22,5,23.526315789473685,20.769551487835457
8,47,108,4,22.85,18.88824474305869
11,22,65,5,12.65,12.209896762355054
12,41,22,0,21.6,30.32351875151834
12,41,22,1,25.95,29.930577570174126
12,41,22,2,12.3,11.178456724290797
12,41,22,3,35.65,55.704365320767046
12,41,22,4,17.25,15.844225247206332
12,41,22,5,17.6,18.869078018365336
12,41,22,6,12.7,15.42076522096099
8,47,108,4,17.1,17.09693724495398
11,22,65,5,20.6,15.675659979390778
12,41,22,0,14.5,13.624668030721644
12,41,22,1,36.75,110.284739126547
12,41,22,2,47.21052631578947,111.57537509453141
12,41,22,3,15.666666666666666,17.950913461928533
12,41,22,4,46.0,113.2415429902981
12,41,22,5,12.882352941176471,14.721932417914678
12,41,22,6,13.176470588235293,20.506813788707056
11,22,65,5,12.5,8.18535277187245
12,41,22,0,24.9,30.430075150814375
12,41,22,1,17.9,15.850950494495509
12,41,22,2,38.2,108.69735870513912
12,41,22,3,24.94736842105263,30.790463321927252
12,41,22,4,43.0,110.8412277890216
12,41,22,5,18.88888888888889,20.369784107230085
12,41,22,6,13.0,12.925123733620957
8,47,108,4,12.35,9.114909705936116
11,20,65,5,15.65,16.996207007199544
12,41,22,0,20.7,21.089034316939514
12,41,22,1,18.25,26.930466018990465
12,41,22,2,10.9,13.783666917196257
12,41,22,3,13.55,14.343437890767882
12,41,22,4,11.85,10.291923251294014
12,41,22,5,41.6,107.54553503173975
12,41,22,6,9.68421052631579,11.323783386105484
11,20,65,5,16.65,15.898609671090242
12,41,22,0,26.75,19.68401702691271
12,41,22,1,20.15,26.032924497542275
12,41,22,2,22.3,18.5872055599091
12,41,22,3,18.1,19.960223603852473
12,41,22,4,18.35,11.084721585659196
12,41,22,5,19.85,25.20291336542788
12,41,22,6,14.45,13.785862323409441
8,31,108,4,21.1,25.170785070248236
12,44,22,0,27.5,24.442198195571095
12,44,22,1,24.0,56.94595776052202
12,44,22,2,22.35,35.155706282345214
12,44,22,3,13.421052631578947,12.348260288953368
12,44,22,4,10.526315789473685,10.189146846046159
12,44,22,5,10.842105263157896,9.21510329052099
12,44,22,6,9.473684210526315,9.754591061834716
11,20,65,5,18.8,14.55154178845158
8,31,108,4,15.2,14.691924025768285
12,44,22,0,28.2,20.67950930905175
12,44,22,1,32.6,44.471634957458825
12,44,22,2,18.95,19.903649493444533
12,44,22,3,14.7,16.141153679500828
12,44,22,4,26.45,51.95288857781584
12,44,22,5,16.210526315789473,18.035702085241994
12,44,22,6,9.052631578947368,8.928566416038693
11,20,65,5,14.0,11.452418728672214
12,44,22,0,11.25,7.524521317175703
12,44,22,1,19.55,26.577542954037046
12,44,22,2,10.25,7.853091915390967
12,44,22,3,24.85,35.622693831172754
12,44,22,4,15.85,20.282932934392225
12,44,22,5,17.55,24.09951954096312
12,44,22,6,20.9,25.757778590063563
11,20,65,5,21.1,24.397799728232613
8,31,108,4,13.3,9.448475232042803
12,44,22,0,25.3,36.17079368481529
12,44,22,1,20.1,23.158265547270478
12,44,22,2,21.5,28.30752178262315
12,44,22,3,13.65,17.28179754295801
12,44,22,4,15.2,19.779308699536973
12,44,22,5,25.75,36.56555036758247
12,44,22,6,19.5,17.593359991470464
11,9,65,5,22.9,34.90121397375892
12,44,22,0,33.9,41.85928809714756
12,44,22,1,29.25,55.8087665250956
12,44,22,2,32.25,52.948709044448705
12,44,22,3,29.157894736842106,33.07107356032985
12,44,22,4,13.894736842105264,14.880616537563613
12,44,22,5,23.210526315789473,29.462931413648914
12,44,22,6,11.789473684210526,10.528157733580832
11,9,65,5,17.9,20.232594859207804
8,31,108,4,28.55,31.187843448166923
12,40,22,0,29.15,27.768355711985688
12,40,22,1,11.2,10.56608277760296
12,40,22,2,22.3,22.676442680270178
12,40,22,3,17.4,22.148779222626054
12,40,22,4,16.75,21.734946393696077
12,40,22,5,19.6,13.398350251940878
12,40,22,6,21.7,18.13719644092885
11,9,65,5,10.8,9.248612982780886
12,40,22,0,20.15,18.094125246086165
12,40,22,1,13.7,14.945867233734585
12,40,22,2,15.6,15.672302084619826
12,40,22,3,22.65,28.948729633067163
12,40,22,4,21.65,25.878816779264405
12,40,22,5,14.85,11.824483965595775
12,40,22,6,22.3,29.39226536281092
8,31,108,4,33.15,59.06755721874296
11,9,65,5,34.0,81.80850554158393
12,40,22,0,22.5,22.917472075161115
12,40,22,1,17.5,16.602155852399665
12,40,22,2,13.8,12.28863402969547
12,40,22,3,16.7,15.41735181028523
12,40,22,4,16.05,25.45475862863573
12,40,22,5,14.85,25.508048265513953
12,40,22,6,12.15,11.244998888394788
11,9,65,5,15.4,16.050577953194676
12,40,22,0,26.0,25.74776433830814
12,40,22,1,15.75,20.57048217330127
12,40,22,2,22.2,29.072685679716262
12,40,22,3,30.85,47.91140398254832
12,40,22,4,27.9,32.52998616661248
12,40,22,5,25.3,22.557762113714812
12,40,22,6,25.8,39.72219318691941
8,25,108,4,17.5,16.75363275610146
11,19,65,5,12.95,10.414943717158483
12,40,22,0,26.15,31.998807543571463
12,40,22,1,22.5,25.97063118621737
12,40,22,2,52.6,107.72743383187031
12,40,22,3,39.89473684210526,53.81541986461389
12,40,22,4,16.666666666666668,17.49621807873986
12,40,22,5,20.38888888888889,17.27677423897688
12,40,22,6,23.61111111111111,22.120362960773043
11,19,65,5,10.3,10.157185685643025
8,25,108,4,23.2,33.033635171315595
12,26,22,0,27.1,28.073025074653163
12,26,22,1,17.65,16.92172381414214
12,26,22,2,14.55,17.43401092239262
12,26,22,3,25.3,39.451635947668485
12,26,22,4,18.65,21.189061229546574
12,26,22,5,27.8,31.329488379245248
12,26,22,6,13.35,13.7736399653373
11,19,65,5,9.6,9.708379451738965
12,26,22,0,17.85,15.5640442586177
12,26,22,1,19.5,19.645543220309605
12,26,22,2,13.2,12.759310326189265
12,26,22,3,14.85,15.845553917341244
12,26,22,4,17.4,26.64464002581501
12,26,22,5,12.65,11.824483965595775
12,26,22,6,24.4,32.46277220058953
8,25,108,4,20.4,19.24194978631187
11,19,65,5,27.25,34.03848441180411
12,26,22,0,19.15,21.201477108422125
12,26,22,1,17.35,15.424775013287109
12,26,22,2,18.1,16.644581859066268
12,26,22,3,17.5,19.554243044736648
12,26,22,4,13.75,16.016028156029726
12,26,22,5,42.35,106.3179318439695
12,26,22,6,20.05263157894737,15.22232893632292
11,19,65,5,12.8,12.509364912988822
12,26,22,0,16.7,12.74073450745575
12,26,22,1,21.15,18.963330264930846
12,26,22,2,16.0,17.95901767328808
12,26,22,3,21.0,25.09770381612838
12,26,22,4,40.4,104.91219386254694
12,26,22,5,22.31578947368421,27.192835313693585
12,26,22,6,22.57894736842105,24.51375076580871
8,25,108,4,25.2,35.378554312791785
12,39,65,6,11.7,10.921249205586617
12,26,22,0,20.1,21.493940394544005
12,26,22,1,16.95,16.775530425373486
12,26,22,2,17.25,21.54035380640864
12,26,22,3,23.9,28.493581918149843
12,26,22,4,18.75,21.417835656539303
12,26,22,5,19.9,22.301522251560367
12,26,22,6,24.65,44.510525071102705
8,25,108,4,17.0,14.23856882222589
12,39,65,6,13.1,11.849494770486606
12,33,22,0,25.5,32.47266056562854
12,33,22,1,9.85,11.721662357407016
12,33,22,2,18.9,25.465973169578344
12,33,22,3,27.35,39.64483772062558
12,33,22,4,20.55,26.47039060813739
12,33,22,5,44.2,114.63608323275604
12,33,22,6,42.833333333333336,112.04214018158787
12,39,65,6,10.85,10.39369748301446
8,30,108,4,16.75,18.220506088066355
12,33,22,0,25.8,29.641009997707744
12,33,22,1,15.6,20.121734779245944
12,33,22,2,52.5,109.70270830989688
12,33,22,3,29.842105263157894,44.205659715439076
12,33,22,4,13.526315789473685,13.430348804325522
12,33,22,5,26.105263157894736,30.10886679450296
12,33,22,6,26.63157894736842,40.02112015523219
12,39,65,6,13.3,14.639887833910262
12,33,22,0,19.6,24.09717170562816
12,33,22,1,13.2,10.526157893552615
12,33,22,2,27.4,22.003349027387916
12,33,22,3,23.0,23.085652869716565
12,33,22,4,21.4,24.360019013042447
12,33,22,5,25.0,59.86036383029038
12,33,22,6,22.35,22.79952677255893
8,30,108,4,25.35,21.553544097384417
12,39,65,6,12.0,12.53626318871944
12,33,22,0,21.75,29.68053588677798
12,33,22,1,19.95,25.123851112774133
12,33,22,2,19.8,19.821838036819255
12,33,22,3,25.45,22.217761979290827
12,33,22,4,19.55,16.281972594834674
12,33,22,5,59.7,113.64399629869075
12,33,22,6,21.72222222222222,23.56918615369891
12,35,65,6,7.3,6.044571292098651
8,30,108,4,13.3,10.969335248294387
12,33,22,0,22.3,26.815353025733913
12,33,22,1,56.65,109.97716270112387
12,33,22,2,27.57894736842105,37.896519613684966
12,33,22,3,28.263157894736842,30.98358365554816
12,33,22,4,17.68421052631579,16.643492660893518
12,33,22,5,23.105263157894736,33.753838854668075
12,33,22,6,31.055555555555557,43.586927643938246
12,35,65,6,10.9,10.881660090068495
12,34,22,0,36.55,33.77865255484671
12,34,22,1,22.05,17.52734705358578
12,34,22,2,20.1,29.305828412576368
12,34,22,3,28.8,41.79599577899651
12,34,22,4,22.2,19.405913368976233
12,34,22,5,21.35,25.186201318223937
12,34,22,6,26.35,23.02007133374105
8,30,108,4,26.1,42.99681750768856
12,35,65,6,14.3,16.141153679500828
12,34,22,0,29.3,35.60174448712191
12,34,22,1,18.25,19.001038752768505
12,34,22,2,16.15,15.516629449519128
12,34,22,3,17.85,26.10963726088007
12,34,22,4,19.35,19.66368547134004
12,34,22,5,21.95,38.801078389788685
12,34,22,6,40.25,107.6665784041787
12,35,65,6,7.2,6.220509371595324
8,30,108,4,21.7,23.260764344594026
12,34,22,0,17.8,18.65927171817356
12,34,22,1,45.2,108.53793903758405
12,34,22,2,13.157894736842104,11.53383022963672
12,34,22,3,14.578947368421053,17.085782879581117
12,34,22,4,13.578947368421053,10.761638606507654
12,34,22,5,25.736842105263158,22.122994837607212
12,34,22,6,23.36842105263158,32.40577885075402
12,35,65,6,8.3,6.618156843109719
12,34,22,0,27.6,35.19180526620845
12,34,22,1,27.7,43.38457159672755
12,34,22,2,22.9,32.2015037242869
12,34,22,3,17.25,21.09346369201407
12,34,22,4,24.45,27.98209013674734
12,34,22,5,17.3,18.05576158227034
12,34,22,6,18.842105263157894,28.101528542638896
8,33,108,4,14.95,12.979639926884682
12,24,65,6,11.95,10.148761915674868
12,34,22,0,62.55,101.55862968334053
12,34,22,1,25.9,48.23724265489652
12,34,22,2,26.35,32.92299628239396
12,34,22,3,30.95,35.74540824394534
12,34,22,4,16.444444444444443,12.219666993740399
12,34,22,5,17.823529411764707,30.152187512097786
12,34,22,6,7.529411764705882,8.231932086840425
12,24,65,6,6.05,8.055563621693883
12,27,22,0,22.7,31.14668183729503
12,27,22,1,27.35,31.86695202837804
12,27,22,2,16.35,12.457401097550932
12,27,22,3,22.45,25.783460630901804
12,27,22,4,23.85,19.626177470543343
12,27,22,5,23.55,20.228887629744797
12,27,22,6,11.45,12.705054940952895
8,33,108,4,46.3,67.02717437922591
12,27,22,0,15.05,14.911934464504737
12,27,22,1,46.6,107.62967698744177
12,27,22,2,16.63157894736842,14.85190046318723
12,27,22,3,21.105263157894736,18.144159564878983
12,27,22,4,17.57894736842105,16.590880324489127
12,27,22,5,18.157894736842106,18.000812197400478
12,27,22,6,18.789473684210527,18.316898534681698
12,24,65,6,31.0,77.26100671033699
8,33,108,4,14.0,17.50187959830841
12,27,22,0,46.2,108.71866154630976
12,27,22,1,24.36842105263158,43.058371913169985
12,27,22,2,22.894736842105264,36.73160119455439
12,27,22,3,18.789473684210527,17.564417779414853
12,27,22,4,24.94736842105263,32.72694045551688
12,27,22,5,11.789473684210526,8.456285941820116
12,27,22,6,43.63157894736842,110.00212650788761
12,24,65,6,10.9,11.46573843652195
12,27,22,0,18.1,24.6360882062324
12,27,22,1,14.85,18.267817546021664
12,27,22,2,12.35,15.65171925986004
12,27,22,3,9.25,13.258066065210027
12,27,22,4,10.35,9.10335392213106
12,27,22,5,17.1,26.389591249501944
12,27,22,6,23.0,38.08715766432786
8,33,108,4,31.35,65.28341048237696
12,24,65,6,30.4,76.43944972122843
12,27,22,0,40.15,109.07856897909102
12,27,22,1,18.894736842105264,20.69593287162723
12,27,22,2,18.736842105263158,20.821575629522048
12,27,22,3,17.210526315789473,16.08511716314329
12,27,22,4,11.210526315789474,14.30065634612008
12,27,22,5,21.473684210526315,26.071202548773645
12,27,22,6,17.157894736842106,16.925533498549648
12,45,65,6,18.0,42.81416391311346
12,38,22,0,20.4,40.72940228540453
12,38,22,1,41.15,108.74803083516646
12,38,22,2,46.73684210526316,113.1198195156422
12,38,22,3,17.61111111111111,24.374863834042326
12,38,22,4,15.88888888888889,17.350670062968373
12,38,22,5,20.333333333333332,29.67867128784179
12,38,22,6,11.944444444444445,13.1796287648433
8,33,108,4,28.5,27.126409737802714
12,45,65,6,10.4,13.00769003320728
12,38,22,0,13.95,9.59426912276282
12,38,22,1,23.25,31.10064308016797
12,38,22,2,22.15,22.893977603865952
12,38,22,3,32.95,41.46587055703319
12,38,22,4,23.95,34.221376821790024
12,38,22,5,21.15,27.4998086117742
12,38,22,6,21.0,18.88747844751287
8,30,108,4,20.7,22.29727384799836
12,45,65,6,11.25,14.842595176684814
12,38,22,0,15.4,20.218282502933356
12,38,22,1,42.65,109.03803054559981
12,38,22,2,11.473684210526315,13.334868332694269
12,38,22,3,43.421052631578945,110.72203222960023
12,38,22,4,19.166666666666668,26.01639754417338
12,38,22,5,12.444444444444445,16.29948473462824
12,38,22,6,39.22222222222222,112.39298468559304
12,38,22,0,14.2,18.757735246530892
12,38,22,1,12.8,12.688992328620483
12,38,22,2,13.45,15.01043496687344
12,38,22,3,11.85,18.6442456199451
12,38,22,4,15.1,32.004769381420246
12,38,22,5,12.9,16.73288599388075
12,38,22,6,8.95,9.544769854687297
12,45,65,6,13.35,18.929995690493573
8,30,108,4,17.7,17.220245123263
12,38,22,0,44.3,76.56995425581005
12,38,22,1,26.65,37.957420743165414
12,38,22,2,18.68421052631579,26.08970131335127
12,38,22,3,22.68421052631579,47.94794936129402
12,38,22,4,16.0,23.306146626764264
12,38,22,5,11.61111111111111,14.733470853763304
12,38,22,6,24.77777777777778,24.305786180044976
12,45,65,6,11.05,13.311945565425141
12,37,22,0,26.95,42.564471223384366
12,37,22,1,44.05,108.19790590443635
12,37,22,2,19.94736842105263,20.134198889260052
12,37,22,3,20.789473684210527,21.993885380988207
12,37,22,4,16.210526315789473,20.932640507028523
12,37,22,5,16.63157894736842,17.25047672872901
12,37,22,6,11.61111111111111,15.673653010476228
8,30,108,4,33.7,65.86117776689166
12,41,65,6,6.5,5.717010628494212
12,37,22,0,21.15,29.137198145831963
12,37,22,1,18.95,36.42508534108415
12,37,22,2,58.45,117.88061534316917
12,37,22,3,25.526315789473685,40.031055196146895
12,37,22,4,17.22222222222222,22.910453703252777
12,37,22,5,43.666666666666664,111.21679940813003
12,37,22,6,13.823529411764707,10.266665075120834
12,41,65,6,10.4,9.35498741173307
8,30,108,4,22.55,22.64712134605981
12,37,22,0,26.65,55.75158718533681
12,37,22,1,53.4,108.01189018368595
12,37,22,2,59.73684210526316,115.22868185832473
12,37,22,3,52.0,67.6359741557701
12,37,22,4,26.058823529411764,37.35717900925352
12,37,22,5,20.764705882352942,16.37654348361058
12,37,22,6,23.8125,25.794621532404772
12,41,65,6,26.05,76.99656520021902
8,30,108,4,25.3,20.002894527384885
12,37,22,0,18.5,21.551651542527463
12,37,22,1,24.0,22.15258093553126
12,37,22,2,11.8,15.565143244137726
12,37,22,3,31.1,25.98967406287999
12,37,22,4,27.75,33.15335181911635
12,37,22,5,21.35,16.626785618392994
12,37,22,6,23.35,17.765356589070823
12,41,65,6,26.85,76.72731963875297
12,37,22,0,12.05,8.982292521810255
12,37,22,1,12.75,13.82551036461603
12,37,22,2,10.1,9.089612347706526
12,37,22,3,13.65,20.84346420343797
12,37,22,4,6.65,5.37317900609862
12,37,22,5,16.4,18.18443521835436
12,37,22,6,15.7,16.238680267869842
12,35,22,0,14.3,15.798400985043092
12,35,22,1,15.15,17.03950518184449
12,35,22,2,15.7,22.360915149335668
12,35,22,3,17.3,20.678236716030952
12,35,22,4,7.8,8.08246965905061
12,35,22,5,12.0,14.465930937714894
12,35,22,6,12.05,15.866134076274403
12,41,65,6,9.8,10.787907460134289
8,43,108,4,29.5,40.09528125537179
12,35,22,0,22.05,17.218334781028595
12,35,22,1,16.65,18.63295044015475
12,35,22,2,12.8,20.687143223191597
12,35,22,3,19.3,27.56637921740711
12,35,22,4,13.8,12.133468285349368
12,35,22,5,23.0,31.261208516222414
12,35,22,6,15.3,13.588307667371897
12,37,65,6,12.05,16.64639995851798
12,35,22,0,24.5,26.632983112555834
12,35,22,1,22.95,18.838580234804265
12,35,22,2,16.9,16.612930917938908
12,35,22,3,44.15,104.14780741558454
12,35,22,4,21.63157894736842,26.113450187628487
12,35,22,5,23.42105263157895,26.293885621045654
12,35,22,6,36.10526315789474,55.7094593372537
8,43,108,4,50.9,100.16244700222578
12,37,65,6,7.95,8.556161214986666
12,35,22,0,17.55,20.612911130239652
12,35,22,1,21.8,32.649010624165044
12,35,22,2,18.95,20.01440270878633
12,35,22,3,15.75,17.332278982777833
12,35,22,4,14.6,13.933677490922939
12,35,22,5,13.35,16.24896757853929
12,35,22,6,10.6,9.326814766264555
12,37,65,6,25.5,76.71581186087835
12,35,22,0,14.8,12.697285246523325
12,35,22,1,20.5,27.337077193322703
12,35,22,2,22.2,24.66747272272366
12,35,22,3,40.55,105.6147293355978
12,35,22,4,32.526315789473685,40.48918706279305
12,35,22,5,18.526315789473685,18.108832777443265
12,35,22,6,21.0,30.55414138141597
8,43,108,4,30.3,65.8268062498298
12,42,22,0,22.35,23.213596288200993
12,42,22,1,27.05,29.267325053538354
12,42,22,2,21.7,24.791976630820663
12,42,22,3,15.7,18.719817812878638
12,42,22,4,21.75,35.94275419256805
12,42,22,5,22.55,18.980530190587128
12,42,22,6,21.4,29.135617558691212
12,37,65,6,12.55,7.549660152685857
8,43,108,4,18.7,18.379336223052235
12,42,22,0,43.6,110.65327545274496
12,42,22,1,21.210526315789473,23.160260378905793
12,42,22,2,17.63157894736842,21.830688201896454
12,42,22,3,19.157894736842106,16.820170292091895
12,42,22,4,25.263157894736842,47.707257897937815
12,42,22,5,14.842105263157896,12.932573679987447
12,42,22,6,16.333333333333332,13.962133664687078
12,37,65,6,8.2,6.1609978685958104
12,42,22,0,18.05,13.116783142218978
12,42,22,1,25.9,25.260537144766047
12,42,22,2,19.5,22.591335087874544
12,42,22,3,17.9,20.759018331926566
12,42,22,4,11.35,10.261194144111975
12,42,22,5,29.05,59.934591540761296
12,42,22,6,12.5,17.57540147029664
12,43,65,6,12.6,13.461054936371072
8,43,108,4,28.45,65.0978817668157
12,42,22,0,21.2,14.799004233927006
12,42,22,1,16.5,13.52385806055747
12,42,22,2,13.9,10.274649436970178
12,42,22,3,30.95,62.0351979885104
12,42,22,4,12.25,12.121642237185347
12,42,22,5,22.8,18.46932022229525
12,42,22,6,15.9,22.149967328002518
12,43,65,6,8.3,7.595705157660168
12,42,22,0,24.0,27.23774470917343
12,42,22,1,29.35,35.40781210262415
12,42,22,2,23.8,35.01067506377237
12,42,22,3,23.4,49.46386240691811
12,42,22,4,13.947368421052632,14.53529682535481
12,42,22,5,17.42105263157895,19.853115595049793
12,42,22,6,17.736842105263158,19.395996451911746
8,46,108,4,34.25,40.23859760034021
12,43,65,6,11.35,13.796548004559158
12,47,22,0,53.4,109.48511073969925
12,47,22,1,14.526315789473685,11.16227984007166
12,47,22,2,26.68421052631579,25.558326826602684
12,47,22,3,12.421052631578947,15.756183228863529
12,47,22,4,26.263157894736842,17.7352195277055
12,47,22,5,22.736842105263158,41.28335971640007
12,47,22,6,18.57894736842105,14.423421498358087
12,43,65,6,10.45,11.482137156653831
8,46,108,4,21.75,18.953891421024867
12,47,22,0,32.75,34.08020725165546
12,47,22,1,33.2,31.963136661835268
12,47,22,2,22.55,24.178013065375605
12,47,22,3,33.8,47.82600041598161
12,47,22,4,26.6,27.31569820489772
12,47,22,5,17.3,16.91806882098483
12,47,22,6,28.5,26.114122011299795
12,43,65,6,10.8,10.13384116917693
12,47,22,0,16.0,16.283669572207675
12,47,22,1,43.85,108.65991126348978
12,47,22,2,12.473684210526315,13.209291431297862
12,47,22,3,19.42105263157895,34.23824338282442
12,47,22,4,24.894736842105264,40.97003611969512
12,47,22,5,12.631578947368421,18.8361665311879
12,47,22,6,16.210526315789473,21.570501841811712
8,46,108,4,19.35,12.823805987303459
12,44,65,6,11.15,10.408877789757419
12,47,22,0,27.15,41.57842937718649
12,47,22,1,19.3,16.635725665598503
12,47,22,2,15.1,13.234325385944409
12,47,22,3,22.0,31.871452330953012
12,47,22,4,17.15,14.769367302843945
12,47,22,5,14.25,17.67506420743195
12,47,22,6,17.35,20.999436082654068
12,47,22,0,14.95,13.605242797500798
12,47,22,1,45.65,108.48345738551934
12,47,22,2,28.157894736842106,58.23159046990706
12,47,22,3,13.0,12.935738607954837
12,47,22,4,26.57894736842105,38.79334964408445
12,47,22,5,19.36842105263158,22.64020643387381
12,47,22,6,13.789473684210526,22.22505829855726
12,44,65,6,10.45,7.950339284385422
8,46,108,4,30.15,32.881405719726516
12,44,65,6,5.4,3.9656419139243626
12,34,22,0,27.75,27.22977279221752
12,34,22,1,37.65,79.33226263467368
12,34,22,2,51.05,110.37804653958476
12,34,22,3,26.666666666666668,37.504509532776424
12,34,22,4,12.222222222222221,11.027001915381625
12,34,22,5,21.833333333333332,24.137473916274327
12,34,22,6,15.333333333333334,19.74543878826643
8,46,108,4,29.1,32.03599948741876
12,34,22,0,30.1,24.83821334366188
12,34,22,1,21.05,24.970456227520682
12,34,22,2,18.85,20.171044906786037
12,34,22,3,23.4,28.398294982176957
12,34,22,4,27.8,43.739179112938146
12,34,22,5,31.65,42.25645388265374
12,34,22,6,13.631578947368421,21.17968241896986
12,44,65,6,16.15,19.677063858850058
12,34,22,0,21.5,19.467922333931785
12,34,22,1,16.9,18.30703057355432
12,34,22,2,11.85,12.171039829296255
12,34,22,3,15.9,19.700120224052064
12,34,22,4,16.15,17.451511772849212
12,34,22,5,15.7,13.84918770181125
12,34,22,6,13.0,14.260730032247002
8,42,108,4,13.35,12.18400590938793
12,44,65,6,30.6,78.0387218325823
12,34,22,0,47.35,110.95673647156829
12,34,22,1,17.57894736842105,17.852219872776743
12,34,22,2,18.42105263157895,16.637694115984825
12,34,22,3,27.94736842105263,66.79527069437255
12,34,22,4,41.89473684210526,111.27638001183364
12,34,22,5,31.11764705882353,41.84328254472451
12,34,22,6,17.352941176470587,13.200100266998867
12,33,65,6,11.75,12.294093575457495
12,34,22,0,18.95,18.913862919200714
12,34,22,1,20.4,22.84132911608853
12,34,22,2,22.35,36.04277429593023
12,34,22,3,13.3,18.66068199802941
12,34,22,4,11.3,12.941569090582323
12,34,22,5,14.5,15.59183321992301
12,34,22,6,15.5,15.769724491135406
8,42,108,4,28.1,24.653173170373446
12,33,65,6,11.9,12.891857895586654
12,27,22,0,20.0,25.27740826154953
12,27,22,1,35.6,109.71273495144634
12,27,22,2,18.94736842105263,23.980255035736118
12,27,22,3,37.526315789473685,110.94561651801031
12,27,22,4,12.38888888888889,11.571460271307917
12,27,22,5,14.5,22.09405030372497
12,27,22,6,13.5,18.586047898103253
8,42,108,4,22.25,18.541205888222958
12,33,65,6,11.45,14.460381446523025
12,27,22,0,20.9,23.69521381829539
12,27,22,1,20.25,14.414448161115075
12,27,22,2,28.2,33.02885500827867
12,27,22,3,20.2,22.01339305250807
12,27,22,4,14.6,14.065261424778722
12,27,22,5,32.6,36.1828688746484
12,27,22,6,17.15,18.49971550279113
12,27,22,0,18.65,14.309639739479264
12,27,22,1,17.25,31.70235754142286
12,27,22,2,21.4,21.56361457836349
12,27,22,3,18.3,26.034592372457077
12,27,22,4,18.45,16.860027470789884
12,27,22,5,17.6,15.540778277605156
12,27,22,6,22.55,20.36890044315495
12,33,65,6,27.1,76.8819327212016
8,42,108,4,27.55,26.18451732166207
12,27,22,0,27.45,25.320004573043573
12,27,22,1,33.35,35.59904640946381
12,27,22,2,34.6,33.34571699791839
12,27,22,3,29.05,18.980530190587128
12,27,22,4,28.35,28.07372811947704
12,27,22,5,29.05,24.987312570056112
12,27,22,6,27.45,35.754241559200835
12,33,65,6,11.6,13.58946960740287
8,42,108,4,7.75,9.340770846134701
12,27,22,0,15.45,16.63691203635047
12,27,22,1,39.05,64.59303775420219
12,27,22,2,24.45,33.238333924931666
12,27,22,3,18.2,19.313480429891175
12,27,22,4,16.7,16.686269174005563
12,27,22,5,12.7,15.718242837376474
12,27,22,6,11.95,15.66583611086978
12,39,65,6,9.55,8.016266357587519
12,24,22,0,24.65,29.972399584319326
12,24,22,1,14.9,18.495803222409812
12,24,22,2,39.85,109.28296202736128
12,24,22,3,23.0,28.08716591058786
12,24,22,4,17.68421052631579,17.801537485343935
12,24,22,5,18.42105263157895,22.291791686811248
12,24,22,6,16.94736842105263,22.07178612369326
12,39,65,6,10.8,12.155137531967814
8,25,108,4,15.25,17.31708921693737
12,24,22,0,51.5,109.46833235906028
12,24,22,1,30.736842105263158,39.71403628898192
12,24,22,2,23.68421052631579,24.018633117688132
12,24,22,3,13.263157894736842,14.57105999828716
12,24,22,4,22.36842105263158,23.791246117277367
12,24,22,5,19.105263157894736,19.90224648638134
12,24,22,6,20.526315789473685,20.15872686966734
12,39,65,6,14.5,13.640111127807844
8,25,108,4,15.6,15.523835662754564
12,24,22,0,45.45,72.64729139732893
12,24,22,1,20.9,20.652258701500042
12,24,22,2,24.2,24.056074842793976
12,24,22,3,20.8,24.328021530304255
12,24,22,4,18.736842105263158,21.403120502661803
12,24,22,5,16.05263157894737,15.349533775802538
12,24,22,6,17.789473684210527,18.620714114986214
12,39,65,6,8.45,9.68707766481773
12,24,22,0,32.45,51.17922584305801
12,24,22,1,26.15,25.30503382416442
12,24,22,2,32.9,62.631671826556506
12,24,22,3,58.78947368421053,108.99825633027775
12,24,22,4,22.0,23.817936888972113
12,24,22,5,22.666666666666668,25.395692084890857
12,24,22,6,26.5,28.95686447114052
8,25,108,4,30.25,65.11275645087973
12,39,65,6,10.35,11.91317271806828
12,24,22,0,23.75,35.75924613593701
12,24,22,1,20.15,18.929995690493573
12,24,22,2,16.0,17.56791333503693
12,24,22,3,21.85,23.193181847485402
12,24,22,4,16.05,20.91203380579557
12,24,22,5,52.85,109.76207522589364
12,24,22,6,12.31578947368421,11.580887663056208
12,40,65,6,11.4,8.635300866364274
8,25,108,4,12.5,17.479311078800382
12,43,22,0,29.6,52.878609743648255
12,43,22,1,20.9,23.728508281456676
12,43,22,2,20.05,22.153709443460325
12,43,22,3,35.1,37.06594407979265
12,43,22,4,29.05263157894737,32.62833411522113
12,43,22,5,26.263157894736842,34.73045750292635
12,43,22,6,18.736842105263158,18.32376145659315
12,40,65,6,8.75,7.318865313262993
12,43,22,0,24.3,38.54880706735022
12,43,22,1,18.1,17.07537469728356
12,43,22,2,22.15,23.28151514331533
12,43,22,3,16.85,13.295329611321572
12,43,22,4,28.2,25.26199558729737
12,43,22,5,27.35,28.297805382638497
12,43,22,6,15.5,16.75363275610146
8,25,108,4,25.9,35.20900004559242
12,40,65,6,8.25,8.704959264090423
12,43,22,0,25.0,31.469283269144913
12,43,22,1,46.9,108.47066059781473
12,43,22,2,19.105263157894736,18.793895985553114
12,43,22,3,21.842105263157894,23.58027225809918
12,43,22,4,22.263157894736842,26.824205704846257
12,43,22,5,20.894736842105264,22.659054449336843
12,43,22,6,15.842105263157896,23.984400388342088
12,40,65,6,28.25,76.68519036328092
8,45,108,4,11.95,15.428869044748549
12,43,22,0,51.7,112.38566119441245
12,43,22,1,20.157894736842106,20.067284480784853
12,43,22,2,23.05263157894737,18.569609833185112
12,43,22,3,17.157894736842106,16.510142195681944
12,43,22,4,21.736842105263158,26.780677332034994
12,43,22,5,15.68421052631579,19.3994634278
12,43,22,6,15.210526315789474,15.112830999475694
12,40,65,6,9.15,7.065669409937484
12,43,22,0,22.05,32.857707579324845
12,43,22,1,49.6,118.59280176966453
12,43,22,2,19.63157894736842,25.951258856889968
12,43,22,3,12.31578947368421,8.660591662999495
12,43,22,4,24.842105263157894,26.064584652348003
12,43,22,5,22.68421052631579,34.05070179009033
12,43,22,6,17.0,21.33486514108386
8,45,108,4,30.45,67.23366559599205
12,26,65,6,9.4,10.85502551574009
12,39,22,0,44.0,109.01279499987243
12,39,22,1,48.78947368421053,111.86776864145772
12,39,22,2,14.38888888888889,14.990737881179239
12,39,22,3,21.22222222222222,18.819750437663824
12,39,22,4,24.27777777777778,18.207320943722404
12,39,22,5,16.5,9.72111104761179
12,39,22,6,19.27777777777778,16.013984901276153
12,26,65,6,27.35,76.24287714789804
8,45,108,4,19.3,22.285468477533914
12,39,22,0,26.1,29.6415426830585
12,39,22,1,21.65,22.923844171057944
12,39,22,2,28.7,48.91356501120382
12,39,22,3,29.1,50.56720385055078
12,39,22,4,16.85,14.928866421519718
12,39,22,5,14.1,12.561009010761081
12,39,22,6,14.368421052631579,11.696203212608923
12,26,65,6,29.1,77.33651687337141
12,39,22,0,36.0,58.89955767861795
12,39,22,1,20.6,28.91257238824078
12,39,22,2,27.7,38.15080877945205
12,39,22,3,30.35,41.70355910597156
12,39,22,4,18.7,19.56662034125841
12,39,22,5,25.8,49.077382506448025
12,39,22,6,22.05,28.188230093240577
8,45,108,4,36.0,66.5693148846413
12,39,22,0,25.05,35.698260314386246
12,39,22,1,17.65,19.120875888327976
12,39,22,2,43.1,107.81948852254473
12,39,22,3,16.473684210526315,22.197017870407304
12,39,22,4,10.0,11.284207253207171
12,39,22,5,19.105263157894736,27.606148141395572
12,39,22,6,12.578947368421053,9.697169056961844
12,26,65,6,18.2,30.925377077222855
12,39,22,0,24.25,35.36110709150439
12,39,22,1,27.05,32.897728285031924
12,39,22,2,16.4,20.02472156321307
12,39,22,3,19.25,24.719212642885907
12,39,22,4,28.05,46.967485954031055
12,39,22,5,12.7,11.429877744891145
12,39,22,6,12.578947368421053,13.716639487513307
8,45,108,4,31.6,65.25528815030201
12,26,65,6,14.75,12.640265653437577
12,29,22,0,24.25,25.973417585151008
12,29,22,1,19.85,21.8494248990918
12,29,22,2,16.55,18.89158821441855
12,29,22,3,28.9,35.521527942480475
12,29,22,4,21.1,21.319375916608912
12,29,22,5,17.95,14.42028906929765
12,29,22,6,17.1,15.2863888544851
12,28,65,6,7.5,11.971457282790773
8,31,108,4,21.5,21.726772231027493
12,29,22,0,28.35,35.6064379158128
12,29,22,1,24.2,18.432237206076003
12,29,22,2,25.75,43.192195932525635
12,29,22,3,30.2,33.07662555181131
12,29,22,4,20.1,20.36483036485877
12,29,22,5,28.8,30.5968694649082
12,29,22,6,28.263157894736842,30.85781389474266
12,28,65,6,15.35,27.673424454747764
12,29,22,0,15.2,19.69931871651243
12,29,22,1,14.65,18.451287217969373
12,29,22,2,21.2,22.108821768696764
12,29,22,3,45.25,108.37259072778797
12,29,22,4,19.42105263157895,24.023867274658535
12,29,22,5,21.31578947368421,19.157396690396542
12,29,22,6,18.05263157894737,18.44955188919993
8,31,108,4,23.65,27.511289548684896
12,28,65,6,12.8,14.303477677970854
12,29,22,0,27.8,41.70649324682391
12,29,22,1,25.5,31.43665309626228
12,29,22,2,13.2,13.60959413912035
12,29,22,3,14.4,15.010171989617398
12,29,22,4,20.25,18.842491175112983
12,29,22,5,14.15,13.51519612568717
12,29,22,6,12.85,9.460583046458996
12,28,65,6,13.25,17.371710214871584
8,31,108,4,22.35,37.270384743752885
12,29,22,0,24.75,30.525011315140794
12,29,22,1,20.35,22.14848218632362
12,29,22,2,45.4,106.73400286891265
12,29,22,3,18.05263157894737,17.45939315545432
12,29,22,4,28.473684210526315,40.36826093886223
12,29,22,5,42.26315789473684,111.23091202302392
12,29,22,6,17.833333333333332,9.024476520584905
12,28,65,6,30.8,76.78171383179311
12,45,22,0,13.05,11.278647735293541
12,45,22,1,42.25,108.77977511322686
12,45,22,2,48.26315789473684,112.62318791501308
12,45,22,3,15.0,23.43451451573587
12,45,22,4,22.333333333333332,24.629012064922897
12,45,22,5,27.5,32.324185081397964
12,45,22,6,22.333333333333332,36.82869725060161
8,31,108,4,16.2,15.72995800844263
12,32,65,6,14.25,17.069131880616972
12,45,22,0,48.0,110.58790264095941
12,45,22,1,36.89473684210526,42.28461072415788
12,45,22,2,22.31578947368421,40.828982940470326
12,45,22,3,16.157894736842106,16.310402808210526
12,45,22,4,13.31578947368421,17.35592320147328
12,45,22,5,10.842105263157896,10.012565205196124
12,45,22,6,13.736842105263158,13.361811692128672
12,32,65,6,10.25,10.562470803447656
8,31,108,4,25.95,43.70171019175577
12,45,22,0,26.6,35.495589051391484
12,45,22,1,12.45,15.222818744447947
12,45,22,2,41.85,108.53341711924004
12,45,22,3,12.947368421052632,12.976361774868973
12,45,22,4,26.63157894736842,25.641135627294474
12,45,22,5,25.05263157894737,29.898854835391877
12,45,22,6,27.105263157894736,28.959540237376594
12,32,65,6,10.6,11.545789845562528
12,45,22,0,23.95,22.910523897614343
12,45,22,1,18.8,16.60247286590639
12,45,22,2,49.7,109.20290144593469
12,45,22,3,14.473684210526315,14.365732456295014
12,45,22,4,41.8421052631579,110.75963121296833
12,45,22,5,20.555555555555557,15.583634787898951
12,45,22,6,21.166666666666668,29.003549478519712
8,46,108,4,23.05,25.568226581566343
12,32,65,6,10.6,12.457929201917949
12,45,22,0,24.2,38.73880143786208
12,45,22,1,26.6,27.079609730531473
12,45,22,2,20.9,24.574055638545214
12,45,22,3,13.1,17.684069548310244
12,45,22,4,21.95,23.95055213076352
12,45,22,5,23.4,30.098784728046134
12,45,22,6,18.473684210526315,17.382521301112384
12,34,22,0,21.3,36.08484154702199
12,34,22,1,19.1,16.758030282445738
12,34,22,2,14.7,13.623122758171508
12,34,22,3,24.6,32.09754868489099
12,34,22,4,23.8,53.92158048597299
12,34,22,5,17.1,18.789414713161182
12,34,22,6,27.45,41.10125494306393
8,46,108,4,17.1,15.884119842090552
12,32,65,6,14.95,13.998026176647379
12,34,22,0,24.9,31.71567767723584
12,34,22,1,24.9,25.428744613755097
12,34,22,2,15.0,15.338290579290016
12,34,22,3,18.4,14.87633231538926
12,34,22,4,13.75,12.345359238873613
12,34,22,5,49.1,104.65527371226675
12,34,22,6,17.526315789473685,19.00984663288602
12,44,65,6,14.5,18.016074693684555
8,46,108,4,14.0,16.71431784586591
12,34,22,0,23.4,30.00596431939561
12,34,22,1,22.75,30.6179771754404
12,34,22,2,18.9,18.090125250504688
12,34,22,3,31.3,42.1439887703298
12,34,22,4,55.65,107.6178790663375
12,34,22,5,16.736842105263158,17.37764242181174
12,34,22,6,21.63157894736842,30.6398624277369
12,44,65,6,5.5,6.082762530298219
8,46,108,4,26.25,28.179639906555902
12,44,65,6,7.35,5.742500830602786
12,34,22,0,19.8,19.373340336386846
12,34,22,1,32.0,44.6070563216652
12,34,22,2,35.95,55.54464775958924
12,34,22,3,21.4,18.036220866852755
12,34,22,4,15.85,12.330001920860393
12,34,22,5,55.55,106.69902332705473
12,34,22,6,15.31578947368421,12.481331088108918
12,34,22,0,26.65,36.10551058684592
12,34,22,1,24.95,37.110751740389766
12,34,22,2,10.6,8.86388295571594
12,34,22,3,10.5,14.677229051547126
12,34,22,4,16.6,16.747034301473704
12,34,22,5,17.7,18.62398001445844
12,34,22,6,15.1,14.35233338813625
12,44,65,6,12.55,19.66957308289018
8,46,108,4,14.0,12.333096251870197
13,21,22,0,24.65,28.243816277102795
13,21,22,1,20.0,19.466570535691503
13,21,22,2,21.55,31.754775852990743
13,21,22,3,17.3,23.559778392309568
13,21,22,4,13.6,13.61268758026477
13,21,22,5,19.2,22.62881256042254
13,21,22,6,38.4,42.9986535896918
12,44,65,6,8.0,9.851529403039276
8,47,108,4,16.0,17.59784675823482
13,21,22,0,45.7,108.59102415170321
13,21,22,1,30.57894736842105,56.1825554079177
13,21,22,2,32.1578947368421,51.92223154540809
13,21,22,3,22.61111111111111,16.603114126356253
13,21,22,4,13.222222222222221,11.404620093502642
13,21,22,5,30.27777777777778,61.0735386577772
13,21,22,6,22.77777777777778,24.462589819019467
12,40,65,6,11.8,9.316651759081694
12,40,65,6,11.75,14.574220210249402
13,21,22,0,17.15,24.35758824808314
13,21,22,1,38.15,109.52734578033109
13,21,22,2,40.578947368421055,112.01702042768802
13,21,22,3,57.166666666666664,115.21807966787566
13,21,22,4,27.058823529411764,44.31347225764882
13,21,22,5,22.294117647058822,27.41296387177596
13,21,22,6,35.625,36.67674104024693
8,47,108,4,23.75,33.54945289380565
12,40,65,6,15.15,25.29047043328459
13,21,22,0,35.75,44.44852137733694
13,21,22,1,23.85,31.896667042514846
13,21,22,2,19.25,24.937553587859586
13,21,22,3,16.0,25.52192040291309
13,21,22,4,53.4,110.26017079234865
13,21,22,5,20.736842105263158,20.80556043535573
13,21,22,6,32.0,29.74521436765548
8,47,108,4,22.05,23.036527059159077
13,21,22,0,18.8,25.5972860403516
13,21,22,1,16.5,16.79755621323656
13,21,22,2,15.95,17.969198793022407
13,21,22,3,24.5,27.857721220138362
13,21,22,4,13.2,15.866548724314704
13,21,22,5,10.25,12.353882833046118
13,21,22,6,26.45,23.46660561196204
12,40,65,6,10.6,13.068241938700897
13,11,22,0,22.25,19.811944828681934
13,11,22,1,41.15,108.6889695657437
13,11,22,2,18.157894736842106,26.72964055520624
13,11,22,3,15.631578947368421,17.34362042915617
13,11,22,4,12.736842105263158,13.473604257803716
13,11,22,5,15.736842105263158,15.135837183699552
13,11,22,6,19.31578947368421,22.385641805950694
12,40,65,6,11.3,11.365228596584918
8,47,108,4,16.4,15.41496197308248
13,11,22,0,24.85,30.088072475038302
13,11,22,1,21.15,20.3451145047288
13,11,22,2,21.0,21.161036687369798
13,11,22,3,32.4,30.48968764404744
13,11,22,4,12.85,14.26174492904191
13,11,22,5,13.05,10.333771920516881
13,11,22,6,20.3,23.855044705360264
12,39,65,6,16.45,28.577641241840947
8,47,108,4,24.4,65.72382408709629
13,11,22,0,30.75,27.12713731574654
13,11,22,1,14.0,16.895966507143836
13,11,22,2,15.3,10.780586840779074
13,11,22,3,29.65,36.93988715681052
13,11,22,4,24.1,33.38278787512795
13,11,22,5,24.7,24.15759660405419
13,11,22,6,29.65,30.054818336884985
12,39,65,6,9.2,8.062910536263534
13,11,22,0,34.65,94.83296950566907
13,11,22,1,14.0,11.341586262395944
13,11,22,2,16.1,16.5685180228554
13,11,22,3,15.052631578947368,13.3436363701559
13,11,22,4,11.0,9.225568335398696
13,11,22,5,32.78947368421053,49.16590840925857
13,11,22,6,19.210526315789473,22.680336435306984
12,39,65,6,18.1,23.951486054325027
8,24,108,4,33.55,67.03689086497155
13,11,22,0,21.05,17.20916218640218
13,11,22,1,19.75,19.748084517371886
13,11,22,2,13.25,11.07332023616366
13,11,22,3,13.2,16.50709576292316
13,11,22,4,17.15,23.074878114520995
13,11,22,5,19.55,22.34060499581306
13,11,22,6,26.8,23.814193025876065
13,23,22,0,20.45,24.125712424714006
13,23,22,1,44.35,110.08287547881464
13,23,22,2,17.736842105263158,15.555785294878264
13,23,22,3,12.736842105263158,18.82622905907594
13,23,22,4,16.842105263157894,16.657541361513296
13,23,22,5,34.26315789473684,39.32180919493116
13,23,22,6,15.0,18.34545054108935
12,39,65,6,7.7,7.455834875063324
8,24,108,4,44.15,69.95432720523328
12,39,65,6,15.05,17.015395505556913
13,23,22,0,44.85,28.78829257656112
13,23,22,1,38.25,58.85385557284649
13,23,22,2,25.2,26.383008886302882
13,23,22,3,33.8,41.04887972059395
13,23,22,4,27.15,32.29351409542757
13,23,22,5,30.894736842105264,34.7673134117571
13,23,22,6,20.210526315789473,28.314854655322648
13,23,22,0,21.25,30.50258832848193
13,23,22,1,15.1,16.025965772688036
13,23,22,2,16.25,21.035996717406494
13,23,22,3,11.25,11.111279238494076
13,23,22,4,13.25,17.250095346799803
13,23,22,5,11.3,12.48620291193022
13,23,22,6,12.1,13.544857248961202
12,36,65,6,11.55,10.73839643032128
8,24,108,4,29.65,65.57380333799867
13,23,22,0,18.55,21.134842770822033
13,23,22,1,11.75,16.79246384856204
13,23,22,2,16.25,24.55043144652506
13,23,22,3,20.8,28.603643492615266
13,23,22,4,17.6,26.041262803885925
13,23,22,5,20.25,38.09941980494826
13,23,22,6,16.15,13.929427388389696
12,36,65,6,26.95,77.81859810177973
13,23,22,0,33.65,42.383307290041735
13,23,22,1,16.95,20.19503586736628
13,23,22,2,15.5,10.560602056202747
13,23,22,3,18.55,25.44441826909453
13,23,22,4,21.15,23.44147247036643
13,23,22,5,27.35,33.269671664018254
13,23,22,6,18.05263157894737,22.650665146501712
8,24,108,4,25.5,24.928318287272788
12,36,65,6,12.4,22.6283473825014
13,14,22,0,14.25,14.241802813142058
13,14,22,1,19.1,32.736427480874056
13,14,22,2,35.9,110.08652099718276
13,14,22,3,18.42105263157895,24.755057372122494
13,14,22,4,15.631578947368421,20.183080169939345
13,14,22,5,19.526315789473685,25.658804902135408
13,14,22,6,20.63157894736842,14.941406026043456
13,14,22,0,23.3,29.59213978140319
13,14,22,1,26.65,34.82176421662025
13,14,22,2,14.45,18.236675020120135
13,14,22,3,16.95,19.570318556964082
13,14,22,4,16.2,16.605642668112928
13,14,22,5,15.8,15.776731700764095
13,14,22,6,25.0,23.579652245103194
8,24,108,4,19.15,20.486902105851357
12,36,65,6,25.3,76.88823056879382
13,14,22,0,22.15,18.34831126604815
13,14,22,1,17.65,13.087860988838395
13,14,22,2,13.65,15.458858812650877
13,14,22,3,25.2,27.04888362323217
13,14,22,4,16.5,17.635192088548397
13,14,22,5,18.35,18.44272784938052
13,14,22,6,29.0,28.477137644451783
12,36,65,6,5.9,5.95509512054483
8,27,108,4,21.75,17.53455235572866
13,14,22,0,41.7,40.03827116515818
13,14,22,1,33.1,46.823183641394884
13,14,22,2,26.5,29.10868924348337
13,14,22,3,30.4,40.52471630473121
13,14,22,4,14.65,13.857450969367385
13,14,22,5,31.25,39.66023462520508
13,14,22,6,28.05263157894737,31.22939086503561
12,34,65,6,10.8,10.778145529386379
8,27,108,4,10.6,7.809575768517168
13,14,22,0,30.75,46.677927839273465
13,14,22,1,21.8,23.5653626280071
13,14,22,2,40.45,108.48064343466996
13,14,22,3,31.68421052631579,38.22310620492814
13,14,22,4,16.57894736842105,10.715076551153334
13,14,22,5,21.36842105263158,22.259106816251858
13,14,22,6,18.105263157894736,10.529823976803039
12,34,65,6,19.15,16.32329623574846
13,6,22,0,57.1,108.40465128882909
13,6,22,1,21.0,19.94436706886879
13,6,22,2,14.578947368421053,13.246868768269078
13,6,22,3,24.31578947368421,25.813546468599576
13,6,22,4,31.473684210526315,50.64842700316306
13,6,22,5,19.31578947368421,18.888716889481778
13,6,22,6,19.72222222222222,29.708001606926103
12,34,65,6,17.0,15.864558314882762
8,27,108,4,32.85,65.58343420487573
13,6,22,0,30.05,38.316514235482
13,6,22,1,27.05,83.2153041339468
13,6,22,2,15.0,12.793227374930327
13,6,22,3,15.052631578947368,14.87157499023081
13,6,22,4,22.894736842105264,53.12343564948222
13,6,22,5,20.736842105263158,22.614749624632047
13,6,22,6,20.789473684210527,18.45589019909188
12,34,65,6,19.0,29.714430306183772
13,6,22,0,22.95,17.85755037128995
13,6,22,1,27.95,47.76639977398779
13,6,22,2,20.85,16.219789731909856
13,6,22,3,28.35,27.4978946562517
13,6,22,4,30.8,31.461923520009822
13,6,22,5,26.45,31.72824575906094
13,6,22,6,18.57894736842105,16.41583175363779
8,27,108,4,31.95,51.057733060361755
12,34,65,6,14.1,17.161462334943497
13,6,22,0,20.55,27.547996392898664
13,6,22,1,21.9,24.533328565979705
13,6,22,2,18.1,19.59296329109805
13,6,22,3,19.25,17.852834066627242
13,6,22,4,16.75,18.14814765087321
13,6,22,5,19.1,19.152847802542798
13,6,22,6,20.85,13.739206289800157
12,46,65,6,9.45,8.300126822112896
8,27,108,4,25.6,35.35742310210195
13,6,22,0,21.15,19.464610261486847
13,6,22,1,51.35,111.41920603596226
13,6,22,2,22.36842105263158,35.09227601990657
13,6,22,3,14.894736842105264,32.785319778560286
13,6,22,4,17.105263157894736,19.717151971604444
13,6,22,5,16.68421052631579,25.254378347743867
13,6,22,6,18.789473684210527,13.23118768234281
12,46,65,6,15.6,20.95961028163202
13,19,22,0,20.75,18.62334415104927
13,19,22,1,25.65,24.516965125140768
13,19,22,2,21.9,21.262519531845356
13,19,22,3,15.45,15.309010074909619
13,19,22,4,29.35,32.9629377203837
13,19,22,5,27.9,37.19634956622264
13,19,22,6,39.05,54.15326689858585
9,9,108,4,35.85,41.47069352027563
12,46,65,6,8.3,5.930296877276177
13,19,22,0,22.9,25.729156101283433
13,19,22,1,19.65,19.41045567403517
13,19,22,2,26.3,31.316886314272253
13,19,22,3,15.7,17.69061600783992
13,19,22,4,17.0,18.295814879509006
13,19,22,5,18.75,16.558906015224938
13,19,22,6,18.3,20.154926262122096
12,46,65,6,11.15,11.970468046954467
13,19,22,0,15.05,12.390467473446122
13,19,22,1,16.15,16.560177344588148
13,19,22,2,12.85,14.600919221242995
13,19,22,3,39.8,108.48167441651391
13,19,22,4,20.736842105263158,24.01120596088223
13,19,22,5,27.63157894736842,31.62841641856574
13,19,22,6,16.526315789473685,16.239076400435504
9,9,108,4,24.1,23.003203438239915
13,19,22,0,18.25,20.416389185368235
13,19,22,1,25.1,33.53223115624412
13,19,22,2,21.0,29.349078708753897
13,19,22,3,27.45,35.98168393707232
13,19,22,4,22.35,24.480443322439196
13,19,22,5,15.85,18.689358075203064
13,19,22,6,23.65,25.472947466510014
12,46,65,6,12.65,11.342862351090641
9,9,108,4,21.75,21.920610344941057
13,19,22,0,16.2,17.083694904175367
13,19,22,1,13.15,16.884359003153435
13,19,22,2,16.55,14.802115780487172
13,19,22,3,21.85,19.583223217308927
13,19,22,4,16.65,18.821250587679092
13,19,22,5,13.7,15.91788137185414
13,19,22,6,23.35,33.25543089798306
13,15,65,6,14.45,17.12946061767946
13,1,22,0,21.1,19.08126664669055
13,1,22,1,20.85,24.205860534393867
13,1,22,2,29.9,28.862468800557547
13,1,22,3,18.0,17.44163198544762
13,1,22,4,20.45,18.99438975343149
13,1,22,5,14.2,16.152562123635207
13,1,22,6,36.5,35.52241694005573
13,15,65,6,18.8,17.712915299889307
9,9,108,4,45.65,37.76697945086561
13,1,22,0,29.75,42.866837875841554
13,1,22,1,21.0,22.322987915458008
13,1,22,2,20.65,26.362403452444802
13,1,22,3,27.4,24.459203412600083
13,1,22,4,19.0,23.028586354218188
13,1,22,5,20.05,26.802346715794947
13,1,22,6,52.3,78.1093026335195
13,15,65,6,12.2,13.60185745829552
13,1,22,0,17.2,19.127274546546023
13,1,22,1,14.6,11.094806751003158
13,1,22,2,19.45,22.591276844695706
13,1,22,3,22.85,23.82894082943326
13,1,22,4,14.5,15.174424466672098
13,1,22,5,18.75,18.39300496327197
13,1,22,6,43.55,83.36127777079084
9,9,108,4,25.3,24.880979841934217
13,15,65,6,14.9,13.013757902191132
13,1,22,0,27.7,36.2521868668854
13,1,22,1,31.35,61.799569918448974
13,1,22,2,18.9,14.832042127913827
13,1,22,3,16.75,16.698171976848872
13,1,22,4,13.31578947368421,12.46351400234098
13,1,22,5,16.0,13.992061241210239
13,1,22,6,30.842105263157894,37.60948928409593
13,15,65,6,14.35,22.10566728953889
9,11,108,4,23.95,23.01595556404982
13,1,22,0,21.7,33.29311608947664
13,1,22,1,22.9,15.670622867411224
13,1,22,2,18.7,21.2852803104572
13,1,22,3,13.75,18.597891787709926
13,1,22,4,17.45,13.782044000876839
13,1,22,5,14.05,16.346494876175814
13,1,22,6,29.0,36.177922898684464
13,17,65,6,18.4,23.593933207723683
13,1,22,0,20.7,19.50195671694186
13,1,22,1,21.05,30.214104409417104
13,1,22,2,21.2,22.104060117639257
13,1,22,3,23.2,20.892204539643867
13,1,22,4,21.05,21.409478963152846
13,1,22,5,23.75,25.051263231096435
13,1,22,6,32.45,44.31285307186191
9,11,108,4,40.55,51.92046042290376
13,1,22,0,15.25,12.510521887384908
13,1,22,1,36.9,54.79425632596713
13,1,22,2,17.5,20.16641293156311
13,1,22,3,23.15,25.823846588600603
13,1,22,4,17.4,22.117866081518805
13,1,22,5,18.2,19.744686160558427
13,1,22,6,37.0,32.83121820598329
13,17,65,6,8.9,8.546467414268768
13,1,22,0,17.2,17.476600897982664
13,1,22,1,19.1,30.674693838818715
13,1,22,2,15.9,10.547636302932869
13,1,22,3,16.55,18.72930436789533
13,1,22,4,22.8,34.740542067703764
13,1,22,5,16.55,16.611584416969542
13,1,22,6,22.55,17.32498955722325
13,17,65,6,8.35,7.400391170315539
9,11,108,4,24.4,24.985048160428818
13,1,22,0,22.8,23.46015659300724
13,1,22,1,22.55,38.1899339176121
13,1,22,2,19.95,28.60893309145902
13,1,22,3,20.05,23.170932334784414
13,1,22,4,14.75,19.319679086361656
13,1,22,5,19.05,25.092408162000336
13,1,22,6,26.3,20.779797881596437
13,17,65,6,9.15,9.13221596443342
13,1,22,0,16.8,14.677587640595727
13,1,22,1,22.75,33.78862312423487
13,1,22,2,14.65,16.37480413703675
13,1,22,3,11.15,11.305680919459542
13,1,22,4,14.9,11.049648720303523
13,1,22,5,17.45,20.21327078405357
13,1,22,6,38.9,49.07555935815495
9,11,108,4,20.2,12.429167732648706
13,17,65,6,13.35,13.800362314084367
13,8,22,0,34.7,33.81544337320325
13,8,22,1,24.8,52.06332176959333
13,8,22,2,26.45,49.32862412326881
13,8,22,3,39.89473684210526,110.53450679757185
13,8,22,4,21.88888888888889,30.23999861673061
13,8,22,5,25.77777777777778,24.064999127499174
13,8,22,6,21.22222222222222,19.77388520113618
13,17,65,6,20.6,22.52343808475728
9,11,108,4,26.4,29.535705421351327
13,8,22,0,33.9,38.03032031363784
13,8,22,1,16.65,16.16453232429438
13,8,22,2,12.45,13.480883150829392
13,8,22,3,13.5,10.445346483381714
13,8,22,4,29.4,44.22478466818542
13,8,22,5,21.55,19.326760830789166
13,8,22,6,22.8,27.719649120586304
13,17,65,6,14.6,13.831314585313095
13,8,22,0,23.0,16.61324772583615
13,8,22,1,23.85,28.004275989287972
13,8,22,2,45.95,110.34657126287922
13,8,22,3,18.63157894736842,19.69830936433037
13,8,22,4,21.63157894736842,38.92330139919872
13,8,22,5,13.631578947368421,14.10756505612735
13,8,22,6,19.42105263157895,16.634354642905897
9,0,108,4,27.55,37.02129543640354
13,8,22,0,19.7,15.854934480104959
13,8,22,1,17.0,19.153122598238593
13,8,22,2,12.15,11.254355881870339
13,8,22,3,15.55,19.283139622069083
13,8,22,4,21.0,26.821044369163396
13,8,22,5,19.0,22.70636358751487
13,8,22,6,28.6,28.09083012020302
13,17,65,6,13.45,14.485837003232174
13,8,22,0,16.7,13.357828376924463
13,8,22,1,27.05,31.265375165037227
13,8,22,2,16.55,31.506849714742476
13,8,22,3,26.1,38.61674030234747
13,8,22,4,24.2,28.772428322596397
13,8,22,5,15.35,17.487664825602977
13,8,22,6,24.35,22.174606149709557
9,0,108,4,32.65,37.123230065907734
13,17,65,6,15.55,18.69836750543804
13,15,22,0,14.45,9.891383810378128
13,15,22,1,12.0,10.130724502589556
13,15,22,2,18.25,26.981231293350255
13,15,22,3,16.7,19.11488810766155
13,15,22,4,10.55,11.208431976348031
13,15,22,5,22.95,30.353140824216805
13,15,22,6,32.3,40.63327648485582
13,17,65,6,15.5,14.140274693974394
13,15,22,0,13.4,13.854127258880768
13,15,22,1,16.05,20.024918687002266
13,15,22,2,12.45,13.562622786249909
13,15,22,3,24.25,34.880057641188486
13,15,22,4,7.65,6.937882279652473
13,15,22,5,14.4,18.743139095623622
13,15,22,6,20.1,21.447365192121165
9,0,108,4,33.6,38.12086043100287
13,6,65,6,12.55,11.80309950372091
13,15,22,0,44.3,109.35990798132657
13,15,22,1,15.31578947368421,16.42170863886834
13,15,22,2,16.789473684210527,15.476070946135668
13,15,22,3,15.210526315789474,26.651201655977957
13,15,22,4,16.210526315789473,25.765133519218523
13,15,22,5,14.578947368421053,17.004299421922955
13,15,22,6,29.63157894736842,26.748230525724686
13,6,65,6,19.6,22.048749815376212
13,15,22,0,25.75,40.45514084826095
13,15,22,1,26.1,48.86275085433312
13,15,22,2,14.4,16.541494872942376
13,15,22,3,21.25,28.428812293535103
13,15,22,4,42.35,106.83005441501838
13,15,22,5,22.789473684210527,26.50697800657283
13,15,22,6,23.105263157894736,22.01235697623321
9,0,108,4,37.1,37.8305084346094
13,15,22,0,40.0,109.18260898725198
13,15,22,1,12.842105263157896,12.433213394840347
13,15,22,2,15.157894736842104,17.93278548696876
13,15,22,3,12.421052631578947,14.166924662253445
13,15,22,4,15.157894736842104,21.990561505374014
13,15,22,5,15.736842105263158,17.987162413674547
13,15,22,6,20.63157894736842,17.92332597580839
13,6,65,6,25.3,24.39391641157149
9,0,108,4,34.65,29.792749029534722
13,12,22,0,22.7,19.474950172221913
13,12,22,1,26.8,23.781018525396743
13,12,22,2,20.5,24.03834655842947
13,12,22,3,21.35,16.931052132569594
13,12,22,4,19.95,20.11408252417877
13,12,22,5,25.5,32.06818393755143
13,12,22,6,28.6,33.30465432938766
13,6,65,6,18.8,20.7759982976308
13,12,22,0,18.95,22.68891452020707
13,12,22,1,37.85,109.27959071742728
13,12,22,2,14.157894736842104,15.517957905080797
13,12,22,3,20.789473684210527,24.022163255739066
13,12,22,4,11.526315789473685,13.566168791243703
13,12,22,5,18.789473684210527,14.793312856259003
13,12,22,6,29.157894736842106,50.10130089006864
9,3,108,4,21.7,19.301213487894046
13,6,65,6,13.6,12.820214301517822
13,12,22,0,14.45,16.956523352696045
13,12,22,1,33.1,108.97991123428015
13,12,22,2,45.1578947368421,112.79246584270243
13,12,22,3,21.27777777777778,46.55648758172928
13,12,22,4,14.222222222222221,11.664705717553453
13,12,22,5,12.444444444444445,12.935233335271093
13,12,22,6,17.5,16.919358908727983
13,8,65,6,12.5,8.958970805552212
13,12,22,0,40.95,109.11098888167425
13,12,22,1,13.789473684210526,16.064380706562584
13,12,22,2,19.0,20.442330808615953
13,12,22,3,20.526315789473685,24.24497295214603
13,12,22,4,11.105263157894736,11.019652832009351
13,12,22,5,15.947368421052632,22.239788378815636
13,12,22,6,18.842105263157894,30.507309065742728
9,3,108,4,40.05,40.35040598504424
13,12,22,0,14.3,20.068566675800557
13,12,22,1,11.1,9.391485505499116
13,12,22,2,41.5,107.66150658429409
13,12,22,3,16.94736842105263,18.47362589751047
13,12,22,4,12.631578947368421,13.196003293572511
13,12,22,5,15.842105263157896,15.678233878337817
13,12,22,6,21.105263157894736,16.363559572151317
13,8,65,6,16.2,18.6366927267011
13,9,22,0,20.35,21.470359004671383
13,9,22,1,13.5,11.843274796049311
13,9,22,2,11.95,10.096768633682029
13,9,22,3,27.05,63.82168827864742
13,9,22,4,17.3,17.785564815025516
13,9,22,5,18.75,24.595410354908
13,9,22,6,16.736842105263158,15.950764890273925
13,8,65,6,11.8,14.566002233029884
9,3,108,4,50.55,73.31078401321035
13,9,22,0,45.4,108.44372782813748
13,9,22,1,16.526315789473685,18.14254796834297
13,9,22,2,13.421052631578947,17.23470590753722
13,9,22,3,22.736842105263158,19.733902315173125
13,9,22,4,42.94736842105263,106.12020107417528
13,9,22,5,15.777777777777779,15.53574836060957
13,9,22,6,22.5,18.91855609463583
13,8,65,6,18.2,26.627251572698775
13,9,22,0,14.55,6.8015091204665366
13,9,22,1,17.15,16.096011274454565
13,9,22,2,9.35,13.643101206335595
13,9,22,3,12.25,15.780984560039672
13,9,22,4,17.05,16.95341915522151
13,9,22,5,5.55,4.186129980127984
13,9,22,6,22.4,30.738968924255023
9,3,108,4,16.4,14.020286054593592
13,9,22,0,13.8,23.21433314049522
13,9,22,1,17.95,19.87454070968818
13,9,22,2,14.65,23.351490429160147
13,9,22,3,10.3,13.0791115101423
13,9,22,4,40.15,107.62179147366021
13,9,22,5,38.421052631578945,110.60305189152467
13,9,22,6,18.27777777777778,22.11415717843251
13,8,65,6,19.1,18.203238578254204
13,9,22,0,13.6,14.434607536640618
13,9,22,1,16.6,14.830267769169348
13,9,22,2,16.5,16.816345431877004
13,9,22,3,13.85,23.58026605804992
13,9,22,4,10.35,7.9886432548106425
13,9,22,5,19.9,47.161424914860234
13,9,22,6,12.05,12.52145527106427
9,3,108,4,25.8,20.64384705069846
13,7,65,6,12.15,11.485803594460698
13,15,22,0,32.3,47.40097711628894
13,15,22,1,15.1,11.951216630425892
13,15,22,2,18.35,25.238389722592718
13,15,22,3,24.55,30.070924932828216
13,15,22,4,13.7,13.322320012907502
13,15,22,5,14.5,13.196889585688064
13,15,22,6,45.2,98.24866411305548
13,7,65,6,23.8,22.484146461568496
13,15,22,0,26.8,25.094767749892657
13,15,22,1,37.0,109.02534712528768
13,15,22,2,20.31578947368421,24.26944267908137
13,15,22,3,20.05263157894737,20.370113413229596
13,15,22,4,14.105263157894736,12.502865168708354
13,15,22,5,13.263157894736842,12.809901141361786
13,15,22,6,27.894736842105264,20.650248147129172
9,0,108,4,29.25,19.04530609390477
13,7,65,6,12.5,14.616141041580311
13,15,22,0,21.15,19.164866429567358
13,15,22,1,21.45,21.32079538360316
13,15,22,2,25.85,28.51827668817241
13,15,22,3,14.1,13.238301687865683
13,15,22,4,19.2,13.877660958685023
13,15,22,5,17.45,22.479171646098006
13,15,22,6,14.6,13.804652152540156
13,15,22,0,14.3,13.115278354491355
13,15,22,1,17.8,17.246204769379506
13,15,22,2,17.0,15.085719981771538
13,15,22,3,21.85,31.84382118038633
13,15,22,4,14.85,25.688979820353442
13,15,22,5,15.75,18.21183825514544
13,15,22,6,20.7,19.120394182239302
9,0,108,4,46.7,46.03099642174767
13,7,65,6,15.55,11.477552462363906
13,15,22,0,18.4,18.155468945515537
13,15,22,1,19.45,25.640172016829993
13,15,22,2,25.45,22.387672829859785
13,15,22,3,21.15,19.786425437126013
13,15,22,4,28.7,53.71474363906548
13,15,22,5,12.45,13.585886639799174
13,15,22,6,27.5,24.0952059001043
13,7,65,6,18.9,21.715626195268502
9,0,108,4,23.3,22.833723904970498
13,3,22,0,38.35,53.57952770857247
13,3,22,1,43.9,109.30011797557074
13,3,22,2,31.210526315789473,46.20074427895966
13,3,22,3,17.05263157894737,15.042435102109286
13,3,22,4,22.444444444444443,21.70991159442867
13,3,22,5,12.944444444444445,14.477049675961652
13,3,22,6,37.05555555555556,30.124198250931723
13,5,65,6,15.7,15.516035847504755
13,3,22,0,26.2,54.023971287607225
13,3,22,1,23.85,20.507444091302425
13,3,22,2,19.6,33.13989486372803
13,3,22,3,33.65,58.53228978408773
13,3,22,4,14.65,14.068535254621438
13,3,22,5,38.3,54.20341803166835
13,3,22,6,43.4,44.552039353168965
9,0,108,4,30.4,27.949955277245074
13,5,65,6,17.95,26.316844715684926
13,3,22,0,13.5,12.571898487457945
13,3,22,1,18.2,19.310755116201303
13,3,22,2,18.8,24.521955790464055
13,3,22,3,13.35,14.654889609740641
13,3,22,4,18.25,16.732807358756723
13,3,22,5,13.65,16.667885920314898
13,3,22,6,32.05,25.55175346748551
13,5,65,6,13.9,15.907297233130395
9,0,108,4,26.7,27.397848551723143
13,3,22,0,26.05,27.087528689902953
13,3,22,1,22.4,21.62941466955055
13,3,22,2,18.5,17.38874409072235
13,3,22,3,15.6,15.577987168133317
13,3,22,4,13.65,10.668571650067857
13,3,22,5,17.25,15.402921800749363
13,3,22,6,41.4,32.172888226612564
13,5,65,6,11.7,9.319475928342074
13,3,22,0,27.6,43.35581063467126
13,3,22,1,42.25,108.72460381019657
13,3,22,2,20.473684210526315,23.08045931820208
13,3,22,3,33.63157894736842,54.03621267910764
13,3,22,4,47.05555555555556,111.41310104726159
13,3,22,5,17.352941176470587,16.999783735648627
13,3,22,6,39.1764705882353,39.11079661378307
9,23,108,4,16.7,14.488107645855434
13,5,65,6,14.5,8.407390232784238
13,17,22,0,20.75,31.432257986108205
13,17,22,1,43.85,109.0636101210279
13,17,22,2,17.94736842105263,20.99596173926608
13,17,22,3,19.842105263157894,18.13303663327959
13,17,22,4,15.263157894736842,12.947938940503912
13,17,22,5,10.0,10.9188929027728
13,17,22,6,21.842105263157894,27.911095280660017
13,22,65,6,21.2,16.97862433209847
9,23,108,4,14.55,13.956605679937482
13,17,22,0,42.35,109.46149286873732
13,17,22,1,58.26315789473684,116.00902364579862
13,17,22,2,17.833333333333332,20.861588682383257
13,17,22,3,28.5,27.038643370075313
13,17,22,4,20.72222222222222,17.27904393990374
13,17,22,5,26.666666666666668,29.74598341645078
13,17,22,6,31.27777777777778,29.0836634061836
13,22,65,6,18.85,13.115980610248743
9,23,108,4,12.45,13.16084703721011
13,17,22,0,21.8,22.37385692463887
13,17,22,1,14.75,15.189591311504278
13,17,22,2,19.75,16.593832081767452
13,17,22,3,25.0,33.543373335680506
13,17,22,4,27.95,34.72671503096866
13,17,22,5,27.55,49.46819818407526
13,17,22,6,28.25,21.732524740097443
13,22,65,6,18.45,15.882711554258911
13,17,22,0,24.5,23.234502475051148
13,17,22,1,22.0,27.817071623091646
13,17,22,2,16.0,14.509525002200235
13,17,22,3,22.05,31.34103582072216
13,17,22,4,19.3,25.003368194157996
13,17,22,5,18.25,19.254186147706328
13,17,22,6,21.2,30.01157671369675
13,22,65,6,14.1,11.822814697373085
9,23,108,4,14.5,17.236741663025953
13,17,22,0,19.0,20.54776207560788
13,17,22,1,42.85,108.54408515001005
13,17,22,2,15.842105263157896,16.767240407329794
13,17,22,3,23.789473684210527,25.321442269280222
13,17,22,4,15.736842105263158,17.501879598308413
13,17,22,5,18.789473684210527,20.780810986656846
13,17,22,6,23.526315789473685,20.172501693181328
13,22,65,6,11.3,10.662773412302508
9,23,108,4,30.1,65.78905684078468
13,17,22,0,30.7,24.615142964400892
13,17,22,1,47.25,109.36268727688184
13,17,22,2,23.42105263157895,19.58830657269701
13,17,22,3,23.789473684210527,32.679553491048026
13,17,22,4,21.31578947368421,25.31370430677806
13,17,22,5,27.157894736842106,32.45041201227008
13,17,22,6,26.789473684210527,24.892165093477423
13,17,65,6,13.25,12.177956789993441
13,17,22,0,23.9,39.17155251347321
13,17,22,1,15.75,18.84528420698678
13,17,22,2,22.75,36.630265024832596
13,17,22,3,14.7,19.211016576296448
13,17,22,4,21.8,34.08595944929447
13,17,22,5,20.1,31.579307015495882
13,17,22,6,22.05,22.167959334422996
13,17,65,6,11.5,11.587198017412874
9,11,108,4,36.05,34.672110739871236
13,17,22,0,47.15,112.55794998694297
13,17,22,1,17.526315789473685,41.580401928810204
13,17,22,2,22.157894736842106,28.200203226010693
13,17,22,3,47.63157894736842,112.59179490842908
13,17,22,4,15.722222222222221,14.981579102961765
13,17,22,5,13.777777777777779,16.239224682867516
13,17,22,6,40.72222222222222,43.71405152412202
13,17,65,6,11.95,11.600703245470667
9,11,108,4,33.3,35.08650962827076
13,17,22,0,44.0,57.28506740301892
13,17,22,1,29.0,27.053553127862987
13,17,22,2,33.75,55.55829086833509
13,17,22,3,30.36842105263158,27.65905623503567
13,17,22,4,36.526315789473685,51.99077740977254
13,17,22,5,13.789473684210526,12.308889955224418
13,17,22,6,24.31578947368421,23.734767352694856
13,17,65,6,18.1,21.9278721937941
13,17,22,0,12.95,10.540523306693428
13,17,22,1,20.8,26.234970634832546
13,17,22,2,41.25,107.99214152695994
13,17,22,3,18.36842105263158,15.276017974138378
13,17,22,4,14.368421052631579,9.939877745256393
13,17,22,5,15.631578947368421,18.936180907680964
13,17,22,6,27.94736842105263,29.246982150510515
9,11,108,4,26.95,28.691599724254527
13,17,65,6,15.4,15.14282877001172
13,7,22,0,39.15,57.40371801639039
13,7,22,1,29.5,26.30289157608262
13,7,22,2,15.3,13.26689588094327
13,7,22,3,24.3,27.00896537311853
13,7,22,4,25.6,23.59393320772368
13,7,22,5,15.55,18.61373290427202
13,7,22,6,32.35,50.46549107532477
13,7,22,0,18.5,24.96629306632613
13,7,22,1,14.25,11.795962734855738
13,7,22,2,35.15,42.0792172730885
13,7,22,3,13.15,14.787174385790866
13,7,22,4,16.65,16.674200051829203
13,7,22,5,15.9,16.612930917938908
13,7,22,6,25.65,20.599629531671322
9,11,108,4,22.75,18.716373355405885
13,10,65,6,13.9,16.622432528300266
13,7,22,0,15.35,14.90063580416692
13,7,22,1,29.65,44.66633608152081
13,7,22,2,31.5,54.71697513954013
13,7,22,3,26.63157894736842,40.82103287701328
13,7,22,4,18.94736842105263,37.012721062735125
13,7,22,5,13.526315789473685,16.42615942484099
13,7,22,6,32.26315789473684,23.49194212978654
13,10,65,6,30.0,58.04898113254285
9,11,108,4,23.05,18.045191807471074
13,7,22,0,24.7,28.399592287659047
13,7,22,1,19.6,32.90720605773629
13,7,22,2,22.25,23.337061105731195
13,7,22,3,25.9,39.58322345321776
13,7,22,4,16.4,16.145392042639482
13,7,22,5,30.45,48.1559691878489
13,7,22,6,52.473684210526315,47.36309911623961
13,10,65,6,16.1,12.091319200153471
13,7,22,0,26.3,35.591394583818335
13,7,22,1,23.95,28.350206534103346
13,7,22,2,17.65,27.065758130115157
13,7,22,3,22.5,27.139987976571046
13,7,22,4,16.8,19.62168510387906
13,7,22,5,13.75,15.15490193407991
13,7,22,6,43.3,33.756246985207284
9,11,108,4,37.15,30.000482452261018
13,23,22,0,18.6,22.644622923961908
13,23,22,1,15.3,13.29067738165207
13,23,22,2,9.4,10.312996399535981
13,23,22,3,10.7,13.20326913266081
13,23,22,4,11.3,9.392606274702404
13,23,22,5,19.6,23.778362565908306
13,23,22,6,17.45,21.2812618343734
13,10,65,6,15.2,13.594116374373142
9,11,108,4,29.3,19.18085668467117
13,23,22,0,16.9,16.923667637831624
13,23,22,1,45.4,109.9992344470968
13,23,22,2,69.05263157894737,154.28598038282698
13,23,22,3,23.11764705882353,29.822144358138416
13,23,22,4,14.588235294117647,17.713197140583528
13,23,22,5,14.294117647058824,18.820748875517523
13,23,22,6,21.764705882352942,29.65115809661721
13,10,65,6,13.8,9.902684378224768
13,23,22,0,17.8,15.699815620774526
13,23,22,1,13.0,10.503132364855935
13,23,22,2,17.2,15.686400412291434
13,23,22,3,14.8,13.682874428700242
13,23,22,4,16.45,18.374682238570035
13,23,22,5,9.2,9.644196509600448
13,23,22,6,13.75,15.337861650177967
13,23,65,6,8.65,5.254321529640349
13,23,22,0,18.55,19.055252073350996
13,23,22,1,26.25,28.97707805544891
13,23,22,2,41.65,108.70494832101106
13,23,22,3,11.526315789473685,14.35799591808083
13,23,22,4,20.105263157894736,38.137025952976614
13,23,22,5,13.789473684210526,17.828126801858854
13,23,22,6,15.105263157894736,16.818953385465345
9,11,108,4,27.1,25.69845377285936
13,23,22,0,19.25,20.478165522279937
13,23,22,1,38.3,109.57386357588825
13,23,22,2,20.894736842105264,21.0789382423997
13,23,22,3,26.842105263157894,38.111332753008334
13,23,22,4,17.263157894736842,18.250851137726755
13,23,22,5,18.57894736842105,18.148510160688993
13,23,22,6,10.842105263157896,12.544423984361147
13,23,65,6,13.45,9.70878603718248
9,11,108,4,24.2,27.011888220988144
13,4,22,0,21.6,28.481572990268635
13,4,22,1,11.25,8.207025231951876
13,4,22,2,16.2,18.26587269371923
13,4,22,3,13.65,16.284558394542458
13,4,22,4,17.4,22.785960589801782
13,4,22,5,24.65,36.08801375584566
13,4,22,6,23.7,18.445082071695396
13,23,65,6,11.3,9.262828941527529
13,4,22,0,26.25,38.003981785846435
13,4,22,1,28.05,32.256333527411
13,4,22,2,32.1,40.85262344213971
13,4,22,3,22.6,17.436803183587234
13,4,22,4,35.15,41.759051965443746
13,4,22,5,31.1,23.830321242616847
13,4,22,6,28.25,30.84916615780042
9,11,108,4,26.4,18.938682219482068
13,23,65,6,11.5,17.66203183161701
13,4,22,0,33.6,51.57661648868654
13,4,22,1,19.3,21.191110350680937
13,4,22,2,49.7,107.22435897637595
13,4,22,3,22.736842105263158,27.483009105148664
13,4,22,4,8.421052631578947,7.932463464031028
13,4,22,5,16.36842105263158,11.94529440740295
13,4,22,6,29.94736842105263,34.434275050385686
13,23,65,6,7.55,6.194012388886884
9,15,108,4,29.6,26.611038469421906
13,4,22,0,39.1,76.95309576208368
13,4,22,1,21.75,29.48483106883766
13,4,22,2,22.0,29.244882593280092
13,4,22,3,16.894736842105264,20.05518701772161
13,4,22,4,14.105263157894736,18.450819725367534
13,4,22,5,27.473684210526315,39.51844635533109
13,4,22,6,36.473684210526315,50.75361883217199
13,4,65,6,19.4,14.755552032691751
13,4,22,0,18.1,19.314297949010673
13,4,22,1,25.9,33.88820630124571
13,4,22,2,44.65,111.09231580797542
13,4,22,3,39.421052631578945,111.39884090234497
13,4,22,4,21.555555555555557,21.280264876232494
13,4,22,5,28.055555555555557,29.27450652062548
13,4,22,6,27.77777777777778,26.152394009312044
9,15,108,4,31.95,26.352818684755125
13,4,65,6,18.5,12.024098609393599
13,3,22,0,30.7,44.72147723762922
13,3,22,1,15.95,20.566899825230166
13,3,22,2,14.25,20.77669494004229
13,3,22,3,17.45,23.533794290003694
13,3,22,4,22.15,24.544856895080894
13,3,22,5,21.95,30.130374602454093
13,3,22,6,40.10526315789474,40.57488924725366
9,15,108,4,33.45,27.052531742596855
13,3,22,0,29.45,42.24673765044188
13,3,22,1,16.4,12.816108285238048
13,3,22,2,18.25,18.984411888094982
13,3,22,3,20.75,20.96331381999968
13,3,22,4,29.6,24.81595412123758
13,3,22,5,17.15,14.02357038402808
13,3,22,6,22.05,14.427586879235722
13,4,65,6,27.1,21.68894940553344
13,3,22,0,30.35,43.69665168432305
13,3,22,1,28.0,38.321355870969306
13,3,22,2,37.6,51.31984329466989
13,3,22,3,27.75,57.34923025225636
13,3,22,4,22.63157894736842,21.69283170469962
13,3,22,5,27.05263157894737,30.460308753470066
13,3,22,6,38.78947368421053,35.821438254158515
9,15,108,4,25.8,16.423987591965986
13,4,65,6,15.75,14.00328908732366
13,4,65,6,20.25,22.02361173114461
13,3,22,0,58.5,111.50619524917603
13,3,22,1,30.210526315789473,36.72356032632097
13,3,22,2,46.0,110.35347248224176
13,3,22,3,20.27777777777778,21.523736706949038
13,3,22,4,22.27777777777778,25.41608003180283
13,3,22,5,32.5,47.58429053671341
13,3,22,6,38.0,29.956831686710167
9,15,108,4,33.8,64.41853280245564
13,3,22,0,26.95,29.81605890155593
13,3,22,1,25.0,31.828487736286615
13,3,22,2,28.2,28.86556863516773
13,3,22,3,18.75,23.966808188343354
13,3,22,4,14.1,16.54944743870066
13,3,22,5,16.25,24.72559934881043
13,3,22,6,27.4,24.018413988569595
13,13,65,6,12.35,13.011229967345818
9,23,108,4,55.3,106.45092766152862
14,29,22,0,33.15,38.802163531649136
14,29,22,1,16.35,11.730639144430372
14,29,22,2,21.55,31.24516804748839
14,29,22,3,34.05,40.53260545860773
14,29,22,4,22.4,19.985257724527585
14,29,22,5,22.8,23.911239374425005
14,29,22,6,26.4,31.895223202822937
14,29,22,7,22.157894736842106,19.184088192199333
13,13,65,6,17.55,30.819465824121778
14,29,22,0,24.85,17.67923253871318
14,29,22,1,21.6,14.762684109106416
14,29,22,2,25.15,32.78040974664433
14,29,22,3,12.95,14.140181641057701
14,29,22,4,24.3,27.673091623452553
14,29,22,5,20.4,20.85135360997988
14,29,22,6,11.65,14.064793672593693
14,29,22,7,22.65,37.27038474375289
13,13,65,6,18.9,25.168694004551305
9,23,108,4,33.85,69.18113144036039
14,29,22,0,16.7,20.40665526114871
14,29,22,1,27.05,41.72273771105227
14,29,22,2,19.2,26.003238664686197
14,29,22,3,8.1,16.035815177940055
14,29,22,4,39.4,109.3504265628337
14,29,22,5,16.842105263157894,22.410967448735992
14,29,22,6,16.05263157894737,18.786737887878147
14,29,22,7,14.105263157894736,19.211960212447828
13,13,65,6,14.65,12.018735374406079
14,29,22,0,21.65,19.37245738834281
14,29,22,1,19.25,16.507972555548328
14,29,22,2,23.75,43.33938891561517
14,29,22,3,22.6,19.518951654333552
14,29,22,4,14.9,16.250991872562896
14,29,22,5,17.2,18.746508446838
14,29,22,6,15.8,25.42191346477535
14,29,22,7,16.25,14.293447155215828
9,23,108,4,13.55,13.801125049487052
13,13,65,6,18.0,13.568539462959702
14,29,22,0,25.4,22.497719182642776
14,29,22,1,18.1,23.44512069089273
14,29,22,2,19.45,20.30160740330417
14,29,22,3,24.65,25.721739729980204
14,29,22,4,20.65,25.07100443057467
14,29,22,5,13.95,13.624571456321886
14,29,22,6,34.15,38.53675620686526
14,29,22,7,23.2,35.28619828592596
9,23,108,4,14.35,17.980325504927823
14,38,22,0,24.0,21.73040557182009
14,38,22,1,21.95,18.802225512170796
14,38,22,2,20.55,25.06092576103285
14,38,22,3,18.95,19.01100789155145
14,38,22,4,17.35,19.757143944459816
14,38,22,5,9.65,9.863676052220992
14,38,22,6,17.4,17.126157279375157
14,38,22,7,19.9,18.22057830268322
13,22,65,6,16.4,12.663249769977773
9,23,108,4,15.45,15.59174883003659
14,38,22,0,12.85,13.600599831973355
14,38,22,1,24.3,31.72098757339656
14,38,22,2,64.4,147.75669901991975
14,38,22,3,52.72222222222222,115.19845053878088
14,38,22,4,26.647058823529413,28.1001360683329
14,38,22,5,29.705882352941178,46.105537500774176
14,38,22,6,15.75,17.93506806975281
14,38,22,7,20.375,27.719728233396037
13,22,65,6,14.65,12.990988779676636
14,38,22,0,22.9,24.556915630085914
14,38,22,1,15.45,10.835978084724589
14,38,22,2,13.15,12.218514855053288
14,38,22,3,19.1,22.157094622383664
14,38,22,4,14.25,16.392793667051578
14,38,22,5,20.0,27.869998961343057
14,38,22,6,17.0,19.976301749296525
14,38,22,7,15.35,14.59010118647499
13,22,65,6,13.15,13.550199066317884
9,17,108,4,27.2,26.388992920693674
14,38,22,0,52.9,108.08130467871227
14,38,22,1,21.63157894736842,32.386915269932
14,38,22,2,31.210526315789473,46.052601503749585
14,38,22,3,13.947368421052632,15.364004412227542
14,38,22,4,14.631578947368421,15.481926833554414
14,38,22,5,22.263157894736842,30.138277812006518
14,38,22,6,20.94736842105263,18.845788460291562
14,38,22,7,12.789473684210526,16.648586684655584
13,22,65,6,18.8,20.85690596219366
9,17,108,4,28.3,25.54274023959388
14,38,22,0,29.6,41.70371686073077
14,38,22,1,17.75,23.536925077530057
14,38,22,2,37.55,108.50780956614184
14,38,22,3,21.31578947368421,42.682357312254844
14,38,22,4,19.05263157894737,24.818169160271196
14,38,22,5,12.947368421052632,14.61534081485967
14,38,22,6,14.526315789473685,16.416009871980435
14,38,22,7,10.947368421052632,17.551428192000426
13,22,65,6,11.3,10.367459212667093
14,30,22,0,24.1,32.06884042674118
14,30,22,1,24.65,25.92961119727994
14,30,22,2,19.95,19.768329269446703
14,30,22,3,16.5,18.980599513575353
14,30,22,4,24.2,25.40534547978768
14,30,22,5,14.2,13.33614005546385
14,30,22,6,24.7,21.086538484615197
14,30,22,7,21.8,24.680271260131725
9,17,108,4,14.2,10.415575381433126
14,30,22,0,12.6,13.370824483494692
14,30,22,1,20.35,29.66350761812443
14,30,22,2,15.45,14.755819547768798
14,30,22,3,12.15,11.676674905216181
14,30,22,4,16.1,16.299499507976506
14,30,22,5,21.25,26.883520681088747
14,30,22,6,13.7,12.191886862301416
14,30,22,7,16.7,17.738153941804597
13,18,65,6,13.25,13.874911095021
9,17,108,4,28.3,26.471633278304772
14,30,22,0,27.85,40.90203314982611
14,30,22,1,21.3,22.745965518491865
14,30,22,2,48.1,108.50316512482601
14,30,22,3,13.578947368421053,15.546760253698032
14,30,22,4,27.105263157894736,35.34417245198691
14,30,22,5,21.842105263157894,32.05942946379208
14,30,22,6,25.68421052631579,47.260569225399436
14,30,22,7,18.263157894736842,19.275321312390787
13,18,65,6,17.8,19.476301388853937
14,30,22,0,22.7,33.23457299417676
14,30,22,1,48.35,110.1129922063313
14,30,22,2,15.421052631578947,16.300360559998815
14,30,22,3,8.263157894736842,5.674916595208523
14,30,22,4,15.894736842105264,17.15580477351327
14,30,22,5,13.31578947368421,18.294056811431492
14,30,22,6,18.05263157894737,19.216525539263582
14,30,22,7,8.526315789473685,13.598890563623323
13,18,65,6,10.95,11.600703245470667
9,17,108,4,33.05,54.60814957494897
14,30,22,0,18.0,14.030042953004738
14,30,22,1,22.9,26.12298846448831
14,30,22,2,24.1,25.21883172718773
14,30,22,3,21.7,26.256026877050935
14,30,22,4,16.2,15.181706443160985
14,30,22,5,15.5,18.554329896138444
14,30,22,6,15.8,20.808904976374645
14,30,22,7,14.85,17.511725395168504
13,18,65,6,12.9,11.120867061993245
14,39,22,0,27.55,33.50329913055697
14,39,22,1,38.65,108.94000038649956
14,39,22,2,15.473684210526315,10.595430991457443
14,39,22,3,16.736842105263158,13.863790187483836
14,39,22,4,18.68421052631579,19.56769625791716
14,39,22,5,15.578947368421053,15.482304556685511
14,39,22,6,14.578947368421053,14.209995658274744
14,39,22,7,13.368421052631579,13.9451725072625
9,13,108,4,25.6,29.884690676701094
13,18,65,6,14.05,11.659534160596007
14,39,22,0,25.0,34.53449838852981
14,39,22,1,18.8,13.91931637764774
14,39,22,2,20.0,15.801399005351259
14,39,22,3,19.2,18.866846443877208
14,39,22,4,14.9,12.735776379946376
14,39,22,5,13.2,14.59848586236546
14,39,22,6,16.35,19.15387826607392
14,39,22,7,19.05,19.564939103029765
9,13,108,4,20.1,19.4663001647787
13,19,65,6,15.2,13.395207312593874
14,39,22,0,43.9,60.5517612417152
14,39,22,1,28.5,37.47490388316736
14,39,22,2,20.5,19.375785213290815
14,39,22,3,28.1,31.37699458956648
14,39,22,4,33.85,41.07025431469453
14,39,22,5,14.55,15.041958858998036
14,39,22,6,23.94736842105263,24.534496539929982
14,39,22,7,35.89473684210526,32.79717931103579
13,19,65,6,15.6,13.2203989110927
14,39,22,0,26.1,23.898689680002388
14,39,22,1,28.3,38.19630734425571
14,39,22,2,13.15,11.640559762268623
14,39,22,3,50.25,110.15724406979614
14,39,22,4,19.263157894736842,24.264382001570297
14,39,22,5,19.36842105263158,24.424965657466565
14,39,22,6,14.421052631578947,14.784811235685552
14,39,22,7,11.842105263157896,11.639316311988702
9,13,108,4,25.0,29.818750723946202
14,39,22,0,28.6,23.987716154644428
14,39,22,1,22.3,29.82951558440063
14,39,22,2,17.6,16.44896413311889
14,39,22,3,22.5,22.404181940455953
14,39,22,4,16.8,13.728955186987676
14,39,22,5,17.1,23.158265547270478
14,39,22,6,18.2,20.263007518239007
14,39,22,7,18.5,14.766605282831508
13,19,65,6,11.65,8.368330022676034
9,13,108,4,29.7,26.36604674676565
14,46,22,0,30.05,35.99192160822525
14,46,22,1,14.85,19.791744690520257
14,46,22,2,10.1,8.626153622315654
14,46,22,3,18.8,25.39083962459897
14,46,22,4,12.2,14.274010243132539
14,46,22,5,12.15,14.904167555630735
14,46,22,6,17.0,20.958605819441733
14,46,22,7,11.8,15.504159034543637
13,19,65,6,11.75,10.750152997687252
14,46,22,0,23.35,18.71468604289718
14,46,22,1,20.25,19.034248910291872
14,46,22,2,23.5,27.184554438136374
14,46,22,3,15.1,12.375272458457333
14,46,22,4,43.7,102.4053349761571
14,46,22,5,16.36842105263158,20.064370096477514
14,46,22,6,15.263157894736842,14.669856112538158
14,46,22,7,26.0,29.490111336966272
9,13,108,4,21.55,21.429136584026015
13,19,65,6,15.35,14.412257210261577
14,46,22,0,27.45,35.38283110269874
14,46,22,1,26.35,30.601470552899908
14,46,22,2,33.75,38.14359986323153
14,46,22,3,20.95,22.684274636617186
14,46,22,4,27.4,35.50151961165666
14,46,22,5,35.31578947368421,40.348554471668706
14,46,22,6,22.157894736842106,41.23814733134403
14,46,22,7,27.31578947368421,28.061544725792643
13,3,65,6,19.8,18.642340038344518
9,1,108,4,22.5,18.29149931985951
14,46,22,0,30.1,38.88295526996779
14,46,22,1,15.55,17.721455922130097
14,46,22,2,18.05,22.551636654342268
14,46,22,3,15.85,21.943168221087564
14,46,22,4,12.7,12.230677564395625
14,46,22,5,23.45,39.50013324427893
14,46,22,6,13.45,22.546968520705487
14,46,22,7,8.6,8.8341442858467
13,3,65,6,26.1,26.578384569341104
14,46,22,0,26.75,24.907988572681695
14,46,22,1,22.15,20.005985946316432
14,46,22,2,24.7,45.611748255765946
14,46,22,3,24.95,26.798419042135578
14,46,22,4,30.25,33.21996070849097
14,46,22,5,22.3,25.919104922817073
14,46,22,6,33.65,42.27139757130794
14,46,22,7,27.2,28.858274376684413
9,1,108,4,28.8,31.652055724375117
13,3,65,6,18.05,12.12424712800975
14,27,22,0,38.65,109.93504062806699
14,27,22,1,9.68421052631579,11.440923775731804
14,27,22,2,45.26315789473684,112.27983004047577
14,27,22,3,19.0,23.40437364858015
14,27,22,4,6.166666666666667,5.249649848267193
14,27,22,5,12.555555555555555,14.076355737536373
14,27,22,6,19.61111111111111,26.830927915568957
14,27,22,7,15.5,21.462004730658865
9,1,108,4,48.75,68.3450032824947
13,3,65,6,10.85,9.847655344774902
14,27,22,0,52.25,109.21966036628348
14,27,22,1,17.0,17.950549357115012
14,27,22,2,27.210526315789473,31.88099215549468
14,27,22,3,21.789473684210527,26.686615345459067
14,27,22,4,16.473684210526315,18.093486922255973
14,27,22,5,12.894736842105264,12.83179530542137
14,27,22,6,22.263157894736842,27.658316220268198
14,27,22,7,22.789473684210527,16.860799201330945
14,27,22,0,29.05,35.30688765367847
14,27,22,1,20.35,21.938370615502826
14,27,22,2,20.75,27.96590969847321
14,27,22,3,28.85,55.61264055476672
14,27,22,4,15.2,14.620101518835384
14,27,22,5,15.631578947368421,9.782129547267925
14,27,22,6,14.736842105263158,20.61510262260052
14,27,22,7,17.36842105263158,27.14203489938682
13,3,65,6,18.2,19.7846298663222
9,1,108,4,35.6,28.0983236061101
14,27,22,0,17.0,17.522917325004627
14,27,22,1,17.65,19.478125382619666
14,27,22,2,59.05,108.83472501192371
14,27,22,3,12.894736842105264,16.288696615349572
14,27,22,4,25.68421052631579,27.80697880344858
14,27,22,5,30.42105263157895,34.790349539098216
14,27,22,6,28.842105263157894,37.54147803562635
14,27,22,7,22.42105263157895,36.58523653283853
13,11,65,6,13.4,11.971017632511229
9,1,108,4,38.75,46.49037817826281
13,11,65,6,8.45,7.133870286398393
14,27,22,0,33.9,25.465973169578348
14,27,22,1,31.0,37.79863545295336
14,27,22,2,25.0,30.578630309072825
14,27,22,3,24.85,22.474020088701717
14,27,22,4,22.15,28.97780457340992
14,27,22,5,23.2,25.43433237098813
14,27,22,6,31.75,50.6181525583565
14,27,22,7,28.894736842105264,29.287643842947578
14,40,22,0,21.15,18.018338611420017
14,40,22,1,17.6,17.82487912411957
14,40,22,2,23.7,23.6445164445107
14,40,22,3,25.15,26.48589495521998
14,40,22,4,22.9,23.626256580338747
14,40,22,5,20.65,21.342507621620925
14,40,22,6,20.95,22.709782265057402
14,40,22,7,19.5,24.03834655842947
9,20,108,4,39.55,35.87034400375007
13,11,65,6,19.25,22.599196539048158
14,40,22,0,14.95,17.24582329297826
14,40,22,1,10.5,10.231530214308894
14,40,22,2,12.3,12.715924537449302
14,40,22,3,28.3,31.576306907153295
14,40,22,4,27.85,27.38473451049921
14,40,22,5,23.7,34.99488684455427
14,40,22,6,20.5,23.2435616439206
14,40,22,7,18.75,15.51866448404698
13,11,65,6,14.15,12.708368564805923
9,20,108,4,29.45,28.90906796363929
14,40,22,0,23.6,22.630673176488866
14,40,22,1,11.6,12.227664923184811
14,40,22,2,16.35,13.596729482915327
14,40,22,3,23.3,41.02130383619045
14,40,22,4,16.4,15.177545741549984
14,40,22,5,15.65,15.78898683459955
14,40,22,6,8.35,8.815506672604634
14,40,22,7,23.0,37.837603128717284
13,11,65,6,10.9,10.166508483094974
14,40,22,0,23.6,23.76286355241149
14,40,22,1,39.45,109.02605917370107
14,40,22,2,17.94736842105263,22.36930854792523
14,40,22,3,18.42105263157895,14.773534104658928
14,40,22,4,14.210526315789474,18.545975746082195
14,40,22,5,24.473684210526315,24.04710290024012
14,40,22,6,15.894736842105264,15.441267711493499
14,40,22,7,23.842105263157894,20.094950050792853
9,20,108,4,29.6,45.96955514250708
14,40,22,0,38.4,109.26520127893563
14,40,22,1,10.31578947368421,7.513340961094526
14,40,22,2,12.157894736842104,9.98478374491649
14,40,22,3,17.157894736842106,20.290290940071525
14,40,22,4,18.473684210526315,24.45714715136714
14,40,22,5,18.105263157894736,19.165636890719302
14,40,22,6,12.526315789473685,14.241443517083948
14,40,22,7,14.894736842105264,17.159042762870303
13,11,65,6,13.35,23.23625796488166
14,32,22,0,28.9,37.25007947713174
14,32,22,1,25.7,28.08464648915939
14,32,22,2,19.3,26.513353140197907
14,32,22,3,22.15,16.073106011039226
14,32,22,4,16.5,13.808845372670222
14,32,22,5,14.3,11.050601317289672
14,32,22,6,16.35,16.93416043013896
14,32,22,7,20.3,25.02230583846509
9,20,108,4,34.5,29.072504644694607
13,11,65,6,11.9,11.082940897946195
14,32,22,0,24.8,37.88014338882437
14,32,22,1,19.6,19.97998998998748
14,32,22,2,44.0,109.41134358586022
14,32,22,3,20.526315789473685,19.32289494371503
14,32,22,4,16.157894736842106,16.27630574347173
14,32,22,5,19.210526315789473,32.92513215592885
14,32,22,6,22.210526315789473,32.78309006411761
14,32,22,7,11.789473684210526,16.095475373078614
13,11,65,6,10.5,10.389772298806774
9,20,108,4,41.95,26.6447881740896
14,32,22,0,24.0,28.09570111338444
14,32,22,1,18.05,15.10132444522665
14,32,22,2,13.7,12.632872740758948
14,32,22,3,19.0,12.973657521057206
14,32,22,4,17.15,21.536444020604506
14,32,22,5,32.8,30.509015061125787
14,32,22,6,17.2,13.900397570989792
14,32,22,7,14.95,15.876082640248507
13,11,65,6,11.75,10.051839318463587
14,32,22,0,30.1,38.44873552092311
14,32,22,1,26.4,33.98513606982045
14,32,22,2,20.4,35.25157704572274
14,32,22,3,13.55,13.18082738398147
14,32,22,4,16.45,22.894437384611457
14,32,22,5,16.473684210526315,23.034680185061614
14,32,22,6,8.68421052631579,8.957012346504753
14,32,22,7,17.736842105263158,16.986406674041056
9,4,108,4,17.0,11.951657009099527
13,11,65,6,11.4,11.371247212064944
14,32,22,0,41.7,109.45852374782255
14,32,22,1,27.210526315789473,30.959792827630885
14,32,22,2,21.526315789473685,20.521989347615055
14,32,22,3,26.42105263157895,25.558898840551024
14,32,22,4,16.94736842105263,21.667881207524466
14,32,22,5,18.36842105263158,27.209496966063128
14,32,22,6,20.526315789473685,27.091139225979468
14,32,22,7,21.789473684210527,20.21984434319804
9,4,108,4,31.9,25.677965159584627
13,20,65,6,13.1,12.251315718815887
14,44,22,0,24.95,31.372926645689105
14,44,22,1,24.85,25.444004567305292
14,44,22,2,21.35,28.813876408498224
14,44,22,3,24.25,30.381564701052024
14,44,22,4,25.7,31.644572162827878
14,44,22,5,13.45,13.382923132819203
14,44,22,6,15.4,14.214151584359788
14,44,22,7,17.2,28.675314892961964
13,20,65,6,20.55,20.469425209835588
14,44,22,0,20.95,25.588803061207514
14,44,22,1,46.35,109.03803054559981
14,44,22,2,54.73684210526316,114.29243296875836
14,44,22,3,20.5,20.884134141101693
14,44,22,4,42.22222222222222,112.12050007000376
14,44,22,5,18.352941176470587,28.77268925663403
14,44,22,6,16.235294117647058,14.817765569430103
14,44,22,7,19.764705882352942,20.95092304578937
9,4,108,4,46.05,32.79517775848343
13,20,65,6,27.15,28.26803104121984
14,44,22,0,34.4,49.73233619244017
14,44,22,1,35.45,59.504511107186346
14,44,22,2,43.0,107.65930668451044
14,44,22,3,27.842105263157894,33.57125615412807
14,44,22,4,25.105263157894736,35.106021542436444
14,44,22,5,29.055555555555557,52.5933033337473
14,44,22,6,15.055555555555555,14.489234227409398
14,44,22,7,16.235294117647058,15.99816165909659
9,4,108,4,30.1,28.54894227923616
13,20,65,6,19.7,18.252901715963727
14,44,22,0,22.3,33.80921705533473
14,44,22,1,20.0,22.95074818181889
14,44,22,2,30.1,47.427396035802374
14,44,22,3,20.75,19.020418391546325
14,44,22,4,14.7,15.386597038365975
14,44,22,5,16.65,17.99495543347167
14,44,22,6,17.45,22.380618965148347
14,44,22,7,23.2,23.493784172347418
9,4,108,4,25.9,16.104592349290996
13,20,65,6,13.15,13.01122996734582
14,44,22,0,24.15,25.578105357594616
14,44,22,1,23.85,27.63345607659024
14,44,22,2,61.0,109.9789453534295
14,44,22,3,22.68421052631579,19.5421272343137
14,44,22,4,22.736842105263158,20.92006507654834
14,44,22,5,22.473684210526315,27.71355148068386
14,44,22,6,26.263157894736842,28.489456344532403
14,44,22,7,26.61111111111111,20.903528801134733
14,25,22,0,14.85,11.003707509170189
14,25,22,1,29.1,37.7385744298854
14,25,22,2,15.35,17.35170247979628
14,25,22,3,36.65,40.25612081606839
14,25,22,4,14.1,10.833184884273049
14,25,22,5,29.4,33.485896481323216
14,25,22,6,15.05,14.043072838123503
14,25,22,7,16.4,23.793851483546177
14,34,65,7,10.35,8.014953130506163
9,0,108,4,27.9,22.515257984426096
14,25,22,0,26.65,30.790078716502517
14,25,22,1,26.7,44.92110042238386
14,25,22,2,15.65,15.772310847611525
14,25,22,3,17.65,23.535583362443482
14,25,22,4,16.05,17.089470442351338
14,25,22,5,20.95,21.936451279476408
14,25,22,6,12.578947368421053,11.270984327879187
14,25,22,7,26.68421052631579,29.19294555496993
14,34,65,7,15.45,14.982358046435113
9,0,108,4,25.4,24.65424058752101
14,25,22,0,21.6,27.538298689948913
14,25,22,1,14.85,16.734065476399365
14,25,22,2,47.15,112.25594580431387
14,25,22,3,44.8421052631579,110.29166542394897
14,25,22,4,28.166666666666668,35.916979435424494
14,25,22,5,14.777777777777779,18.52043563061389
14,25,22,6,23.72222222222222,18.5719762183133
14,25,22,7,20.0,21.46680063287878
14,34,65,7,27.2,70.70293673644608
14,25,22,0,20.25,30.254838673473287
14,25,22,1,28.5,33.071692459039085
14,25,22,2,16.7,15.583729706939458
14,25,22,3,29.6,48.00920964279995
14,25,22,4,24.4,37.767153648863214
14,25,22,5,25.35,27.983594818167454
14,25,22,6,14.9,17.70191782651931
14,25,22,7,11.105263157894736,7.745211688105578
9,0,108,4,29.85,28.281061172675816
14,34,65,7,8.0,8.347706902276565
14,25,22,0,19.8,19.57334385008561
14,25,22,1,38.95,108.7457077192862
14,25,22,2,27.736842105263158,38.02461498857339
14,25,22,3,18.263157894736842,21.3172911174191
14,25,22,4,13.68421052631579,11.494214156014646
14,25,22,5,17.526315789473685,26.88735436150986
14,25,22,6,17.05263157894737,16.981930541380763
14,25,22,7,20.105263157894736,14.567447488005216
9,0,108,4,32.95,29.819589110798322
14,30,22,0,30.1,39.78084701805234
14,30,22,1,28.05,44.69013196150624
14,30,22,2,21.55,24.405510594298597
14,30,22,3,23.05,25.862948502890347
14,30,22,4,15.8,19.77132426414313
14,30,22,5,27.85,27.209276668851476
14,30,22,6,20.94736842105263,31.192010523014325
14,30,22,7,16.57894736842105,26.456076364574304
14,34,65,7,10.45,11.057148199955968
14,30,22,0,20.95,15.872767145085486
14,30,22,1,23.55,24.450756096370732
14,30,22,2,13.15,12.524817468992469
14,30,22,3,20.1,16.48891174475489
14,30,22,4,15.2,21.561661883025035
14,30,22,5,19.85,22.248063191870745
14,30,22,6,15.2,17.117550242829417
14,30,22,7,20.4,33.05083803380547
9,0,108,4,25.3,18.45934366170836
14,33,65,7,10.3,11.064880430775942
14,30,22,0,20.5,27.275398593257123
14,30,22,1,24.3,44.68262349174747
14,30,22,2,42.6,109.44856999378389
14,30,22,3,20.210526315789473,26.368286817834832
14,30,22,4,17.210526315789473,13.51369242808699
14,30,22,5,13.68421052631579,12.00487230520706
14,30,22,6,19.57894736842105,17.864663412177944
14,30,22,7,17.473684210526315,15.475315186352717
9,12,108,4,25.05,23.75195282830224
14,30,22,0,21.1,23.78168246892199
14,30,22,1,15.0,15.11360488538651
14,30,22,2,12.15,9.286521075419499
14,30,22,3,12.8,13.077099308171881
14,30,22,4,15.5,20.348283258765278
14,30,22,5,11.35,16.705734911920764
14,30,22,6,18.55,17.358374287206072
14,30,22,7,14.9,21.23527353497626
14,33,65,7,6.35,6.0199230629809986
14,30,22,0,22.0,18.820481564396527
14,30,22,1,18.6,18.68407709366736
14,30,22,2,21.15,21.974327125797934
14,30,22,3,19.45,20.79087603531389
14,30,22,4,13.95,11.664047325006875
14,30,22,5,14.75,14.115594213493106
14,30,22,6,12.85,10.469378908838962
14,30,22,7,18.4,16.655645478809564
14,33,65,7,8.85,8.235194050696776
9,12,108,4,22.65,20.48433290924657
14,45,22,0,22.4,29.214992546185666
14,45,22,1,14.0,17.70816047387252
14,45,22,2,11.4,12.054263277276416
14,45,22,3,23.35,29.211164051833986
14,45,22,4,26.5,25.905699433867728
14,45,22,5,13.3,10.387745816966007
14,45,22,6,13.0,11.630269037934458
14,45,22,7,10.3,10.998085957876583
14,45,22,0,20.15,20.152771782718023
14,45,22,1,24.9,38.67394063462536
14,45,22,2,21.75,24.38048183971847
14,45,22,3,10.65,11.277714400766811
14,45,22,4,19.4,21.05731526847118
14,45,22,5,25.55,29.137559410854106
14,45,22,6,31.15,43.178058511726825
14,45,22,7,20.8,19.88810805746145
14,33,65,7,13.5,17.777869151811963
9,12,108,4,34.75,33.99825846932999
14,45,22,0,33.6,29.335446494857234
14,45,22,1,26.4,24.62647270509394
14,45,22,2,28.8,31.921944275306753
14,45,22,3,24.8,32.08475617715317
14,45,22,4,17.25,21.083480687370788
14,45,22,5,23.2,26.557980265627762
14,45,22,6,31.7,48.32249122194278
14,45,22,7,20.65,24.887695120702773
14,33,65,7,17.95,16.67483133347981
9,12,108,4,43.65,41.588554852709684
14,45,22,0,23.25,47.751412213892195
14,45,22,1,17.65,28.346121984831495
14,45,22,2,11.35,22.769497139814046
14,45,22,3,68.25,147.9277472993239
14,45,22,4,18.555555555555557,21.38779812174998
14,45,22,5,17.666666666666668,16.233588998268555
14,45,22,6,12.823529411764707,19.14822215676186
14,45,22,7,21.764705882352942,26.555435911891717
14,43,65,7,10.0,11.04536101718726
14,45,22,0,12.7,16.338846187440602
14,45,22,1,28.75,36.67908481897953
14,45,22,2,21.1,24.977674241736675
14,45,22,3,21.35,38.94567741705983
14,45,22,4,22.4,37.68204933526391
14,45,22,5,12.8,19.567965227838453
14,45,22,6,7.578947368421052,8.133031343257528
14,45,22,7,17.263157894736842,23.19444882165452
9,12,108,4,28.75,24.825443230261723
14,45,22,0,16.4,17.81897273901288
14,45,22,1,17.2,20.666779852548007
14,45,22,2,19.1,31.564303622254915
14,45,22,3,13.1,10.789370987957986
14,45,22,4,22.15,36.50706492548647
14,45,22,5,28.7,43.12295761754069
14,45,22,6,18.55,27.390884000261646
14,45,22,7,13.65,18.491178551150448
14,43,65,7,12.7,14.127613870863351
9,18,108,4,17.55,16.64639995851798
14,45,22,0,17.05,16.17494814113545
14,45,22,1,29.2,26.71211040156249
14,45,22,2,15.2,12.063865139550556
14,45,22,3,27.0,30.421598975243334
14,45,22,4,14.6,22.70729073737285
14,45,22,5,17.15,17.652418948598577
14,45,22,6,19.7,17.25993230455713
14,45,22,7,37.45,106.87103639926316
14,43,65,7,23.0,71.68718596498921
14,45,22,0,21.3,22.37503307848187
14,45,22,1,16.95,13.076596209298986
14,45,22,2,29.2,47.43704969968649
14,45,22,3,19.75,18.113312928980108
14,45,22,4,25.1,46.30209725839981
14,45,22,5,22.894736842105264,24.358194461554422
14,45,22,6,17.526315789473685,20.916151178382677
14,45,22,7,17.473684210526315,17.001203947736016
9,18,108,4,28.0,31.251105243612884
14,43,65,7,9.5,9.372411923467613
14,45,22,0,23.7,27.66548295924763
14,45,22,1,41.4,110.02793903559703
14,45,22,2,15.578947368421053,18.94822122837123
14,45,22,3,15.368421052631579,14.59532088762921
14,45,22,4,17.94736842105263,35.785586304188215
14,45,22,5,20.894736842105264,27.29243838469652
14,45,22,6,11.157894736842104,14.893186950544187
14,45,22,7,20.473684210526315,35.00852026618764
14,43,65,7,11.4,11.217467581739134
9,18,108,4,38.75,63.765916485714826
14,45,22,0,50.95,108.74667569026748
14,45,22,1,30.63157894736842,32.627886038914944
14,45,22,2,23.842105263157894,35.704439745553486
14,45,22,3,22.526315789473685,29.144026300527656
14,45,22,4,15.157894736842104,16.415653633362464
14,45,22,5,26.105263157894736,32.10727632457254
14,45,22,6,23.789473684210527,17.681060008973887
14,45,22,7,19.736842105263158,21.26771707244772
14,37,22,0,41.0,108.9239232337487
14,37,22,1,11.052631578947368,7.253150152485671
14,37,22,2,20.105263157894736,20.555871658704305
14,37,22,3,26.105263157894736,27.452777104698058
14,37,22,4,20.526315789473685,25.686936630324226
14,37,22,5,18.0,23.570226039551585
14,37,22,6,34.0,45.32720546819046
14,37,22,7,18.42105263157895,16.81043257250847
14,40,65,7,10.4,8.78635305459552
9,18,108,4,20.8,18.274514897442344
14,37,22,0,31.1,36.37943317170757
14,37,22,1,21.85,36.861440415069026
14,37,22,2,28.25,30.73293279032668
14,37,22,3,28.4,33.06516691562126
14,37,22,4,27.15,31.974126052827547
14,37,22,5,32.95,29.942884226297803
14,37,22,6,20.25,17.492479587104373
14,37,22,7,29.1,29.987541272651004
14,40,65,7,9.9,7.642677954473124
9,18,108,4,31.65,27.618214813301826
14,37,22,0,33.85,31.46807070165266
14,37,22,1,21.3,21.29516871326254
14,37,22,2,21.65,15.611315059748708
14,37,22,3,11.45,9.795138428940414
14,37,22,4,13.75,13.415917490252507
14,37,22,5,21.15,17.269611277739013
14,37,22,6,18.95,14.848267664329699
14,37,22,7,28.2,42.42342947500888
14,40,65,7,11.4,9.719215909461877
9,4,108,4,18.65,17.211608689608607
14,37,22,0,22.1,23.14689930354433
14,37,22,1,20.2,19.02519105651352
14,37,22,2,38.25,108.64470098735408
14,37,22,3,15.368421052631579,14.568651757629725
14,37,22,4,26.157894736842106,29.55082844842601
14,37,22,5,20.210526315789473,19.617392927276494
14,37,22,6,21.105263157894736,24.48331571781101
14,37,22,7,23.263157894736842,29.628893753045183
14,40,65,7,7.9,6.98042375429126
14,37,22,0,17.45,16.595735025982776
14,37,22,1,17.5,15.312533566021212
14,37,22,2,13.4,10.525157831045625
14,37,22,3,28.05,37.9479907241477
14,37,22,4,32.15,36.79856261494892
14,37,22,5,21.9,18.752964677898966
14,37,22,6,19.95,14.82698464571305
14,37,22,7,21.3,23.97388930526402
9,4,108,4,26.0,30.97027437296677
14,40,65,7,8.7,8.169906267580592
14,41,22,0,35.15,51.003895620050955
14,41,22,1,43.75,108.99776675645577
14,41,22,2,22.526315789473685,21.195828785276053
14,41,22,3,17.473684210526315,14.569253855113404
14,41,22,4,15.736842105263158,14.96975508321569
14,41,22,5,22.210526315789473,28.82818633707955
14,41,22,6,23.63157894736842,25.46939454481657
14,41,22,7,18.68421052631579,18.490395800039146
9,4,108,4,25.1,22.643460773244747
14,27,65,7,8.25,6.103277807866851
14,41,22,0,24.1,24.539763650043575
14,41,22,1,44.65,107.83724334677505
14,41,22,2,15.526315789473685,15.229242415872283
14,41,22,3,35.8421052631579,37.842162197291024
14,41,22,4,34.63157894736842,61.782063673956905
14,41,22,5,14.166666666666666,14.267404232354664
14,41,22,6,18.72222222222222,23.0084525531138
14,41,22,7,13.222222222222221,9.187943222157763
14,41,22,0,25.65,38.56815566732414
14,41,22,1,31.35,58.01567392569556
14,41,22,2,23.3,26.395972579563203
14,41,22,3,12.894736842105264,17.297702920208494
14,41,22,4,14.105263157894736,13.307870423350176
14,41,22,5,19.57894736842105,23.504883155713465
14,41,22,6,11.736842105263158,11.910975821872857
14,41,22,7,15.263157894736842,17.732086752122413
14,27,65,7,11.45,11.749468073066117
9,4,108,4,47.7,52.152710985699436
14,41,22,0,13.5,14.795091646965394
14,41,22,1,39.55,109.87096498788213
14,41,22,2,19.210526315789473,25.459289828989558
14,41,22,3,8.31578947368421,8.667004042016336
14,41,22,4,10.31578947368421,8.950807732508139
14,41,22,5,14.157894736842104,22.91836516831652
14,41,22,6,8.842105263157896,10.740697049047384
14,41,22,7,9.894736842105264,11.415850271745008
14,41,22,0,15.65,11.91758983051611
14,41,22,1,12.25,12.082501483768299
14,41,22,2,9.25,11.341006174613943
14,41,22,3,24.65,47.6459254346719
14,41,22,4,19.6,39.20848458124714
14,41,22,5,10.5,13.831695104855523
14,41,22,6,44.7,108.47221327432928
14,41,22,7,13.947368421052632,24.049656232725678
14,27,65,7,8.55,8.43223763771796
9,4,108,4,22.35,24.51696512514076
14,36,22,0,24.4,33.19067719453128
14,36,22,1,23.1,32.936781551137756
14,36,22,2,14.25,15.378984293337998
14,36,22,3,22.45,22.28399236648302
14,36,22,4,11.5,10.728712092226855
14,36,22,5,16.5,20.952326839756964
14,36,22,6,16.65,19.550945595653694
14,36,22,7,12.9,13.76073743433985
14,27,65,7,8.9,6.576673291182052
9,7,108,4,29.35,21.02698767123612
14,36,22,0,46.55,109.43033111720466
14,36,22,1,23.42105263157895,32.239237290181535
14,36,22,2,18.263157894736842,30.12537156112612
14,36,22,3,25.473684210526315,49.01175416962369
14,36,22,4,46.94736842105263,109.76109090211973
14,36,22,5,14.11111111111111,19.044495542216822
14,36,22,6,15.555555555555555,17.208828863396636
14,36,22,7,49.666666666666664,112.25915395663208
14,27,65,7,5.7,5.33212705656649
14,36,22,0,21.0,41.52868380947521
14,36,22,1,15.65,19.78376527410929
14,36,22,2,14.45,25.15106987365495
14,36,22,3,10.05,10.435138008821825
14,36,22,4,12.15,13.2477406216663
14,36,22,5,32.7,109.17590827361329
14,36,22,6,15.052631578947368,16.96883969126458
14,36,22,7,16.05263157894737,24.80249468682653
9,7,108,4,26.7,20.243517480912253
14,36,22,0,22.4,25.537176202960513
14,36,22,1,37.4,109.37978260220333
14,36,22,2,9.052631578947368,8.188567126118427
14,36,22,3,15.947368421052632,27.175302685037234
14,36,22,4,21.36842105263158,21.401481065871717
14,36,22,5,13.052631578947368,16.830771040007928
14,36,22,6,14.789473684210526,15.16420839919674
14,36,22,7,15.105263157894736,16.42793940159435
14,28,65,7,12.9,15.56953841049212
14,36,22,0,45.15,109.59123812460652
14,36,22,1,17.789473684210527,19.483836455917395
14,36,22,2,22.473684210526315,22.628321539003164
14,36,22,3,14.052631578947368,12.478753873909607
14,36,22,4,12.210526315789474,14.38972993093964
14,36,22,5,16.105263157894736,21.971938509638722
14,36,22,6,21.31578947368421,28.86953917882412
14,36,22,7,11.421052631578947,11.137104099329333
9,7,108,4,39.85,64.9771417297531
14,28,65,7,8.05,9.219401738781787
14,46,22,0,15.95,14.325079222707362
14,46,22,1,20.4,27.286781067993925
14,46,22,2,10.9,12.41772926102031
14,46,22,3,16.2,18.802575411503156
14,46,22,4,12.1,16.30918372219194
14,46,22,5,12.05,13.743802431028971
14,46,22,6,13.45,12.626100785778307
14,46,22,7,25.1,31.79192217827468
14,46,22,0,20.3,15.089557211598533
14,46,22,1,37.35,108.8737922163959
14,46,22,2,17.68421052631579,23.523162654850427
14,46,22,3,20.263157894736842,22.79337648739007
14,46,22,4,19.36842105263158,20.841226574897142
14,46,22,5,23.05263157894737,30.02864129869372
14,46,22,6,22.842105263157894,21.253138743083305
14,46,22,7,13.894736842105264,14.305767045504199
14,28,65,7,13.95,15.574861661969063
9,7,108,4,37.85,29.711374748969195
14,46,22,0,34.05,29.688691804332365
14,46,22,1,19.55,19.538019616284448
14,46,22,2,19.4,18.972001531342528
14,46,22,3,16.4,22.335716028959443
14,46,22,4,26.9,20.718412863415658
14,46,22,5,17.05,13.032247453306375
14,46,22,6,16.15,16.21329863511984
14,46,22,7,21.25,25.492775034259576
14,28,65,7,8.05,17.51833625842243
9,7,108,4,35.6,38.383658803687474
14,46,22,0,14.6,17.2638960047597
14,46,22,1,16.4,13.390491520399642
14,46,22,2,15.25,11.447247428277704
14,46,22,3,32.3,42.24502462140551
14,46,22,4,20.35,23.331196644023752
14,46,22,5,20.9,27.00662686706435
14,46,22,6,19.2,17.635490532326838
14,46,22,7,36.55,38.96756410954602
14,28,65,7,8.85,9.869010508711227
14,46,22,0,44.35,62.37853460083339
14,46,22,1,18.05,16.096665231623206
14,46,22,2,21.35,17.91287393556877
14,46,22,3,17.95,18.675835780635445
14,46,22,4,22.35,31.651515304209873
14,46,22,5,23.5,25.562101882114057
14,46,22,6,23.789473684210527,32.26380660080687
14,46,22,7,22.68421052631579,21.11621975738331
10,27,108,5,22.6,21.062313563129262
14,42,65,7,16.75,19.506746471278515
14,38,22,0,20.05,27.84066507070094
14,38,22,1,16.95,23.992268491504113
14,38,22,2,17.2,20.587681549386453
14,38,22,3,20.95,30.655084578684747
14,38,22,4,41.35,110.53376478657884
14,38,22,5,29.789473684210527,37.63358273812902
14,38,22,6,18.157894736842106,34.58204922579012
14,38,22,7,14.421052631578947,21.250662184385074
14,38,22,0,42.1,109.59778138361435
14,38,22,1,17.31578947368421,18.97674785268349
14,38,22,2,30.42105263157895,42.596707996789405
14,38,22,3,17.789473684210527,25.306079522887647
14,38,22,4,20.57894736842105,18.830577348420675
14,38,22,5,15.31578947368421,16.616767407180237
14,38,22,6,18.0,19.4164878389476
14,38,22,7,21.833333333333332,30.24264616495758
10,27,108,5,22.6,29.252800135875432
14,42,65,7,11.1,12.160765211380236
14,38,22,0,22.65,22.026957168552876
14,38,22,1,13.25,10.59729359690234
14,38,22,2,14.8,22.938361341923088
14,38,22,3,27.25,37.904138088215724
14,38,22,4,12.75,12.468381062342836
14,38,22,5,11.05,18.779818394951757
14,38,22,6,23.2,30.61062766941883
14,38,22,7,22.9,40.3026706702905
14,42,65,7,31.8,72.09102433364146
14,38,22,0,28.75,31.203702546838556
14,38,22,1,23.2,32.702164744055835
14,38,22,2,22.25,22.911442785785358
14,38,22,3,16.55,21.174649689515153
14,38,22,4,16.7,18.747912164460228
14,38,22,5,12.75,12.731539783669447
14,38,22,6,15.85,19.950662830302683
14,38,22,7,35.6,105.85958922827422
10,27,108,5,18.35,24.690238855402797
14,42,65,7,9.5,10.79229744820473
14,38,22,0,79.5,149.34858553063032
14,38,22,1,11.444444444444445,10.342500677371886
14,38,22,2,40.333333333333336,114.52253823901164
14,38,22,3,22.529411764705884,31.871063770799253
14,38,22,4,19.705882352941178,17.65561067296439
14,38,22,5,19.294117647058822,28.345556763543986
14,38,22,6,18.647058823529413,19.387306338396357
14,38,22,7,16.41176470588235,24.01577300319888
10,27,108,5,32.75,54.04274623899707
14,35,22,0,15.15,14.904167555630734
14,35,22,1,20.45,33.348991936157454
14,35,22,2,13.8,12.742799824544882
14,35,22,3,42.9,109.00550444816994
14,35,22,4,55.36842105263158,109.84848682835613
14,35,22,5,15.222222222222221,20.14522438096625
14,35,22,6,16.055555555555557,18.43740514543009
14,35,22,7,23.166666666666668,30.119858604464614
14,42,65,7,9.9,11.525258302848071
14,35,22,0,27.05,32.373600355845504
14,35,22,1,22.15,22.050838389598944
14,35,22,2,20.3,14.491739934037923
14,35,22,3,26.95,34.036319610551004
14,35,22,4,24.85,25.07100443057467
14,35,22,5,11.95,12.849226886429678
14,35,22,6,13.5,11.486834569238502
14,35,22,7,16.45,17.488266743282782
10,27,108,5,26.7,54.67328800294191
14,47,65,7,8.65,10.539524607275625
14,35,22,0,21.0,31.996710357225954
14,35,22,1,18.2,19.07492153532872
14,35,22,2,11.9,11.082940897946196
14,35,22,3,11.7,10.618256373861605
14,35,22,4,13.45,17.925210121355256
14,35,22,5,15.95,16.984435599441593
14,35,22,6,9.9,15.50517740355748
14,35,22,7,11.05,15.513915654900552
14,47,65,7,7.8,5.317300462690285
14,35,22,0,21.1,29.033374624822088
14,35,22,1,21.8,27.66453172908361
14,35,22,2,42.65,108.40094920928361
14,35,22,3,31.0,43.14446018255929
14,35,22,4,24.473684210526315,28.717722791669633
14,35,22,5,24.842105263157894,40.7679928346501
14,35,22,6,26.0,28.246927069840517
14,35,22,7,23.27777777777778,23.072279153986436
10,38,108,5,22.8,21.673656092617428
14,35,22,0,29.55,38.31101943992506
14,35,22,1,35.1,52.56564817845446
14,35,22,2,25.85,41.79936413517869
14,35,22,3,11.35,12.11469312338056
14,35,22,4,48.15,111.0065313393766
14,35,22,5,10.789473684210526,9.34272710227599
14,35,22,6,21.88888888888889,38.968899951098095
14,35,22,7,26.11764705882353,29.750803251637542
14,47,65,7,12.2,14.384201860301278
14,29,22,0,24.75,27.37243138634199
14,29,22,1,14.8,18.297540818372287
14,29,22,2,17.1,17.552627633551204
14,29,22,3,18.1,17.44133022449836
14,29,22,4,15.85,17.24826459615423
14,29,22,5,12.4,11.573108575713922
14,29,22,6,20.5,27.448516401284405
14,29,22,7,22.75,22.14753164338493
10,38,108,5,46.85,64.8035695897915
14,47,65,7,11.25,8.129705115387512
14,29,22,0,19.45,25.382287649378444
14,29,22,1,14.9,15.403007225180003
14,29,22,2,16.55,18.774212437052558
14,29,22,3,41.45,49.080465617831685
14,29,22,4,22.3,24.696260104677688
14,29,22,5,13.05,16.034420213370588
14,29,22,6,10.45,12.106870602656729
14,29,22,7,15.95,18.51450356086447
14,29,22,0,18.8,21.34824040573491
14,29,22,1,21.5,30.429383306617517
14,29,22,2,19.35,19.602027285059332
14,29,22,3,14.95,18.57693816480389
14,29,22,4,12.45,9.349781871927899
14,29,22,5,16.4,31.493357695669232
14,29,22,6,13.15,14.844013501816322
14,29,22,7,12.15,10.752111175803666
14,47,65,7,7.85,8.060788782090354
10,38,108,5,28.9,55.7238491888442
14,29,22,0,27.3,18.011984314543703
14,29,22,1,18.35,19.733154041385596
14,29,22,2,26.95,48.13082500632493
14,29,22,3,24.6,22.960836221705865
14,29,22,4,26.9,26.61400501912282
14,29,22,5,19.4,17.38238672970581
14,29,22,6,24.45,26.32284379133755
14,29,22,7,24.31578947368421,37.02409520475813
14,24,65,7,17.6,27.47324056911417
14,29,22,0,21.15,22.186470509844746
14,29,22,1,16.05,15.59512406929942
14,29,22,2,22.3,22.796814181856753
14,29,22,3,17.85,28.57174717867469
14,29,22,4,19.9,17.044523738540896
14,29,22,5,12.3,10.2191770190837
14,29,22,6,16.45,14.780766307319084
14,29,22,7,21.05,27.029175270242224
10,38,108,5,36.15,61.80042156217997
15,23,22,0,41.1,108.85572295957907
15,23,22,1,18.57894736842105,23.98220587915985
15,23,22,2,13.210526315789474,13.842683375738089
15,23,22,3,22.263157894736842,36.12454091252027
15,23,22,4,21.0,24.734141945452198
15,23,22,5,12.421052631578947,14.833579733809982
15,23,22,6,17.0,25.174943451332275
15,23,22,7,17.94736842105263,28.514077778861225
14,24,65,7,40.8,97.51793357337435
15,23,22,0,30.85,41.7048211273368
15,23,22,1,16.6,16.12255693447113
15,23,22,2,41.0,109.9382601855768
15,23,22,3,13.473684210526315,14.260935067724276
15,23,22,4,18.263157894736842,22.8785248778149
15,23,22,5,16.57894736842105,20.902726535267764
15,23,22,6,14.68421052631579,11.484543388489822
15,23,22,7,15.631578947368421,16.65403029738444
10,38,108,5,30.2,60.87225623342188
14,24,65,7,6.6,6.394076205857714
15,23,22,0,19.0,18.538721922676217
15,23,22,1,16.0,15.94728157002579
15,23,22,2,18.4,20.88918128450328
15,23,22,3,16.35,14.861731145178846
15,23,22,4,14.05,13.73230919363068
15,23,22,5,16.75,19.083955785451103
15,23,22,6,14.9,17.802720076023867
15,23,22,7,16.85,19.405031903037283
15,23,22,0,23.85,18.88824474305869
15,23,22,1,25.65,30.331978955689998
15,23,22,2,20.45,25.938134900282698
15,23,22,3,23.0,27.316854253661596
15,23,22,4,20.55,17.303711193054266
15,23,22,5,25.5,39.4241443520939
15,23,22,6,18.35,20.160605149647665
15,23,22,7,20.55,18.19043994144061
14,24,65,7,17.2,25.859132561671615
10,35,108,5,26.95,39.12123531576653
15,23,22,0,15.35,21.310424925991406
15,23,22,1,36.7,67.93580561243478
15,23,22,2,19.3,25.406381295381593
15,23,22,3,21.0,41.954862963854254
15,23,22,4,24.57894736842105,31.268222757073435
15,23,22,5,17.157894736842106,19.053326212661183
15,23,22,6,19.31578947368421,18.00324856975339
15,23,22,7,27.157894736842106,31.47532218155596
14,24,65,7,14.6,18.630478706734976
15,13,22,0,21.25,20.705643776770774
15,13,22,1,18.2,14.862882060956238
15,13,22,2,14.5,15.696127581433313
15,13,22,3,20.8,27.89567029222692
15,13,22,4,17.3,25.24219525026759
15,13,22,5,18.1,21.257568311693504
15,13,22,6,17.2,22.67528216037524
15,13,22,7,20.0,18.584090536064217
10,35,108,5,13.9,13.637795778065108
14,24,65,7,46.65,96.5141249547934
15,13,22,0,53.45,108.68955065254724
15,13,22,1,22.210526315789473,18.36233750361024
15,13,22,2,20.894736842105264,20.5720812344252
15,13,22,3,23.842105263157894,19.749157950811014
15,13,22,4,13.842105263157896,12.162159703562963
15,13,22,5,24.894736842105264,25.937734709710963
15,13,22,6,25.68421052631579,34.70359032271084
15,13,22,7,48.578947368421055,70.05578395462487
10,35,108,5,40.55,62.286667492878614
14,24,65,7,33.8,73.85305467081594
15,13,22,0,24.7,20.983953769236955
15,13,22,1,24.8,24.60124087584972
15,13,22,2,34.25,25.529910218985762
15,13,22,3,19.7,23.310490071391055
15,13,22,4,33.5,28.728309895879434
15,13,22,5,26.45,34.971379275359624
15,13,22,6,22.9,23.282928012647066
15,13,22,7,38.95,41.65961694747717
15,13,22,0,31.95,67.29391542057559
15,13,22,1,34.1,49.499494946918404
15,13,22,2,41.1578947368421,110.58644841525302
15,13,22,3,17.333333333333332,31.98529073698427
15,13,22,4,20.77777777777778,23.018037826006744
15,13,22,5,20.27777777777778,23.551709206253964
15,13,22,6,20.61111111111111,19.903115005649354
15,13,22,7,19.22222222222222,18.164462899251955
14,24,65,7,9.6,9.411079696433964
10,35,108,5,21.7,18.705754813904054
15,13,22,0,17.35,17.254366342892364
15,13,22,1,31.8,45.41805808266135
15,13,22,2,40.45,108.6008989979268
15,13,22,3,10.31578947368421,7.803507983087175
15,13,22,4,17.68421052631579,19.22397990814524
15,13,22,5,16.894736842105264,20.797688805468812
15,13,22,6,25.0,29.775082796787576
15,13,22,7,18.36842105263158,20.042206926372458
14,24,65,7,7.3,8.137631881055997
10,35,108,5,19.4,18.776805400616784
15,21,22,0,16.4,19.05780679931455
15,21,22,1,40.3,109.0630430916956
15,21,22,2,14.578947368421053,12.089094210502678
15,21,22,3,22.68421052631579,26.26796238677862
15,21,22,4,24.157894736842106,37.7730991254869
15,21,22,5,25.36842105263158,25.122390469936903
15,21,22,6,21.36842105263158,24.12516096967781
15,21,22,7,32.36842105263158,23.343356243303027
14,24,65,7,11.85,16.2716252867894
15,21,22,0,21.0,25.949343364575366
15,21,22,1,29.7,42.53803251828081
15,21,22,2,17.55,30.35140679996303
15,21,22,3,17.9,32.97511023085203
15,21,22,4,20.9,29.989296336140363
15,21,22,5,16.6,19.26928289163597
15,21,22,6,18.5,29.186334221055542
15,21,22,7,31.95,31.969516730785905
10,26,108,5,22.7,34.60316383466144
14,35,65,7,10.3,13.514514614412088
15,21,22,0,22.65,29.737934306910176
15,21,22,1,16.95,18.84416704391434
15,21,22,2,23.85,37.199709959254136
15,21,22,3,15.45,16.769254447853132
15,21,22,4,13.75,17.29580113328392
15,21,22,5,28.65,39.885724922979385
15,21,22,6,11.25,9.930680795022646
15,21,22,7,28.1,23.23993840013577
15,21,22,0,27.0,34.928498393145965
15,21,22,1,13.45,11.440808767878163
15,21,22,2,19.5,21.792079681437137
15,21,22,3,39.95,54.22513982899153
15,21,22,4,19.5,31.8640202967812
15,21,22,5,25.7,31.92111988538062
15,21,22,6,14.947368421052632,12.407317214766303
15,21,22,7,46.1578947368421,53.52389202537368
14,35,65,7,9.2,8.408016225133327
10,26,108,5,16.1,16.482526633090156
15,21,22,0,25.55,32.383353423439154
15,21,22,1,11.8,12.18540973977961
15,21,22,2,17.15,18.599023743479826
15,21,22,3,21.55,21.271366966689726
15,21,22,4,20.4,23.31116741640773
15,21,22,5,24.4,37.376322367030845
15,21,22,6,17.05,23.475575212951597
15,21,22,7,37.1,36.80946674573354
14,35,65,7,11.85,15.547126998089931
15,18,22,0,32.7,49.801817764330444
15,18,22,1,21.65,18.385563558629936
15,18,22,2,23.05,36.999964438105245
15,18,22,3,22.4,27.040710049848915
15,18,22,4,17.45,18.8692872149427
15,18,22,5,13.45,14.36910062013552
15,18,22,6,11.9,11.74241076297009
15,18,22,7,24.55,30.627601930285042
10,26,108,5,27.65,54.82822457937441
14,35,65,7,24.45,71.37630079928122
15,18,22,0,20.45,20.846494088682483
15,18,22,1,17.3,20.96387870901556
15,18,22,2,13.25,12.156328219880939
15,18,22,3,11.65,10.28680810808832
15,18,22,4,20.75,30.983654434318485
15,18,22,5,17.3,30.53746620309654
15,18,22,6,16.2,23.304844763990257
15,18,22,7,34.05,39.9887813215025
10,26,108,5,9.15,10.494484767072455
15,18,22,0,22.7,22.231083028759056
15,18,22,1,23.3,17.162075693378792
15,18,22,2,22.5,28.264726017460443
15,18,22,3,28.45,24.26493029261084
15,18,22,4,17.05,14.623251132501641
15,18,22,5,17.9,19.40130218093078
15,18,22,6,27.3,27.648355809114012
15,18,22,7,36.65,35.94626838110342
14,35,65,7,13.15,11.708184272011115
15,18,22,0,12.4,13.888276009869468
15,18,22,1,19.25,17.438236873696777
15,18,22,2,14.35,10.183965725331998
15,18,22,3,30.25,33.590216307415275
15,18,22,4,21.7,29.255858612556473
15,18,22,5,20.3,27.447749404430613
15,18,22,6,16.7,21.428215535891727
15,18,22,7,16.35,17.622578221074654
14,36,65,7,23.75,71.17944336600797
10,26,108,5,22.4,45.0676684203
15,18,22,0,22.25,17.18590303585746
15,18,22,1,25.05,21.554032471662318
15,18,22,2,19.05,20.18200083972689
15,18,22,3,16.7,23.559778392309568
15,18,22,4,22.9,36.590047539561475
15,18,22,5,17.95,17.080228643853566
15,18,22,6,15.05,19.041436810006587
15,18,22,7,15.842105263157896,18.741703817644332
14,36,65,7,25.1,71.18537697263984
15,5,22,0,27.15,29.700744275629116
15,5,22,1,30.9,50.0903394404865
15,5,22,2,25.4,27.795115057373508
15,5,22,3,35.4,27.99135204797518
15,5,22,4,37.05,58.826663306611856
15,5,22,5,16.2,20.725270615971773
15,5,22,6,17.22222222222222,15.406475168713415
15,5,22,7,36.388888888888886,46.463317458841075
10,46,108,5,25.45,28.292597134790913
15,5,22,0,27.35,33.32341519112349
15,5,22,1,8.15,8.387176929223877
15,5,22,2,12.15,11.169860763397375
15,5,22,3,12.35,13.203966708610912
15,5,22,4,13.7,12.827191512769392
15,5,22,5,14.05,10.6695582703414
15,5,22,6,14.35,15.187512183230982
15,5,22,7,29.65,20.04015705369701
14,36,65,7,23.05,71.40947526690515
15,5,22,0,20.85,14.038574676489363
15,5,22,1,30.3,37.23623023488365
15,5,22,2,11.4,10.58499434403051
15,5,22,3,29.6,27.209518458378533
15,5,22,4,32.75,28.836882450668696
15,5,22,5,16.6,19.84253803799992
15,5,22,6,16.1,19.039847412037844
15,5,22,7,27.55,27.692816853168942
10,46,108,5,22.05,22.29343778830561
14,36,65,7,13.55,19.94063558085401
15,5,22,0,25.45,27.45997086669977
15,5,22,1,25.45,33.04777243866664
15,5,22,2,17.1,20.41387557004974
15,5,22,3,44.75,107.19332019644153
15,5,22,4,17.842105263157894,15.345151814515434
15,5,22,5,13.894736842105264,13.592868787395288
15,5,22,6,18.105263157894736,16.868427895009148
15,5,22,7,30.68421052631579,32.10754953032239
15,5,22,0,25.9,25.233436464133728
15,5,22,1,18.05,19.706998489716394
15,5,22,2,16.2,19.179484653633093
15,5,22,3,16.15,25.627442117263364
15,5,22,4,21.6,42.49012269123013
15,5,22,5,14.9,15.351667147594306
15,5,22,6,17.2,19.81918262693999
15,5,22,7,30.0,21.827607391659868
14,36,65,7,7.05,5.539095499029459
10,46,108,5,16.7,11.765695004859188
15,3,22,0,19.2,39.90462313277023
15,3,22,1,51.05,108.92511913671413
15,3,22,2,35.10526315789474,44.21022347431782
15,3,22,3,18.210526315789473,16.477523234085414
15,3,22,4,30.736842105263158,40.47885882403192
15,3,22,5,21.61111111111111,26.582034819843997
15,3,22,6,12.5,13.003393222313845
15,3,22,7,29.833333333333332,26.62650161465629
14,33,65,7,10.05,16.027854044230562
10,46,108,5,18.6,15.332799380481871
15,3,22,0,11.6,9.821565959394501
15,3,22,1,17.55,14.365437322743928
15,3,22,2,11.75,11.570720761792172
15,3,22,3,17.0,16.895966507143836
15,3,22,4,35.3,107.5987184427692
15,3,22,5,11.736842105263158,10.764355300213746
15,3,22,6,13.421052631578947,16.49011754379535
15,3,22,7,23.36842105263158,23.73981776190418
14,33,65,7,28.65,70.74660118300643
15,3,22,0,28.2,33.24961416475781
15,3,22,1,23.1,24.31135753640997
15,3,22,2,16.6,21.072306595699434
15,3,22,3,26.15,25.931640904501204
15,3,22,4,17.15,14.98165544924859
15,3,22,5,16.3,21.374111246527825
15,3,22,6,15.4,10.525157831045625
15,3,22,7,37.55,56.828898319521606
10,46,108,5,25.9,22.10239329741655
15,3,22,0,17.9,13.798932071569507
15,3,22,1,13.95,11.45000574580412
15,3,22,2,14.3,15.546534560541307
15,3,22,3,19.0,15.774729958486066
15,3,22,4,11.3,9.200114415764507
15,3,22,5,15.35,14.535890246667313
15,3,22,6,13.85,15.748934801072135
15,3,22,7,18.35,20.43545680274464
14,33,65,7,7.0,6.087087282021458
15,3,22,0,16.1,17.185979597824563
15,3,22,1,14.6,17.836686026867564
15,3,22,2,14.9,20.175284515048553
15,3,22,3,13.55,17.833956375409244
15,3,22,4,15.75,26.775627173351438
15,3,22,5,21.35,31.25325246232277
15,3,22,6,41.9,103.35320125920781
15,3,22,7,26.05263157894737,27.22024100679192
14,33,65,7,5.55,7.037306601998121
10,32,108,5,31.55,53.67198132123844
15,20,22,0,14.0,16.315959252087797
15,20,22,1,27.9,33.634099238406066
15,20,22,2,19.35,23.649357396410537
15,20,22,3,22.1,26.736334433638586
15,20,22,4,15.2,13.229154406680324
15,20,22,5,18.4,22.00574087775614
15,20,22,6,20.8,28.108062151182477
15,20,22,7,22.55,19.961739719562996
15,20,22,0,30.6,42.16808471369138
15,20,22,1,38.1,58.8315167951758
15,20,22,2,30.9,46.9388179610325
15,20,22,3,19.0,30.55107888524776
15,20,22,4,14.05,11.71806971709662
15,20,22,5,25.5,30.938819084053442
15,20,22,6,17.105263157894736,16.175752556225444
15,20,22,7,25.526315789473685,17.98261018333679
14,33,65,7,34.5,73.17426927691541
10,32,108,5,18.15,15.77564745522601
15,20,22,0,26.85,25.82180840827544
15,20,22,1,24.45,40.704939568351634
15,20,22,2,23.05,36.47273675385204
15,20,22,3,26.95,26.44851005653298
15,20,22,4,31.1,54.064191865829855
15,20,22,5,21.1,23.447365467540717
15,20,22,6,18.4,20.96463187069318
15,20,22,7,34.421052631578945,29.44734621031935
14,35,65,7,10.45,10.338863828446426
15,20,22,0,20.35,19.866064691221293
15,20,22,1,22.05,34.40390889664169
15,20,22,2,30.25,40.2765113735171
15,20,22,3,15.6,13.47277957489412
15,20,22,4,23.1,38.106360844904955
15,20,22,5,24.55,60.77176889590134
15,20,22,6,10.894736842105264,11.169873852078412
15,20,22,7,26.555555555555557,27.700546229955624
10,32,108,5,45.05,66.29398242120591
14,35,65,7,16.4,17.94259853268927
15,20,22,0,13.9,15.095834211010526
15,20,22,1,21.35,19.453791404248175
15,20,22,2,16.35,15.878734537938337
15,20,22,3,17.65,36.548849791103294
15,20,22,4,23.5,33.36796446640968
15,20,22,5,15.7,18.319101333968607
15,20,22,6,13.2,15.268129861698329
15,20,22,7,33.65,34.8700972784781
14,35,65,7,8.45,8.094670111284728
10,32,108,5,13.75,26.62384170942317
15,21,22,0,20.8,19.959432541242773
15,21,22,1,17.1,14.164076130534562
15,21,22,2,14.85,18.751210487241675
15,21,22,3,24.4,29.08499341765893
15,21,22,4,27.0,46.3953264433981
15,21,22,5,16.45,18.872076281053307
15,21,22,6,26.15,25.104570772753924
15,21,22,7,49.89473684210526,50.23267499772336
14,35,65,7,7.75,6.919651649278915
15,21,22,0,19.4,26.002833853660118
15,21,22,1,21.25,20.501283656857865
15,21,22,2,53.9,110.07600245189447
15,21,22,3,15.526315789473685,17.908310985103572
15,21,22,4,17.05263157894737,19.673653234184734
15,21,22,5,15.473684210526315,18.200636194780028
15,21,22,6,27.63157894736842,34.296437337354554
15,21,22,7,35.421052631578945,29.244782610604588
10,32,108,5,31.1,37.40799239115676
15,21,22,0,14.0,25.912809268979817
15,21,22,1,21.15,24.611240478584918
15,21,22,2,42.25,104.45944818822983
15,21,22,3,18.842105263157894,21.100982488697156
15,21,22,4,42.26315789473684,113.24253328599303
15,21,22,5,17.555555555555557,16.596322137652425
15,21,22,6,11.555555555555555,13.347051766201899
15,21,22,7,24.61111111111111,24.23691615233183
14,35,65,7,11.0,12.777447237016354
15,21,22,0,21.95,16.184706881562768
15,21,22,1,17.7,18.61832713385276
15,21,22,2,18.15,18.169595772232135
15,21,22,3,14.45,11.682082546856916
15,21,22,4,41.75,108.27395808780615
15,21,22,5,17.157894736842106,25.869894897125192
15,21,22,6,17.68421052631579,25.512638766738835
15,21,22,7,27.526315789473685,22.809277890690375
10,34,108,5,20.15,32.96613094486043
14,26,65,7,8.95,6.684428094262697
15,21,22,0,18.2,24.200043497133596
15,21,22,1,20.15,14.557598847698968
15,21,22,2,22.35,30.260752764839424
15,21,22,3,27.9,40.74942686067725
15,21,22,4,19.05,23.67871573686733
15,21,22,5,11.55,9.773621857352897
15,21,22,6,16.25,19.169259931353363
15,21,22,7,32.6,26.839483876126273
14,26,65,7,41.3,98.10365087900385
15,14,22,0,22.1,22.585276992813377
15,14,22,1,15.35,13.4449168637699
15,14,22,2,20.95,29.117683178512166
15,14,22,3,41.55,106.47731411456917
15,14,22,4,17.31578947368421,26.242570655709073
15,14,22,5,35.578947368421055,49.59986087511142
15,14,22,6,28.842105263157894,37.00940294618043
15,14,22,7,21.61111111111111,12.728563935860205
10,34,108,5,22.15,30.220723109534582
15,14,22,0,14.4,18.380195291328338
15,14,22,1,10.05,8.702540463928667
15,14,22,2,15.05,12.877867590723648
15,14,22,3,16.45,23.4867823970935
15,14,22,4,19.35,32.00374155757746
15,14,22,5,15.0,13.482932681142131
15,14,22,6,23.65,27.564804027103683
15,14,22,7,24.9,25.7557351814473
14,26,65,7,28.45,71.95574297697453
10,34,108,5,18.1,20.104725812604357
15,14,22,0,20.6,20.074597721603553
15,14,22,1,26.6,31.95622005181464
15,14,22,2,15.65,18.81845398873977
15,14,22,3,42.25,105.5017460568906
15,14,22,4,23.0,35.19469657017469
15,14,22,5,19.263157894736842,45.21779652755115
15,14,22,6,17.94736842105263,20.8232607229152
15,14,22,7,34.10526315789474,34.57824418272614
14,26,65,7,9.1,8.46603119593392
15,14,22,0,27.0,46.85812854272262
15,14,22,1,25.3,29.73231451326636
15,14,22,2,19.4,19.937798009652024
15,14,22,3,14.3,16.176981697526436
15,14,22,4,25.8,43.44821478980526
15,14,22,5,15.5,16.55135548591271
15,14,22,6,11.55,9.621658681821637
15,14,22,7,28.2,24.812136249488027
10,34,108,5,29.1,34.03079101111382
15,14,22,0,36.95,48.92580311580297
15,14,22,1,23.6,26.96274232499748
15,14,22,2,17.6,17.85438174142194
15,14,22,3,28.4,30.474147801218766
15,14,22,4,26.95,35.81160499937944
15,14,22,5,20.3,24.986522683028017
15,14,22,6,9.2,11.44138379558586
15,14,22,7,14.842105263157896,12.885233399751899
14,26,65,7,33.65,74.00375168299169
15,23,22,0,37.95,54.93773988032174
15,23,22,1,25.45,47.49013748026781
15,23,22,2,19.6,26.324693230581254
15,23,22,3,18.473684210526315,19.613964472772484
15,23,22,4,40.36842105263158,106.73550410363606
15,23,22,5,20.88888888888889,20.662238614805595
15,23,22,6,21.166666666666668,28.332583611764864
15,23,22,7,11.944444444444445,12.655955223308078
10,34,108,5,18.25,24.5847085550519
14,31,65,7,12.35,17.088854477946178
15,23,22,0,24.4,32.6760817080242
15,23,22,1,22.95,30.783582432335926
15,23,22,2,54.9,117.3119547908145
15,23,22,3,14.894736842105264,14.969950407555745
15,23,22,4,47.8421052631579,114.27513735517387
15,23,22,5,21.88888888888889,26.23174746682727
15,23,22,6,22.944444444444443,33.03380126694157
15,23,22,7,18.166666666666668,14.733914459305025
14,31,65,7,7.1,5.748226271047261
15,23,22,0,22.1,19.801382195243473
15,23,22,1,11.9,12.30703692587037
15,23,22,2,14.35,12.47850783927056
15,23,22,3,9.9,13.388526116751885
15,23,22,4,21.3,26.811427257401785
15,23,22,5,17.9,22.440330234928172
15,23,22,6,13.75,15.296628455488587
15,23,22,7,16.4,11.282963403197527
10,28,108,5,24.7,34.75644582398767
15,23,22,0,13.4,10.913053506792005
15,23,22,1,38.7,109.28287774588046
15,23,22,2,23.789473684210527,36.5385320926468
15,23,22,3,19.36842105263158,21.876447320541356
15,23,22,4,20.526315789473685,25.076257963466013
15,23,22,5,10.263157894736842,11.361935013520451
15,23,22,6,23.736842105263158,38.40839333222067
15,23,22,7,14.210526315789474,17.319157496087072
14,31,65,7,7.3,10.67264087083861
15,23,22,0,22.35,27.232478674128103
15,23,22,1,26.6,44.878080454305945
15,23,22,2,25.3,30.65444073608431
15,23,22,3,23.6,33.13354159982552
15,23,22,4,19.05,22.488535090714908
15,23,22,5,23.75,37.52455336527215
15,23,22,6,12.75,12.276957449243127
15,23,22,7,19.31578947368421,21.31523354989454
10,28,108,5,21.15,20.36838365289644
14,31,65,7,10.15,8.362038280857504
15,9,22,0,18.9,18.05517858355908
15,9,22,1,13.0,14.864298450349166
15,9,22,2,19.8,30.081643292178946
15,9,22,3,19.55,16.984435599441593
15,9,22,4,12.95,14.72010798015315
15,9,22,5,24.45,33.55039414624545
15,9,22,6,8.7,9.537184843382354
15,9,22,7,27.5,30.12692448537302
14,31,65,7,11.0,10.18254440335596
10,28,108,5,10.55,8.95882393597449
15,9,22,0,18.45,18.588267380542124
15,9,22,1,22.45,25.582631855060946
15,9,22,2,15.95,13.808750086353523
15,9,22,3,13.8,8.556930093881737
15,9,22,4,22.15,17.214666329676717
15,9,22,5,19.25,15.744255426896771
15,9,22,6,14.7,17.357237228618107
15,9,22,7,38.55,56.765885789562766
15,9,22,0,23.4,21.142125571574176
15,9,22,1,14.9,17.579593432817433
15,9,22,2,25.0,26.493296073575014
15,9,22,3,28.75,38.66029514957991
15,9,22,4,24.2,24.97493480313918
15,9,22,5,18.1,20.12304256580657
15,9,22,6,23.55,25.66069080581384
15,9,22,7,26.57894736842105,29.19915483836568
14,31,65,7,11.45,16.999922600443
10,28,108,5,16.5,18.118034051594474
15,9,22,0,21.2,27.80306685090315
15,9,22,1,25.9,43.21415460118058
15,9,22,2,21.8,27.00019493107021
15,9,22,3,13.0,10.672147714593592
15,9,22,4,18.9,23.3799284137394
15,9,22,5,21.45,28.987247649885447
15,9,22,6,14.3,15.262958256407638
15,9,22,7,55.1,104.97112384891982
14,31,65,7,10.7,12.061683569316342
15,9,22,0,30.1,45.51217303905453
15,9,22,1,20.9,26.90118369534185
15,9,22,2,36.25,58.81270449933683
15,9,22,3,14.75,22.11185678603938
15,9,22,4,12.25,11.889291953598192
15,9,22,5,14.45,20.51308953096201
15,9,22,6,24.35,31.291961301670806
15,9,22,7,36.15,25.823846588600606
10,28,108,5,21.65,20.100471322046683
14,31,65,7,5.95,4.524494737711487
15,22,22,0,29.25,29.96818488435958
15,22,22,1,29.55,42.51993340589923
15,22,22,2,23.2,23.143943165829757
15,22,22,3,24.3,22.133803630598486
15,22,22,4,16.75,13.999530067300944
15,22,22,5,14.7,18.558867932806905
15,22,22,6,20.8,20.882125320348425
15,22,22,7,42.55,40.86753311808647
14,31,65,7,21.05,59.34774859384216
10,25,108,5,24.0,54.39717484924146
15,22,22,0,25.55,24.934598663830858
15,22,22,1,24.15,17.904057170314633
15,22,22,2,23.6,18.905304184693495
15,22,22,3,19.9,21.05606550941657
15,22,22,4,17.25,18.931663813221544
15,22,22,5,30.15,25.67053399891544
15,22,22,6,21.0,31.419068966741232
15,22,22,7,41.9,50.637930447442265
14,31,65,7,12.15,19.786425437126013
15,22,22,0,26.45,34.67362868688233
15,22,22,1,23.8,19.52218710784435
15,22,22,2,21.4,18.630478706734973
15,22,22,3,24.7,20.58128940771716
15,22,22,4,18.3,18.11396669627291
15,22,22,5,23.85,38.01145949094271
15,22,22,6,44.75,105.65478792050229
15,22,22,7,24.63157894736842,21.034919449746177
10,25,108,5,27.1,54.71351223466313
14,43,65,7,18.2,22.29845404129127
15,22,22,0,16.6,15.288110275291505
15,22,22,1,14.9,11.21042747670785
15,22,22,2,19.5,19.752414908988776
15,22,22,3,11.55,10.835978084724589
15,22,22,4,23.1,28.583948384769347
15,22,22,5,47.4,112.91282151800961
15,22,22,6,17.157894736842106,17.598179065822368
15,22,22,7,16.63157894736842,13.825140249703674
15,22,22,0,26.25,20.839928780563227
15,22,22,1,22.95,23.07305331926583
15,22,22,2,25.75,27.98660393831306
15,22,22,3,18.9,23.46980142539277
15,22,22,4,28.4,38.115337429549555
15,22,22,5,12.55,9.242208667446953
15,22,22,6,14.85,12.69593801596649
15,22,22,7,29.0,27.568097504180447
10,25,108,5,32.5,44.410169532380046
14,43,65,7,10.0,12.065610111735793
15,9,22,0,25.3,35.53811889699344
15,9,22,1,19.8,18.70997482346614
15,9,22,2,31.2,109.55152596885752
15,9,22,3,10.473684210526315,11.922753322266871
15,9,22,4,20.57894736842105,24.617779910448835
15,9,22,5,12.578947368421053,17.557258041662443
15,9,22,6,17.263157894736842,17.20736956223879
15,9,22,7,24.57894736842105,25.52409708811935
14,43,65,7,24.15,71.21522235264624
15,9,22,0,28.25,37.575012693908285
15,9,22,1,17.25,18.404447403019912
15,9,22,2,13.85,23.16139028642279
15,9,22,3,14.1,15.175811779206237
15,9,22,4,16.65,15.765635513923781
15,9,22,5,19.8,35.069254790755785
15,9,22,6,15.0,17.10955411766371
15,9,22,7,23.85,23.036070114405135
10,25,108,5,26.7,37.3885712906751
15,9,22,0,28.95,31.18615583539391
15,9,22,1,14.05,15.163928806285833
15,9,22,2,20.25,27.980961572582096
15,9,22,3,13.55,11.587084461407429
15,9,22,4,20.5,17.77490839416768
15,9,22,5,13.45,20.1924295350093
15,9,22,6,19.05,27.978328079162683
15,9,22,7,26.05,26.180496959619227
14,43,65,7,7.9,9.678516632755576
15,9,22,0,16.9,13.84462654644488
15,9,22,1,13.5,10.37456403649659
15,9,22,2,18.1,19.35512987896436
15,9,22,3,14.15,14.404951634037074
15,9,22,4,17.55,25.539391659078127
15,9,22,5,21.1,25.439091344249164
15,9,22,6,12.8,11.232471724986961
15,9,22,7,32.8,38.508508970848176
10,25,108,5,38.2,57.00655548637414
14,43,65,7,8.7,9.894708846544942
15,9,22,0,15.75,17.805602311750384
15,9,22,1,16.9,21.26746959931752
15,9,22,2,50.8,110.63196454437283
15,9,22,3,13.578947368421053,13.392849624058039
15,9,22,4,15.947368421052632,26.00528511286061
15,9,22,5,23.68421052631579,23.52788565742302
15,9,22,6,23.68421052631579,36.46467488707233
15,9,22,7,25.05263157894737,21.872036140064342
14,35,65,7,9.0,7.574194416083573
10,27,108,5,23.75,39.755668248625085
15,2,22,0,23.55,20.376650724219672
15,2,22,1,67.05,148.67784848987745
15,2,22,2,20.5,21.494869428882463
15,2,22,3,28.555555555555557,48.87465627647719
15,2,22,4,20.88888888888889,24.864074931962023
15,2,22,5,23.5,35.564771068804454
15,2,22,6,25.055555555555557,22.64163843121061
15,2,22,7,16.11111111111111,16.27299780361135
15,2,22,0,22.0,27.445640052560933
15,2,22,1,35.75,109.78106202322587
15,2,22,2,14.578947368421053,19.53718900932181
15,2,22,3,7.526315789473684,7.841261385578156
15,2,22,4,12.68421052631579,12.583289764070035
15,2,22,5,14.631578947368421,17.923325975808385
15,2,22,6,13.105263157894736,14.231790458305756
15,2,22,7,28.0,35.14572836380294
14,35,65,7,8.9,7.846554725013493
15,2,22,0,25.75,24.109126902482387
15,2,22,1,23.1,28.041135197382697
15,2,22,2,24.15,38.160705885559956
15,2,22,3,14.5,16.28205340729156
15,2,22,4,21.4,21.757999134014817
15,2,22,5,25.6,45.199441077121854
15,2,22,6,12.0,10.883218478209672
15,2,22,7,20.210526315789473,17.61495244692992
10,27,108,5,43.8,73.00656062804795
14,35,65,7,26.3,71.52261328088002
15,2,22,0,27.1,24.678778439443835
15,2,22,1,46.9,108.81219939346003
15,2,22,2,19.94736842105263,23.334461125626877
15,2,22,3,29.526315789473685,30.55662943354815
15,2,22,4,22.789473684210527,25.870573045597624
15,2,22,5,18.94736842105263,26.22440272428743
15,2,22,6,18.894736842105264,14.586503414847062
15,2,22,7,31.42105263157895,41.64308104391905
10,27,108,5,21.7,26.95434736930693
14,35,65,7,27.95,71.92647927608185
15,2,22,0,20.5,22.582014268462693
15,2,22,1,16.9,20.170066409096634
15,2,22,2,31.65,45.7881563633861
15,2,22,3,24.2,23.41074876834863
15,2,22,4,23.15,23.351490429160144
15,2,22,5,23.6,29.40175433362331
15,2,22,6,13.25,11.74678007392933
15,2,22,7,24.75,21.471829770287638
14,35,65,7,11.5,15.315970337148771
15,19,22,0,19.1,23.69521381829539
15,19,22,1,45.7,115.6560690832499
15,19,22,2,43.473684210526315,112.86145312877724
15,19,22,3,24.88888888888889,30.62080970399223
15,19,22,4,19.88888888888889,29.915348979665332
15,19,22,5,24.77777777777778,45.517360043828084
15,19,22,6,18.0,25.263319142932254
15,19,22,7,13.058823529411764,10.484933167617795
10,27,108,5,18.35,19.18956679251021
15,19,22,0,25.5,31.52192219626475
15,19,22,1,20.55,23.10952184706555
15,19,22,2,19.4,28.42608142644986
15,19,22,3,15.75,12.349621771323072
15,19,22,4,20.3,27.52051866096315
15,19,22,5,17.9,25.706644645837557
15,19,22,6,17.85,15.387195633827634
15,19,22,7,21.55,19.36213070049776
14,44,65,7,10.5,9.259419101934158
15,19,22,0,11.15,11.467459682900454
15,19,22,1,18.9,14.476478199224823
15,19,22,2,9.75,9.689250690707121
15,19,22,3,12.55,12.63443498413843
15,19,22,4,9.4,12.803782335906183
15,19,22,5,10.2,12.194045138595529
15,19,22,6,15.75,18.58373652304333
15,19,22,7,18.7,17.529223719564033
10,27,108,5,22.5,36.12769749535374
14,44,65,7,9.2,8.72141948852002
15,19,22,0,38.6,109.44376109265096
15,19,22,1,13.736842105263158,16.0791172548715
15,19,22,2,15.31578947368421,22.891174018674022
15,19,22,3,17.526315789473685,24.434421124154234
15,19,22,4,40.421052631578945,111.38687125383896
15,19,22,5,19.833333333333332,31.056400306539064
15,19,22,6,14.5,14.12652906872073
15,19,22,7,27.38888888888889,24.89776481555036
15,19,22,0,23.15,29.549735059815056
15,19,22,1,22.65,28.053098149571174
15,19,22,2,19.65,22.642008000965582
15,19,22,3,26.4,35.996198629709134
15,19,22,4,11.85,17.583709566108713
15,19,22,5,45.6,103.79504095242599
15,19,22,6,11.210526315789474,12.664819809958349
15,19,22,7,22.894736842105264,23.11780155071005
14,44,65,7,11.9,11.525258302848073
10,25,108,5,31.3,54.17330863461316
15,3,22,0,17.8,16.061067671137
15,3,22,1,28.55,21.991565368759474
15,3,22,2,11.6,8.7803608605857
15,3,22,3,39.75,108.69313395252274
15,3,22,4,23.736842105263158,26.11266637149948
15,3,22,5,17.157894736842106,21.32880982743694
15,3,22,6,25.68421052631579,27.457143639535875
15,3,22,7,26.736842105263158,20.962511790927998
14,44,65,7,9.3,15.718242837376474
10,25,108,5,21.75,34.48703036154164
15,3,22,0,18.1,15.148041388071821
15,3,22,1,38.4,108.58099087293029
15,3,22,2,19.0,21.684607956387456
15,3,22,3,15.368421052631579,22.091251476837286
15,3,22,4,20.57894736842105,18.261421964451255
15,3,22,5,16.473684210526315,33.081328102206655
15,3,22,6,13.0,13.2874209519965
15,3,22,7,22.526315789473685,17.607979318266892
14,44,65,7,27.95,72.04784594464402
15,3,22,0,20.2,15.83001812014789
15,3,22,1,17.1,16.533538482032277
15,3,22,2,14.3,11.402215851131283
15,3,22,3,16.35,13.565726938443845
15,3,22,4,21.7,22.653220986266646
15,3,22,5,17.45,23.20951483653565
15,3,22,6,14.9,15.93704720719025
15,3,22,7,29.35,37.760010871987724
15,3,22,0,8.5,8.580884508450653
15,3,22,1,61.45,150.01420108215018
15,3,22,2,13.333333333333334,24.449227101942366
15,3,22,3,14.777777777777779,15.56600955912501
15,3,22,4,21.27777777777778,23.373704570723852
15,3,22,5,11.333333333333334,16.915012475869577
15,3,22,6,10.555555555555555,12.181095392751848
15,3,22,7,38.111111111111114,30.628492864706853
10,25,108,5,39.55,61.895051243383385
15,11,65,7,19.75,16.97327620888666
15,3,22,0,21.4,29.718680993610736
15,3,22,1,20.6,20.653532895188455
15,3,22,2,25.55,28.23114181929333
15,3,22,3,23.4,37.37632236703085
15,3,22,4,11.65,10.434129222488044
15,3,22,5,16.8,20.95760130910928
15,3,22,6,18.7,16.422385236076558
15,3,22,7,33.7,29.942225069377574
15,11,65,7,13.1,9.408283024743898
10,25,108,5,18.7,21.364259382140272
15,9,22,0,26.85,61.28473236502409
15,9,22,1,21.4,24.062200100660174
15,9,22,2,14.5,10.154076184365309
15,9,22,3,19.9,33.12003686751063
15,9,22,4,21.15,28.704070864783734
15,9,22,5,15.2,19.411336893681487
15,9,22,6,15.736842105263158,23.46591406289168
15,9,22,7,22.789473684210527,22.599358268589103
15,9,22,0,13.7,9.240072909258943
15,9,22,1,18.75,22.01644122492385
15,9,22,2,14.5,21.960490839112335
15,9,22,3,12.4,19.704127272704756
15,9,22,4,11.65,14.46693143908403
15,9,22,5,19.25,30.478422047840926
15,9,22,6,14.1,16.773726322342394
15,9,22,7,25.35,23.941320809538958
15,11,65,7,9.9,13.912886869827972
15,9,22,0,17.45,15.759625296106636
15,9,22,1,21.2,19.969977466186585
15,9,22,2,11.4,11.935793140580849
15,9,22,3,12.8,7.640611714281851
15,9,22,4,16.75,20.80707116646444
15,9,22,5,24.35,50.85611798832177
15,9,22,6,13.75,13.017700500310701
15,9,22,7,19.8,18.850101214303166
10,25,108,5,9.55,9.949742128369591
15,11,65,7,18.4,17.236436315030588
15,9,22,0,38.95,57.38005796992174
15,9,22,1,80.25,151.85549744827534
15,9,22,2,31.38888888888889,68.89133719031211
15,9,22,3,18.058823529411764,25.647783988668724
15,9,22,4,12.941176470588236,18.325087272081728
15,9,22,5,16.625,19.771612647092464
15,9,22,6,12.4375,22.818030151614757
15,9,22,7,29.4375,38.32487225462511
10,30,108,5,31.45,55.39378171448108
15,11,65,7,18.5,19.481435157335657
15,9,22,0,67.2,148.81022885046013
15,9,22,1,24.61111111111111,19.641309675060725
15,9,22,2,29.666666666666668,27.55956116785436
15,9,22,3,19.166666666666668,16.45761043336701
15,9,22,4,25.555555555555557,36.53559460584451
15,9,22,5,29.61111111111111,34.668410589619725
15,9,22,6,10.333333333333334,13.069947567292102
15,9,22,7,32.5,40.42749501194918
15,13,65,7,12.15,9.895639656461139
15,2,22,0,27.75,37.84716494979303
15,2,22,1,22.4,27.069890050911198
15,2,22,2,16.85,19.631540143887147
15,2,22,3,24.05,43.49770108867824
15,2,22,4,20.45,27.72510737485733
15,2,22,5,17.157894736842106,17.0888630331594
15,2,22,6,18.473684210526315,21.138086797302456
15,2,22,7,25.526315789473685,30.623825911376464
10,30,108,5,22.95,26.76697690497713
15,2,22,0,16.35,21.92157072743408
15,2,22,1,17.45,18.288549768409165
15,2,22,2,21.85,22.264616724631416
15,2,22,3,20.75,28.324947159331956
15,2,22,4,20.9,21.22783673932836
15,2,22,5,15.25,22.20923231451281
15,2,22,6,15.95,13.755286065249319
15,2,22,7,31.15,25.652074913511793
15,13,65,7,18.5,27.01169337430307
10,30,108,5,17.15,27.348193435957086
15,2,22,0,42.65,73.25893155535084
15,2,22,1,17.95,18.95833381530749
15,2,22,2,22.05,34.90208107202055
15,2,22,3,11.45,13.697771620538177
15,2,22,4,42.45,107.6614943627528
15,2,22,5,23.27777777777778,28.265142855708245
15,2,22,6,26.88888888888889,29.467607118343455
15,2,22,7,12.058823529411764,9.058632541913363
15,13,65,7,10.4,9.917554876926172
15,2,22,0,42.85,108.76642041791351
15,2,22,1,30.210526315789473,25.883454490741165
15,2,22,2,25.68421052631579,35.88570224659111
15,2,22,3,37.63157894736842,45.161697791031074
15,2,22,4,23.63157894736842,25.49119788457661
15,2,22,5,21.473684210526315,16.754330853220647
15,2,22,6,17.894736842105264,18.811623879464957
15,2,22,7,40.05263157894737,42.9165516946169
15,13,65,7,11.45,11.189633360251001
10,30,108,5,33.05,54.82649666759774
15,2,22,0,22.2,34.7284200316504
15,2,22,1,16.75,27.40317883980462
15,2,22,2,45.75,109.15072871468779
15,2,22,3,29.36842105263158,25.144494706298786
15,2,22,4,27.57894736842105,32.8774083012665
15,2,22,5,22.210526315789473,32.2327972161007
15,2,22,6,24.055555555555557,34.70458898664593
15,2,22,7,28.88888888888889,30.082022946855872
15,13,65,7,13.05,14.471296453760857
10,30,108,5,22.7,44.065859800984256
15,8,22,0,33.7,30.168125388788813
15,8,22,1,19.45,17.101785071494117
15,8,22,2,26.95,28.941820042430315
15,8,22,3,30.45,26.75124197805442
15,8,22,4,39.15,50.583203994169736
15,8,22,5,17.94736842105263,15.020259223279167
15,8,22,6,42.10526315789474,104.46259018681286
15,8,22,7,21.666666666666668,19.01083282515215
15,6,65,7,21.05,32.09767166502563
15,8,22,0,50.1,63.976887273945714
15,8,22,1,17.7,26.393978579652558
15,8,22,2,28.35,62.51928123639771
15,8,22,3,14.894736842105264,12.999550149661612
15,8,22,4,28.57894736842105,44.69317097906282
15,8,22,5,20.57894736842105,25.632695677967586
15,8,22,6,16.57894736842105,27.669308688054603
15,8,22,7,27.22222222222222,36.38932544766319
10,30,108,5,32.45,36.868864342351756
15,6,65,7,11.35,11.324286895174042
15,8,22,0,37.25,42.38032686593106
15,8,22,1,34.65,35.1871313199345
15,8,22,2,23.5,23.640954651665517
15,8,22,3,14.25,13.874911095021
15,8,22,4,15.4,13.963863136117116
15,8,22,5,15.45,13.655440404160496
15,8,22,6,27.15,31.001315761550646
15,8,22,7,28.55,28.104082865025333
15,6,65,7,13.65,12.741457406517721
15,8,22,0,19.35,20.15538324329782
15,8,22,1,43.75,108.0145579856813
15,8,22,2,14.842105263157896,12.623888984754865
15,8,22,3,18.473684210526315,18.869047026082548
15,8,22,4,17.63157894736842,26.913876070647998
15,8,22,5,18.36842105263158,25.14007541382614
15,8,22,6,23.473684210526315,44.18190733402661
15,8,22,7,22.894736842105264,17.345811972417323
10,30,108,5,15.75,24.30913841596028
15,6,65,7,16.9,16.745462857615774
15,8,22,0,28.9,28.510201313694164
15,8,22,1,18.25,20.133436446813914
15,8,22,2,11.85,10.638930496307566
15,8,22,3,24.85,23.925927359247748
15,8,22,4,21.15,32.494979369289126
15,8,22,5,20.5,25.411352622504438
15,8,22,6,26.25,25.971391142846713
15,8,22,7,19.95,16.605246475927895
10,30,108,5,11.35,9.836960377763255
15,17,22,0,18.8,17.949050700597834
15,17,22,1,11.5,10.221236921749066
15,17,22,2,15.2,13.272845250835692
15,17,22,3,20.1,22.89541438803849
15,17,22,4,15.05,21.690344686785846
15,17,22,5,15.95,12.428638406180259
15,17,22,6,15.0,14.089936685076824
15,17,22,7,41.65,36.97975975556017
15,6,65,7,17.5,17.452190331543516
15,17,22,0,40.05,78.6394001958172
15,17,22,1,21.4,20.747606076237734
15,17,22,2,7.35,8.934115571931649
15,17,22,3,25.5,26.08185495502068
15,17,22,4,24.5,36.14517511661171
15,17,22,5,16.55,21.241654708069287
15,17,22,6,17.25,17.89405958470723
15,17,22,7,29.31578947368421,26.274306485358462
10,30,108,5,29.2,40.42745289241484
15,0,65,7,21.15,20.345114504728805
15,17,22,0,18.45,11.953748586245148
15,17,22,1,16.4,16.856671332770674
15,17,22,2,22.9,33.54478546032077
15,17,22,3,20.75,18.892702573383083
15,17,22,4,43.35,103.80055521603866
15,17,22,5,16.36842105263158,20.87851241592069
15,17,22,6,20.63157894736842,23.326690783820506
15,17,22,7,28.157894736842106,25.906376645088617
15,0,65,7,26.85,37.9352287319764
15,17,22,0,17.1,15.690761613127643
15,17,22,1,39.9,66.11226496609665
15,17,22,2,47.9,109.44736778830944
15,17,22,3,17.736842105263158,15.469834823736296
15,17,22,4,14.947368421052632,13.886338947207255
15,17,22,5,22.473684210526315,24.283895946474104
15,17,22,6,23.789473684210527,20.882153324917912
15,17,22,7,32.888888888888886,36.84768152797307
10,30,108,5,9.05,7.989960806174867
15,17,22,0,24.75,28.90069203323685
15,17,22,1,30.3,40.745810246350224
15,17,22,2,15.35,15.891987388551966
15,17,22,3,16.3,11.801427210745587
15,17,22,4,17.8,17.42532941620209
15,17,22,5,16.75,24.481733254773744
15,17,22,6,18.75,25.70659346098625
15,17,22,7,18.55,15.862816501757216
15,0,65,7,19.3,18.009062046355265
16,45,22,0,20.05,19.75234829476978
16,45,22,1,18.4,30.665255497661224
16,45,22,2,10.15,10.678433750715554
16,45,22,3,24.1,21.872597612441677
16,45,22,4,25.1,32.85999006951191
16,45,22,5,11.95,15.67255395168321
16,45,22,6,14.65,15.557279561942089
16,45,22,7,13.25,15.91052283371308
16,45,22,8,16.45,19.789617160734085
10,32,108,5,33.25,55.17806104832456
15,0,65,7,23.65,22.60245678309283
16,45,22,0,34.3,61.527144202247925
16,45,22,1,45.65,109.37009838640829
16,45,22,2,47.473684210526315,113.50250531794569
16,45,22,3,14.11111111111111,13.860179478037026
16,45,22,4,18.88888888888889,28.050141844852405
16,45,22,5,23.58823529411765,45.01396842027124
16,45,22,6,22.529411764705884,29.35795813544179
16,45,22,7,16.3125,17.5108299822329
16,45,22,8,19.625,29.919614525146095
10,32,108,5,16.7,12.371869620018506
15,0,65,7,35.25,42.156194525147846
16,45,22,0,20.35,34.328559538669836
16,45,22,1,15.8,17.352688249193097
16,45,22,2,15.55,19.5272414307484
16,45,22,3,20.05,19.741687124618196
16,45,22,4,35.35,108.42813530775021
16,45,22,5,15.368421052631579,16.50323377845078
16,45,22,6,18.0,17.499206331208917
16,45,22,7,20.105263157894736,28.65483231855804
16,45,22,8,18.42105263157895,19.850317068482767
16,45,22,0,29.3,36.67940767472153
16,45,22,1,22.25,27.439646690989225
16,45,22,2,16.55,15.422045055186764
16,45,22,3,20.3,25.608592308051605
16,45,22,4,13.45,12.567606647333664
16,45,22,5,24.15,23.88189140001489
16,45,22,6,17.75,13.396287781164952
16,45,22,7,24.85,48.53785825734925
16,45,22,8,21.0,19.293061504650375
15,16,65,7,9.3,12.851786687174338
10,32,108,5,43.35,70.49619250636688
16,45,22,0,19.6,16.23641132244373
16,45,22,1,29.55,40.351710327020704
16,45,22,2,20.4,22.07260745811423
16,45,22,3,29.6,45.66053230664658
16,45,22,4,19.3,19.153397389991866
16,45,22,5,22.25,26.928511597229157
16,45,22,6,18.9,26.62586791271344
16,45,22,7,18.473684210526315,21.373317792291687
16,45,22,8,20.36842105263158,20.442902942139952
15,16,65,7,10.0,10.632621105773843
10,32,108,5,17.8,13.89661071893734
16,32,22,0,31.55,37.70728674519304
16,32,22,1,20.3,18.296102547292758
16,32,22,2,18.7,14.722342490957498
16,32,22,3,18.95,17.203044406212097
16,32,22,4,21.2,26.071965181417617
16,32,22,5,19.3,27.52243104317487
16,32,22,6,18.25,24.505369980776393
16,32,22,7,22.75,21.99012936464186
16,32,22,8,29.85,46.779747079715015
15,16,65,7,13.95,12.111217071267792
16,32,22,0,22.2,22.248832021384615
16,32,22,1,12.35,10.74231671573002
16,32,22,2,14.9,17.666203237880662
16,32,22,3,27.75,29.35602690742522
16,32,22,4,15.35,11.577087171150655
16,32,22,5,18.4,17.78645256190346
16,32,22,6,14.65,13.811798922431654
16,32,22,7,23.4,28.468634633482807
16,32,22,8,22.35,20.75489796346116
15,16,65,7,13.35,10.589344197178397
10,32,108,5,38.15,57.74560817203239
16,32,22,0,29.4,69.02280324951352
16,32,22,1,30.35,47.70222879047631
16,32,22,2,16.157894736842106,15.759523251019212
16,32,22,3,20.894736842105264,27.21497695681982
16,32,22,4,22.105263157894736,36.616472821277384
16,32,22,5,29.94736842105263,43.970285021958645
16,32,22,6,13.31578947368421,19.241311550292995
16,32,22,7,11.11111111111111,11.69157005955643
16,32,22,8,12.88888888888889,17.934156989613548
15,16,65,7,16.2,14.887649420346984
16,32,22,0,27.9,29.278876883838073
16,32,22,1,21.65,35.48205625086395
16,32,22,2,33.8,45.69302607158939
16,32,22,3,26.5,35.1695143105802
16,32,22,4,21.1,34.56785851199439
16,32,22,5,14.8,12.168120557207546
16,32,22,6,11.0,12.206555615733702
16,32,22,7,13.105263157894736,12.887956207431744
16,32,22,8,18.94736842105263,20.815255314340238
10,42,108,5,19.75,23.296430718256527
16,32,22,0,28.05,34.36870516526397
16,32,22,1,19.2,17.197307010722717
16,32,22,2,17.6,18.485840954348646
16,32,22,3,22.5,35.24127364924617
16,32,22,4,15.5,15.115345983818113
16,32,22,5,14.05,15.69269021920045
16,32,22,6,26.9,37.340397201394296
16,32,22,7,14.75,18.4871932912888
16,32,22,8,18.4,16.004604600584567
15,18,65,7,12.95,9.725035516103459
10,42,108,5,20.2,16.741376413262035
16,30,22,0,33.4,32.14179112685081
16,30,22,1,46.0,74.50256088851826
16,30,22,2,34.15,43.821738176869545
16,30,22,3,24.3,25.09371907155464
16,30,22,4,30.842105263157894,37.792214303852376
16,30,22,5,12.0,9.324225247739795
16,30,22,6,20.823529411764707,22.732782754531083
16,30,22,7,12.882352941176471,17.142353809137386
16,30,22,8,15.235294117647058,20.042234817269957
15,18,65,7,11.1,10.656848551641877
16,30,22,0,22.85,24.974249896538172
16,30,22,1,17.4,26.075598595339343
16,30,22,2,19.6,20.095561175228934
16,30,22,3,12.75,12.67353230368833
16,30,22,4,21.35,21.423732536359616
16,30,22,5,19.45,22.017875512984062
16,30,22,6,15.6,18.816006623700947
16,30,22,7,14.35,11.421471008587293
16,30,22,8,20.85,28.22517539920327
15,18,65,7,6.25,8.038558393930566
10,42,108,5,15.0,17.05717938057323
16,30,22,0,15.65,12.088598368972134
16,30,22,1,12.35,11.2590314625053
16,30,22,2,42.25,108.31089511217235
16,30,22,3,19.157894736842106,21.16145121544975
16,30,22,4,43.526315789473685,110.34761660873366
16,30,22,5,14.777777777777779,16.554919494734012
16,30,22,6,11.333333333333334,11.575836902790225
16,30,22,7,18.944444444444443,17.962288018225106
16,30,22,8,9.722222222222221,7.330881943215255
15,18,65,7,16.7,12.540880519745267
16,30,22,0,27.6,23.61177226456507
16,30,22,1,22.6,24.214827993129376
16,30,22,2,18.4,17.10770832725781
16,30,22,3,12.9,9.988941253627486
16,30,22,4,20.95,20.28345190179994
16,30,22,5,14.5,16.29174799190004
16,30,22,6,18.75,22.011659589743267
16,30,22,7,17.2,22.58457787727583
16,30,22,8,8.25,7.239329715991813
10,42,108,5,10.75,10.537526924483302
16,30,22,0,24.65,15.458858812650877
16,30,22,1,20.8,18.944795146897068
16,30,22,2,17.5,16.398010148859683
16,30,22,3,14.1,13.297803538455833
16,30,22,4,15.65,13.857450969367383
16,30,22,5,14.5,16.46847067325286
16,30,22,6,22.85,23.906121215683388
16,30,22,7,19.85,27.992997244611768
16,30,22,8,16.35,13.271556447015392
15,18,65,7,11.25,8.931758829562837
10,42,108,5,21.65,28.597524736463324
16,30,22,0,39.75,46.62038745351426
16,30,22,1,25.75,28.644600850679296
16,30,22,2,29.95,38.43720100439978
16,30,22,3,53.05,108.32284834550931
16,30,22,4,20.57894736842105,19.3686912007603
16,30,22,5,33.473684210526315,46.039075699106625
16,30,22,6,19.61111111111111,21.351784300391795
16,30,22,7,18.294117647058822,24.851470544724194
16,30,22,8,13.235294117647058,13.966609340515982
15,3,65,7,13.85,14.180323654535124
16,30,22,0,25.3,32.831467575451065
16,30,22,1,28.2,29.478984485829724
16,30,22,2,12.35,13.421408664008254
16,30,22,3,14.35,18.273578856111527
16,30,22,4,45.25,106.76283356851741
16,30,22,5,45.36842105263158,109.85860130504918
16,30,22,6,23.944444444444443,37.35752892417084
16,30,22,7,21.61111111111111,21.40406472911406
16,30,22,8,16.333333333333332,21.841676298521865
15,3,65,7,14.7,24.465012611998862
10,42,108,5,19.5,25.785552870592195
16,30,22,0,33.95,50.202196429198096
16,30,22,1,18.9,23.783895480146363
16,30,22,2,26.75,31.413833694224923
16,30,22,3,18.15,23.744860939846152
16,30,22,4,28.25,27.82440239108565
16,30,22,5,18.94736842105263,19.645394383107618
16,30,22,6,51.473684210526315,108.38889263565537
16,30,22,7,16.38888888888889,24.665143037204377
16,30,22,8,16.944444444444443,14.53382352114511
15,3,65,7,29.55,23.917566765873154
10,42,108,5,25.9,34.78036348588851
16,30,22,0,17.55,21.42422386974736
16,30,22,1,22.75,18.909410077357894
16,30,22,2,18.9,36.80517698139188
16,30,22,3,14.95,16.304584437642394
16,30,22,4,14.75,19.968066611730997
16,30,22,5,10.25,8.570911638547528
16,30,22,6,14.0,14.9208437746452
16,30,22,7,25.05,28.992694179559678
16,30,22,8,19.55,27.421610763084384
15,3,65,7,17.05,31.618573821826878
16,30,22,0,31.55,39.31582646373233
16,30,22,1,25.85,47.556365449189265
16,30,22,2,14.35,9.740177238201518
16,30,22,3,17.95,24.921930735377373
16,30,22,4,18.0,22.39360811058652
16,30,22,5,12.4,11.38050040524072
16,30,22,6,23.7,29.615252116008346
16,30,22,7,45.4,104.57754614588514
16,30,22,8,16.894736842105264,24.892869877943642
10,42,108,5,14.4,13.880694658788741
15,3,65,7,22.2,35.76178495486341
16,39,22,0,19.3,15.407107040856861
16,39,22,1,19.6,23.87335003943232
16,39,22,2,24.6,34.24586029534696
16,39,22,3,12.1,12.540041131469522
16,39,22,4,14.8,18.118324542035513
16,39,22,5,21.45,19.187372492290205
16,39,22,6,20.85,20.655762545008823
16,39,22,7,8.7,9.739231570249647
16,39,22,8,13.25,10.963456043650314
16,39,22,0,22.3,18.731060610092193
16,39,22,1,16.9,15.241563671680629
16,39,22,2,23.15,24.651838833943746
16,39,22,3,17.25,13.210342837895498
16,39,22,4,13.8,13.713612138847184
16,39,22,5,20.7,20.360177850531247
16,39,22,6,25.3,22.948684172805155
16,39,22,7,20.6,26.866923511026872
16,39,22,8,15.6,15.855930320097572
15,8,65,7,14.25,10.929799921123418
10,42,108,5,15.55,15.267698961498663
16,39,22,0,19.85,17.427368071362267
16,39,22,1,12.3,9.084978927067644
16,39,22,2,47.6,107.96900139928077
16,39,22,3,23.31578947368421,24.886526099207774
16,39,22,4,20.0,18.442101591497405
16,39,22,5,22.94736842105263,32.32727380369318
16,39,22,6,20.526315789473685,25.52638813518415
16,39,22,7,20.210526315789473,15.375228805410131
16,39,22,8,17.105263157894736,12.935286522798812
15,8,65,7,15.8,17.21260248220839
10,42,108,5,18.25,21.358777315685764
16,39,22,0,48.8,110.79454670220629
16,39,22,1,16.31578947368421,17.505721704564507
16,39,22,2,14.473684210526315,15.101024325273919
16,39,22,3,15.263157894736842,14.121858963493276
16,39,22,4,18.31578947368421,19.40519011782085
16,39,22,5,23.42105263157895,27.035605719276703
16,39,22,6,16.94736842105263,23.46030615555306
16,39,22,7,15.0,15.173075568988054
16,39,22,8,16.68421052631579,13.237373990918236
15,8,65,7,16.25,32.95750852872608
16,39,22,0,28.8,49.17166492583861
16,39,22,1,20.0,24.259561327226706
16,39,22,2,24.4,36.45242032250288
16,39,22,3,15.35,15.414535177449956
16,39,22,4,18.7,26.55104319488863
16,39,22,5,26.65,36.476777039068224
16,39,22,6,21.11111111111111,37.96730619716496
16,39,22,7,13.333333333333334,17.977109628308867
16,39,22,8,18.666666666666668,18.976765979977294
10,25,108,5,15.25,12.221099097785547
15,8,65,7,14.4,16.981104049408632
16,35,22,0,25.55,48.376239274211756
16,35,22,1,13.45,11.099905167921126
16,35,22,2,23.8,20.980191158629406
16,35,22,3,24.35,34.40207307094948
16,35,22,4,8.631578947368421,8.227396822782536
16,35,22,5,23.63157894736842,23.509361081908036
16,35,22,6,25.157894736842106,27.362308134233643
16,35,22,7,14.894736842105264,16.117260371146983
16,35,22,8,22.210526315789473,28.658097454429914
16,35,22,0,19.5,19.457105318325773
16,35,22,1,15.5,14.380176413528817
16,35,22,2,15.1,16.2671771562118
16,35,22,3,20.9,20.36741463581886
16,35,22,4,18.5,23.22317354440784
16,35,22,5,19.05,27.624312327711387
16,35,22,6,14.2,14.103377721591901
16,35,22,7,24.5,30.62936327671279
16,35,22,8,9.85,11.366038980456787
15,8,65,7,8.55,6.525052933844574
10,25,108,5,15.5,17.086467406139064
16,35,22,0,16.2,16.282376653108237
16,35,22,1,23.65,38.379373572134725
16,35,22,2,13.15,14.942961729963637
16,35,22,3,14.2,21.298875680729203
16,35,22,4,11.45,9.456131399924155
16,35,22,5,17.5,20.490048932668703
16,35,22,6,15.15,16.652090116954025
16,35,22,7,14.65,20.024393019252134
16,35,22,8,11.65,13.616070226796445
15,11,65,7,10.75,10.592325921206005
16,35,22,0,51.55,109.01785223193107
16,35,22,1,26.05263157894737,30.795875777647254
16,35,22,2,19.36842105263158,20.64571660260519
16,35,22,3,18.842105263157894,24.822174579943493
16,35,22,4,17.42105263157895,25.0029238056354
16,35,22,5,66.63157894736842,147.9437620352619
16,35,22,6,19.0,26.182054923172092
16,35,22,7,16.11764705882353,32.103119694472795
16,35,22,8,10.588235294117647,9.367889460341452
10,25,108,5,26.2,54.47317060525735
15,11,65,7,15.75,12.573468306841907
16,35,22,0,19.2,17.2888768622457
16,35,22,1,21.55,22.933485056617656
16,35,22,2,18.45,19.773653390839357
16,35,22,3,21.15,20.474052898858673
16,35,22,4,18.35,46.375214568946085
16,35,22,5,40.65,106.90097483677421
16,35,22,6,19.57894736842105,24.698888390356725
16,35,22,7,19.842105263157894,27.78341463274395
16,35,22,8,12.11111111111111,11.686537699365575
10,25,108,5,15.1,12.64869454466391
15,11,65,7,16.4,12.995545795629969
16,46,22,0,18.2,18.712787634466213
16,46,22,1,16.85,18.282217417047924
16,46,22,2,11.5,8.08832817284134
16,46,22,3,21.4,23.910799145772476
16,46,22,4,14.05,10.210804391221558
16,46,22,5,15.85,18.1260934334427
16,46,22,6,25.65,26.68189806236667
16,46,22,7,24.0,31.1414430250785
16,46,22,8,21.9,24.753309188661497
16,46,22,0,18.9,23.84136167075592
16,46,22,1,42.7,109.22796056148377
16,46,22,2,13.578947368421053,13.70042898547213
16,46,22,3,34.473684210526315,69.77930958947378
16,46,22,4,11.277777777777779,10.714506689286784
16,46,22,5,24.444444444444443,29.60568749457009
16,46,22,6,13.222222222222221,12.21645734512913
16,46,22,7,16.72222222222222,17.1594787921516
16,46,22,8,15.61111111111111,19.63232295412755
15,11,65,7,14.65,14.528646838139071
10,25,108,5,19.45,21.157243378295313
16,46,22,0,26.8,30.65186523044337
16,46,22,1,32.6,25.2657454815179
16,46,22,2,33.25,46.432605377097495
16,46,22,3,28.45,31.503508576531267
16,46,22,4,22.7,23.283380112725993
16,46,22,5,24.0,35.94732989132558
16,46,22,6,13.421052631578947,14.952947645024835
16,46,22,7,20.526315789473685,16.691209998920694
16,46,22,8,20.789473684210527,29.562699747727184
15,11,65,7,10.2,10.590959401897052
16,46,22,0,24.75,28.35651786209227
16,46,22,1,16.5,15.028043959982215
16,46,22,2,27.6,34.46951360871013
16,46,22,3,23.95,26.599317363619054
16,46,22,4,15.7,10.819572907224059
16,46,22,5,26.55,42.93627468948052
16,46,22,6,23.15,22.236231695141154
16,46,22,7,22.3,23.73782236276773
16,46,22,8,17.4,21.014781765023848
10,26,108,5,59.3,98.4832873879464
15,23,65,7,12.15,11.013269508332113
16,46,22,0,20.5,17.187816982722936
16,46,22,1,30.05,40.36735914337878
16,46,22,2,36.05,57.03505385656309
16,46,22,3,26.6,28.571977438337065
16,46,22,4,30.2,37.39209035414618
16,46,22,5,16.68421052631579,17.7484040959523
16,46,22,6,16.833333333333332,17.057860013357306
16,46,22,7,12.222222222222221,10.658084783010034
16,46,22,8,20.88888888888889,18.685914446256316
15,23,65,7,10.1,8.527972548588187
10,26,108,5,23.05,25.65248525971704
16,34,22,0,26.85,54.34226328510222
16,34,22,1,21.8,24.360451123642363
16,34,22,2,18.85,27.048251232507475
16,34,22,3,54.65,107.3544424594971
16,34,22,4,14.210526315789474,11.394828004983571
16,34,22,5,28.105263157894736,38.19815984055617
16,34,22,6,21.210526315789473,18.539983661051238
16,34,22,7,13.38888888888889,13.240485546849854
16,34,22,8,15.0,16.869743189927867
15,23,65,7,11.55,12.646925983894475
10,26,108,5,27.8,57.16881741133471
16,34,22,0,41.2,68.8060584847768
16,34,22,1,21.15,25.200824965611115
16,34,22,2,53.9,109.41899190485026
16,34,22,3,22.333333333333332,22.03740136276347
16,34,22,4,23.0,32.93487334654471
16,34,22,5,19.166666666666668,14.709940616507481
16,34,22,6,20.11111111111111,21.1323250826475
16,34,22,7,20.88235294117647,20.69384676945413
16,34,22,8,14.117647058823529,21.79702489143064
15,23,65,7,9.25,8.103767804643647
16,34,22,0,26.15,31.800819254590877
16,34,22,1,19.95,17.632132748568957
16,34,22,2,16.95,17.361406079365565
16,34,22,3,23.8,27.431445651411003
16,34,22,4,18.75,27.281910335952418
16,34,22,5,13.6,14.759118501704918
16,34,22,6,19.736842105263158,29.912543086774296
16,34,22,7,19.57894736842105,20.955815394071625
16,34,22,8,12.105263157894736,9.421575339153481
10,26,108,5,20.75,54.2614285803364
15,23,65,7,9.15,9.560197091119651
16,34,22,0,22.75,20.89793492693779
16,34,22,1,42.15,108.70785329690331
16,34,22,2,18.63157894736842,22.32639326575858
16,34,22,3,11.157894736842104,10.383015821227454
16,34,22,4,43.0,109.53233921236838
16,34,22,5,41.833333333333336,109.82191466723056
16,34,22,6,10.529411764705882,8.754410653056718
16,34,22,7,13.176470588235293,11.501278701288213
16,34,22,8,14.764705882352942,16.365090176060388
16,34,22,0,16.75,18.171333699567917
16,34,22,1,22.35,32.16123033781677
16,34,22,2,15.85,12.07988759097229
16,34,22,3,18.65,19.162119979408935
16,34,22,4,21.15,21.21884713372078
16,34,22,5,15.45,17.653015248631636
16,34,22,6,20.2,18.068874080205326
16,34,22,7,18.1,14.99087441710702
16,34,22,8,12.85,11.31963826835097
15,20,65,7,21.05,18.56276692170307
10,26,108,5,41.3,74.27693557151329
16,25,22,0,43.25,108.54389119517262
16,25,22,1,26.42105263157895,26.477067203889824
16,25,22,2,41.21052631578947,110.41114021257518
16,25,22,3,13.833333333333334,16.03397128892645
16,25,22,4,17.61111111111111,14.951446472966651
16,25,22,5,23.055555555555557,26.451892453642802
16,25,22,6,16.444444444444443,15.405202414700966
16,25,22,7,16.38888888888889,23.36950977081258
16,25,22,8,21.944444444444443,26.6115238686998
15,20,65,7,27.35,23.932525764609224
16,25,22,0,14.45,12.111217071267793
16,25,22,1,10.9,12.85096760641208
16,25,22,2,20.75,23.586068590991324
16,25,22,3,14.25,17.82628160300049
16,25,22,4,16.25,19.05635686174315
16,25,22,5,16.35,18.16669885720631
16,25,22,6,13.95,10.028774391194254
16,25,22,7,16.95,29.61058665587805
16,25,22,8,16.75,15.293187337745143
10,37,108,5,13.3,16.833863114817735
16,25,22,0,19.9,16.600253644225788
16,25,22,1,21.4,28.514816093429488
16,25,22,2,35.8,108.75012401686818
16,25,22,3,16.894736842105264,27.822642131988083
16,25,22,4,10.894736842105264,8.184638299495417
16,25,22,5,12.263157894736842,12.341628315327124
16,25,22,6,17.31578947368421,18.672774689903026
16,25,22,7,24.157894736842106,35.14930560068756
16,25,22,8,9.157894736842104,9.464924475220995
15,20,65,7,24.85,19.079542640441385
16,25,22,0,17.25,14.792868125161565
16,25,22,1,22.75,27.109670055652018
16,25,22,2,22.9,35.56891013822398
16,25,22,3,20.8,18.585789704700964
16,25,22,4,24.4,22.125003716919107
16,25,22,5,14.8,12.037660202792516
16,25,22,6,13.4,10.6691882984306
16,25,22,7,23.2,24.156507241430067
16,25,22,8,20.25,19.541790576796398
10,37,108,5,40.55,64.97811372422174
15,20,65,7,27.4,19.198135874418423
16,25,22,0,28.1,26.752078128820692
16,25,22,1,48.45,108.05382430700183
16,25,22,2,19.31578947368421,24.56296360960032
16,25,22,3,24.57894736842105,26.42666117867771
16,25,22,4,27.842105263157894,32.318318090682354
16,25,22,5,22.210526315789473,20.74870530731555
16,25,22,6,13.052631578947368,12.56747868380274
16,25,22,7,27.263157894736842,29.080046815763858
16,25,22,8,22.5,18.705928597797072
15,20,65,7,15.85,12.162388096526367
10,37,108,5,19.6,20.006314792558555
16,31,22,0,36.55,54.46821864266595
16,31,22,1,23.3,28.19126404439951
16,31,22,2,27.55,35.148519471702244
16,31,22,3,20.0,26.331889811645336
16,31,22,4,30.8,41.39616051354471
16,31,22,5,19.65,26.84708158205812
16,31,22,6,24.526315789473685,31.378280565194615
16,31,22,7,14.166666666666666,14.055562014000428
16,31,22,8,13.833333333333334,18.44307617572322
15,15,65,7,9.3,6.959280059558491
16,31,22,0,30.1,42.6218377434805
16,31,22,1,20.05,21.979595801082134
16,31,22,2,16.5,19.93542205802473
16,31,22,3,24.95,42.796304562549864
16,31,22,4,21.3,20.931215671185566
16,31,22,5,16.15,14.988679939067
16,31,22,6,20.75,18.484346151043024
16,31,22,7,16.8,18.79977603450021
16,31,22,8,14.421052631578947,9.388620709689436
10,37,108,5,37.25,59.16335547937547
15,15,65,7,12.85,17.71194957916087
16,31,22,0,22.1,27.345547121394755
16,31,22,1,11.05,9.659873596209055
16,31,22,2,15.4,11.7042502401568
16,31,22,3,11.1,8.515620322306779
16,31,22,4,13.55,17.68280461203393
16,31,22,5,11.1,11.428956760421265
16,31,22,6,12.9,9.569138992230785
16,31,22,7,13.7,14.138785773817169
16,31,22,8,20.9,20.634411728188937
16,31,22,0,19.6,16.718725713214038
16,31,22,1,18.6,18.748754344587383
16,31,22,2,11.35,10.584372790506816
16,31,22,3,27.05,33.94961436878884
16,31,22,4,16.5,18.426239871158568
16,31,22,5,16.5,20.14813560657791
16,31,22,6,28.85,32.50307677743755
16,31,22,7,18.75,17.161385663597706
16,31,22,8,17.0,12.24744871391589
15,15,65,7,17.15,12.205585434114733
10,37,108,5,24.3,34.75341709817899
16,31,22,0,18.55,17.833956375409244
16,31,22,1,20.2,22.635789082080198
16,31,22,2,23.85,24.476143057013058
16,31,22,3,18.05,18.34314729351479
16,31,22,4,18.6,27.834851308538028
16,31,22,5,19.7,14.378712335291107
16,31,22,6,22.55,24.822474960363937
16,31,22,7,18.65,33.63938011820138
16,31,22,8,26.2,26.009310074016106
15,15,65,7,17.25,20.636898481781813
16,46,22,0,15.9,13.897746882896257
16,46,22,1,16.85,13.93320532132918
16,46,22,2,19.25,24.023836846809157
16,46,22,3,18.75,26.72840988044074
16,46,22,4,18.9,23.185521798153076
16,46,22,5,21.05,25.862948502890347
16,46,22,6,24.1,32.4716880730859
16,46,22,7,19.0,25.160537187805577
16,46,22,8,16.3,13.103233831467149
10,33,108,5,13.55,11.38547088918245
15,15,65,7,14.5,12.725854329712117
16,46,22,0,15.4,14.662519349832433
16,46,22,1,20.5,26.759159769674145
16,46,22,2,22.9,23.35740612852017
16,46,22,3,11.25,9.683817211692592
16,46,22,4,15.9,15.75102335856643
16,46,22,5,29.9,46.19170579455284
16,46,22,6,11.7,11.045837510835902
16,46,22,7,15.5,19.885196821544888
16,46,22,8,13.05,9.28765451100489
16,46,22,0,22.35,20.2881220110892
16,46,22,1,22.8,37.832873480472955
16,46,22,2,14.85,21.109426679491847
16,46,22,3,13.9,11.534387944887143
16,46,22,4,28.8,35.60839640782553
16,46,22,5,27.65,38.799450620093225
16,46,22,6,16.57894736842105,14.017115686322299
16,46,22,7,12.052631578947368,10.480000446408633
16,46,22,8,22.68421052631579,23.459309053903308
10,33,108,5,40.5,73.44278116508904
15,22,65,7,19.7,20.246117236593655
16,46,22,0,21.45,16.696911154619684
16,46,22,1,31.4,70.41261848635699
16,46,22,2,20.35,17.96568366285247
16,46,22,3,22.15,28.325690403626623
16,46,22,4,25.842105263157894,45.58662469274505
16,46,22,5,18.263157894736842,31.55390820179044
16,46,22,6,15.368421052631579,17.496699772356404
16,46,22,7,18.473684210526315,30.365126966184658
16,46,22,8,25.63157894736842,44.50369588436921
15,22,65,7,17.25,19.384950755404915
10,33,108,5,22.25,24.67019296747862
16,46,22,0,21.6,27.549763586720857
16,46,22,1,28.95,31.75643324795118
16,46,22,2,28.4,36.83448041398739
16,46,22,3,20.25,22.061815070626587
16,46,22,4,23.45,27.774420264924192
16,46,22,5,39.3,48.239643011684244
16,46,22,6,24.63157894736842,32.45032190615165
16,46,22,7,27.31578947368421,39.21175083452373
16,46,22,8,17.764705882352942,14.472082658366357
15,22,65,7,19.35,13.739206289800157
16,28,22,0,30.6,44.10680816286517
16,28,22,1,37.9,68.90794775029869
16,28,22,2,19.9,26.60213683542219
16,28,22,3,20.15,27.4730011006021
16,28,22,4,29.68421052631579,52.90773166726616
16,28,22,5,18.63157894736842,15.812127997612007
16,28,22,6,18.63157894736842,26.708738741209757
16,28,22,7,15.157894736842104,16.361415172067133
16,28,22,8,10.166666666666666,12.848666673788284
10,33,108,5,30.6,56.281622690107106
15,22,65,7,24.1,28.217016142746207
16,28,22,0,33.35,30.825954546197114
16,28,22,1,54.65,110.681275457243
16,28,22,2,15.68421052631579,21.189758090955557
16,28,22,3,23.94736842105263,20.145232918899822
16,28,22,4,18.05263157894737,19.741309435942032
16,28,22,5,29.63157894736842,40.28814345342779
16,28,22,6,21.36842105263158,20.472774675748685
16,28,22,7,19.210526315789473,27.995195912014026
16,28,22,8,27.36842105263158,20.05606177780393
10,33,108,5,22.3,26.105252546687147
15,22,65,7,24.6,22.297981971469973
16,28,22,0,27.05,27.431205818038315
16,28,22,1,22.7,21.930752261079466
16,28,22,2,23.35,30.810584305773197
16,28,22,3,27.05,29.94464190714874
16,28,22,4,16.75,12.789284165803974
16,28,22,5,15.65,11.613399701705738
16,28,22,6,25.4,30.042776520365614
16,28,22,7,35.9,103.57143479388107
16,28,22,8,14.736842105263158,19.09869717855458
15,10,65,7,14.55,12.356438764764238
16,28,22,0,24.7,39.00620733327345
16,28,22,1,23.55,28.777686897280237
16,28,22,2,19.75,21.01597137016462
16,28,22,3,15.45,24.042670400768717
16,28,22,4,23.8,24.403623544573524
16,28,22,5,25.31578947368421,29.32585630383564
16,28,22,6,20.473684210526315,27.79761864511385
16,28,22,7,12.157894736842104,13.04378591043233
16,28,22,8,20.157894736842106,27.669203012042782
11,11,108,5,24.75,24.445158814654572
16,28,22,0,27.95,20.646077746530683
16,28,22,1,29.35,29.60134243044073
16,28,22,2,25.8,24.25869350410932
16,28,22,3,21.4,32.296977209053246
16,28,22,4,13.15,11.851160280748886
16,28,22,5,18.6,16.10295821139379
16,28,22,6,14.3,14.090310220334512
16,28,22,7,21.94736842105263,28.210466308743023
16,28,22,8,20.210526315789473,23.616328972811303
15,10,65,7,13.95,14.361773090944915
11,11,108,5,32.35,36.78711874098266
16,30,22,0,23.75,25.030244862860147
16,30,22,1,33.55,40.20012437791704
16,30,22,2,18.65,23.026929315134712
16,30,22,3,27.6,51.457084827527574
16,30,22,4,19.1,20.32861607633307
16,30,22,5,20.5,31.35115208157597
16,30,22,6,11.0,9.830136262909502
16,30,22,7,39.10526315789474,105.40023968813253
16,30,22,8,21.5,22.15520122175537
15,10,65,7,11.05,8.075140539757937
16,30,22,0,29.25,30.722655792547766
16,30,22,1,19.35,22.6954087636105
16,30,22,2,15.8,16.42078272382769
16,30,22,3,24.2,24.00131575340687
16,30,22,4,19.5,22.144263840837695
16,30,22,5,21.2,21.407327815739315
16,30,22,6,16.65,17.56873718614373
16,30,22,7,21.4,24.98083475913401
16,30,22,8,16.0,15.19695260310608
11,11,108,5,21.55,16.75669544108453
15,10,65,7,14.3,12.74486480694748
16,30,22,0,13.6,13.616553393417494
16,30,22,1,16.8,24.21308910920964
16,30,22,2,48.45,114.26537671486265
16,30,22,3,19.105263157894736,34.35257508840754
16,30,22,4,47.05263157894737,109.94315383880614
16,30,22,5,17.5,18.46220304233681
16,30,22,6,18.333333333333332,19.914523225377945
16,30,22,7,14.88888888888889,25.30028804506776
16,30,22,8,11.555555555555555,11.089063092138934
15,10,65,7,12.5,9.33865762922003
11,11,108,5,36.15,31.10301220816165
16,30,22,0,47.6,109.17942740471325
16,30,22,1,51.1578947368421,110.55831199361356
16,30,22,2,20.833333333333332,25.317396948250707
16,30,22,3,40.388888888888886,48.32626723196364
16,30,22,4,19.61111111111111,26.643924125594893
16,30,22,5,16.22222222222222,14.023323242771017
16,30,22,6,33.27777777777778,37.82592568060656
16,30,22,7,24.444444444444443,32.40955237221459
16,30,22,8,18.61111111111111,24.117698868109503
15,19,65,7,14.35,14.644111444536334
16,30,22,0,20.8,23.917841831878075
16,30,22,1,17.7,19.939645776297294
16,30,22,2,43.5,108.63676803191935
16,30,22,3,38.89473684210526,67.91489342212068
16,30,22,4,12.526315789473685,21.808174871549205
16,30,22,5,16.68421052631579,16.265343633282757
16,30,22,6,44.36842105263158,113.42751504635302
16,30,22,7,18.38888888888889,14.18009743967554
16,30,22,8,24.11111111111111,31.33854775134608
11,11,108,5,31.7,40.29901396207839
15,19,65,7,15.8,11.883646436661557
16,34,22,0,21.1,18.002631386608606
16,34,22,1,17.0,15.502122095819145
16,34,22,2,12.35,20.85860922850247
16,34,22,3,24.8,37.22280003042844
16,34,22,4,38.0,107.66663950898578
16,34,22,5,9.263157894736842,8.484247529413016
16,34,22,6,11.473684210526315,12.803508291144404
16,34,22,7,11.631578947368421,14.43841529591492
16,34,22,8,17.736842105263158,22.897942909215317
15,19,65,7,14.4,12.86120236664479
11,12,108,5,17.9,16.826983342864896
16,34,22,0,17.1,17.72271809971894
16,34,22,1,13.75,18.648761776307662
16,34,22,2,41.15,108.67540999159885
16,34,22,3,21.31578947368421,22.09336911981347
16,34,22,4,12.0,13.316656236958787
16,34,22,5,16.105263157894736,14.47562985327833
16,34,22,6,16.63157894736842,17.108186884633106
16,34,22,7,10.473684210526315,8.952767548843527
16,34,22,8,35.8421052631579,55.69885612020605
15,19,65,7,11.95,7.956956572379722
16,34,22,0,39.3,109.46573604750051
16,34,22,1,69.05263157894737,152.30797516297568
16,34,22,2,10.117647058823529,9.905064064287878
16,34,22,3,43.23529411764706,113.18598047669414
16,34,22,4,14.1875,11.530936648859017
16,34,22,5,11.25,12.036056940155552
16,34,22,6,16.25,17.406895185529212
16,34,22,7,19.25,22.052966542697455
16,34,22,8,18.3125,30.732650932409545
11,12,108,5,22.7,22.16469454358725
16,34,22,0,21.45,18.494593804677084
16,34,22,1,13.75,14.916874937289538
16,34,22,2,23.5,26.57759246155738
16,34,22,3,18.35,25.862541495985635
16,34,22,4,16.95,25.090310564250224
16,34,22,5,16.55,20.22628565948151
16,34,22,6,19.25,32.76692009682294
16,34,22,7,18.25,19.311504615806502
16,34,22,8,10.9,11.502402495039664
15,19,65,7,15.55,17.95454787717263
16,34,22,0,26.75,31.1310895543684
16,34,22,1,15.8,19.843068523316965
16,34,22,2,45.2,109.09561233880558
16,34,22,3,18.42105263157895,17.796116272545675
16,34,22,4,23.736842105263158,30.67905928092602
16,34,22,5,23.526315789473685,34.80480238423784
16,34,22,6,14.31578947368421,16.826079729524867
16,34,22,7,20.526315789473685,40.09900029379041
16,34,22,8,41.73684210526316,103.76300031281924
11,12,108,5,24.45,15.069924737003412
15,21,65,7,13.75,17.307968958652665
16,41,22,0,25.55,23.10496642897822
16,41,22,1,20.05,21.8233940145842
16,41,22,2,17.0,19.775050735180105
16,41,22,3,43.55,109.54041551673494
16,41,22,4,20.94736842105263,22.30215157585207
16,41,22,5,15.789473684210526,14.234461108202716
16,41,22,6,20.63157894736842,22.28405141280241
16,41,22,7,19.05263157894737,20.676002418828254
16,41,22,8,37.10526315789474,99.93769989172816
15,21,65,7,19.8,21.306287680796064
11,12,108,5,18.85,18.58770108375286
16,41,22,0,15.65,14.978141968952798
16,41,22,1,11.4,13.952551172116385
16,41,22,2,16.0,15.399931647148376
16,41,22,3,11.8,16.567565015001925
16,41,22,4,18.9,14.621181462810076
16,41,22,5,14.0,11.867691656895955
16,41,22,6,18.45,34.989434495512924
16,41,22,7,9.1,7.953152304523493
16,41,22,8,10.75,8.996344286782037
15,21,65,7,15.7,16.543721976692705
16,41,22,0,44.95,109.55915249187007
16,41,22,1,33.578947368421055,50.348028527522175
16,41,22,2,28.157894736842106,39.284239358657615
16,41,22,3,22.842105263157894,21.50003399970112
16,41,22,4,19.68421052631579,19.29609238386233
16,41,22,5,17.68421052631579,22.925126030379243
16,41,22,6,20.736842105263158,30.409870665922412
16,41,22,7,26.68421052631579,22.14611235403769
16,41,22,8,20.058823529411764,20.57447018830404
11,12,108,5,17.9,13.246250710851612
15,21,65,7,14.3,10.843868022260807
16,41,22,0,42.0,110.30102351961057
16,41,22,1,22.105263157894736,27.01212636502787
16,41,22,2,13.736842105263158,13.349332506255626
16,41,22,3,18.157894736842106,12.750874296362483
16,41,22,4,17.63157894736842,16.26246710242053
16,41,22,5,18.0,31.67192938725254
16,41,22,6,14.947368421052632,13.154947038241826
16,41,22,7,15.894736842105264,28.571342940556722
16,41,22,8,14.894736842105264,13.84395069191717
16,41,22,0,17.35,14.105896490102062
16,41,22,1,17.25,19.028717909075166
16,41,22,2,41.85,108.5678419965575
16,41,22,3,18.842105263157894,26.70260735894684
16,41,22,4,22.63157894736842,20.163802899463708
16,41,22,5,13.052631578947368,12.924884199827376
16,41,22,6,19.36842105263158,21.00584713919169
16,41,22,7,17.789473684210527,18.344175422455614
16,41,22,8,11.894736842105264,8.968430661939228
11,17,108,5,35.7,42.83517983595898
15,21,65,7,23.8,31.552128963118534
16,47,22,0,19.2,28.367141851834585
16,47,22,1,22.1,34.324918062538764
16,47,22,2,41.15,108.16667207309479
16,47,22,3,19.0,22.551176367443794
16,47,22,4,11.631578947368421,10.899594927823845
16,47,22,5,16.36842105263158,20.042206926372458
16,47,22,6,14.263157894736842,22.834773933297335
16,47,22,7,16.210526315789473,20.473774410120164
16,47,22,8,10.947368421052632,11.951167698460479
15,14,65,7,11.45,11.133047060086707
11,17,108,5,32.15,33.16033616742813
16,47,22,0,17.1,17.802720076023864
16,47,22,1,21.15,25.383946439474403
16,47,22,2,19.1,18.438803477563575
16,47,22,3,40.2,92.807440718035
16,47,22,4,30.894736842105264,43.094076335439404
16,47,22,5,18.333333333333332,21.012601261260013
16,47,22,6,12.61111111111111,13.155803411372974
16,47,22,7,24.77777777777778,28.941229608325735
16,47,22,8,14.444444444444445,19.06404753709799
15,14,65,7,15.15,14.202575748600562
16,47,22,0,16.8,18.37217575861017
16,47,22,1,46.0,110.03635762783135
16,47,22,2,43.78947368421053,112.19357227942568
16,47,22,3,15.61111111111111,26.650546598276893
16,47,22,4,23.61111111111111,24.9897364552845
16,47,22,5,7.666666666666667,7.356469741582815
16,47,22,6,27.88888888888889,37.88665586734276
16,47,22,7,16.61111111111111,21.012990068859477
16,47,22,8,21.555555555555557,27.43810622478553
11,17,108,5,23.05,17.691731639979526
15,14,65,7,19.8,15.656174164644575
16,47,22,0,21.65,23.4279971963371
16,47,22,1,35.0,109.60263154735503
16,47,22,2,9.0,11.190273554396345
16,47,22,3,18.842105263157894,19.411517651741185
16,47,22,4,40.94736842105263,110.91311598835196
16,47,22,5,16.666666666666668,19.508670772098178
16,47,22,6,18.88888888888889,30.224432829571526
16,47,22,7,15.222222222222221,13.308800960512407
16,47,22,8,19.055555555555557,16.91665459286732
16,47,22,0,18.95,16.08685308272762
16,47,22,1,37.05,109.46832033924125
16,47,22,2,18.0,17.51507287389287
16,47,22,3,17.526315789473685,18.983526253197745
16,47,22,4,17.105263157894736,20.80570097310966
16,47,22,5,21.736842105263158,24.751749893836145
16,47,22,6,22.105263157894736,28.64319724713028
16,47,22,7,16.36842105263158,21.995480662868978
16,47,22,8,17.210526315789473,28.013050425686362
15,14,65,7,13.45,9.344150999140417
11,17,108,5,38.95,30.226295627622335
16,42,22,0,29.35,30.56188716961734
16,42,22,1,13.6,12.462153231199444
16,42,22,2,17.55,19.650833650456022
16,42,22,3,17.8,12.722131565855912
16,42,22,4,22.05,24.130075141113622
16,42,22,5,20.3,21.40855706929997
16,42,22,6,13.35,15.805645227343033
16,42,22,7,19.95,14.904873805500491
16,42,22,8,17.75,23.000858107562216
15,14,65,7,11.55,8.79279010864793
16,42,22,0,12.9,11.719978444384704
16,42,22,1,19.8,27.083885284524136
16,42,22,2,13.25,12.190915513308735
16,42,22,3,15.3,18.943406018426238
16,42,22,4,13.35,15.462263060346904
16,42,22,5,25.8,42.62146728685218
16,42,22,6,14.4,13.75499909123952
16,42,22,7,12.0,11.995613233265955
16,42,22,8,18.25,20.049609525007295
11,17,108,5,29.2,23.851735013576995
16,42,22,0,20.35,12.334269760562066
16,42,22,1,14.15,14.84046743482868
16,42,22,2,25.4,23.802697768375573
16,42,22,3,15.3,23.664541540367722
16,42,22,4,17.55,17.14481661733672
16,42,22,5,13.95,10.743296563561465
16,42,22,6,36.25,107.14715655534091
16,42,22,7,19.0,34.489934119327565
16,42,22,8,16.36842105263158,32.395490986514005
15,0,65,7,20.55,17.581314842154082
16,42,22,0,19.0,22.40770544160858
16,42,22,1,11.95,9.681642966269505
16,42,22,2,12.65,14.872351599705514
16,42,22,3,16.5,20.205522955240156
16,42,22,4,18.4,21.196822006090787
16,42,22,5,12.05,15.422045055186764
16,42,22,6,6.5,4.4426165831931925
16,42,22,7,12.05,13.012038959930027
16,42,22,8,16.25,17.492479587104373
11,7,108,5,29.45,24.414135249891608
15,0,65,7,23.3,25.07063705024791
16,42,22,0,23.75,23.402372799175275
16,42,22,1,22.65,25.617171461428182
16,42,22,2,42.75,101.10956797871359
16,42,22,3,32.1578947368421,39.521109911729084
16,42,22,4,17.63157894736842,16.20428793154519
16,42,22,5,15.052631578947368,15.597270716416046
16,42,22,6,12.894736842105264,18.46285982675642
16,42,22,7,14.842105263157896,18.34019010532375
16,42,22,8,16.555555555555557,16.807639097331418
16,30,22,0,16.25,13.005565610234154
16,30,22,1,13.45,16.184706881562768
16,30,22,2,16.6,18.90808793806725
16,30,22,3,14.3,16.28399278594263
16,30,22,4,34.95,108.42386365798959
16,30,22,5,16.789473684210527,19.96546726327575
16,30,22,6,12.263157894736842,14.270568412190789
16,30,22,7,10.68421052631579,11.489379789754379
16,30,22,8,10.631578947368421,11.006112071207369
15,0,65,7,20.85,25.09408611395794
11,7,108,5,26.85,28.64166086039888
16,30,22,0,21.9,14.304581525916056
16,30,22,1,18.8,21.100261909075414
16,30,22,2,20.95,18.791025293446534
16,30,22,3,28.6,41.2251839228606
16,30,22,4,18.65,18.86872935224895
16,30,22,5,32.4,30.496591699125297
16,30,22,6,10.7,12.761372636944166
16,30,22,7,18.6,16.044018396766734
16,30,22,8,21.6,16.135609524800795
15,0,65,7,19.4,21.37731212487226
16,30,22,0,18.55,28.117188973819445
16,30,22,1,31.3,53.490874775147645
16,30,22,2,22.3,33.0232772768734
16,30,22,3,17.8,17.518711800754495
16,30,22,4,13.578947368421053,9.81674187562409
16,30,22,5,15.105263157894736,12.639860832752275
16,30,22,6,22.210526315789473,21.389454689865858
16,30,22,7,22.05263157894737,18.551650672920147
16,30,22,8,9.894736842105264,10.240956643910575
11,7,108,5,45.1,37.33052934332209
15,0,65,7,16.15,14.261744929041912
16,30,22,0,39.85,54.24144366189303
16,30,22,1,16.8,21.527461042755796
16,30,22,2,12.15,16.474142418379557
16,30,22,3,29.1,28.513893197232083
16,30,22,4,19.9,24.21591473217127
16,30,22,5,23.2,19.744686160558427
16,30,22,6,28.1,48.4441077835826
16,30,22,7,25.5,26.45850773530033
16,30,22,8,12.789473684210526,12.021180138814348
15,15,65,7,12.3,8.221281754337978
11,7,108,5,36.0,43.300662447831584
16,30,22,0,21.1,21.550186224619715
16,30,22,1,16.55,13.26838347350573
16,30,22,2,26.15,33.4857000115446
16,30,22,3,23.0,28.003759146153744
16,30,22,4,14.4,21.441229344174126
16,30,22,5,20.4,19.908739154874727
16,30,22,6,22.1,22.369857539014177
16,30,22,7,16.1,12.358248896565955
16,30,22,8,18.35,21.701988751943304
16,24,22,0,20.85,23.40552116601191
16,24,22,1,17.7,16.530991628166966
16,24,22,2,18.5,15.32970971675589
16,24,22,3,20.35,21.489960936507806
16,24,22,4,8.65,5.714938872445572
16,24,22,5,24.1,38.48020680544056
16,24,22,6,10.45,13.076596209298986
16,24,22,7,16.6,12.110891140231026
16,24,22,8,18.05,19.99335415897782
15,15,65,7,12.3,15.413937643710984
11,7,108,5,24.85,33.76119697304335
16,24,22,0,21.6,21.424039621047438
16,24,22,1,20.4,15.725942361521447
16,24,22,2,24.3,24.88732503441101
16,24,22,3,19.7,16.309829132023104
16,24,22,4,20.45,23.257087205046936
16,24,22,5,56.5,108.19694518501167
16,24,22,6,20.94736842105263,19.560372878207176
16,24,22,7,19.05263157894737,19.42356439485733
16,24,22,8,26.736842105263158,24.76521329352292
15,15,65,7,17.75,16.914257455270032
16,24,22,0,24.7,17.18046626412192
16,24,22,1,16.5,22.60530911091463
16,24,22,2,12.85,16.58875649665348
16,24,22,3,20.95,25.058825527987242
16,24,22,4,19.75,25.65125420140823
16,24,22,5,18.35,22.660596452409354
16,24,22,6,18.7,20.650219828064017
16,24,22,7,18.85,33.80948948072669
16,24,22,8,43.7,92.77142255083332
11,1,108,5,34.2,37.69210443636844
15,15,65,7,20.0,17.99415109651496
16,24,22,0,30.85,39.129037541797125
16,24,22,1,16.05,17.611225487111756
16,24,22,2,24.7,38.42162220197865
16,24,22,3,23.65,22.328351107009553
16,24,22,4,16.6,16.432957897565426
16,24,22,5,15.8,12.458774122343616
16,24,22,6,15.35,22.141352119602146
16,24,22,7,25.85,37.110468093319206
16,24,22,8,19.105263157894736,23.586471491660227
15,15,65,7,13.5,13.140936440235748
11,1,108,5,24.7,30.717901518238687
16,24,22,0,56.2,114.23549084422517
16,24,22,1,24.31578947368421,42.248014590535554
16,24,22,2,27.0,36.3318042491699
16,24,22,3,27.263157894736842,37.195940795951195
16,24,22,4,15.842105263157896,11.270724899760523
16,24,22,5,19.210526315789473,21.162280247250244
16,24,22,6,10.368421052631579,9.328632901602758
16,24,22,7,14.842105263157896,17.742801851563907
16,24,22,8,14.944444444444445,14.235300869657557
15,1,65,7,29.85,30.325037423502746
16,45,22,0,20.3,18.564538918679286
16,45,22,1,43.0,108.84174895594738
16,45,22,2,21.0,18.77054430040145
16,45,22,3,57.73684210526316,114.24916343251377
16,45,22,4,25.0,18.091271863720884
16,45,22,5,19.333333333333332,23.052370045309488
16,45,22,6,19.5,18.893665293830473
16,45,22,7,23.61111111111111,25.94822648113624
16,45,22,8,15.176470588235293,16.879111699515054
11,1,108,5,31.05,32.20571214453799
15,1,65,7,28.95,35.03753626281992
16,45,22,0,14.45,14.478568553846097
16,45,22,1,15.7,14.07536107791499
16,45,22,2,35.15,109.08242899655963
16,45,22,3,20.42105263157895,28.72148980481666
16,45,22,4,11.842105263157896,15.170377413801972
16,45,22,5,39.473684210526315,104.51760533307966
16,45,22,6,8.88888888888889,13.239374824803248
16,45,22,7,11.944444444444445,14.181480144363187
16,45,22,8,42.55555555555556,111.51693209459651
11,1,108,5,18.9,21.24518521305103
16,45,22,0,16.35,14.615330811748398
16,45,22,1,31.65,47.83774660244774
16,45,22,2,41.45,74.77367606035527
16,45,22,3,11.0,14.087031072743628
16,45,22,4,20.263157894736842,26.400425302262665
16,45,22,5,19.105263157894736,32.57793175489967
16,45,22,6,16.526315789473685,23.300854588649827
16,45,22,7,12.61111111111111,8.161162611013133
16,45,22,8,19.5,34.48145281503223
15,1,65,7,21.05,16.262565991613346
16,45,22,0,25.1,32.2015037242869
16,45,22,1,43.75,109.31551389874801
16,45,22,2,13.578947368421053,10.106740267287439
16,45,22,3,14.105263157894736,17.73538439530203
16,45,22,4,16.210526315789473,16.015891231206105
16,45,22,5,12.157894736842104,12.001218261746674
16,45,22,6,12.631578947368421,13.433831778659057
16,45,22,7,15.789473684210526,16.301257440824827
16,45,22,8,15.473684210526315,22.896793616022677
15,1,65,7,19.55,16.034420213370588
11,1,108,5,33.6,28.50004616801432
16,45,22,0,25.4,20.71206106799153
16,45,22,1,28.3,36.07608918004161
16,45,22,2,10.3,10.558608361252718
16,45,22,3,14.6,15.40813182432541
16,45,22,4,22.5,29.573280970640056
16,45,22,5,17.25,20.413811114305098
16,45,22,6,14.2,18.858475687689022
16,45,22,7,31.75,39.838985138204826
16,45,22,8,11.9,14.123142635218864
17,2,22,0,15.2,20.90731425778271
17,2,22,1,18.15,13.550199066317887
17,2,22,2,22.4,30.98794332605743
17,2,22,3,9.4,10.28744764007907
17,2,22,4,48.4,107.17540959125199
17,2,22,5,12.052631578947368,13.62380956761004
17,2,22,6,13.894736842105264,13.759419952414438
17,2,22,7,9.578947368421053,8.281946828786925
17,2,22,8,21.473684210526315,19.20465343218389
15,1,65,7,27.3,30.00719212034622
11,14,108,5,23.9,13.859824560293152
17,2,22,0,22.5,25.16367473791913
17,2,22,1,12.1,9.089612347706526
17,2,22,2,41.75,55.79178868086707
17,2,22,3,21.25,24.128766409020017
17,2,22,4,19.45,26.372783019820382
17,2,22,5,27.1,33.74657877396416
17,2,22,6,16.8,20.278586060955504
17,2,22,7,15.15,20.62261150444235
17,2,22,8,27.4,37.02261044565235
16,35,65,8,6.6,5.950674442093894
17,2,22,0,35.35,82.73437203357184
17,2,22,1,20.35,26.505759056437054
17,2,22,2,17.5,21.343062474478064
17,2,22,3,20.65,27.209276668851473
17,2,22,4,16.894736842105264,19.669194009477263
17,2,22,5,9.421052631578947,11.880496573393275
17,2,22,6,21.105263157894736,28.647076129340565
17,2,22,7,6.947368421052632,11.777915700395127
17,2,22,8,20.63157894736842,16.40531934843015
11,14,108,5,21.2,18.514858897652985
16,35,65,8,12.45,16.281972594834674
17,2,22,0,25.2,42.32530660192987
17,2,22,1,16.3,17.758911773203362
17,2,22,2,43.95,110.69088062090562
17,2,22,3,24.42105263157895,28.760149492490633
17,2,22,4,15.421052631578947,19.97864356833089
17,2,22,5,15.473684210526315,13.496371615498207
17,2,22,6,22.842105263157894,23.735260122851297
17,2,22,7,16.842105263157894,17.3245591827669
17,2,22,8,21.05263157894737,24.62716134724812
11,14,108,5,25.65,36.15940585212853
17,2,22,0,24.5,31.19126058437051
17,2,22,1,17.95,13.264416189267633
17,2,22,2,17.35,22.347200460483915
17,2,22,3,16.7,13.21123923427561
17,2,22,4,28.2,27.182811906752672
17,2,22,5,20.75,24.0128803156271
17,2,22,6,12.8,10.851145949670599
17,2,22,7,28.1,25.655408786452806
17,2,22,8,33.6,26.04530465816904
16,35,65,8,12.0,22.815045820455275
17,23,22,0,20.5,17.22757886890118
17,23,22,1,9.65,8.809534308738579
17,23,22,2,42.2,107.69772513846335
17,23,22,3,16.736842105263158,17.041915989254125
17,23,22,4,21.68421052631579,30.283938962168172
17,23,22,5,14.894736842105264,20.393067277446427
17,23,22,6,16.894736842105264,22.58292062806685
17,23,22,7,19.63157894736842,23.03429936786489
17,23,22,8,16.31578947368421,14.240211576061437
11,14,108,5,21.15,21.418818582584898
16,35,65,8,12.3,16.06270607076496
17,23,22,0,56.7,119.80646674401265
17,23,22,1,36.31578947368421,112.17201702523127
17,23,22,2,18.77777777777778,24.089430329394908
17,23,22,3,16.11111111111111,12.20361030905049
17,23,22,4,21.333333333333332,26.714173369646485
17,23,22,5,14.222222222222221,10.984243022222417
17,23,22,6,19.0,18.288537072037613
17,23,22,7,21.941176470588236,21.51589699569627
17,23,22,8,17.0,10.422331792837914
16,35,65,8,9.05,7.408920654397501
17,23,22,0,58.2,115.34597841642382
17,23,22,1,12.421052631578947,11.871140493153433
17,23,22,2,22.36842105263158,28.571956970886657
17,23,22,3,15.578947368421053,19.273804299196943
17,23,22,4,12.421052631578947,13.49615496467084
17,23,22,5,14.0,23.853720883753127
17,23,22,6,14.894736842105264,11.415850271745008
17,23,22,7,15.421052631578947,16.607614684146426
17,23,22,8,20.526315789473685,25.41296349208987
11,14,108,5,27.2,27.36036318626291
17,23,22,0,13.85,21.923971499611774
17,23,22,1,15.5,16.636991124725963
17,23,22,2,15.8,23.88921800398885
17,23,22,3,13.3,18.912819378456117
17,23,22,4,9.85,9.932800527333137
17,23,22,5,15.65,17.703032746426604
17,23,22,6,9.65,9.297849213662266
17,23,22,7,18.7,38.14942918797634
17,23,22,8,12.25,16.568438607627964
16,25,65,8,12.9,13.764561667366557
11,18,108,5,19.35,19.01875805342549
17,23,22,0,20.0,17.15870195065987
17,23,22,1,25.0,20.680527327085155
17,23,22,2,30.3,41.734877500718746
17,23,22,3,49.45,108.60913744635903
17,23,22,4,15.631578947368421,15.188484403637256
17,23,22,5,26.842105263157894,29.60529824559324
17,23,22,6,22.263157894736842,21.79918985564769
17,23,22,7,16.94736842105263,15.472102795427668
17,23,22,8,18.105263157894736,28.650954486412072
16,25,65,8,26.9,66.52019875274925
17,7,22,0,19.4,18.10321285820486
17,7,22,1,17.2,19.696646789157846
17,7,22,2,13.8,14.196367215075242
17,7,22,3,21.0,18.93479114723671
17,7,22,4,18.4,15.18794535842575
17,7,22,5,17.0,21.43042598491072
17,7,22,6,21.2,18.62539296653616
17,7,22,7,18.9,22.171342337635572
17,7,22,8,32.1,30.99049090149734
11,18,108,5,20.5,20.37929806135835
17,7,22,0,20.9,23.028357804192094
17,7,22,1,14.1,18.934513182907136
17,7,22,2,18.75,16.704474660527655
17,7,22,3,14.15,14.023570384028082
17,7,22,4,22.3,21.805600439481502
17,7,22,5,14.6,14.173362710603147
17,7,22,6,11.25,12.611085349176356
17,7,22,7,13.2,18.642340038344518
17,7,22,8,38.75,42.720480728617865
16,25,65,8,7.45,6.723681635595346
17,7,22,0,19.55,18.225127246685954
17,7,22,1,19.65,19.52670236530372
17,7,22,2,33.55,35.917266042949315
17,7,22,3,14.95,14.634044661606534
17,7,22,4,20.25,20.882818422405485
17,7,22,5,15.45,13.743802431028973
17,7,22,6,14.25,13.83692618740844
17,7,22,7,14.7,18.887757104035746
17,7,22,8,23.5,14.511338579484011
11,18,108,5,28.65,43.57966087643711
16,25,65,8,12.55,12.696767097841958
17,7,22,0,25.95,28.65121472578707
17,7,22,1,17.05,16.46519455029145
17,7,22,2,18.9,14.465567101878424
17,7,22,3,17.35,16.90616517879296
17,7,22,4,21.9,17.76128255207762
17,7,22,5,14.95,11.009445705249748
17,7,22,6,17.5,14.702309163421987
17,7,22,7,12.8,8.906532197745298
17,7,22,8,31.95,24.75665779670507
17,7,22,0,17.6,21.206751655769295
17,7,22,1,11.85,13.60446907995194
17,7,22,2,10.0,10.57305413228413
17,7,22,3,11.55,14.347106805353144
17,7,22,4,6.2,5.237516486596335
17,7,22,5,13.2,10.620734437881403
17,7,22,6,11.9,15.29671447351393
17,7,22,7,16.9,20.76662301817384
17,7,22,8,19.1,12.447362857459533
11,18,108,5,22.8,22.439626603516896
16,25,65,8,13.15,12.654414665495825
17,17,22,0,21.35,21.587703614984648
17,17,22,1,15.45,18.961109783199042
17,17,22,2,17.15,19.337106407384905
17,17,22,3,12.6,12.575665724765932
17,17,22,4,15.0,15.677674371035092
17,17,22,5,17.6,10.796685651283525
17,17,22,6,12.3,18.25001802450443
17,17,22,7,15.5,14.258884580277808
17,17,22,8,27.05,28.735591355082914
17,17,22,0,43.45,109.46110820984006
17,17,22,1,15.842105263157896,14.911826618473512
17,17,22,2,12.947368421052632,18.78673788787815
17,17,22,3,22.526315789473685,35.58459157970957
17,17,22,4,19.842105263157894,31.424094007791638
17,17,22,5,22.0,35.09669183523966
17,17,22,6,10.473684210526315,11.529519702112639
17,17,22,7,15.631578947368421,23.108946142411288
17,17,22,8,25.210526315789473,34.47958969104995
16,29,65,8,15.6,17.682581378591934
11,18,108,5,21.2,18.48641037143373
17,17,22,0,68.95,148.4514717801215
17,17,22,1,24.5,42.432299018554254
17,17,22,2,11.222222222222221,15.318407057238094
17,17,22,3,16.166666666666668,20.77116213577344
17,17,22,4,12.277777777777779,12.227286532494134
17,17,22,5,34.611111111111114,113.26498804281874
17,17,22,6,9.588235294117647,10.386643006341195
17,17,22,7,15.411764705882353,15.933686106522133
17,17,22,8,25.529411764705884,18.725375987743288
16,29,65,8,6.25,6.950009466104875
11,8,108,5,25.15,26.596942839752323
17,17,22,0,55.35,109.84931066070273
17,17,22,1,22.0,20.316933276894368
17,17,22,2,19.526315789473685,29.07149887404545
17,17,22,3,19.36842105263158,14.866855478306954
17,17,22,4,14.421052631578947,25.118200106858517
17,17,22,5,20.94736842105263,31.020555343210244
17,17,22,6,21.444444444444443,25.57393485154073
17,17,22,7,20.27777777777778,17.626202272070625
17,17,22,8,22.444444444444443,17.617578862242116
16,29,65,8,8.9,7.354912429261497
17,17,22,0,34.75,37.82490825118451
17,17,22,1,23.75,27.99412532356706
17,17,22,2,28.2,30.998471948757324
17,17,22,3,36.8,49.571426404628234
17,17,22,4,26.2,34.11836980124837
17,17,22,5,17.0,18.736398575471952
17,17,22,6,14.9,23.18098131522568
17,17,22,7,14.368421052631579,18.589753827536853
17,17,22,8,20.94736842105263,20.780529573538907
11,8,108,5,19.5,15.247087728826326
17,22,22,0,20.2,20.608123079070186
17,22,22,1,25.25,20.708185516080857
17,22,22,2,17.25,14.581440979979709
17,22,22,3,17.55,17.670894892896328
17,22,22,4,18.85,19.42400847567664
17,22,22,5,17.05,14.619651518634628
17,22,22,6,13.8,16.882254775822734
17,22,22,7,23.95,30.531217845967014
17,22,22,8,39.0,52.12838402494971
16,29,65,8,9.05,9.697937925146768
11,8,108,5,23.15,21.034495477667154
17,22,22,0,19.8,13.828270052019485
17,22,22,1,19.35,23.53111042630026
17,22,22,2,17.55,21.313388428773813
17,22,22,3,22.15,21.842197209698668
17,22,22,4,21.45,29.007213258991833
17,22,22,5,19.85,24.980571397956872
17,22,22,6,23.3,27.092628634294414
17,22,22,7,19.9,17.597547676040723
17,22,22,8,28.3,32.641755628739034
16,29,65,8,27.4,65.28673597858023
17,22,22,0,21.2,16.709908815776913
17,22,22,1,19.0,27.686211654711332
17,22,22,2,11.9,10.774726764150694
17,22,22,3,21.15,20.308865059377396
17,22,22,4,15.2,20.309707297898605
17,22,22,5,16.55,20.02229021024213
17,22,22,6,17.55,27.29656812822717
17,22,22,7,23.2,26.076002276745612
17,22,22,8,25.75,26.11487779227127
11,8,108,5,25.85,20.99442281830306
16,30,65,8,11.3,13.63084736911099
17,22,22,0,29.35,29.36749904230866
17,22,22,1,25.55,25.94422154505599
17,22,22,2,25.65,56.50735862653083
17,22,22,3,27.65,25.72787756909859
17,22,22,4,17.25,19.300599936135065
17,22,22,5,18.05263157894737,14.408615031796183
17,22,22,6,24.157894736842106,40.75981566567022
17,22,22,7,19.789473684210527,19.834254733130596
17,22,22,8,30.526315789473685,26.449886412385027
17,22,22,0,24.55,29.763055516599945
17,22,22,1,28.55,28.52418180015723
17,22,22,2,13.85,14.59010118647499
17,22,22,3,24.45,28.823373190958463
17,22,22,4,21.6,31.234933209974677
17,22,22,5,20.4,19.874342094374107
17,22,22,6,17.3,25.45811834118312
17,22,22,7,41.05,103.96025303223495
17,22,22,8,19.894736842105264,17.107161388150693
11,8,108,5,29.55,29.009027632971883
16,30,65,8,9.0,8.885233166386387
17,13,22,0,12.5,10.694317231718516
17,13,22,1,47.35,111.18371472950807
17,13,22,2,18.63157894736842,27.41494022186481
17,13,22,3,22.210526315789473,28.939743812442856
17,13,22,4,15.263157894736842,17.816478344072245
17,13,22,5,13.631578947368421,14.799438901960624
17,13,22,6,16.842105263157894,32.189134049818634
17,13,22,7,38.68421052631579,110.32177816207508
17,13,22,8,17.38888888888889,11.931859915610458
16,30,65,8,9.25,11.313126981752799
11,19,108,5,24.35,18.082486438249404
17,13,22,0,22.85,31.406125785300315
17,13,22,1,19.1,30.925887639901127
17,13,22,2,22.95,14.543853829385329
17,13,22,3,25.45,20.28345190179994
17,13,22,4,28.9,33.58085294048569
17,13,22,5,21.45,25.4299347019879
17,13,22,6,11.75,14.186260959111108
17,13,22,7,49.75,105.55411433303574
17,13,22,8,29.31578947368421,35.171093926024206
16,30,65,8,11.1,10.386732427780922
17,13,22,0,47.95,108.06600078801745
17,13,22,1,15.894736842105264,15.88463526263353
17,13,22,2,20.157894736842106,22.54936105991756
17,13,22,3,16.05263157894737,14.968387741468597
17,13,22,4,16.63157894736842,20.270971380320045
17,13,22,5,19.210526315789473,18.449868856409616
17,13,22,6,17.31578947368421,15.070400096358673
17,13,22,7,13.736842105263158,19.2926068317004
17,13,22,8,40.473684210526315,105.33721955966658
11,19,108,5,32.3,52.64188846396595
17,13,22,0,15.6,14.676870453737386
17,13,22,1,16.6,22.50941323558938
17,13,22,2,43.25,109.02721775101075
17,13,22,3,14.0,14.379769740081993
17,13,22,4,13.421052631578947,14.36552891656383
17,13,22,5,19.894736842105264,25.7787482172646
17,13,22,6,17.68421052631579,16.408170835758586
17,13,22,7,13.578947368421053,11.275912328073918
17,13,22,8,17.526315789473685,14.934555087866347
16,30,65,8,12.8,16.3404567352259
11,19,108,5,20.75,16.98877338281465
17,13,22,0,23.2,24.86722637063533
17,13,22,1,42.5,55.112802982896625
17,13,22,2,21.15,20.499743258982793
17,13,22,3,25.75,17.231779087671587
17,13,22,4,28.3,26.054800547671583
17,13,22,5,17.1,13.277999215163963
17,13,22,6,27.1,33.749697854398015
17,13,22,7,17.94736842105263,19.38061369344384
17,13,22,8,28.157894736842106,46.110089469412145
16,47,65,8,11.9,13.466918531603364
17,23,22,0,18.75,20.78682528100811
17,23,22,1,14.5,21.52232622919255
17,23,22,2,13.45,8.249242389456136
17,23,22,3,19.0,21.618705350983245
17,23,22,4,19.9,23.50565441492077
17,23,22,5,12.4,15.322498078590876
17,23,22,6,12.2,16.804134829512083
17,23,22,7,16.6,17.945531623865534
17,23,22,8,18.45,28.474318992826905
11,19,108,5,44.55,65.72228253075689
17,23,22,0,26.65,41.63029640715243
17,23,22,1,12.3,15.901340559177621
17,23,22,2,9.65,9.275179101689682
17,23,22,3,18.4,22.082143297958623
17,23,22,4,15.55,19.607933410524907
17,23,22,5,10.75,10.083206465781554
17,23,22,6,12.75,10.587355914635056
17,23,22,7,15.4,16.721873478518454
17,23,22,8,13.25,14.472751166097947
16,47,65,8,9.65,6.318519146962072
17,23,22,0,22.65,17.11347576127009
17,23,22,1,18.25,26.51290648960079
17,23,22,2,12.2,15.922840265017516
17,23,22,3,15.05,13.45352624485687
17,23,22,4,23.5,19.832190738132898
17,23,22,5,24.2,24.328021530304255
17,23,22,6,23.85,25.937729073179945
17,23,22,7,18.1,18.113385570955675
17,23,22,8,16.0,17.755651435380702
11,19,108,5,24.85,23.837774092482093
16,47,65,8,11.4,19.329279671823752
17,23,22,0,19.1,25.116360782314153
17,23,22,1,18.35,24.042232578702443
17,23,22,2,20.4,25.081761039490537
17,23,22,3,11.85,10.859267204122308
17,23,22,4,12.85,13.846052068901692
17,23,22,5,20.85,31.712980905218245
17,23,22,6,15.3,13.970269183255976
17,23,22,7,15.65,19.64761938170681
17,23,22,8,20.2,22.451350914694125
17,23,22,0,37.0,109.6208777656212
17,23,22,1,19.526315789473685,18.960099686366604
17,23,22,2,18.94736842105263,19.53479426906009
17,23,22,3,14.263157894736842,12.55584018722035
17,23,22,4,13.421052631578947,12.388685651179573
17,23,22,5,22.0,25.729360660537214
17,23,22,6,14.68421052631579,20.4316003386338
17,23,22,7,13.894736842105264,16.485329292172025
17,23,22,8,20.36842105263158,23.352874023258863
16,47,65,8,27.9,65.7410390131333
11,15,108,5,14.05,16.643237918778084
17,10,22,0,20.85,19.91105220725414
17,10,22,1,24.5,31.97778834391805
17,10,22,2,19.75,21.708293346092415
17,10,22,3,26.9,28.308265484427725
17,10,22,4,23.75,26.673217397153074
17,10,22,5,23.45,34.292050636293325
17,10,22,6,12.1,12.719235329547963
17,10,22,7,24.05,30.68254261062195
17,10,22,8,36.1,34.43055558504302
16,47,65,8,8.4,8.512529465131784
17,10,22,0,18.9,17.955793669893556
17,10,22,1,39.15,109.28055395944975
17,10,22,2,16.05263157894737,14.611539139440161
17,10,22,3,14.368421052631579,15.639020025833496
17,10,22,4,14.421052631578947,15.086107625058682
17,10,22,5,16.894736842105264,13.979726339882756
17,10,22,6,37.526315789473685,110.31438327749802
17,10,22,7,13.444444444444445,13.084441691531394
17,10,22,8,11.38888888888889,14.621253220966867
11,15,108,5,28.65,25.615116836085598
17,10,22,0,20.2,28.439409276565506
17,10,22,1,21.1,30.04540423741165
17,10,22,2,20.4,22.238894330713286
17,10,22,3,21.05,18.380410052123718
17,10,22,4,23.0,22.109773975849638
17,10,22,5,18.65,19.513220889276177
17,10,22,6,27.65,33.15874894471966
17,10,22,7,14.105263157894736,21.191965817372356
17,10,22,8,28.36842105263158,23.67654846822951
16,26,65,8,10.45,11.403946685248927
11,15,108,5,25.45,18.46326366770398
17,10,22,0,24.0,18.589753827536853
17,10,22,1,25.1,36.18359616703331
17,10,22,2,21.05,21.31091887174025
17,10,22,3,17.0,21.623573880568884
17,10,22,4,8.3,8.291403284188547
17,10,22,5,18.0,21.41568534853294
17,10,22,6,25.95,25.711916139777436
17,10,22,7,23.15,32.43824091537965
17,10,22,8,19.8,22.71934024245932
16,26,65,8,21.95,65.8111132832362
17,10,22,0,24.9,19.788087857411377
17,10,22,1,16.8,24.280379776792277
17,10,22,2,11.25,10.671531237239032
17,10,22,3,39.65,108.70688498023142
17,10,22,4,14.210526315789474,16.99208622129863
17,10,22,5,12.68421052631579,15.944531042819623
17,10,22,6,15.263157894736842,18.202082009311027
17,10,22,7,25.473684210526315,31.985011109463674
17,10,22,8,50.421052631578945,107.71635375140153
11,15,108,5,33.15,34.62471736536746
17,8,22,0,40.8,109.46886122979159
17,8,22,1,17.63157894736842,20.707514809620278
17,8,22,2,13.631578947368421,10.667763101543045
17,8,22,3,21.0,24.34474618201362
17,8,22,4,12.578947368421053,13.124683232044896
17,8,22,5,25.789473684210527,42.87524401921932
17,8,22,6,11.578947368421053,10.563647252481209
17,8,22,7,20.57894736842105,23.25777239135741
17,8,22,8,23.842105263157894,31.593359284463457
16,26,65,8,42.25,89.52557705688594
11,15,108,5,35.35,39.97798736410089
17,8,22,0,24.15,27.298110595886726
17,8,22,1,38.95,60.05653038683856
17,8,22,2,39.4,47.39464771025255
17,8,22,3,25.95,30.058670699326115
17,8,22,4,23.35,19.924264498080568
17,8,22,5,52.45,109.29943178934501
17,8,22,6,19.210526315789473,20.21709658066773
17,8,22,7,18.166666666666668,16.346433322071857
17,8,22,8,22.72222222222222,22.05022490362975
16,26,65,8,7.3,5.611079265730951
17,8,22,0,22.6,25.136260241877043
17,8,22,1,18.6,13.593342023520968
17,8,22,2,12.85,15.36323362344077
17,8,22,3,21.45,44.49775275224582
17,8,22,4,17.85,20.93165570437073
17,8,22,5,15.75,19.460824345605875
17,8,22,6,20.95,21.719443144940797
17,8,22,7,16.45,22.712099719845604
17,8,22,8,19.95,28.452129695517105
11,18,108,5,21.75,15.474512151140322
16,26,65,8,8.7,10.021555714926121
17,8,22,0,56.65,96.76519328549367
17,8,22,1,20.45,22.91282104894665
17,8,22,2,22.85,19.304417274701393
17,8,22,3,18.9,17.811587003379213
17,8,22,4,21.894736842105264,37.32126998083608
17,8,22,5,31.210526315789473,33.0615233690975
17,8,22,6,26.944444444444443,30.07338518910078
17,8,22,7,18.333333333333332,22.249917382530025
17,8,22,8,22.72222222222222,19.420442702761484
11,18,108,5,23.15,13.704686098288848
16,26,65,8,14.2,20.283776249687048
17,8,22,0,29.3,23.512818452472843
17,8,22,1,41.75,40.68347006883884
17,8,22,2,53.25,117.67925855789899
17,8,22,3,26.94736842105263,32.36849236905565
17,8,22,4,33.31578947368421,66.12618630028413
17,8,22,5,18.94736842105263,19.67365323418473
17,8,22,6,14.764705882352942,13.362865578557177
17,8,22,7,31.0,29.446986263453173
17,8,22,8,37.64705882352941,38.55019645940632
17,15,22,0,19.5,28.405892642937754
17,15,22,1,54.0,118.36473514656208
17,15,22,2,25.263157894736842,44.15231478172797
17,15,22,3,23.36842105263158,25.122390469936906
17,15,22,4,12.263157894736842,9.71735049202175
17,15,22,5,14.166666666666666,11.65812011886489
17,15,22,6,19.166666666666668,20.858768786630662
17,15,22,7,14.0,11.852028865780497
17,15,22,8,23.444444444444443,17.456575441471642
16,26,65,8,18.3,21.351938159284153
11,18,108,5,18.05,13.95283408298717
17,15,22,0,23.7,24.216349414132768
17,15,22,1,24.4,21.595321130671852
17,15,22,2,12.9,13.749258353204288
17,15,22,3,18.6,26.7274745297202
17,15,22,4,15.05,14.409335424245668
17,15,22,5,16.35,15.030757938657862
17,15,22,6,16.9,28.170346484426346
17,15,22,7,20.75,18.981639328017675
17,15,22,8,24.6,22.718876918128075
16,26,65,8,34.7,77.31078769962728
11,18,108,5,27.2,16.37906237275279
17,15,22,0,43.75,109.14783552595075
17,15,22,1,18.157894736842106,26.443363288135345
17,15,22,2,9.473684210526315,8.167472212329914
17,15,22,3,40.78947368421053,111.79772356426605
17,15,22,4,15.0,14.628738838327795
17,15,22,5,25.833333333333332,55.25156372554216
17,15,22,6,19.38888888888889,25.200697676824202
17,15,22,7,11.411764705882353,11.995097037589003
17,15,22,8,54.0,109.38978471502722
17,15,22,0,21.0,26.602334681871735
17,15,22,1,31.4,36.777281316767166
17,15,22,2,18.4,20.630585368127075
17,15,22,3,29.35,38.711177496401405
17,15,22,4,16.55,17.172422812846122
17,15,22,5,19.6,24.029367996595113
17,15,22,6,23.05,27.72320897352025
17,15,22,7,14.35,15.32550334023581
17,15,22,8,18.65,17.478633572992695
16,26,65,8,36.5,72.50589812668964
11,18,108,5,18.65,13.853652378002213
17,15,22,0,18.35,22.14372906359959
17,15,22,1,20.15,20.412264115374107
17,15,22,2,18.9,28.069275204862624
17,15,22,3,15.1,18.226354544998845
17,15,22,4,18.35,17.424347756425263
17,15,22,5,10.1,9.09540080422373
17,15,22,6,14.4,18.754367912288426
17,15,22,7,18.75,24.470981741001342
17,15,22,8,30.9,26.797289729413034
16,26,65,8,29.4,66.6044095268553
17,5,22,0,10.6,10.90340362117792
17,5,22,1,14.6,14.016531592899037
17,5,22,2,15.25,22.710709275350112
17,5,22,3,42.9,108.13777761433984
17,5,22,4,24.68421052631579,26.246804316756453
17,5,22,5,14.31578947368421,14.4301098462707
17,5,22,6,22.263157894736842,23.206421777083744
17,5,22,7,17.105263157894736,18.390500980554865
17,5,22,8,27.473684210526315,24.504803205024093
11,23,108,5,19.45,15.449322928444742
16,29,65,8,9.05,6.125657859407943
17,5,22,0,21.85,26.438160219453124
17,5,22,1,33.5,55.095610676255085
17,5,22,2,27.6,34.02228371925794
17,5,22,3,22.05,22.02743504670578
17,5,22,4,22.7,24.411170868229462
17,5,22,5,26.9,41.39654193541444
17,5,22,6,12.85,14.525023779308372
17,5,22,7,23.75,24.563290967577913
17,5,22,8,36.75,37.118409391964434
11,23,108,5,15.5,13.601470508735444
17,5,22,0,14.65,21.04950305701701
17,5,22,1,32.0,42.45988819183533
17,5,22,2,18.1,17.25932242373135
17,5,22,3,27.45,33.7459159322319
17,5,22,4,16.85,13.203966708610912
17,5,22,5,14.85,13.677776827663493
17,5,22,6,24.45,32.29384005136518
17,5,22,7,21.35,22.625730578492405
17,5,22,8,29.25,19.39580801155375
16,29,65,8,4.95,6.295152688253165
17,5,22,0,25.7,31.32696837181059
17,5,22,1,17.0,16.11145391851465
17,5,22,2,23.85,20.73967720400479
17,5,22,3,14.5,14.336189026009446
17,5,22,4,15.75,23.03515619770423
17,5,22,5,17.25,15.81762840697216
17,5,22,6,23.35,27.840286976742327
17,5,22,7,39.0,104.26585453087043
17,5,22,8,30.157894736842106,41.25161701597585
11,23,108,5,38.55,74.57491817664054
16,29,65,8,8.55,7.910519312249588
17,5,22,0,22.7,33.242490248095685
17,5,22,1,13.35,9.842309313955692
17,5,22,2,13.15,11.79328533307697
17,5,22,3,11.4,9.343728546886128
17,5,22,4,9.95,8.35070119967873
17,5,22,5,15.35,23.83998189684936
17,5,22,6,23.5,27.24837030375443
17,5,22,7,15.4,16.375205904691782
17,5,22,8,32.2,31.349641146271516
17,23,22,0,27.55,29.50553025772412
17,23,22,1,21.45,26.488279433900967
17,23,22,2,18.75,15.151428628142106
17,23,22,3,20.55,23.448656116805722
17,23,22,4,8.3,7.567937910060198
17,23,22,5,20.35,26.7528158872059
17,23,22,6,16.1,15.10280559505767
17,23,22,7,19.35,15.455453815128784
17,23,22,8,19.05,23.58294432758333
11,23,108,5,20.6,20.663723616139723
16,29,65,8,8.7,8.13116163126058
17,23,22,0,22.3,41.991352493228014
17,23,22,1,25.0,32.7414110874898
17,23,22,2,28.2,27.937147501602873
17,23,22,3,28.75,35.173068345569526
17,23,22,4,21.15,24.574858783124803
17,23,22,5,27.1,29.822104129937614
17,23,22,6,30.25,28.66664116685932
17,23,22,7,27.1,21.77613372479146
17,23,22,8,18.55,16.385086286973863
16,29,65,8,7.7,8.962494953386232
11,23,108,5,22.5,21.360317364092154
17,23,22,0,25.3,27.92678397449113
17,23,22,1,26.3,30.302162507510566
17,23,22,2,32.4,38.776552871955744
17,23,22,3,30.15,35.83334965319906
17,23,22,4,15.65,14.019816801866376
17,23,22,5,46.1,104.33140517247506
17,23,22,6,10.5,7.571230376349983
17,23,22,7,15.055555555555555,17.172043703861235
17,23,22,8,11.5,7.853436864725869
16,43,65,8,6.55,6.012924675887329
17,23,22,0,27.95,36.86743678012945
17,23,22,1,21.8,26.287079075389673
17,23,22,2,26.15,35.05225422588095
17,23,22,3,14.0,10.228957862234473
17,23,22,4,28.1,42.64899579245991
17,23,22,5,19.25,18.806144012837372
17,23,22,6,17.1,17.911772077250436
17,23,22,7,15.95,10.430093101466694
17,23,22,8,13.55,9.97087864998023
11,2,108,5,23.0,29.620405484271
17,23,22,0,20.15,20.40194779142939
17,23,22,1,19.05,19.728352560131373
17,23,22,2,24.25,28.650112519297736
17,23,22,3,16.1,17.725687574816384
17,23,22,4,22.35,33.10632790522714
17,23,22,5,22.75,47.88459262149272
17,23,22,6,17.75,20.01808392955046
17,23,22,7,14.85,16.778040159057532
17,23,22,8,12.31578947368421,15.17326827599903
16,43,65,8,9.3,12.707643783420897
11,2,108,5,47.1,54.80482114789383
17,10,22,0,24.75,33.87729405710526
17,10,22,1,22.6,24.033748201884347
17,10,22,2,19.25,35.79161177823947
17,10,22,3,27.45,40.45852327091484
17,10,22,4,14.15,16.518809056090543
17,10,22,5,28.5,26.061667757758507
17,10,22,6,26.473684210526315,32.04054449019351
17,10,22,7,15.526315789473685,14.496621909383776
17,10,22,8,37.05555555555556,42.63866268488677
16,43,65,8,6.05,5.423875095596466
17,10,22,0,36.45,65.75190611605672
17,10,22,1,27.75,35.520009186817205
17,10,22,2,20.3,21.57020362005251
17,10,22,3,16.5,17.551428192000426
17,10,22,4,16.6,20.420320117084614
17,10,22,5,15.35,20.553588494469768
17,10,22,6,19.9,32.16716207235997
17,10,22,7,19.63157894736842,28.192218245300303
17,10,22,8,22.166666666666668,26.968936378948367
11,2,108,5,38.45,58.74250232112493
16,43,65,8,8.1,7.224956747275377
17,10,22,0,33.7,33.668820497371314
17,10,22,1,36.45,55.55696460201433
17,10,22,2,20.9,19.02048756915608
17,10,22,3,21.75,21.412920349516476
17,10,22,4,28.105263157894736,28.291920198848498
17,10,22,5,26.473684210526315,31.868424674402565
17,10,22,6,28.05263157894737,27.713762494092123
17,10,22,7,15.68421052631579,14.817604513171888
17,10,22,8,17.94736842105263,26.889637996428057
11,2,108,5,23.4,22.269639469584217
16,43,65,8,24.75,65.3853959229429
17,10,22,0,32.65,24.506229068502048
17,10,22,1,24.55,24.236716383467286
17,10,22,2,20.85,14.426857264363427
17,10,22,3,23.05,28.242325459643382
17,10,22,4,12.35,11.037138263727224
17,10,22,5,25.35,28.286643677296105
17,10,22,6,20.8,25.78983888033588
17,10,22,7,24.4,45.844588729636065
17,10,22,8,25.35,26.079382863218136
17,10,22,0,17.8,20.702402606562615
17,10,22,1,15.45,20.343044847913266
17,10,22,2,21.4,20.171371062134465
17,10,22,3,22.3,27.18765199594536
17,10,22,4,18.0,24.166091947189145
17,10,22,5,23.65,33.35341062020495
17,10,22,6,23.2,40.20290641496615
17,10,22,7,19.31578947368421,33.870755382415645
17,10,22,8,21.88888888888889,22.326162149815836
16,28,65,8,16.45,27.778209938158735
11,2,108,5,18.55,20.712251650196137
17,15,22,0,22.15,25.895081833388648
17,15,22,1,21.05,24.99994736836565
17,15,22,2,23.4,26.454330060452644
17,15,22,3,11.9,9.962561496871544
17,15,22,4,17.2,17.071367225485144
17,15,22,5,20.7,21.123945006356625
17,15,22,6,16.6,23.342754990067387
17,15,22,7,15.25,15.022351767668702
17,15,22,8,27.3,25.283862130033185
16,28,65,8,8.15,6.166761497611291
17,15,22,0,19.85,17.851065131128436
17,15,22,1,19.1,21.31690705322396
17,15,22,2,40.75,108.35802012918006
17,15,22,3,28.42105263157895,36.411713300764575
17,15,22,4,13.578947368421053,15.137575725009912
17,15,22,5,16.473684210526315,16.368562079834728
17,15,22,6,16.526315789473685,15.543374512250233
17,15,22,7,17.157894736842106,19.565454698111658
17,15,22,8,23.842105263157894,20.44304597301906
11,18,108,5,19.4,15.232928321998955
17,15,22,0,25.0,25.181446804302066
17,15,22,1,29.05,68.49623500986252
17,15,22,2,24.6,24.171318366587858
17,15,22,3,41.45,107.88272141055474
17,15,22,4,27.263157894736842,27.726525817673743
17,15,22,5,46.94444444444444,110.39792848771704
17,15,22,6,34.411764705882355,42.85594886291956
17,15,22,7,19.41176470588235,19.659790256795123
17,15,22,8,32.1764705882353,45.60733945062687
16,28,65,8,27.05,66.11670304130895
11,18,108,5,25.7,19.366547392210542
17,15,22,0,23.55,26.664533905940537
17,15,22,1,22.5,30.85364432965825
17,15,22,2,17.0,21.892079798290908
17,15,22,3,19.45,19.89571495785488
17,15,22,4,14.25,17.295801133283916
17,15,22,5,16.3,15.63767380735585
17,15,22,6,20.35,19.48352880606699
17,15,22,7,16.4,17.59605218881721
17,15,22,8,19.55,20.75033290791918
16,28,65,8,14.5,12.356545250445844
17,15,22,0,48.25,111.23037970096593
17,15,22,1,15.157894736842104,12.579803734093156
17,15,22,2,22.736842105263158,23.035822598878852
17,15,22,3,15.210526315789474,14.76323868174829
17,15,22,4,21.789473684210527,17.462909733897984
17,15,22,5,13.894736842105264,10.764626931875352
17,15,22,6,29.57894736842105,31.31615803999534
17,15,22,7,16.105263157894736,16.030854752431864
17,15,22,8,25.473684210526315,27.607101383224315
11,18,108,5,28.45,22.66570560398056
16,28,65,8,21.45,29.724126298522663
17,11,22,0,27.7,37.65648053543759
17,11,22,1,14.7,19.673920755526513
17,11,22,2,18.65,27.10850517146932
17,11,22,3,10.25,11.665852101889424
17,11,22,4,11.35,18.331092367025516
17,11,22,5,12.25,16.98877338281465
17,11,22,6,37.7,106.61741735856542
17,11,22,7,20.36842105263158,26.196290081518942
17,11,22,8,30.157894736842106,39.50423768814729
11,18,108,5,26.55,32.59395326550132
17,11,22,0,29.0,22.982831120551477
17,11,22,1,13.15,12.550005242188044
17,11,22,2,11.4,12.999595135395968
17,11,22,3,28.15,43.64724022143173
17,11,22,4,29.35,32.76435001001771
17,11,22,5,15.6,15.739323866973248
17,11,22,6,23.15,23.083999927039915
17,11,22,7,20.2,24.154328368790726
17,11,22,8,18.65,15.114562514343577
16,25,65,8,9.8,10.045161181280006
17,11,22,0,25.7,28.795284701711694
17,11,22,1,10.35,12.291524679524846
17,11,22,2,13.85,15.3974536514116
17,11,22,3,18.65,20.517707371669815
17,11,22,4,17.15,18.840815157245018
17,11,22,5,15.9,16.717151608295502
17,11,22,6,15.75,20.109895443210096
17,11,22,7,39.6,104.98942302617165
17,11,22,8,29.42105263157895,29.48128556950001
11,18,108,5,34.25,34.907207821519286
16,25,65,8,9.7,8.596817036432423
17,11,22,0,22.0,19.218959936808016
17,11,22,1,19.2,24.97704209026656
17,11,22,2,23.0,23.50587832414423
17,11,22,3,12.0,14.994735918420103
17,11,22,4,16.6,20.800809700839203
17,11,22,5,16.3,14.966981202493356
17,11,22,6,16.9,24.252834885843757
17,11,22,7,13.35,12.25722128723352
17,11,22,8,21.95,20.541293455917163
17,11,22,0,18.6,17.457919331020552
17,11,22,1,19.25,14.523574302709227
17,11,22,2,36.35,52.20533850499441
17,11,22,3,21.7,24.736718924665304
17,11,22,4,19.45,27.993373275981245
17,11,22,5,23.25,22.095188807092203
17,11,22,6,20.85,28.755365632027335
17,11,22,7,12.55,15.952148840566243
17,11,22,8,24.4,27.157241934218654
16,25,65,8,13.9,16.49210337356065
11,0,108,5,39.1,41.14403454873341
17,15,22,0,23.05,19.244889957432445
17,15,22,1,20.4,23.66965634687051
17,15,22,2,18.25,20.216915793723985
17,15,22,3,31.2,34.11065584396265
17,15,22,4,22.15,27.959133711449947
17,15,22,5,22.55,18.73492376341715
17,15,22,6,11.4,14.372488338928356
17,15,22,7,26.7,37.48978808324096
17,15,22,8,27.95,37.04403496267367
16,25,65,8,12.25,16.016028156029723
17,15,22,0,17.8,19.54104990984229
17,15,22,1,18.25,27.374354113985863
17,15,22,2,15.9,13.779847986328289
17,15,22,3,13.3,12.342054763671797
17,15,22,4,25.15,35.062763274178096
17,15,22,5,28.45,33.179694170729746
17,15,22,6,29.05,33.90152146872964
17,15,22,7,16.45,21.5247104021108
17,15,22,8,25.3,26.393978579652558
11,0,108,5,37.85,40.53494269081144
16,25,65,8,10.65,10.946160105380864
17,15,22,0,25.85,25.633602535487835
17,15,22,1,19.15,21.369616896795073
17,15,22,2,26.2,39.940218485025575
17,15,22,3,14.0,15.403348918165063
17,15,22,4,40.75,101.33574991347483
17,15,22,5,19.63157894736842,21.216373463058588
17,15,22,6,15.31578947368421,13.860626214725203
17,15,22,7,12.736842105263158,12.50707402172048
17,15,22,8,19.210526315789473,16.389627300244985
11,0,108,5,29.7,46.03785627639841
17,15,22,0,27.25,26.846297402258774
17,15,22,1,50.45,108.26063822772193
17,15,22,2,26.0,25.699113689861843
17,15,22,3,26.63157894736842,40.82239380851287
17,15,22,4,25.105263157894736,34.765715450141876
17,15,22,5,20.263157894736842,19.6577440359975
17,15,22,6,17.88888888888889,26.983412963585586
17,15,22,7,18.666666666666668,20.548364755319266
17,15,22,8,31.77777777777778,27.318503868161795
16,43,65,8,23.1,65.73783657753529
17,15,22,0,29.0,45.289710693896495
17,15,22,1,23.3,22.697321891638044
17,15,22,2,14.25,14.997806857214684
17,15,22,3,16.6,16.97800434618119
17,15,22,4,10.2,6.894696665210382
17,15,22,5,17.15,17.714920859338648
17,15,22,6,19.95,19.6347570448561
17,15,22,7,13.45,19.56224882132339
17,15,22,8,26.15,21.226287078947525
11,0,108,5,21.5,20.914613375139854
16,43,65,8,11.1,10.300229941224869
17,9,22,0,27.55,29.955185826409704
17,9,22,1,23.5,22.18463194954656
17,9,22,2,24.8,38.202507495547565
17,9,22,3,65.25,143.70506162568563
17,9,22,4,23.27777777777778,25.471565589786014
17,9,22,5,10.647058823529411,6.45117408374813
17,9,22,6,19.294117647058822,14.919637671045974
17,9,22,7,12.294117647058824,13.349928398133606
17,9,22,8,27.823529411764707,39.711829619959666
16,43,65,8,11.0,11.369395669723913
11,0,108,5,35.3,30.975542134502113
17,9,22,0,22.4,19.972085783070224
17,9,22,1,14.2,19.948882042281017
17,9,22,2,21.95,19.519153885889946
17,9,22,3,22.85,26.99761198016556
17,9,22,4,44.45,108.5916905806236
17,9,22,5,23.57894736842105,24.397895604775435
17,9,22,6,26.736842105263158,43.46881654353965
17,9,22,7,14.38888888888889,20.07087116397905
17,9,22,8,37.166666666666664,35.05499880439979
16,43,65,8,29.85,66.33271400574849
17,9,22,0,26.4,26.03519884593487
17,9,22,1,37.75,50.40141497596022
17,9,22,2,29.65,30.368395968246503
17,9,22,3,41.1,103.70854910707571
17,9,22,4,17.05263157894737,21.30068774114146
17,9,22,5,28.36842105263158,29.080750651926643
17,9,22,6,27.666666666666668,36.83348859873228
17,9,22,7,24.11111111111111,28.923609100502876
17,9,22,8,22.944444444444443,21.539217917480943
11,23,108,5,23.85,25.110859466730616
16,43,65,8,11.7,14.903549559540648
17,9,22,0,34.3,37.61872434111279
17,9,22,1,25.2,31.290825963430304
17,9,22,2,24.5,27.63388461558325
17,9,22,3,30.15,32.75149655078054
17,9,22,4,25.3,30.95344551861205
17,9,22,5,25.05,32.76467128189334
17,9,22,6,20.894736842105264,24.60102693620308
17,9,22,7,48.526315789473685,104.53620766724939
17,9,22,8,40.44444444444444,41.097047585701795
11,23,108,5,24.85,36.37563528112276
16,43,65,8,10.65,10.888308553576847
17,9,22,0,50.4,114.29619876720126
17,9,22,1,14.157894736842104,12.711600816641367
17,9,22,2,18.210526315789473,26.79464902502492
17,9,22,3,12.105263157894736,19.700238963136425
17,9,22,4,16.157894736842106,22.428313350898282
17,9,22,5,23.63157894736842,33.112955716113746
17,9,22,6,22.894736842105264,31.60326062088127
17,9,22,7,19.263157894736842,27.41419361746587
17,9,22,8,20.157894736842106,26.289548320144128
17,14,22,0,14.45,12.41168803990819
17,14,22,1,19.6,18.296965523507474
17,14,22,2,14.1,16.35430089899097
17,14,22,3,11.85,14.740831227008803
17,14,22,4,22.3,28.94295660160007
17,14,22,5,11.5,8.840695376317528
17,14,22,6,12.15,11.672166623391329
17,14,22,7,14.3,18.122681339894722
17,14,22,8,24.1,21.262519531845356
11,23,108,5,26.3,57.970137502901125
16,43,65,8,14.25,22.393314321819123
17,14,22,0,33.7,92.73624170903084
17,14,22,1,44.5,107.78951223272338
17,14,22,2,21.31578947368421,22.710870210782197
17,14,22,3,18.444444444444443,19.841199626393035
17,14,22,4,16.11111111111111,13.181488306975357
17,14,22,5,16.11111111111111,16.531214285455075
17,14,22,6,11.055555555555555,10.783823518270438
17,14,22,7,21.833333333333332,24.485890294808797
17,14,22,8,29.0,34.89479988226798
11,23,108,5,14.1,11.796074280075242
16,43,65,8,6.7,7.064365729341505
17,14,22,0,43.1,108.56523626979214
17,14,22,1,19.31578947368421,21.954631583181175
17,14,22,2,21.105263157894736,17.239794845524973
17,14,22,3,22.63157894736842,35.09227601990657
17,14,22,4,23.894736842105264,28.201447434961572
17,14,22,5,20.68421052631579,26.88463549559477
17,14,22,6,23.157894736842106,31.582806781705237
17,14,22,7,14.157894736842104,16.245557197430035
17,14,22,8,28.105263157894736,31.19988379045684
16,43,65,8,8.4,8.425525128097982
17,14,22,0,23.75,25.099538683116535
17,14,22,1,59.0,108.3449656372984
17,14,22,2,18.94736842105263,17.32202735187043
17,14,22,3,16.105263157894736,16.602860318638893
17,14,22,4,12.210526315789474,10.840146305738893
17,14,22,5,32.68421052631579,45.21068289633786
17,14,22,6,21.63157894736842,24.658130338954443
17,14,22,7,23.94736842105263,39.107364586638674
17,14,22,8,23.105263157894736,15.379982433316457
11,23,108,5,34.35,57.11325313979696
17,14,22,0,21.95,17.66493702224834
17,14,22,1,22.85,16.203557114346673
17,14,22,2,21.7,27.72439548958927
17,14,22,3,24.2,35.15918686563487
17,14,22,4,21.45,19.22299883500299
17,14,22,5,17.8,15.350638594636967
17,14,22,6,19.3,21.036559654688386
17,14,22,7,17.65,19.388751486635915
17,14,22,8,29.6,24.2994476870306
16,43,65,8,8.5,6.43591894227848
11,23,108,5,18.95,24.424911786728597
17,12,22,0,36.9,110.01239164652986
17,12,22,1,12.31578947368421,17.097929151992346
17,12,22,2,39.526315789473685,111.97091309852284
17,12,22,3,16.944444444444443,18.703482601855423
17,12,22,4,23.666666666666668,25.03174455155129
17,12,22,5,10.11111111111111,9.584846427864747
17,12,22,6,16.444444444444443,19.15332016133533
17,12,22,7,16.61111111111111,22.0990787374893
17,12,22,8,18.055555555555557,14.99204582131794
16,31,65,8,18.15,46.08718853833916
17,12,22,0,21.05,19.613301072164482
17,12,22,1,39.85,108.6245465134983
17,12,22,2,16.0,13.249737942901193
17,12,22,3,48.68421052631579,112.23737376727699
17,12,22,4,21.38888888888889,24.29025195153976
17,12,22,5,11.722222222222221,13.923342886109753
17,12,22,6,10.833333333333334,9.463552373681448
17,12,22,7,13.166666666666666,13.500544651322514
17,12,22,8,20.055555555555557,18.011343557103842
11,23,108,5,51.05,75.23610205633715
16,31,65,8,7.8,7.501578781198416
17,12,22,0,29.1,23.14462538496846
17,12,22,1,38.35,46.48403800740298
17,12,22,2,16.45,16.174948141135445
17,12,22,3,18.4,17.75387281693772
17,12,22,4,35.7,45.41979628682675
17,12,22,5,16.1,18.27249874883881
17,12,22,6,20.210526315789473,33.16386746540816
17,12,22,7,13.277777777777779,20.86315512644397
17,12,22,8,26.72222222222222,18.695093900478607
16,31,65,8,5.8,5.425087920703997
17,12,22,0,24.9,26.335687214360508
17,12,22,1,23.65,18.36551402120719
17,12,22,2,27.1,42.30204673410894
17,12,22,3,46.6,107.3535232182364
17,12,22,4,33.8421052631579,36.203534446691094
17,12,22,5,12.473684210526315,14.705888544890337
17,12,22,6,12.052631578947368,14.660884027501082
17,12,22,7,12.473684210526315,9.599585761043324
17,12,22,8,19.63157894736842,21.124526362384735
11,23,108,5,54.6,77.80975449605816
17,12,22,0,51.7,109.72026632352505
17,12,22,1,18.05263157894737,21.836446811620362
17,12,22,2,10.789473684210526,12.094897672473396
17,12,22,3,51.36842105263158,115.9335108903738
17,12,22,4,13.11111111111111,13.676467074284458
17,12,22,5,12.5,14.38647240414738
17,12,22,6,21.333333333333332,31.201432847943156
17,12,22,7,17.529411764705884,26.795796421870964
17,12,22,8,18.470588235294116,11.489765266634167
16,31,65,8,7.3,6.424459838035125
11,23,108,5,17.65,26.56129950847562
17,7,22,0,22.4,24.227865644422963
17,7,22,1,26.5,17.857624053666974
17,7,22,2,22.45,18.698367505438036
17,7,22,3,27.85,33.07451714251512
17,7,22,4,20.75,21.944607298233528
17,7,22,5,10.4,8.792341164780558
17,7,22,6,17.8,15.164362655147828
17,7,22,7,18.1,18.307030573554318
17,7,22,8,32.63157894736842,41.718914610249755
16,31,65,8,12.1,14.104497229793877
17,7,22,0,27.05,40.536500770747864
17,7,22,1,51.9,107.77115130048291
17,7,22,2,23.736842105263158,24.49000273413886
17,7,22,3,18.894736842105264,18.039754669562768
17,7,22,4,18.526315789473685,16.029030680655755
17,7,22,5,19.842105263157894,24.402329483279384
17,7,22,6,19.789473684210527,22.13237685525795
17,7,22,7,26.473684210526315,25.31439735506837
17,7,22,8,35.94736842105263,47.83939994538501
11,23,108,5,39.3,56.583520011060685
16,47,65,8,6.9,5.766509479654688
17,7,22,0,22.8,24.173931152554008
17,7,22,1,14.05,10.87476557521078
17,7,22,2,13.9,12.388024777773769
17,7,22,3,12.2,16.217599277198502
17,7,22,4,9.9,8.200770182058962
17,7,22,5,9.8,12.701429675019805
17,7,22,6,13.85,21.51688443500763
17,7,22,7,14.8,20.42083559298663
17,7,22,8,25.55,18.70399619557838
17,7,22,0,14.7,13.115278354491355
17,7,22,1,29.5,35.2994706982831
17,7,22,2,15.4,14.684040746047355
17,7,22,3,13.8,14.898251398632059
17,7,22,4,22.0,27.235812337512726
17,7,22,5,8.4,9.735447979852855
17,7,22,6,13.85,16.020628149850722
17,7,22,7,21.65,21.191544987267175
17,7,22,8,30.3,33.99086564605881
16,47,65,8,9.35,12.75796964542886
11,11,108,5,16.7,14.007892512136825
17,7,22,0,29.8,51.27387762121945
17,7,22,1,15.4,18.22779831957078
17,7,22,2,20.4,27.3465094472287
17,7,22,3,43.2,107.67230988415486
17,7,22,4,10.263157894736842,8.444867640980775
17,7,22,5,15.578947368421053,14.036918740211409
17,7,22,6,27.94736842105263,45.43551435729853
17,7,22,7,19.789473684210527,18.219583320544654
17,7,22,8,27.77777777777778,28.963578661637946
16,47,65,8,10.4,16.69352222302191
11,11,108,5,22.1,20.193537267364057
18,43,22,0,29.25,36.568429006453094
18,43,22,1,48.6,109.55479282796782
18,43,22,2,14.368421052631579,19.331064597676253
18,43,22,3,12.052631578947368,15.068265712382013
18,43,22,4,14.631578947368421,26.109194902936633
18,43,22,5,20.210526315789473,28.316816651296765
18,43,22,6,16.63157894736842,15.38112308540638
18,43,22,7,17.0,18.61301814441829
18,43,22,8,11.263157894736842,10.999202522926417
18,43,22,9,16.157894736842106,17.607647195638656
16,47,65,8,11.05,12.555036733057417
18,43,22,0,23.3,26.320094384729185
18,43,22,1,20.5,26.859282429573184
18,43,22,2,25.95,34.599170966642355
18,43,22,3,17.35,20.308865059377396
18,43,22,4,30.8,34.289172757899145
18,43,22,5,29.05,43.058680890152694
18,43,22,6,18.526315789473685,22.714088679966967
18,43,22,7,16.894736842105264,19.572925565808458
18,43,22,8,18.526315789473685,21.080186645422476
18,43,22,9,12.157894736842104,13.993106072057754
11,11,108,5,21.3,16.367811801150904
16,47,65,8,6.6,5.215361924162119
18,43,22,0,21.4,34.98781742865726
18,43,22,1,19.7,22.365622115907687
18,43,22,2,23.15,27.501722434096838
18,43,22,3,16.05,13.720806328922126
18,43,22,4,21.5,26.768992274055083
18,43,22,5,13.7,11.526171592465008
18,43,22,6,28.45,34.32426638921646
18,43,22,7,47.1,107.09459664977943
18,43,22,8,17.473684210526315,13.945801522930083
18,43,22,9,21.94736842105263,22.374275119755342
11,11,108,5,35.8,37.058417610436
16,44,65,8,28.25,67.66393348554932
18,43,22,0,27.7,29.936951291532328
18,43,22,1,21.8,22.726288973924355
18,43,22,2,12.0,11.271762576409573
18,43,22,3,32.3,45.64865824972296
18,43,22,4,24.95,22.079938501058518
18,43,22,5,21.05,20.999937343264925
18,43,22,6,18.45,16.426791338670206
18,43,22,7,15.0,14.444084565917233
18,43,22,8,11.052631578947368,11.43325405322623
18,43,22,9,16.42105263157895,13.8937067667091
18,43,22,0,44.45,108.77087216520307
18,43,22,1,26.05263157894737,25.003274639335913
18,43,22,2,17.57894736842105,19.802681607055376
18,43,22,3,29.63157894736842,56.90656135408464
18,43,22,4,10.368421052631579,9.63333636860269
18,43,22,5,10.11111111111111,8.456733404174514
18,43,22,6,10.944444444444445,11.573154647576953
18,43,22,7,9.222222222222221,11.87956998407501
18,43,22,8,16.666666666666668,18.982964499162676
18,43,22,9,10.0,9.355715459798137
16,44,65,8,11.7,14.242634292115604
11,11,108,5,28.95,23.888942608398732
18,28,22,0,15.05,14.10291123361265
18,28,22,1,17.4,19.65866622878411
18,28,22,2,20.1,22.428600162809044
18,28,22,3,18.75,22.27548806246572
18,28,22,4,21.4,42.95088994850306
18,28,22,5,20.0,20.034181317254557
18,28,22,6,11.9,14.366994338266773
18,28,22,7,13.25,18.878768358577904
18,28,22,8,13.15,15.33923418111732
18,28,22,9,12.95,13.504287818085196
16,44,65,8,8.7,5.804716775356508
18,28,22,0,23.4,20.21567916767889
18,28,22,1,28.35,27.357814240176424
18,28,22,2,20.55,18.386136081297778
18,28,22,3,16.35,17.95982358370746
18,28,22,4,20.3,26.77803498942252
18,28,22,5,19.0,18.189065541229926
18,28,22,6,18.0,25.202339072729778
18,28,22,7,11.5,12.999999999999998
18,28,22,8,24.0,26.419689627245816
18,28,22,9,22.5,21.639389037002335
11,16,108,5,26.1,23.96466697364883
16,44,65,8,14.25,15.996298914041597
18,28,22,0,21.15,16.87188567753437
18,28,22,1,27.35,41.0009948531419
18,28,22,2,19.35,19.604712108115876
18,28,22,3,22.9,25.29177107698325
18,28,22,4,19.4,23.25012733411651
18,28,22,5,23.0,28.05821016912406
18,28,22,6,17.2,18.75212268686289
18,28,22,7,17.2,19.146526413013156
18,28,22,8,13.5,15.558040737154128
18,28,22,9,15.2,18.480715411078197
11,16,108,5,28.75,28.097340200022305
18,28,22,0,23.5,26.658661079024874
18,28,22,1,17.25,24.00849630311824
18,28,22,2,11.75,14.25288521114603
18,28,22,3,22.8,25.72649668297157
18,28,22,4,21.2,32.102795418533425
18,28,22,5,15.75,13.56029420578213
18,28,22,6,29.4,31.30226156282271
18,28,22,7,18.25,21.978159014899553
18,28,22,8,15.85,21.969536324551537
18,28,22,9,17.4,26.650565314434655
16,44,65,8,29.35,65.7861567584901
18,28,22,0,15.95,13.252507210653427
18,28,22,1,19.55,17.424951861294225
18,28,22,2,15.2,9.495705400476131
18,28,22,3,15.25,12.413384118086329
18,28,22,4,18.75,23.737323486774773
18,28,22,5,12.75,11.724356115189844
18,28,22,6,18.25,25.83322014689409
18,28,22,7,16.15,27.050197002882193
18,28,22,8,12.85,12.872962281259774
18,28,22,9,15.55,21.746082526817514
11,16,108,5,40.1,61.53980312302806
16,30,65,8,9.5,12.601169536364889
18,44,22,0,44.05,110.6000261730244
18,44,22,1,17.157894736842106,21.739015509485185
18,44,22,2,21.105263157894736,19.73123507099595
18,44,22,3,18.842105263157894,17.41092619239979
18,44,22,4,15.421052631578947,17.299055174821557
18,44,22,5,17.94736842105263,23.22707635548202
18,44,22,6,18.473684210526315,24.477582535528825
18,44,22,7,21.894736842105264,22.489243692737755
18,44,22,8,25.210526315789473,30.674960739571763
18,44,22,9,17.157894736842106,20.82269904026943
18,44,22,0,19.25,17.737486322831415
18,44,22,1,26.5,23.645406808889856
18,44,22,2,11.0,11.854379603736067
18,44,22,3,19.3,25.908949886294625
18,44,22,4,9.8,10.232044607120576
18,44,22,5,17.35,16.77176512067701
18,44,22,6,22.55,25.545573311035195
18,44,22,7,11.95,10.179830419433374
18,44,22,8,9.5,11.071537714717907
18,44,22,9,17.2,23.725624610490122
16,30,65,8,5.7,5.965691383587533
11,16,108,5,35.65,48.28127565575882
18,44,22,0,21.55,23.17547478648382
18,44,22,1,23.9,27.185328860677
18,44,22,2,27.15,21.604763120054898
18,44,22,3,10.1,7.107446058443512
18,44,22,4,42.6,107.72645670253992
18,44,22,5,20.57894736842105,24.574864732245977
18,44,22,6,17.263157894736842,21.25726569973758
18,44,22,7,27.894736842105264,25.414114050709227
18,44,22,8,22.894736842105264,25.813206647507016
18,44,22,9,18.5,18.082328064585436
16,30,65,8,16.2,24.444566719524058
11,16,108,5,26.75,35.60732479346585
18,44,22,0,36.3,56.20741662992995
18,44,22,1,23.55,28.790486367256076
18,44,22,2,26.15,37.34797253709469
18,44,22,3,18.35,17.809740090895858
18,44,22,4,26.210526315789473,32.2810211654678
18,44,22,5,8.736842105263158,8.438286458906992
18,44,22,6,23.842105263157894,22.368785686742477
18,44,22,7,23.57894736842105,21.109018055675964
18,44,22,8,23.105263157894736,23.091351764584708
18,44,22,9,22.473684210526315,20.36709879806872
16,30,65,8,11.6,14.97858119906028
18,44,22,0,18.0,18.04963915662057
18,44,22,1,14.7,10.741459275555675
18,44,22,2,50.5,114.22070049274181
18,44,22,3,25.36842105263158,28.16856113217908
18,44,22,4,18.894736842105264,13.190462618633482
18,44,22,5,20.842105263157894,23.298219192544725
18,44,22,6,11.736842105263158,12.054699891481503
18,44,22,7,19.157894736842106,22.214267582131225
18,44,22,8,26.263157894736842,25.627333726280007
18,44,22,9,28.68421052631579,34.7083925675028
11,17,108,5,17.2,15.038896936033291
16,30,65,8,11.35,11.640559762268623
18,39,22,0,44.65,109.25743380706535
18,39,22,1,14.473684210526315,15.773988507992911
18,39,22,2,48.05263157894737,112.15488976520646
18,39,22,3,17.333333333333332,18.11077027627483
18,39,22,4,16.666666666666668,15.064566919450032
18,39,22,5,14.833333333333334,18.478126974089886
18,39,22,6,17.88888888888889,17.122015030153737
18,39,22,7,14.88888888888889,12.550551377102165
18,39,22,8,14.555555555555555,14.333105333343923
18,39,22,9,24.61111111111111,36.08183327951142
16,42,65,8,9.55,8.647938604387937
11,17,108,5,29.8,30.886208811326167
18,39,22,0,24.65,21.568190515322865
18,39,22,1,29.65,31.019985069052023
18,39,22,2,22.2,22.165881795892393
18,39,22,3,34.2,47.30149658253286
18,39,22,4,24.7,23.577643291005458
18,39,22,5,13.7,13.22716503022632
18,39,22,6,29.5,31.997532799626253
18,39,22,7,25.0,31.55418619877031
18,39,22,8,17.31578947368421,13.50741619991258
18,39,22,9,16.63157894736842,15.442403836751257
16,42,65,8,9.15,9.66423139318656
11,17,108,5,26.6,31.648397315370946
18,39,22,0,26.5,34.00696523082479
18,39,22,1,16.75,22.540898501682623
18,39,22,2,14.0,12.182817926554552
18,39,22,3,45.5,110.88092237787536
18,39,22,4,23.31578947368421,21.17664497501105
18,39,22,5,12.263157894736842,9.80273264204742
18,39,22,6,17.263157894736842,13.572202413852112
18,39,22,7,15.473684210526315,17.270296983397152
18,39,22,8,12.68421052631579,13.812444596485959
18,39,22,9,36.21052631578947,110.69807734321937
16,42,65,8,6.25,6.43080579382512
18,39,22,0,18.9,17.56162083396033
18,39,22,1,22.9,39.28425424491278
18,39,22,2,15.15,14.647705047477395
18,39,22,3,15.1,14.871024457684568
18,39,22,4,11.7,10.084380835832473
18,39,22,5,19.5,23.64763257317293
18,39,22,6,31.95,24.35153729071437
18,39,22,7,13.75,15.744255426896771
18,39,22,8,23.05,37.52679744283796
18,39,22,9,25.9,26.895313620347356
11,17,108,5,32.3,37.565521706115454
16,42,65,8,6.6,6.777672322063317
18,39,22,0,19.9,18.084305495737397
18,39,22,1,27.2,37.82313410710712
18,39,22,2,18.85,22.165110089127868
18,39,22,3,30.35,45.330685552190566
18,39,22,4,16.7,18.192248204574447
18,39,22,5,18.9,27.746787391089363
18,39,22,6,15.9,21.824418964955164
18,39,22,7,14.2,14.12575102800779
18,39,22,8,21.36842105263158,34.735845280753146
18,39,22,9,20.157894736842106,21.533599476927876
18,27,22,0,22.2,15.739992643614945
18,27,22,1,20.55,31.53022776888703
18,27,22,2,30.2,32.77932596204985
18,27,22,3,11.6,16.18771463991004
18,27,22,4,18.45,18.05102417272246
18,27,22,5,15.65,14.426857264363425
18,27,22,6,42.9,104.94304219557941
18,27,22,7,19.05263157894737,21.54961635185835
18,27,22,8,21.894736842105264,32.82934787459759
18,27,22,9,15.555555555555555,17.304274284023936
11,17,108,5,17.1,16.205587080744063
16,42,65,8,11.95,14.723683034664361
18,27,22,0,17.25,24.998684175898454
18,27,22,1,40.2,109.08113831841922
18,27,22,2,17.05263157894737,21.541880873752582
18,27,22,3,11.789473684210526,11.133427880678484
18,27,22,4,10.578947368421053,10.67872125861979
18,27,22,5,18.526315789473685,22.993642650506278
18,27,22,6,17.157894736842106,28.421946054833395
18,27,22,7,18.0,18.101565309847285
18,27,22,8,14.368421052631579,17.979032622337826
18,27,22,9,19.157894736842106,27.9309926582854
16,38,65,8,8.65,9.045353561505022
18,27,22,0,48.9,108.18108600130178
18,27,22,1,20.473684210526315,43.11788546280563
18,27,22,2,16.105263157894736,18.926450441532598
18,27,22,3,25.526315789473685,40.80082845162805
18,27,22,4,13.947368421052632,12.60720113537641
18,27,22,5,14.526315789473685,10.002046574202431
18,27,22,6,19.666666666666668,37.16418263043378
18,27,22,7,10.666666666666666,11.071957157346556
18,27,22,8,13.11111111111111,17.943994207103813
18,27,22,9,18.333333333333332,26.634784863142453
12,45,108,6,30.4,45.188959993157155
16,38,65,8,22.5,65.76073056323604
18,27,22,0,21.65,27.961016094781527
18,27,22,1,43.45,109.94662580686953
18,27,22,2,18.473684210526315,17.468601740941537
18,27,22,3,25.842105263157894,23.181082224508312
18,27,22,4,15.736842105263158,18.217336386783874
18,27,22,5,18.31578947368421,37.441884792864066
18,27,22,6,38.31578947368421,103.80540161045941
18,27,22,7,14.666666666666666,18.285320373908426
18,27,22,8,25.27777777777778,28.435283706640316
18,27,22,9,22.055555555555557,22.19027932974315
12,45,108,6,26.4,42.32505790091479
16,38,65,8,13.4,18.793615937333616
18,27,22,0,29.6,35.58888058161751
18,27,22,1,26.3,28.14455168365068
18,27,22,2,16.75,22.613165704029473
18,27,22,3,22.45,24.50880615100149
18,27,22,4,28.3,32.000164473261535
18,27,22,5,36.35,47.20869121587454
18,27,22,6,20.9,15.877491516045765
18,27,22,7,20.75,20.521811246625024
18,27,22,8,38.1,30.741537132406997
18,27,22,9,29.35,40.731825136462625
16,38,65,8,42.1,88.86471089304946
18,35,22,0,21.85,15.755617210512908
18,35,22,1,17.4,20.4460779922008
18,35,22,2,17.8,16.916513265227902
18,35,22,3,12.15,15.280792897587068
18,35,22,4,37.3,105.7191413231552
18,35,22,5,12.421052631578947,17.560422006678298
18,35,22,6,25.05263157894737,34.97216938622692
18,35,22,7,17.05263157894737,23.253371760792326
18,35,22,8,16.38888888888889,16.723139618289697
18,35,22,9,16.22222222222222,26.295952619804567
12,45,108,6,22.2,43.65004370890679
18,35,22,0,26.7,34.94823239261781
18,35,22,1,23.65,53.31463213790376
18,35,22,2,12.1,10.862295967437571
18,35,22,3,21.7,22.88207756485872
18,35,22,4,23.55,33.598989646463444
18,35,22,5,13.526315789473685,13.57435662912747
18,35,22,6,18.63157894736842,33.60094331730681
18,35,22,7,20.05263157894737,25.419751035170634
18,35,22,8,16.263157894736842,14.49460476354778
18,35,22,9,13.157894736842104,10.334748063879431
16,38,65,8,23.6,65.59717580570226
12,45,108,6,27.2,47.88978574756175
18,35,22,0,28.0,23.84158242717079
18,35,22,1,25.7,37.32235114159935
18,35,22,2,45.55,108.71860103278702
18,35,22,3,48.526315789473685,109.93198322450348
18,35,22,4,17.11111111111111,11.871314357524334
18,35,22,5,48.94444444444444,107.01647603892985
18,35,22,6,21.764705882352942,21.79888016551741
18,35,22,7,22.88235294117647,23.51829700717395
18,35,22,8,16.647058823529413,20.45709283008765
18,35,22,9,22.352941176470587,18.688034863484805
16,28,65,8,10.15,11.864475946019876
18,35,22,0,20.5,29.152051476065246
18,35,22,1,29.55,52.11472667914613
18,35,22,2,13.2,13.48527462007902
18,35,22,3,25.8,53.078492026332796
18,35,22,4,23.894736842105264,27.059388875504734
18,35,22,5,10.578947368421053,10.88483036908443
18,35,22,6,18.68421052631579,24.002436523493348
18,35,22,7,16.157894736842106,28.406304382213655
18,35,22,8,13.157894736842104,13.586198707572233
18,35,22,9,19.0,24.110855093366833
16,28,65,8,10.8,15.188638413041021
12,45,108,6,40.6,45.50118564100107
18,35,22,0,22.1,27.253005628544418
18,35,22,1,22.85,25.121337124989353
18,35,22,2,16.25,15.820955457207612
18,35,22,3,21.3,17.97688574399447
18,35,22,4,16.15,15.77898335728489
18,35,22,5,23.45,23.4957442955102
18,35,22,6,20.2,26.639108567351837
18,35,22,7,12.05,7.096885899722794
18,35,22,8,20.25,21.93501166724343
18,35,22,9,18.25,25.372747501787696
16,28,65,8,11.1,8.583337591550638
18,29,22,0,14.4,12.713026887078424
18,29,22,1,25.8,27.498516706408576
18,29,22,2,40.6,108.39324119539052
18,29,22,3,34.8421052631579,88.58910339181722
18,29,22,4,11.722222222222221,11.529019934651634
18,29,22,5,14.666666666666666,13.18198414057432
18,29,22,6,16.11111111111111,20.36400772091575
18,29,22,7,15.833333333333334,15.6026015930225
18,29,22,8,13.166666666666666,13.899851882410157
18,29,22,9,11.444444444444445,8.859838148981266
16,28,65,8,7.35,7.706968821855492
12,34,108,6,18.8,25.80208069945237
18,29,22,0,26.95,35.250195968100286
18,29,22,1,20.45,24.91136920744168
18,29,22,2,17.55,23.805074646960644
18,29,22,3,20.0,23.57518767018007
18,29,22,4,27.15,32.36839751817715
18,29,22,5,18.8,21.350705645925323
18,29,22,6,25.7,34.95124423656775
18,29,22,7,23.210526315789473,32.980767034016154
18,29,22,8,18.68421052631579,25.96804153736954
18,29,22,9,24.823529411764707,28.029527498063644
16,28,65,8,16.4,31.234933209974677
18,29,22,0,20.75,19.8676542201269
18,29,22,1,46.0,107.37881786607537
18,29,22,2,21.894736842105264,23.216121641944575
18,29,22,3,19.473684210526315,25.1669280804362
18,29,22,4,18.263157894736842,17.271820676283212
18,29,22,5,16.736842105263158,15.99945174499273
18,29,22,6,24.842105263157894,24.102243228690785
18,29,22,7,24.105263157894736,33.791673426784534
18,29,22,8,15.473684210526315,19.18728867723696
18,29,22,9,16.789473684210527,15.816935183419425
12,34,108,6,23.6,27.390739887395295
17,9,65,8,17.05,18.737732829212487
18,29,22,0,11.5,13.072671373598636
18,29,22,1,19.05,31.49515418031963
18,29,22,2,19.9,29.37399494361243
18,29,22,3,21.3,25.684523294040424
18,29,22,4,25.5,26.21269278723372
18,29,22,5,37.85,100.11060987990392
18,29,22,6,21.05263157894737,23.75447018565494
18,29,22,7,13.894736842105264,16.772645510679006
18,29,22,8,12.578947368421053,11.903854602017152
18,29,22,9,20.05263157894737,19.030600166312635
18,29,22,0,16.2,17.062115621272884
18,29,22,1,17.15,13.275521597444317
18,29,22,2,19.2,18.030967513521958
18,29,22,3,21.9,18.026004607379395
18,29,22,4,21.7,35.46399211654133
18,29,22,5,15.0,15.272955113360899
18,29,22,6,18.9,21.68166822092122
18,29,22,7,12.75,14.461837256797812
18,29,22,8,25.45,26.790561967348044
18,29,22,9,15.85,16.310393844675275
17,9,65,8,15.65,13.6662280631374
12,34,108,6,26.9,35.46963119123323
18,38,22,0,25.7,29.189219350914296
18,38,22,1,47.0,108.36876613528554
18,38,22,2,42.36842105263158,111.29650614777515
18,38,22,3,11.277777777777779,14.543264281024133
18,38,22,4,9.777777777777779,8.468318504913098
18,38,22,5,11.666666666666666,18.464592507569407
18,38,22,6,11.055555555555555,9.032439721374365
18,38,22,7,20.38888888888889,25.934621168688746
18,38,22,8,14.38888888888889,25.959558794603147
18,38,22,9,11.411764705882353,17.76956254220054
17,9,65,8,15.1,19.270648529222935
18,38,22,0,23.55,19.548791859291324
18,38,22,1,10.1,10.212994818264363
18,38,22,2,37.15,80.54960877424676
18,38,22,3,16.65,18.921652870941827
18,38,22,4,10.631578947368421,11.926676571245137
18,38,22,5,50.526315789473685,110.44775960760444
18,38,22,6,47.333333333333336,109.8287436929717
18,38,22,7,12.941176470588236,10.9342957491286
18,38,22,8,18.941176470588236,25.474179545755966
18,38,22,9,17.0,17.783419243778738
12,34,108,6,16.5,17.700728501213845
17,9,65,8,13.3,10.741459275555677
18,38,22,0,26.0,19.641524219983808
18,38,22,1,28.75,31.07524823121416
18,38,22,2,16.65,19.652976204234577
18,38,22,3,24.1,24.638224474648286
18,38,22,4,11.95,12.738152390193385
18,38,22,5,17.0,15.276400788557218
18,38,22,6,22.1,22.85860427658881
18,38,22,7,19.9,25.366575604419626
18,38,22,8,18.15,18.979975597566256
18,38,22,9,19.65,26.047072772194575
17,9,65,8,9.15,9.126450857981864
12,34,108,6,15.35,16.77176512067701
18,38,22,0,24.8,29.52715075280626
18,38,22,1,22.95,31.92668410428394
18,38,22,2,16.1,16.00624877977348
18,38,22,3,18.95,26.029285126766858
18,38,22,4,51.85,123.55236477747101
18,38,22,5,24.72222222222222,31.88177712139492
18,38,22,6,10.0,7.284148785507595
18,38,22,7,15.0,16.077020502421902
18,38,22,8,14.88888888888889,10.76972274966144
18,38,22,9,10.88888888888889,9.304577550791482
18,38,22,0,44.0,110.80803694963456
18,38,22,1,12.0,13.182479955523457
18,38,22,2,20.842105263157894,25.432400939428817
18,38,22,3,9.947368421052632,9.424988560031526
18,38,22,4,15.894736842105264,25.304577400677935
18,38,22,5,20.789473684210527,24.300386250630353
18,38,22,6,14.0,14.836142056178591
18,38,22,7,15.0,14.55617920132809
18,38,22,8,11.722222222222221,14.63197769414067
18,38,22,9,9.555555555555555,12.258117225271453
17,22,65,8,25.25,28.690499069240765
12,29,108,6,16.7,16.827608892906667
18,31,22,0,28.4,31.231562982274674
18,31,22,1,17.85,15.152818046054739
18,31,22,2,25.2,36.907565905280606
18,31,22,3,27.45,32.95048118808458
18,31,22,4,17.7,21.066561181170503
18,31,22,5,15.9,17.894133116750865
18,31,22,6,22.7,37.552910042120295
18,31,22,7,19.7,28.64133928065295
18,31,22,8,24.85,33.597109838104885
18,31,22,9,16.94736842105263,15.770836954506061
17,22,65,8,18.95,15.862816501757216
18,31,22,0,26.4,31.197840681013396
18,31,22,1,21.25,23.797113933814487
18,31,22,2,14.2,10.836585206944502
18,31,22,3,20.45,26.220672840537986
18,31,22,4,18.7,17.88589564874778
18,31,22,5,15.15,14.02357038402808
18,31,22,6,13.0,14.308628239816114
18,31,22,7,11.1,12.06081083073343
18,31,22,8,23.2,22.876326536169955
18,31,22,9,15.894736842105264,16.19977618789876
12,29,108,6,12.6,11.659195602839125
17,22,65,8,16.35,17.418305555393516
18,31,22,0,16.95,15.00342066260049
18,31,22,1,9.9,10.725768283118832
18,31,22,2,15.35,21.950362663350948
18,31,22,3,18.0,21.533327901797154
18,31,22,4,20.8,29.425373941191424
18,31,22,5,13.9,9.340911710264013
18,31,22,6,23.0,40.8888094329256
18,31,22,7,15.0,25.406174135641248
18,31,22,8,19.05,25.95233485084774
18,31,22,9,12.05,10.884440850662884
18,31,22,0,16.65,22.069924760799896
18,31,22,1,26.95,25.89142308707044
18,31,22,2,20.7,22.379737075733203
18,31,22,3,14.25,19.98387507862013
18,31,22,4,22.45,26.210634643614654
18,31,22,5,22.35,28.333121774235963
18,31,22,6,15.55,14.730830540775786
18,31,22,7,17.05,14.442171436092071
18,31,22,8,14.65,18.79606621777966
18,31,22,9,18.1,28.99528092275489
17,22,65,8,14.7,8.473488065725945
12,29,108,6,30.3,44.1601153697959
18,31,22,0,11.95,8.287435004111249
18,31,22,1,23.0,32.941734847103035
18,31,22,2,12.75,14.742973348612374
18,31,22,3,18.15,22.39425443230802
18,31,22,4,21.25,32.109803389061895
18,31,22,5,15.2,17.757429875673836
18,31,22,6,21.25,21.22281542908108
18,31,22,7,14.1,13.82179819210069
18,31,22,8,15.5,20.05125012509064
18,31,22,9,38.1,105.15247075206152
17,22,65,8,14.8,21.28404393708558
18,39,22,0,12.0,7.8001349515991
18,39,22,1,26.4,40.48833490226407
18,39,22,2,26.65,45.766311443657926
18,39,22,3,27.05,56.62849849771106
18,39,22,4,21.210526315789473,27.77404653302636
18,39,22,5,23.36842105263158,22.343804824494143
18,39,22,6,21.0,15.452435981999011
18,39,22,7,20.68421052631579,28.41762487451708
18,39,22,8,9.578947368421053,12.694337274171083
18,39,22,9,21.27777777777778,28.28386685343796
12,29,108,6,16.25,12.238313437294932
17,20,65,8,21.75,21.76640337284673
18,39,22,0,33.6,52.91144538407148
18,39,22,1,28.75,39.64961671016705
18,39,22,2,62.8,116.36765692814893
18,39,22,3,25.555555555555557,40.4099903521572
18,39,22,4,14.944444444444445,18.363878298000962
18,39,22,5,22.823529411764707,34.05553423108652
18,39,22,6,11.3125,15.649148006627497
18,39,22,7,14.6875,13.970057265451706
18,39,22,8,15.75,23.82575637134457
18,39,22,9,14.8125,12.864518387150502
17,20,65,8,10.8,10.02943037685643
18,39,22,0,46.1,109.29530254267443
18,39,22,1,21.42105263157895,29.38313157327911
18,39,22,2,17.263157894736842,13.12691088846436
18,39,22,3,17.842105263157894,19.551252184663365
18,39,22,4,17.31578947368421,20.577907872222113
18,39,22,5,15.68421052631579,13.254150844919604
18,39,22,6,22.105263157894736,14.651108175159786
18,39,22,7,18.473684210526315,37.73941120227946
18,39,22,8,22.94736842105263,20.589840224436813
18,39,22,9,26.68421052631579,25.24557745995424
12,29,108,6,17.75,20.002302499041402
18,39,22,0,13.3,15.768389431491025
18,39,22,1,12.95,11.184928769507088
18,39,22,2,21.25,18.168437061650565
18,39,22,3,11.15,7.902531240052139
18,39,22,4,14.95,20.26787709912568
18,39,22,5,17.9,19.649293545624108
18,39,22,6,17.1,14.710898215805502
18,39,22,7,21.4,19.356489459882084
18,39,22,8,14.0,8.867444893957245
18,39,22,9,14.5,18.29437647273926
17,20,65,8,13.75,14.108135017932403
18,39,22,0,15.85,16.20680493853707
18,39,22,1,21.65,23.342473147281954
18,39,22,2,24.35,25.444004567305292
18,39,22,3,14.6,15.435434285401477
18,39,22,4,18.5,27.713762494092123
18,39,22,5,18.7,33.03283852551324
18,39,22,6,14.8,17.854971296532515
18,39,22,7,13.05,14.702219667720064
18,39,22,8,25.0,24.522814297152593
18,39,22,9,10.95,11.104645779795808
12,26,108,6,13.2,13.516461698318286
17,20,65,8,10.15,13.203966708610912
18,41,22,0,37.55,51.935663641612756
18,41,22,1,43.95,108.23146492587078
18,41,22,2,18.05263157894737,30.045287454867427
18,41,22,3,28.105263157894736,38.600366631595186
18,41,22,4,12.210526315789474,11.867691656895957
18,41,22,5,15.052631578947368,16.372312957519085
18,41,22,6,18.055555555555557,19.17250550450466
18,41,22,7,15.333333333333334,15.327790984697966
18,41,22,8,7.882352941176471,7.184030492533217
18,41,22,9,10.294117647058824,11.145429028767538
17,20,65,8,9.8,11.274563826316484
12,26,108,6,22.85,45.72489244901167
18,41,22,0,20.05,13.539318959782905
18,41,22,1,20.35,14.54674859674292
18,41,22,2,25.8,34.04115156689033
18,41,22,3,20.5,26.29888931014708
18,41,22,4,17.2,26.446768780842934
18,41,22,5,51.8,103.38614383389152
18,41,22,6,19.57894736842105,24.737097174247975
18,41,22,7,19.0,28.43511131603946
18,41,22,8,17.789473684210527,14.447525537338453
18,41,22,9,12.578947368421053,9.52374686696181
17,10,65,8,11.15,8.579504340976937
18,41,22,0,20.0,16.244837236553195
18,41,22,1,18.0,14.789754633031041
18,41,22,2,21.9,26.95005126447619
18,41,22,3,23.45,22.397074527009572
18,41,22,4,25.9,23.986619076827857
18,41,22,5,19.15,11.226261504544647
18,41,22,6,23.55,32.04187227593557
18,41,22,7,18.85,21.00945902257011
18,41,22,8,23.1,31.690775679334433
18,41,22,9,20.3,23.330801867691427
12,26,108,6,32.4,48.32826349695981
17,10,65,8,9.1,9.031523739249739
18,41,22,0,43.8,110.41529260978872
18,41,22,1,25.473684210526315,46.73847858153878
18,41,22,2,18.42105263157895,28.182571031428633
18,41,22,3,12.842105263157896,11.181647453129697
18,41,22,4,15.31578947368421,17.371920611463608
18,41,22,5,19.894736842105264,20.88565360039732
18,41,22,6,10.0,11.440668201153676
18,41,22,7,19.789473684210527,22.785421624286244
18,41,22,8,25.444444444444443,32.71664843726081
18,41,22,9,16.22222222222222,14.647045699130535
17,10,65,8,16.8,17.151338753946632
18,41,22,0,51.45,116.00928955543989
18,41,22,1,31.157894736842106,37.79515424244921
18,41,22,2,14.368421052631579,11.809650132722389
18,41,22,3,13.052631578947368,12.59397423907572
18,41,22,4,26.263157894736842,40.12458667874787
18,41,22,5,14.473684210526315,20.764201087054268
18,41,22,6,19.894736842105264,30.784005112399424
18,41,22,7,42.26315789473684,109.49370459085415
18,41,22,8,19.333333333333332,18.818013897827356
18,41,22,9,20.61111111111111,23.032301841209343
12,26,108,6,19.1,22.08095154318834
17,10,65,8,11.6,15.013677974293625
18,35,22,0,25.2,22.00621921663343
18,35,22,1,41.65,109.11475128216361
18,35,22,2,21.36842105263158,22.013153962311286
18,35,22,3,12.0,15.95827893811443
18,35,22,4,10.421052631578947,10.500348086683625
18,35,22,5,18.63157894736842,20.07820965434858
18,35,22,6,14.631578947368421,28.21191735245505
18,35,22,7,14.0,13.195116941926322
18,35,22,8,18.68421052631579,30.1975948850584
18,35,22,9,12.842105263157896,14.237131257130018
18,35,22,0,21.6,17.412639087743134
18,35,22,1,20.9,18.806213978643505
18,35,22,2,20.8,25.93027086955362
18,35,22,3,41.5,107.27264820368508
18,35,22,4,31.63157894736842,35.61867569800332
18,35,22,5,10.894736842105264,10.413104654137099
18,35,22,6,18.94736842105263,22.84603949195213
18,35,22,7,19.263157894736842,22.03996900901017
18,35,22,8,17.894736842105264,24.912947853681104
18,35,22,9,12.789473684210526,11.909748329127611
17,10,65,8,16.1,17.081538202645014
12,26,108,6,22.55,43.40806982941985
18,35,22,0,17.65,14.604523452107498
18,35,22,1,19.0,20.437323957072163
18,35,22,2,15.1,15.039946808416579
18,35,22,3,16.45,20.34045748075288
18,35,22,4,20.1,19.089539709374595
18,35,22,5,18.0,22.090722034374522
18,35,22,6,20.25,18.372963546300422
18,35,22,7,14.55,12.922746164072583
18,35,22,8,14.8,20.451740371189107
18,35,22,9,18.5,22.75614434088424
17,22,65,8,22.25,14.58505002427233
18,35,22,0,13.1,10.396861874724761
18,35,22,1,17.1,13.783666917196255
18,35,22,2,15.25,21.503671657111074
18,35,22,3,13.1,14.7609014130681
18,35,22,4,17.55,25.048321721277688
18,35,22,5,32.7,107.80396438370022
18,35,22,6,12.421052631578947,22.226900092439756
18,35,22,7,11.947368421052632,11.476902815900031
18,35,22,8,16.210526315789473,15.619001772657208
18,35,22,9,20.894736842105264,17.785433293200946
12,26,108,6,27.75,46.932061760087116
18,35,22,0,17.15,22.58382047768758
18,35,22,1,15.75,20.276704289457527
18,35,22,2,16.9,17.17372534149953
18,35,22,3,15.65,29.03586711202833
18,35,22,4,12.75,16.412046281859393
18,35,22,5,12.8,13.582496476212162
18,35,22,6,9.45,17.132532918705465
18,35,22,7,18.6,20.324732146872325
18,35,22,8,7.7,10.52865763423559
18,35,22,9,17.15,24.709416487604372
17,22,65,8,18.8,17.059030638221785
18,24,22,0,28.15,32.49011995571642
18,24,22,1,27.05,30.33753103786932
18,24,22,2,17.7,21.788698180961905
18,24,22,3,23.65,28.512739534977584
18,24,22,4,16.6,13.754999091239519
18,24,22,5,18.75,25.955173908713824
18,24,22,6,11.85,19.727818990077516
18,24,22,7,19.2,26.20887756386936
18,24,22,8,28.210526315789473,43.63558556368162
18,24,22,9,15.631578947368421,23.87981603855205
17,22,65,8,15.35,16.125413091403924
12,26,108,6,13.45,16.894331033001325
18,24,22,0,17.15,17.412261257667346
18,24,22,1,15.2,14.627299639265003
18,24,22,2,43.95,106.29080021585271
18,24,22,3,19.0,17.35575472925975
18,24,22,4,8.68421052631579,11.50870507040913
18,24,22,5,14.473684210526315,14.45440502273973
18,24,22,6,17.05263157894737,27.665609787465026
18,24,22,7,17.210526315789473,22.451376961901026
18,24,22,8,13.105263157894736,13.033694525438907
18,24,22,9,14.421052631578947,14.603332151996012
17,22,65,8,18.1,14.520040597304416
18,24,22,0,18.55,21.44386797395028
18,24,22,1,29.85,43.085319272834745
18,24,22,2,53.8,110.35473900586523
18,24,22,3,47.8421052631579,109.15700372394024
18,24,22,4,17.647058823529413,14.093177323046199
18,24,22,5,13.117647058823529,10.77544867361202
18,24,22,6,19.529411764705884,17.596582221623404
18,24,22,7,27.529411764705884,37.9294042384316
18,24,22,8,23.352941176470587,38.12961640324779
18,24,22,9,21.823529411764707,22.508985134046043
12,26,108,6,21.35,43.831345428873874
17,22,65,8,13.2,13.149344590430912
18,24,22,0,13.5,9.8755412909609
18,24,22,1,21.85,20.38904504616969
18,24,22,2,13.35,9.794063723017445
18,24,22,3,18.05,23.873515385089508
18,24,22,4,14.05,20.694456415083472
18,24,22,5,43.2,107.50500600339258
18,24,22,6,13.736842105263158,17.435092662224395
18,24,22,7,19.05263157894737,32.26706901300548
18,24,22,8,42.526315789473685,107.37699340850575
18,24,22,9,11.555555555555555,12.636186236929998
17,3,65,8,20.55,26.725652963319526
18,24,22,0,13.75,14.414448161115072
18,24,22,1,26.45,41.67982599216127
18,24,22,2,15.6,30.200034855330184
18,24,22,3,11.7,17.02660456925851
18,24,22,4,9.5,8.816849896945232
18,24,22,5,22.0,23.973669767168797
18,24,22,6,16.85,23.122727484355938
18,24,22,7,16.35,26.87647180792347
18,24,22,8,9.05,9.670764406732609
18,24,22,9,9.3,10.930883336963934
12,26,108,6,18.6,16.407315441594946
18,47,22,0,16.5,23.15053710869475
18,47,22,1,43.55,109.81346624353979
18,47,22,2,17.473684210526315,15.95956147076671
18,47,22,3,27.68421052631579,44.05432584583487
18,47,22,4,16.789473684210527,15.876533862445548
18,47,22,5,8.947368421052632,9.40138101090902
18,47,22,6,11.263157894736842,9.103369982003356
18,47,22,7,20.736842105263158,22.86880967913177
18,47,22,8,23.05263157894737,23.29872119573787
18,47,22,9,14.0,15.209646062066444
17,3,65,8,19.45,21.595503918030815
18,47,22,0,14.95,11.627892962047857
18,47,22,1,21.0,22.185818134921
18,47,22,2,21.85,22.97429914170684
18,47,22,3,30.5,47.96983701408516
18,47,22,4,19.95,19.206564119153583
18,47,22,5,16.95,23.54497376243355
18,47,22,6,17.15,20.556149035213153
18,47,22,7,12.95,10.644865330042315
18,47,22,8,15.4,17.765726909743353
18,47,22,9,10.2,14.562388468061716
12,26,108,6,20.6,19.815995665384225
17,3,65,8,23.05,30.168779610018944
18,47,22,0,15.25,21.1109225907249
18,47,22,1,20.45,18.60807691073394
18,47,22,2,16.05,20.71987350093472
18,47,22,3,13.7,12.904915424180942
18,47,22,4,14.0,13.345608384704487
18,47,22,5,12.7,13.054944616786715
18,47,22,6,14.45,16.78493999174009
18,47,22,7,11.3,7.927965160048786
18,47,22,8,14.85,19.823630237407922
18,47,22,9,19.2,21.07280612293334
17,3,65,8,16.65,24.257988374966292
18,47,22,0,21.25,28.63908812132559
18,47,22,1,14.6,26.60510437768227
18,47,22,2,11.95,10.913415211515932
18,47,22,3,18.0,19.208002718165485
18,47,22,4,16.7,17.929980773171952
18,47,22,5,13.05,16.381873808379925
18,47,22,6,20.2,23.836283708930626
18,47,22,7,38.35,106.58195512325122
18,47,22,8,11.105263157894736,9.03631400296791
18,47,22,9,15.31578947368421,17.272497829976697
12,41,108,6,11.55,13.200777489064404
18,47,22,0,15.8,16.382275402654574
18,47,22,1,23.85,26.519655074362447
18,47,22,2,18.4,16.014467143640367
18,47,22,3,19.6,21.779758831007335
18,47,22,4,20.1,22.957397615216713
18,47,22,5,22.55,35.17097337892503
18,47,22,6,13.6,12.914292368086649
18,47,22,7,17.15,15.242858552191093
18,47,22,8,21.8,23.189380509643907
18,47,22,9,15.2,18.13284313062902
17,3,65,8,19.9,26.32969106501152
12,41,108,6,24.8,19.832456120951676
18,32,22,0,28.6,24.340566096431214
18,32,22,1,22.3,22.68340455278403
18,32,22,2,16.5,17.68585518667985
18,32,22,3,25.5,25.39063233805562
18,32,22,4,13.95,15.54441852783246
18,32,22,5,22.4,24.862569626268577
18,32,22,6,16.65,16.112352240962277
18,32,22,7,43.75,107.00707059767002
18,32,22,8,18.894736842105264,26.362630826485567
18,32,22,9,31.166666666666668,46.57599735284007
17,22,65,8,15.15,11.47204841067375
18,32,22,0,20.9,26.116943482002355
18,32,22,1,15.4,12.675712374873703
18,32,22,2,11.95,13.00394676930613
18,32,22,3,13.35,12.679344993874258
18,32,22,4,33.55,59.086444255318355
18,32,22,5,18.4,21.266232190469175
18,32,22,6,18.31578947368421,25.335641630756168
18,32,22,7,10.736842105263158,11.024427953227615
18,32,22,8,13.789473684210526,21.41022327811444
18,32,22,9,13.31578947368421,16.733375270793886
17,22,65,8,17.8,15.507553337851713
12,41,108,6,22.95,24.820354550247664
18,32,22,0,28.65,26.32844169534656
18,32,22,1,14.6,12.96310554084776
18,32,22,2,33.95,55.64026845445851
18,32,22,3,22.6,22.47197084557139
18,32,22,4,22.5,25.96252359804315
18,32,22,5,23.35,24.188459623286647
18,32,22,6,26.55,38.780726357845666
18,32,22,7,12.7,11.707397571396337
18,32,22,8,19.9,30.618020149819237
18,32,22,9,20.65,28.30338458466352
17,22,65,8,18.35,19.770459090056022
18,32,22,0,25.75,39.93794528620884
18,32,22,1,11.45,11.691089724545288
18,32,22,2,18.65,26.26439454951573
18,32,22,3,13.55,14.950708485236621
18,32,22,4,16.1,19.240582111776142
18,32,22,5,14.65,22.103286252453383
18,32,22,6,34.1,102.98180728448567
18,32,22,7,45.63157894736842,109.80194823525358
18,32,22,8,12.666666666666666,13.181984140574322
18,32,22,9,11.38888888888889,14.402364548058191
12,41,108,6,24.6,29.715138796314083
17,22,65,8,21.05,32.07798884626424
18,32,22,0,21.35,19.658331567048105
18,32,22,1,20.35,18.776455021060148
18,32,22,2,26.6,24.30161354833525
18,32,22,3,24.1,24.261513815744866
18,32,22,4,24.6,27.017343357652013
18,32,22,5,16.5,14.284699212057193
18,32,22,6,18.85,30.067074140468364
18,32,22,7,20.3,18.396509966495504
18,32,22,8,20.8,17.913828824623025
18,32,22,9,14.8,17.386019792077956
17,22,65,8,25.6,16.90655431917954
18,29,22,0,31.55,39.11719907096998
18,29,22,1,36.7,53.697103714897146
18,29,22,2,28.85,26.978110034852914
18,29,22,3,30.9,37.74275810633987
18,29,22,4,21.8,26.450748671127588
18,29,22,5,22.68421052631579,31.504942525082818
18,29,22,6,22.789473684210527,22.399352538679477
18,29,22,7,37.31578947368421,51.46093732313315
18,29,22,8,17.27777777777778,18.562471804076207
18,29,22,9,22.833333333333332,30.297058680767716
12,41,108,6,20.6,29.04153106011784
17,10,65,8,15.2,15.803397369586472
18,29,22,0,25.15,25.909305379788897
18,29,22,1,22.25,21.371094595516773
18,29,22,2,23.05,22.709782265057402
18,29,22,3,18.75,19.69470941515433
18,29,22,4,13.35,12.885222053516232
18,29,22,5,13.5,15.520784027944764
18,29,22,6,17.6,18.94423950773205
18,29,22,7,16.05,21.07499141536942
18,29,22,8,15.95,14.503992190899863
18,29,22,9,12.15,13.397859216268373
18,29,22,0,20.2,14.203780075073418
18,29,22,1,11.95,15.215902346247045
18,29,22,2,9.6,7.155417527999327
18,29,22,3,17.35,14.847558721890948
18,29,22,4,13.4,10.6691882984306
18,29,22,5,15.75,19.84645003388184
18,29,22,6,16.15,16.023913051239518
18,29,22,7,17.05,20.702084817464005
18,29,22,8,12.15,9.229671830854182
18,29,22,9,11.0,15.821371289293614
12,42,108,6,25.55,44.99763151661721
17,10,65,8,12.3,12.431284813134287
18,29,22,0,25.9,32.12131609022926
18,29,22,1,18.35,35.92576410204506
18,29,22,2,22.65,24.89615273596769
18,29,22,3,17.85,18.448434536353084
18,29,22,4,16.4,23.05919156842828
18,29,22,5,15.45,14.795002712509312
18,29,22,6,12.8,11.714139005133026
18,29,22,7,25.35,59.937928418972696
18,29,22,8,11.8,14.114568807851654
18,29,22,9,12.157894736842104,15.10799331441155
17,10,65,8,15.4,18.391645700669294
18,29,22,0,24.75,17.811513130556875
18,29,22,1,21.85,26.49781520288636
18,29,22,2,16.0,16.61641547259501
18,29,22,3,28.9,34.993082023075424
18,29,22,4,18.15,22.967425445159222
18,29,22,5,20.8,20.798785389637793
18,29,22,6,16.45,18.827401643125878
18,29,22,7,20.0,18.209309360006518
18,29,22,8,9.75,9.978265855031335
18,29,22,9,22.55,28.550002304359754
12,42,108,6,18.45,19.597193676646665
17,10,65,8,10.6,9.816205719973583
18,27,22,0,25.7,29.060916057572292
18,27,22,1,12.55,13.288202127807722
18,27,22,2,21.45,23.155026736281147
18,27,22,3,22.15,28.17478342512381
18,27,22,4,40.35,108.28776234498619
18,27,22,5,16.68421052631579,25.298336861406852
18,27,22,6,26.05263157894737,27.439779891023836
18,27,22,7,21.63157894736842,38.02807519351955
18,27,22,8,18.473684210526315,21.34470639826349
18,27,22,9,19.31578947368421,22.669246499213536
17,10,65,8,14.7,11.589923027763112
12,42,108,6,23.5,31.18113464732701
18,27,22,0,32.05,41.47856136164294
18,27,22,1,27.6,30.252272641902458
18,27,22,2,28.3,35.38822284022572
18,27,22,3,21.7,24.01994785041887
18,27,22,4,20.85,24.984784843664563
18,27,22,5,21.4,14.662519349832436
18,27,22,6,22.894736842105264,25.370356141769747
18,27,22,7,12.736842105263158,13.03347018369397
18,27,22,8,20.105263157894736,23.56526336425928
18,27,22,9,13.555555555555555,12.258117225271453
17,13,65,8,11.05,11.071418869750783
18,27,22,0,42.8,108.36905753755978
18,27,22,1,31.789473684210527,49.9383830861909
18,27,22,2,11.736842105263158,10.815842830789974
18,27,22,3,20.105263157894736,16.144812503099377
18,27,22,4,18.526315789473685,25.246272378429417
18,27,22,5,29.42105263157895,51.59275981663585
18,27,22,6,18.61111111111111,18.17282680231472
18,27,22,7,16.88888888888889,26.09910723938293
18,27,22,8,12.0,10.835670939350381
18,27,22,9,27.944444444444443,36.44733867831815
12,42,108,6,15.55,14.129010841825448
17,13,65,8,27.05,65.38104908111653
18,27,22,0,11.15,9.81017194977797
18,27,22,1,45.35,109.88859190825474
18,27,22,2,17.263157894736842,20.20957447807339
18,27,22,3,54.36842105263158,111.41624184726578
18,27,22,4,25.72222222222222,23.81498676823571
18,27,22,5,17.11111111111111,15.118702437666165
18,27,22,6,12.222222222222221,11.212154935633631
18,27,22,7,17.444444444444443,18.999139987416218
18,27,22,8,19.27777777777778,21.22652490345804
18,27,22,9,25.5,24.41853201735012
18,27,22,0,25.3,30.274359482989283
18,27,22,1,18.5,20.032867729650796
18,27,22,2,19.6,19.03846521899118
18,27,22,3,14.65,15.898609671090243
18,27,22,4,13.35,13.390000196533151
18,27,22,5,28.4,32.57606483294138
18,27,22,6,16.95,14.099178774143661
18,27,22,7,11.95,13.33169946129584
18,27,22,8,21.55,32.256333527411
18,27,22,9,15.6,12.42408526760993
17,13,65,8,9.1,9.043171311460435
12,42,108,6,18.05,44.053167638064
18,37,22,0,16.35,23.322171515759983
18,37,22,1,38.6,109.46011049452528
18,37,22,2,12.631578947368421,16.899081258116404
18,37,22,3,17.05263157894737,22.520296238949847
18,37,22,4,16.263157894736842,19.907681669990712
18,37,22,5,10.157894736842104,11.894271066800451
18,37,22,6,16.789473684210527,22.164984766690058
18,37,22,7,16.05263157894737,20.421866505756697
18,37,22,8,14.631578947368421,20.257263515741677
18,37,22,9,17.05263157894737,21.308510778065823
17,13,65,8,13.85,13.600599831973355
18,37,22,0,20.0,24.76415065966804
18,37,22,1,19.0,23.27637157471522
18,37,22,2,15.95,20.487415906509924
18,37,22,3,16.3,13.947646471905685
18,37,22,4,22.05,22.196431671495496
18,37,22,5,19.1,18.327144090837386
18,37,22,6,25.85,38.62542794857458
18,37,22,7,13.9,11.341122194544019
18,37,22,8,10.55,9.422677013739946
18,37,22,9,22.7,27.951273391574244
12,43,108,6,20.8,18.738083932827394
17,13,65,8,12.5,14.659288415271229
18,37,22,0,37.65,41.73509819148185
18,37,22,1,27.55,21.159730870838498
18,37,22,2,26.3,18.350677601141943
18,37,22,3,17.75,17.961581808199174
18,37,22,4,42.25,107.52521124197608
18,37,22,5,26.105263157894736,29.268668756201293
18,37,22,6,21.36842105263158,37.15165694871614
18,37,22,7,14.473684210526315,17.740000065929575
18,37,22,8,20.210526315789473,16.554888325971277
18,37,22,9,25.42105263157895,23.178811659391005
17,17,65,8,15.7,19.14515192170757
12,43,108,6,16.7,18.513437509578083
18,37,22,0,12.85,10.60920652819497
18,37,22,1,16.75,22.05465698524559
18,37,22,2,22.55,20.724953177523137
18,37,22,3,12.9,17.405080927857334
18,37,22,4,14.4,13.378694767585161
18,37,22,5,15.7,20.8985015831531
18,37,22,6,12.4,12.381650259876297
18,37,22,7,17.9,19.957586606548766
18,37,22,8,34.4,106.06720808798046
18,37,22,9,10.473684210526315,9.622707063403219
17,17,65,8,21.35,22.408351356722253
18,37,22,0,19.95,26.280821504423496
18,37,22,1,40.0,108.96547014632905
18,37,22,2,15.210526315789474,14.75947510120729
18,37,22,3,24.0,29.76761849915292
18,37,22,4,18.105263157894736,29.066771285824924
18,37,22,5,44.1578947368421,109.83839804098804
18,37,22,6,15.555555555555555,15.420468529626543
18,37,22,7,19.5,39.45846662296058
18,37,22,8,22.61111111111111,20.272087123428342
18,37,22,9,17.77777777777778,12.59110589711715
12,43,108,6,25.05,28.327920019506887
18,32,22,0,20.85,26.742977435305576
18,32,22,1,21.5,22.23439724959126
18,32,22,2,13.5,12.588633135115437
18,32,22,3,18.8,16.185113368056527
18,32,22,4,13.35,12.274384966905245
18,32,22,5,19.45,23.318109068411093
18,32,22,6,17.2,27.987967339366996
18,32,22,7,17.5,19.683014317720215
18,32,22,8,18.31578947368421,30.298611320541017
18,32,22,9,10.789473684210526,11.093436234340562
17,17,65,8,16.8,22.77024836329889
18,32,22,0,22.1,25.57321789850097
18,32,22,1,15.95,16.605246475927895
18,32,22,2,40.3,108.39358108786992
18,32,22,3,16.42105263157895,19.006770108083078
18,32,22,4,22.05263157894737,36.105514636056675
18,32,22,5,9.789473684210526,10.146586439501167
18,32,22,6,15.157894736842104,16.368204808560126
18,32,22,7,9.31578947368421,11.397137221342264
18,32,22,8,10.210526315789474,9.431501278919967
18,32,22,9,19.68421052631579,21.888740463177125
17,17,65,8,13.45,8.081655640692496
12,43,108,6,18.0,18.453355136383024
18,32,22,0,24.1,33.84935667584276
18,32,22,1,10.2,8.817446819859626
18,32,22,2,16.6,15.86588528224863
18,32,22,3,38.5,107.78951223272337
18,32,22,4,18.0,17.707499980391233
18,32,22,5,14.421052631578947,16.79390031289034
18,32,22,6,18.0,20.061018031108105
18,32,22,7,12.526315789473685,10.21093325287835
18,32,22,8,13.157894736842104,12.14387434925635
18,32,22,9,21.263157894736842,28.278067876130038
17,17,65,8,16.75,17.17058378065292
18,32,22,0,21.0,19.218959936808016
18,32,22,1,21.4,31.342589151773055
18,32,22,2,15.15,9.874342083346482
18,32,22,3,21.75,26.45726444863987
18,32,22,4,29.1,52.5876711586921
18,32,22,5,41.3,37.36181557630591
18,32,22,6,23.9,29.307624299920032
18,32,22,7,44.1,106.16615577282126
18,32,22,8,55.421052631578945,101.08704488348076
18,32,22,9,22.470588235294116,23.569359471193803
12,43,108,6,27.7,30.303899349579975
17,1,65,8,12.4,9.477952254963538
18,32,22,0,27.4,30.13548354384002
18,32,22,1,18.9,24.872093852982683
18,32,22,2,19.1,30.6523803488837
18,32,22,3,12.25,10.740356751891193
18,32,22,4,17.9,13.384594443652471
18,32,22,5,18.35,25.678733777603846
18,32,22,6,12.05,12.403204170060674
18,32,22,7,15.2,28.872861050875407
18,32,22,8,17.25,23.03287124730082
18,32,22,9,33.75,92.78547697157194
17,1,65,8,20.95,14.950708485236621
18,36,22,0,31.4,28.671276659108816
18,36,22,1,19.25,20.081085628023203
18,36,22,2,45.8,97.16973754588845
18,36,22,3,20.55,24.303941633968932
18,36,22,4,18.210526315789473,22.297431210713295
18,36,22,5,20.31578947368421,38.456400466529686
18,36,22,6,17.444444444444443,18.64284193881275
18,36,22,7,11.11111111111111,10.011104945120804
18,36,22,8,15.38888888888889,27.429350722278343
18,36,22,9,14.058823529411764,12.26004989914037
12,29,108,6,30.65,33.01399224890147
17,1,65,8,25.3,22.71818191391389
18,36,22,0,40.2,109.35148544222457
18,36,22,1,42.8421052631579,112.9553811407627
18,36,22,2,16.055555555555557,18.77567958266357
18,36,22,3,22.833333333333332,38.33175614828734
18,36,22,4,40.27777777777778,112.21030966346738
18,36,22,5,13.176470588235293,13.807766356826361
18,36,22,6,42.05882352941177,111.49858215927866
18,36,22,7,15.75,22.802046691762854
18,36,22,8,16.0,14.12326685532305
18,36,22,9,19.5,17.025471114382317
12,29,108,6,22.3,30.74872697407676
17,1,65,8,12.4,13.208450245760737
18,36,22,0,17.85,20.04803442261925
18,36,22,1,44.2,109.53951461987539
18,36,22,2,19.36842105263158,22.845399552245837
18,36,22,3,74.10526315789474,150.820678930253
18,36,22,4,13.764705882352942,11.68615319386958
18,36,22,5,16.705882352941178,16.170052202614997
18,36,22,6,15.941176470588236,25.001176442907877
18,36,22,7,20.11764705882353,22.287559178107575
18,36,22,8,15.588235294117647,15.66069452295065
18,36,22,9,12.941176470588236,11.939799978618224
17,1,65,8,18.4,16.246133143159422
18,36,22,0,28.25,25.667663457518316
18,36,22,1,24.75,40.27912480102865
18,36,22,2,46.55,111.37394337616809
18,36,22,3,16.94736842105263,11.52520756241401
18,36,22,4,13.789473684210526,16.745078704464586
18,36,22,5,17.055555555555557,15.486131261161017
18,36,22,6,24.666666666666668,47.34106537234069
18,36,22,7,17.77777777777778,41.78594691373075
18,36,22,8,16.823529411764707,19.688941357135125
18,36,22,9,25.705882352941178,35.50134628764512
12,29,108,6,23.7,26.907443697159145
18,36,22,0,29.95,34.98943449551292
18,36,22,1,21.8,23.14849091364159
18,36,22,2,19.95,18.525870957578274
18,36,22,3,13.9,16.137240356262573
18,36,22,4,13.8,19.06112052817131
18,36,22,5,13.0,14.994735918420101
18,36,22,6,20.05,32.932906276086136
18,36,22,7,15.8,14.961705503683307
18,36,22,8,26.75,42.28708276082724
18,36,22,9,19.35,16.496490854915653
17,1,65,8,19.4,14.964519441173618
19,3,22,0,31.35,44.062485535645244
19,3,22,1,17.05,16.05082388441232
19,3,22,2,34.55,73.17856674996408
19,3,22,3,28.157894736842106,34.47263513425417
19,3,22,4,18.57894736842105,22.662538323737124
19,3,22,5,18.526315789473685,39.88367588800186
19,3,22,6,15.789473684210526,19.251490410898985
19,3,22,7,12.0,10.365541203644142
19,3,22,8,11.833333333333334,18.182894353177755
19,3,22,9,43.11764705882353,54.26195991776971
17,1,65,8,22.65,20.772641420362202
12,29,108,6,35.9,43.192226396107806
19,3,22,0,30.7,40.58532272943794
19,3,22,1,52.4,109.83116229252204
19,3,22,2,26.36842105263158,28.458957828805932
19,3,22,3,31.263157894736842,36.162967714474554
19,3,22,4,35.0,50.054414834702094
19,3,22,5,27.27777777777778,29.626708053129352
19,3,22,6,29.444444444444443,18.560623158346374
19,3,22,7,14.5,19.116515803633995
19,3,22,8,22.555555555555557,23.993190755178418
19,3,22,9,42.125,31.22792553682254
17,1,65,8,26.35,21.166694294774068
12,29,108,6,18.45,15.564720566582281
17,1,65,8,20.25,16.855032045746988
19,3,22,0,30.6,40.106962251617006
19,3,22,1,20.45,17.181615021203395
19,3,22,2,41.95,54.05891036150917
19,3,22,3,32.95,47.668233933257795
19,3,22,4,30.0,29.53677458070835
19,3,22,5,29.55,26.912088850845254
19,3,22,6,21.35,28.468403537957656
19,3,22,7,25.68421052631579,34.13706462610032
19,3,22,8,27.157894736842106,39.99064218024392
19,3,22,9,32.733333333333334,25.65002552676721
17,1,65,8,22.55,17.111015227193946
12,36,108,6,26.15,43.21095743101816
19,3,22,0,14.6,14.922254662433767
19,3,22,1,13.2,12.784036097702808
19,3,22,2,44.45,107.81684030165037
19,3,22,3,36.05263157894737,112.14250541372719
19,3,22,4,44.77777777777778,111.01963554761014
19,3,22,5,32.05882352941177,31.76962107941188
19,3,22,6,17.941176470588236,22.448470405116954
19,3,22,7,18.11764705882353,15.499525609438733
19,3,22,8,23.823529411764707,29.264388115330654
19,3,22,9,43.76470588235294,37.17446941747237
17,10,65,8,14.3,17.3359984455832
19,3,22,0,48.1,110.29190932773761
19,3,22,1,44.78947368421053,111.45381651775891
19,3,22,2,15.61111111111111,17.28358244757788
19,3,22,3,24.444444444444443,22.35600254234201
19,3,22,4,29.61111111111111,26.81338315729422
19,3,22,5,20.5,16.624751214414502
19,3,22,6,21.77777777777778,21.00575706955975
19,3,22,7,17.833333333333332,28.03831412234925
19,3,22,8,12.61111111111111,14.038346177477345
19,3,22,9,26.22222222222222,33.844898052483586
12,36,108,6,21.2,43.03804926121219
17,10,65,8,17.25,16.143680529935903
19,0,22,0,22.5,18.1122232643855
19,0,22,1,18.15,18.131899775635322
19,0,22,2,17.05,17.175487428921855
19,0,22,3,15.7,17.99736822865762
19,0,22,4,19.4,24.057825075605255
19,0,22,5,15.5,17.120317262185733
19,0,22,6,23.3,45.234011423636574
19,0,22,7,11.95,14.83408237809134
19,0,22,8,34.9,105.20951527909992
19,0,22,9,21.88888888888889,25.979378448591937
17,10,65,8,13.85,9.836960377763257
19,0,22,0,33.8,37.46661671970199
19,0,22,1,21.85,24.1361816192598
19,0,22,2,30.45,29.53762097108667
19,0,22,3,22.15,21.467907504728515
19,0,22,4,28.35,46.54513938103526
19,0,22,5,13.35,10.752111175803666
19,0,22,6,14.631578947368421,18.52988734844869
19,0,22,7,17.31578947368421,25.27636716069193
19,0,22,8,13.210526315789474,19.797808373006067
19,0,22,9,28.555555555555557,17.449834727760138
12,36,108,6,21.8,44.00430600939436
17,10,65,8,15.7,20.800050607225884
19,0,22,0,25.95,33.00155498728731
19,0,22,1,28.0,32.959305051437056
19,0,22,2,26.15,25.419170138427333
19,0,22,3,34.1,30.774049217858185
19,0,22,4,16.6,14.251131072378264
19,0,22,5,35.0,39.87876364023444
19,0,22,6,44.5,106.93554379305222
19,0,22,7,27.210526315789473,28.82818633707955
19,0,22,8,22.94736842105263,38.32532334314644
19,0,22,9,31.22222222222222,21.4463915943522
12,36,108,6,25.3,44.248223276849146
17,10,65,8,12.5,11.137891702604554
19,0,22,0,25.6,29.19516903079758
19,0,22,1,25.85,30.814000577317895
19,0,22,2,24.45,26.93945453282816
19,0,22,3,30.25,40.1351335785546
19,0,22,4,21.5,17.4883419815361
19,0,22,5,21.4,37.146084301678
19,0,22,6,23.75,26.19335994604659
19,0,22,7,24.68421052631579,28.64156387641132
19,0,22,8,31.894736842105264,33.85080786306962
19,0,22,9,30.31578947368421,29.299322388029058
17,15,65,8,24.35,19.42129867195454
12,36,108,6,17.25,16.742240936593504
19,0,22,0,27.55,38.55614498091678
19,0,22,1,18.05,33.322151633315706
19,0,22,2,15.6,19.060568280035483
19,0,22,3,39.35,108.96656899202955
19,0,22,4,18.0,14.391355429948602
19,0,22,5,28.105263157894736,29.482376537785917
19,0,22,6,28.36842105263158,33.600943317306815
19,0,22,7,23.27777777777778,37.11319022785415
19,0,22,8,13.555555555555555,14.484158576638222
19,0,22,9,31.055555555555557,43.872103185378485
19,11,22,0,14.45,13.95283408298717
19,11,22,1,9.65,7.292930968085682
19,11,22,2,10.45,12.041485307928278
19,11,22,3,18.7,29.951012635547684
19,11,22,4,13.1,13.07025550428791
19,11,22,5,14.6,10.708579934357603
19,11,22,6,11.0,12.06997143850456
19,11,22,7,17.45,16.706365001966983
19,11,22,8,13.35,12.317189529058032
19,11,22,9,11.75,12.164984262433846
17,15,65,8,22.7,30.440796725170614
12,46,108,6,22.5,22.1727666056216
19,11,22,0,31.2,42.672066544261654
19,11,22,1,21.55,22.749146889730312
19,11,22,2,20.95,19.486770140952448
19,11,22,3,27.1,28.41960035275877
19,11,22,4,19.25,16.707625110772184
19,11,22,5,15.8,18.77175930402958
19,11,22,6,14.75,14.581440979979709
19,11,22,7,15.736842105263158,18.98783852090349
19,11,22,8,15.789473684210526,15.6935193537843
19,11,22,9,40.36842105263158,106.04307852436186
17,15,65,8,9.95,8.38843188407012
19,11,22,0,33.95,33.89686369593878
19,11,22,1,34.05,52.35755110673853
19,11,22,2,24.05,30.655084578684754
19,11,22,3,25.7,27.18571606367463
19,11,22,4,18.35,19.580535447761704
19,11,22,5,25.15,33.16827114165457
19,11,22,6,13.947368421052632,12.959225303537101
19,11,22,7,22.157894736842106,18.883452950179358
19,11,22,8,18.526315789473685,14.147510268016267
19,11,22,9,18.789473684210527,16.691910706714665
17,15,65,8,15.4,11.775979118974622
12,46,108,6,30.8,33.87842039442
19,11,22,0,16.45,14.380084913006014
19,11,22,1,19.55,21.249086667678828
19,11,22,2,19.55,21.77994007047963
19,11,22,3,31.9,41.69298817736497
19,11,22,4,16.75,14.649860786117783
19,11,22,5,25.25,36.192286180170605
19,11,22,6,32.55,44.5781100399831
19,11,22,7,22.8,19.26163353186301
19,11,22,8,16.45,19.850692683128212
19,11,22,9,18.166666666666668,16.992212749305107
17,15,65,8,14.6,15.922179168495882
19,11,22,0,26.05,43.122194798160805
19,11,22,1,30.5,26.418693541147196
19,11,22,2,20.95,18.120866134754273
19,11,22,3,27.85,35.69354209613303
19,11,22,4,20.95,17.355341965425
19,11,22,5,27.85,39.09404989051538
19,11,22,6,25.0,32.821687310294344
19,11,22,7,20.263157894736842,17.74461453594413
19,11,22,8,19.36842105263158,21.326067841743427
19,11,22,9,29.05263157894737,33.56167404812044
12,46,108,6,19.75,23.94703585656875
17,13,65,8,18.9,25.422534554168568
19,10,22,0,23.25,26.540683765435325
19,10,22,1,29.65,33.45582318914239
19,10,22,2,22.6,29.66018064323739
19,10,22,3,19.75,30.291348426137855
19,10,22,4,16.05,14.890742443757322
19,10,22,5,24.4,28.53142312018729
19,10,22,6,14.25,19.64654784193048
19,10,22,7,32.5,39.4241443520939
19,10,22,8,16.55,16.78807534186723
19,10,22,9,17.15,13.2477406216663
17,13,65,8,11.4,12.926512942093288
12,46,108,6,21.5,21.670984724911982
19,10,22,0,16.85,13.168043454555148
19,10,22,1,16.75,26.59813012818363
19,10,22,2,40.25,109.04507759348158
19,10,22,3,41.89473684210526,111.53071063704685
19,10,22,4,16.77777777777778,14.964882639643408
19,10,22,5,19.944444444444443,27.457929792625155
19,10,22,6,14.88888888888889,14.989756851180621
19,10,22,7,14.833333333333334,11.612619910100843
19,10,22,8,13.833333333333334,22.371857321197098
19,10,22,9,23.333333333333332,24.745766126278465
19,10,22,0,19.25,17.417096863653676
19,10,22,1,32.5,30.6637107652472
19,10,22,2,19.6,28.266401852450382
19,10,22,3,21.25,18.370098701852136
19,10,22,4,14.65,16.968314123993768
19,10,22,5,20.5,23.11185615083397
19,10,22,6,11.95,10.797051254369114
19,10,22,7,18.05,16.937889634283188
19,10,22,8,14.95,15.796318691724546
19,10,22,9,26.2,24.03856550584804
17,13,65,8,8.6,8.133103246673599
12,46,108,6,24.85,27.65249584243327
19,10,22,0,31.8,36.194794624292825
19,10,22,1,22.5,26.476404589747457
19,10,22,2,16.35,23.560169331890815
19,10,22,3,43.6,107.29222270337948
19,10,22,4,18.526315789473685,18.261582081434216
19,10,22,5,19.94736842105263,21.430698864040096
19,10,22,6,31.526315789473685,33.33228068513336
19,10,22,7,22.42105263157895,32.19785325741399
19,10,22,8,17.764705882352942,20.598936294638815
19,10,22,9,15.352941176470589,13.513609697590926
17,13,65,8,18.55,24.605251899800408
19,10,22,0,26.8,25.349348585007277
19,10,22,1,14.55,11.618836792943284
19,10,22,2,25.9,37.99847642375041
19,10,22,3,27.3,69.25931440303859
19,10,22,4,47.05263157894737,111.43831062979818
19,10,22,5,27.88888888888889,59.317578873371865
19,10,22,6,13.944444444444445,13.026995600639657
19,10,22,7,42.666666666666664,112.104992804802
19,10,22,8,10.294117647058824,9.183985422206097
19,10,22,9,23.235294117647058,25.130980412044977
12,28,108,6,15.95,13.690084771564843
17,13,65,8,14.05,13.888560230029531
19,1,22,0,12.25,12.03448990894176
19,1,22,1,56.55,108.81151013032631
19,1,22,2,20.31578947368421,17.616446329681526
19,1,22,3,23.68421052631579,25.619117496247792
19,1,22,4,17.0,19.017535767461215
19,1,22,5,20.526315789473685,15.854786942934552
19,1,22,6,17.789473684210527,23.21775888162723
19,1,22,7,16.42105263157895,13.541359645642366
19,1,22,8,19.105263157894736,20.973249461694206
19,1,22,9,37.8421052631579,52.6753823567779
17,11,65,8,12.65,10.474404894538726
12,28,108,6,25.05,20.135004868453134
19,1,22,0,38.2,109.42702446932626
19,1,22,1,13.368421052631579,12.410616093202846
19,1,22,2,21.63157894736842,23.61310965053991
19,1,22,3,18.42105263157895,16.23889634137631
19,1,22,4,15.157894736842104,14.260524993821765
19,1,22,5,16.263157894736842,12.788198141095032
19,1,22,6,13.263157894736842,9.415366312949143
19,1,22,7,15.526315789473685,12.781794436066008
19,1,22,8,23.789473684210527,29.5194454693633
19,1,22,9,20.736842105263158,15.566495735189864
17,11,65,8,14.45,9.73585343486965
19,1,22,0,36.9,38.234594420842434
19,1,22,1,36.8,37.44835039582413
19,1,22,2,19.9,18.438803477563575
19,1,22,3,33.55,52.610260156021
19,1,22,4,20.9,33.08505784537151
19,1,22,5,24.15,29.44803630304172
19,1,22,6,23.25,21.04850288462841
19,1,22,7,20.05263157894737,19.34331260901448
19,1,22,8,16.63157894736842,24.13437043424398
19,1,22,9,30.77777777777778,34.69116781232662
12,28,108,6,15.2,18.958680833522365
17,11,65,8,10.65,11.027596961117238
19,1,22,0,18.5,17.467262612037832
19,1,22,1,24.0,18.538721922676217
19,1,22,2,16.85,16.67104328500548
19,1,22,3,15.25,16.757951765308942
19,1,22,4,20.45,21.692771049118498
19,1,22,5,13.5,11.15677750116611
19,1,22,6,13.5,14.475023861447472
19,1,22,7,16.35,22.363680612240817
19,1,22,8,14.5,16.564070183763157
19,1,22,9,51.3,52.26158899431327
17,11,65,8,9.65,8.499380782398829
19,1,22,0,22.6,20.576941617154613
19,1,22,1,15.5,17.94289186338291
19,1,22,2,20.25,20.36993398433868
19,1,22,3,23.7,26.862417495158745
19,1,22,4,22.3,31.61961416589393
19,1,22,5,22.85,31.82894247296583
19,1,22,6,12.7,10.162366073436162
19,1,22,7,26.526315789473685,39.612523862834415
19,1,22,8,22.263157894736842,29.670116101452724
19,1,22,9,24.68421052631579,20.4696323355652
12,28,108,6,20.45,16.734694499751107
19,14,22,0,21.1,19.962860252821592
19,14,22,1,16.35,25.742193502415244
19,14,22,2,19.4,31.490015125934434
19,14,22,3,12.35,11.041905823295467
19,14,22,4,20.75,24.528983929865074
19,14,22,5,18.2,19.003046847115968
19,14,22,6,20.05,17.866390086887783
19,14,22,7,11.5,10.595430991457443
19,14,22,8,18.05,24.332077593169064
19,14,22,9,19.05,17.239718522552568
17,11,65,8,14.65,10.256063674980922
12,28,108,6,23.7,26.292084059855853
19,14,22,0,47.9,114.4528861929429
19,14,22,1,26.68421052631579,37.89613382740154
19,14,22,2,21.31578947368421,21.6360107012436
19,14,22,3,21.473684210526315,26.938960676670163
19,14,22,4,12.777777777777779,12.206823335647666
19,14,22,5,11.833333333333334,10.216768223913885
19,14,22,6,28.833333333333332,41.40652122552678
19,14,22,7,13.11111111111111,14.571886263660096
19,14,22,8,44.44444444444444,114.5781121805106
19,14,22,9,40.88235294117647,44.0367493591165
17,15,65,8,16.5,12.89430718940482
19,14,22,0,20.2,22.94753742091317
19,14,22,1,21.45,18.838580234804265
19,14,22,2,18.15,23.76701606494974
19,14,22,3,50.8,110.98961544596011
19,14,22,4,18.473684210526315,17.655242913627138
19,14,22,5,32.473684210526315,42.820514840763764
19,14,22,6,27.0,30.362623221469004
19,14,22,7,24.0,29.949958263743873
19,14,22,8,19.57894736842105,27.20562807270601
19,14,22,9,33.388888888888886,38.98286031954056
17,15,65,8,16.85,13.43708536691997
12,39,108,6,19.85,20.142322554629516
19,14,22,0,15.25,11.715374513859981
19,14,22,1,20.05,24.498066518766226
19,14,22,2,14.1,14.38895775458243
19,14,22,3,25.45,32.223683673250086
19,14,22,4,17.55,13.394716161704642
19,14,22,5,11.45,9.422677013739948
19,14,22,6,24.25,28.40288161807753
19,14,22,7,21.65,24.675312614667703
19,14,22,8,18.85,27.321237160860775
19,14,22,9,27.25,29.1328626161338
17,15,65,8,10.8,10.364920595323845
19,14,22,0,21.55,19.502968734879424
19,14,22,1,25.5,33.58649477958287
19,14,22,2,18.25,20.81465829649865
19,14,22,3,12.75,15.760961098132375
19,14,22,4,22.1,34.59829627688563
19,14,22,5,19.15,18.98829279208362
19,14,22,6,23.0,36.88388608364876
19,14,22,7,19.736842105263158,24.03664356598335
19,14,22,8,25.789473684210527,28.408877617487462
19,14,22,9,31.526315789473685,31.86668134771739
12,39,108,6,20.15,22.581489858079035
17,15,65,8,14.8,13.896610718937342
19,2,22,0,15.3,14.052907547063553
19,2,22,1,20.95,28.221818733589426
19,2,22,2,20.7,16.670490789352744
19,2,22,3,16.75,20.473024613918316
19,2,22,4,19.65,17.73867318363438
19,2,22,5,13.15,12.633601811709996
19,2,22,6,14.35,15.624794735493834
19,2,22,7,10.25,11.56617118105528
19,2,22,8,11.85,16.239247454692503
19,2,22,9,38.9,42.40022343535965
17,15,65,8,17.35,17.700059470610768
12,39,108,6,26.25,25.776110931186693
19,2,22,0,60.3,107.97811669134875
19,2,22,1,57.94736842105263,112.94761503763617
19,2,22,2,24.0,20.15819786529715
19,2,22,3,19.27777777777778,33.02192775139423
19,2,22,4,26.61111111111111,23.029747741687306
19,2,22,5,43.111111111111114,106.51146797625837
19,2,22,6,14.647058823529411,13.10983016895427
19,2,22,7,27.470588235294116,26.10823061569575
19,2,22,8,19.4375,15.526187555224237
19,2,22,9,32.8125,29.57300289115057
17,3,65,8,26.0,32.103451199946846
19,2,22,0,27.0,43.754097552475926
19,2,22,1,18.6,14.971551971023331
19,2,22,2,72.25,147.28592850928464
19,2,22,3,42.0,61.43289021363068
19,2,22,4,32.94444444444444,41.55290351888389
19,2,22,5,23.88235294117647,31.622544080412744
19,2,22,6,29.176470588235293,38.38169370630621
19,2,22,7,23.75,23.59802251602169
19,2,22,8,21.5,23.295206946208197
19,2,22,9,30.857142857142858,37.71320344767485
12,39,108,6,34.9,50.07247379128524
17,3,65,8,22.1,23.56156549172937
19,2,22,0,23.1,30.146833647124012
19,2,22,1,29.1,79.79836431511877
19,2,22,2,27.57894736842105,30.227499969166566
19,2,22,3,16.0,25.841396591085743
19,2,22,4,21.105263157894736,22.582920628066848
19,2,22,5,14.894736842105264,16.522357703837766
19,2,22,6,11.578947368421053,12.134962296666624
19,2,22,7,20.157894736842106,27.608901861325524
19,2,22,8,19.894736842105264,26.018998906444637
19,2,22,9,36.0,31.04477053833347
17,3,65,8,22.0,28.466046256438286
12,39,108,6,16.45,15.381037539433864
19,2,22,0,14.8,12.305753895936991
19,2,22,1,12.3,12.456661713823314
19,2,22,2,19.1,27.85658761736998
19,2,22,3,16.0,22.82888290602153
19,2,22,4,32.05,42.580542875578125
19,2,22,5,13.45,16.1977093897157
19,2,22,6,9.05,6.5572378652182985
19,2,22,7,15.4,14.5218528613368
19,2,22,8,20.15,24.65397373756676
19,2,22,9,32.7,25.482914813035443
17,3,65,8,16.05,10.32867750234116
19,4,22,0,23.55,35.17396615022028
19,4,22,1,26.45,33.733436481362304
19,4,22,2,16.45,14.716532057161894
19,4,22,3,40.1,83.3331298243129
19,4,22,4,14.5,17.857624053666974
19,4,22,5,12.736842105263158,12.141947973237052
19,4,22,6,13.157894736842104,13.777046764232878
19,4,22,7,37.0,108.28870875785917
19,4,22,8,17.27777777777778,25.39060862870262
19,4,22,9,33.22222222222222,24.687590489616575
12,47,108,6,29.45,49.67099651443327
17,3,65,8,19.75,17.353522318022506
19,4,22,0,31.35,27.738013058275328
19,4,22,1,27.85,23.93912235123436
19,4,22,2,21.25,27.69927796892908
19,4,22,3,13.3,10.407992879968436
19,4,22,4,35.3,38.32149321340784
19,4,22,5,22.4,19.481164992722693
19,4,22,6,16.65,16.442163386917954
19,4,22,7,31.45,41.77316564998459
19,4,22,8,25.63157894736842,31.55455685760033
19,4,22,9,30.77777777777778,29.584486307275295
12,47,108,6,19.05,22.62619581021311
17,17,65,8,15.85,10.363270160574443
19,4,22,0,71.15,147.5195883514065
19,4,22,1,22.555555555555557,31.290333448531058
19,4,22,2,23.22222222222222,22.474967920033524
19,4,22,3,21.0,10.61630266867619
19,4,22,4,24.055555555555557,17.103395680122986
19,4,22,5,27.22222222222222,21.737891979500183
19,4,22,6,16.333333333333332,17.51302036637145
19,4,22,7,10.38888888888889,11.778039829369835
19,4,22,8,18.5,9.871229734465114
19,4,22,9,28.666666666666668,41.383429477196756
17,17,65,8,15.25,19.447297200923646
19,4,22,0,20.6,16.102958211393794
19,4,22,1,26.05,31.06610100381036
19,4,22,2,20.55,19.562248821323394
19,4,22,3,58.2,110.71518699608897
19,4,22,4,22.526315789473685,27.72156886103236
19,4,22,5,26.333333333333332,26.45306609605686
19,4,22,6,17.88888888888889,14.405427444865392
19,4,22,7,18.166666666666668,13.992645126889299
19,4,22,8,17.27777777777778,12.408751918827553
19,4,22,9,34.72222222222222,42.170250952057145
12,47,108,6,36.45,59.268767847031064
19,4,22,0,21.7,17.329925440966953
19,4,22,1,19.3,28.55852716237675
19,4,22,2,18.0,14.556604578063705
19,4,22,3,20.95,14.826984645713049
19,4,22,4,16.05,15.462943819950564
19,4,22,5,23.25,24.335105679266167
19,4,22,6,10.85,9.15524008711031
19,4,22,7,12.7,12.122619136838463
19,4,22,8,16.9,29.350692630579214
19,4,22,9,42.0,35.37914937539222
17,17,65,8,17.0,18.25549664881065
19,13,22,0,26.4,30.430939933941538
19,13,22,1,21.9,19.965496553594125
19,13,22,2,14.0,12.977713690461004
19,13,22,3,16.3,18.60701622054377
19,13,22,4,10.55,14.365437322743928
19,13,22,5,21.65,32.0907840516967
19,13,22,6,14.5,14.44226254325897
19,13,22,7,14.65,15.093654993162907
19,13,22,8,21.6,37.74624414916564
19,13,22,9,13.95,13.562622786249909
12,47,108,6,20.35,23.328940689285712
17,17,65,8,19.95,18.371817662129306
19,13,22,0,21.6,20.95961028163202
19,13,22,1,18.7,25.325460457184604
19,13,22,2,20.8,19.701990281507893
19,13,22,3,21.45,25.57028497463825
19,13,22,4,21.4,24.070947765216673
19,13,22,5,15.8,19.1024936371641
19,13,22,6,16.1,14.728775988019615
19,13,22,7,16.65,25.112955348102492
19,13,22,8,25.05,36.15678577936286
19,13,22,9,31.05263157894737,28.255724462704553
17,17,65,8,14.95,20.919582867935514
19,13,22,0,47.55,112.78926554
19,13,22,1,55.89473684210526,83.90066529788008
19,13,22,2,22.055555555555557,22.527035318954823
19,13,22,3,23.055555555555557,21.95040458483416
19,13,22,4,13.5,14.589480497141446
19,13,22,5,27.38888888888889,31.52242691628947
19,13,22,6,20.88888888888889,21.68732047259517
19,13,22,7,22.88888888888889,23.703781998781366
19,13,22,8,18.055555555555557,18.228846635846235
19,13,22,9,18.058823529411764,17.19182432231704
12,47,108,6,29.05,33.00155498728731
17,13,65,8,11.65,12.084243764854342
19,13,22,0,25.2,27.211839528527207
19,13,22,1,14.15,14.561213801342973
19,13,22,2,48.3,112.58264800393951
19,13,22,3,20.57894736842105,35.234635405574195
19,13,22,4,20.736842105263158,18.165419239322578
19,13,22,5,16.105263157894736,23.031125646351107
19,13,22,6,21.63157894736842,32.88567828489037
19,13,22,7,11.444444444444445,10.39922068472793
19,13,22,8,29.27777777777778,47.07791483657147
19,13,22,9,17.764705882352942,20.60500367557813
12,43,108,6,28.5,47.30917347340621
17,13,65,8,16.35,15.486071840613151
19,13,22,0,31.0,43.73605040768037
19,13,22,1,26.25,24.91855153347232
19,13,22,2,42.65,108.41211575329235
19,13,22,3,24.36842105263158,24.125160969677808
19,13,22,4,27.42105263157895,40.183351706720096
19,13,22,5,30.5,40.72468538859447
19,13,22,6,21.72222222222222,24.43431905563194
19,13,22,7,19.11111111111111,15.25812758880787
19,13,22,8,35.888888888888886,45.47383072763666
19,13,22,9,27.555555555555557,27.040758391344816
19,22,22,0,20.35,22.250428736259632
19,22,22,1,16.0,14.134690434679158
19,22,22,2,13.3,12.557656502791643
19,22,22,3,18.6,17.512101079268767
19,22,22,4,14.8,13.133324427817803
19,22,22,5,10.4,13.092384286897076
19,22,22,6,8.2,7.50859157022281
19,22,22,7,16.15,13.716202481966931
19,22,22,8,14.65,16.07638018958248
19,22,22,9,26.05,25.125945910447566
17,13,65,8,18.0,17.14949746079735
12,43,108,6,32.95,58.46139076797879
19,22,22,0,16.75,14.267648351206454
19,22,22,1,16.55,17.48525694767783
19,22,22,2,23.85,25.184111532555807
19,22,22,3,18.55,21.453683280867867
19,22,22,4,15.45,19.294054170023195
19,22,22,5,28.35,36.50418144758069
19,22,22,6,19.05,26.502184617002502
19,22,22,7,12.9,13.699404520289423
19,22,22,8,16.65,16.017342574781086
19,22,22,9,21.05263157894737,23.116789675737433
17,13,65,8,14.6,12.253463527552226
19,22,22,0,33.75,50.151218697476395
19,22,22,1,23.35,27.009306388334885
19,22,22,2,19.1,23.339372652011743
19,22,22,3,14.55,16.372232590578477
19,22,22,4,20.05,28.02156124731172
19,22,22,5,19.25,37.17791506285758
19,22,22,6,21.210526315789473,18.509994139408462
19,22,22,7,23.57894736842105,22.358979775655847
19,22,22,8,16.555555555555557,25.973339775334384
19,22,22,9,37.5,36.6818595974824
12,43,108,6,15.95,17.379585725787596
17,13,65,8,14.85,13.635383537346
19,22,22,0,22.0,16.852299546352715
19,22,22,1,17.0,15.16228006739439
19,22,22,2,24.55,28.316770184542772
19,22,22,3,21.8,18.65645083864391
19,22,22,4,31.05,38.38924602706226
19,22,22,5,15.05,17.804419912511964
19,22,22,6,16.3,14.718767110840428
19,22,22,7,22.95,21.002443466867074
19,22,22,8,26.3,27.493731342942425
19,22,22,9,25.55,30.41896049990428
18,28,65,9,10.25,14.997806857214684
19,22,22,0,32.95,43.513428054482574
19,22,22,1,30.6,28.46308782302181
19,22,22,2,29.65,34.79454736472066
19,22,22,3,27.25,49.4441471178392
19,22,22,4,18.05,14.511247906002907
19,22,22,5,22.65,23.522162002315135
19,22,22,6,17.1,23.823694529871553
19,22,22,7,19.0,21.992821795447618
19,22,22,8,24.5,25.18249182938103
19,22,22,9,26.57894736842105,35.68428815392892
12,43,108,6,38.1,36.945051659258276
18,28,65,9,10.0,12.45623918913097
19,11,22,0,24.95,28.428071745334663
19,11,22,1,21.8,36.73747548843221
19,11,22,2,15.65,14.600919221242993
19,11,22,3,13.95,12.642763688537825
19,11,22,4,28.9,28.955319482191683
19,11,22,5,14.25,10.150836107642096
19,11,22,6,17.45,18.827401643125878
19,11,22,7,23.65,27.218946574611937
19,11,22,8,16.263157894736842,21.88566782486545
19,11,22,9,23.42105263157895,17.118267661165316
12,43,108,6,26.85,26.04707277219458
19,11,22,0,39.5,57.36081552675778
19,11,22,1,19.65,25.2779808487441
19,11,22,2,25.8,37.77857928286318
19,11,22,3,21.1,26.828696341201915
19,11,22,4,11.05,9.190813491284597
19,11,22,5,18.57894736842105,21.151085576221178
19,11,22,6,38.578947368421055,110.42107074964034
19,11,22,7,46.833333333333336,110.21009348459128
19,11,22,8,20.529411764705884,20.4392931845099
19,11,22,9,16.3125,10.731379221703053
18,28,65,9,7.65,12.457401097550932
19,11,22,0,26.75,18.427310966977362
19,11,22,1,16.55,15.886024973972699
19,11,22,2,21.45,18.675835780635445
19,11,22,3,23.4,24.75224604375381
19,11,22,4,25.35,35.4033525025675
19,11,22,5,12.2,10.86084226645623
19,11,22,6,23.85,23.077158905677592
19,11,22,7,17.2,19.294395150160224
19,11,22,8,21.842105263157894,30.428902850003823
19,11,22,9,19.63157894736842,15.133518817937404
18,28,65,9,6.85,7.23496626406131
12,45,108,6,34.6,49.70375396179585
19,11,22,0,25.4,32.10902480120208
19,11,22,1,17.0,21.58459489640946
19,11,22,2,16.0,16.568835679958738
19,11,22,3,15.75,20.44730068403059
19,11,22,4,14.05,15.191670155228593
19,11,22,5,23.35,23.795786889367843
19,11,22,6,16.35,15.805645227343032
19,11,22,7,18.55,18.991618650008967
19,11,22,8,35.35,103.68133111150064
19,11,22,9,21.789473684210527,23.820110428348425
18,28,65,9,13.25,19.254186147706328
19,11,22,0,32.8,29.432527655818593
19,11,22,1,17.8,14.36223117104464
19,11,22,2,33.5,25.79983680078943
19,11,22,3,25.4,28.464936879939632
19,11,22,4,19.6,17.018256450987536
19,11,22,5,25.35,32.66299209551352
19,11,22,6,15.65,17.036416104457256
19,11,22,7,25.15,31.65317810600582
19,11,22,8,24.263157894736842,28.809416102037726
19,11,22,9,26.789473684210527,29.965867522470777
12,45,108,6,27.95,46.72481026967196
18,30,65,9,7.7,6.489667901648297
19,3,22,0,26.4,42.52355384465117
19,3,22,1,36.1,109.28278142410849
19,3,22,2,31.842105263157894,33.9153573177153
19,3,22,3,18.63157894736842,11.161493957729004
19,3,22,4,30.31578947368421,40.4873816166894
19,3,22,5,15.578947368421053,10.971254306260137
19,3,22,6,14.578947368421053,10.521490121934484
19,3,22,7,18.842105263157894,23.041660718250554
19,3,22,8,17.68421052631579,17.527922585846806
19,3,22,9,32.73684210526316,29.739315738341986
12,45,108,6,18.6,21.629414669550545
18,30,65,9,5.75,7.129442290138903
19,3,22,0,44.65,108.81431552492482
19,3,22,1,18.789473684210527,21.912905754292176
19,3,22,2,19.94736842105263,36.33558660323471
19,3,22,3,14.105263157894736,10.240956643910575
19,3,22,4,27.0,36.9729630946723
19,3,22,5,24.68421052631579,46.256594282544
19,3,22,6,14.157894736842104,14.213699017711113
19,3,22,7,17.63157894736842,14.810696308620969
19,3,22,8,28.210526315789473,27.80203619115458
19,3,22,9,35.166666666666664,32.71130403644443
19,3,22,0,19.6,28.63086299414451
19,3,22,1,24.95,31.661823267644884
19,3,22,2,15.4,14.387128750525955
19,3,22,3,17.95,26.656637368383016
19,3,22,4,17.15,22.74868417247352
19,3,22,5,19.85,17.80087224356096
19,3,22,6,18.6,17.688533306250008
19,3,22,7,14.25,18.08423273695101
19,3,22,8,14.35,17.47261014454217
19,3,22,9,40.8,41.431744757905264
18,30,65,9,27.75,66.63164650366578
12,45,108,6,20.35,29.006850370577165
19,3,22,0,45.35,114.88725594663391
19,3,22,1,40.78947368421053,112.48830998393093
19,3,22,2,18.055555555555557,23.907843217661046
19,3,22,3,17.22222222222222,25.461748832214397
19,3,22,4,21.333333333333332,24.621845871454216
19,3,22,5,8.222222222222221,7.788041780270688
19,3,22,6,13.11111111111111,14.393171946892403
19,3,22,7,11.722222222222221,13.023984912711468
19,3,22,8,17.0,32.852612036899885
19,3,22,9,39.588235294117645,42.26709539276595
18,30,65,9,7.35,8.151686941977102
12,45,108,6,25.0,31.291498761434262
19,3,22,0,46.75,109.43340921597745
19,3,22,1,17.263157894736842,18.42354202059949
19,3,22,2,11.31578947368421,14.169813891896894
19,3,22,3,17.36842105263158,25.17099416726366
19,3,22,4,40.1578947368421,110.9280363107816
19,3,22,5,21.833333333333332,24.039795438103926
19,3,22,6,27.11111111111111,52.82700834286867
19,3,22,7,13.777777777777779,15.039381853518703
19,3,22,8,44.22222222222222,114.12354273565094
19,3,22,9,27.823529411764707,27.441381374936395
18,30,65,9,11.45,14.76651617681029
19,23,22,0,19.55,23.378971658083547
19,23,22,1,42.65,109.34892245516305
19,23,22,2,22.0,40.77580982232807
19,23,22,3,13.210526315789474,11.27720881231217
19,23,22,4,23.210526315789473,23.5527279556328
19,23,22,5,25.157894736842106,28.433671662494213
19,23,22,6,13.947368421052632,16.906519729285655
19,23,22,7,17.894736842105264,21.325245177285655
19,23,22,8,23.0,29.28594657283023
19,23,22,9,15.894736842105264,16.845357873056454
12,31,108,6,15.75,18.01132684553923
19,23,22,0,17.9,17.516608659993757
19,23,22,1,21.45,22.905928903831175
19,23,22,2,13.8,16.35333540741363
19,23,22,3,17.45,14.125285278907691
19,23,22,4,22.4,28.753764055657495
19,23,22,5,15.6,17.81897273901288
19,23,22,6,15.7,22.012197575554858
19,23,22,7,18.95,18.16727827716634
19,23,22,8,14.25,20.62159062730128
19,23,22,9,21.6,22.20336626919915
18,40,65,9,12.15,20.321818712641683
19,23,22,0,42.45,110.6143014452043
19,23,22,1,15.947368421052632,15.178470440471948
19,23,22,2,16.157894736842106,13.901491358422811
19,23,22,3,16.0,16.271993663278565
19,23,22,4,19.210526315789473,23.698520693092547
19,23,22,5,16.263157894736842,22.11043520669007
19,23,22,6,16.526315789473685,14.874917071860834
19,23,22,7,18.0,17.73571412589737
19,23,22,8,18.63157894736842,19.465669284711343
19,23,22,9,15.368421052631579,20.218832053079705
18,40,65,9,8.75,9.546975271891368
12,31,108,6,21.3,29.558327707130275
19,23,22,0,12.85,14.24328096442596
19,23,22,1,13.4,12.279207929195637
19,23,22,2,21.75,22.114236900336635
19,23,22,3,19.05,28.45397946453925
19,23,22,4,17.7,19.17811252443785
19,23,22,5,19.9,20.32861607633307
19,23,22,6,17.4,23.25918041729353
19,23,22,7,10.25,10.842775911808017
19,23,22,8,13.55,11.109384368750213
19,23,22,9,18.5,15.622183956763129
19,23,22,0,12.6,17.336909212793138
19,23,22,1,16.15,17.571732682740315
19,23,22,2,16.2,29.642785578317454
19,23,22,3,10.9,11.308590121067956
19,23,22,4,31.15,72.03016546449206
19,23,22,5,20.35,24.83476976888822
19,23,22,6,20.263157894736842,23.58163622930907
19,23,22,7,41.8421052631579,105.16403227439754
19,23,22,8,12.5,13.587407665144354
19,23,22,9,14.333333333333334,18.323883482557758
18,40,65,9,12.05,14.95070848523662
12,31,108,6,16.1,15.811055426005264
19,17,22,0,23.95,32.132087585956484
19,17,22,1,20.65,27.681030936079864
19,17,22,2,27.0,37.78888725538236
19,17,22,3,18.95,30.84336489254596
19,17,22,4,27.3,32.18221149706939
19,17,22,5,19.9,26.303691956193447
19,17,22,6,23.5,36.42656636085955
19,17,22,7,28.25,37.35445439513064
19,17,22,8,11.7,12.273634557992912
19,17,22,9,37.89473684210526,34.41881710286154
18,40,65,9,12.3,12.100891659186459
19,17,22,0,22.35,24.08597539080192
19,17,22,1,14.1,9.973121772781923
19,17,22,2,13.95,12.525657877459288
19,17,22,3,39.7,108.87322419846132
19,17,22,4,15.736842105263158,23.076785124793844
19,17,22,5,19.63157894736842,25.064828226722152
19,17,22,6,31.526315789473685,44.53384283771992
19,17,22,7,18.0,25.632011235952593
19,17,22,8,15.210526315789474,14.815828425364023
19,17,22,9,16.473684210526315,17.13465760463483
12,31,108,6,21.65,26.547425288974523
18,40,65,9,7.1,6.608606828260123
19,17,22,0,14.5,21.541880873752582
19,17,22,1,30.05,38.73183784895696
19,17,22,2,27.65,32.90700613291308
19,17,22,3,25.2,33.986994416595365
19,17,22,4,17.45,19.035907897278875
19,17,22,5,14.05,18.38899842726337
19,17,22,6,20.45,21.352862497616226
19,17,22,7,15.15,19.6984503798756
19,17,22,8,28.35,28.937818999037447
19,17,22,9,30.842105263157894,28.36912084545201
19,17,22,0,24.35,36.79570198012978
19,17,22,1,18.05,19.20108275455758
19,17,22,2,12.9,13.24227679580978
19,17,22,3,11.1,11.871682362043854
19,17,22,4,18.5,18.972278946427405
19,17,22,5,14.7,17.903542724982202
19,17,22,6,22.55,37.44958013959007
19,17,22,7,21.35,27.67152250771064
19,17,22,8,13.95,19.538019616284444
19,17,22,9,18.894736842105264,15.212913874008873
12,31,108,6,12.75,10.949044659118366
18,41,65,9,21.95,60.22193602789076
19,17,22,0,28.65,24.734963534491648
19,17,22,1,20.6,18.855126344675714
19,17,22,2,13.8,9.259987495728742
19,17,22,3,15.8,22.392667972963125
19,17,22,4,33.2,45.59039603388322
19,17,22,5,24.0,32.71085446759225
19,17,22,6,29.2,38.651751509302166
19,17,22,7,11.4,9.098293651472293
19,17,22,8,31.31578947368421,43.20757730817716
19,17,22,9,26.842105263157894,23.34824085187561
18,41,65,9,7.5,7.756152057356928
12,28,108,6,18.7,24.864051412261418
19,12,22,0,23.25,34.009093211266766
19,12,22,1,14.8,15.073853277499383
19,12,22,2,27.55,33.923249285781324
19,12,22,3,14.65,14.019816801866376
19,12,22,4,25.05,29.44481904208366
19,12,22,5,20.25,40.87706215625477
19,12,22,6,19.35,26.70161635162699
19,12,22,7,18.85,21.12188936923768
19,12,22,8,10.05,9.355409355582806
19,12,22,9,18.85,15.872103962944745
18,41,65,9,19.65,60.46771648443577
19,12,22,0,16.9,18.848146635118994
19,12,22,1,24.6,32.58091142791564
19,12,22,2,44.25,111.25119750981749
19,12,22,3,11.052631578947368,10.895838574685934
19,12,22,4,39.21052631578947,108.42384882557917
19,12,22,5,42.388888888888886,111.22586394565572
19,12,22,6,18.823529411764707,16.882814094951883
19,12,22,7,22.058823529411764,19.17834256471116
19,12,22,8,16.529411764705884,15.544764581117107
19,12,22,9,17.529411764705884,13.98265732549979
12,28,108,6,25.75,20.333728785340615
19,12,22,0,22.4,23.625142717474798
19,12,22,1,21.35,31.258304159812774
19,12,22,2,14.65,22.783361888610038
19,12,22,3,16.2,16.285608758397057
19,12,22,4,12.5,13.983072473153877
19,12,22,5,14.05,17.452114937435912
19,12,22,6,15.0,13.9397198491822
19,12,22,7,17.3,21.85382057408293
19,12,22,8,25.7,61.48435830184352
19,12,22,9,17.5,18.82187976517587
18,41,65,9,10.05,8.049027401199675
19,12,22,0,22.85,19.72515092331028
19,12,22,1,66.35,150.44714931444233
19,12,22,2,14.333333333333334,11.545307169887634
19,12,22,3,25.88888888888889,30.236107921196176
19,12,22,4,16.333333333333332,13.199821745676987
19,12,22,5,20.77777777777778,23.09202957873906
19,12,22,6,29.11111111111111,39.29359907293521
19,12,22,7,25.666666666666668,44.16146843253343
19,12,22,8,13.529411764705882,17.64269553901424
19,12,22,9,21.75,23.115651263447745
12,28,108,6,19.1,19.525691577481897
18,41,65,9,21.75,59.970058318604636
19,12,22,0,20.1,19.172073989337502
19,12,22,1,17.45,30.66538422184995
19,12,22,2,42.05,108.38502275635106
19,12,22,3,19.68421052631579,22.536520069480673
19,12,22,4,13.421052631578947,15.64294583465547
19,12,22,5,17.57894736842105,24.998479485924477
19,12,22,6,13.736842105263158,10.310954828418376
19,12,22,7,29.94736842105263,31.525075881855145
19,12,22,8,46.73684210526316,110.78700390351807
19,12,22,9,30.833333333333332,32.28959038233256
18,37,65,9,7.75,6.4959501553700845
12,28,108,6,15.75,19.26238494278968
19,19,22,0,30.35,22.252794029183462
19,19,22,1,21.25,19.1939546403768
19,19,22,2,25.75,31.91415294026675
19,19,22,3,27.4,41.809593459673316
19,19,22,4,18.25,13.408069055217222
19,19,22,5,17.7,23.158720080986203
19,19,22,6,10.947368421052632,8.585994307336456
19,19,22,7,16.42105263157895,14.446513571999471
19,19,22,8,17.157894736842106,14.182395808790313
19,19,22,9,25.0,19.91649232838621
18,37,65,9,8.35,10.256063674980922
19,19,22,0,35.55,51.08040617239492
19,19,22,1,18.1,20.27157719826613
19,19,22,2,34.95,70.08451664728959
19,19,22,3,18.45,19.04696411781319
19,19,22,4,28.05,32.872120646369524
19,19,22,5,26.45,28.97090191717781
19,19,22,6,41.0,103.05661874264393
19,19,22,7,13.777777777777779,13.366136119733401
19,19,22,8,15.88888888888889,19.393415768332268
19,19,22,9,23.333333333333332,22.865334666515704
12,28,108,6,16.2,15.415644821516807
19,19,22,0,15.7,16.75865840629695
19,19,22,1,35.65,109.2097330345317
19,19,22,2,11.526315789473685,14.092426733109885
19,19,22,3,17.57894736842105,17.991713492215375
19,19,22,4,15.157894736842104,15.90689283820325
19,19,22,5,13.263157894736842,21.24942379679756
19,19,22,6,22.473684210526315,38.74326955320775
19,19,22,7,15.894736842105264,14.988494612876702
19,19,22,8,12.473684210526315,17.79628057598501
19,19,22,9,24.842105263157894,26.46646338690771
18,37,65,9,7.95,6.320184874044846
19,19,22,0,26.65,35.10176933612201
19,19,22,1,32.1,39.34717270656178
19,19,22,2,25.25,33.29276039526975
19,19,22,3,22.45,34.37483014312101
19,19,22,4,24.9,29.427699089195034
19,19,22,5,20.31578947368421,28.74804849720518
19,19,22,6,17.473684210526315,23.8149542679306
19,19,22,7,11.11111111111111,11.034112288123955
19,19,22,8,13.5,14.520776190564696
19,19,22,9,16.555555555555557,13.7294112046418
12,32,108,6,21.0,34.52535300326414
18,37,65,9,12.85,15.346094994458603
19,19,22,0,29.45,30.715117142095217
19,19,22,1,7.95,7.3447080841994845
19,19,22,2,37.8,108.78109355852914
19,19,22,3,21.473684210526315,19.738198783781417
19,19,22,4,19.736842105263158,21.76858619729907
19,19,22,5,14.631578947368421,10.584110345837551
19,19,22,6,19.157894736842106,18.845167838923402
19,19,22,7,17.05263157894737,18.48865623447862
19,19,22,8,12.263157894736842,14.56724676672202
19,19,22,9,23.68421052631579,19.70068422832891
18,37,65,9,10.85,9.740177238201518
19,13,22,0,22.9,27.744890473173992
19,13,22,1,21.5,20.44890937768668
19,13,22,2,21.8,24.353968659618587
19,13,22,3,22.2,25.84284488168722
19,13,22,4,13.35,10.839863079345024
19,13,22,5,24.8,27.71205323928276
19,13,22,6,23.6,32.88800773278276
19,13,22,7,12.0,14.54937148217461
19,13,22,8,18.3,37.5865317423815
19,13,22,9,21.1,20.48079973767472
12,32,108,6,20.45,25.744646863091038
19,13,22,0,17.05,14.273549331764535
19,13,22,1,17.25,15.262182364469236
19,13,22,2,37.2,108.91696499241014
19,13,22,3,14.526315789473685,15.053122308281102
19,13,22,4,9.368421052631579,13.073342369178373
19,13,22,5,13.421052631578947,17.939143388051615
19,13,22,6,12.052631578947368,13.053197497635615
19,13,22,7,42.94736842105263,110.78029993550824
19,13,22,8,20.555555555555557,17.311071677235326
19,13,22,9,23.77777777777778,13.884208361662736
18,38,65,9,9.85,7.889199812668616
12,32,108,6,23.75,31.87289724746353
19,13,22,0,35.65,109.71171553811284
19,13,22,1,14.526315789473685,12.628752120338692
19,13,22,2,21.05263157894737,22.87034393224001
19,13,22,3,7.684210526315789,7.394086462835219
19,13,22,4,13.736842105263158,18.990764144894687
19,13,22,5,18.736842105263158,23.67568397524993
19,13,22,6,19.94736842105263,27.506511722399534
19,13,22,7,15.736842105263158,20.441901697964397
19,13,22,8,18.94736842105263,19.93454200407626
19,13,22,9,30.57894736842105,36.02825401985639
18,38,65,9,14.0,15.522479454682896
19,13,22,0,10.7,12.066046315351624
19,13,22,1,18.95,20.36114721201813
19,13,22,2,20.05,26.77090919164623
19,13,22,3,23.05,31.40478508628565
19,13,22,4,16.2,25.56436664784135
19,13,22,5,11.95,14.434880999637102
19,13,22,6,16.35,14.935915738493184
19,13,22,7,14.25,23.19681239444674
19,13,22,8,13.263157894736842,15.194451126290803
19,13,22,9,14.263157894736842,10.597914392638026
12,32,108,6,15.65,12.123378893257183
19,13,22,0,18.65,16.187308218737947
19,13,22,1,22.75,45.51792590779339
19,13,22,2,27.9,30.650663253749286
19,13,22,3,21.9,24.150623834156903
19,13,22,4,15.9,13.653224026426487
19,13,22,5,22.55,26.500198608987624
19,13,22,6,31.7,37.7011796548652
19,13,22,7,20.157894736842106,19.23325579965521
19,13,22,8,21.31578947368421,26.15138116509538
19,13,22,9,31.63157894736842,27.02100114584907
18,38,65,9,20.55,60.27173117596149
19,10,22,0,21.3,23.229065277884313
19,10,22,1,22.75,22.53155681775183
19,10,22,2,13.05,16.487555115426016
19,10,22,3,21.5,26.765059705755032
19,10,22,4,44.4,107.6502132884679
19,10,22,5,45.21052631578947,103.79979605383969
19,10,22,6,15.5,15.193845503244747
19,10,22,7,19.055555555555557,24.118511860790356
19,10,22,8,22.666666666666668,27.600085251360237
19,10,22,9,20.5,25.50259502366723
18,38,65,9,9.5,13.244661287914422
12,32,108,6,19.0,21.118712081942874
19,10,22,0,10.3,9.723005816375057
19,10,22,1,17.8,27.068334578287327
19,10,22,2,31.2,78.96808149332769
19,10,22,3,40.8,105.33185652973177
19,10,22,4,54.666666666666664,115.05906411619259
19,10,22,5,20.529411764705884,22.580737496422763
19,10,22,6,17.0,20.73041244162788
19,10,22,7,19.352941176470587,22.343738430683963
19,10,22,8,22.58823529411765,19.780226311677442
19,10,22,9,16.705882352941178,15.135903945100011
18,38,65,9,26.95,60.527918743076086
19,10,22,0,21.6,26.81005310267813
19,10,22,1,15.95,21.48065224923656
19,10,22,2,12.65,18.018338611420017
19,10,22,3,18.35,21.359762959457452
19,10,22,4,14.55,16.583044606496504
19,10,22,5,15.65,17.421326917859826
19,10,22,6,25.2,29.89912866183297
19,10,22,7,21.1,21.944667257733293
19,10,22,8,16.75,16.202257802378558
19,10,22,9,19.6,18.3199632268075
12,25,108,6,23.15,22.537162292767167
18,36,65,9,25.75,60.43428357794065
19,10,22,0,29.2,38.670810425272556
19,10,22,1,41.95,60.5835438834151
19,10,22,2,31.0,46.876096478403916
19,10,22,3,25.3,30.222159872656704
19,10,22,4,21.05,28.894499567619402
19,10,22,5,28.7,33.280466848952265
19,10,22,6,31.157894736842106,25.084885130059977
19,10,22,7,18.42105263157895,18.771478925557027
19,10,22,8,21.055555555555557,29.402825438907225
19,10,22,9,25.0,22.69801753457777
12,25,108,6,15.25,21.37601952016127
19,10,22,0,26.2,33.61328058340851
19,10,22,1,38.05,108.43988147695865
19,10,22,2,14.421052631578947,20.293172879002338
19,10,22,3,23.31578947368421,26.14075709092125
19,10,22,4,19.526315789473685,28.756387543664168
19,10,22,5,26.05263157894737,24.516374764204993
19,10,22,6,19.68421052631579,28.825244783732632
19,10,22,7,17.31578947368421,28.480115151879698
19,10,22,8,18.42105263157895,15.210799487621667
19,10,22,9,22.473684210526315,17.48767318571263
18,36,65,9,36.75,81.8830198964866
19,10,22,0,22.5,19.890489660824553
19,10,22,1,20.6,18.779608201731108
19,10,22,2,19.45,24.613806566319862
19,10,22,3,13.1,14.070873238154428
19,10,22,4,17.7,18.11396669627291
19,10,22,5,16.95,22.488535090714908
19,10,22,6,10.65,11.065712810298304
19,10,22,7,18.3,16.4927416252056
19,10,22,8,22.05,16.21719360496916
19,10,22,9,21.7,19.062501078515933
12,25,108,6,14.25,13.408069055217222
18,36,65,9,21.6,37.403067704189866
19,10,22,0,32.1,36.23011251199172
19,10,22,1,33.65,64.10376046117075
19,10,22,2,26.5,35.33523662533507
19,10,22,3,18.15,21.909562920524476
19,10,22,4,35.36842105263158,110.74656278905745
19,10,22,5,15.61111111111111,14.254571563449963
19,10,22,6,28.333333333333332,37.91631652499395
19,10,22,7,11.444444444444445,12.939780079148644
19,10,22,8,17.61111111111111,19.635318984778092
19,10,22,9,18.11111111111111,16.520535844068842
18,36,65,9,12.25,16.96707337602359
19,10,22,0,22.65,19.02429195030728
19,10,22,1,44.05,109.13992708541878
19,10,22,2,21.36842105263158,18.532885265314462
19,10,22,3,20.57894736842105,19.950816718102
19,10,22,4,38.1578947368421,111.01314394545797
19,10,22,5,23.944444444444443,24.380494185557975
19,10,22,6,18.166666666666668,19.545572689606868
19,10,22,7,13.11111111111111,17.289537430919413
19,10,22,8,13.5,16.82172964457859
19,10,22,9,22.72222222222222,15.475998705987037
12,25,108,6,20.2,27.700655511909346
19,10,22,0,27.4,33.46231187155893
19,10,22,1,26.2,35.95845556076887
19,10,22,2,22.4,26.827715441115625
19,10,22,3,25.45,45.69403393050459
19,10,22,4,33.25,58.60920980259169
19,10,22,5,21.210526315789473,27.67786710506032
19,10,22,6,39.333333333333336,112.02888283043481
19,10,22,7,17.125,14.64638749544292
19,10,22,8,11.125,12.148388096094616
19,10,22,9,16.375,19.1933148083736
18,36,65,9,14.35,32.11045902735381
12,25,108,6,31.55,41.08972851545364
19,10,22,0,26.55,30.512249481495992
19,10,22,1,24.8,31.675326609041832
19,10,22,2,17.05,17.32498955722325
19,10,22,3,26.4,32.67769237488119
19,10,22,4,14.5,18.8470296417178
19,10,22,5,22.95,30.460457542266344
19,10,22,6,16.1,21.785799334235566
19,10,22,7,17.3,20.047574994444957
19,10,22,8,21.1,27.567906588716713
19,10,22,9,19.35,18.160903640860813
18,36,65,9,11.6,13.884485851785117
19,8,22,0,26.0,30.611315417324803
19,8,22,1,17.75,18.75289451342323
19,8,22,2,22.05,22.72368344863315
19,8,22,3,14.9,13.086352875379275
19,8,22,4,17.05,18.974983530954642
19,8,22,5,16.55,17.279360977463075
19,8,22,6,9.5,5.862458618415279
19,8,22,7,41.5,106.57811565627392
19,8,22,8,20.263157894736842,29.302715280448286
19,8,22,9,26.63157894736842,29.14372531345639
13,5,108,6,35.0,33.50569472414157
18,36,65,9,10.25,9.759610647971568
19,8,22,0,23.75,24.21151313778328
19,8,22,1,17.6,19.03570053181238
19,8,22,2,17.8,14.504445779429874
19,8,22,3,14.95,14.98938220699467
19,8,22,4,14.65,18.10866323643262
19,8,22,5,18.75,33.9238698760684
19,8,22,6,11.6,17.42774557392532
19,8,22,7,21.5,30.972823401712734
19,8,22,8,22.05,23.69649096829584
19,8,22,9,20.3,17.80922292107748
19,8,22,0,20.75,16.1045106463343
19,8,22,1,18.55,22.98162881864327
19,8,22,2,22.2,25.20568022866024
19,8,22,3,16.75,12.940654014221597
19,8,22,4,20.25,18.859243161685438
19,8,22,5,37.85,105.4001273343883
19,8,22,6,21.263157894736842,19.538685572937823
19,8,22,7,15.736842105263158,17.165346568217537
19,8,22,8,41.26315789473684,108.61289165618477
19,8,22,9,20.166666666666668,18.737348673014484
18,36,65,9,9.5,14.310467276934409
13,5,108,6,45.5,49.10729391637737
19,8,22,0,24.1,39.70668775699604
19,8,22,1,17.8,38.52763874633924
19,8,22,2,41.65,73.1489288333991
19,8,22,3,15.631578947368421,18.91269569573656
19,8,22,4,30.42105263157895,39.21920701429861
19,8,22,5,15.0,17.432409153323842
19,8,22,6,15.055555555555555,11.987602528407628
19,8,22,7,13.61111111111111,15.643600040343086
19,8,22,8,19.333333333333332,15.92999390716622
19,8,22,9,25.055555555555557,24.123389241496145
18,36,65,9,11.3,16.11831256676703
19,8,22,0,28.75,45.50520502327757
19,8,22,1,19.85,19.526702365303723
19,8,22,2,16.6,21.468213957530697
19,8,22,3,19.55,28.28887637068304
19,8,22,4,14.4,12.889816461883878
19,8,22,5,12.15,17.901117283566407
19,8,22,6,14.8,18.964232261369244
19,8,22,7,10.052631578947368,7.6845710081270875
19,8,22,8,13.473684210526315,19.076944843485904
19,8,22,9,54.89473684210526,89.271057109384
13,5,108,6,23.1,21.043563836654865
18,36,65,9,25.2,59.62920513693904
18,45,65,9,9.2,13.625054321475488
13,5,108,6,43.7,28.06777511667072
18,45,65,9,13.4,18.27681879494235
13,5,108,6,29.6,27.96877958687056
18,45,65,9,26.4,61.017167558336446
13,17,108,6,22.3,20.068566675800554
18,45,65,9,6.85,8.886861976506312
18,45,65,9,5.1,6.356927427286666
13,17,108,6,21.95,23.358701748351105
18,24,65,9,14.25,15.508486641021323
13,17,108,6,17.55,25.222118530327595
18,24,65,9,7.4,6.816388918975856
13,17,108,6,23.2,24.502631437631777
18,24,65,9,7.55,7.444354978950935
18,24,65,9,16.15,20.2491715230135
13,17,108,6,33.05,40.7204526394034
18,24,65,9,10.85,8.969392398596462
13,10,108,6,23.15,29.20575826424429
18,44,65,9,12.15,15.390615732698251
13,10,108,6,20.3,22.257110040803163
18,44,65,9,9.7,8.079213093521318
18,44,65,9,10.9,13.04203729645431
13,10,108,6,26.65,23.03150016824783
18,44,65,9,10.6,12.045527669724779
13,10,108,6,27.55,23.939562059046683
18,44,65,9,9.15,8.305198118616659
13,10,108,6,27.55,28.766711390260205
18,42,65,9,10.9,8.607829972885458
18,42,65,9,13.6,13.857925720076503
13,13,108,6,35.05,42.29902947748142
18,42,65,9,7.4,7.63234115975874
13,13,108,6,39.35,46.23996334910221
18,42,65,9,9.75,13.599051824532319
18,42,65,9,8.65,11.165147841197154
13,13,108,6,35.7,52.471646478936854
18,24,65,9,21.6,36.590766738704936
13,13,108,6,25.05,24.835193619242496
18,24,65,9,9.85,7.198501306010271
13,13,108,6,33.9,48.096285008085054
18,24,65,9,16.35,14.705083260023061
18,24,65,9,22.55,60.20445428528918
13,18,108,6,26.2,22.851004814944822
18,24,65,9,21.45,60.201831586055505
13,18,108,6,33.2,27.339194921346323
18,32,65,9,17.45,27.26570045043097
13,18,108,6,24.2,31.492020710349035
18,32,65,9,11.25,15.172256536885097
18,32,65,9,9.65,11.310335282851977
13,18,108,6,22.15,22.785671859861036
18,32,65,9,11.1,13.345214005107046
13,18,108,6,21.25,17.86167611631704
18,32,65,9,8.85,10.609206528194969
13,16,108,6,42.45,41.48236784593261
18,47,65,9,12.9,20.514179948205786
18,47,65,9,7.9,11.144505372604028
13,16,108,6,30.6,35.531157564801305
18,47,65,9,11.05,15.645665281644728
13,16,108,6,36.5,30.775075355844294
18,47,65,9,7.75,11.73333084130755
13,16,108,6,19.5,15.939028564468645
18,47,65,9,6.65,5.668704483946556
18,37,65,9,21.55,60.3903747994749
13,16,108,6,31.75,32.029386178123495
18,37,65,9,8.6,7.721466999966972
13,18,108,6,29.65,34.604950969174155
18,37,65,9,7.35,8.701330811705576
18,37,65,9,6.6,6.769902432632867
13,18,108,6,35.0,33.728014281431115
18,37,65,9,9.3,9.803866047314408
13,18,108,6,18.4,16.00131573537495
18,31,65,9,11.2,13.069047402163633
13,18,108,6,23.95,27.91240999231251
18,31,65,9,14.0,24.000000000000004
18,31,65,9,8.5,8.91775284415719
13,18,108,6,25.1,23.140076877459524
18,31,65,9,7.15,9.3823742927055
13,22,108,6,41.05,39.36398968868027
18,31,65,9,10.15,9.280851821159295
13,22,108,6,28.1,35.77546939631004
18,24,65,9,8.95,9.276313923105448
18,24,65,9,11.2,9.987360433120086
13,22,108,6,29.6,26.5516378719696
18,24,65,9,14.6,35.77620497069614
13,22,108,6,33.85,27.2498672135828
18,24,65,9,23.05,59.87748456552544
18,24,65,9,9.4,14.40540834109482
13,22,108,6,43.2,34.62673138365488
18,32,65,9,11.0,13.886760070770933
13,14,108,6,27.05,21.347932230694283
18,32,65,9,10.1,12.652854889000555
13,14,108,6,21.7,20.261708765680726
18,32,65,9,8.55,6.731504875935013
18,32,65,9,11.05,20.04068230795601
13,14,108,6,16.4,12.504315044689259
18,32,65,9,21.45,60.17209967208531
13,14,108,6,23.9,29.255498808366195
18,28,65,9,10.95,11.988920323628637
13,14,108,6,30.7,26.624286498964572
18,28,65,9,6.1,6.797058187186571
18,28,65,9,7.5,7.735767916836563
13,23,108,6,41.5,50.83150701349664
18,28,65,9,12.65,13.677776827663493
13,23,108,6,10.9,9.602083107326244
18,28,65,9,10.45,8.94118207185746
13,23,108,6,29.05,36.65698037927178
19,13,65,9,11.2,10.247464384704612
19,13,65,9,28.7,59.85077935560809
13,23,108,6,33.7,49.809214958046084
19,13,65,9,11.7,10.1830612706644
13,23,108,6,26.65,44.62035763852048
19,13,65,9,8.3,10.785467805777998
13,14,108,6,25.55,23.466605611962045
19,13,65,9,5.55,4.925497570376974
19,7,65,9,18.4,16.490507636372605
13,14,108,6,24.3,18.971169261748067
19,7,65,9,19.6,17.83078355275682
13,14,108,6,37.25,45.219784910682854
19,7,65,9,21.2,17.662329821879165
13,14,108,6,34.3,44.663773145346184
19,7,65,9,27.1,33.39066998586975
19,7,65,9,14.6,14.173362710603147
13,14,108,6,41.05,42.67191236941647
19,22,65,9,17.2,15.247432915947385
13,19,108,6,31.4,44.69828679161275
19,22,65,9,14.0,13.852607582765968
13,19,108,6,40.35,49.51690301513742
19,22,65,9,23.0,23.3688952061901
19,22,65,9,16.35,21.786705265271056
13,19,108,6,17.85,17.22689146287525
19,22,65,9,11.25,11.120748744197892
13,19,108,6,27.15,46.559836995554775
19,15,65,9,14.5,10.505637584298801
13,19,108,6,24.4,21.651303595128425
19,15,65,9,9.15,6.937882279652473
19,15,65,9,13.9,13.62235005616254
13,19,108,6,26.75,20.50128365685786
19,15,65,9,13.9,12.191023444796542
13,19,108,6,37.0,34.132867321380246
19,15,65,9,20.65,40.10023625078063
13,19,108,6,32.95,36.68711949502311
19,21,65,9,26.0,19.2545278338697
19,21,65,9,18.75,13.266003245335918
13,19,108,6,32.5,36.27598886896197
19,21,65,9,17.9,19.174819013761937
13,19,108,6,26.85,24.383503914693943
19,21,65,9,28.9,34.71068393085
13,11,108,6,22.65,21.2337244173409
19,21,65,9,26.8,26.984595995727474
19,16,65,9,15.25,18.078411085281278
13,11,108,6,28.2,28.858274376684413
19,16,65,9,13.4,12.119579634884856
13,11,108,6,40.55,57.83140195976213
19,16,65,9,12.7,19.85234972172524
13,11,108,6,35.3,36.10671318248319
19,16,65,9,14.75,21.471829770287638
19,16,65,9,13.05,16.307812141489286
13,11,108,6,19.7,23.015098019389473
19,18,65,9,20.8,25.20568022866024
13,7,108,6,48.4,44.21645323679982
19,18,65,9,16.15,15.788986834599548
19,18,65,9,16.15,20.324408452581554
13,7,108,6,37.4,33.99442678780713
19,18,65,9,12.0,10.473022988913746
13,7,108,6,38.7,34.47516268424651
19,18,65,9,14.55,12.381969063712639
13,7,108,6,35.85,35.06726618792427
19,22,65,9,20.65,23.724903637983005
19,22,65,9,21.75,31.56592933428132
13,7,108,6,35.3,30.86319559127446
19,22,65,9,23.05,18.262630812961376
13,17,108,6,31.0,44.96899516684568
19,22,65,9,14.15,13.811798922431654
13,17,108,6,20.9,15.279501231870654
19,22,65,9,14.5,27.982137159266447
19,19,65,9,10.7,12.11393282221148
13,17,108,6,18.65,17.35170247979628
19,19,65,9,10.35,10.090511436623595
13,17,108,6,22.8,25.18479073191847
19,19,65,9,16.5,15.958828607586328
13,17,108,6,32.65,26.82747021049016
19,19,65,9,12.75,10.97784850937272
19,19,65,9,10.9,16.34786321140923
13,21,108,6,29.85,22.436518634160976
19,19,65,9,7.85,6.595652475604469
13,21,108,6,23.75,32.093408078689045
19,19,65,9,15.95,25.24923135880628
13,21,108,6,41.05,27.37935257394559
19,19,65,9,18.7,18.893329371416833
19,19,65,9,15.9,27.05335858126151
13,21,108,6,26.1,24.740548434545772
19,19,65,9,12.7,13.723203554180552
13,21,108,6,34.6,30.196549123159233
19,22,65,9,21.5,19.9116469487214
13,6,108,6,26.15,26.172052189109543
19,22,65,9,15.75,13.353000845463441
19,22,65,9,15.35,16.432557541917237
13,6,108,6,20.75,18.33855587495775
19,22,65,9,29.15,31.25325246232277
13,6,108,6,28.25,30.53880189288099
19,22,65,9,24.05,23.27066144763673
13,6,108,6,31.65,22.56283623455545
19,7,65,9,19.2,28.821775393651674
19,7,65,9,21.85,30.257274027561497
13,6,108,6,34.95,41.33110845738097
19,7,65,9,19.1,12.336936410632909
13,15,108,6,20.05,18.64763283975518
19,7,65,9,16.3,11.267559395753905
13,15,108,6,15.25,16.29618941574024
19,7,65,9,13.75,13.009611831257686
19,23,65,9,7.55,10.845687961970002
13,15,108,6,31.3,25.65787044533263
19,23,65,9,8.55,9.202259447949096
13,15,108,6,21.2,21.753644582726338
19,23,65,9,24.5,60.85573968518976
13,15,108,6,32.8,26.60550002497505
19,23,65,9,8.25,9.135673282018653
19,23,65,9,10.45,12.663561484577874
13,20,108,6,34.05,26.029285126766858
19,7,65,9,15.2,18.969782064613906
13,20,108,6,41.55,42.818435527849815
19,7,65,9,23.45,21.019977965835512
13,20,108,6,33.85,38.508064773909105
19,7,65,9,14.3,13.879557098955207
19,7,65,9,17.4,16.397689182513364
13,20,108,6,37.2,40.461287540977786
19,7,65,9,13.0,16.600570694058113
13,20,108,6,34.4,30.91141843192713
19,23,65,9,11.7,13.887139071059504
19,23,65,9,10.4,16.68721540265891
14,34,108,7,26.2,35.16816742453322
19,23,65,9,11.85,9.702278625473285
14,34,108,7,16.0,17.11262999258612
19,23,65,9,6.55,6.20250373894115
19,23,65,9,6.8,5.105208898246657
14,34,108,7,18.55,16.291667227531736
19,5,65,9,26.1,47.98673062201127
14,34,108,7,29.15,33.91518057867613
19,5,65,9,20.95,20.967330477874885
19,5,65,9,14.3,12.670313417799228
14,34,108,7,23.5,26.10001008267601
19,5,65,9,15.55,16.87250956281751
14,36,108,7,25.05,43.867593841851914
19,5,65,9,17.1,13.466918531603365
19,18,65,9,17.65,16.49330007513418
14,36,108,7,22.65,42.596361346950744
19,18,65,9,11.8,9.456827107828946
14,36,108,7,18.5,17.90765787383475
19,18,65,9,17.35,17.968612985747647
19,18,65,9,16.4,26.98030470742062
14,36,108,7,39.85,44.19963681679796
19,18,65,9,16.7,15.369484462127511
14,36,108,7,28.85,33.60180916181997
19,4,65,9,23.05,18.765800360173685
19,4,65,9,13.8,20.048887618440133
14,31,108,7,29.75,27.539206501583198
19,4,65,9,20.0,18.976439686039495
14,31,108,7,28.5,45.70097315559507
19,4,65,9,18.25,14.835501517075782
19,4,65,9,21.45,23.705373585794955
14,31,108,7,13.95,11.627892962047857
19,1,65,9,27.4,24.716071907289717
14,31,108,7,29.1,25.941026234620388
19,1,65,9,15.05,12.006467555359267
19,1,65,9,15.65,13.40963910970879
14,31,108,7,16.25,19.925849384259894
19,1,65,9,17.2,13.667479650615908
14,43,108,7,24.1,44.538451749140606
19,1,65,9,23.75,22.011659589743267
19,0,65,9,29.25,29.93831377313938
14,43,108,7,8.3,8.373517150736852
19,0,65,9,19.5,18.913932486536563
14,43,108,7,25.6,32.807893786966
19,0,65,9,20.7,16.105245958023154
19,0,65,9,11.9,10.004735720752711
14,43,108,7,18.7,21.039061415927232
19,0,65,9,15.3,15.536374975148515
14,43,108,7,19.95,36.206244009330184
14,37,108,7,16.25,32.201462863142034
14,37,108,7,25.6,36.814470839031415
14,37,108,7,28.8,35.516638058061865
14,37,108,7,14.4,13.49229799786374
14,37,108,7,14.45,17.765949098441688
14,28,108,7,24.1,32.70908452595877
14,28,108,7,21.25,35.313446074890656
14,28,108,7,20.25,32.792609886343214
14,28,108,7,30.9,37.513366039039305
14,28,108,7,18.7,32.90512678020026
14,40,108,7,28.85,30.795206393887106
14,40,108,7,16.7,17.941718511834218
14,40,108,7,20.45,20.327515704995584
14,40,108,7,11.7,8.754547690381148
14,40,108,7,13.7,11.169036145570155
14,46,108,7,30.6,25.438056860580083
14,46,108,7,20.0,12.756835113195717
14,46,108,7,20.65,22.347200460483915
14,46,108,7,23.4,22.12738241707724
14,46,108,7,21.25,36.080137413672276
14,33,108,7,27.2,39.52693951431632
14,33,108,7,12.95,17.798506738073932
14,33,108,7,17.8,26.60550002497505
14,33,108,7,13.85,11.721662357407018
14,33,108,7,18.6,25.043961347997644
14,35,108,7,30.2,36.572350787244496
14,35,108,7,29.95,35.6480973139558
14,35,108,7,14.95,14.49310180741169
14,35,108,7,14.35,19.101598169566312
14,35,108,7,21.5,32.17305181604467
14,32,108,7,18.95,29.95167159907686
14,32,108,7,15.3,14.882345598940908
14,32,108,7,24.7,35.71539547147995
14,32,108,7,14.9,12.985416921746445
14,32,108,7,14.45,20.57713345081456
14,33,108,7,24.55,34.903589017689704
14,33,108,7,18.0,27.728002186655246
14,33,108,7,14.55,15.1743377554274
14,33,108,7,14.45,13.156847326732471
14,33,108,7,16.95,22.654092229370878
14,38,108,7,17.6,29.21138927127388
14,38,108,7,36.7,44.37531319385398
14,38,108,7,13.85,13.42924930299923
14,38,108,7,14.45,20.28345190179994
14,38,108,7,11.55,9.13336854904211
14,42,108,7,22.15,28.2363614026871
14,42,108,7,31.25,28.622543562723425
14,42,108,7,25.1,30.98199816871591
14,42,108,7,25.0,27.243541001782226
14,42,108,7,25.55,32.78715249028272
14,43,108,7,17.55,33.514293886890144
14,43,108,7,35.05,51.04329947263041
14,43,108,7,23.5,22.338307903688676
14,43,108,7,19.35,19.743819819189792
14,43,108,7,15.75,27.27033282949768
14,38,108,7,15.7,15.532986970010834
14,38,108,7,18.15,28.12991477525586
14,38,108,7,43.1,52.54862409936955
14,38,108,7,18.1,23.007779004867942
14,38,108,7,7.2,6.864094220921229
14,44,108,7,20.0,23.147126683115783
14,44,108,7,22.25,21.9061995550887
14,44,108,7,16.05,17.0648145239508
14,44,108,7,24.05,19.315864763943324
14,44,108,7,23.7,32.8923283328787
14,33,108,7,21.15,19.23340022488292
14,33,108,7,23.05,26.90230864677446
14,33,108,7,14.4,16.85042557638421
14,33,108,7,31.15,38.76416549231764
14,33,108,7,20.35,27.23634375338642
14,44,108,7,16.3,12.570223797362937
14,44,108,7,17.65,18.7231210848484
14,44,108,7,24.55,34.606776032569414
14,44,108,7,15.05,17.881113235095736
14,44,108,7,18.85,22.240965049111278
14,36,108,7,16.4,17.86322302503401
14,36,108,7,16.35,15.536967800090613
14,36,108,7,23.75,22.018831653119587
14,36,108,7,20.7,26.07701145292132
14,36,108,7,23.4,32.73079991625464
15,14,108,7,37.45,39.52277824242623
15,14,108,7,35.25,32.17857247168975
15,14,108,7,23.45,26.69412511751366
15,14,108,7,31.75,38.85313101248964
15,14,108,7,36.25,31.30306021697189
15,21,108,7,25.0,21.425513566282316
15,21,108,7,27.15,25.161112434615614
15,21,108,7,36.45,37.764470910604516
15,21,108,7,43.05,33.36319276656458
15,21,108,7,31.3,32.624014403342116
15,21,108,7,25.2,25.34934858500728
15,21,108,7,35.1,33.588688572196446
15,21,108,7,25.7,24.42625851953504
15,21,108,7,29.6,39.83967871356394
15,21,108,7,34.3,40.63327648485582
15,10,108,7,17.2,12.693139464832338
15,10,108,7,32.8,42.1221282013448
15,10,108,7,28.45,22.213023680999207
15,10,108,7,27.45,32.07798884626423
15,10,108,7,15.4,15.809390946689348
15,17,108,7,36.5,28.216270035864802
15,17,108,7,36.2,41.47745107125583
15,17,108,7,27.6,26.711716333356122
15,17,108,7,29.4,24.04688403055471
15,17,108,7,30.4,42.571796940425735
15,11,108,7,21.45,35.15151415470493
15,11,108,7,28.0,30.492449453663287
15,11,108,7,32.4,32.823932218973844
15,11,108,7,19.8,17.834325271642232
15,11,108,7,17.8,17.20342683121134
15,10,108,7,25.15,24.705156078076193
15,10,108,7,22.0,18.817684851168455
15,10,108,7,22.8,17.458522274236156
15,10,108,7,34.0,29.243082852819096
15,10,108,7,26.75,27.239435421925748
15,13,108,7,28.9,37.088656231422455
15,13,108,7,27.2,23.909038150104614
15,13,108,7,23.35,24.879234630299095
15,13,108,7,21.65,20.142322554629516
15,13,108,7,24.8,21.26920185076114
15,4,108,7,30.15,20.949249452703047
15,4,108,7,38.2,32.18793497406656
15,4,108,7,22.95,15.772978225600363
15,4,108,7,30.2,33.54588373838843
15,4,108,7,30.9,24.956593897152082
15,6,108,7,25.1,27.984770294234195
15,6,108,7,24.1,27.253005628544418
15,6,108,7,28.95,25.586746157871822
15,6,108,7,24.6,25.740404446174338
15,6,108,7,36.95,33.192381814601916
15,16,108,7,31.1,34.83026512131444
15,16,108,7,20.6,20.502631410061543
15,16,108,7,22.95,27.329326835162952
15,16,108,7,29.05,29.55721481074326
15,16,108,7,39.8,37.23410999833917
15,17,108,7,29.2,36.78042957878551
15,17,108,7,34.25,26.73037893286844
15,17,108,7,28.2,34.38573755742955
15,17,108,7,24.7,17.73518655400228
15,17,108,7,29.4,25.092250848251513
15,18,108,7,29.25,30.878156135297157
15,18,108,7,24.95,23.46211952555819
15,18,108,7,17.8,13.94575958943491
15,18,108,7,17.55,18.446152073421423
15,18,108,7,18.85,15.748934801072135
15,13,108,7,29.45,37.28902053730533
15,13,108,7,29.4,38.02962833869071
15,13,108,7,46.8,45.53494898369129
15,13,108,7,31.75,26.803132181460477
15,13,108,7,16.6,10.028380779200178
15,22,108,7,35.4,35.05844743912807
15,22,108,7,26.95,22.139450380664258
15,22,108,7,39.95,43.956288095765025
15,22,108,7,40.9,37.18219721148394
15,22,108,7,25.3,18.37360807474162
15,8,108,7,40.8,42.160844893161986
15,8,108,7,23.35,28.87591420288943
15,8,108,7,32.85,24.061926684899397
15,8,108,7,27.05,32.417466052471745
15,8,108,7,24.75,20.32855135025612
15,18,108,7,28.5,30.405158842053865
15,18,108,7,36.4,39.5705898230917
15,18,108,7,26.85,29.98644430580697
15,18,108,7,23.5,22.44408256323397
15,18,108,7,32.75,29.570388816125533
15,11,108,7,34.3,38.121826873990784
15,11,108,7,25.0,23.474510252163885
15,11,108,7,37.45,31.890396178490043
15,11,108,7,20.1,30.03839648113552
15,11,108,7,26.25,34.851376171575076
15,4,108,7,31.15,40.0345574407122
15,4,108,7,30.5,27.692864366874463
15,4,108,7,39.75,32.45056969737527
15,4,108,7,35.6,43.27318362511165
15,4,108,7,27.25,27.245231354843497
15,15,108,7,25.15,22.813373270956664
15,15,108,7,38.35,39.93451877102921
15,15,108,7,18.15,18.502560278029232
15,15,108,7,38.8,40.994993275816135
15,15,108,7,29.7,37.875280092763184
16,35,108,8,18.3,17.226356794779697
16,35,108,8,18.05,23.92856693973698
16,35,108,8,22.15,30.82253959959207
16,35,108,8,22.65,29.84922638510877
16,35,108,8,28.65,29.72377216268062
16,30,108,8,14.5,8.525503535059721
16,30,108,8,24.45,25.446486677153022
16,30,108,8,25.0,27.922825976722265
16,30,108,8,24.5,29.252980055120247
16,30,108,8,23.7,21.401180488837284
16,34,108,8,13.8,12.403734581929239
16,34,108,8,18.9,20.188323879228598
16,34,108,8,18.8,19.866925701831807
16,34,108,8,26.7,30.558141304732526
16,34,108,8,19.95,23.609710312763934
16,25,108,8,23.6,32.20232093629604
16,25,108,8,8.5,7.437458535930416
16,25,108,8,21.35,24.95738473140924
16,25,108,8,19.1,24.895359956594746
16,25,108,8,24.6,26.69989158266969
16,47,108,8,9.65,7.610761079585031
16,47,108,8,13.05,16.56081297267104
16,47,108,8,14.9,23.007779004867942
16,47,108,8,25.85,31.499832915179258
16,47,108,8,17.2,23.164400999900913
16,33,108,8,17.05,25.722148964820594
16,33,108,8,20.85,21.822911668340925
16,33,108,8,22.15,29.709603267559626
16,33,108,8,15.8,11.705149564007693
16,33,108,8,19.05,24.95991523264958
16,46,108,8,17.75,15.920443659514941
16,46,108,8,22.0,26.687272740311805
16,46,108,8,20.7,19.026574213867022
16,46,108,8,22.45,24.007619404549132
16,46,108,8,32.45,28.48171158369599
16,27,108,8,16.45,23.565083447650608
16,27,108,8,16.1,22.39572327594337
16,27,108,8,16.15,14.886500419401537
16,27,108,8,27.0,29.696712559509095
16,27,108,8,30.3,35.61209138244452
16,42,108,8,9.05,7.535704486327948
16,42,108,8,13.35,12.856597732804659
16,42,108,8,14.6,16.64616282637249
16,42,108,8,10.95,11.523317322076275
16,42,108,8,15.1,15.673981121927076
16,36,108,8,21.0,29.730367250373906
16,36,108,8,14.6,17.851433673812487
16,36,108,8,29.5,28.70081605294984
16,36,108,8,25.9,32.763747616759844
16,36,108,8,17.2,22.5565954877947
16,26,108,8,22.65,30.702777175945982
16,26,108,8,15.45,13.076596209298986
16,26,108,8,26.95,31.585264718985986
16,26,108,8,9.4,9.075125053509847
16,26,108,8,28.95,25.272150263627516
16,29,108,8,15.1,13.26610243003613
16,29,108,8,12.4,10.589965458916883
16,29,108,8,27.7,25.277616476575517
16,29,108,8,21.0,16.6575413615133
16,29,108,8,18.0,18.34178433608843
16,28,108,8,25.7,30.366359503135776
16,28,108,8,18.6,19.83723240458921
16,28,108,8,25.35,26.376374995338857
16,28,108,8,22.1,22.745502736515675
16,28,108,8,22.0,17.063349458322715
16,46,108,8,13.55,15.143089443529576
16,46,108,8,15.4,26.158223020284602
16,46,108,8,15.35,17.26046593260235
16,46,108,8,31.05,38.78479761860038
16,46,108,8,23.4,25.27199406874191
16,35,108,8,18.45,19.085610451745826
16,35,108,8,18.7,23.147354060453647
16,35,108,8,28.8,25.042280037442364
16,35,108,8,23.55,28.216223403529657
16,35,108,8,28.05,29.39293685296019
16,36,108,8,9.95,13.76293649816897
16,36,108,8,31.1,30.28270307061703
16,36,108,8,26.9,31.92079012344875
16,36,108,8,19.4,30.896090708253556
16,36,108,8,19.95,25.51671278944346
16,24,108,8,23.1,25.57321789850097
16,24,108,8,25.35,27.739910446483915
16,24,108,8,26.35,20.724445265891855
16,24,108,8,21.8,24.44671972398665
16,24,108,8,28.1,28.893452181201337
16,32,108,8,19.5,22.772328545153677
16,32,108,8,19.5,26.42666117867771
16,32,108,8,24.0,29.172806371327173
16,32,108,8,23.5,26.14232301521001
16,32,108,8,21.5,19.93542205802473
16,47,108,8,14.0,16.16689274575147
16,47,108,8,11.6,8.425525128097982
16,47,108,8,26.0,28.391992940931335
16,47,108,8,15.75,12.086856715588132
16,47,108,8,18.45,14.802115780487172
16,28,108,8,16.65,24.768985275520418
16,28,108,8,22.1,28.55631555181335
16,28,108,8,25.75,34.64386480202595
16,28,108,8,18.5,25.467213184179005
16,28,108,8,24.3,24.013373466948742
17,0,108,8,37.0,32.12311841714787
17,0,108,8,34.8,35.74706465682109
17,0,108,8,28.0,23.99780691734362
17,0,108,8,33.7,33.14418262840801
17,0,108,8,32.45,32.87372170818766
17,20,108,8,36.8,31.605462552506566
17,20,108,8,33.0,29.028117041023666
17,20,108,8,18.45,19.118673704274737
17,20,108,8,33.6,30.77148372318624
17,20,108,8,37.3,28.002067592834713
17,15,108,8,36.0,28.791446098121792
17,15,108,8,21.85,18.553691645713272
17,15,108,8,25.1,24.68943946412376
17,15,108,8,28.95,26.63293370800027
17,15,108,8,29.8,28.68449058289166
17,6,108,8,20.65,15.818959311035938
17,6,108,8,29.75,22.65037469191648
17,6,108,8,36.75,32.56875318784135
17,6,108,8,24.6,25.97448140407285
17,6,108,8,20.15,23.15457213006355
17,21,108,8,41.9,30.616301127615692
17,21,108,8,25.65,30.187615097307006
17,21,108,8,48.3,34.472109244858714
17,21,108,8,27.4,18.2162449189554
17,21,108,8,26.9,28.707050298526063
17,3,108,8,24.5,22.041826268781765
17,3,108,8,45.15,36.622217875290715
17,3,108,8,34.65,25.083597072694005
17,3,108,8,35.75,30.207832724224637
17,3,108,8,24.3,27.0809702072954
17,15,108,8,20.1,13.321529863147733
17,15,108,8,25.9,28.681371177675224
17,15,108,8,19.5,18.743419898025127
17,15,108,8,20.35,23.8862986491816
17,15,108,8,21.4,23.629597853895913
17,23,108,8,29.85,28.759026043094167
17,23,108,8,28.6,29.984908484804574
17,23,108,8,29.4,31.59013836793475
17,23,108,8,26.8,26.228951460873194
17,23,108,8,21.9,23.436139434193237
17,10,108,8,22.6,24.805347471017107
17,10,108,8,26.25,17.672086225993446
17,10,108,8,35.05,29.87425400962472
17,10,108,8,24.95,21.047502664711857
17,10,108,8,22.85,26.650318453711026
17,0,108,8,26.85,28.56990503456759
17,0,108,8,29.4,25.010313662041195
17,0,108,8,24.85,27.436577583103986
17,0,108,8,34.85,31.975772078246994
17,0,108,8,23.1,22.37691479604536
17,11,108,8,26.7,26.803573995782138
17,11,108,8,33.3,29.675614656872025
17,11,108,8,22.45,21.022481700363194
17,11,108,8,37.05,28.77768689728024
17,11,108,8,26.45,24.368821754122838
17,12,108,8,27.4,22.12262476099501
17,12,108,8,24.4,24.999789472797776
17,12,108,8,26.45,26.884695313602926
17,12,108,8,24.8,34.97758680851737
17,12,108,8,31.35,33.921387446798065
17,23,108,8,22.7,27.907931338222603
17,23,108,8,20.55,22.160835534314753
17,23,108,8,21.9,22.386321011301806
17,23,108,8,21.2,23.92224245781583
17,23,108,8,20.15,28.312680811552305
17,18,108,8,29.45,31.533566076067007
17,18,108,8,24.5,27.03701166919155
17,18,108,8,22.3,23.140531768442916
17,18,108,8,25.4,24.068761147136236
17,18,108,8,29.75,27.295411220280425
17,19,108,8,33.75,30.066373943414977
17,19,108,8,34.2,31.211671231329984
17,19,108,8,25.7,26.917222035441608
17,19,108,8,20.1,18.30703057355432
17,19,108,8,30.2,30.574499178236753
17,0,108,8,37.35,31.724596136121264
17,0,108,8,32.75,27.167850582318025
17,0,108,8,31.75,27.02411204052683
17,0,108,8,28.9,25.934938839942905
17,0,108,8,35.0,32.203301563332715
17,0,108,8,31.9,34.71523251284733
17,0,108,8,38.8,30.51591474348391
17,0,108,8,22.35,18.963330264930846
17,0,108,8,27.35,28.738888012769845
17,0,108,8,35.0,26.834777121449967
17,8,108,8,16.4,11.541230437002808
17,8,108,8,22.05,17.16629193936094
17,8,108,8,17.45,17.150955167508737
17,8,108,8,22.35,23.317657641682985
17,8,108,8,24.5,28.383649852465563
17,3,108,8,31.35,30.43591196008599
17,3,108,8,28.55,28.481711583695986
17,3,108,8,26.5,28.182674782474727
17,3,108,8,44.45,37.307364871888375
17,3,108,8,34.55,33.09233493694495
17,23,108,8,17.65,18.72874233561037
17,23,108,8,15.95,11.431604390782965
17,23,108,8,24.55,25.584689089169594
17,23,108,8,20.85,29.76977449837688
17,23,108,8,17.0,21.660052971699816
18,33,108,9,17.0,15.005262234857547
18,33,108,9,11.45,8.562310312920038
18,33,108,9,18.0,12.557237376362517
