trial_id,stim_id,param_id,index,sample_n_mean,sample_n_std
0,10,144,0,28.95,29.11587557547112
0,10,144,1,16.75,17.210385481477534
0,10,144,0,25.1,30.626613813548023
0,10,144,1,15.55,18.311558041159053
0,55,144,0,25.25,25.227126168805718
0,55,144,1,17.35,23.065752694599432
0,55,144,0,32.75,32.555822504543926
0,55,144,1,19.6,17.18138527593162
0,100,144,0,31.95,32.09275209205507
0,100,144,1,16.4,20.732379963413955
0,100,144,0,39.25,30.678082352749907
0,100,144,1,20.9,24.544052768762324
0,57,144,0,23.4,24.18002655520722
0,57,144,1,17.2,20.55954126049765
0,57,144,0,34.9,42.38656688895173
0,57,144,1,7.95,8.947066558375433
0,298,144,0,31.05,42.87862306312405
0,298,144,1,9.95,12.943094074081603
0,298,144,0,28.65,35.55614537156988
0,298,144,1,24.8,27.770866976592195
0,160,144,0,28.7,29.060916057572292
0,160,144,1,14.3,12.222068047937759
0,160,144,0,28.0,27.351512995772183
0,160,144,1,20.75,24.812719573468343
0,108,144,0,43.35,39.485207090090945
0,108,144,1,21.4,27.96877958687056
0,108,144,0,41.75,39.989307781482104
0,108,144,1,18.4,30.65152181334043
0,111,144,0,45.9,31.183497660073183
0,111,144,1,21.0,29.63994459828617
0,111,144,0,36.1,52.2563519181111
0,111,144,1,12.45,16.39471994592354
0,46,144,0,44.45,48.01367677958788
0,46,144,1,16.6,15.222559436227328
0,46,144,0,29.75,29.287818556346487
0,46,144,1,13.8,17.197307010722717
0,55,144,0,42.0,37.843166663981684
0,55,144,1,11.3,13.936321345017092
0,55,144,0,36.65,32.053039924803585
0,55,144,1,14.95,18.285671698728603
0,48,144,0,25.1,31.452386738989258
0,48,144,1,17.15,31.56492890602013
0,48,144,0,34.05,25.4733606982502
0,48,144,1,23.65,20.828308165874432
0,187,144,0,30.25,31.504176832520745
0,187,144,1,11.95,15.638935890573682
0,187,144,0,40.95,46.718051284160744
0,187,144,1,17.05,17.04012293012243
0,116,144,0,19.85,24.71793510367469
0,116,144,1,17.05,32.505019855238885
0,116,144,0,30.45,35.351580028710394
0,116,144,1,19.05,25.140604606890424
0,134,144,0,19.75,17.262295389236716
0,134,144,1,23.35,26.450101979705906
0,134,144,0,34.7,32.91152413749067
0,134,144,1,22.25,28.074852954575782
0,132,144,0,36.3,38.88728651669564
0,132,144,1,14.35,16.089470240861843
0,132,144,0,22.45,15.503734694378776
0,132,144,1,17.15,31.53156313417098
0,12,144,0,28.25,24.352401805247272
0,12,144,1,21.05,23.250297111853726
0,12,144,0,30.8,30.62609826172511
0,12,144,1,8.75,6.281761402328926
0,23,144,0,40.85,35.63746550146939
0,23,144,1,29.9,29.253699721033932
0,23,144,0,36.75,42.47212708291602
0,23,144,1,14.0,12.238850995261384
0,18,144,0,51.4,50.643646663411005
0,18,144,1,13.85,15.99103367186552
0,18,144,0,42.0,42.79817999081639
0,18,144,1,6.7,6.182317739454916
0,187,144,0,35.5,31.73658025553146
0,187,144,1,23.1,31.09052995096061
0,187,144,0,47.5,27.622454633866266
0,187,144,1,23.95,31.36285936212483
0,10,144,0,32.25,32.74763952923694
0,10,144,1,22.9,28.324993612671737
0,10,144,0,18.05,22.02026578547947
0,10,144,1,15.45,28.990878783361826
1,734,144,0,50.6,45.09101906144947
1,734,144,1,30.4,35.19479626607499
1,734,144,0,22.75,19.308779023242796
1,734,144,1,34.1,35.84895212444923
1,329,144,0,26.15,22.179352655353274
1,329,144,1,20.8,21.862248162914128
1,329,144,0,41.6,39.54797220165856
1,329,144,1,44.05,63.77218912083196
1,758,144,0,30.6,24.938661594104506
1,758,144,1,24.8,27.87302034509168
1,758,144,0,27.6,26.642664636769506
1,758,144,1,27.4,34.638585117573264
1,362,144,0,34.95,42.289074114642005
1,362,144,1,37.75,47.14465421500757
1,362,144,0,40.65,42.78621888313794
1,362,144,1,40.1,33.26907842046979
1,818,144,0,45.25,44.74944868816527
1,818,144,1,22.05,21.149779145294566
1,818,144,0,39.95,40.07030006586451
1,818,144,1,20.95,24.502362936535
1,329,144,0,41.3,29.95979762421987
1,329,144,1,21.4,17.512101079268767
1,329,144,0,38.5,28.394773425662986
1,329,144,1,29.4,21.90265545064054
1,145,144,0,30.75,25.936917399924884
1,145,144,1,31.75,29.0224504750882
1,145,144,0,32.8,28.843680325798267
1,145,144,1,48.85,56.10166992542247
1,471,144,0,25.2,23.22340017718064
1,471,144,1,31.05,35.23227437868207
1,471,144,0,28.55,30.363542890152086
1,471,144,1,35.8,27.759493397470543
1,580,144,0,21.35,25.22378785361569
1,580,144,1,22.9,17.87942069001472
1,580,144,0,22.1,33.89131234743763
1,580,144,1,26.1,34.567858511994395
1,822,144,0,38.1,31.329992356408763
1,822,144,1,40.25,40.40046247781147
1,822,144,0,35.2,34.91433124543257
1,822,144,1,32.45,31.671795521866887
1,671,144,0,41.7,34.28994021575424
1,671,144,1,26.75,25.957201617074862
1,671,144,0,40.05,32.692305548940155
1,671,144,1,52.45,80.59285262811363
1,470,144,0,44.6,46.04162876080047
1,470,144,1,41.25,67.50818663805076
1,470,144,0,24.9,17.43227496703502
1,470,144,1,18.7,21.737912551697853
1,767,144,0,21.35,20.07689166547871
1,767,144,1,33.15,34.71428494074692
1,767,144,0,43.4,34.662887783242816
1,767,144,1,32.75,31.640871303459793
1,769,144,0,31.55,29.872492187189273
1,769,144,1,26.5,22.37362168645079
1,769,144,0,23.0,26.924846674049093
1,769,144,1,34.95,44.07466750628386
1,601,144,0,32.95,22.605250903740323
1,601,144,1,21.9,23.19913791501745
1,601,144,0,28.55,28.070353343734475
1,601,144,1,20.95,21.661207139419584
1,400,144,0,22.1,17.826355414621943
1,400,144,1,27.65,24.851718144563808
1,400,144,0,33.65,30.65130717569721
1,400,144,1,36.05,27.18256987967028
1,618,144,0,25.05,21.69762295979131
1,618,144,1,25.75,28.108577076457607
1,618,144,0,28.3,22.11477239075132
1,618,144,1,32.5,31.984371183438956
1,736,144,0,44.45,44.923882992879136
1,736,144,1,23.25,25.890203390065274
1,736,144,0,32.4,37.54211669999162
1,736,144,1,19.8,22.638114111522537
1,476,144,0,38.25,29.14911752749265
1,476,144,1,12.0,14.796870223836274
1,476,144,0,31.25,28.110449452491018
1,476,144,1,15.8,30.221289115282183
1,608,144,0,39.1,25.051315754918576
1,608,144,1,35.75,39.16748785999886
1,608,144,0,31.3,38.37090454744941
1,608,144,1,35.2,44.2535755320225
2,3,144,0,41.75,27.60410915253856
2,3,144,1,29.95,37.014186469514634
2,3,144,0,40.9,42.54520815370522
2,3,144,1,35.8,65.52990478440077
2,29,144,0,44.55,26.707923129564694
2,29,144,1,28.5,31.250263156786712
2,29,144,0,34.65,23.326684516371287
2,29,144,1,31.0,31.249421047268598
2,165,144,0,44.15,39.53449526412945
2,165,144,1,52.6,40.57533603972791
2,165,144,0,42.0,37.20356519418394
2,165,144,1,21.3,25.817374810488833
2,388,144,0,29.95,28.403993418272425
2,388,144,1,29.35,42.74314349447726
2,388,144,0,33.7,32.06752743492198
2,388,144,1,26.0,41.211904258740326
2,223,144,0,28.75,27.30890543008771
2,223,144,1,27.05,30.615570513951504
2,223,144,0,27.1,31.397116863948217
2,223,144,1,21.05,27.557547442626888
2,238,144,0,21.3,23.072197896808046
2,238,144,1,37.05,43.50375059451166
2,238,144,0,25.05,27.723208973520247
2,238,144,1,20.95,28.856222534270984
2,597,144,0,33.85,28.286643677296105
2,597,144,1,33.2,36.40792279305788
2,597,144,0,26.55,18.1121506177483
2,597,144,1,20.0,25.11447475272503
2,685,144,0,25.1,23.35740612852017
2,685,144,1,30.65,29.693655179090648
2,685,144,0,32.7,31.982067343731035
2,685,144,1,21.7,19.700654544295837
2,34,144,0,31.2,27.908874272494305
2,34,144,1,31.2,36.57091165048212
2,34,144,0,31.95,37.60525579168283
2,34,144,1,30.3,54.73294014432356
2,584,144,0,47.0,48.920988930056765
2,584,144,1,39.9,35.26575795599077
2,584,144,0,27.75,33.26271027347053
2,584,144,1,30.7,42.78600361406937
2,535,144,0,32.85,31.268405106348755
2,535,144,1,15.35,15.404288534793093
2,535,144,0,21.55,22.04654167891191
2,535,144,1,40.65,39.453203458754714
2,370,144,0,37.25,27.62888458041502
2,370,144,1,14.35,15.407704839496786
2,370,144,0,64.45,34.577867883494804
2,370,144,1,36.15,39.38644570487616
2,635,144,0,36.25,29.926005237480062
2,635,144,1,37.45,39.91368977655345
2,635,144,0,24.45,23.191366360872543
2,635,144,1,19.5,21.683124653445176
2,56,144,0,32.5,31.994242903175067
2,56,144,1,27.55,34.296654739431794
2,56,144,0,28.8,27.605491444543
2,56,144,1,24.6,21.27612944617809
2,130,144,0,26.1,22.433292927676657
2,130,144,1,23.0,31.494360397412507
2,130,144,0,24.9,38.030320313637844
2,130,144,1,27.1,41.25517511396856
2,293,144,0,28.4,23.756218022590257
2,293,144,1,21.85,29.426581252509205
2,293,144,0,39.75,30.124085485136135
2,293,144,1,28.95,35.20088964186768
2,584,144,0,26.5,28.389212183874573
2,584,144,1,42.75,47.66646730420829
2,584,144,0,30.5,31.10508504713455
2,584,144,1,24.5,32.05340937609569
2,454,144,0,33.15,26.634514608324526
2,454,144,1,23.05,24.81399223273667
2,454,144,0,26.85,22.06515471578613
2,454,144,1,27.7,30.21867669261233
2,201,144,0,29.75,22.7060738454204
2,201,144,1,19.4,26.616971238191937
2,201,144,0,32.1,28.502816112022852
2,201,144,1,32.5,37.857767054011376
2,597,144,0,40.45,38.98646863774796
2,597,144,1,37.75,39.853514670339266
2,597,144,0,18.55,15.879397443161839
2,597,144,1,29.3,25.45398324737986
3,136,144,0,27.15,30.87542882719458
3,136,144,1,17.35,15.762296786953353
3,136,144,0,23.15,24.5040812927153
3,136,144,1,19.0,20.33405233126261
3,249,144,0,24.75,20.224724316642995
3,249,144,1,19.2,24.784545269391696
3,249,144,0,42.1,27.761958068361704
3,249,144,1,21.65,17.88641060164186
3,73,144,0,31.55,31.62689561616488
3,73,144,1,16.35,19.855464579913775
3,73,144,0,33.0,38.11202324450217
3,73,144,1,13.85,16.09601127445456
3,276,144,0,32.7,31.11794202368585
3,276,144,1,29.0,34.43987896549427
3,276,144,0,30.25,25.14562847850392
3,276,144,1,21.45,20.597585448682803
3,482,144,0,33.45,24.662938314722147
3,482,144,1,23.7,28.468080001070817
3,482,144,0,35.8,32.758446078434254
3,482,144,1,16.0,18.923669389362484
3,453,144,0,42.05,41.71264480756532
3,453,144,1,39.8,37.03426578326163
3,453,144,0,27.2,25.132491027814133
3,453,144,1,21.15,22.859467691919136
3,129,144,0,34.55,33.83314320230044
3,129,144,1,31.35,38.753302066438565
3,129,144,0,38.85,32.43499572018502
3,129,144,1,19.45,28.324203895534108
3,107,144,0,42.15,35.45089264706439
3,107,144,1,16.5,15.601956692401723
3,107,144,0,38.5,31.18957315649271
3,107,144,1,18.25,12.255503597202877
3,420,144,0,42.4,30.696133821361727
3,420,144,1,22.6,26.85124715323686
3,420,144,0,21.85,20.813141091754105
3,420,144,1,25.15,22.077077895886777
3,92,144,0,30.35,25.21126523474857
3,92,144,1,10.1,14.534532382534616
3,92,144,0,19.3,20.586403279834965
3,92,144,1,13.95,21.763017882830983
3,325,144,0,47.0,38.698565184880195
3,325,144,1,27.1,33.17560930309463
3,325,144,0,35.75,35.79161177823947
3,325,144,1,24.85,28.459158178177486
3,7,144,0,28.7,26.64799785112728
3,7,144,1,23.65,22.79721820518321
3,7,144,0,47.1,44.5455414509454
3,7,144,1,22.75,31.08879473210142
3,98,144,0,43.7,32.87792412450704
3,98,144,1,32.2,33.17196025815208
3,98,144,0,36.55,21.36271961791579
3,98,144,1,27.7,35.31974250368079
3,138,144,0,36.75,35.45029878873415
3,138,144,1,21.1,40.129920586960914
3,138,144,0,28.5,28.97276397984112
3,138,144,1,27.9,21.875003759398176
3,482,144,0,31.8,25.492207271614348
3,482,144,1,19.1,20.804604753452264
3,482,144,0,26.1,18.654475969166505
3,482,144,1,20.15,24.711546416924005
3,248,144,0,21.1,23.61957261523408
3,248,144,1,14.35,20.202331809133216
3,248,144,0,24.75,27.697377797223066
3,248,144,1,23.55,41.7731656499846
3,248,144,0,31.0,28.0619615175156
3,248,144,1,22.75,22.367445799173126
3,248,144,0,24.3,21.703989446521962
3,248,144,1,17.85,23.113620955709436
3,45,144,0,28.25,19.9099948452239
3,45,144,1,22.0,19.820244833582603
3,45,144,0,29.25,29.223053264593403
3,45,144,1,15.15,15.931679793814322
3,117,144,0,21.35,24.134000911577008
3,117,144,1,26.2,30.53143332784479
3,117,144,0,23.6,19.151473764920052
3,117,144,1,38.0,39.132702705699124
3,115,144,0,35.45,24.60097345100072
3,115,144,1,17.3,21.2159324441252
3,115,144,0,31.8,26.136483877401794
3,115,144,1,25.35,23.086279817014123
4,125,144,0,51.75,47.68744179826758
4,125,144,1,31.5,27.41590011193082
4,125,144,0,35.15,30.3597292131326
4,125,144,1,24.25,25.81079945335
4,729,144,0,36.1,33.53066153773132
4,729,144,1,12.45,13.971681886474588
4,729,144,0,28.35,27.061868687178745
4,729,144,1,30.05,27.861452336800205
4,844,144,0,33.05,29.261929641016316
4,844,144,1,25.65,26.772481944595352
4,844,144,0,27.35,37.67489042347771
4,844,144,1,29.7,28.689077327351203
4,466,144,0,22.85,27.357814240176424
4,466,144,1,32.8,44.92402943918357
4,466,144,0,27.4,25.19899747379269
4,466,144,1,27.65,32.2119216244055
4,300,144,0,40.5,33.2336227969586
4,300,144,1,37.95,40.84305648648121
4,300,144,0,26.4,26.85908647582396
4,300,144,1,13.85,22.077077895886777
4,563,144,0,35.95,35.08707214315477
4,563,144,1,17.8,20.638747412012243
4,563,144,0,40.65,39.126347294777965
4,563,144,1,19.25,23.712921194550184
4,84,144,0,28.8,29.950133994955507
4,84,144,1,25.75,28.605989435412774
4,84,144,0,36.3,25.672225417651987
4,84,144,1,50.8,50.42618367475374
4,609,144,0,21.15,23.16820643627133
4,609,144,1,20.9,31.218921388023304
4,609,144,0,13.1,16.883190020347396
4,609,144,1,19.0,16.568835679958738
4,784,144,0,22.25,23.397874397384676
4,784,144,1,19.8,32.50846043724618
4,784,144,0,28.0,33.261325732352944
4,784,144,1,12.7,18.20670784426212
4,820,144,0,39.55,41.67477464972382
4,820,144,1,27.7,32.33069260332241
4,820,144,0,47.4,42.92514905102406
4,820,144,1,31.25,24.625350652058582
4,839,144,0,35.65,32.30817885694939
4,839,144,1,25.55,33.88443983833722
4,839,144,0,49.5,32.223724506217955
4,839,144,1,34.75,39.96297628661072
4,522,144,0,32.35,27.501722434096838
4,522,144,1,36.75,38.607164592789466
4,522,144,0,39.05,31.506849714742483
4,522,144,1,45.65,62.05708322945391
4,464,144,0,44.45,45.93184309960048
4,464,144,1,34.4,47.32797103305045
4,464,144,0,36.55,39.67164571434125
4,464,144,1,15.55,16.614752480852673
4,694,144,0,36.45,39.24749405342568
4,694,144,1,24.45,17.52134037170252
4,694,144,0,28.1,25.9268200904006
4,694,144,1,34.8,36.80474797745816
4,840,144,0,36.1,26.46527019162641
4,840,144,1,34.4,29.53035904392559
4,840,144,0,17.8,17.87264890684558
4,840,144,1,26.15,35.74511376250937
4,101,144,0,36.1,28.43070986025313
4,101,144,1,24.8,31.523758792711455
4,101,144,0,33.0,41.67922617727976
4,101,144,1,21.25,23.57714102573441
4,239,144,0,20.85,20.456050449683584
4,239,144,1,24.0,26.0
4,239,144,0,34.6,32.36372238040287
4,239,144,1,33.15,25.7258317854376
4,684,144,0,24.7,36.78972968813872
4,684,144,1,33.85,57.779321560572164
4,684,144,0,21.4,34.182790376075744
4,684,144,1,32.6,32.40922545721885
4,473,144,0,26.1,27.731608414644068
4,473,144,1,30.65,34.65814250800616
4,473,144,0,27.0,33.74829430387634
4,473,144,1,25.85,36.74990153943129
4,421,144,0,44.6,32.30186567856088
4,421,144,1,32.45,37.97433343720466
4,421,144,0,24.45,26.212642590531527
4,421,144,1,17.65,16.853158379616
5,134,144,0,36.2,33.501924532307406
5,134,144,1,14.1,19.297940986431414
5,134,144,2,17.0,22.261602533699612
5,134,144,3,12.3,15.465071000568718
5,134,144,0,31.55,28.959999636522245
5,134,144,1,21.6,27.658443081348786
5,134,144,2,13.85,24.959493500259047
5,134,144,3,8.4,7.493154770926103
5,127,144,0,32.0,33.785702363729634
5,127,144,1,4.65,4.258428175549728
5,127,144,2,14.75,17.33835116303253
5,127,144,3,9.8,14.31818865345018
5,127,144,0,26.55,28.292597134790913
5,127,144,1,10.75,13.943023156290106
5,127,144,2,8.0,9.43677018788459
5,127,144,3,13.45,16.993729493706294
5,26,144,0,25.75,24.404216633067414
5,26,144,1,18.9,23.887675747790514
5,26,144,2,11.95,16.014713629396528
5,26,144,3,8.85,8.986978884680003
5,26,144,0,40.95,32.996770176871294
5,26,144,1,15.3,10.558608361252716
5,26,144,2,8.6,10.550130954537709
5,26,144,3,10.65,12.524817468992469
5,54,144,0,27.1,22.897713055191666
5,54,144,1,16.85,21.411445537375567
5,54,144,2,7.65,6.401274544141477
5,54,144,3,6.1,5.793826115153231
5,54,144,0,32.1,27.024160729944878
5,54,144,1,6.05,4.65069321375008
5,54,144,2,6.3,5.786554287856962
5,54,144,3,4.75,5.138861229576267
5,20,144,0,35.6,30.18957645141431
5,20,144,1,19.25,24.60182920028509
5,20,144,2,15.4,24.142995061224607
5,20,144,3,8.85,12.61275461377761
5,20,144,0,30.4,27.48090245970827
5,20,144,1,14.05,15.789653507747941
5,20,144,2,10.55,9.875408052861731
5,20,144,3,5.7,4.856899595854388
5,140,144,0,36.55,31.606919628794145
5,140,144,1,21.25,28.293341228895834
5,140,144,2,14.75,15.603221664636743
5,140,144,3,11.05,11.514178902096045
5,140,144,0,29.85,26.302441351567186
5,140,144,1,12.65,19.2689414671164
5,140,144,2,12.9,17.749425491073165
5,140,144,3,15.45,21.27631497575105
5,16,144,0,53.75,63.487980627915135
5,16,144,1,17.3,22.152818520925337
5,16,144,2,12.45,12.330855606972289
5,16,144,3,10.5,11.30672831826952
5,16,144,0,45.4,32.53888362203629
5,16,144,1,14.0,11.652874052533585
5,16,144,2,12.95,18.888802029384056
5,16,144,3,8.5,9.57793516919295
5,337,144,0,25.1,22.71076721223704
5,337,144,1,13.6,12.92244070151651
5,337,144,2,8.9,9.008183414043735
5,337,144,3,10.2,16.672069299785257
5,337,144,0,33.45,29.227735565996035
5,337,144,1,15.1,17.70786325485465
5,337,144,2,12.1,17.870587420027416
5,337,144,3,18.35,30.85667205850812
5,122,144,0,31.65,30.19110186096141
5,122,144,1,15.3,19.273925664646416
5,122,144,2,7.05,4.740364187652563
5,122,144,3,4.2,5.001052520798944
5,122,144,0,19.95,17.96333986059854
5,122,144,1,15.3,28.530869708366573
5,122,144,2,7.85,16.601442549876264
5,122,144,3,13.45,25.130134981940035
5,298,144,0,36.3,62.81057571024669
5,298,144,1,12.8,16.86041767604013
5,298,144,2,12.2,35.054243680330636
5,298,144,3,6.6,10.14318542304713
5,298,144,0,26.95,28.62364683080646
5,298,144,1,18.3,19.012738112284506
5,298,144,2,5.7,5.974507246803309
5,298,144,3,6.45,6.2194516597018765
5,307,144,0,24.7,30.30389934957997
5,307,144,1,16.5,19.763070292047768
5,307,144,2,10.6,13.956322845521347
5,307,144,3,11.9,25.492826648418486
5,307,144,0,29.3,24.391758746282363
5,307,144,1,11.55,11.636942083409695
5,307,144,2,9.5,8.153139530912389
5,307,144,3,11.3,15.18690571720118
5,186,144,0,37.1,27.160148825264677
5,186,144,1,15.4,14.74484744972933
5,186,144,2,11.95,12.779403659589788
5,186,144,3,12.55,14.809225431964254
5,186,144,0,29.9,22.2140306539524
5,186,144,1,19.0,20.217241209058745
5,186,144,2,14.95,17.78075541583919
5,186,144,3,15.75,21.150774528557925
5,116,144,0,32.25,34.73792861139717
5,116,144,1,8.2,10.018929452212998
5,116,144,2,10.6,11.445063288781347
5,116,144,3,12.65,20.00598594631643
5,116,144,0,31.15,24.41370408947444
5,116,144,1,16.4,22.024866329721622
5,116,144,2,13.1,26.89139952514656
5,116,144,3,18.8,38.742877104259954
5,63,144,0,32.85,24.264496480942775
5,63,144,1,21.35,29.185928476795652
5,63,144,2,10.15,8.628441342444185
5,63,144,3,7.4,7.694153624668537
5,63,144,0,22.65,26.870596334440012
5,63,144,1,16.8,24.56912911079996
5,63,144,2,16.9,17.746459987988118
5,63,144,3,13.2,24.888382409215918
5,153,144,0,30.55,29.09236651552576
5,153,144,1,17.35,23.175020581379606
5,153,144,2,15.75,16.883112085282455
5,153,144,3,8.7,6.3916063379206465
5,153,144,0,44.05,42.271646588028226
5,153,144,1,13.9,20.240397333316515
5,153,144,2,9.25,8.75920568376644
5,153,144,3,6.55,6.4275312441665235
5,150,144,0,28.65,28.784635887186326
5,150,144,1,16.55,19.911580867213406
5,150,144,2,9.0,9.520061919303279
5,150,144,3,14.55,17.291540371553157
5,150,144,0,24.7,19.767330837041523
5,150,144,1,17.9,32.6639991750132
5,150,144,2,13.15,15.204829565150119
5,150,144,3,8.1,9.413875537289568
5,37,144,0,39.35,37.038067188402685
5,37,144,1,21.75,24.20933921574808
5,37,144,2,16.45,32.163194067622996
5,37,144,3,7.6,8.343923095977031
5,37,144,0,18.95,14.666377588857697
5,37,144,1,23.6,26.308693780213655
5,37,144,2,12.3,13.669404946044555
5,37,144,3,8.25,5.883742096033066
5,150,144,0,30.2,29.276539916350842
5,150,144,1,19.2,27.628360714842888
5,150,144,2,9.35,6.24310145596511
5,150,144,3,16.15,25.723785839077745
5,150,144,0,28.1,32.70103812934449
5,150,144,1,17.75,20.493580509644065
5,150,144,2,9.55,8.450942021611057
5,150,144,3,6.75,5.087394121489746
5,296,144,0,30.55,34.53827015447007
5,296,144,1,14.75,27.20850292792581
5,296,144,2,12.1,24.479637080213166
5,296,144,3,6.55,6.353407705608401
5,296,144,0,49.65,48.88146242105542
5,296,144,1,16.2,24.803649986072188
5,296,144,2,10.9,13.745429862512964
5,296,144,3,10.05,10.884440850662884
5,46,144,0,34.1,32.03764233391386
5,46,144,1,11.4,12.914292368086647
5,46,144,2,8.6,9.783982613919225
5,46,144,3,5.4,3.0847673289381503
5,46,144,0,37.35,32.470675029048984
5,46,144,1,14.0,10.06818856858728
5,46,144,2,13.1,11.266625142661983
5,46,144,3,12.4,14.985607129930758
6,766,144,0,53.75,50.98696943956935
6,766,144,1,14.2,10.778145529386379
6,766,144,2,11.9,16.399293951425566
6,766,144,3,15.0,18.241075683886166
6,766,144,0,38.25,37.76502837839596
6,766,144,1,15.0,18.032135057636467
6,766,144,2,15.0,22.655311913428534
6,766,144,3,19.6,23.241070724496595
6,418,144,0,28.75,21.980553606360903
6,418,144,1,13.95,16.74727000533457
6,418,144,2,8.95,7.39469938181184
6,418,144,3,23.9,24.561201753557327
6,418,144,0,17.4,22.314498473083884
6,418,144,1,14.15,19.805036573665056
6,418,144,2,21.85,19.895185876302627
6,418,144,3,31.25,32.44083683780124
6,823,144,0,27.65,24.05536377433917
6,823,144,1,12.25,16.292959409382615
6,823,144,2,18.8,22.883227597154164
6,823,144,3,23.15,31.985646451922285
6,823,144,0,35.3,30.975542134502113
6,823,144,1,18.25,21.32671909526688
6,823,144,2,9.45,8.41974496425859
6,823,144,3,18.15,17.505713353074192
6,573,144,0,29.65,37.8755232723971
6,573,144,1,16.1,17.82044951881494
6,573,144,2,13.4,25.642070693953016
6,573,144,3,12.6,19.002492911249966
6,573,144,0,36.55,33.03821551189662
6,573,144,1,18.65,19.607396563542036
6,573,144,2,17.8,18.182119614726183
6,573,144,3,9.45,9.230812246863334
6,809,144,0,34.0,31.308314012667463
6,809,144,1,11.85,10.342935549904276
6,809,144,2,7.7,9.608658376145636
6,809,144,3,20.95,30.98807070980363
6,809,144,0,31.05,23.860284111777396
6,809,144,1,24.5,33.10986496340232
6,809,144,2,15.95,15.802981064543355
6,809,144,3,18.35,32.3765265846139
6,376,144,0,23.35,21.69956342029901
6,376,144,1,32.35,47.62493265639665
6,376,144,2,24.75,36.568429006453094
6,376,144,3,31.3,38.80870765013548
6,376,144,0,22.45,25.386434421390863
6,376,144,1,19.6,21.29591015837746
6,376,144,2,11.2,14.752698236700901
6,376,144,3,20.1,22.284996132635495
6,210,144,0,39.1,34.97051389535566
6,210,144,1,19.65,18.818453988739773
6,210,144,2,15.05,22.504911744585424
6,210,144,3,26.3,30.781231465396505
6,210,144,0,43.2,31.43347193510028
6,210,144,1,23.95,25.01467990053672
6,210,144,2,7.15,6.737756928017856
6,210,144,3,29.65,32.81090159014066
6,607,144,0,42.2,43.31111441164897
6,607,144,1,15.9,19.1115837014871
6,607,144,2,8.9,13.293845034055188
6,607,144,3,11.75,18.475802097822296
6,607,144,0,44.85,48.69483383383974
6,607,144,1,14.1,15.680695473298234
6,607,144,2,12.2,19.3597520645281
6,607,144,3,19.45,25.13851103072943
6,828,144,0,37.75,28.93891024755061
6,828,144,1,11.55,13.678546398610758
6,828,144,2,19.6,35.00736764559261
6,828,144,3,16.9,15.392752908601603
6,828,144,0,28.1,27.894349550439518
6,828,144,1,16.4,16.06368903033042
6,828,144,2,7.7,7.82775090370959
6,828,144,3,17.95,18.69273712040673
6,659,144,0,39.4,32.47411924983696
6,659,144,1,18.75,26.88352068108875
6,659,144,2,11.05,10.10718868716196
6,659,144,3,27.25,31.708997560878352
6,659,144,0,34.6,31.201214551258808
6,659,144,1,10.55,8.016266357587519
6,659,144,2,10.8,9.25998749572874
6,659,144,3,24.8,32.06342398894318
6,414,144,0,39.65,42.385790816709964
6,414,144,1,20.6,29.54995769878529
6,414,144,2,8.05,9.092941160447944
6,414,144,3,21.0,22.482741919315053
6,414,144,0,48.5,38.07126281897646
6,414,144,1,17.4,21.64400974622625
6,414,144,2,8.9,6.827961088903403
6,414,144,3,23.75,29.971697175484532
6,490,144,0,24.4,23.983327542274026
6,490,144,1,15.55,23.90876298281492
6,490,144,2,12.0,25.60838678410279
6,490,144,3,22.75,25.130972712445576
6,490,144,0,43.55,40.846922192884726
6,490,144,1,18.95,22.28163038539996
6,490,144,2,8.15,10.403820148590157
6,490,144,3,35.35,47.35229111335808
6,448,144,0,41.2,39.97183218744235
6,448,144,1,19.8,34.84038793668847
6,448,144,2,9.2,15.278467820673917
6,448,144,3,29.45,47.11405533942409
6,448,144,0,25.75,27.6136407939036
6,448,144,1,9.5,8.055726959257324
6,448,144,2,7.6,7.816312227777576
6,448,144,3,22.8,25.45708463070225
6,417,144,0,30.55,35.41999881125738
6,417,144,1,21.7,26.447763809560833
6,417,144,2,30.2,31.607127777066196
6,417,144,3,22.3,23.30597393486553
6,417,144,0,41.2,36.53635536226753
6,417,144,1,10.65,9.54366695496906
6,417,144,2,13.95,20.53873106314532
6,417,144,3,23.6,30.850061844175833
6,428,144,0,33.1,31.567638325881845
6,428,144,1,10.35,8.622339406570893
6,428,144,2,9.7,11.617137975286433
6,428,144,3,24.85,28.63798544811272
6,428,144,0,35.0,35.529083712835664
6,428,144,1,12.0,14.123515292253778
6,428,144,2,24.25,26.88547837343463
6,428,144,3,30.05,33.710025058929936
6,709,144,0,27.35,24.63902552755219
6,709,144,1,12.65,11.31498773169556
6,709,144,2,18.5,27.95579216887752
6,709,144,3,12.3,12.802549088282955
6,709,144,0,30.55,36.31655414908135
6,709,144,1,19.45,26.04747689569143
6,709,144,2,16.0,15.794735965204557
6,709,144,3,22.8,45.56268094325489
6,418,144,0,30.4,33.24613155177448
6,418,144,1,14.55,19.893069409377624
6,418,144,2,8.55,10.985516781079005
6,418,144,3,39.85,46.975105389086565
6,418,144,0,32.45,31.595261137008965
6,418,144,1,13.2,14.062267541938342
6,418,144,2,15.95,31.55692433815771
6,418,144,3,28.0,40.13792012024225
6,413,144,0,40.85,34.276392059719164
6,413,144,1,9.85,7.706968821855492
6,413,144,2,14.2,24.680271260131725
6,413,144,3,15.15,21.7286495329626
6,413,144,0,27.15,24.870771261822473
6,413,144,1,21.35,34.82932067880981
6,413,144,2,11.9,13.641654475982936
6,413,144,3,25.7,27.278485835428704
6,746,144,0,28.65,32.50307677743755
6,746,144,1,14.35,17.26351491928631
6,746,144,2,12.55,18.414739519714836
6,746,144,3,19.55,30.38087175215768
6,746,144,0,52.95,44.081831798790326
6,746,144,1,19.8,21.286516612017202
6,746,144,2,11.5,15.879480304368972
6,746,144,3,29.9,37.372801818829075
6,743,144,0,24.55,17.94575158637832
6,743,144,1,18.7,21.645711864137507
6,743,144,2,21.25,22.23528490343315
6,743,144,3,17.0,19.8944583661936
6,743,144,0,21.3,16.46079872718338
6,743,144,1,10.55,12.559228102328415
6,743,144,2,9.75,11.38269693322651
6,743,144,3,19.4,24.086248533573105
7,584,144,0,30.1,31.765423108517822
7,584,144,1,13.55,16.18795848771549
7,584,144,2,13.7,18.154599243282966
7,584,144,3,18.1,19.36328593253901
7,584,144,0,36.2,35.58621850335353
7,584,144,1,14.85,16.48691666299771
7,584,144,2,10.05,13.280278215221406
7,584,144,3,26.9,31.768736701023336
7,635,144,0,53.1,55.367575538871414
7,635,144,1,13.5,16.70644376155185
7,635,144,2,16.3,19.52623067083164
7,635,144,3,26.3,39.843245481841905
7,635,144,0,37.6,33.24613155177448
7,635,144,1,23.55,30.410308155381507
7,635,144,2,13.55,14.358107924023093
7,635,144,3,27.95,32.79517775848343
7,3,144,0,39.45,44.956675050307574
7,3,144,1,15.8,25.642481200251726
7,3,144,2,11.65,11.366038980456787
7,3,144,3,27.2,26.494488006693807
7,3,144,0,25.95,32.40609916601958
7,3,144,1,10.1,11.001913709130692
7,3,144,2,8.55,11.820922575091835
7,3,144,3,25.35,30.783240484667015
7,205,144,0,26.6,22.47197084557139
7,205,144,1,13.85,13.573484213134465
7,205,144,2,11.2,18.363579515758328
7,205,144,3,29.55,34.21060931164022
7,205,144,0,26.25,33.097742012345634
7,205,144,1,8.4,8.993564950914392
7,205,144,2,9.1,11.502402495039666
7,205,144,3,16.1,21.427724294032082
7,30,144,0,15.8,15.922840265017518
7,30,144,1,16.5,19.024914412975757
7,30,144,2,11.6,11.833938704554706
7,30,144,3,39.05,50.10565153542536
7,30,144,0,26.95,30.66195139187809
7,30,144,1,22.0,39.275008794263485
7,30,144,2,15.3,16.989470423269758
7,30,144,3,25.5,30.793881825692857
7,264,144,0,37.7,38.42984037930612
7,264,144,1,17.8,18.257226399140524
7,264,144,2,14.4,18.75997980023601
7,264,144,3,17.9,27.62702719401686
7,264,144,0,37.2,35.2697872794385
7,264,144,1,16.4,23.756218022590254
7,264,144,2,11.2,21.476057660370977
7,264,144,3,19.4,28.7537640556575
7,441,144,0,29.0,29.24848174197297
7,441,144,1,20.4,22.700336190415655
7,441,144,2,6.9,7.461480028153015
7,441,144,3,23.3,38.74219785630188
7,441,144,0,29.3,26.41191915942896
7,441,144,1,18.8,17.322331191116767
7,441,144,2,12.6,15.339663071850524
7,441,144,3,15.0,14.67184916412164
7,234,144,0,20.45,13.937737489126041
7,234,144,1,12.45,10.918236796151753
7,234,144,2,10.7,11.093383518779868
7,234,144,3,9.0,10.18254440335596
7,234,144,0,22.0,21.88246113359185
7,234,144,1,16.35,15.550511922526267
7,234,144,2,12.6,20.60505814242298
7,234,144,3,39.75,46.195095433446866
7,30,144,0,33.85,28.76451578631305
7,30,144,1,20.9,17.811587003379216
7,30,144,2,10.8,9.484613578677948
7,30,144,3,28.2,32.671571418396276
7,30,144,0,24.55,18.21357215173113
7,30,144,1,32.25,34.25581011034171
7,30,144,2,9.75,8.226241707583053
7,30,144,3,21.7,28.59536215616276
7,663,144,0,26.55,28.636515151114317
7,663,144,1,19.3,21.52868343690147
7,663,144,2,10.55,9.768235309032619
7,663,144,3,20.0,17.4295574724148
7,663,144,0,30.4,34.41144240541295
7,663,144,1,22.55,24.36882175412284
7,663,144,2,11.1,13.090374125167017
7,663,144,3,18.15,30.520528035716346
7,443,144,0,50.2,33.55686454206854
7,443,144,1,18.05,26.132204370530204
7,443,144,2,13.2,14.099645385611653
7,443,144,3,20.7,24.227213928490457
7,443,144,0,34.25,37.80681503588863
7,443,144,1,18.5,26.110090809977336
7,443,144,2,11.45,15.146564661751905
7,443,144,3,18.8,22.89472474288851
7,288,144,0,35.65,34.14562467155237
7,288,144,1,11.15,15.229040817153466
7,288,144,2,6.35,10.126957250719228
7,288,144,3,20.0,40.047340407125795
7,288,144,0,33.8,31.547124316355347
7,288,144,1,21.65,47.36007090144052
7,288,144,2,17.15,37.97544220317014
7,288,144,3,27.65,44.30667646018338
7,201,144,0,37.5,45.11564088685407
7,201,144,1,10.5,9.599890350250993
7,201,144,2,21.0,28.789618011761775
7,201,144,3,18.0,33.17100826736632
7,201,144,0,35.5,29.2493814599467
7,201,144,1,15.4,18.77960820173111
7,201,144,2,13.6,21.08728726532947
7,201,144,3,23.0,35.39104852627955
7,361,144,0,23.5,16.785018382631076
7,361,144,1,10.75,13.599051824532319
7,361,144,2,13.55,22.684274636617182
7,361,144,3,23.75,25.926769340221558
7,361,144,0,26.8,26.1002117353783
7,361,144,1,20.1,23.14462538496846
7,361,144,2,15.9,24.363259655732264
7,361,144,3,30.5,37.93415347678132
7,291,144,0,34.35,32.485259815232475
7,291,144,1,22.9,24.170229622409465
7,291,144,2,12.35,14.783614685113202
7,291,144,3,14.15,15.138918128626733
7,291,144,0,26.9,27.35324478009876
7,291,144,1,22.65,32.107180702010865
7,291,144,2,16.8,21.632334472655558
7,291,144,3,27.2,33.00334911234887
7,529,144,0,35.05,33.109825223274576
7,529,144,1,20.55,24.491620478935456
7,529,144,2,13.95,14.06179969016469
7,529,144,3,25.85,21.159233395724357
7,529,144,0,57.35,55.66466799647596
7,529,144,1,19.75,20.14127733366429
7,529,144,2,6.8,5.011565571124876
7,529,144,3,22.2,20.151008855507378
7,529,144,0,31.5,28.575845523246045
7,529,144,1,11.75,14.059553784938517
7,529,144,2,14.2,13.26887930063187
7,529,144,3,22.25,29.69294617634934
7,529,144,0,18.9,17.537628718063104
7,529,144,1,21.8,28.64777018970421
7,529,144,2,10.4,12.462153231199444
7,529,144,3,13.95,17.590293375968223
7,9,144,0,36.45,38.05878417174646
7,9,144,1,8.3,10.418101655544698
7,9,144,2,19.85,27.174436516697085
7,9,144,3,17.8,18.822159392867924
7,9,144,0,26.4,27.970661321049274
7,9,144,1,23.5,25.707873051695763
7,9,144,2,20.6,22.781340471627445
7,9,144,3,18.3,21.981092353489434
7,177,144,0,34.55,23.802863604815993
7,177,144,1,30.1,42.83493409528452
7,177,144,2,17.05,19.998618373330327
7,177,144,3,24.2,43.569182735168745
7,177,144,0,20.55,28.786829956550765
7,177,144,1,14.3,20.99398410071449
7,177,144,2,14.05,16.856905503617643
7,177,144,3,19.5,33.15116890850155
7,390,144,0,44.9,42.60207556100128
7,390,144,1,28.65,28.997776684283554
7,390,144,2,16.4,21.92187083833475
7,390,144,3,15.55,19.0524898220955
7,390,144,0,32.8,30.548666953429883
7,390,144,1,18.65,24.20586053439386
7,390,144,2,11.1,13.756912138228817
7,390,144,3,27.35,33.088835770265156
8,391,144,0,26.0,29.44933204496728
8,391,144,1,16.5,18.19919026538789
8,391,144,2,12.6,16.934548927220384
8,391,144,3,11.95,10.903765646012294
8,391,144,0,35.15,22.882480082736706
8,391,144,1,12.25,13.43551851975713
8,391,144,2,10.35,14.49600670965338
8,391,144,3,21.25,28.4510197763769
8,776,144,0,38.95,33.70534082308025
8,776,144,1,17.65,22.010224896624752
8,776,144,2,13.1,19.954949260772377
8,776,144,3,9.85,9.761767527612912
8,776,144,0,35.8,31.994407406032042
8,776,144,1,14.25,13.764466074490121
8,776,144,2,14.9,23.400179936330225
8,776,144,3,17.15,19.049174591870877
8,508,144,0,37.75,31.80512206349292
8,508,144,1,14.5,20.223748416156685
8,508,144,2,13.4,19.228268663337154
8,508,144,3,22.8,33.70865889071421
8,508,144,0,28.65,22.737113180645288
8,508,144,1,15.6,20.620378270051205
8,508,144,2,8.65,9.223967635858683
8,508,144,3,24.8,31.36139094659647
8,73,144,0,28.35,23.63377378155877
8,73,144,1,14.6,17.10463156728702
8,73,144,2,12.7,13.719367792707466
8,73,144,3,13.4,25.456671134756757
8,73,144,0,48.5,31.419906529392946
8,73,144,1,22.25,25.591682448137632
8,73,144,2,15.8,26.424868669693065
8,73,144,3,16.3,22.711230702011726
8,248,144,0,28.75,20.66748017640528
8,248,144,1,17.2,23.381504161240464
8,248,144,2,11.7,11.337408967893111
8,248,144,3,6.45,4.871776937249466
8,248,144,0,32.65,36.443575709942564
8,248,144,1,18.45,20.68936925089791
8,248,144,2,8.85,11.581632463790058
8,248,144,3,26.9,36.838052408659685
8,115,144,0,49.35,46.29797653871006
8,115,144,1,15.0,21.178439880913647
8,115,144,2,9.9,13.603018240933071
8,115,144,3,16.75,24.363205648552988
8,115,144,0,32.75,20.255928307015388
8,115,144,1,10.35,18.45984261779293
8,115,144,2,7.4,8.184709749539717
8,115,144,3,12.1,14.814288977022718
8,397,144,0,28.25,22.13564641263641
8,397,144,1,8.5,10.865202785910045
8,397,144,2,10.05,14.805671032980642
8,397,144,3,35.55,32.81924178860547
8,397,144,0,24.1,21.742270253804538
8,397,144,1,12.55,30.028889598623454
8,397,144,2,10.7,13.471607570231393
8,397,144,3,12.8,18.961456750610253
8,325,144,0,41.4,46.58935952610459
8,325,144,1,14.85,18.979975597566256
8,325,144,2,7.2,7.273600426054124
8,325,144,3,17.4,31.011712558152503
8,325,144,0,36.75,36.09472187686755
8,325,144,1,18.55,25.99488816145043
8,325,144,2,15.25,21.22529523692749
8,325,144,3,14.25,19.514839158148884
8,391,144,0,31.25,32.39375345892931
8,391,144,1,31.5,47.164326394114084
8,391,144,2,13.65,16.069831165392205
8,391,144,3,23.65,27.589614750939585
8,391,144,0,31.6,24.357858345057654
8,391,144,1,16.8,24.45748190334875
8,391,144,2,18.8,26.194816682936178
8,391,144,3,20.35,18.570704150127938
8,346,144,0,25.7,29.972092282479604
8,346,144,1,18.45,20.129776321083206
8,346,144,2,8.85,6.853927034151566
8,346,144,3,30.55,31.081344887247077
8,346,144,0,45.9,50.59945911922276
8,346,144,1,15.85,14.854646623726513
8,346,144,2,15.05,16.83816154485181
8,346,144,3,29.8,33.6774170781049
8,541,144,0,28.15,20.805553408443114
8,541,144,1,16.55,19.837431391451016
8,541,144,2,14.15,16.040327467453956
8,541,144,3,24.05,26.884695313602926
8,541,144,0,36.6,30.96245604293248
8,541,144,1,9.5,15.170955630310242
8,541,144,2,12.15,14.474205732230953
8,541,144,3,17.05,30.184476665646322
8,541,144,0,46.4,45.03495718240501
8,541,144,1,14.6,15.918873274066526
8,541,144,2,10.05,7.721978203052703
8,541,144,3,29.75,36.38807641608935
8,541,144,0,29.8,22.96817019497337
8,541,144,1,21.3,28.84824175979498
8,541,144,2,7.9,14.15292419106012
8,541,144,3,23.75,25.845441418270713
8,322,144,0,34.75,34.28038414081886
8,322,144,1,16.85,16.300710349390815
8,322,144,2,14.7,22.00741501834038
8,322,144,3,13.15,20.10308957663761
8,322,144,0,22.35,16.232764138585498
8,322,144,1,18.35,18.215883757112408
8,322,144,2,13.65,9.702278625473285
8,322,144,3,17.75,21.14081858694965
8,368,144,0,35.25,38.46375600894678
8,368,144,1,11.4,12.19749758632569
8,368,144,2,18.85,26.944924334063753
8,368,144,3,23.3,25.18792526087388
8,368,144,0,19.35,18.742788086705723
8,368,144,1,13.55,12.592708834459476
8,368,144,2,23.85,32.79646161915706
8,368,144,3,24.05,30.954083141936135
8,242,144,0,41.55,39.83581435421093
8,242,144,1,11.85,14.154318664001643
8,242,144,2,5.7,4.856899595854388
8,242,144,3,24.15,33.94000124057933
8,242,144,0,27.6,26.804163070216106
8,242,144,1,24.4,29.621116223326045
8,242,144,2,11.65,17.69708569525681
8,242,144,3,11.5,15.360578388233062
8,219,144,0,22.7,37.58233067476481
8,219,144,1,19.65,34.63383651256308
8,219,144,2,15.5,22.474547006733964
8,219,144,3,10.05,8.798773838020363
8,219,144,0,22.3,18.16908884544528
8,219,144,1,16.55,22.44167880013483
8,219,144,2,19.1,31.060043718408924
8,219,144,3,11.15,15.557279561942089
8,206,144,0,35.85,26.53751069117468
8,206,144,1,23.9,22.225873968962627
8,206,144,2,10.3,9.476286192385707
8,206,144,3,26.65,25.968148506239434
8,206,144,0,28.8,22.296093592234588
8,206,144,1,18.7,25.12725507031003
8,206,144,2,12.9,22.02606111907103
8,206,144,3,17.85,22.13659746592554
8,104,144,0,19.05,19.302236030819685
8,104,144,1,15.9,23.233143295052027
8,104,144,2,9.95,11.15665956420554
8,104,144,3,13.65,19.802378910785336
8,104,144,0,17.9,15.626899884494046
8,104,144,1,22.85,21.830145742937557
8,104,144,2,8.7,9.63600703501961
8,104,144,3,23.8,26.078020590043575
8,259,144,0,32.5,32.480763537823435
8,259,144,1,12.65,8.27981057500078
8,259,144,2,11.75,16.676093825088593
8,259,144,3,12.7,15.741664460913908
8,259,144,0,34.3,35.053492956067196
8,259,144,1,20.95,22.892138388538537
8,259,144,2,14.85,23.40552116601191
8,259,144,3,10.8,16.100343245768983
8,368,144,0,27.2,24.958070100829
8,368,144,1,10.6,12.136937964655445
8,368,144,2,11.75,19.089470782000273
8,368,144,3,25.85,28.80108733327524
8,368,144,0,24.35,18.099941843465743
8,368,144,1,13.5,15.892732533092635
8,368,144,2,13.25,13.714667522880672
8,368,144,3,10.9,18.65165436432693
9,604,144,0,25.9,27.25879867608178
9,604,144,1,13.35,16.993110058893993
9,604,144,2,13.05,12.910522024587866
9,604,144,3,14.25,21.54279706220058
9,604,144,0,23.05,18.55425898050875
9,604,144,1,14.5,20.932221447730818
9,604,144,2,16.0,21.11621975738331
9,604,144,3,15.9,15.549242662214166
9,522,144,0,32.15,38.719334215676575
9,522,144,1,23.4,26.464275821129927
9,522,144,2,7.7,7.71942184909016
9,522,144,3,21.35,28.946911479647124
9,522,144,0,24.65,18.851985795163667
9,522,144,1,15.55,23.118629990368785
9,522,144,2,9.3,12.422814326450899
9,522,144,3,22.4,26.045304658169044
9,300,144,0,43.95,40.979423591538435
9,300,144,1,18.9,23.548158940216197
9,300,144,2,7.75,9.920075339272485
9,300,144,3,23.6,33.544000953970894
9,300,144,0,23.3,22.42202864196397
9,300,144,1,11.35,19.1868238780241
9,300,144,2,6.95,7.2582076952487675
9,300,144,3,13.4,11.500114415906799
9,567,144,0,31.9,30.371212131157844
9,567,144,1,17.45,16.766115578122065
9,567,144,2,10.9,14.070873238154428
9,567,144,3,25.4,33.43083984334792
9,567,144,0,43.2,42.80629565108877
9,567,144,1,11.35,11.608866847099428
9,567,144,2,15.4,21.112231426106376
9,567,144,3,16.45,16.54173350554352
9,265,144,0,42.85,33.48884338968647
9,265,144,1,13.9,19.224162427857074
9,265,144,2,10.15,18.08830677828257
9,265,144,3,14.2,13.941985058391829
9,265,144,0,39.75,36.71780723873707
9,265,144,1,15.75,21.57941270358345
9,265,144,2,12.85,16.73092000490488
9,265,144,3,26.4,49.47131013340752
9,142,144,0,28.5,20.904544960366874
9,142,144,1,8.9,7.752079517271818
9,142,144,2,10.6,12.214745187681979
9,142,144,3,17.75,24.043546020983634
9,142,144,0,39.0,34.340401248307174
9,142,144,1,15.3,17.741120833280313
9,142,144,2,14.4,19.31293539791946
9,142,144,3,14.2,17.893250712283432
9,708,144,0,28.2,25.378399435242894
9,708,144,1,17.0,23.991226466531906
9,708,144,2,13.65,13.330909867474794
9,708,144,3,20.7,26.15158242167947
9,708,144,0,16.25,17.846936933119277
9,708,144,1,18.8,22.18012386658024
9,708,144,2,11.35,15.156291033585255
9,708,144,3,35.35,55.849680769949465
9,372,144,0,25.8,15.68975528976254
9,372,144,1,22.85,31.746156004351636
9,372,144,2,13.05,18.44329859753658
9,372,144,3,18.5,26.436617348709824
9,372,144,0,40.4,36.07652684882075
9,372,144,1,12.5,11.713689696922549
9,372,144,2,14.2,21.172474683194835
9,372,144,3,20.25,21.003445832579597
9,838,144,0,34.7,39.7877262217224
9,838,144,1,17.8,21.402410095471417
9,838,144,2,15.6,23.435016535091243
9,838,144,3,11.8,15.609039216529567
9,838,144,0,40.35,34.814206114292205
9,838,144,1,19.4,23.42378458342132
9,838,144,2,11.6,15.540778277605154
9,838,144,3,15.25,19.48244824126794
9,629,144,0,36.65,33.43221736431398
9,629,144,1,25.0,29.533210565663016
9,629,144,2,14.85,23.031500168247838
9,629,144,3,33.45,34.099660439735516
9,629,144,0,36.1,28.935318065971682
9,629,144,1,20.5,19.484136597431473
9,629,144,2,13.15,17.68220931659247
9,629,144,3,15.9,15.923831858338357
9,66,144,0,32.35,49.696208687330845
9,66,144,1,18.5,22.744577144314732
9,66,144,2,13.75,12.644428771097902
9,66,144,3,21.45,27.67000085595266
9,66,144,0,24.4,25.01872982597764
9,66,144,1,11.55,13.839208221951369
9,66,144,2,12.4,18.021624437558927
9,66,144,3,23.35,24.396451424444155
9,835,144,0,22.95,32.08783176483605
9,835,144,1,18.05,25.613473017144702
9,835,144,2,14.2,22.972752739300805
9,835,144,3,23.55,50.08043530162253
9,835,144,0,31.05,27.985851688609408
9,835,144,1,20.8,28.583395989906265
9,835,144,2,13.2,11.896925741773089
9,835,144,3,11.65,13.263622590021411
9,647,144,0,24.65,29.98117830625706
9,647,144,1,12.3,16.422385236076558
9,647,144,2,8.95,10.694194194687332
9,647,144,3,17.05,28.74291674757269
9,647,144,0,27.4,28.649239909086962
9,647,144,1,11.7,13.734704411204412
9,647,144,2,10.85,12.52901894760614
9,647,144,3,35.9,44.75653436562144
9,220,144,0,39.4,36.24391055931436
9,220,144,1,20.1,22.752443477800934
9,220,144,2,10.35,8.324187964189534
9,220,144,3,27.0,29.134894976010433
9,220,144,0,35.75,25.788359267006705
9,220,144,1,17.35,23.024643548300933
9,220,144,2,10.15,12.304363795867411
9,220,144,3,20.95,27.736495054255446
9,125,144,0,28.8,26.140511008575817
9,125,144,1,25.2,25.318185683729183
9,125,144,2,13.25,12.481038249659909
9,125,144,3,22.75,31.602589833912763
9,125,144,0,45.8,43.67415229798248
9,125,144,1,10.05,8.617454746953387
9,125,144,2,8.1,9.673077124298741
9,125,144,3,15.95,19.074576631847176
9,732,144,0,32.55,44.6111562634045
9,732,144,1,17.85,21.19402845391275
9,732,144,2,11.0,14.02253824909629
9,732,144,3,20.65,26.24434776239799
9,732,144,0,37.25,39.29627677555538
9,732,144,1,21.6,27.029029228824175
9,732,144,2,13.7,19.51005139058219
9,732,144,3,16.2,18.286031482211254
9,389,144,0,32.65,32.348879424177895
9,389,144,1,17.6,24.27561045901616
9,389,144,2,11.0,13.947269115833166
9,389,144,3,35.25,46.73427120714688
9,389,144,0,39.4,41.04734108960428
9,389,144,1,18.25,23.66848893404589
9,389,144,2,15.6,28.242185691471878
9,389,144,3,11.0,17.308349065362098
9,676,144,0,44.55,34.28284057505645
9,676,144,1,10.35,8.112855295925819
9,676,144,2,17.15,21.470359004671383
9,676,144,3,13.05,16.11627160748775
9,676,144,0,53.95,50.31424931578057
9,676,144,1,22.15,25.106667179100164
9,676,144,2,11.3,10.790346562894467
9,676,144,3,18.35,21.991086711139175
9,675,144,0,32.85,28.103708314964976
9,675,144,1,17.75,26.51687645334769
9,675,144,2,10.5,13.694024820682694
9,675,144,3,21.75,28.20950754248421
9,675,144,0,31.2,23.74114793482316
9,675,144,1,19.4,15.132398147161293
9,675,144,2,22.7,30.157655918958884
9,675,144,3,39.6,53.33054817289105
9,560,144,0,30.55,30.40511556681834
9,560,144,1,16.9,15.68405157107724
9,560,144,2,10.5,7.401991197252975
9,560,144,3,24.4,28.400148257581886
9,560,144,0,31.45,42.51869557834777
9,560,144,1,11.35,15.938285584353826
9,560,144,2,17.3,24.044038543341344
9,560,144,3,19.55,27.023332997907374
10,108,144,0,28.1,25.007156870320983
10,108,144,1,34.7,56.419574803897895
10,108,144,2,9.55,10.215957589657673
10,108,144,3,12.45,17.878169575446506
10,108,144,4,12.3,29.205442895748764
10,108,144,5,9.15,9.969822888148647
10,108,144,0,24.25,25.02183257203912
10,108,144,1,17.8,24.603380169998463
10,108,144,2,8.25,12.883588091260258
10,108,144,3,4.35,3.265046142980138
10,108,144,4,3.4,2.036508880671192
10,108,144,5,4.35,4.648429276308516
10,174,144,0,34.2,35.61430818320666
10,174,144,1,12.9,16.45376296746351
10,174,144,2,5.15,4.344082484435458
10,174,144,3,4.6,5.051315618102299
10,174,144,4,5.8,5.890223836332986
10,174,144,5,7.35,18.018338611420017
10,174,144,0,38.75,27.357044700348062
10,174,144,1,16.2,21.948744119449128
10,174,144,2,9.7,8.335718956773663
10,174,144,3,12.7,30.707619489905795
10,174,144,4,6.55,5.642647754752243
10,174,144,5,6.2,7.142165380036329
10,215,144,0,30.3,27.02649771885674
10,215,144,1,17.2,20.960112494676018
10,215,144,2,6.05,8.28108180067518
10,215,144,3,5.5,7.1340547265987
10,215,144,4,8.3,7.574889264432916
10,215,144,5,5.8,10.29358512554504
10,215,144,0,28.5,26.512162055217324
10,215,144,1,31.0,30.120809383128087
10,215,144,2,16.85,17.09809161404001
10,215,144,3,11.05,16.78807534186723
10,215,144,4,10.1,17.835210591470606
10,215,144,5,4.65,5.183729606333547
10,166,144,0,29.6,28.249639028900138
10,166,144,1,19.2,25.946503668733076
10,166,144,2,10.6,12.893899006078318
10,166,144,3,6.8,8.847241615923368
10,166,144,4,9.6,13.735853967283079
10,166,144,5,7.65,11.806666270419123
10,166,144,0,37.8,41.780882054633054
10,166,144,1,19.5,21.912505441798345
10,166,144,2,11.1,15.613422026206205
10,166,144,3,7.85,11.935241933031772
10,166,144,4,8.7,11.965300708825984
10,166,144,5,5.3,4.437875262116463
10,100,144,0,30.0,24.757773898738403
10,100,144,1,21.65,23.081719811870265
10,100,144,2,12.65,12.877050168910253
10,100,144,3,11.1,17.50759233800251
10,100,144,4,10.2,11.967499848823019
10,100,144,5,9.6,9.161705196373825
10,100,144,0,30.4,29.672599446201826
10,100,144,1,25.85,34.81874117256547
10,100,144,2,12.85,22.370739817896055
10,100,144,3,6.5,6.484800041554664
10,100,144,4,7.2,6.566261453344986
10,100,144,5,6.15,6.3765606964718415
10,51,144,0,28.3,27.22827477767222
10,51,144,1,16.0,20.310743851210216
10,51,144,2,12.7,15.047643634382375
10,51,144,3,10.65,11.347501463920779
10,51,144,4,7.75,8.595439427240962
10,51,144,5,10.0,12.074331189933897
10,51,144,0,25.15,17.655400247367286
10,51,144,1,8.6,9.13869736197037
10,51,144,2,12.85,13.82322606873549
10,51,144,3,11.8,12.475660514103367
10,51,144,4,9.0,11.08816343769574
10,51,144,5,8.5,7.126673395365507
10,100,144,0,40.75,30.640315719137444
10,100,144,1,18.45,21.320795383603155
10,100,144,2,11.9,15.91391314475944
10,100,144,3,6.4,5.2755643250147575
10,100,144,4,21.65,39.163993936428795
10,100,144,5,11.6,17.551128318804974
10,100,144,0,32.6,36.32079294288603
10,100,144,1,17.6,23.718524849843245
10,100,144,2,7.75,7.683714836211097
10,100,144,3,13.45,27.21353185070754
10,100,144,4,6.75,7.311670555747809
10,100,144,5,9.95,12.441336025735467
10,102,144,0,34.65,29.119129180154516
10,102,144,1,21.9,29.613119425438168
10,102,144,2,10.95,12.023989179530798
10,102,144,3,15.5,21.656407827707714
10,102,144,4,16.3,28.0077057065974
10,102,144,5,9.05,13.488689218827206
10,102,144,0,35.95,33.227247854735126
10,102,144,1,13.45,10.990306733902523
10,102,144,2,18.15,22.007833533587654
10,102,144,3,12.75,14.501814768467682
10,102,144,4,6.7,5.620451377265933
10,102,144,5,8.8,13.383414716494599
10,215,144,0,38.1,28.807710956032516
10,215,144,1,16.5,23.700988209466352
10,215,144,2,17.8,22.479464312778312
10,215,144,3,10.55,19.168161650315653
10,215,144,4,6.9,7.826406044855286
10,215,144,5,9.35,13.019317631079879
10,215,144,0,36.1,33.363863211880194
10,215,144,1,28.5,47.2022523994242
10,215,144,2,5.65,7.400391170315541
10,215,144,3,15.5,28.160255680657446
10,215,144,4,16.15,32.988474861445326
10,215,144,5,13.9,17.28979011166021
10,2,144,0,23.1,19.433828346739254
10,2,144,1,9.4,16.772157379356262
10,2,144,2,11.2,19.81121426178405
10,2,144,3,5.2,5.86335632282578
10,2,144,4,8.45,16.037702289818267
10,2,144,5,8.75,17.001160951070677
10,2,144,0,14.2,12.580686953045383
10,2,144,1,7.7,8.885825495520498
10,2,144,2,8.7,11.211366412802022
10,2,144,3,7.75,10.837920756113208
10,2,144,4,10.65,17.613616144455136
10,2,144,5,5.65,12.308640525214285
10,134,144,0,34.65,25.70741240637764
10,134,144,1,12.0,15.478338004075923
10,134,144,2,12.4,22.99519400588786
10,134,144,3,11.35,19.532092350256473
10,134,144,4,6.45,7.229144231220558
10,134,144,5,4.6,5.632611808874608
10,134,144,0,39.25,33.98896879871468
10,134,144,1,13.9,12.025849351774658
10,134,144,2,15.05,15.51730782401584
10,134,144,3,11.1,12.690236611787736
10,134,144,4,6.9,5.748226271047261
10,134,144,5,11.95,13.956605679937482
10,14,144,0,50.7,53.194875099412585
10,14,144,1,18.35,23.96329429949502
10,14,144,2,11.85,15.925071263163693
10,14,144,3,14.2,22.23936765477406
10,14,144,4,11.4,14.968036119115888
10,14,144,5,8.2,7.082966966789523
10,14,144,0,37.3,38.77886022048611
10,14,144,1,10.45,12.326586585186721
10,14,144,2,19.0,26.447564806812103
10,14,144,3,7.4,13.608820668963201
10,14,144,4,6.95,9.533735116058024
10,14,144,5,5.3,3.700640058436549
10,0,144,0,29.85,25.57604759391716
10,0,144,1,9.9,9.031523739249739
10,0,144,2,14.0,29.185432559484372
10,0,144,3,6.55,7.444354978950935
10,0,144,4,3.6,3.1017821702335815
10,0,144,5,2.7,1.9761738683361687
10,0,144,0,28.6,23.685216352911166
10,0,144,1,8.25,10.218018141344345
10,0,144,2,8.45,9.361033456217378
10,0,144,3,12.65,19.04364792564149
10,0,144,4,15.8,26.71605076393314
10,0,144,5,8.0,8.967778578420575
10,83,144,0,37.5,34.92623806342673
10,83,144,1,17.95,11.259966345654108
10,83,144,2,10.0,8.95015436503163
10,83,144,3,12.6,21.646441302270254
10,83,144,4,10.35,12.986936756440661
10,83,144,5,6.9,8.258329128825032
10,83,144,0,36.5,35.89091660485759
10,83,144,1,20.25,29.289615547961166
10,83,144,2,10.25,9.118373585355299
10,83,144,3,5.15,3.360372786337536
10,83,144,4,5.8,7.45936359639064
10,83,144,5,4.15,3.9772378672429913
10,195,144,0,35.4,22.83441539246822
10,195,144,1,29.65,31.354131768355003
10,195,144,2,10.2,12.755184704350826
10,195,144,3,9.85,9.443878552017871
10,195,144,4,9.8,11.79473566781741
10,195,144,5,7.25,6.086006382202579
10,195,144,0,52.75,42.95882361419816
10,195,144,1,16.1,11.977610692234775
10,195,144,2,16.5,26.298889310147082
10,195,144,3,7.7,7.678404439520108
10,195,144,4,9.1,16.517614202643443
10,195,144,5,7.95,12.019611168069412
10,39,144,0,34.7,39.5715208598039
10,39,144,1,19.35,21.23124559402213
10,39,144,2,7.25,6.2565754884046
10,39,144,3,6.85,7.54826574714177
10,39,144,4,6.9,5.9285216050085054
10,39,144,5,9.9,18.390214789392754
10,39,144,0,35.0,27.510763443844265
10,39,144,1,19.6,24.99768410325876
10,39,144,2,7.2,4.5375625267549236
10,39,144,3,7.05,6.74712414370199
10,39,144,4,9.55,15.886024973972699
10,39,144,5,7.6,16.674594605661568
10,152,144,0,43.55,28.817894659943136
10,152,144,1,16.55,16.493938280471404
10,152,144,2,6.5,5.462792808001955
10,152,144,3,14.45,36.49870221196768
10,152,144,4,6.05,4.989198859852942
10,152,144,5,17.65,29.679471906211184
10,152,144,0,33.85,22.410699982022216
10,152,144,1,13.8,14.449913494550755
10,152,144,2,11.45,13.585886639799172
10,152,144,3,13.4,16.142131862075455
10,152,144,4,5.2,4.883915599081066
10,152,144,5,5.05,5.799047108656822
10,70,144,0,36.7,34.3129559695521
10,70,144,1,17.55,22.896736149848724
10,70,144,2,19.3,23.976084575654703
10,70,144,3,6.15,4.944694126030447
10,70,144,4,4.8,4.937504163888984
10,70,144,5,3.3,2.677390717215472
10,70,144,0,40.8,39.341420518596586
10,70,144,1,13.25,21.686461942395013
10,70,144,2,6.65,6.990783406141185
10,70,144,3,9.95,15.428869044748549
10,70,144,4,11.1,16.048938315434814
10,70,144,5,8.9,13.142538407380579
10,8,144,0,27.7,27.05374767306546
10,8,144,1,14.8,19.765999515382603
10,8,144,2,14.55,28.821547129662704
10,8,144,3,7.0,8.194992052274493
10,8,144,4,4.6,3.168928093718425
10,8,144,5,7.0,7.290946079682807
10,8,144,0,26.15,30.095068664064165
10,8,144,1,11.35,12.261514459564335
10,8,144,2,8.75,12.764568560132213
10,8,144,3,7.95,8.369587803470372
10,8,144,4,8.2,10.69972946042636
10,8,144,5,5.35,6.251526129463782
10,18,144,0,34.95,30.766480393270104
10,18,144,1,19.9,24.924939951360912
10,18,144,2,14.9,27.535431719876847
10,18,144,3,9.25,11.317778283000507
10,18,144,4,4.9,8.497058314499201
10,18,144,5,5.65,5.931849804678399
10,18,144,0,37.15,35.47612243689965
10,18,144,1,17.5,26.1161373786199
10,18,144,2,7.9,10.492603911427576
10,18,144,3,11.2,16.58661476835114
10,18,144,4,6.6,11.02342004432763
10,18,144,5,4.85,4.715874646787223
11,135,144,0,41.05,42.37610423961028
11,135,144,1,19.75,12.723269192600164
11,135,144,2,9.25,7.683714836211097
11,135,144,3,9.85,8.89869889957308
11,135,144,4,15.95,29.32660907776417
11,135,144,5,27.15,33.75963800005469
11,135,144,0,26.5,19.621416870348586
11,135,144,1,16.2,17.503683822796305
11,135,144,2,17.05,26.02524078456791
11,135,144,3,8.75,7.55941378958086
11,135,144,4,26.55,34.737322564460385
11,135,144,5,32.6,44.976485084167216
11,341,144,0,27.25,38.046889353450226
11,341,144,1,17.1,17.98800770103881
11,341,144,2,14.55,17.030854353202603
11,341,144,3,13.55,23.576248083276745
11,341,144,4,10.2,15.042396225685797
11,341,144,5,15.55,17.512326485860424
11,341,144,0,20.0,14.447727921900494
11,341,144,1,29.85,36.615031425847356
11,341,144,2,13.6,15.935395887936489
11,341,144,3,12.2,16.83229977719841
11,341,144,4,8.25,11.871571527237485
11,341,144,5,28.4,36.43653458592871
11,471,144,0,27.85,24.495488306388605
11,471,144,1,15.2,21.542125194482015
11,471,144,2,15.4,25.056567581122685
11,471,144,3,14.05,22.33353626511626
11,471,144,4,5.7,7.233693094780402
11,471,144,5,11.8,12.288634029695467
11,471,144,0,36.85,34.64143396813159
11,471,144,1,11.95,15.584996158586563
11,471,144,2,9.1,9.31269648326808
11,471,144,3,8.95,9.179353262392153
11,471,144,4,8.45,9.040697457957311
11,471,144,5,18.4,21.463310187632437
11,520,144,0,17.6,15.510268245669758
11,520,144,1,17.4,23.549276444354536
11,520,144,2,12.3,10.969335248294387
11,520,144,3,12.85,14.988679939067
11,520,144,4,9.45,7.451421623457252
11,520,144,5,16.0,17.711132389723584
11,520,144,0,41.2,40.92560644826042
11,520,144,1,22.15,19.383321642451712
11,520,144,2,11.25,12.234012123239824
11,520,144,3,5.3,3.8127210893616588
11,520,144,4,7.9,10.04149286447829
11,520,144,5,12.65,19.759807691371897
11,582,144,0,31.7,43.4803040709844
11,582,144,1,19.9,27.956545227417344
11,582,144,2,6.75,7.099851740483185
11,582,144,3,7.75,8.365813893774064
11,582,144,4,8.15,10.100937944984171
11,582,144,5,16.6,23.840257858019115
11,582,144,0,29.4,29.778833881944088
11,582,144,1,24.5,21.866821779509753
11,582,144,2,13.85,23.653807972057
11,582,144,3,6.25,5.972524812135898
11,582,144,4,7.4,6.854886846929753
11,582,144,5,20.25,31.63920785487858
11,245,144,0,26.75,24.986048738825183
11,245,144,1,15.65,20.51514203293701
11,245,144,2,22.0,25.904683583841496
11,245,144,3,12.05,20.66136745869348
11,245,144,4,3.95,4.5707882540277325
11,245,144,5,19.2,29.342980869635408
11,245,144,0,29.2,31.860881806279064
11,245,144,1,22.8,28.09869822794756
11,245,144,2,10.15,10.189132497550101
11,245,144,3,10.05,10.018272778961663
11,245,144,4,9.95,11.170803109233606
11,245,144,5,14.55,23.098131617308926
11,471,144,0,36.9,40.52796305606395
11,471,144,1,12.0,18.584090536064217
11,471,144,2,12.5,18.560002268602407
11,471,144,3,7.2,7.49455943018878
11,471,144,4,6.8,7.149530717025014
11,471,144,5,10.25,9.694681124475583
11,471,144,0,27.25,23.77720049034147
11,471,144,1,22.05,37.74634872547626
11,471,144,2,8.65,9.609616893617833
11,471,144,3,15.45,23.16638899240381
11,471,144,4,8.45,13.44178481256743
11,471,144,5,19.5,30.313276577138694
11,738,144,0,26.05,30.65165059520492
11,738,144,1,15.65,17.03950518184449
11,738,144,2,6.6,7.029262145900483
11,738,144,3,7.25,9.770390284721971
11,738,144,4,9.05,20.174175780463813
11,738,144,5,20.2,35.446921030271675
11,738,144,0,40.0,33.57944233260018
11,738,144,1,16.95,25.413371946363405
11,738,144,2,10.25,12.003837105824033
11,738,144,3,8.75,15.265630471232116
11,738,144,4,8.3,8.473488065725943
11,738,144,5,17.3,28.886529368329597
11,834,144,0,25.35,27.42890331096206
11,834,144,1,21.6,21.73137436010312
11,834,144,2,13.0,12.523661815266248
11,834,144,3,10.0,13.329824099601456
11,834,144,4,7.45,7.687823591820208
11,834,144,5,18.15,23.004061426306077
11,834,144,0,32.7,23.92554239609561
11,834,144,1,15.9,16.07842621258947
11,834,144,2,18.15,23.152298965079492
11,834,144,3,10.4,9.236084839253845
11,834,144,4,7.95,8.72066511224918
11,834,144,5,31.55,41.95796768948156
11,561,144,0,35.4,32.88160580020386
11,561,144,1,19.25,24.17235262813588
11,561,144,2,9.75,12.92437517577583
11,561,144,3,7.6,9.258850673246313
11,561,144,4,6.1,5.811965878119128
11,561,144,5,30.95,23.047947733732002
11,561,144,0,44.4,35.3990781919827
11,561,144,1,18.95,19.81885067568912
11,561,144,2,7.45,8.146520083672796
11,561,144,3,6.55,6.739319034786198
11,561,144,4,4.0,4.052289801035823
11,561,144,5,21.2,32.61514017172167
11,58,144,0,38.3,35.29141836943247
11,58,144,1,15.1,20.46023100142271
11,58,144,2,18.15,18.957778572951334
11,58,144,3,11.65,10.373422517994825
11,58,144,4,10.35,9.680555660432764
11,58,144,5,33.85,38.062656101140455
11,58,144,0,21.85,15.825612152457168
11,58,144,1,26.95,25.875155733068087
11,58,144,2,10.3,15.040646682625685
11,58,144,3,11.85,22.086611805630838
11,58,144,4,4.95,4.058454463410788
11,58,144,5,18.25,22.72924154151721
11,330,144,0,32.4,35.11245093305672
11,330,144,1,9.65,10.469378908838962
11,330,144,2,17.75,20.834877135782634
11,330,144,3,9.3,11.230128649026431
11,330,144,4,7.5,8.262152134567412
11,330,144,5,21.25,37.96657116880308
11,330,144,0,43.9,47.40186538634596
11,330,144,1,15.3,16.648375928379068
11,330,144,2,14.55,27.49253487192861
11,330,144,3,7.9,9.301386427500162
11,330,144,4,6.35,7.788486779586229
11,330,144,5,12.2,17.506690450405404
11,743,144,0,41.95,35.452674162369725
11,743,144,1,24.0,18.98475842963452
11,743,144,2,19.55,16.452403439843323
11,743,144,3,13.25,20.723429405283998
11,743,144,4,12.4,21.977021492554684
11,743,144,5,19.5,41.42145388690821
11,743,144,0,31.35,32.21028766681458
11,743,144,1,18.4,36.33383228371393
11,743,144,2,16.55,22.93118997531987
11,743,144,3,11.5,14.493192594419885
11,743,144,4,13.3,21.388880534668377
11,743,144,5,26.5,34.97292185617174
11,651,144,0,40.9,35.517082620828205
11,651,144,1,23.1,29.74257979112738
11,651,144,2,13.5,20.441186493527177
11,651,144,3,10.3,12.083481547790333
11,651,144,4,8.05,8.964696842263223
11,651,144,5,27.05,41.297986442567954
11,651,144,0,18.95,22.873738101518132
11,651,144,1,19.45,21.473300435167094
11,651,144,2,13.6,13.705166140815965
11,651,144,3,14.75,17.320128235820402
11,651,144,4,11.0,16.945733821137463
11,651,144,5,27.75,51.82346044632275
11,258,144,0,32.65,40.74861960852171
11,258,144,1,17.6,20.02472156321307
11,258,144,2,15.25,26.39352990891199
11,258,144,3,13.9,19.6840838723761
11,258,144,4,8.75,18.188703839702846
11,258,144,5,8.9,11.764800309218575
11,258,144,0,32.1,29.64509367412032
11,258,144,1,17.3,22.9532706074526
11,258,144,2,15.45,25.644277088044834
11,258,144,3,8.05,6.801509120466536
11,258,144,4,10.6,22.511751317221435
11,258,144,5,17.95,27.910524330815655
11,742,144,0,49.05,44.85001320189913
11,742,144,1,13.9,13.353099383959318
11,742,144,2,15.2,21.593371302567054
11,742,144,3,5.35,3.3915529745158586
11,742,144,4,5.65,3.4984959174208745
11,742,144,5,35.3,49.17648132786112
11,742,144,0,17.35,13.71620248196693
11,742,144,1,18.45,26.988252805131424
11,742,144,2,17.0,27.739388677664227
11,742,144,3,8.2,12.730402896009883
11,742,144,4,5.2,5.197165219212246
11,742,144,5,12.0,20.070926866070682
11,617,144,0,37.8,30.865753463055224
11,617,144,1,11.35,12.999089036908458
11,617,144,2,13.95,20.045934093581433
11,617,144,3,10.9,12.514833304186633
11,617,144,4,17.7,22.9440968213475
11,617,144,5,25.3,25.194193148839926
11,617,144,0,30.95,37.06818042472546
11,617,144,1,11.5,10.47050996596481
11,617,144,2,12.75,29.78320791459863
11,617,144,3,6.1,6.664122321490615
11,617,144,4,9.4,24.273442277518033
11,617,144,5,21.3,28.107125899241094
11,427,144,0,46.3,40.128871349559205
11,427,144,1,12.45,16.80687515963568
11,427,144,2,19.5,27.259957137858724
11,427,144,3,17.55,26.908177195789385
11,427,144,4,7.65,5.8153607843909025
11,427,144,5,24.05,30.112901588941295
11,427,144,0,23.35,16.410122036814894
11,427,144,1,17.3,25.768401702779116
11,427,144,2,10.55,11.997697147457309
11,427,144,3,8.05,12.605241182268504
11,427,144,4,10.45,17.16629193936094
11,427,144,5,15.8,21.895926081062854
11,726,144,0,40.8,30.254360277313314
11,726,144,1,12.6,18.091579896678308
11,726,144,2,12.2,15.969049011002172
11,726,144,3,10.15,15.868787636509337
11,726,144,4,4.8,4.060075187273727
11,726,144,5,22.25,35.34324174212243
11,726,144,0,26.95,38.71688738032866
11,726,144,1,18.5,23.93961702195536
11,726,144,2,12.5,16.188039769501042
11,726,144,3,13.9,20.827360547328627
11,726,144,4,10.05,11.776314319317756
11,726,144,5,14.95,18.354620815019793
11,289,144,0,39.1,38.11464699809606
11,289,144,1,12.2,13.5514613700205
11,289,144,2,9.1,9.221827653082544
11,289,144,3,9.4,15.938698355360074
11,289,144,4,15.0,18.83166426387664
11,289,144,5,14.25,21.792985351399558
11,289,144,0,37.8,29.936072238231784
11,289,144,1,17.3,18.336331493283463
11,289,144,2,16.4,31.90512250572411
11,289,144,3,12.0,11.16856490804719
11,289,144,4,5.0,3.448874721138079
11,289,144,5,13.9,24.389169295967594
12,488,144,0,31.5,32.76631775081491
12,488,144,1,19.1,29.483090604259033
12,488,144,2,13.0,20.930964219497746
12,488,144,3,8.45,9.84872420271035
12,488,144,4,9.85,14.687176648176354
12,488,144,5,17.2,18.449361706260223
12,488,144,0,39.75,37.162339453863915
12,488,144,1,9.6,16.125821072527064
12,488,144,2,11.75,14.660634724537534
12,488,144,3,15.55,21.157243378295313
12,488,144,4,9.3,10.463470290793383
12,488,144,5,41.6,42.07937361951252
12,264,144,0,24.7,20.147090687190914
12,264,144,1,19.25,24.172352628135876
12,264,144,2,18.55,22.859928166761016
12,264,144,3,9.95,12.352178584746648
12,264,144,4,4.6,3.5153797429071734
12,264,144,5,21.55,33.103466188364784
12,264,144,0,26.45,27.89166070426975
12,264,144,1,12.75,12.04323352277994
12,264,144,2,12.65,17.008589161454804
12,264,144,3,11.85,19.828939510353628
12,264,144,4,15.9,23.54592377282721
12,264,144,5,18.25,25.076462018562765
12,328,144,0,33.35,32.56778356467922
12,328,144,1,16.55,16.103203342650083
12,328,144,2,15.95,18.19911796590269
12,328,144,3,19.6,29.596230200910103
12,328,144,4,13.85,23.553466612659893
12,328,144,5,34.3,38.67149092711988
12,328,144,0,30.8,22.27956344654044
12,328,144,1,24.95,26.966792444353523
12,328,144,2,12.3,15.068614995902474
12,328,144,3,13.3,10.618256373861607
12,328,144,4,11.6,10.884078183049624
12,328,144,5,25.7,32.02318239223447
12,356,144,0,27.65,25.045800152184356
12,356,144,1,11.7,13.079111510142301
12,356,144,2,12.25,12.396412893719656
12,356,144,3,7.6,9.23038460737146
12,356,144,4,7.0,6.382541978339286
12,356,144,5,18.0,32.58995647677202
12,356,144,0,30.45,36.06350393111398
12,356,144,1,11.25,13.909008818596295
12,356,144,2,10.85,16.796851208673484
12,356,144,3,12.5,18.236747170710597
12,356,144,4,4.9,4.3637260756328295
12,356,144,5,19.4,25.915652656870883
12,40,144,0,47.15,38.339583777220724
12,40,144,1,10.0,8.69966726526456
12,40,144,2,9.9,12.447362857459533
12,40,144,3,5.7,3.599707590463718
12,40,144,4,7.3,12.448208495074386
12,40,144,5,22.95,29.876015728163512
12,40,144,0,35.7,23.888116402578873
12,40,144,1,16.5,17.497368223159793
12,40,144,2,13.05,13.188811047327398
12,40,144,3,8.3,6.6022324772920955
12,40,144,4,17.45,29.07788995457762
12,40,144,5,21.85,31.22292511331343
12,297,144,0,27.75,29.040579594042107
12,297,144,1,12.15,11.63603748795322
12,297,144,2,6.95,6.1855093820791724
12,297,144,3,8.4,11.988591067739097
12,297,144,4,7.65,7.855772265967036
12,297,144,5,19.9,19.48521706860168
12,297,144,0,34.65,31.174002326500066
12,297,144,1,16.55,17.774834368907783
12,297,144,2,7.75,6.356720438783045
12,297,144,3,12.45,26.601295971595462
12,297,144,4,16.65,24.5512889574801
12,297,144,5,21.9,30.806526991258814
12,719,144,0,23.45,18.216461612624183
12,719,144,1,19.0,20.018412577056733
12,719,144,2,16.2,27.277521109784463
12,719,144,3,8.65,11.860039052034756
12,719,144,4,9.55,12.79175309988514
12,719,144,5,13.7,21.718534408244615
12,719,144,0,28.2,24.53483023656047
12,719,144,1,18.8,22.199099080818574
12,719,144,2,10.15,8.92822254957485
12,719,144,3,7.5,8.281240690163585
12,719,144,4,7.6,7.293833011524187
12,719,144,5,16.9,21.669527476450234
12,30,144,0,33.8,20.689687235304856
12,30,144,1,10.95,9.081357422300862
12,30,144,2,9.8,12.500947332523497
12,30,144,3,9.8,16.07744415404127
12,30,144,4,11.4,13.128514567034692
12,30,144,5,23.65,35.649278430728145
12,30,144,0,31.85,24.123094416150806
12,30,144,1,17.0,15.321124048360915
12,30,144,2,11.2,11.936675019716162
12,30,144,3,8.5,7.8706650558293125
12,30,144,4,12.4,21.844907873461036
12,30,144,5,20.9,24.867861313667277
12,399,144,0,26.4,35.98011146526136
12,399,144,1,15.5,15.849622276754406
12,399,144,2,13.05,18.14988763195606
12,399,144,3,6.05,4.639362478889348
12,399,144,4,10.55,17.169357649756822
12,399,144,5,10.25,11.252485105639183
12,399,144,0,36.3,27.8512968610459
12,399,144,1,11.7,12.986227522385315
12,399,144,2,12.25,15.179192822309169
12,399,144,3,8.8,10.298696902751185
12,399,144,4,6.95,7.16332031216927
12,399,144,5,30.9,32.636595539686006
12,370,144,0,34.25,30.934353242411834
12,370,144,1,10.4,10.169096632237766
12,370,144,2,15.65,20.525401464116552
12,370,144,3,9.6,16.85042557638421
12,370,144,4,9.75,15.525446005967446
12,370,144,5,18.8,24.767550927521448
12,370,144,0,33.5,40.87657931923983
12,370,144,1,16.0,17.14028802804114
12,370,144,2,16.35,11.268376803669359
12,370,144,3,10.45,12.163253546732685
12,370,144,4,9.05,9.896703332024522
12,370,144,5,26.7,29.209046904214997
12,238,144,0,15.35,23.508732979805387
12,238,144,1,13.5,20.345696557774883
12,238,144,2,17.75,25.833220146894092
12,238,144,3,12.7,31.777350424476868
12,238,144,4,7.35,8.737547530177176
12,238,144,5,22.0,22.50847793493306
12,238,144,0,16.85,19.41858849008775
12,238,144,1,25.1,32.647882175208785
12,238,144,2,14.45,21.80891898669948
12,238,144,3,12.0,21.715868561225477
12,238,144,4,12.95,12.525657877459288
12,238,144,5,17.05,17.58131484215408
12,163,144,0,33.3,27.53390254710879
12,163,144,1,14.65,15.614686069615091
12,163,144,2,10.0,23.47226807151479
12,163,144,3,5.35,4.428080254110363
12,163,144,4,7.7,9.05596633804419
12,163,144,5,6.5,8.702691658634308
12,163,144,0,46.85,38.80623254337538
12,163,144,1,18.35,21.76978833637402
12,163,144,2,10.2,10.07132458752911
12,163,144,3,18.4,29.555300530931575
12,163,144,4,9.05,9.928560610152594
12,163,144,5,22.8,29.079926156425465
12,201,144,0,22.35,15.006226777750065
12,201,144,1,24.45,23.62085385506005
12,201,144,2,10.95,12.642763688537823
12,201,144,3,8.9,16.745462857615774
12,201,144,4,11.55,16.16843904193078
12,201,144,5,14.6,12.567292552704547
12,201,144,0,32.6,20.399690400127465
12,201,144,1,18.45,16.80687515963568
12,201,144,2,10.05,9.11028915134161
12,201,144,3,9.7,11.626195467676927
12,201,144,4,8.6,10.898575474272821
12,201,144,5,14.55,15.919121239962701
12,722,144,0,35.35,31.163870781808587
12,722,144,1,14.85,16.75292590313076
12,722,144,2,13.6,13.228358691999947
12,722,144,3,8.85,12.110347902343248
12,722,144,4,14.0,23.666543118036792
12,722,144,5,11.85,16.74978397346947
12,722,144,0,26.95,21.888413180926282
12,722,144,1,10.7,14.829203052015128
12,722,144,2,16.15,20.54078100293478
12,722,144,3,7.9,8.403633299447266
12,722,144,4,5.45,5.306153329663093
12,722,144,5,25.85,27.034626918668195
12,394,144,0,42.2,48.932391596655286
12,394,144,1,12.65,16.07638018958248
12,394,144,2,8.65,8.77961154877415
12,394,144,3,8.45,12.343653813749162
12,394,144,4,8.85,18.134802249585714
12,394,144,5,10.65,21.534000043994077
12,394,144,0,42.0,43.054433111194435
12,394,144,1,16.5,19.637504397131742
12,394,144,2,9.9,11.7871473268668
12,394,144,3,8.6,14.98209457635136
12,394,144,4,8.1,7.6770334182718765
12,394,144,5,15.95,35.68793840176848
12,549,144,0,40.5,45.51980482799709
12,549,144,1,16.6,17.40356890199007
12,549,144,2,23.2,26.882982290700284
12,549,144,3,19.8,29.706635799536702
12,549,144,4,10.65,12.196958205785744
12,549,144,5,21.0,22.920916671298983
12,549,144,0,30.75,32.6397803785181
12,549,144,1,28.4,38.92557000224917
12,549,144,2,11.4,14.394443372357266
12,549,144,3,10.9,11.800535224257729
12,549,144,4,9.75,14.653452979094254
12,549,144,5,21.6,26.933446239124123
12,264,144,0,33.4,26.892378102354574
12,264,144,1,17.05,20.098376472792648
12,264,144,2,21.45,23.41496372655293
12,264,144,3,12.5,14.680814547887787
12,264,144,4,6.55,5.185759853980697
12,264,144,5,12.65,15.19097723892983
12,264,144,0,62.6,35.056946154567015
12,264,144,1,9.85,10.998923392290433
12,264,144,2,11.3,14.231543911510908
12,264,144,3,7.55,7.430201527337068
12,264,144,4,7.85,8.916424820461808
12,264,144,5,10.1,10.973173028608885
12,6,144,0,55.75,56.132245165933114
12,6,144,1,10.0,13.806939521391714
12,6,144,2,10.1,14.987363098009567
12,6,144,3,8.9,10.71103710148899
12,6,144,4,12.5,19.345882194791137
12,6,144,5,22.8,35.90865604485036
12,6,144,0,24.5,21.473361710684582
12,6,144,1,17.25,39.636340316484954
12,6,144,2,6.9,8.759355900377248
12,6,144,3,14.2,25.543770483746442
12,6,144,4,4.25,4.586880604965702
12,6,144,5,15.25,19.745419188950343
12,163,144,0,25.15,23.647131794474845
12,163,144,1,17.5,20.658883650483403
12,163,144,2,13.8,17.93144841069073
12,163,144,3,9.9,20.30789320229426
12,163,144,4,7.4,11.33880157038792
12,163,144,5,13.4,21.6196791446078
12,163,144,0,46.15,44.28053510825817
12,163,144,1,11.0,15.744673284705062
12,163,144,2,6.0,6.078434701553735
12,163,144,3,9.35,16.576060734495524
12,163,144,4,6.55,6.793766492741323
12,163,144,5,32.2,69.85518855762292
12,212,144,0,45.35,45.534573330833496
12,212,144,1,15.65,17.033326466850678
12,212,144,2,11.8,21.11522274518901
12,212,144,3,10.75,14.599477279755781
12,212,144,4,14.25,30.724368864229955
12,212,144,5,20.6,24.271273902333707
12,212,144,0,27.5,25.125998278151737
12,212,144,1,17.0,19.8997487421324
12,212,144,2,19.0,33.41761275293708
12,212,144,3,8.6,7.457952308212955
12,212,144,4,9.45,17.5693363263206
12,212,144,5,17.75,20.892897307332387
13,391,144,0,33.95,24.843669107779593
13,391,144,1,23.9,36.21558257232142
13,391,144,2,12.4,12.853015210447703
13,391,144,3,16.05,22.732946181814246
13,391,144,4,5.6,5.950674442093893
13,391,144,5,13.1,20.993482697958278
13,391,144,0,27.6,23.259180417293525
13,391,144,1,11.8,16.152562123635207
13,391,144,2,12.7,17.27212539873057
13,391,144,3,8.65,17.61959136870092
13,391,144,4,4.45,3.5611204623500763
13,391,144,5,12.25,17.02900003245238
13,182,144,0,35.2,32.666738274178584
13,182,144,1,14.3,19.42353428731564
13,182,144,2,9.75,14.374227668039477
13,182,144,3,6.25,6.290134296951394
13,182,144,4,9.35,11.868911181383865
13,182,144,5,19.45,35.025517014103634
13,182,144,0,33.55,30.863835079093356
13,182,144,1,23.75,33.57611149549475
13,182,144,2,15.45,17.93401648734664
13,182,144,3,6.05,5.206018783960289
13,182,144,4,6.15,5.612720514950604
13,182,144,5,11.15,15.104112371348268
13,436,144,0,24.25,46.13010776169142
13,436,144,1,15.75,25.965310867021262
13,436,144,2,13.95,20.663914644158126
13,436,144,3,4.7,6.618156843109719
13,436,144,4,7.75,10.847628894444117
13,436,144,5,7.8,12.206986782813745
13,436,144,0,34.6,27.19597493438283
13,436,144,1,11.5,12.758897824036781
13,436,144,2,11.3,12.295056773054428
13,436,144,3,11.2,16.146043999757506
13,436,144,4,6.95,5.915857369904436
13,436,144,5,22.85,32.097343716952814
13,457,144,0,29.7,29.631242402501275
13,457,144,1,15.6,15.79940038835585
13,457,144,2,7.95,10.190165537625507
13,457,144,3,13.3,17.214131281870532
13,457,144,4,10.9,12.985416921746447
13,457,144,5,11.3,16.824480910112406
13,457,144,0,44.55,34.51082972663875
13,457,144,1,20.35,26.362403452444802
13,457,144,2,8.2,8.476593158748823
13,457,144,3,10.55,9.627127242712046
13,457,144,4,10.85,14.510522497756405
13,457,144,5,19.6,25.55983691571397
13,61,144,0,35.85,30.963943377316852
13,61,144,1,18.15,28.18225458837902
13,61,144,2,6.25,7.077577640913443
13,61,144,3,10.8,17.175870467484014
13,61,144,4,10.3,20.74684503598965
13,61,144,5,14.1,17.645336345245507
13,61,144,0,42.2,28.69549753789553
13,61,144,1,14.45,18.1121506177483
13,61,144,2,10.75,17.698870020427858
13,61,144,3,11.35,19.2689414671164
13,61,144,4,5.45,5.020746432239145
13,61,144,5,15.1,22.96198230943808
13,406,144,0,39.8,36.9987197502548
13,406,144,1,19.95,21.92685207924893
13,406,144,2,7.4,8.375402582625664
13,406,144,3,6.2,7.409808577682337
13,406,144,4,7.1,6.61656613119079
13,406,144,5,10.85,11.361407436905363
13,406,144,0,43.7,34.199261303194994
13,406,144,1,15.15,13.263622590021413
13,406,144,2,11.2,8.691193364852905
13,406,144,3,6.65,6.690724136719747
13,406,144,4,11.75,14.635483197388892
13,406,144,5,26.9,28.213285411029506
13,131,144,0,33.7,28.252806101900376
13,131,144,1,14.6,18.22779831957078
13,131,144,2,12.6,14.691207538775306
13,131,144,3,12.25,17.728582334155977
13,131,144,4,10.3,13.719367792707466
13,131,144,5,25.05,28.96726827954178
13,131,144,0,24.8,20.04363660669023
13,131,144,1,12.7,15.075598966891045
13,131,144,2,13.2,19.329824242945353
13,131,144,3,14.75,26.852178192545395
13,131,144,4,15.5,19.856060986377354
13,131,144,5,35.1,36.927952613305365
13,254,144,0,42.3,29.58324561390504
13,254,144,1,14.05,16.26580203339121
13,254,144,2,12.05,12.07640152049486
13,254,144,3,10.15,8.080353040750007
13,254,144,4,16.25,22.959632768014938
13,254,144,5,22.9,36.62024174228179
13,254,144,0,44.2,33.7897524172796
13,254,144,1,27.5,26.474416647815026
13,254,144,2,14.0,15.864558314882766
13,254,144,3,8.6,12.92244070151651
13,254,144,4,8.85,11.273046569023318
13,254,144,5,15.1,17.79680633679744
13,219,144,0,30.35,28.143008854214948
13,219,144,1,22.1,27.33977245506511
13,219,144,2,11.15,14.826274685592184
13,219,144,3,10.1,9.872343080279212
13,219,144,4,15.95,21.84508857241925
13,219,144,5,10.3,8.784555825574312
13,219,144,0,29.2,29.02557855627198
13,219,144,1,28.5,36.156822170562556
13,219,144,2,7.6,9.582879470564597
13,219,144,3,6.65,4.439950213092129
13,219,144,4,8.15,8.875009266118216
13,219,144,5,7.3,7.623371266945105
13,453,144,0,26.0,31.469283269144917
13,453,144,1,14.2,19.239761460388006
13,453,144,2,10.55,18.488901364986795
13,453,144,3,5.15,8.21599851381117
13,453,144,4,4.2,3.805812728750035
13,453,144,5,17.5,34.65240934890691
13,453,144,0,32.35,44.82395388746137
13,453,144,1,33.75,45.76470140552478
13,453,144,2,8.3,11.159607614305404
13,453,144,3,11.65,14.974627664293044
13,453,144,4,10.25,13.83312195991544
13,453,144,5,13.85,18.502560278029232
13,253,144,0,35.75,42.720480728617865
13,253,144,1,15.5,18.726564301182314
13,253,144,2,10.0,13.71130920080209
13,253,144,3,10.3,16.21922186464988
13,253,144,4,8.3,5.6577845766509585
13,253,144,5,28.05,44.08063783089972
13,253,144,0,22.5,20.866745137456846
13,253,144,1,12.95,13.720806328922126
13,253,144,2,17.4,25.47113949882143
13,253,144,3,10.55,18.314432042862578
13,253,144,4,4.2,3.1556132109056247
13,253,144,5,18.75,22.23765180712066
13,383,144,0,28.55,24.938819876692346
13,383,144,1,10.1,8.162172053539361
13,383,144,2,10.6,10.970774573239673
13,383,144,3,6.85,5.441313695868131
13,383,144,4,5.0,2.7909628596974425
13,383,144,5,11.05,16.81000641848401
13,383,144,0,32.8,29.539625483140618
13,383,144,1,11.9,11.884975034847459
13,383,144,2,13.05,12.779403659589788
13,383,144,3,12.5,27.942610359166707
13,383,144,4,11.25,18.12202788698997
13,383,144,5,13.85,23.272470748436703
13,91,144,0,35.0,42.64788512063826
13,91,144,1,18.3,22.08619478316715
13,91,144,2,11.1,11.880545796429248
13,91,144,3,5.8,4.774934554525329
13,91,144,4,7.6,11.287627133981236
13,91,144,5,42.05,52.9999751737777
13,91,144,0,27.3,20.685871099808555
13,91,144,1,9.7,10.863264993352113
13,91,144,2,7.05,5.906953975032978
13,91,144,3,9.1,19.02048756915608
13,91,144,4,6.85,9.959259114274673
13,91,144,5,17.1,23.86342720345795
13,325,144,0,44.6,36.60227200310759
13,325,144,1,17.8,23.902433260851787
13,325,144,2,13.6,16.148651565019943
13,325,144,3,10.05,9.31594558299173
13,325,144,4,7.3,7.197221686178633
13,325,144,5,19.6,24.887959464684716
13,325,144,0,41.85,33.08247270081244
13,325,144,1,26.45,28.081601018985253
13,325,144,2,10.15,13.13202193114221
13,325,144,3,8.85,13.704686098288846
13,325,144,4,5.25,3.7257991018529735
13,325,144,5,16.7,19.695310689549803
13,182,144,0,32.1,37.84024590996094
13,182,144,1,17.7,20.25911101078644
13,182,144,2,12.45,12.326586585186725
13,182,144,3,13.5,18.61663093495762
13,182,144,4,6.05,5.906953975032978
13,182,144,5,26.05,42.364924667763354
13,182,144,0,29.5,28.93095228297887
13,182,144,1,24.05,32.436942876262165
13,182,144,2,10.25,15.800982647657674
13,182,144,3,10.05,9.572301048777199
13,182,144,4,6.35,7.442940844924983
13,182,144,5,8.35,9.959259114274673
13,322,144,0,25.6,32.256211152191085
13,322,144,1,14.25,16.641340406539246
13,322,144,2,14.85,16.37801800231672
13,322,144,3,10.25,9.759610647971567
13,322,144,4,6.25,5.504782609599345
13,322,144,5,15.2,24.412248866846376
13,322,144,0,29.8,24.993893991175227
13,322,144,1,13.5,18.91949704461122
13,322,144,2,19.65,21.06200120446398
13,322,144,3,16.45,24.93459866383086
13,322,144,4,10.9,10.406981462359521
13,322,144,5,17.55,36.48283662794126
13,112,144,0,32.55,23.338414233777076
13,112,144,1,20.9,21.395769380146653
13,112,144,2,12.35,17.667320411605033
13,112,144,3,6.5,8.042649471804413
13,112,144,4,7.55,8.85838882820002
13,112,144,5,13.05,17.679827934385383
13,112,144,0,45.15,34.385240101562545
13,112,144,1,19.85,19.32621617334721
13,112,144,2,14.15,17.661361335144193
13,112,144,3,13.85,16.349070470921518
13,112,144,4,7.3,10.224325997603126
13,112,144,5,22.75,35.525935670481054
13,393,144,0,46.85,35.96822428053318
13,393,144,1,14.6,19.082645739547033
13,393,144,2,9.6,9.659464951947118
13,393,144,3,13.0,16.610079374948974
13,393,144,4,11.3,16.451203763346857
13,393,144,5,22.2,30.505564634738537
13,393,144,0,46.7,46.01956105831519
13,393,144,1,36.1,57.698764011207835
13,393,144,2,9.4,11.175160425081861
13,393,144,3,5.0,4.103913408340616
13,393,144,4,8.4,10.619743281662746
13,393,144,5,21.0,22.576186802166475
13,453,144,0,26.95,26.51608250814866
13,453,144,1,22.95,29.059784111923115
13,453,144,2,9.85,11.988042287827351
13,453,144,3,6.8,5.890223836332985
13,453,144,4,6.2,7.338435226868693
13,453,144,5,11.55,14.712955265057355
13,453,144,0,26.6,26.302691477249407
13,453,144,1,21.7,34.65180180627052
13,453,144,2,9.6,9.869677113046276
13,453,144,3,8.0,6.585470450365075
13,453,144,4,7.9,8.620050067017868
13,453,144,5,13.3,18.550358203379368
13,716,144,0,26.5,23.0137258814684
13,716,144,1,26.5,26.39677013735223
13,716,144,2,17.8,26.428851857890383
13,716,144,3,9.2,11.642029123192536
13,716,144,4,6.85,7.292930968085682
13,716,144,5,10.85,10.791200118615167
13,716,144,0,32.9,34.87104061659488
13,716,144,1,11.3,13.592180414527046
13,716,144,2,6.8,6.3874877690685254
13,716,144,3,4.85,3.281126250799291
13,716,144,4,6.45,7.535704486327948
13,716,144,5,8.05,11.527883815477924
14,613,144,0,37.45,49.154402276478706
14,613,144,1,21.1,26.4632814132695
14,613,144,2,14.0,18.513153218867476
14,613,144,3,17.85,30.733617801324574
14,613,144,4,6.8,7.92464510246358
14,613,144,5,18.45,31.106734759026395
14,613,144,0,21.65,20.51514203293701
14,613,144,1,21.55,28.502031321884484
14,613,144,2,10.3,11.337408967893111
14,613,144,3,4.75,4.529145382380305
14,613,144,4,6.3,6.070636834710784
14,613,144,5,15.25,20.07322122944685
14,123,144,0,38.05,37.08947219048043
14,123,144,1,13.6,18.613520835530736
14,123,144,2,12.05,14.587215022246815
14,123,144,3,11.1,11.021032523985074
14,123,144,4,10.15,17.15340997248683
14,123,144,5,20.7,24.838637135254466
14,123,144,0,37.8,30.92537707722286
14,123,144,1,15.1,13.26610243003613
14,123,144,2,11.5,10.874886569281395
14,123,144,3,5.4,3.6331804249169903
14,123,144,4,4.2,3.1556132109056243
14,123,144,5,7.15,6.22621791087368
14,680,144,0,37.9,35.64577187594033
14,680,144,1,18.5,38.17204819181039
14,680,144,2,11.85,19.540174539973577
14,680,144,3,10.65,14.131990585007365
14,680,144,4,6.3,5.795642646351699
14,680,144,5,17.95,36.74016159033885
14,680,144,0,47.05,42.05569615340315
14,680,144,1,16.2,18.118324542035513
14,680,144,2,11.95,22.141827528814993
14,680,144,3,12.25,17.07221503835368
14,680,144,4,11.25,24.07635879097126
14,680,144,5,18.1,22.613223890830827
14,594,144,0,26.4,30.000701746178507
14,594,144,1,13.85,19.797062514689557
14,594,144,2,13.45,16.98753412916288
14,594,144,3,11.2,16.59295982606701
14,594,144,4,8.6,8.56184928376427
14,594,144,5,9.15,12.31291576909556
14,594,144,0,31.85,20.008616564922853
14,594,144,1,17.55,17.21527779252151
14,594,144,2,21.0,34.10047074840988
14,594,144,3,9.75,10.135269321065243
14,594,144,4,9.0,10.244382285967887
14,594,144,5,31.55,36.40918767795323
14,188,144,0,26.7,26.891790960302952
14,188,144,1,14.05,20.747796331937977
14,188,144,2,8.4,11.573108575713924
14,188,144,3,7.0,7.643366577077076
14,188,144,4,9.95,16.113005534921815
14,188,144,5,14.1,19.54993606127652
14,188,144,0,34.15,27.50554967925373
14,188,144,1,26.85,46.644540493982106
14,188,144,2,10.05,12.943094074081602
14,188,144,3,8.4,10.73312629199899
14,188,144,4,4.3,4.053588403793412
14,188,144,5,14.6,37.27056126277286
14,504,144,0,27.45,24.83307429512843
14,504,144,1,16.3,27.484158116420833
14,504,144,2,13.4,19.408082960728667
14,504,144,3,21.0,30.520053804187935
14,504,144,4,10.5,14.569253855113406
14,504,144,5,24.05,40.18179084846112
14,504,144,0,35.45,34.70549023759178
14,504,144,1,16.65,17.312225677097004
14,504,144,2,18.3,17.544229820656135
14,504,144,3,11.9,14.523664899234738
14,504,144,4,6.95,11.55524487886459
14,504,144,5,14.25,19.886189336214954
14,675,144,0,50.45,58.6618095078633
14,675,144,1,13.8,19.640452347668894
14,675,144,2,7.75,8.613789434450592
14,675,144,3,6.95,6.236353522945752
14,675,144,4,5.95,8.641850435373689
14,675,144,5,15.7,23.290160560789793
14,675,144,0,38.8,25.677350248603798
14,675,144,1,25.55,24.566719036341144
14,675,144,2,17.35,22.86637384089526
14,675,144,3,12.0,16.939520902937385
14,675,144,4,9.95,13.90749513940708
14,675,144,5,15.6,20.959610281632017
14,262,144,0,33.2,24.267370338746936
14,262,144,1,20.3,20.827865949251738
14,262,144,2,11.2,11.74554786873912
14,262,144,3,7.2,5.1360439414418035
14,262,144,4,7.25,4.982865377312641
14,262,144,5,15.15,21.330173834019114
14,262,144,0,42.05,37.72124209597502
14,262,144,1,17.55,16.458800237658814
14,262,144,2,10.35,10.19429665109498
14,262,144,3,15.7,26.22192734495713
14,262,144,4,4.25,3.9051248379533265
14,262,144,5,25.0,39.44216285304745
14,594,144,0,31.85,28.047469160617496
14,594,144,1,14.75,17.08146117255411
14,594,144,2,15.8,20.76586267487048
14,594,144,3,11.05,16.410763476899447
14,594,144,4,11.45,13.766760120323385
14,594,144,5,15.5,18.426239871158568
14,594,144,0,28.1,27.930176097584944
14,594,144,1,14.1,17.032167708254438
14,594,144,2,9.9,10.779610382569492
14,594,144,3,9.3,11.012433164860813
14,594,144,4,7.95,14.405682358379497
14,594,144,5,10.5,12.206555615733704
14,419,144,0,44.45,33.163827789991466
14,419,144,1,17.9,19.750816105723462
14,419,144,2,8.4,6.081897210921156
14,419,144,3,13.75,15.199982686970749
14,419,144,4,14.7,16.581854381728302
14,419,144,5,7.6,11.527541391221103
14,419,144,0,42.1,38.697069112462984
14,419,144,1,25.4,54.173600096065435
14,419,144,2,7.3,6.148170459575759
14,419,144,3,8.1,7.261288851813683
14,419,144,4,6.2,6.304551405219299
14,419,144,5,32.85,45.963687040051404
14,32,144,0,22.7,18.792775767635597
14,32,144,1,20.05,20.502823939001285
14,32,144,2,15.45,16.426791338670206
14,32,144,3,7.05,7.38045070653405
14,32,144,4,10.95,13.386855296776838
14,32,144,5,12.35,21.33264116201668
14,32,144,0,31.85,21.580388270249838
14,32,144,1,13.7,13.432482233279464
14,32,144,2,13.65,14.658480570358543
14,32,144,3,8.5,12.596992122182018
14,32,144,4,6.75,8.365813893774064
14,32,144,5,10.25,9.667498451812106
14,799,144,0,30.6,35.95669910498343
14,799,144,1,14.65,18.123189564753773
14,799,144,2,14.15,17.07036521053526
14,799,144,3,9.45,13.180827383981468
14,799,144,4,7.1,9.31269648326808
14,799,144,5,16.6,26.622902684876813
14,799,144,0,39.0,32.242502188391356
14,799,144,1,12.4,12.52114001872118
14,799,144,2,9.9,17.3869279390551
14,799,144,3,6.5,7.47979735160336
14,799,144,4,5.7,7.2482302740229745
14,799,144,5,8.5,13.888654968790364
14,227,144,0,21.9,18.541276853777386
14,227,144,1,16.9,21.846112504950337
14,227,144,2,6.85,8.183905900575452
14,227,144,3,5.85,5.008151250448455
14,227,144,4,5.5,12.115670583348267
14,227,144,5,13.75,20.774161582929988
14,227,144,0,29.8,28.39310516749853
14,227,144,1,17.0,20.411555035013095
14,227,144,2,13.05,19.402861970121286
14,227,144,3,8.6,7.507189536493807
14,227,144,4,7.45,10.054980436527332
14,227,144,5,14.7,19.593500533541594
14,387,144,0,54.05,41.68740185816586
14,387,144,1,13.6,18.913654215657896
14,387,144,2,13.2,29.092592654633258
14,387,144,3,7.2,8.988882021697693
14,387,144,4,9.1,15.331082977505467
14,387,144,5,17.35,25.129716106214715
14,387,144,0,21.95,19.42996871357559
14,387,144,1,10.45,11.376221738900467
14,387,144,2,13.05,25.046220431329292
14,387,144,3,16.65,26.236324758664374
14,387,144,4,8.45,9.13336854904211
14,387,144,5,14.15,16.320071594270207
14,611,144,0,25.75,26.08664711868386
14,611,144,1,14.0,14.476841760840692
14,611,144,2,14.3,21.128927538977656
14,611,144,3,13.15,14.254362213205583
14,611,144,4,5.05,4.593760069806364
14,611,144,5,23.6,24.55155692351141
14,611,144,0,35.8,31.164419658186787
14,611,144,1,14.25,17.89405958470723
14,611,144,2,9.4,11.591285292703398
14,611,144,3,18.35,28.733393373161523
14,611,144,4,5.5,6.185722099701605
14,611,144,5,29.45,40.17524113182147
14,326,144,0,25.9,23.710757052443515
14,326,144,1,13.6,21.7821752333126
14,326,144,2,11.05,14.020567598691349
14,326,144,3,10.1,14.948684152618146
14,326,144,4,5.95,5.9953929681135385
14,326,144,5,8.75,12.493682614151757
14,326,144,0,41.05,31.608584776591112
14,326,144,1,27.45,34.79031171854722
14,326,144,2,8.95,5.995392968113538
14,326,144,3,8.0,6.043700504614179
14,326,144,4,7.0,4.8666426339228765
14,326,144,5,19.6,20.818514027561847
14,739,144,0,33.75,31.88940592934142
14,739,144,1,22.1,30.106652525908444
14,739,144,2,11.2,11.914608459233651
14,739,144,3,5.9,5.035662293764555
14,739,144,4,9.4,12.77497553813705
14,739,144,5,13.65,16.81877084187721
14,739,144,0,38.15,27.515115463093526
14,739,144,1,20.6,25.278241111363158
14,739,144,2,14.15,14.992190949747277
14,739,144,3,11.85,16.151503107499902
14,739,144,4,7.4,6.777672322063317
14,739,144,5,14.75,23.5279788650382
14,154,144,0,35.6,25.10483283312094
14,154,144,1,8.5,8.153139530912389
14,154,144,2,7.0,6.920602346769049
14,154,144,3,8.75,11.10180165558726
14,154,144,4,10.75,22.559570264664078
14,154,144,5,13.65,16.125413091403924
14,154,144,0,34.75,25.397627323909816
14,154,144,1,17.55,19.378433481851065
14,154,144,2,17.2,29.658761020365596
14,154,144,3,7.0,7.518398485679891
14,154,144,4,7.15,11.31963826835097
14,154,144,5,15.2,42.8885949752072
14,32,144,0,38.4,27.060166880101598
14,32,144,1,15.6,16.878513279501718
14,32,144,2,17.15,32.33097748697305
14,32,144,3,5.35,3.856300381399113
14,32,144,4,11.8,24.328021530304255
14,32,144,5,25.8,37.27225580282979
14,32,144,0,25.3,28.48840946216918
14,32,144,1,13.3,20.496726311137692
14,32,144,2,15.2,21.30628768079606
14,32,144,3,15.55,21.61499236032347
14,32,144,4,9.65,12.465848082703904
14,32,144,5,28.85,48.56387546314647
14,615,144,0,31.35,25.26756814574762
14,615,144,1,18.2,30.797470846261316
14,615,144,2,10.6,14.420015329577952
14,615,144,3,8.45,8.042485868645864
14,615,144,4,10.3,21.472381281421416
14,615,144,5,16.05,22.619216329670245
14,615,144,0,22.25,25.53197170113128
14,615,144,1,17.0,16.69541380455313
14,615,144,2,17.6,21.28602210000979
14,615,144,3,8.4,13.031944557408474
14,615,144,4,5.2,5.094889079935117
14,615,144,5,13.1,21.654949598308075
0,169,144,0,24.55,36.29335882412707
0,169,144,1,11.9,21.761627261136322
0,169,144,0,39.6,34.6856560676327
0,169,144,1,18.45,32.34757779917507
0,5,23,8,53.05,53.13188655055505
0,360,144,0,45.65,44.316178583114834
0,360,144,1,14.55,20.58991833014656
0,360,144,0,33.65,30.979237529266864
0,360,144,1,13.9,14.99438491393923
0,46,144,0,38.6,27.610829301867085
0,46,144,1,7.5,5.7077970679081655
0,5,23,8,67.5,46.18897111466739
0,46,144,0,19.8,19.074921535328716
0,46,144,1,19.6,25.744493534898314
0,48,144,0,40.7,32.61756065615415
0,48,144,1,27.0,42.196283198754294
0,3,23,8,77.5,99.69189377381957
0,48,144,0,47.55,50.282857809333834
0,48,144,1,31.45,26.898395569448493
0,367,144,0,29.85,25.311272712287494
0,367,144,1,13.05,18.167278277166336
0,3,23,8,72.25,61.65000960430197
0,367,144,0,34.75,27.09413414861523
0,367,144,1,14.55,11.076171673794533
0,99,144,0,40.7,43.420950558093736
0,99,144,1,15.35,18.99937672107887
0,1,23,8,72.8,71.45745882028434
0,99,144,0,54.25,48.16187070155897
0,99,144,1,19.8,28.678985521219463
0,94,144,0,20.3,19.12589867169645
0,94,144,1,9.9,10.274649436970178
0,94,144,0,25.25,29.020636940305995
0,94,144,1,17.0,27.90019807513163
0,1,23,8,72.7,60.05532536972186
0,298,144,0,18.8,18.19080160844746
0,298,144,1,23.05,23.96592976443193
0,298,144,0,27.65,28.569905034567586
0,298,144,1,17.7,16.473583319011716
0,113,144,0,27.45,19.11867370427474
0,113,144,1,15.0,15.867875525230547
0,0,23,8,103.65,87.37052074204917
0,113,144,0,33.2,30.15852851359401
0,113,144,1,19.65,25.87678292865715
0,309,144,0,30.6,26.821829287276245
0,309,144,1,13.1,14.264051244114935
0,309,144,0,26.1,29.433064114323788
0,309,144,1,13.7,16.9149575664169
0,0,23,8,60.7,70.13303148490844
0,39,144,0,23.95,23.05708020041612
0,39,144,1,17.95,26.25878299180155
0,39,144,0,28.0,31.335199645799374
0,39,144,1,9.1,10.803995362340437
0,1,23,8,69.2,47.77865632267194
0,294,144,0,31.3,32.79618077892928
0,294,144,1,14.55,21.087474456353664
0,294,144,0,43.6,37.456501087050434
0,294,144,1,12.9,16.20883449818258
0,1,23,8,77.55,53.53353597217552
0,102,144,0,49.5,49.5787518154597
0,102,144,1,17.7,21.297640096597807
0,102,144,0,32.1,28.170346484426343
0,102,144,1,14.75,19.571394270317345
0,60,144,0,22.55,18.233788762393267
0,60,144,1,12.05,17.84870627775228
0,1,23,8,69.75,51.67293397188859
0,60,144,0,29.95,27.62240699904794
0,60,144,1,25.6,22.293260723461035
0,152,144,0,31.7,33.461840009809755
0,152,144,1,22.9,23.273884166819393
0,1,23,8,93.95,86.08409291286968
0,152,144,0,43.05,46.5950923550855
0,152,144,1,22.05,31.943164988361502
0,296,144,0,43.3,45.12800507562087
0,296,144,1,22.1,21.990189200018985
0,0,23,8,56.0,44.562197810298926
0,296,144,0,32.3,45.264253352716935
0,296,144,1,15.2,18.38649389891223
0,18,144,0,25.75,25.320836021784615
0,18,144,1,10.25,15.241477342401797
0,0,23,8,43.1,41.346927589031715
0,18,144,0,23.05,23.35870174835111
0,18,144,1,18.05,25.336628363736665
0,140,144,0,35.5,28.93822822205221
0,140,144,1,19.85,19.087816450346157
0,5,23,8,58.9,50.77390544053323
0,140,144,0,32.25,22.325050833913952
0,140,144,1,20.0,21.420600021081526
0,79,144,0,40.45,25.13851103072943
0,79,144,1,15.15,21.05950216835496
0,5,23,8,76.0,65.20171131109012
0,79,144,0,27.25,29.149117527492646
0,79,144,1,7.75,10.156019734231775
0,175,144,0,42.6,34.34714421592388
0,175,144,1,14.35,14.176611576447796
0,5,23,8,68.4,53.76400674291892
0,175,144,0,36.45,23.547209020000203
0,175,144,1,18.7,20.7924581468732
1,332,144,0,20.75,23.646241495047477
1,332,144,1,29.95,37.99927284622832
0,5,23,8,52.1,65.11600983507901
1,332,144,0,35.0,38.096829540693165
1,332,144,1,36.05,33.03343601166615
1,786,144,0,41.65,44.463201816664906
1,786,144,1,24.85,32.016895210925256
1,786,144,0,28.45,31.476766703479303
1,786,144,1,22.7,31.9919397743606
0,2,23,8,101.3,106.18608294181641
1,524,144,0,33.85,31.694719799327693
1,524,144,1,15.65,24.953166659079354
1,524,144,0,32.65,39.20831678691599
1,524,144,1,23.55,33.93255694834434
0,2,23,8,75.1,47.48617527349685
1,444,144,0,21.3,18.000292395285957
1,444,144,1,25.05,28.566588875817846
1,444,144,0,30.65,33.80481902737662
1,444,144,1,27.15,29.787448787419805
0,5,23,8,84.3,58.892497958479176
1,736,144,0,31.65,32.273950714730326
1,736,144,1,37.2,45.45628322037039
1,736,144,0,27.4,26.601147581102193
1,736,144,1,12.55,16.86626967149461
0,5,23,8,59.8,50.16666958092898
1,181,144,0,31.4,24.303779216626502
1,181,144,1,26.5,40.12677279244921
1,181,144,0,45.0,42.0375771749139
1,181,144,1,37.9,47.61125475081882
0,1,23,8,77.3,60.25131577510635
1,380,144,0,32.05,27.421610763084384
1,380,144,1,28.85,40.90331990129125
0,1,23,8,73.9,59.96920262232853
1,380,144,0,36.8,32.9107245358361
1,380,144,1,32.1,30.400657887618156
1,537,144,0,35.3,33.623456724513964
1,537,144,1,29.45,33.4970147923662
0,4,23,8,83.75,58.53732502474495
1,537,144,0,29.2,25.440539550716668
1,537,144,1,24.5,28.429969361480797
0,4,23,8,36.2,27.05082934811893
1,814,144,0,30.5,29.315883964697004
1,814,144,1,40.7,50.45905062001944
1,814,144,0,39.2,39.75133231795674
1,814,144,1,38.7,46.38522904637004
0,2,23,8,80.1,79.0475539752729
1,333,144,0,32.95,31.64353263930462
1,333,144,1,14.5,16.649640426020902
1,333,144,0,18.3,17.93585060269251
1,333,144,1,17.5,16.888177116426434
1,213,144,0,26.4,25.504179224094564
1,213,144,1,34.15,40.893024755870165
0,2,23,8,78.25,90.64208096742517
1,213,144,0,29.85,27.570531560459905
1,213,144,1,12.55,15.49014967139134
0,0,23,8,53.25,60.122572168949375
1,806,144,0,32.6,32.851179583083464
1,806,144,1,36.25,36.51657878711791
0,0,23,8,30.65,39.871207128637785
1,806,144,0,32.5,31.576973622529042
1,806,144,1,25.4,25.500051599534995
1,461,144,0,27.05,33.28896608724721
1,461,144,1,36.3,61.082429207544926
1,461,144,0,26.75,22.487130822574475
1,461,144,1,28.35,31.88181299738144
0,3,23,8,89.45,64.05217856519299
1,671,144,0,31.1,24.556915630085918
1,671,144,1,34.8,46.39373823446889
0,3,23,8,61.3,47.01522709662656
1,671,144,0,27.35,32.81571350179024
1,671,144,1,34.1,58.93966585014133
1,159,144,0,24.65,20.92914110441279
1,159,144,1,20.9,34.46722317919171
0,1,23,8,74.55,55.331988463893296
1,159,144,0,25.05,26.613164530280677
1,159,144,1,41.85,62.36925271486364
1,697,144,0,49.75,31.271098141053002
1,697,144,1,31.8,30.346420928305445
1,697,144,0,47.45,34.169045702368194
1,697,144,1,25.6,25.008209178503556
0,1,23,8,136.55,119.43087628635367
1,774,144,0,26.05,20.932158588112568
1,774,144,1,28.75,36.53819198707306
1,774,144,0,22.3,12.256469827465775
1,774,144,1,22.05,20.335281758818255
0,4,23,8,56.65,45.19347298006649
1,172,144,0,33.9,43.791251229104276
1,172,144,1,26.35,27.363585099063393
1,172,144,0,28.25,28.04296515593246
1,172,144,1,30.0,51.95949839715748
0,4,23,8,77.95,61.147341466502475
1,842,144,0,62.85,62.7067317799797
1,842,144,1,28.4,27.503875325028957
1,842,144,0,32.5,41.069261139279284
1,842,144,1,27.95,42.48526060201411
0,1,23,8,115.2,98.72908172847234
1,343,144,0,41.0,39.77304032686092
1,343,144,1,29.7,33.26781279887592
1,343,144,0,22.25,25.38726369451298
1,343,144,1,26.25,24.148389943060497
0,1,23,8,93.95,68.49085609350385
2,30,144,0,47.85,41.34231297478726
2,30,144,1,42.6,53.240665107158755
0,5,23,8,45.3,37.25036206111574
2,30,144,0,38.5,38.53160015527925
2,30,144,1,22.45,29.453755010363725
0,5,23,8,65.3,56.718232471903086
2,295,144,0,45.8,42.70905241157589
2,295,144,1,29.0,29.75514108608177
2,295,144,0,38.8,44.56526851590526
2,295,144,1,24.05,34.924693420648886
1,5,23,9,77.25,76.56292561643244
2,29,144,0,23.8,19.584096662988138
2,29,144,1,19.7,17.631013345209272
2,29,144,0,29.1,29.150968206363594
2,29,144,1,30.3,29.908808771083862
1,5,23,9,53.6,52.00344118168375
2,268,144,0,34.5,26.943410482361966
2,268,144,1,29.95,40.89199509877079
2,268,144,0,27.7,25.456050878244834
2,268,144,1,29.8,40.576892568632154
1,2,23,9,97.7,61.82411384428877
2,130,144,0,40.0,44.35028036462738
2,130,144,1,29.6,29.90581707188155
2,130,144,0,22.15,23.104510837770004
2,130,144,1,17.05,27.561366935774814
1,2,23,9,76.4,63.94932204076665
2,238,144,0,26.65,33.05860028240124
2,238,144,1,27.25,43.75394719036035
2,238,144,0,21.95,24.123530770641874
2,238,144,1,17.15,11.1933956091598
1,0,23,9,48.25,52.67564602556409
2,130,144,0,40.25,35.72685117298812
2,130,144,1,29.1,30.3504096911566
2,130,144,0,32.0,29.210668562953792
2,130,144,1,22.7,19.633751819922647
1,0,23,9,57.2,57.01578728738208
2,535,144,0,29.9,26.9949312981062
2,535,144,1,27.7,21.640848314922263
2,535,144,0,29.95,33.402607840201874
2,535,144,1,34.5,42.78280520317282
1,2,23,9,74.55,86.90071467212634
2,238,144,0,29.65,30.596310407078757
2,238,144,1,28.2,36.19334047496641
2,238,144,0,22.0,19.02629759044045
2,238,144,1,23.6,32.16143489859932
1,2,23,9,53.45,53.65923180492558
2,331,144,0,42.7,33.06787278502075
2,331,144,1,29.4,43.81708390691081
1,2,23,9,55.6,42.95088994850306
2,331,144,0,24.05,20.704626993678694
2,331,144,1,24.3,30.44598322828222
2,584,144,0,43.65,47.54861777834955
2,584,144,1,25.8,31.513739693563572
1,2,23,9,68.1,58.49867294941062
2,584,144,0,33.25,33.14700113449973
2,584,144,1,21.05,21.690344686785846
2,205,144,0,27.2,21.72216912692992
2,205,144,1,30.35,27.40010564712633
1,0,23,9,90.5,80.62094543048515
2,205,144,0,32.95,25.56616802276831
2,205,144,1,36.65,48.10326064011177
2,691,144,0,25.8,24.786668742862986
2,691,144,1,17.2,17.108323612853052
2,691,144,0,37.0,38.333714719689326
2,691,144,1,18.7,28.41997073964196
1,0,23,9,70.05,60.09858129510389
2,399,144,0,21.05,34.84926186638074
2,399,144,1,25.0,34.064953436509775
1,3,23,9,53.85,54.28315140368869
2,399,144,0,27.85,23.104510837770004
2,399,144,1,29.75,34.71064602349575
2,212,144,0,33.05,35.34562431043957
2,212,144,1,22.2,23.469128658729534
1,3,23,9,61.7,37.154159645285596
2,212,144,0,27.5,27.865277393389185
2,212,144,1,29.2,26.835953887511277
2,165,144,0,35.5,31.870626634963788
2,165,144,1,16.0,20.44762243288678
1,4,23,9,78.05,57.0682647546363
2,165,144,0,24.95,29.983284817061868
2,165,144,1,21.55,25.052523772435002
2,38,144,0,30.5,39.71013393130405
2,38,144,1,48.25,44.1300410867222
1,4,23,9,79.75,78.87823727613005
2,38,144,0,31.85,26.22629255256319
2,38,144,1,21.65,23.72934004449699
2,27,144,0,36.7,30.521950686091653
2,27,144,1,41.15,54.24144366189303
1,3,23,9,68.55,71.37998761262814
2,27,144,0,43.3,37.21643666304898
2,27,144,1,44.25,54.25463841436678
1,3,23,9,66.5,55.24443291790634
2,390,144,0,27.4,30.510395122422064
2,390,144,1,28.65,23.419009372729665
2,390,144,0,36.55,40.64412302956118
2,390,144,1,26.75,38.95864879316881
1,5,23,9,82.5,68.48319040772745
2,529,144,0,38.8,24.334510906378032
2,529,144,1,32.45,38.57661549641044
2,529,144,0,24.7,19.870899113501316
2,529,144,1,32.65,34.15333073069155
1,5,23,9,66.7,55.89473188621249
3,652,144,0,30.65,26.650318453711026
3,652,144,1,25.6,33.85324364463703
3,652,144,0,37.8,33.7227082635956
3,652,144,1,27.65,32.493359645512676
1,3,23,9,71.35,71.93364998385665
3,93,144,0,26.7,34.73978456437154
3,93,144,1,25.5,35.5283430220822
3,93,144,0,37.7,22.89817276093168
3,93,144,1,20.4,25.915652656870883
1,3,23,9,81.15,68.66031949885036
3,319,144,0,29.65,22.32599381886504
3,319,144,1,25.85,21.663150861847356
3,319,144,0,36.35,26.324443313952028
3,319,144,1,12.35,14.999210505539073
3,190,144,0,35.2,32.63288622169199
3,190,144,1,20.0,29.51538403505606
1,4,23,9,69.4,84.82452475552103
3,190,144,0,33.35,28.525657887150246
3,190,144,1,33.75,39.868038907322614
1,4,23,9,57.25,44.54551191286219
3,117,144,0,22.4,18.411666781804698
3,117,144,1,29.05,23.589638671068684
3,117,144,0,31.25,26.06848268453084
3,117,144,1,14.2,14.237090181708664
1,5,23,9,57.3,74.82899803798271
3,508,144,0,26.15,21.05950216835496
3,508,144,1,21.9,27.39746434675258
3,508,144,0,42.0,33.37190750506054
3,508,144,1,34.25,35.1865330099906
1,5,23,9,84.85,71.45280002616376
3,325,144,0,58.7,44.572944354406886
3,325,144,1,25.0,24.415267009760402
3,325,144,0,32.4,26.362653009213822
3,325,144,1,23.95,31.404785086285653
1,0,23,9,67.2,52.902691206044565
3,716,144,0,31.0,38.36390847768526
3,716,144,1,27.25,33.80108220005297
3,716,144,0,30.9,29.71602438522283
3,716,144,1,18.95,23.587407434342676
1,0,23,9,102.05,80.49221930361375
3,36,144,0,22.5,22.758457074701976
3,36,144,1,33.85,42.394482014327735
3,36,144,0,26.85,23.15911779066952
3,36,144,1,15.35,16.406914460228748
3,322,144,0,29.0,23.099327855338583
3,322,144,1,24.3,28.723912649476166
1,3,23,9,70.4,53.12388698524472
3,322,144,0,24.9,33.02614594210886
3,322,144,1,22.8,27.26015021003524
3,379,144,0,35.45,35.68941314348439
3,379,144,1,18.65,15.802314953662226
1,3,23,9,70.7,81.66884350840289
3,379,144,0,20.8,17.90207279971556
3,379,144,1,18.65,21.069496534339077
3,379,144,0,46.0,39.5168185380405
3,379,144,1,19.05,24.852141705865538
1,4,23,9,57.25,85.78852518042012
3,379,144,0,21.45,15.47995308030425
3,379,144,1,32.4,43.635330928768695
3,45,144,0,21.25,20.902971332476056
3,45,144,1,24.4,23.904194743094553
1,4,23,9,61.9,66.40933669296811
3,45,144,0,45.05,41.57108686524679
3,45,144,1,22.25,21.23273292274033
3,403,144,0,31.9,22.780185295674467
3,403,144,1,20.45,22.22013074953241
1,0,23,9,73.6,76.8665282024285
3,403,144,0,37.8,37.5760281926768
3,403,144,1,28.9,43.20197363912661
3,115,144,0,30.5,45.72284929188492
3,115,144,1,23.5,32.817678162843876
1,0,23,9,53.9,63.84430073892348
3,115,144,0,26.3,24.32693979932536
3,115,144,1,17.1,17.078456728010476
3,508,144,0,24.0,24.18568519643495
3,508,144,1,27.45,29.469832925070666
1,1,23,9,90.75,47.820800363109996
3,508,144,0,33.0,32.84092440522151
3,508,144,1,29.05,31.628559712286684
3,588,144,0,41.75,48.75597129421283
3,588,144,1,21.5,25.61763372942038
3,588,144,0,37.45,28.88539058890643
3,588,144,1,31.2,32.489026487496716
1,1,23,9,96.05,85.83918562913843
3,199,144,0,15.6,24.54083600000104
3,199,144,1,19.75,26.598130128183627
3,199,144,0,20.55,23.553913519949568
3,199,144,1,15.45,22.67267077342235
3,219,144,0,32.1,38.964086028033556
3,219,144,1,23.2,38.394900977247374
1,5,23,9,79.1,108.02041717340194
3,219,144,0,29.8,31.47195911484247
3,219,144,1,21.15,31.684754760144923
3,457,144,0,26.6,16.394479173441926
3,457,144,1,14.95,11.753946705591902
1,5,23,9,59.0,60.40216099306033
3,457,144,0,41.65,35.44643846707311
3,457,144,1,25.65,33.00602018452168
1,4,23,9,57.65,48.31941420871826
4,263,144,0,43.4,30.325254370434866
4,263,144,1,18.1,17.743493989273038
4,263,144,0,28.3,31.81376729457994
4,263,144,1,20.85,22.695408763610505
4,807,144,0,24.15,23.143204072401947
4,807,144,1,20.0,19.788353831696586
4,807,144,0,24.8,22.77255966474148
4,807,144,1,29.95,37.396136867751174
1,4,23,9,91.85,83.29104014491026
4,705,144,0,41.3,46.38295966589909
4,705,144,1,15.95,22.41586609148928
2,24,23,8,45.4,58.000362975270754
2,24,23,8,27.15,28.03808500105376
4,705,144,0,33.55,43.300024310191304
4,705,144,1,34.15,44.47740407987196
2,28,23,8,49.95,35.34264607494673
4,385,144,0,31.15,23.443717596337876
4,385,144,1,40.3,32.01496360667683
4,385,144,0,33.55,38.80514751530021
4,385,144,1,42.35,57.52278724672145
2,28,23,8,63.55,53.95170842619596
4,558,144,0,31.55,49.02145072903236
4,558,144,1,41.55,39.271624951302805
2,28,23,8,52.6,34.142734450970295
2,28,23,8,51.35,47.21203570901676
4,558,144,0,38.1,41.33546966748508
4,558,144,1,47.75,68.13521772722856
4,684,144,0,20.8,23.11208387516434
4,684,144,1,24.15,30.13701169134409
2,24,23,8,58.25,53.85641241203072
4,684,144,0,12.25,15.457496903648915
4,684,144,1,29.2,23.968400249626917
4,832,144,0,28.95,23.636445988078844
4,832,144,1,16.3,21.10150905055196
2,24,23,8,49.4,72.13175080146198
4,832,144,0,47.4,46.35492365831726
4,832,144,1,28.0,28.90638246769078
2,27,23,8,59.05,37.96601666033233
4,670,144,0,42.55,51.3967795427731
4,670,144,1,25.75,35.68262882692362
2,27,23,8,44.35,36.75419775524394
4,670,144,0,32.0,33.86505729012071
4,670,144,1,23.15,20.396787672778796
2,24,23,8,44.7,43.13272051409891
4,336,144,0,21.9,15.488195844781787
4,336,144,1,32.55,24.84155050674066
2,24,23,8,37.95,36.7616433399356
4,336,144,0,30.55,29.258332146586895
4,336,144,1,35.3,32.573964417840465
4,262,144,0,22.9,24.625404084314827
4,262,144,1,34.95,41.821015870266145
2,24,23,8,42.9,40.527963056063946
4,262,144,0,33.45,29.596363574637092
4,262,144,1,23.25,24.15492757835944
2,24,23,8,40.7,37.433590319531554
4,826,144,0,32.1,24.576197299098382
4,826,144,1,23.2,25.54789104490046
2,27,23,8,66.95,69.78272671204832
4,826,144,0,25.45,29.038042198757857
4,826,144,1,36.25,42.111224906880764
2,27,23,8,45.15,54.21135538456476
4,438,144,0,43.55,40.41687375602579
4,438,144,1,33.75,50.16276140304625
2,26,23,8,39.2,39.388216244803075
4,438,144,0,37.45,28.68976527577295
4,438,144,1,29.3,33.60466759559639
4,647,144,0,33.9,39.56061305469314
4,647,144,1,25.95,41.23932078668814
2,26,23,8,65.9,62.09491885306253
4,647,144,0,37.7,31.812112886694425
4,647,144,1,23.55,23.09813161730893
2,26,23,8,47.75,36.86229709836896
4,705,144,0,39.05,37.91191313947025
4,705,144,1,29.35,43.274247842288254
4,705,144,0,23.4,23.396805899861405
4,705,144,1,16.5,21.777583839690223
2,26,23,8,46.85,51.163592112895444
4,819,144,0,19.7,19.96865965509585
4,819,144,1,22.65,28.32383225632101
4,819,144,0,22.9,18.620588492028755
4,819,144,1,18.6,20.853877589702968
2,27,23,8,77.6,63.88756571220709
4,664,144,0,28.75,19.245983859934054
4,664,144,1,17.4,22.048749815376212
4,664,144,0,26.25,21.439940593004888
4,664,144,1,22.7,32.73192550658181
2,27,23,8,46.3,32.87792412450704
2,29,23,8,45.65,34.38983172851809
4,317,144,0,36.65,29.032241605352812
4,317,144,1,45.35,61.939932702239
4,317,144,0,30.5,29.958743561596066
4,317,144,1,25.6,27.28099396244476
2,29,23,8,56.7,49.191462673923404
4,595,144,0,38.15,35.79219997356084
4,595,144,1,25.85,31.693059177050106
2,29,23,8,40.3,47.10805049089414
4,595,144,0,27.6,27.819720381507487
4,595,144,1,28.0,43.970085524736376
4,244,144,0,27.3,35.85218190526793
4,244,144,1,15.4,14.365162537780146
2,29,23,8,70.4,74.22114892244947
4,244,144,0,37.1,27.725914156064785
4,244,144,1,27.7,34.97683443893145
4,274,144,0,33.15,28.342408247415353
4,274,144,1,22.35,23.753725469580775
2,26,23,8,61.3,44.69322331770574
4,274,144,0,39.35,26.925384227332277
4,274,144,1,27.15,24.658242990294767
2,26,23,8,40.25,44.07036837174216
5,195,144,0,27.65,27.08519696691981
5,195,144,1,8.95,10.605237037972275
5,195,144,2,12.45,15.236642122130938
5,195,144,3,14.1,19.37415532963546
2,26,23,8,44.95,38.95270411530805
5,195,144,0,38.9,43.378262807661244
5,195,144,1,17.2,21.01027317640988
5,195,144,2,16.95,22.56097002393852
5,195,144,3,12.35,12.856597732804659
5,26,144,0,34.35,30.980936413424168
5,26,144,1,13.2,13.636637955773487
5,26,144,2,8.1,8.315489668146586
5,26,144,3,12.65,22.672206495363902
2,26,23,8,64.5,57.96596097347949
5,26,144,0,36.7,27.253391870023314
5,26,144,1,20.95,28.255367445384323
5,26,144,2,7.6,8.413022487098264
5,26,144,3,9.1,12.846871419266169
2,28,23,8,50.7,49.60698168180511
5,53,144,0,19.25,19.88354252033311
5,53,144,1,16.1,35.63838852757101
5,53,144,2,5.95,6.863135695798777
5,53,144,3,10.35,23.895110708876693
5,53,144,0,25.35,23.809054005390028
5,53,144,1,6.9,7.566546872844136
5,53,144,2,5.1,6.373464727413101
5,53,144,3,4.65,3.375998877525381
2,28,23,8,67.05,63.54979398699474
5,307,144,0,26.05,27.599532795435426
5,307,144,1,10.5,11.274096999666746
5,307,144,2,10.25,12.177956789993441
5,307,144,3,5.25,5.230225918437437
5,307,144,0,24.85,31.22629627329134
5,307,144,1,15.65,20.693947754940584
5,307,144,2,11.9,11.465738436521951
5,307,144,3,9.9,10.93954680096604
2,26,23,8,44.7,50.62046600879301
5,51,144,0,36.4,24.35353643399876
5,51,144,1,15.75,18.940002223086626
5,51,144,2,19.65,26.825508284780774
5,51,144,3,11.5,16.92553349854965
2,26,23,8,56.65,56.61065084834905
5,51,144,0,26.2,21.142623449226672
5,51,144,1,16.4,16.333369137089296
5,51,144,2,15.45,23.930766367740258
5,51,144,3,16.05,28.90178468355781
2,28,23,8,65.35,43.136594551189184
5,2,144,0,24.7,32.91152413749068
5,2,144,1,10.7,12.68691825215415
5,2,144,2,10.35,14.812068337036951
5,2,144,3,9.1,15.717573135288982
5,2,144,0,26.35,35.370631588188644
5,2,144,1,21.0,28.09757434745082
5,2,144,2,10.55,15.087377087102354
5,2,144,3,7.25,7.092434813161653
2,28,23,8,74.05,35.43782546494932
2,28,23,8,47.1,25.69230890445826
5,111,144,0,39.4,34.55491434316048
5,111,144,1,19.4,19.19813587441842
5,111,144,2,10.65,12.26580612923586
5,111,144,3,31.2,53.792584110294975
5,111,144,0,25.15,27.770251027048047
5,111,144,1,14.7,19.366547392210542
5,111,144,2,13.0,16.032860991692882
5,111,144,3,6.95,8.87026374733967
2,28,23,8,56.1,48.907969429165746
5,152,144,0,30.75,24.417153159634573
5,152,144,1,21.85,26.396321514061086
5,152,144,2,10.8,10.734106978765348
5,152,144,3,16.35,19.47001743572328
2,27,23,8,50.35,39.50652844117899
5,152,144,0,23.05,23.631992142677667
5,152,144,1,18.9,19.702791680368545
5,152,144,2,8.25,7.4964904069206035
5,152,144,3,8.15,8.969392398596462
2,27,23,8,58.45,53.67688417500444
5,55,144,0,39.1,43.02985499688131
5,55,144,1,6.45,5.316063046634179
5,55,144,2,3.7,2.556724878680371
5,55,144,3,6.95,8.088165493647592
5,55,144,0,27.85,35.700914038129255
5,55,144,1,22.75,31.73222668717586
5,55,144,2,8.8,10.267988067161376
5,55,144,3,10.5,18.746227690700305
3,28,23,9,65.35,54.16376240527182
5,126,144,0,33.85,36.022324949076264
5,126,144,1,12.8,10.460954973011232
5,126,144,2,10.3,11.309520907531615
5,126,144,3,8.4,8.67179335547152
3,28,23,9,54.9,50.59841894763116
5,126,144,0,30.6,26.5417248477701
5,126,144,1,17.2,27.5826032128949
5,126,144,2,7.3,8.16346159806965
5,126,144,3,13.95,20.260085207905195
5,48,144,0,33.2,26.60352172967054
5,48,144,1,21.4,25.866865616887274
5,48,144,2,15.45,20.358562145485102
5,48,144,3,13.95,18.45470985384148
3,25,23,9,78.65,58.12352997575169
5,48,144,0,21.85,31.238092468213097
5,48,144,1,20.65,30.271186578033333
5,48,144,2,10.25,13.93547158947456
5,48,144,3,11.0,15.327992967804123
3,25,23,9,28.05,26.44851005653298
5,95,144,0,39.9,30.82872891177626
5,95,144,1,11.4,11.032964959133773
5,95,144,2,5.4,3.2183683345512373
5,95,144,3,8.15,11.49038499652736
3,26,23,9,47.5,42.66577575824248
5,95,144,0,37.4,37.18998167305417
5,95,144,1,18.6,21.909863195902386
5,95,144,2,12.0,14.440440290706988
5,95,144,3,15.55,16.86626967149461
3,26,23,9,43.65,37.31131477884846
5,241,144,0,31.65,24.594126384801292
5,241,144,1,18.45,25.01047149116798
5,241,144,2,8.25,9.135673282018654
5,241,144,3,9.2,14.612899852707645
3,28,23,9,51.1,40.64208345260391
5,241,144,0,31.85,17.2024325085299
5,241,144,1,12.35,15.908537926137917
5,241,144,2,12.95,18.916645413080264
5,241,144,3,6.75,4.435206041615085
5,449,144,0,38.45,36.7186672731431
5,449,144,1,17.95,20.699542329036625
5,449,144,2,13.45,14.449458194176803
5,449,144,3,7.95,7.897201369705866
3,28,23,9,79.5,70.52472504097598
5,449,144,0,29.6,25.60304258235111
5,449,144,1,13.25,20.81971484712962
5,449,144,2,24.2,31.83278680526532
5,449,144,3,13.85,15.798983977991817
3,25,23,9,55.65,47.68236460932744
5,215,144,0,24.6,20.02997753368685
5,215,144,1,15.45,17.206103568210903
5,215,144,2,6.7,7.84118680598261
5,215,144,3,8.7,13.298595097939756
5,215,144,0,26.65,13.561846637185008
5,215,144,1,19.7,21.35933174590392
5,215,144,2,14.6,21.084791226204533
5,215,144,3,7.85,9.598656704264185
3,25,23,9,51.7,42.60355804266513
3,26,23,9,35.75,33.521203030792
5,51,144,0,28.05,30.831417674013526
5,51,144,1,15.75,19.1637678967368
5,51,144,2,16.3,16.921179503494244
5,51,144,3,12.1,26.33368864961263
3,26,23,9,43.85,35.742168814706076
5,51,144,0,29.65,31.126693570496347
5,51,144,1,16.1,17.11232242997333
5,51,144,2,19.0,30.228950919345685
5,51,144,3,14.85,19.57784730922064
3,25,23,9,46.2,39.23693211892672
5,46,144,0,38.3,26.23998555840424
5,46,144,1,16.85,31.162181870776774
5,46,144,2,8.5,11.852159474565228
5,46,144,3,9.75,16.111045573571083
5,46,144,0,35.25,31.4991645670334
5,46,144,1,18.55,17.11101522719395
5,46,144,2,11.8,12.055136489873258
5,46,144,3,9.25,7.195576126306613
3,25,23,9,50.85,44.684007500623636
5,113,144,0,44.9,38.97218981462766
5,113,144,1,11.75,17.567538844489047
5,113,144,2,12.5,10.69923755276638
5,113,144,3,14.3,18.820761212862216
3,27,23,9,62.1,47.99111759920843
5,113,144,0,34.35,35.858310348545864
5,113,144,1,13.25,16.50797255554833
5,113,144,2,7.65,9.427144457977663
5,113,144,3,5.55,4.978638579497728
3,27,23,9,46.4,38.93638536463237
5,23,144,0,31.0,37.388430521246875
5,23,144,1,12.6,17.830783552756824
5,23,144,2,6.9,10.512649022662378
5,23,144,3,10.4,18.18443521835436
3,26,23,9,44.85,59.50256518132554
5,23,144,0,40.8,28.212725758721756
5,23,144,1,23.2,24.08887054659322
5,23,144,2,13.1,13.726271391597555
5,23,144,3,7.8,10.420627317211308
3,26,23,9,52.85,43.64241659573619
5,449,144,0,39.45,34.08576643826878
5,449,144,1,20.6,24.38593209640604
5,449,144,2,9.2,9.795810060267714
5,449,144,3,23.7,27.158598522092596
3,24,23,9,63.85,63.943457753500354
5,449,144,0,46.4,37.374914187544505
5,449,144,1,19.95,25.31168858348586
5,449,144,2,17.75,19.26238494278968
5,449,144,3,10.25,16.60334462183987
6,409,144,0,29.1,38.49114730756452
6,409,144,1,15.95,20.155905494811922
6,409,144,2,5.45,5.345681976088148
6,409,144,3,13.45,17.312833694294984
3,24,23,9,41.85,42.61489114580045
3,29,23,9,32.15,27.755084882631962
6,409,144,0,25.15,30.798624371193835
6,409,144,1,5.2,7.756830606158133
6,409,144,2,14.55,34.40696838845601
6,409,144,3,24.8,33.49406860294741
3,29,23,9,52.95,42.431957916546565
6,640,144,0,33.95,32.9584666863583
6,640,144,1,13.5,14.97893257387293
6,640,144,2,14.0,21.40585261828618
6,640,144,3,14.3,21.682153709299364
6,640,144,0,29.05,29.079699918816583
6,640,144,1,11.7,12.917144869472795
6,640,144,2,16.85,27.49023750160658
6,640,144,3,14.35,22.6698849624458
3,26,23,9,37.6,49.12218921917274
6,275,144,0,30.65,32.14158644104812
6,275,144,1,13.4,12.721304137051689
6,275,144,2,10.95,9.588781822635514
6,275,144,3,25.45,32.69713491391787
3,26,23,9,50.35,53.93980563163856
6,275,144,0,34.75,31.051527634257425
6,275,144,1,27.65,27.43657758310399
6,275,144,2,15.65,18.60751121682345
6,275,144,3,24.5,37.48052125683701
3,29,23,9,58.15,54.46899166160118
6,172,144,0,24.0,19.852084604844265
6,172,144,1,14.7,20.18102287324719
6,172,144,2,9.7,16.354944528377825
6,172,144,3,22.0,26.161442097705145
3,29,23,9,54.25,58.6190870657421
6,172,144,0,30.2,23.139394524217103
6,172,144,1,14.8,17.028150067956357
6,172,144,2,12.5,17.85467652141059
6,172,144,3,25.3,41.9750552490154
3,25,23,9,39.95,34.78425990073823
6,715,144,0,33.55,30.91154613102564
6,715,144,1,15.0,16.82729612079261
6,715,144,2,14.4,23.12756386925168
6,715,144,3,15.7,28.12210218989589
3,25,23,9,64.0,73.39224109285381
6,715,144,0,39.4,33.634881643286555
6,715,144,1,12.65,13.14404007425739
6,715,144,2,7.85,11.726151609925028
6,715,144,3,19.5,53.315841429807904
3,26,23,9,39.2,41.592762528315454
6,408,144,0,26.5,28.051644102300052
6,408,144,1,12.1,12.67363612510549
6,408,144,2,9.1,8.136338242723197
6,408,144,3,16.7,12.864066640309192
3,26,23,9,41.15,41.19820512186372
6,408,144,0,23.8,22.07785267971884
6,408,144,1,13.85,25.03529088054869
6,408,144,2,10.0,11.706948004452201
6,408,144,3,11.55,18.417597420316316
3,27,23,9,35.4,29.92516983199401
6,310,144,0,30.55,29.77896643782761
6,310,144,1,11.5,13.371218107719674
6,310,144,2,15.6,25.25115943143164
6,310,144,3,18.5,26.658661079024874
3,27,23,9,44.15,30.822539599592066
6,310,144,0,37.55,39.041779241164065
6,310,144,1,15.8,24.080129392902922
6,310,144,2,11.35,15.547126998089933
6,310,144,3,27.2,34.92638875662566
3,25,23,9,51.65,48.11529464678948
6,630,144,0,41.45,32.058293942852224
6,630,144,1,15.3,20.973918640966804
6,630,144,2,11.5,27.919998491931793
6,630,144,3,26.2,32.68606656311556
3,25,23,9,62.55,37.30172142210908
6,630,144,0,34.55,29.403678609818087
6,630,144,1,13.45,15.554572859519652
6,630,144,2,14.1,23.31455384631307
6,630,144,3,33.2,58.13197326591859
3,25,23,9,52.45,40.77728340761879
6,65,144,0,29.4,50.65715515523007
6,65,144,1,10.05,15.08039857074844
6,65,144,2,10.75,13.033862779213552
6,65,144,3,22.85,26.079382863218136
6,65,144,0,26.3,29.29541009495479
6,65,144,1,8.5,16.633827296395612
6,65,144,2,4.6,3.6763826614872683
6,65,144,3,21.6,28.956228309203823
3,25,23,9,63.35,45.6638461159949
3,26,23,9,43.05,45.42950003779714
6,755,144,0,26.9,27.737301504235088
6,755,144,1,10.65,11.626987662557449
6,755,144,2,18.85,33.04745391896803
6,755,144,3,35.15,46.46818379561609
6,755,144,0,30.0,26.87789152131504
6,755,144,1,14.3,16.38709376629252
6,755,144,2,7.55,8.300126822112894
6,755,144,3,15.8,28.974762157872206
3,26,23,9,65.15,48.595294335757934
6,587,144,0,24.25,20.240332325126946
6,587,144,1,16.65,21.10693325850412
6,587,144,2,9.3,17.204956446204374
6,587,144,3,17.95,24.598833947546122
3,29,23,9,48.3,52.861387758830865
6,587,144,0,32.4,30.339135747327028
6,587,144,1,12.3,14.238938458363132
6,587,144,2,11.5,13.327849749579576
6,587,144,3,32.9,44.85403226607744
3,29,23,9,33.55,35.242729746715135
6,311,144,0,32.1,32.54777864519854
6,311,144,1,10.8,8.017087015277202
6,311,144,2,18.4,25.355161417871425
6,311,144,3,17.65,18.952225254709884
4,19,23,8,90.5,52.44395504777106
6,311,144,0,31.05,21.649054920420163
6,311,144,1,20.15,21.711687369273093
6,311,144,2,18.3,25.181655812787298
6,311,144,3,21.45,26.372783019820382
6,408,144,0,31.4,30.807381207141013
6,408,144,1,20.6,28.178752727243943
6,408,144,2,14.35,26.065252126558313
6,408,144,3,17.8,28.29282966630089
4,19,23,8,70.8,100.2610277436379
6,408,144,0,28.5,38.370081546626096
6,408,144,1,10.5,9.213833992541069
6,408,144,2,8.45,11.44540818062216
6,408,144,3,14.85,20.83841341571403
4,18,23,8,81.2,66.2178223743427
6,794,144,0,46.3,51.07898939774295
6,794,144,1,12.7,14.079099851609085
6,794,144,2,8.5,10.16961418302479
6,794,144,3,32.9,56.25496469318578
6,794,144,0,36.5,47.1442355688203
6,794,144,1,14.25,15.38582738140937
6,794,144,2,11.5,12.352285107154103
6,794,144,3,18.9,25.156143960221097
4,18,23,8,73.95,91.40625050607288
6,537,144,0,31.15,22.635033396089902
6,537,144,1,16.4,17.397519484412896
6,537,144,2,13.45,16.17169391902179
6,537,144,3,29.7,24.432721803696822
6,537,144,0,40.1,34.938894026420954
6,537,144,1,16.0,19.153122598238593
6,537,144,2,9.35,9.75097835847093
6,537,144,3,22.5,24.286665173777106
4,20,23,8,96.5,70.50755838542194
6,252,144,0,38.45,36.04452655725751
6,252,144,1,19.6,23.52915324935385
6,252,144,2,7.85,8.362038280857504
6,252,144,3,29.15,46.057486962090735
4,20,23,8,104.7,85.51829598026625
6,252,144,0,34.1,28.69237932934366
6,252,144,1,14.4,14.730562571884706
6,252,144,2,12.7,21.99545407578575
6,252,144,3,40.75,50.04300781906447
6,780,144,0,33.8,33.38704444604382
6,780,144,1,15.5,20.337934480850517
6,780,144,2,15.9,13.443448805625499
6,780,144,3,28.55,41.53942325322448
4,22,23,8,83.3,80.87814095421906
6,780,144,0,39.7,47.55727848439296
6,780,144,1,22.35,30.530873071799242
6,780,144,2,10.8,13.524247230729506
6,780,144,3,28.9,40.259552642166405
4,22,23,8,74.1,61.35221867905109
6,687,144,0,51.7,45.04395514091588
6,687,144,1,17.95,17.184677997993933
6,687,144,2,13.05,13.204763893144179
6,687,144,3,32.1,32.850378512599406
4,19,23,8,60.15,60.80795913971165
6,687,144,0,41.65,41.466885964332405
6,687,144,1,20.25,26.365597600701285
6,687,144,2,13.05,17.898765026495102
6,687,144,3,31.85,29.836881098469565
4,19,23,8,84.65,80.88411137970309
6,576,144,0,39.65,42.651926593124294
6,576,144,1,22.75,27.973436647911836
6,576,144,2,16.95,26.8141262848718
6,576,144,3,31.75,35.37301231164799
4,23,23,8,74.3,58.84153563418849
6,576,144,0,30.4,28.201157124449608
6,576,144,1,19.2,25.249491917764665
6,576,144,2,16.8,17.843176493226228
6,576,144,3,26.8,45.67459273001382
4,23,23,8,74.45,48.660450816697235
6,333,144,0,33.3,33.81544337320325
6,333,144,1,23.35,37.61757008297277
6,333,144,2,13.1,16.421744249942705
6,333,144,3,30.85,34.61407532386667
4,18,23,8,71.75,76.17768356732968
6,333,144,0,45.8,43.65968874204936
6,333,144,1,15.2,19.538356338777646
6,333,144,2,13.3,20.23831696767818
6,333,144,3,32.55,62.048771140128146
4,18,23,8,61.15,39.778697022930565
7,205,144,0,18.6,11.856155407746288
7,205,144,1,13.8,31.693598888834252
7,205,144,2,11.25,12.315480203044418
7,205,144,3,26.6,31.204588056718098
7,205,144,0,25.05,22.753773544762105
7,205,144,1,11.75,12.497894559526921
7,205,144,2,8.6,8.828184530539854
7,205,144,3,17.5,24.121403467940205
4,21,23,8,105.95,60.141477936787126
7,313,144,0,37.75,39.71858242024361
7,313,144,1,14.3,12.896756018064144
7,313,144,2,9.9,11.433560940908729
7,313,144,3,24.3,33.11717633526525
4,21,23,8,69.6,53.06143410683209
7,313,144,0,40.4,44.71712258890971
7,313,144,1,21.05,28.370620459608528
7,313,144,2,11.35,14.135714380696562
7,313,144,3,16.35,21.668009405087204
7,384,144,0,17.55,21.898029231200834
7,384,144,1,15.0,28.868121190209653
7,384,144,2,7.5,9.304780887716865
7,384,144,3,9.8,10.17013170747402
4,18,23,8,58.65,57.93669412657051
7,384,144,0,39.5,38.40572873934304
7,384,144,1,15.85,20.034903753725708
7,384,144,2,17.45,22.956423249736716
7,384,144,3,14.75,12.68183533122951
4,18,23,8,86.05,91.55123673314534
7,454,144,0,35.05,32.32641904729091
7,454,144,1,17.55,18.468964009357627
7,454,144,2,12.95,14.561936684383706
7,454,144,3,22.85,27.711435982469876
7,454,144,0,28.35,28.174783425123813
7,454,144,1,16.6,21.56361457836349
7,454,144,2,11.7,16.502312437639574
7,454,144,3,19.3,26.26805143735998
7,3,144,0,40.5,37.73104264325819
7,3,144,1,8.7,13.803508325975073
7,3,144,2,6.45,6.74712414370199
7,3,144,3,20.85,21.709263121146183
4,23,23,8,92.75,115.79558895334758
7,3,144,0,30.05,26.94336164701994
7,3,144,1,23.9,25.12474142312608
7,3,144,2,21.7,27.58355726839719
7,3,144,3,21.35,26.212241013453394
4,23,23,8,85.6,80.6058637020775
7,663,144,0,31.9,29.42769908919504
7,663,144,1,10.2,11.637507419863088
7,663,144,2,11.5,11.348545002960096
7,663,144,3,25.2,35.40234901513561
4,18,23,8,52.45,90.19480379478048
7,663,144,0,36.0,33.85262175962151
7,663,144,1,28.75,31.978405542688204
7,663,144,2,13.55,15.222818744447947
7,663,144,3,21.65,35.076270281232944
4,18,23,8,52.7,51.992003433726524
7,507,144,0,39.4,33.954148649705765
7,507,144,1,11.7,15.502461604192854
7,507,144,2,8.1,8.854971841614715
7,507,144,3,20.2,26.490514687734034
4,22,23,8,84.1,91.35811547507915
7,507,144,0,44.35,37.03522505314153
7,507,144,1,13.2,14.915904616425912
7,507,144,2,16.25,33.892826441749094
7,507,144,3,24.8,32.49388606459602
7,3,144,0,36.85,40.56479547069044
7,3,144,1,20.0,31.269625416435844
7,3,144,2,12.15,20.701576344759225
7,3,144,3,12.8,17.500676678646638
4,22,23,8,82.55,82.93400991149528
7,3,144,0,44.45,43.01954879990454
7,3,144,1,11.7,12.183249933715077
7,3,144,2,8.3,10.667708282475669
7,3,144,3,18.55,22.560970023938523
7,691,144,0,33.25,32.73477950855457
7,691,144,1,14.55,12.96746941997145
7,691,144,2,15.45,19.956465777180824
7,691,144,3,16.8,29.24416271038682
4,23,23,8,99.5,89.99210491686713
7,691,144,0,29.2,24.221782280462048
7,691,144,1,22.4,30.78687348444737
7,691,144,2,17.25,26.688998324758227
7,691,144,3,16.0,28.707233638194655
7,297,144,0,30.8,31.105254252380945
7,297,144,1,17.55,22.866834176666387
7,297,144,2,12.85,15.184046336793587
7,297,144,3,24.15,30.899284611034027
4,23,23,8,94.3,78.82165077933186
7,297,144,0,27.5,26.296887948756858
7,297,144,1,17.5,27.923768408029446
7,297,144,2,14.4,18.75717406613716
7,297,144,3,28.95,39.32787279967439
7,211,144,0,30.9,28.811364716758998
7,211,144,1,26.3,30.4113898330699
7,211,144,2,10.95,11.343790325432167
7,211,144,3,19.2,25.07378584980946
4,20,23,8,120.05,97.16479490237732
7,211,144,0,50.0,40.41625519776079
7,211,144,1,14.55,15.611989319952656
7,211,144,2,7.4,5.9240810968542
7,211,144,3,20.25,19.14178400089297
4,20,23,8,86.9,62.21008549135827
7,205,144,0,28.3,20.9789368051311
7,205,144,1,19.4,25.2115261860836
7,205,144,2,9.15,10.090511436623595
7,205,144,3,27.7,29.648999273073905
7,205,144,0,17.7,11.18316403772818
7,205,144,1,8.6,15.156725101072256
7,205,144,2,11.1,14.483747697623743
7,205,144,3,21.35,37.83242135078269
4,19,23,8,71.55,49.36701967486945
7,38,144,0,32.95,29.81782405842095
7,38,144,1,17.9,21.25509226911097
7,38,144,2,12.85,18.42845340056626
7,38,144,3,33.1,37.50635033950216
4,19,23,8,76.5,74.73004046143974
7,38,144,0,44.4,37.54772401820606
7,38,144,1,17.65,21.612070214289247
7,38,144,2,9.7,12.026724627393689
7,38,144,3,34.5,36.11166891157133
4,22,23,8,89.3,76.21237639510707
7,264,144,0,34.8,28.914756749707177
7,264,144,1,18.45,19.2995091292908
7,264,144,2,14.9,21.18564558722175
7,264,144,3,13.9,17.53162555888193
7,264,144,0,28.35,41.93638666260828
7,264,144,1,10.2,16.37906237275279
7,264,144,2,16.75,25.6245667485839
7,264,144,3,22.3,29.7358546645557
4,22,23,8,84.7,70.44153977814362
7,6,144,0,39.4,33.78632548049113
7,6,144,1,18.85,20.22576522526078
7,6,144,2,11.55,17.337136897119827
7,6,144,3,36.35,45.21675865382098
4,19,23,8,89.0,54.105160761729856
7,6,144,0,36.2,33.63675934074757
7,6,144,1,11.1,13.890170701084386
7,6,144,2,11.05,15.503734694378776
7,6,144,3,19.3,22.485316846426926
7,534,144,0,49.95,44.112863620967815
7,534,144,1,13.0,13.58017130346959
7,534,144,2,7.9,7.2467778683829
7,534,144,3,21.2,27.993608293022138
4,19,23,8,65.3,51.093412903281994
7,534,144,0,31.45,28.21622340352966
7,534,144,1,20.15,24.600545565195564
7,534,144,2,9.4,11.371247212064944
7,534,144,3,19.9,28.72171377382038
4,19,23,8,68.65,61.487932063728444
7,511,144,0,31.15,30.997920133963486
7,511,144,1,15.8,19.446552934971063
7,511,144,2,8.0,10.417596449732235
7,511,144,3,26.1,49.23295857986107
4,19,23,8,67.9,50.06301292529141
7,511,144,0,50.4,46.051915783910886
7,511,144,1,15.15,17.706005522955973
7,511,144,2,10.05,11.403946685248926
7,511,144,3,25.4,30.458600030032137
7,291,144,0,39.05,31.140555719612905
7,291,144,1,12.15,18.6103395144233
7,291,144,2,9.1,11.93358815762424
7,291,144,3,13.15,15.339234181117318
4,23,23,8,108.6,88.00741595546306
7,291,144,0,25.25,20.69038678379788
7,291,144,1,10.7,11.281563908010552
7,291,144,2,21.0,33.68897992550461
7,291,144,3,30.75,24.466679812607012
7,155,144,0,28.4,26.894335149951093
7,155,144,1,12.5,18.540141372310597
7,155,144,2,7.2,8.470381834430642
7,155,144,3,25.15,31.246515595216458
7,155,144,0,34.95,28.546315090798636
7,155,144,1,16.0,20.509304691953076
7,155,144,2,16.9,26.122988464488312
7,155,144,3,14.75,20.9281351798306
4,23,23,8,105.25,134.90420577892337
7,3,144,0,31.5,30.474320509673646
7,3,144,1,17.6,24.19743353072148
7,3,144,2,10.3,15.293961656742006
7,3,144,3,28.7,25.439505125938116
7,3,144,0,32.5,27.886046312580213
7,3,144,1,23.25,38.334916061909986
7,3,144,2,13.35,15.951488958714794
7,3,144,3,18.4,18.15836765211768
4,21,23,8,109.4,97.50811032394877
8,137,144,0,33.85,27.009306388334878
8,137,144,1,25.1,32.92399540888393
8,137,144,2,11.5,11.838829956412168
8,137,144,3,15.65,19.842206477474647
4,21,23,8,90.05,68.73172484377211
8,137,144,0,42.5,48.35014831523543
8,137,144,1,15.65,34.80362201356574
8,137,144,2,18.05,27.751671357918152
8,137,144,3,17.6,25.69742973016644
5,21,23,9,75.75,68.17460169146186
8,495,144,0,29.4,19.927236056264935
8,495,144,1,17.75,25.571108285472658
8,495,144,2,11.7,19.80457150840631
8,495,144,3,15.7,17.26602992797372
8,495,144,0,39.1,29.63799126654486
8,495,144,1,22.4,26.306693164728205
8,495,144,2,10.8,13.778702100667804
8,495,144,3,9.85,10.970174877462313
8,575,144,0,49.75,46.32820557262009
8,575,144,1,12.95,12.364954721435817
8,575,144,2,6.6,6.9691047525942365
8,575,144,3,20.3,24.906350912758647
5,21,23,9,119.4,81.55230804439823
8,575,144,0,26.8,24.67387282126582
8,575,144,1,9.65,15.016745039420075
8,575,144,2,16.1,39.011334385359284
8,575,144,3,17.05,18.360354887064336
5,23,23,9,72.55,58.304531736843856
8,131,144,0,26.85,23.299593400563428
8,131,144,1,17.6,22.544458999473626
8,131,144,2,11.2,15.240527688060093
8,131,144,3,22.0,23.413896008904402
8,131,144,0,31.7,21.07904921455125
8,131,144,1,13.7,12.410097756093199
8,131,144,2,16.1,20.413875570049743
8,131,144,3,26.2,27.517649838450577
5,23,23,9,93.05,94.19658894259946
8,322,144,0,53.2,65.70876733939816
8,322,144,1,28.8,27.53294677100032
8,322,144,2,13.8,16.984822946569555
8,322,144,3,14.3,19.059739877829557
8,322,144,0,32.05,24.989418813401382
8,322,144,1,16.4,15.257094984577538
8,322,144,2,8.65,9.331751119022003
8,322,144,3,12.8,19.105248658831673
5,18,23,9,70.15,59.40075757092665
8,230,144,0,38.1,42.81281165848914
8,230,144,1,21.8,20.851858430365382
8,230,144,2,11.65,15.411120386881267
8,230,144,3,25.4,28.907110762433156
5,18,23,9,64.3,61.78579295053447
8,230,144,0,38.05,44.57574865799847
8,230,144,1,11.8,13.012544554754603
8,230,144,2,17.25,27.38780942797649
8,230,144,3,22.25,26.189340941447313
8,716,144,0,34.4,27.54020983752188
8,716,144,1,12.55,18.04810822569268
8,716,144,2,11.6,11.435862336020884
8,716,144,3,13.85,14.957043755192295
5,23,23,9,88.0,87.6229962605948
8,716,144,0,40.45,31.143935795626494
8,716,144,1,12.4,13.39442146252646
8,716,144,2,8.65,10.499498734902087
8,716,144,3,18.7,25.692718608074234
5,23,23,9,63.85,57.41930264109339
8,457,144,0,17.25,16.042296068764433
8,457,144,1,13.3,14.981040649680127
8,457,144,2,19.65,34.28099826587994
8,457,144,3,22.5,32.509917515153816
8,457,144,0,34.35,31.751129279543992
8,457,144,1,10.25,8.741160949029718
8,457,144,2,20.0,24.52925213956422
8,457,144,3,11.9,13.001619332343104
5,18,23,9,60.4,55.120346802056204
8,482,144,0,29.8,22.001435359874517
8,482,144,1,9.15,9.8262537702776
8,482,144,2,14.25,14.42904599829984
8,482,144,3,13.25,13.564174951144766
5,18,23,9,52.15,86.74298090821013
8,482,144,0,31.5,23.558437978779494
8,482,144,1,13.0,17.49887214410659
8,482,144,2,15.35,17.484654926384355
8,482,144,3,17.95,18.18754634647739
8,467,144,0,36.35,26.731166513227492
8,467,144,1,21.25,26.908959572290374
8,467,144,2,11.15,12.934144937457516
8,467,144,3,10.25,14.42539792391038
5,19,23,9,64.0,54.98995123513118
8,467,144,0,41.85,40.008255726984515
8,467,144,1,11.15,15.31519713088587
8,467,144,2,7.95,12.111217071267793
8,467,144,3,10.4,19.588933503115314
5,19,23,9,62.1,58.316649243139544
8,457,144,0,36.6,36.06923167582324
8,457,144,1,17.7,25.46845313840552
8,457,144,2,6.45,7.937088157570926
8,457,144,3,20.6,36.40618802231002
8,457,144,0,22.65,17.48465492638436
8,457,144,1,14.7,18.629631179782837
8,457,144,2,12.15,14.985168105760266
8,457,144,3,10.5,11.062026082623
5,19,23,9,62.7,66.45148606314234
8,348,144,0,27.75,27.36858552582158
8,348,144,1,14.7,14.349399400598434
8,348,144,2,13.25,14.642673756416281
8,348,144,3,21.5,26.957080897721767
5,19,23,9,75.8,65.73919763172621
8,348,144,0,33.85,34.414310059074346
8,348,144,1,22.9,36.66907488104355
8,348,144,2,18.0,22.40535650240808
8,348,144,3,9.75,11.56161981002571
5,19,23,9,45.5,46.873289442473464
8,596,144,0,31.75,23.28965209565918
8,596,144,1,14.1,15.87086042173882
8,596,144,2,13.2,19.65920167571196
8,596,144,3,12.45,21.02498513673672
8,596,144,0,31.95,34.71610425633674
8,596,144,1,22.7,24.73033509041498
8,596,144,2,6.6,6.885530213120081
8,596,144,3,24.5,39.505495953427996
8,104,144,0,21.45,25.574401263763733
8,104,144,1,17.25,16.511160499874975
8,104,144,2,8.85,8.610122561631501
8,104,144,3,12.45,19.264024283076143
5,19,23,9,103.8,83.1824880355804
8,104,144,0,18.65,19.770459090056026
8,104,144,1,11.2,16.116679820020394
8,104,144,2,9.8,14.12202460511128
8,104,144,3,22.25,30.155517955390764
8,117,144,0,34.9,27.395543241076354
8,117,144,1,14.65,16.180804091658477
8,117,144,2,18.3,28.908385234082264
8,117,144,3,27.55,43.25624384500979
8,117,144,0,24.0,41.70573606894658
8,117,144,1,17.15,29.5408281250846
8,117,144,2,11.65,15.383774774605532
8,117,144,3,12.75,15.787653403846942
5,20,23,9,111.75,84.51152210450982
8,406,144,0,27.85,23.877483337368616
8,406,144,1,19.1,17.555625878902752
8,406,144,2,9.65,14.294919966271419
8,406,144,3,21.75,21.956595939788983
8,406,144,0,21.3,14.743776563975088
8,406,144,1,6.5,4.673553815155861
8,406,144,2,6.15,6.2177589464202825
8,406,144,3,13.15,19.263477851815036
5,20,23,9,80.5,68.93437000815379
8,652,144,0,37.35,47.90261502586043
8,652,144,1,19.4,23.45970789964875
8,652,144,2,19.05,28.19569769346119
8,652,144,3,15.5,17.461235261060576
5,20,23,9,62.7,52.05877245454107
8,652,144,0,37.65,31.265038486765814
8,652,144,1,39.35,43.773670288500085
8,652,144,2,13.7,20.355007142948235
8,652,144,3,18.3,25.46845313840552
8,531,144,0,30.2,34.47134584275071
8,531,144,1,10.9,18.002631386608606
8,531,144,2,11.6,15.469494599303971
8,531,144,3,11.9,17.066125265535447
8,531,144,0,30.55,31.910194708208678
8,531,144,1,12.65,17.744606296888612
8,531,144,2,11.7,15.6006072756294
8,531,144,3,12.25,15.036359441804983
5,20,23,9,121.75,119.71407822940371
8,255,144,0,37.15,34.744594430001094
8,255,144,1,11.5,11.505147589345892
8,255,144,2,15.7,21.73064777293993
8,255,144,3,11.7,9.159981613403748
8,255,144,0,28.65,32.881405719726516
8,255,144,1,17.45,16.589391029716616
8,255,144,2,17.55,27.45997086669977
8,255,144,3,21.6,29.838865506866075
5,19,23,9,96.75,120.79686079922512
8,271,144,0,32.6,27.226921661434567
8,271,144,1,12.55,12.767042273802206
8,271,144,2,6.75,6.154801292273246
8,271,144,3,28.6,46.66385956469615
5,19,23,9,46.6,34.04084234222798
8,271,144,0,31.9,26.114928176891674
8,271,144,1,14.2,17.07444997958245
8,271,144,2,13.85,20.696490930641
8,271,144,3,28.7,26.65984561885257
9,218,144,0,18.0,22.02391045157393
9,218,144,1,16.5,16.78815371811796
9,218,144,2,16.4,16.246133143159422
9,218,144,3,19.15,16.000904579692396
5,22,23,9,107.6,72.68127971529279
9,218,144,0,31.8,31.695259482834505
9,218,144,1,12.1,24.237639280563954
9,218,144,2,8.25,9.941274936768476
9,218,144,3,20.9,23.988813182288464
9,338,144,0,47.85,38.222719890000945
9,338,144,1,14.9,19.417572074364962
9,338,144,2,17.05,21.66363676520489
9,338,144,3,27.4,50.242988513192984
5,22,23,9,79.55,73.85581614840748
9,338,144,0,43.15,41.76157261608357
9,338,144,1,20.05,24.480873307436088
9,338,144,2,13.45,13.319850639276387
9,338,144,3,23.9,24.207219453795396
5,18,23,9,59.45,71.25305164286686
9,125,144,0,34.45,28.907247315654622
9,125,144,1,19.65,22.3683869968781
9,125,144,2,12.35,13.78891622015
9,125,144,3,27.3,25.71114851372332
5,18,23,9,70.4,84.06601416055186
9,125,144,0,32.9,30.07866878353285
9,125,144,1,17.45,19.93007513123927
9,125,144,2,11.95,12.019611168069414
9,125,144,3,11.45,15.219360938239852
9,703,144,0,31.8,24.76542581482244
9,703,144,1,22.4,18.740330840195966
9,703,144,2,14.9,17.408104585599144
9,703,144,3,16.4,19.29657728035835
9,703,144,0,35.1,28.22447612678717
9,703,144,1,23.25,21.449757697073363
9,703,144,2,6.65,6.869267945368207
9,703,144,3,21.95,32.68908557591469
5,19,23,9,103.55,86.22704118534364
9,179,144,0,42.75,37.90969185897064
9,179,144,1,27.3,38.33797073398643
9,179,144,2,12.35,20.665952166483123
9,179,144,3,17.0,15.764717434495097
5,19,23,9,93.25,83.6344646913611
9,179,144,0,31.95,35.43782546494931
9,179,144,1,9.55,10.58536725862641
9,179,144,2,15.95,27.114717308812974
9,179,144,3,15.9,19.46089195770517
9,793,144,0,42.45,37.60245652669657
9,793,144,1,12.3,17.171273440806516
9,793,144,2,6.25,6.273377332657007
9,793,144,3,18.8,16.314668891909257
5,22,23,9,57.0,58.62099498158982
9,793,144,0,38.85,29.65995883164265
9,793,144,1,13.55,19.570318556964082
9,793,144,2,9.8,12.046401515543312
9,793,144,3,26.4,35.118446195096595
5,22,23,9,94.15,77.24484312543902
9,286,144,0,42.95,44.32710350635554
9,286,144,1,17.9,21.708353958302492
9,286,144,2,9.3,8.602937074963961
9,286,144,3,28.9,61.61843538217575
5,22,23,9,66.25,57.51144050946459
9,286,144,0,31.75,22.073740054644116
9,286,144,1,24.2,44.65139828069276
9,286,144,2,8.55,7.022332795783525
9,286,144,3,8.3,11.608073415560941
9,431,144,0,31.05,26.39273225320701
9,431,144,1,10.7,11.30020959283965
9,431,144,2,10.05,9.94445097846824
9,431,144,3,19.0,19.875930961314676
5,22,23,9,69.3,66.33416203308502
9,431,144,0,29.8,34.42551073656982
9,431,144,1,18.25,22.796294712772493
9,431,144,2,9.8,12.146474472259971
9,431,144,3,20.85,32.97092020170757
5,20,23,9,74.75,72.04156329581738
9,599,144,0,20.45,23.073053319265835
9,599,144,1,17.65,24.214556300748217
9,599,144,2,12.4,16.04073761265032
9,599,144,3,22.75,22.270762045903666
9,599,144,0,34.0,32.672215783606205
9,599,144,1,16.85,25.064705737036103
9,599,144,2,14.5,27.74792547959311
9,599,144,3,24.75,33.0595555101141
5,20,23,9,83.6,82.60648630069777
9,464,144,0,33.6,31.782815615062372
9,464,144,1,17.6,20.589726615602817
9,464,144,2,15.1,20.598671393026656
9,464,144,3,21.55,34.831133985801294
5,22,23,9,89.8,70.37613231771124
9,464,144,0,33.9,30.385072512320047
9,464,144,1,11.65,13.60446907995194
9,464,144,2,8.85,10.23551608243005
9,464,144,3,38.75,73.61555542139176
9,84,144,0,34.75,34.53430788437248
9,84,144,1,11.5,11.376337399689715
9,84,144,2,12.6,14.416364969969663
9,84,144,3,20.5,29.909512656819086
9,84,144,0,38.7,31.454394722652363
9,84,144,1,15.85,16.30716665182908
9,84,144,2,10.1,14.997894589083598
9,84,144,3,21.3,40.940393127981615
5,22,23,9,117.45,107.8802820869407
9,188,144,0,35.6,30.931843581791583
9,188,144,1,16.4,13.276017157978796
9,188,144,2,19.25,29.770835251617434
9,188,144,3,18.55,19.115920617449518
5,21,23,9,58.55,48.10129115238296
9,188,144,0,40.45,45.68597043663232
9,188,144,1,14.3,14.473569377534892
9,188,144,2,11.85,14.068535254621438
9,188,144,3,19.45,20.551539832180076
5,21,23,9,63.6,59.067668598686126
9,475,144,0,32.3,33.545099257723564
9,475,144,1,12.45,12.963410045200298
9,475,144,2,9.4,10.459948676537064
9,475,144,3,18.55,27.37743019734552
9,475,144,0,29.4,23.93499969764603
9,475,144,1,12.8,10.665241132813296
9,475,144,2,12.4,17.415661433258705
9,475,144,3,15.1,18.609278953196835
5,20,23,9,67.5,50.957670772184194
9,538,144,0,39.25,32.53318144198077
9,538,144,1,11.4,15.163668491010451
9,538,144,2,15.4,28.685958420912414
9,538,144,3,19.35,26.226292552563194
5,20,23,9,82.25,73.28953037888765
9,538,144,0,35.65,46.11458839844388
9,538,144,1,19.8,22.823349078474322
9,538,144,2,9.4,9.52227305901938
9,538,144,3,32.55,42.62131292897338
6,14,23,8,53.85,57.50356968324479
9,674,144,0,40.3,40.524326677090876
9,674,144,1,17.4,25.56395488717824
9,674,144,2,13.8,16.835426307265532
9,674,144,3,51.85,63.370485409633964
6,14,23,8,74.0,69.37389164595902
9,674,144,0,26.8,29.546751535757522
9,674,144,1,19.5,22.760769573521614
9,674,144,2,14.1,18.5639718980497
9,674,144,3,35.55,52.762102627588774
6,15,23,8,68.3,64.03543426967029
9,125,144,0,37.6,41.36029115239067
9,125,144,1,20.35,25.60689668614174
9,125,144,2,10.1,10.57255633082279
9,125,144,3,17.75,31.34170754089425
9,125,144,0,31.0,25.03891707764241
9,125,144,1,16.9,15.245016441965205
9,125,144,2,10.9,12.957013950996416
9,125,144,3,24.1,37.751124068311555
6,15,23,8,94.8,67.0746638181347
9,599,144,0,29.65,22.969716905892465
9,599,144,1,19.6,32.870399417937364
9,599,144,2,7.95,9.588781822635514
9,599,144,3,22.8,37.67394744102977
9,599,144,0,24.7,33.99086564605881
9,599,144,1,25.0,43.893411566513805
9,599,144,2,14.7,17.55622546652836
9,599,144,3,15.15,18.462693536739945
6,16,23,8,72.3,61.31549130264073
9,120,144,0,37.45,45.77804001230744
9,120,144,1,24.1,37.47546565842497
9,120,144,2,16.1,20.8324140148042
9,120,144,3,18.7,28.703749984242382
6,16,23,8,90.55,79.15971529961304
9,120,144,0,36.05,30.29239091535069
9,120,144,1,17.95,19.995986439388545
9,120,144,2,12.85,20.189301492048756
9,120,144,3,11.25,17.374739679988544
6,13,23,8,77.5,55.40520591158617
9,542,144,0,44.25,50.17535041704925
9,542,144,1,17.05,22.507250293838066
9,542,144,2,8.25,7.261107643502217
9,542,144,3,20.4,28.770233154937653
9,542,144,0,34.85,31.857040864329804
9,542,144,1,11.45,11.59616542791534
9,542,144,2,6.45,5.175600651640654
9,542,144,3,20.9,30.089165736803704
6,13,23,8,45.25,37.991515673343365
9,578,144,0,39.9,34.36935599598787
9,578,144,1,21.35,33.81882845242775
9,578,144,2,15.8,23.153037768179292
9,578,144,3,28.25,42.29828290654486
6,15,23,8,88.6,77.55229135710204
9,578,144,0,40.35,47.09595468156921
9,578,144,1,12.0,15.183093090324963
9,578,144,2,11.25,15.11316957943773
9,578,144,3,17.8,25.326499539955545
6,15,23,8,86.25,69.30548318856164
10,46,144,0,41.3,77.68837886406381
10,46,144,1,21.1,25.708691956326042
10,46,144,2,10.75,10.161200716450788
10,46,144,3,8.35,7.8087333024936685
10,46,144,4,8.6,11.749132106805076
10,46,144,5,11.95,20.43597189683968
10,46,144,0,35.3,27.106223794934117
10,46,144,1,19.25,24.445158814654572
10,46,144,2,11.05,13.457437779122271
10,46,144,3,11.7,18.21537811850196
10,46,144,4,5.95,6.984757841562094
10,46,144,5,7.2,8.526120855471454
6,16,23,8,112.35,93.47686175846152
10,183,144,0,29.35,37.60637543933489
10,183,144,1,17.9,27.68221925998518
10,183,144,2,12.35,14.038574676489361
10,183,144,3,18.1,23.70853721430543
10,183,144,4,14.5,19.850758967327856
10,183,144,5,9.5,9.779139990171345
10,183,144,0,42.05,37.27207929183509
10,183,144,1,15.9,18.76979656676904
10,183,144,2,11.45,12.676023783007368
10,183,144,3,15.05,22.746833209320187
10,183,144,4,8.0,7.6708607902345545
10,183,144,5,17.1,26.82477252564561
6,16,23,8,77.65,83.53648745812878
10,294,144,0,33.8,31.53544371855763
10,294,144,1,16.5,18.34895666042938
10,294,144,2,11.65,12.905629126776219
10,294,144,3,12.0,13.514125163967085
10,294,144,4,12.05,18.93333178897943
10,294,144,5,9.85,13.047584975167261
6,15,23,8,85.65,71.07170211909423
10,294,144,0,31.85,24.029094207253273
10,294,144,1,8.85,8.260718714749373
10,294,144,2,9.4,13.472779574894123
10,294,144,3,5.15,4.042862456491101
10,294,144,4,4.8,3.847076812334269
10,294,144,5,6.6,10.28233027039463
10,48,144,0,35.25,34.47787238520565
10,48,144,1,16.1,20.6191020275145
10,48,144,2,18.25,26.979280549105983
10,48,144,3,9.7,12.388874465677493
10,48,144,4,8.3,8.1117199162693
10,48,144,5,13.2,23.352222930365187
10,48,144,0,28.95,31.02371758238491
10,48,144,1,13.35,22.14610575247937
10,48,144,2,13.4,13.910995272577884
10,48,144,3,9.2,14.244481849400303
10,48,144,4,5.4,8.02889518518811
10,48,144,5,9.4,14.339492760609735
6,15,23,8,107.7,95.5852333893958
10,169,144,0,32.65,39.05903089858787
10,169,144,1,14.8,16.285608758397057
10,169,144,2,10.05,13.58201209805009
10,169,144,3,9.1,10.552625016404312
10,169,144,4,9.05,13.311945565425143
10,169,144,5,6.0,6.215430712940852
6,15,23,8,74.1,67.66861979723807
10,169,144,0,29.15,30.479112778909325
10,169,144,1,22.2,35.10075722679978
10,169,144,2,9.8,10.232044607120576
10,169,144,3,14.65,22.017397427345593
10,169,144,4,5.4,5.861560776520372
10,169,144,5,8.9,14.322966467218047
10,189,144,0,20.75,22.724609891851657
10,189,144,1,12.85,18.63859888567412
10,189,144,2,11.15,11.449086380465841
10,189,144,3,14.95,29.70995757229163
10,189,144,4,7.1,9.060614595164353
10,189,144,5,6.65,8.90461146053874
6,15,23,8,82.95,97.1772525905761
10,189,144,0,29.95,28.044091224919004
10,189,144,1,13.0,18.005847003564966
10,189,144,2,25.35,33.986491124377174
10,189,144,3,8.95,5.443247869463695
10,189,144,4,8.15,8.664962720483478
10,189,144,5,7.65,8.455922869737364
10,16,144,0,31.3,35.30036528810551
10,16,144,1,12.4,13.437574969191115
10,16,144,2,19.45,25.077721293274593
10,16,144,3,8.5,7.287335806582179
10,16,144,4,12.15,19.583223217308927
10,16,144,5,8.3,8.991809138262855
6,12,23,8,88.25,107.47723137091825
10,16,144,0,38.25,32.48947197899166
10,16,144,1,14.3,15.701491715925059
10,16,144,2,8.0,6.206957047497082
10,16,144,3,6.2,6.06630035524124
10,16,144,4,4.15,3.0996604228273306
10,16,144,5,4.05,4.236122854935307
10,39,144,0,25.3,27.56256041883818
10,39,144,1,12.8,13.465746016818885
10,39,144,2,6.9,4.951342189112383
10,39,144,3,12.5,19.239487902146514
10,39,144,4,6.2,5.473380558379081
10,39,144,5,3.65,2.5603248149199227
6,12,23,8,84.8,100.7051976916051
10,39,144,0,31.75,29.404394587418928
10,39,144,1,20.65,20.63281749773251
10,39,144,2,14.4,14.158501258775127
10,39,144,3,9.05,7.549660152685857
10,39,144,4,8.65,6.635431211942526
10,39,144,5,14.75,20.162171457825092
6,13,23,8,85.9,69.73476064421001
10,82,144,0,33.35,34.75671082493884
10,82,144,1,24.35,41.247998356539114
10,82,144,2,13.9,28.2580216836509
10,82,144,3,12.55,14.456741279453423
10,82,144,4,6.55,8.647938604387937
10,82,144,5,6.05,5.49138080612652
10,82,144,0,35.25,46.3157072367691
10,82,144,1,17.5,21.90289574702996
10,82,144,2,12.2,17.60562111193019
10,82,144,3,8.35,13.677776827663493
10,82,144,4,7.15,6.2683415081788505
10,82,144,5,5.65,5.922970449645044
6,13,23,8,96.55,58.80071159612379
10,103,144,0,25.0,24.08100365105461
10,103,144,1,14.55,20.33528175881825
10,103,144,2,11.8,12.609937601581915
10,103,144,3,11.25,15.11316957943773
10,103,144,4,4.55,4.570788254027733
10,103,144,5,5.75,4.982865377312641
10,103,144,0,41.6,33.16529574879837
10,103,144,1,21.55,42.5087916603266
10,103,144,2,10.25,15.923749227920045
10,103,144,3,9.05,19.085610451745826
10,103,144,4,10.15,19.781104753353837
10,103,144,5,4.7,6.681474782049087
6,16,23,8,100.65,98.96106358191165
10,20,144,0,45.4,47.576420519766764
10,20,144,1,23.2,39.121403483595984
10,20,144,2,11.1,23.190061392079603
10,20,144,3,9.55,11.50503322349328
10,20,144,4,6.35,7.14713781505355
10,20,144,5,9.65,15.322068707380353
6,16,23,8,76.05,62.91387178641841
10,20,144,0,38.15,28.925084724435802
10,20,144,1,14.25,16.479253304494232
10,20,144,2,15.2,16.172100732596963
10,20,144,3,13.1,12.801726857198435
10,20,144,4,12.6,17.66471356300911
10,20,144,5,7.95,7.769542423700653
10,122,144,0,30.65,24.083790137111333
10,122,144,1,15.45,20.07741595870712
10,122,144,2,11.4,10.796685651283527
10,122,144,3,14.4,21.77975883100734
10,122,144,4,13.25,15.989717090417171
10,122,144,5,8.5,16.294978238386012
6,12,23,8,78.35,63.30068179561319
10,122,144,0,28.0,24.50349062137023
10,122,144,1,17.9,15.426907456914705
10,122,144,2,14.3,17.402661623411156
10,122,144,3,12.6,17.28826800250146
10,122,144,4,7.1,7.60816735661853
10,122,144,5,18.1,29.169017449125167
6,12,23,8,68.75,77.1948150699528
10,140,144,0,38.95,38.408435202919186
10,140,144,1,17.3,27.56256041883818
10,140,144,2,19.7,28.161377059631455
10,140,144,3,10.75,13.4316006021934
10,140,144,4,4.05,2.837252191822221
10,140,144,5,10.5,16.684376555707185
10,140,144,0,37.0,38.65365782378033
10,140,144,1,17.05,20.179392823790366
10,140,144,2,9.45,16.090124463880255
10,140,144,3,13.65,18.339703837360766
10,140,144,4,4.85,5.22418465056107
10,140,144,5,4.75,4.700223958829823
6,14,23,8,80.15,94.24507525874398
10,35,144,0,23.6,23.265967917924556
10,35,144,1,19.55,18.872076281053307
10,35,144,2,16.55,21.808918986699478
10,35,144,3,13.1,18.82579417490241
10,35,144,4,8.2,9.902684378224766
10,35,144,5,9.6,10.210417796493314
6,14,23,8,71.3,51.058377321815094
10,35,144,0,37.9,26.592242636172163
10,35,144,1,13.45,12.621931622962345
10,35,144,2,29.45,34.262876949288795
10,35,144,3,10.3,12.393122031361207
10,35,144,4,10.1,11.693002855959357
10,35,144,5,8.15,12.844310638935577
6,16,23,8,95.5,73.04684870179655
10,309,144,0,34.15,37.702819942000986
10,309,144,1,29.9,46.75231488780444
10,309,144,2,19.3,29.675614656872025
10,309,144,3,15.75,22.696800145441323
10,309,144,4,11.55,14.110373190633455
10,309,144,5,14.6,27.29642351741534
6,16,23,8,58.4,61.219535925612576
10,309,144,0,23.0,26.255826421056177
10,309,144,1,23.1,21.33664996148522
10,309,144,2,13.95,22.649445212213312
10,309,144,3,18.05,16.75669544108453
10,309,144,4,9.35,9.969822888148647
10,309,144,5,10.75,11.849383728145616
10,134,144,0,31.0,24.492748658370406
10,134,144,1,10.35,14.618931489501442
10,134,144,2,10.95,14.662788562243287
10,134,144,3,7.3,11.107607634788916
10,134,144,4,8.7,14.882345598940905
10,134,144,5,5.65,4.579990806701874
6,12,23,8,75.75,75.48640518941839
10,134,144,0,31.7,31.64457216282788
10,134,144,1,12.2,11.55581421212989
10,134,144,2,11.9,12.298480864681922
10,134,144,3,9.2,10.364920595323847
10,134,144,4,12.8,19.715342676253567
10,134,144,5,9.85,10.893141251071219
6,12,23,8,53.4,61.52397906507674
10,94,144,0,50.0,46.60359145862157
10,94,144,1,17.3,27.907931338222603
10,94,144,2,7.25,9.312555192347926
10,94,144,3,8.55,10.42504575277099
10,94,144,4,9.65,14.708661966409633
10,94,144,5,9.6,16.037456157383563
10,94,144,0,21.0,19.05946373575964
10,94,144,1,10.65,13.754520787917809
10,94,144,2,11.15,17.535752951582868
10,94,144,3,5.25,6.086006382202579
10,94,144,4,6.15,7.278483069257884
10,94,144,5,5.35,7.300144194682589
6,14,23,8,95.0,69.66234352405291
10,26,144,0,38.4,30.938648968563573
10,26,144,1,11.3,14.375051487321981
10,26,144,2,13.3,17.20801526828949
10,26,144,3,13.2,20.23181444629902
10,26,144,4,20.25,32.649453932727006
10,26,144,5,13.45,19.041436810006584
6,14,23,8,74.65,63.921230308955465
10,26,144,0,26.65,26.450101979705902
10,26,144,1,14.5,15.18829188968647
10,26,144,2,6.95,8.261992877979832
10,26,144,3,7.7,11.346689756094182
10,26,144,4,7.8,13.3637372648601
10,26,144,5,10.5,16.614831674710018
10,108,144,0,37.05,39.82127836378832
10,108,144,1,17.7,15.83500452860853
10,108,144,2,10.7,11.448281875230748
10,108,144,3,10.6,17.205874149927922
10,108,144,4,7.0,7.283723744002608
10,108,144,5,4.95,3.605186322654161
6,14,23,8,93.85,65.86371495268409
10,108,144,0,34.3,29.949255328586084
10,108,144,1,11.7,14.294275630107098
10,108,144,2,13.3,19.36111132086553
10,108,144,3,11.2,18.254343390863966
10,108,144,4,3.9,3.0932864485255123
10,108,144,5,10.55,16.099934619023834
6,14,23,8,76.1,71.15505677928421
10,189,144,0,35.9,27.558359129214075
10,189,144,1,22.2,22.800277006627514
10,189,144,2,9.2,8.947801847087185
10,189,144,3,17.8,18.254343390863966
10,189,144,4,15.2,23.248316294439814
10,189,144,5,12.95,16.05082388441232
10,189,144,0,37.7,24.980202687644258
10,189,144,1,15.9,19.58759005621994
10,189,144,2,12.25,20.377683872314833
10,189,144,3,12.25,15.986425162420904
10,189,144,4,6.35,3.3289005613518134
10,189,144,5,9.75,19.428343375485962
6,12,23,8,72.8,87.96147482069397
11,119,144,0,38.95,29.56789688692433
11,119,144,1,9.85,11.51326466115909
11,119,144,2,5.8,7.266360849833981
11,119,144,3,4.15,3.731445324606313
11,119,144,4,9.35,10.584372790506816
11,119,144,5,15.45,18.62503973856587
6,12,23,8,51.9,59.08058724719723
11,119,144,0,51.85,43.764050375429804
11,119,144,1,18.3,16.811963159106607
11,119,144,2,16.1,12.556818235943622
11,119,144,3,8.8,6.740295167673922
11,119,144,4,8.45,11.618836792943286
11,119,144,5,10.75,22.284937088819248
6,15,23,8,79.4,52.09444863848132
11,797,144,0,24.65,22.401304003397474
11,797,144,1,16.1,19.970768111101
11,797,144,2,13.0,17.926751547690717
11,797,144,3,7.85,8.336823830389328
11,797,144,4,4.15,3.52845575287547
11,797,144,5,10.55,14.798559673868692
11,797,144,0,42.0,28.523305337362657
11,797,144,1,19.5,28.40033357847089
11,797,144,2,11.0,16.393194993815673
11,797,144,3,9.5,15.736314020359673
11,797,144,4,7.25,10.813612279267081
11,797,144,5,19.85,27.825159005551264
6,15,23,8,66.1,93.1619416308025
11,417,144,0,28.6,27.467492748606247
11,417,144,1,20.15,33.963254137066244
11,417,144,2,12.55,22.098999739211823
11,417,144,3,10.1,10.300229941224869
11,417,144,4,7.45,9.616187011054794
11,417,144,5,21.2,27.419931283264503
11,417,144,0,35.95,30.83995187381049
11,417,144,1,21.4,24.308109974375135
11,417,144,2,20.55,27.725107374857334
11,417,144,3,11.25,12.727405159939835
11,417,144,4,6.6,6.707419301356561
11,417,144,5,23.55,31.399756955143864
6,15,23,8,140.45,91.53571347897642
11,434,144,0,23.95,26.358809572992158
11,434,144,1,26.85,30.325037423502742
11,434,144,2,14.4,12.897980258042036
11,434,144,3,12.1,12.681939084673466
11,434,144,4,11.25,19.409371041085446
11,434,144,5,15.6,23.091123835794566
6,15,23,8,80.1,75.66052993122427
11,434,144,0,31.65,17.306144330235643
11,434,144,1,10.65,13.884012009274706
11,434,144,2,15.55,26.941408160751553
11,434,144,3,9.4,8.828184530539852
11,434,144,4,5.4,4.6724275218957025
11,434,144,5,28.3,30.74872697407676
11,311,144,0,20.8,17.488642931312523
11,311,144,1,18.4,22.110726141995336
11,311,144,2,12.3,16.183487360822287
11,311,144,3,9.6,11.8161352663034
11,311,144,4,14.1,19.144602097554397
11,311,144,5,11.25,16.315556025494583
7,14,23,9,81.85,60.12904981436965
7,14,23,9,42.05,54.68904922617651
11,311,144,0,35.5,28.03475286891348
11,311,144,1,13.2,15.038896936033293
11,311,144,2,17.15,17.968612985747647
11,311,144,3,7.65,7.929126851777498
11,311,144,4,6.65,7.161850687019235
11,311,144,5,22.8,49.184507616460735
11,786,144,0,30.8,28.470853055084433
11,786,144,1,23.55,30.986372216797093
11,786,144,2,10.65,13.02740027383579
11,786,144,3,9.15,14.246975671681119
11,786,144,4,9.1,17.480515468733515
11,786,144,5,22.2,30.490032883930414
7,17,23,9,86.65,58.851530409828314
11,786,144,0,42.9,64.21337784867607
11,786,144,1,13.0,17.63966821504424
11,786,144,2,9.5,10.555617112778341
11,786,144,3,6.45,7.465534845295129
11,786,144,4,6.3,6.250052631357342
11,786,144,5,25.1,46.08676028627105
7,17,23,9,84.0,98.68610524496877
11,456,144,0,31.8,43.52809135308031
11,456,144,1,13.15,11.979258390190413
11,456,144,2,11.55,12.754668907790919
11,456,144,3,12.35,14.658480570358543
11,456,144,4,8.05,9.32723798458325
11,456,144,5,18.4,22.967711890253334
11,456,144,0,33.85,31.888415649442024
11,456,144,1,15.7,24.950688209050732
11,456,144,2,8.2,9.456827107828948
11,456,144,3,11.4,11.979807572481462
11,456,144,4,11.35,17.110400038388473
11,456,144,5,10.35,11.31498773169556
7,16,23,9,98.35,103.97989431160539
11,724,144,0,27.9,35.69741255550456
11,724,144,1,9.35,8.336823830389328
11,724,144,2,13.75,17.77009611086765
11,724,144,3,13.4,24.923884127479006
11,724,144,4,8.25,6.934847169416057
11,724,144,5,17.2,16.75708805252273
7,16,23,9,88.8,88.33703401715144
11,724,144,0,46.45,45.20535017241352
11,724,144,1,14.9,14.363330503678272
11,724,144,2,13.5,16.37552731171861
11,724,144,3,7.95,8.191619594374934
11,724,144,4,8.65,13.631523064303254
11,724,144,5,23.25,30.96666288973217
7,17,23,9,74.4,67.69778041918516
11,679,144,0,36.25,33.474066945842374
11,679,144,1,24.3,33.42879313595266
11,679,144,2,13.25,19.827877769496798
11,679,144,3,8.05,12.542454221353044
11,679,144,4,9.85,13.413563441924234
11,679,144,5,22.3,28.303059161418165
7,17,23,9,65.3,50.57053437890904
11,679,144,0,42.7,34.55293421922218
11,679,144,1,13.85,17.99203039945011
11,679,144,2,9.8,15.926145335992569
11,679,144,3,14.95,20.376650724219672
11,679,144,4,7.1,10.842897262845922
11,679,144,5,12.25,16.65398640439864
11,426,144,0,23.8,27.658823661099355
11,426,144,1,18.55,26.051517785867457
11,426,144,2,10.6,11.236219630238072
11,426,144,3,12.0,25.721177021443264
11,426,144,4,10.25,13.12640969873131
11,426,144,5,26.65,24.93206559306393
7,16,23,9,90.65,51.35252261522669
11,426,144,0,28.85,29.066665660711394
11,426,144,1,17.9,14.494645109215513
11,426,144,2,10.25,9.2729090422188
11,426,144,3,19.1,40.60321480660834
11,426,144,4,6.95,7.451421623457253
11,426,144,5,19.65,26.462038350894485
7,16,23,9,65.85,60.22001328462159
11,657,144,0,34.45,31.327598392673373
11,657,144,1,17.8,21.080297611002106
11,657,144,2,12.75,19.070161316349136
11,657,144,3,8.25,11.059052019904207
11,657,144,4,5.7,6.275264724967469
11,657,144,5,25.6,33.06039131172241
7,16,23,9,78.4,76.82680453290273
11,657,144,0,29.1,29.472377790595363
11,657,144,1,13.45,15.889337702735721
11,657,144,2,9.95,15.496943671508097
11,657,144,3,5.25,5.077038092182654
11,657,144,4,4.5,3.872983346207417
11,657,144,5,18.75,26.48708722139307
7,16,23,9,71.0,64.94370031439782
11,320,144,0,33.05,48.24441609358047
11,320,144,1,17.1,20.346731277633037
11,320,144,2,11.05,9.081357422300862
11,320,144,3,8.5,8.611497821914728
11,320,144,4,9.2,14.066009795921063
11,320,144,5,6.45,4.957450533235171
11,320,144,0,23.85,24.715805724911718
11,320,144,1,8.15,6.784463675812633
11,320,144,2,13.2,19.036253501369988
11,320,144,3,9.4,13.635866019628645
11,320,144,4,9.85,12.795044270917426
11,320,144,5,13.45,15.452729276903261
7,13,23,9,90.2,46.7305827956495
11,536,144,0,38.7,24.035281085148664
11,536,144,1,12.55,20.038055898976985
11,536,144,2,17.1,18.89277221863597
11,536,144,3,14.75,16.05541390900508
11,536,144,4,9.8,14.84516579120695
11,536,144,5,22.85,43.98238283676772
11,536,144,0,28.75,21.838823469370226
11,536,144,1,9.7,9.308174110058207
11,536,144,2,10.75,13.852132649789649
11,536,144,3,7.15,9.137977433707492
11,536,144,4,4.25,4.089460136806118
11,536,144,5,10.6,15.486496664751796
7,13,23,9,102.5,72.3154638773027
11,208,144,0,19.15,21.29065769916838
11,208,144,1,13.15,18.264936209492827
11,208,144,2,12.3,20.32395527191341
11,208,144,3,10.35,11.788821645502733
11,208,144,4,9.15,14.514149176434334
11,208,144,5,16.5,16.878825102539135
7,16,23,9,42.6,41.18558766824807
11,208,144,0,36.3,31.77569412053976
11,208,144,1,21.75,22.538563443690528
11,208,144,2,17.9,20.776758270012344
11,208,144,3,15.35,20.574063897615314
11,208,144,4,9.8,10.273112581163664
11,208,144,5,19.95,21.23422014728014
7,16,23,9,80.9,73.38069443518145
11,631,144,0,40.85,31.12669357049635
11,631,144,1,14.9,21.412981797817984
11,631,144,2,10.4,16.639838055892124
11,631,144,3,12.3,14.988065427638013
11,631,144,4,9.1,14.987363098009565
11,631,144,5,26.6,26.002833853660118
7,14,23,9,83.1,72.99524137337923
11,631,144,0,32.6,26.75896308273468
11,631,144,1,20.75,23.657367829739197
11,631,144,2,11.0,17.189347986777346
11,631,144,3,13.7,31.80383955635413
11,631,144,4,5.5,3.790570016848598
11,631,144,5,19.0,22.240314272675384
7,14,23,9,54.75,53.77132379956713
11,573,144,0,46.15,40.54532875943327
11,573,144,1,18.3,24.465012611998855
11,573,144,2,7.1,6.758230849159143
11,573,144,3,9.35,9.516052919036062
11,573,144,4,9.8,22.423202269078338
11,573,144,5,16.9,46.30209725839981
7,16,23,9,76.25,59.08323744826803
11,573,144,0,37.0,35.8725815249357
11,573,144,1,12.25,13.80265039384599
11,573,144,2,10.05,13.869599470557333
11,573,144,3,8.15,9.81017194977797
11,573,144,4,6.15,5.112162998801563
11,573,144,5,20.55,32.68264467814523
7,16,23,9,56.7,58.24819852646902
11,434,144,0,21.9,19.568772115420607
11,434,144,1,13.45,17.24582329297826
11,434,144,2,6.55,7.148610464904866
11,434,144,3,6.7,14.578643356131021
11,434,144,4,4.2,3.8470768123342687
11,434,144,5,30.85,38.49986329435743
7,13,23,9,73.65,55.60317578965015
11,434,144,0,29.2,19.962069294697777
11,434,144,1,11.75,15.25183336693106
11,434,144,2,8.75,9.99934208362046
11,434,144,3,14.65,33.63312120671026
11,434,144,4,8.25,15.626815683979018
11,434,144,5,15.75,19.349622599338783
7,13,23,9,60.1,60.010437688613365
11,135,144,0,33.5,30.48295468480359
11,135,144,1,19.75,24.912214294450656
11,135,144,2,11.1,13.498148021117565
11,135,144,3,16.2,27.186684047041933
11,135,144,4,11.25,18.606379777405724
11,135,144,5,21.35,27.813807627450835
11,135,144,0,28.25,29.47233314572553
11,135,144,1,18.15,29.677698520499938
11,135,144,2,9.45,17.203044406212097
11,135,144,3,14.55,27.90675262557905
11,135,144,4,5.95,6.652858507122294
11,135,144,5,23.1,26.507000068502265
7,16,23,9,96.05,89.1382574844742
11,229,144,0,23.75,20.057483181569598
11,229,144,1,14.65,18.09412524608616
11,229,144,2,15.9,14.980337990706
11,229,144,3,8.75,9.34640375534327
11,229,144,4,9.15,11.244998888394786
11,229,144,5,23.75,26.753996258306415
7,16,23,9,79.25,62.83970836476265
11,229,144,0,44.15,30.772980287737386
11,229,144,1,23.75,20.81718672534535
11,229,144,2,11.25,10.666598135744765
11,229,144,3,6.5,4.430753767404416
11,229,144,4,8.4,8.75033833932332
11,229,144,5,14.7,14.928249447907392
7,14,23,9,79.8,74.73222372683617
11,458,144,0,26.9,27.177583642251545
11,458,144,1,21.55,24.416290937771336
11,458,144,2,13.5,23.306877232177403
11,458,144,3,5.05,5.384920465619955
11,458,144,4,4.65,4.183614654691248
11,458,144,5,26.35,30.534320638293316
7,14,23,9,54.7,64.12742249451067
11,458,144,0,39.75,40.57335786474978
11,458,144,1,17.9,19.322471237831927
11,458,144,2,11.2,11.998245485771747
11,458,144,3,12.35,17.372922064311222
11,458,144,4,7.4,9.05770971400375
11,458,144,5,33.45,52.5982539233906
7,14,23,9,84.5,67.96477415776344
12,291,144,0,22.9,14.074613203996238
12,291,144,1,10.35,8.815506672604634
12,291,144,2,12.6,15.8791488569461
12,291,144,3,8.0,13.086755055961614
12,291,144,4,9.4,17.1721929445926
12,291,144,5,21.55,27.015541336131143
7,14,23,9,57.35,62.76964989044006
12,291,144,0,28.0,23.10388438518966
12,291,144,1,18.85,19.652976204234577
12,291,144,2,14.55,18.411881175508725
12,291,144,3,20.3,25.59625795018935
12,291,144,4,14.4,17.67067150899895
12,291,144,5,27.15,31.1875059329179
12,597,144,0,39.65,33.46997869261662
12,597,144,1,13.2,13.938209505188473
12,597,144,2,13.35,20.37613413052788
12,597,144,3,8.55,11.874231277057586
12,597,144,4,5.95,6.082546211994828
12,597,144,5,13.75,18.55822983845286
7,14,23,9,84.45,93.34625693733265
12,597,144,0,29.7,26.592638474822905
12,597,144,1,12.05,14.474932960484699
12,597,144,2,12.95,11.50045765679738
12,597,144,3,13.05,17.77779513888041
12,597,144,4,5.85,5.441313695868131
12,597,144,5,27.25,31.708997560878355
7,14,23,9,62.15,84.092226939111
7,12,23,9,52.65,63.80337806598941
12,27,144,0,34.35,41.687149351480386
12,27,144,1,18.8,26.595607076911662
12,27,144,2,14.65,14.80851462041882
12,27,144,3,13.45,17.697680490302734
12,27,144,4,7.1,7.806205358896419
12,27,144,5,28.0,29.314986287778332
12,27,144,0,34.95,32.55355910689821
12,27,144,1,14.25,15.147954525802799
12,27,144,2,10.5,14.883760136117274
12,27,144,3,7.2,9.451260010679723
12,27,144,4,9.95,16.693758682434833
12,27,144,5,8.05,9.355409355582808
7,12,23,9,79.8,72.3664650453364
12,350,144,0,37.1,39.155425785209545
12,350,144,1,14.4,13.414053902726915
12,350,144,2,14.05,18.141186057668538
12,350,144,3,14.8,17.185060831707105
12,350,144,4,7.55,9.040697457957311
12,350,144,5,19.6,22.704972791740673
7,12,23,9,66.0,67.37795985100922
12,350,144,0,36.65,32.91979887385001
12,350,144,1,15.5,19.808291724745764
12,350,144,2,13.05,15.809640629758325
12,350,144,3,10.6,13.51178822556924
12,350,144,4,13.15,13.184021429466489
12,350,144,5,33.05,34.02858705327192
7,12,23,9,87.1,80.83244528360079
12,328,144,0,35.55,33.24308396612666
12,328,144,1,15.35,18.638598885674124
12,328,144,2,8.2,9.180069945840627
12,328,144,3,7.8,10.190811134495005
12,328,144,4,5.9,4.908639000996637
12,328,144,5,20.7,28.67256161339067
12,328,144,0,34.8,38.7211352595643
12,328,144,1,21.35,32.272319897691695
12,328,144,2,8.9,10.871982339941507
12,328,144,3,8.65,10.839863079345022
12,328,144,4,8.7,9.061776286892334
12,328,144,5,20.7,33.87142872998608
7,12,23,9,81.4,73.71666954238405
12,56,144,0,31.7,27.894726911616903
12,56,144,1,25.45,38.37690506157659
12,56,144,2,6.65,6.393047210179113
12,56,144,3,5.15,4.439950213092129
12,56,144,4,6.35,9.772544785210625
12,56,144,5,34.6,52.13282630883701
7,12,23,9,87.85,66.98411044890855
12,56,144,0,37.1,30.557796834333804
12,56,144,1,10.9,12.104370676482285
12,56,144,2,21.05,40.25768968715627
12,56,144,3,14.9,23.289708592332993
12,56,144,4,5.95,6.908994899861759
12,56,144,5,35.05,50.47717045201826
7,15,23,9,82.65,80.63842299523158
12,222,144,0,26.25,30.845753780962944
12,222,144,1,18.25,21.584290095978798
12,222,144,2,13.95,26.009057126923672
12,222,144,3,9.25,12.186597469955954
12,222,144,4,7.2,6.740295167673922
12,222,144,5,32.7,36.103797729966246
7,15,23,9,94.9,81.10934789399724
12,222,144,0,29.05,34.03168028701925
12,222,144,1,20.85,25.354901944822796
12,222,144,2,13.35,15.242858552191098
12,222,144,3,11.8,12.82103534697651
12,222,144,4,8.5,20.851606021700356
12,222,144,5,22.5,36.707234336457155
7,15,23,9,107.45,81.41348330072786
12,488,144,0,39.4,41.294067370507356
12,488,144,1,12.0,19.153122598238593
12,488,144,2,15.2,20.567219703104975
12,488,144,3,12.05,20.15329410190539
12,488,144,4,8.1,12.460041395555129
12,488,144,5,33.6,47.7167078760293
12,488,144,0,36.4,30.72012883744913
12,488,144,1,26.55,36.62969028706516
12,488,144,2,12.65,10.554495176040048
12,488,144,3,12.5,14.376515938373796
12,488,144,4,9.85,9.10335392213106
12,488,144,5,21.7,29.53338877663007
7,15,23,9,92.25,84.36254781408756
12,549,144,0,28.1,21.339116540682795
12,549,144,1,15.2,20.803845798313347
12,549,144,2,13.4,21.89784896910389
12,549,144,3,13.75,26.81883666380777
12,549,144,4,6.4,5.413433583031636
12,549,144,5,8.05,6.886103473854541
8,8,23,8,56.5,51.68477328453404
12,549,144,0,22.1,24.473186186217422
12,549,144,1,16.05,26.660585929518938
12,549,144,2,20.95,40.622103135582414
12,549,144,3,17.7,24.443490146178302
12,549,144,4,9.4,8.768364187595985
12,549,144,5,12.85,16.300710349390815
8,8,23,8,60.25,43.07383501800014
8,9,23,8,60.9,52.87313515437336
12,225,144,0,44.95,38.69105023672855
12,225,144,1,10.3,11.832604375867108
12,225,144,2,9.0,12.748580932381206
12,225,144,3,6.85,9.691423229357303
12,225,144,4,8.3,10.558608361252718
12,225,144,5,31.15,50.78154969547192
8,9,23,8,59.45,50.166538438957176
12,225,144,0,35.05,32.16155763444433
12,225,144,1,16.2,21.020290948960422
12,225,144,2,6.6,6.6601722753125605
12,225,144,3,12.8,24.427335852321377
12,225,144,4,14.05,24.038291821263222
12,225,144,5,31.25,41.24238366688225
8,11,23,8,51.95,55.053538535349
12,222,144,0,14.65,15.020249489833454
12,222,144,1,13.55,10.590338198466315
12,222,144,2,13.95,13.44961357300491
12,222,144,3,7.4,7.221313483089668
12,222,144,4,7.55,12.006467555359267
12,222,144,5,16.25,16.691866913339307
8,11,23,8,38.15,46.69528884159515
12,222,144,0,25.25,27.567858859644197
12,222,144,1,13.2,13.617326424352486
12,222,144,2,8.05,6.41933756215095
12,222,144,3,8.95,11.896372733338776
12,222,144,4,7.9,11.392056327477539
12,222,144,5,17.65,19.580535447761704
8,9,23,8,81.35,58.27636064929172
12,291,144,0,29.0,30.48209137734552
12,291,144,1,22.95,21.634463247328323
12,291,144,2,7.2,8.426774371952146
12,291,144,3,9.6,12.795558439922567
12,291,144,4,8.1,8.955445270895245
12,291,144,5,25.95,35.160496673337676
12,291,144,0,43.05,32.589108610086285
12,291,144,1,14.5,16.230251157378277
12,291,144,2,8.2,8.4579455014361
12,291,144,3,8.1,10.532655985327878
12,291,144,4,6.0,8.741913556629289
12,291,144,5,34.85,53.65707389475658
8,9,23,8,86.65,78.14579828419238
8,10,23,8,42.65,32.80608897269241
12,34,144,0,32.05,16.20745442527507
12,34,144,1,17.65,24.00279588977742
12,34,144,2,7.3,7.4980699270931686
12,34,144,3,7.8,5.827340279822529
12,34,144,4,8.7,12.823087730627456
12,34,144,5,29.05,34.64933355476659
8,10,23,8,48.5,51.764141215608646
12,34,144,0,31.75,31.74880851473427
12,34,144,1,25.4,35.37528128956418
12,34,144,2,16.45,17.84870627775228
12,34,144,3,10.1,16.482526633090156
12,34,144,4,11.15,17.05494217614293
12,34,144,5,17.95,17.96333986059854
8,8,23,8,77.35,67.58641641787591
12,56,144,0,35.1,32.52836818597123
12,56,144,1,23.25,34.22045402510333
12,56,144,2,13.65,19.386036754649766
12,56,144,3,10.5,14.013151717320113
12,56,144,4,6.85,5.314082581613738
12,56,144,5,26.1,44.96653726588485
8,8,23,8,94.35,68.40842899741769
12,56,144,0,40.7,34.83812189028142
12,56,144,1,15.75,13.190407200130826
12,56,144,2,11.05,16.401139241560404
12,56,144,3,14.65,29.54260972686205
12,56,144,4,11.6,24.321097620660215
12,56,144,5,25.15,29.603120390291718
12,529,144,0,28.0,20.437323957072163
12,529,144,1,19.25,28.202043598964504
12,529,144,2,13.2,16.18511336805653
12,529,144,3,9.45,12.69262114690844
12,529,144,4,8.5,9.880869341680844
12,529,144,5,13.25,15.754280955380114
8,9,23,8,75.65,49.282509975382595
8,9,23,8,50.1,41.66773331968035
12,529,144,0,34.8,35.49736832350726
12,529,144,1,27.1,33.07232902848575
12,529,144,2,16.25,21.405545272686993
12,529,144,3,10.35,17.177938728129412
12,529,144,4,6.25,4.037651740671472
12,529,144,5,28.15,35.97407692389502
12,246,144,0,28.6,28.80862443965805
12,246,144,1,15.35,21.793951357876196
12,246,144,2,6.1,6.797058187186572
12,246,144,3,3.85,3.2488864489074927
12,246,144,4,8.0,9.352736723041353
12,246,144,5,7.5,8.964843615626073
8,7,23,8,76.3,71.03601755077268
12,246,144,0,38.2,28.348582067947557
12,246,144,1,14.1,15.976627666029753
12,246,144,2,8.85,8.591764722839631
12,246,144,3,16.3,38.761212299763905
12,246,144,4,4.9,5.830049200839605
12,246,144,5,11.2,13.391277601090707
8,7,23,8,84.05,44.96955110200445
12,525,144,0,29.45,22.0154849809712
12,525,144,1,15.15,23.837774092482096
12,525,144,2,13.6,16.15516863682365
12,525,144,3,13.6,17.092318988980182
12,525,144,4,12.7,26.20787346541011
12,525,144,5,38.35,48.87823215857309
8,8,23,8,81.55,64.6557483095949
12,525,144,0,26.25,21.581851537564464
12,525,144,1,10.35,9.097570525897792
12,525,144,2,18.4,22.03203409392309
12,525,144,3,8.65,14.553982996164025
12,525,144,4,7.15,7.058216563171718
12,525,144,5,10.75,12.259797371039515
8,8,23,8,70.95,70.53963051848379
12,29,144,0,28.5,30.701448620031286
12,29,144,1,19.65,32.105541413807124
12,29,144,2,9.25,8.038558393930566
12,29,144,3,12.75,14.018315087582277
12,29,144,4,7.4,8.647482140393299
12,29,144,5,24.35,36.34378973953568
8,8,23,8,79.4,57.248672703529024
12,29,144,0,26.4,19.69878436003496
12,29,144,1,22.3,29.16937832006276
12,29,144,2,9.9,12.34546582012155
12,29,144,3,8.0,9.765675657763346
12,29,144,4,17.8,20.7759982976308
12,29,144,5,35.5,42.2729227756965
8,8,23,8,75.05,72.49862067653426
12,334,144,0,37.8,35.3040925016976
12,334,144,1,23.95,41.74291619702172
12,334,144,2,16.85,23.118174668429166
12,334,144,3,11.45,11.306611945415414
12,334,144,4,9.95,13.67854639861076
12,334,144,5,23.2,33.4217074117375
8,7,23,8,79.15,52.385489151903606
12,334,144,0,38.3,39.84720818325921
12,334,144,1,18.0,25.51779564807356
12,334,144,2,14.6,22.13213905042548
12,334,144,3,10.75,21.190551519113665
12,334,144,4,4.35,4.648429276308515
12,334,144,5,36.2,43.78728486432418
8,7,23,8,67.25,51.75435399939542
12,25,144,0,30.85,29.27235987465956
12,25,144,1,13.5,16.82260384126072
12,25,144,2,18.15,18.030018828258843
12,25,144,3,18.65,29.068476323837025
12,25,144,4,7.35,11.398407090928377
12,25,144,5,27.35,29.354951164918276
8,9,23,8,97.9,62.76849695927341
12,25,144,0,37.4,33.86257054936211
12,25,144,1,12.25,12.544132618794125
12,25,144,2,13.65,26.061213365944095
12,25,144,3,9.9,14.249284377229541
12,25,144,4,8.1,9.244628596906253
12,25,144,5,14.3,19.15064929502529
13,598,144,0,30.45,32.4450547687528
13,598,144,1,21.45,27.808508731946358
13,598,144,2,12.7,21.83936571278667
13,598,144,3,6.05,4.925497570376974
13,598,144,4,11.2,12.103066162188645
13,598,144,5,14.1,17.182916853053424
8,9,23,8,93.45,102.37828460125094
13,598,144,0,23.7,24.085592985718336
13,598,144,1,26.8,40.35187336680326
13,598,144,2,19.45,25.984762741592277
13,598,144,3,7.7,7.226413538649649
13,598,144,4,8.05,8.127115109311545
13,598,144,5,25.5,31.905287468083603
8,9,23,8,88.05,69.28998940380167
13,273,144,0,30.4,31.308986434871176
13,273,144,1,10.3,12.748993768343569
13,273,144,2,18.75,36.591449964798
13,273,144,3,11.45,22.938074530306476
13,273,144,4,6.6,8.641393649783947
13,273,144,5,11.85,13.569606130109884
8,9,23,8,66.9,60.58478183070138
13,273,144,0,35.1,33.74033974807885
13,273,144,1,16.55,17.455130447732795
13,273,144,2,11.5,11.408676292052558
13,273,144,3,13.65,23.769230441675507
13,273,144,4,10.0,8.867444893957245
13,273,144,5,18.9,26.291683696160415
8,9,23,8,59.8,48.46224792231795
13,93,144,0,40.85,38.27775910506339
13,93,144,1,16.65,22.824905603079145
13,93,144,2,7.95,6.652858507122293
13,93,144,3,10.5,12.634539126828821
13,93,144,4,5.8,4.807888255116191
13,93,144,5,13.7,20.958856939502365
8,9,23,8,66.0,57.77633826366893
13,93,144,0,23.4,25.654383025538785
13,93,144,1,25.75,37.72459061198816
13,93,144,2,14.9,17.468467832670747
13,93,144,3,9.25,9.452791289238048
13,93,144,4,9.05,11.413173367463996
13,93,144,5,10.65,11.44448844594959
8,8,23,8,77.95,52.764097642241545
13,117,144,0,26.35,19.1868238780241
13,117,144,1,19.0,18.932011320289742
13,117,144,2,16.35,13.619935079836003
13,117,144,3,16.7,20.233115117757354
13,117,144,4,20.05,33.39945634603244
13,117,144,5,19.85,23.87086971713917
13,117,144,0,42.85,34.48000946391371
13,117,144,1,20.25,23.377620877555888
13,117,144,2,18.35,21.79153626139238
13,117,144,3,11.8,14.540687017722664
13,117,144,4,6.5,5.762857478351298
13,117,144,5,21.9,29.646869010154568
8,8,23,8,90.45,75.01331460761517
13,259,144,0,41.0,35.76973139695804
13,259,144,1,17.4,28.439039142847655
13,259,144,2,9.15,11.851160280748886
13,259,144,3,7.15,4.591468060149
13,259,144,4,7.15,5.760802210218916
13,259,144,5,8.0,11.154418525032085
8,8,23,8,75.05,90.62210430945467
13,259,144,0,23.95,23.46211952555819
13,259,144,1,18.9,23.0626149975738
13,259,144,2,15.0,29.785195898916665
13,259,144,3,13.85,17.02096230812867
13,259,144,4,5.55,5.853249210121629
13,259,144,5,11.4,16.158426187042636
13,36,144,0,20.45,19.768329269446703
13,36,144,1,23.0,29.850504712298374
13,36,144,2,11.3,13.879557098955207
13,36,144,3,6.6,9.427842304913451
13,36,144,4,4.7,4.5084715580198225
13,36,144,5,12.45,21.313388428773813
8,8,23,8,62.8,61.677087787076466
8,9,23,8,53.1,55.73423780009819
13,36,144,0,26.25,21.88697040899472
13,36,144,1,21.75,20.33114023260611
13,36,144,2,16.55,17.16322568136519
13,36,144,3,14.5,17.47931107880038
13,36,144,4,11.25,12.164984262433848
13,36,144,5,20.35,31.85373645768718
8,9,23,8,66.45,45.19719949405342
13,24,144,0,34.15,36.449352026584705
13,24,144,1,14.7,12.695212524909993
13,24,144,2,13.25,15.603221664636743
13,24,144,3,16.15,21.612070214289243
13,24,144,4,13.95,17.895824270365125
13,24,144,5,9.1,10.381663998050652
8,11,23,8,61.0,69.40498996166593
13,24,144,0,25.35,20.848513767551623
13,24,144,1,18.75,19.936412072280945
13,24,144,2,14.1,16.647743643540785
13,24,144,3,9.25,9.233092656309694
13,24,144,4,8.1,8.866851336950392
13,24,144,5,20.05,43.020772216514935
8,11,23,8,65.0,56.61597319708134
13,112,144,0,32.6,35.387181741118454
13,112,144,1,15.95,26.017150214102198
13,112,144,2,11.3,16.88381348791608
13,112,144,3,9.9,21.272418514914666
13,112,144,4,8.55,15.902581716914957
13,112,144,5,15.2,25.560248742715196
8,9,23,8,44.6,33.25404605378673
13,112,144,0,33.6,32.079506493119645
13,112,144,1,17.8,23.915641215255803
13,112,144,2,12.4,15.938698355360076
13,112,144,3,8.4,12.432554888382017
13,112,144,4,9.2,12.898796353475042
13,112,144,5,19.25,27.445400343226915
13,78,144,0,35.05,35.833643409511126
13,78,144,1,23.75,29.275236526528875
13,78,144,2,13.2,8.618218157515294
13,78,144,3,10.3,14.924723395127046
13,78,144,4,9.9,15.175811779206235
13,78,144,5,21.15,29.36391448162541
8,9,23,8,92.05,117.75508705069089
13,78,144,0,34.9,37.89445175331358
13,78,144,1,14.05,13.398644864706517
13,78,144,2,7.65,7.336103942327398
13,78,144,3,3.9,2.5319017192200555
13,78,144,4,5.5,7.359204762529855
13,78,144,5,18.3,24.16413174847991
8,9,23,8,76.1,46.207654868225596
13,565,144,0,26.8,25.03807626711555
13,565,144,1,11.35,13.985989229827188
13,565,144,2,14.9,15.420082599273622
13,565,144,3,11.95,19.01100789155145
13,565,144,4,8.7,9.257145177758922
13,565,144,5,11.7,13.459881910798162
8,9,23,8,65.8,53.87861601004516
13,565,144,0,34.6,42.85029017895973
13,565,144,1,17.45,19.832124391873325
13,565,144,2,11.6,17.211990924322134
13,565,144,3,10.9,17.29587720877587
13,565,144,4,6.15,9.155240087110311
13,565,144,5,28.75,44.19677887762744
13,73,144,0,31.05,26.13421834341048
13,73,144,1,24.2,20.495442368847197
13,73,144,2,8.75,14.483656851412688
13,73,144,3,15.45,35.03753626281993
13,73,144,4,8.5,10.947241902102917
13,73,144,5,16.8,37.41319778395122
9,9,23,9,93.25,80.06568027497634
13,73,144,0,39.3,27.06930675915164
13,73,144,1,18.3,20.047574994444957
13,73,144,2,12.5,12.2796365452814
13,73,144,3,7.5,7.387756585623341
13,73,144,4,19.15,32.863793867543976
13,73,144,5,15.85,22.609441437268263
9,9,23,9,66.5,60.5131564642199
13,482,144,0,25.75,22.057043271815395
13,482,144,1,16.5,15.839657093577033
13,482,144,2,13.5,14.720197367097894
13,482,144,3,13.05,21.580876037045293
13,482,144,4,9.9,8.984782456435642
13,482,144,5,11.85,17.354735437489765
9,8,23,9,101.5,59.60351455550605
13,482,144,0,33.25,32.80544723702228
13,482,144,1,12.35,14.246975671681119
13,482,144,2,22.05,25.61758236672207
13,482,144,3,8.8,7.459363596390639
13,482,144,4,12.6,17.349048206867447
13,482,144,5,9.4,11.61849704928355
9,8,23,9,64.7,53.10476239918303
13,340,144,0,35.8,25.920120207648484
13,340,144,1,20.8,22.077852679718838
13,340,144,2,10.45,9.4950125412184
13,340,144,3,15.9,21.824418964955164
13,340,144,4,9.1,18.203238578254204
13,340,144,5,14.9,22.491869876164497
9,6,23,9,29.9,38.077345108690494
13,340,144,0,33.9,28.953501742585384
13,340,144,1,10.6,9.377464588323603
13,340,144,2,7.6,9.511212220045184
13,340,144,3,8.35,10.633982271349169
13,340,144,4,6.9,9.430633176264633
13,340,144,5,29.25,37.45716852198268
9,6,23,9,61.1,58.02984712968609
13,92,144,0,24.95,21.886008508201137
13,92,144,1,7.15,9.71312188959375
13,92,144,2,12.75,29.35244094574903
13,92,144,3,5.05,7.408920654397501
13,92,144,4,3.0,4.039280811442082
13,92,144,5,5.6,10.495111644048988
13,92,144,0,26.55,29.09779336904035
13,92,144,1,17.05,26.120117272244197
13,92,144,2,13.95,24.99573647855296
13,92,144,3,7.15,7.393275750017002
13,92,144,4,7.35,6.037383539249431
13,92,144,5,10.65,13.57736118846756
9,11,23,9,79.45,64.09407148871102
13,348,144,0,36.4,32.46439345044449
13,348,144,1,20.1,31.667516147424138
13,348,144,2,13.55,17.0956288657595
13,348,144,3,15.7,31.81211288669443
13,348,144,4,18.35,31.853736457687184
13,348,144,5,12.1,17.579593432817436
9,11,23,9,49.4,43.1635811401476
13,348,144,0,27.45,34.05641604285763
13,348,144,1,14.0,16.01972468388169
13,348,144,2,8.85,10.439172179319282
13,348,144,3,5.95,9.511627233632474
13,348,144,4,5.3,7.448772417406494
13,348,144,5,10.15,13.51519612568717
9,9,23,9,74.0,74.46511016294106
13,716,144,0,31.75,27.797907910677853
13,716,144,1,16.2,22.883227597154164
13,716,144,2,7.35,7.768187487574258
13,716,144,3,10.15,13.925648430522953
13,716,144,4,9.35,11.202795703704828
13,716,144,5,14.7,24.25109872714398
9,9,23,9,46.05,47.852267173919884
13,716,144,0,32.25,31.545914740931273
13,716,144,1,17.05,23.4957442955102
13,716,144,2,7.4,8.0616049074741
13,716,144,3,7.8,8.307257448507869
13,716,144,4,8.15,11.370668637470617
13,716,144,5,10.25,17.093781571701815
9,10,23,9,61.75,67.92323453335894
13,194,144,0,34.35,29.65995883164265
13,194,144,1,12.95,20.045934093581437
13,194,144,2,16.0,23.834958845315732
13,194,144,3,18.95,34.35798382663888
13,194,144,4,16.65,27.325089685411637
13,194,144,5,28.8,33.149740016445
9,10,23,9,67.65,51.603013987862944
13,194,144,0,33.65,43.01073917303127
13,194,144,1,10.1,14.399926900399254
13,194,144,2,6.65,8.16458978245628
13,194,144,3,8.0,18.879116839290415
13,194,144,4,10.65,19.0823009756768
13,194,144,5,20.1,35.79164854073025
13,768,144,0,22.4,31.07952448325526
13,768,144,1,13.2,15.205954512347423
13,768,144,2,20.2,28.044325816933377
13,768,144,3,9.75,10.871861313549426
13,768,144,4,8.45,12.613589163237693
13,768,144,5,17.2,24.63544728958447
9,8,23,9,108.15,103.3717232026957
13,768,144,0,36.1,31.565971018104122
13,768,144,1,13.45,14.035575101186721
13,768,144,2,16.1,26.59026335452806
13,768,144,3,8.1,11.74241076297009
13,768,144,4,9.5,20.43088477358675
13,768,144,5,7.25,8.692858532938645
13,107,144,0,35.75,27.723968349654264
13,107,144,1,18.9,18.555464509353968
13,107,144,2,10.45,13.736141341270788
13,107,144,3,10.05,13.628433898519514
13,107,144,4,10.45,15.031458240706563
13,107,144,5,8.35,9.626033779069626
9,8,23,9,75.5,76.90424668309765
13,107,144,0,27.9,22.538621823088707
13,107,144,1,32.0,49.69697650445357
13,107,144,2,11.1,11.907096512938034
13,107,144,3,10.75,16.153458159982826
13,107,144,4,9.65,16.48691666299771
13,107,144,5,16.2,25.77759124756066
9,9,23,9,74.55,62.543016775403636
9,9,23,9,53.5,38.746816507600776
13,397,144,0,35.7,63.164863650608794
13,397,144,1,22.05,29.348137213369043
13,397,144,2,22.6,22.072607458114227
13,397,144,3,8.9,9.28439551074813
13,397,144,4,10.7,11.318824562368842
13,397,144,5,21.3,49.248136486251134
13,397,144,0,24.7,26.89374805062556
13,397,144,1,15.4,29.200576778730355
13,397,144,2,11.6,15.792736504981947
13,397,144,3,9.75,19.188469673766395
13,397,144,4,5.0,6.496962853194519
13,397,144,5,10.9,20.46023100142271
9,9,23,9,87.45,71.71762977854631
14,636,144,0,32.05,30.848483712630365
14,636,144,1,13.75,20.04698428560686
14,636,144,2,10.05,13.260447718090461
14,636,144,3,12.6,18.846750383023593
14,636,144,4,4.9,4.25379087898139
14,636,144,5,19.25,23.966808188343354
9,9,23,9,74.15,54.19484826943764
14,636,144,0,28.75,31.894356867634123
14,636,144,1,18.6,27.959369016297092
14,636,144,2,11.7,13.424643482475762
14,636,144,3,8.4,8.90535025464438
14,636,144,4,8.1,9.502908142137054
14,636,144,5,13.15,13.083838966651308
9,7,23,9,58.5,42.7076968288042
14,438,144,0,31.8,31.364747223930447
14,438,144,1,23.45,28.77768689728024
14,438,144,2,11.45,14.601640138588614
14,438,144,3,12.25,16.081617488692842
14,438,144,4,5.75,3.7398986758016797
14,438,144,5,23.6,30.587923313484016
14,438,144,0,31.65,36.85572868418294
14,438,144,1,15.0,17.49887214410659
14,438,144,2,8.45,10.143574580154567
14,438,144,3,7.95,7.625959818796237
14,438,144,4,11.65,18.359781560448056
14,438,144,5,17.5,29.26197460689789
9,7,23,9,82.55,45.856153808461336
14,837,144,0,29.15,28.105581015352207
14,837,144,1,6.75,8.729110402615644
14,837,144,2,8.2,12.111760270171517
14,837,144,3,20.8,38.71297891976417
14,837,144,4,8.05,11.23657093226352
14,837,144,5,9.55,17.889941307897015
9,9,23,9,65.9,49.83541332278315
9,9,23,9,41.1,55.51377259174898
14,837,144,0,29.1,30.659247767748816
14,837,144,1,28.7,40.67599835413094
14,837,144,2,12.75,14.096938824103846
14,837,144,3,15.6,20.954587489189695
14,837,144,4,9.0,9.324557277482542
14,837,144,5,23.45,40.536500770747864
14,250,144,0,41.55,38.57797981123155
14,250,144,1,14.05,21.59550391803081
14,250,144,2,10.9,15.572918463591986
14,250,144,3,6.7,6.673592893281936
14,250,144,4,6.75,7.41885932500479
14,250,144,5,7.6,8.469139022915712
9,11,23,9,62.25,65.63525609080278
14,250,144,0,57.45,29.863681515918472
14,250,144,1,18.7,25.041229161020368
14,250,144,2,7.45,8.369587803470372
14,250,144,3,12.45,19.3920086633644
14,250,144,4,7.0,8.429272304235246
14,250,144,5,9.4,13.08836365470851
9,11,23,9,83.3,72.12861319965373
14,312,144,0,26.55,22.94036892283534
14,312,144,1,16.3,22.452523009089294
14,312,144,2,11.15,8.886861976506312
14,312,144,3,7.8,7.251860015486408
14,312,144,4,7.95,10.49047186736612
14,312,144,5,20.9,23.30552227308053
9,11,23,9,55.75,62.04402087482556
14,312,144,0,37.95,35.439310614656506
14,312,144,1,15.15,17.144202641433235
14,312,144,2,10.25,12.383669212228448
14,312,144,3,12.25,20.57048217330127
14,312,144,4,7.55,9.219401738781785
14,312,144,5,20.1,32.3710396886834
9,11,23,9,48.65,56.256251114642225
14,192,144,0,16.9,18.226354544998845
14,192,144,1,17.9,19.838558945967613
14,192,144,2,17.75,22.88615991793891
14,192,144,3,6.45,4.795557154393285
14,192,144,4,6.7,6.061960773631963
14,192,144,5,17.45,36.72440032114028
9,10,23,9,55.9,68.498098321663
14,192,144,0,29.05,26.28282408922723
14,192,144,1,20.75,20.945731885291725
14,192,144,2,12.65,22.58848099550323
14,192,144,3,11.65,17.61062777206752
14,192,144,4,15.05,21.38242022636451
14,192,144,5,11.0,11.995613233265953
9,10,23,9,61.3,45.209570481900116
14,644,144,0,35.25,23.603913591650546
14,644,144,1,20.8,18.08925240665238
14,644,144,2,6.65,5.431632496676057
14,644,144,3,14.5,18.222311367632464
14,644,144,4,8.6,16.753318602907495
14,644,144,5,8.8,14.406139042271636
9,11,23,9,70.2,82.15236166000214
14,644,144,0,36.55,37.543623749053936
14,644,144,1,20.75,24.597550156147875
14,644,144,2,11.35,11.287044273017301
14,644,144,3,15.75,25.24172610662958
14,644,144,4,19.3,26.173711198352
14,644,144,5,17.75,23.905240561763637
14,304,144,0,22.1,21.894243415492625
14,304,144,1,6.75,6.323515011863509
14,304,144,2,21.4,27.778067834742917
14,304,144,3,10.7,12.152972345977968
14,304,144,4,14.85,25.348673794853546
14,304,144,5,13.75,17.50751718247727
9,11,23,9,78.6,68.88617613975894
14,304,144,0,29.6,27.800795141979588
14,304,144,1,15.4,23.396805899861402
14,304,144,2,12.25,13.718504598572421
14,304,144,3,9.4,10.215571189945381
14,304,144,4,7.5,7.570719217728538
14,304,144,5,14.25,14.333894317867333
14,519,144,0,22.4,18.13806697760846
14,519,144,1,11.35,18.169595772232135
14,519,144,2,11.8,10.86084226645623
14,519,144,3,11.45,20.912033805795577
14,519,144,4,6.55,6.62113839790489
14,519,144,5,17.95,27.90675262557905
9,8,23,9,70.35,90.1100350740839
14,519,144,0,32.95,24.660804187169052
14,519,144,1,21.0,18.507466487595586
14,519,144,2,14.65,16.086198726662687
14,519,144,3,13.55,14.80567103298064
14,519,144,4,10.45,9.875408052861731
14,519,144,5,24.9,33.58868857219645
9,8,23,9,63.7,64.17418730135563
14,649,144,0,29.65,37.44508259473219
14,649,144,1,12.6,14.29538018860786
14,649,144,2,9.85,12.270096297824836
14,649,144,3,13.0,27.67290143234371
14,649,144,4,5.25,4.482421807813037
14,649,144,5,16.65,24.512671266746484
9,11,23,9,83.05,84.44897244708442
14,649,144,0,22.4,24.525818833908158
14,649,144,1,12.85,15.29800468585433
14,649,144,2,14.1,23.583892808440254
14,649,144,3,10.15,14.25436221320558
14,649,144,4,12.25,24.176706928255072
14,649,144,5,10.3,11.653325705565772
14,801,144,0,32.2,33.270185799870355
14,801,144,1,11.5,16.07384275936005
14,801,144,2,15.55,20.89692750017017
14,801,144,3,10.7,22.932624428047802
14,801,144,4,11.85,15.065733164684474
14,801,144,5,14.45,17.046299181625134
9,11,23,9,60.75,66.55340158968508
14,801,144,0,29.25,25.120499073151603
14,801,144,1,32.45,34.20291615760578
14,801,144,2,11.45,14.12155873310845
14,801,144,3,7.75,10.992222130598574
14,801,144,4,4.55,5.4238750955964665
14,801,144,5,27.25,47.21047497503516
9,11,23,9,81.05,83.27031125702669
14,142,144,0,29.9,28.345425696128412
14,142,144,1,24.1,27.615594374041255
14,142,144,2,8.15,6.3683014342833
14,142,144,3,6.1,7.159094326725089
14,142,144,4,5.4,4.272309864575294
14,142,144,5,7.05,8.550007694671821
14,142,144,0,31.2,30.22825447195145
14,142,144,1,20.55,25.415442881093085
14,142,144,2,12.3,16.980174197854204
14,142,144,3,10.3,18.081977069359482
14,142,144,4,8.3,5.639148871948674
14,142,144,5,9.5,12.52576292455295
9,11,23,9,96.7,108.33335492577383
14,739,144,0,39.2,31.683633497106154
14,739,144,1,16.6,20.793217517662875
14,739,144,2,14.3,15.448045354126776
14,739,144,3,14.4,16.775295118589998
14,739,144,4,8.9,13.31362578634939
14,739,144,5,9.0,12.769206380153285
9,9,23,9,83.8,68.00433422719622
14,739,144,0,24.4,23.9240024815423
14,739,144,1,9.45,8.822668172622755
14,739,144,2,11.55,12.487783503973205
14,739,144,3,15.35,18.739979778678077
14,739,144,4,10.9,16.641419473868904
14,739,144,5,17.65,26.95859398176552
9,9,23,9,60.15,38.25300125824323
14,683,144,0,40.9,40.313116580352016
14,683,144,1,15.35,14.35004126163149
14,683,144,2,9.1,9.596600275207116
14,683,144,3,19.6,28.49635249050583
14,683,144,4,9.2,7.990784165458817
14,683,144,5,12.95,14.532993316479649
9,11,23,9,70.0,65.89704889167328
14,683,144,0,27.3,25.447779346815523
14,683,144,1,17.1,18.43594886427915
14,683,144,2,12.6,14.594158889234093
14,683,144,3,12.1,15.88743296809744
14,683,144,4,6.8,5.386142062347545
14,683,144,5,11.2,14.584057626123988
14,419,144,0,24.05,20.56945870894388
14,419,144,1,16.05,24.044859391518486
14,419,144,2,10.15,19.497030813083203
14,419,144,3,7.1,7.5246961820115335
14,419,144,4,14.9,22.643460773244747
14,419,144,5,10.7,13.038808469940397
9,11,23,9,76.85,65.69248535090561
14,419,144,0,28.2,28.649607327151973
14,419,144,1,14.4,14.922254662433767
14,419,144,2,17.9,24.481787000479397
14,419,144,3,9.65,14.187744897028487
14,419,144,4,7.1,7.765646345146987
14,419,144,5,16.35,15.43841756275899
14,680,144,0,38.9,31.126059483130344
14,680,144,1,15.0,20.581033680756196
14,680,144,2,10.95,15.367344050222037
14,680,144,3,16.4,27.814044161746395
14,680,144,4,6.65,7.862469144780893
14,680,144,5,34.05,62.58507893470422
14,680,144,0,32.25,35.24482044813185
14,680,144,1,22.85,30.885654990796723
14,680,144,2,18.3,32.08393597064458
14,680,144,3,10.7,13.357828376924463
14,680,144,4,13.55,26.384754369860914
14,680,144,5,23.55,28.448429796646717
14,753,144,0,31.15,23.013211308655777
14,753,144,1,15.9,17.51961306950765
14,753,144,2,6.3,4.206511243549133
14,753,144,3,4.75,3.8780760286784637
14,753,144,4,6.1,6.488045687424315
14,753,144,5,13.3,17.103708431368418
14,753,144,0,28.6,46.27082745839121
14,753,144,1,11.7,14.491739934037922
14,753,144,2,4.45,4.7292482990094955
14,753,144,3,9.3,13.807320712692881
14,753,144,4,3.85,2.8335397241649978
14,753,144,5,17.85,22.734798275585792
14,589,144,0,43.95,29.451968033607386
14,589,144,1,13.95,17.804419912511968
14,589,144,2,7.35,8.151686941977102
14,589,144,3,12.6,23.773935307390744
14,589,144,4,6.95,7.996545306699966
14,589,144,5,20.65,32.29351409542757
14,589,144,0,46.35,49.60928924049778
14,589,144,1,7.75,8.315331433088236
14,589,144,2,4.75,4.327087266340524
14,589,144,3,9.15,15.152818046054737
14,589,144,4,6.4,8.653566347253356
14,589,144,5,17.5,18.779888458835845
14,480,144,0,33.25,27.988484474117115
14,480,144,1,18.85,23.445962507321745
14,480,144,2,9.35,11.439888663425835
14,480,144,3,14.1,19.455482247266044
14,480,144,4,9.5,12.458351669293553
14,480,144,5,13.8,17.120624681175748
14,480,144,0,40.05,29.308656885313813
14,480,144,1,9.6,6.730918448317046
14,480,144,2,18.85,20.243972462257293
14,480,144,3,13.15,12.209896762355054
14,480,144,4,13.15,15.72887053863222
14,480,144,5,26.6,42.01678862449853
14,323,144,0,33.0,43.497126341863094
14,323,144,1,13.4,18.05080549303461
14,323,144,2,12.5,19.797660680521137
14,323,144,3,14.0,31.387225024472013
14,323,144,4,6.65,8.591764722839631
14,323,144,5,14.35,33.13334304069892
14,323,144,0,21.9,22.634161419365526
14,323,144,1,21.45,29.9481569593716
14,323,144,2,8.0,12.187137309043239
14,323,144,3,7.6,9.292894852350484
14,323,144,4,4.25,3.4924731095675785
14,323,144,5,16.7,22.133803630598486
